R_density,P_density,S_density,R_invasion,P_invasion,S_invasion,R_age,P_age,S_age,epoch,seed,grid_dim,R_init_invasion,P_init_invasion,S_init_invasion,R_policy,P_policy,S_policy,sigma,radius
799,863,838,0.5,0.5,0.5,0.0,0.0,0.0,0,0,50,0.5,0.5,0.5,genetic,inheritance,inheritance,0.05,10
796,857,847,0.5005956166662794,0.5,0.5,1.0,1.0,1.0,1,0,50,0.5,0.5,0.5,genetic,inheritance,inheritance,0.05,10
780,857,863,0.5003580741133231,0.5,0.5,1.8615384615384616,1.8576429404900816,1.8516801853997682,2,0,50,0.5,0.5,0.5,genetic,inheritance,inheritance,0.05,10
787,849,864,0.49988661939249585,0.5,0.5,2.5768742058449807,2.614840989399293,2.6018518518518516,3,0,50,0.5,0.5,0.5,genetic,inheritance,inheritance,0.05,10
779,846,875,0.4992434809612277,0.5,0.5,3.220795892169448,3.2470449172576834,3.2445714285714287,4,0,50,0.5,0.5,0.5,genetic,inheritance,inheritance,0.05,10
777,853,870,0.500214747358788,0.5,0.5,3.797940797940798,3.832356389214537,3.8701149425287356,5,0,50,0.5,0.5,0.5,genetic,inheritance,inheritance,0.05,10
783,847,870,0.4993326049691942,0.5,0.5,4.283524904214559,4.369539551357733,4.3839080459770114,6,0,50,0.5,0.5,0.5,genetic,inheritance,inheritance,0.05,10
797,838,865,0.49964960921907714,0.5,0.5,4.6913425345043915,4.818615751789976,4.8300578034682085,7,0,50,0.5,0.5,0.5,genetic,inheritance,inheritance,0.05,10
782,848,870,0.49894875836015856,0.5,0.5,5.107416879795396,5.150943396226415,5.259770114942529,8,0,50,0.5,0.5,0.5,genetic,inheritance,inheritance,0.05,10
781,834,885,0.5007612439273131,0.5,0.5,5.47247119078105,5.607913669064748,5.5728813559322035,9,0,50,0.5,0.5,0.5,genetic,inheritance,inheritance,0.05,10
793,812,895,0.4994332691432152,0.5,0.5,5.7225725094577555,5.870689655172414,5.802234636871509,10,0,50,0.5,0.5,0.5,genetic,inheritance,inheritance,0.05,10
784,802,914,0.5015106350032044,0.5,0.5,6.108418367346939,6.139650872817955,6.074398249452954,11,0,50,0.5,0.5,0.5,genetic,inheritance,inheritance,0.05,10
798,775,927,0.5026103956371885,0.5,0.5,6.3847117794486214,6.503225806451613,6.385113268608414,12,0,50,0.5,0.5,0.5,genetic,inheritance,inheritance,0.05,10
809,753,938,0.5018610081062733,0.5,0.5,6.516687268232386,6.583001328021249,6.590618336886994,13,0,50,0.5,0.5,0.5,genetic,inheritance,inheritance,0.05,10
827,757,916,0.5013076449780353,0.5,0.5,6.536880290205563,6.734478203434611,6.896288209606987,14,0,50,0.5,0.5,0.5,genetic,inheritance,inheritance,0.05,10
846,726,928,0.5039123121763956,0.5,0.5,6.6453900709219855,6.7782369146005506,7.024784482758621,15,0,50,0.5,0.5,0.5,genetic,inheritance,inheritance,0.05,10
822,747,931,0.503897814865328,0.5,0.5,6.81265206812652,6.677376171352075,7.364124597207304,16,0,50,0.5,0.5,0.5,genetic,inheritance,inheritance,0.05,10
841,734,925,0.5064736466165208,0.5,0.5,6.969084423305588,6.836512261580381,7.583783783783784,17,0,50,0.5,0.5,0.5,genetic,inheritance,inheritance,0.05,10
868,723,909,0.5080181524525509,0.5,0.5,7.120967741935484,7.029045643153527,7.7502750275027505,18,0,50,0.5,0.5,0.5,genetic,inheritance,inheritance,0.05,10
899,720,881,0.5074720537970723,0.5,0.5,7.192436040044494,7.129166666666666,8.021566401816118,19,0,50,0.5,0.5,0.5,genetic,inheritance,inheritance,0.05,10
901,744,855,0.5067852502617868,0.5,0.5,7.122086570477247,6.974462365591398,8.209356725146199,20,0,50,0.5,0.5,0.5,genetic,inheritance,inheritance,0.05,10
902,741,857,0.508157131971198,0.5,0.5,7.440133037694014,7.12280701754386,8.347724620770128,21,0,50,0.5,0.5,0.5,genetic,inheritance,inheritance,0.05,10
907,748,845,0.5074508748358796,0.5,0.5,7.499448732083793,7.052139037433155,8.366863905325443,22,0,50,0.5,0.5,0.5,genetic,inheritance,inheritance,0.05,10
909,758,833,0.5086463892318722,0.5,0.5,7.749174917491749,7.098944591029023,8.404561824729893,23,0,50,0.5,0.5,0.5,genetic,inheritance,inheritance,0.05,10
912,768,820,0.5078976221874519,0.5,0.5,7.928728070175438,7.154947916666667,8.497560975609757,24,0,50,0.5,0.5,0.5,genetic,inheritance,inheritance,0.05,10
898,784,818,0.5085492470420964,0.5,0.5,8.184855233853007,7.223214285714286,8.618581907090464,25,0,50,0.5,0.5,0.5,genetic,inheritance,inheritance,0.05,10
904,809,787,0.5099306412919706,0.5,0.5,8.055309734513274,7.236093943139679,8.557814485387548,26,0,50,0.5,0.5,0.5,genetic,inheritance,inheritance,0.05,10
871,856,773,0.5109627813560801,0.5,0.5,8.211251435132032,7.3142523364485985,8.705045278137128,27,0,50,0.5,0.5,0.5,genetic,inheritance,inheritance,0.05,10
859,869,772,0.5120764438149331,0.5,0.5,8.238649592549477,7.33716915995397,8.778497409326425,28,0,50,0.5,0.5,0.5,genetic,inheritance,inheritance,0.05,10
833,899,768,0.5134535200375494,0.5,0.5,8.48139255702281,7.422691879866519,8.959635416666666,29,0,50,0.5,0.5,0.5,genetic,inheritance,inheritance,0.05,10
804,948,748,0.5149530991862385,0.5,0.5,8.483830845771145,7.385021097046414,8.91042780748663,30,0,50,0.5,0.5,0.5,genetic,inheritance,inheritance,0.05,10
780,972,748,0.5156608715645533,0.5,0.5,8.47948717948718,7.497942386831276,8.75,31,0,50,0.5,0.5,0.5,genetic,inheritance,inheritance,0.05,10
747,990,763,0.5157997826798694,0.5,0.5,8.364123159303881,7.528282828282828,8.526867627785059,32,0,50,0.5,0.5,0.5,genetic,inheritance,inheritance,0.05,10
742,995,763,0.5132335709668256,0.5,0.5,8.247978436657682,7.75678391959799,8.491480996068152,33,0,50,0.5,0.5,0.5,genetic,inheritance,inheritance,0.05,10
745,984,771,0.5139286948048111,0.5,0.5,8.22281879194631,7.987804878048781,8.38780804150454,34,0,50,0.5,0.5,0.5,genetic,inheritance,inheritance,0.05,10
745,981,774,0.5140170029633024,0.5,0.5,8.181208053691275,8.203873598369011,8.27390180878553,35,0,50,0.5,0.5,0.5,genetic,inheritance,inheritance,0.05,10
771,944,785,0.5126574193131358,0.5,0.5,8.088197146562905,8.498940677966102,7.742675159235668,36,0,50,0.5,0.5,0.5,genetic,inheritance,inheritance,0.05,10
782,917,801,0.5147132078685287,0.5,0.5,8.19693094629156,8.863685932388222,7.626716604244694,37,0,50,0.5,0.5,0.5,genetic,inheritance,inheritance,0.05,10
795,903,802,0.5148880647566733,0.5,0.5,8.373584905660378,9.335548172757475,7.7443890274314215,38,0,50,0.5,0.5,0.5,genetic,inheritance,inheritance,0.05,10
801,888,811,0.5133809237630356,0.5,0.5,8.398252184769039,9.449324324324325,7.593094944512947,39,0,50,0.5,0.5,0.5,genetic,inheritance,inheritance,0.05,10
826,866,808,0.5141308338834089,0.5,0.5,8.37409200968523,9.646651270207853,7.717821782178218,40,0,50,0.5,0.5,0.5,genetic,inheritance,inheritance,0.05,10
830,841,829,0.5150122568626961,0.5,0.5,8.587951807228915,9.7705112960761,7.7708082026538,41,0,50,0.5,0.5,0.5,genetic,inheritance,inheritance,0.05,10
813,836,851,0.5167436448884148,0.5,0.5,8.830258302583026,9.446172248803828,7.8002350176263215,42,0,50,0.5,0.5,0.5,genetic,inheritance,inheritance,0.05,10
809,835,856,0.5181119418787935,0.5,0.5,8.913473423980223,9.34251497005988,7.800233644859813,43,0,50,0.5,0.5,0.5,genetic,inheritance,inheritance,0.05,10
832,810,858,0.5187329297998239,0.5,0.5,8.875,9.485185185185186,7.841491841491841,44,0,50,0.5,0.5,0.5,genetic,inheritance,inheritance,0.05,10
837,796,867,0.5187803351215792,0.5,0.5,8.98446833930705,9.325376884422111,7.913494809688581,45,0,50,0.5,0.5,0.5,genetic,inheritance,inheritance,0.05,10
858,760,882,0.5167638413190015,0.5,0.5,9.122377622377622,9.313157894736841,7.880952380952381,46,0,50,0.5,0.5,0.5,genetic,inheritance,inheritance,0.05,10
885,737,878,0.5160175133392605,0.5,0.5,9.109604519774011,9.2157394843962,7.784738041002278,47,0,50,0.5,0.5,0.5,genetic,inheritance,inheritance,0.05,10
889,741,870,0.5149603579675893,0.5,0.5,9.13273340832396,9.029689608636977,7.971264367816092,48,0,50,0.5,0.5,0.5,genetic,inheritance,inheritance,0.05,10
866,743,891,0.5157928794075479,0.5,0.5,9.21824480369515,8.711978465679676,8.171717171717171,49,0,50,0.5,0.5,0.5,genetic,inheritance,inheritance,0.05,10
845,768,887,0.5165879974672493,0.5,0.5,9.364497041420119,8.270833333333334,8.335963923337092,50,0,50,0.5,0.5,0.5,genetic,inheritance,inheritance,0.05,10
857,780,863,0.5165407914781697,0.5,0.5,9.008168028004668,7.96025641025641,8.514484356894554,51,0,50,0.5,0.5,0.5,genetic,inheritance,inheritance,0.05,10
847,784,869,0.5154441356499558,0.5,0.5,9.056670602125148,7.829081632653061,8.597238204833141,52,0,50,0.5,0.5,0.5,genetic,inheritance,inheritance,0.05,10
836,815,849,0.5158236221994069,0.5,0.5,8.874401913875598,7.795092024539877,8.955241460541814,53,0,50,0.5,0.5,0.5,genetic,inheritance,inheritance,0.05,10
828,831,841,0.5161124345346336,0.5,0.5,8.879227053140097,7.651022864019254,9.074910820451842,54,0,50,0.5,0.5,0.5,genetic,inheritance,inheritance,0.05,10
819,860,821,0.5168985850611991,0.5,0.5,8.727716727716727,7.706976744186046,9.276492082825822,55,0,50,0.5,0.5,0.5,genetic,inheritance,inheritance,0.05,10
815,874,811,0.5166573497761907,0.5,0.5,8.655214723926381,7.655606407322654,9.389642416769421,56,0,50,0.5,0.5,0.5,genetic,inheritance,inheritance,0.05,10
820,905,775,0.5160523411836109,0.5,0.5,8.253658536585366,7.816574585635359,9.651612903225807,57,0,50,0.5,0.5,0.5,genetic,inheritance,inheritance,0.05,10
813,917,770,0.5130738590687824,0.5,0.5,8.39360393603936,7.966194111232279,9.744155844155845,58,0,50,0.5,0.5,0.5,genetic,inheritance,inheritance,0.05,10
798,927,775,0.5149461361700799,0.5,0.5,8.62155388471178,8.2319309600863,9.718709677419355,59,0,50,0.5,0.5,0.5,genetic,inheritance,inheritance,0.05,10
783,918,799,0.5157201059063221,0.5,0.5,8.52618135376756,8.399782135076252,9.485607008760951,60,0,50,0.5,0.5,0.5,genetic,inheritance,inheritance,0.05,10
785,909,806,0.5143325031110616,0.5,0.5,8.490445859872612,8.597359735973598,9.385856079404466,61,0,50,0.5,0.5,0.5,genetic,inheritance,inheritance,0.05,10
801,876,823,0.5136538229233666,0.5,0.5,8.416978776529339,8.577625570776256,9.006075334143377,62,0,50,0.5,0.5,0.5,genetic,inheritance,inheritance,0.05,10
813,873,814,0.513112475063154,0.5,0.5,8.441574415744157,8.869415807560138,8.943488943488944,63,0,50,0.5,0.5,0.5,genetic,inheritance,inheritance,0.05,10
829,867,804,0.5124326869682228,0.5,0.5,8.61158021712907,9.212226066897347,9.116915422885572,64,0,50,0.5,0.5,0.5,genetic,inheritance,inheritance,0.05,10
820,860,820,0.5138686703233456,0.5,0.5,8.784146341463414,9.331395348837209,9.168292682926829,65,0,50,0.5,0.5,0.5,genetic,inheritance,inheritance,0.05,10
809,854,837,0.5131682396028072,0.5,0.5,8.88380716934487,9.289227166276346,9.02389486260454,66,0,50,0.5,0.5,0.5,genetic,inheritance,inheritance,0.05,10
810,837,853,0.5127184889535459,0.5,0.5,8.71111111111111,9.25089605734767,8.686987104337632,67,0,50,0.5,0.5,0.5,genetic,inheritance,inheritance,0.05,10
799,833,868,0.5100871829804374,0.5,0.5,8.839799749687108,9.25330132052821,8.836405529953916,68,0,50,0.5,0.5,0.5,genetic,inheritance,inheritance,0.05,10
781,832,887,0.5087761592918629,0.5,0.5,9.020486555697824,9.12860576923077,8.847801578354002,69,0,50,0.5,0.5,0.5,genetic,inheritance,inheritance,0.05,10
797,810,893,0.5090052901440304,0.5,0.5,8.902132998745294,9.04320987654321,8.826427771556551,70,0,50,0.5,0.5,0.5,genetic,inheritance,inheritance,0.05,10
810,791,899,0.5092928098951175,0.5,0.5,9.019753086419753,9.103666245259166,8.86095661846496,71,0,50,0.5,0.5,0.5,genetic,inheritance,inheritance,0.05,10
838,768,894,0.5096603193829056,0.5,0.5,8.941527446300716,9.29296875,8.804250559284116,72,0,50,0.5,0.5,0.5,genetic,inheritance,inheritance,0.05,10
843,773,884,0.5077512999563469,0.5,0.5,9.134045077105576,9.48771021992238,8.987556561085972,73,0,50,0.5,0.5,0.5,genetic,inheritance,inheritance,0.05,10
823,803,874,0.5080908650073344,0.5,0.5,9.215066828675576,9.295143212951432,9.276887871853546,74,0,50,0.5,0.5,0.5,genetic,inheritance,inheritance,0.05,10
824,827,849,0.5097718768331959,0.5,0.5,9.114077669902912,9.17291414752116,9.31095406360424,75,0,50,0.5,0.5,0.5,genetic,inheritance,inheritance,0.05,10
841,828,831,0.5094668956142938,0.5,0.5,9.085612366230677,9.427536231884059,9.409145607701564,76,0,50,0.5,0.5,0.5,genetic,inheritance,inheritance,0.05,10
845,832,823,0.510048740438702,0.5,0.5,9.23431952662722,9.625,9.552855407047387,77,0,50,0.5,0.5,0.5,genetic,inheritance,inheritance,0.05,10
851,829,820,0.5112235385210103,0.5,0.5,9.286721504112808,9.693606755126659,9.598780487804879,78,0,50,0.5,0.5,0.5,genetic,inheritance,inheritance,0.05,10
819,874,807,0.5107099871771563,0.5,0.5,9.039072039072039,9.39816933638444,9.732342007434944,79,0,50,0.5,0.5,0.5,genetic,inheritance,inheritance,0.05,10
833,862,805,0.5115514991107912,0.5,0.5,9.020408163265307,9.425754060324826,9.636024844720497,80,0,50,0.5,0.5,0.5,genetic,inheritance,inheritance,0.05,10
836,882,782,0.510490816895776,0.5,0.5,8.89952153110048,9.268707482993197,9.553708439897699,81,0,50,0.5,0.5,0.5,genetic,inheritance,inheritance,0.05,10
819,896,785,0.5117429815064058,0.5,0.5,8.825396825396826,9.25,9.577070063694267,82,0,50,0.5,0.5,0.5,genetic,inheritance,inheritance,0.05,10
808,913,779,0.5122872290757695,0.5,0.5,8.804455445544555,9.416210295728368,9.6803594351733,83,0,50,0.5,0.5,0.5,genetic,inheritance,inheritance,0.05,10
806,912,782,0.5124732544336934,0.5,0.5,8.771712158808933,9.513157894736842,9.531969309462916,84,0,50,0.5,0.5,0.5,genetic,inheritance,inheritance,0.05,10
835,874,791,0.512109698863431,0.5,0.5,8.62754491017964,9.675057208237986,9.252844500632111,85,0,50,0.5,0.5,0.5,genetic,inheritance,inheritance,0.05,10
851,849,800,0.513392446445241,0.5,0.5,8.613396004700352,9.752650176678445,8.8975,86,0,50,0.5,0.5,0.5,genetic,inheritance,inheritance,0.05,10
869,825,806,0.5138807463759753,0.5,0.5,8.683544303797468,10.01939393939394,8.923076923076923,87,0,50,0.5,0.5,0.5,genetic,inheritance,inheritance,0.05,10
886,828,786,0.5128569206751177,0.5,0.5,8.460496613995485,10.10024154589372,8.678117048346056,88,0,50,0.5,0.5,0.5,genetic,inheritance,inheritance,0.05,10
895,815,790,0.5118282940791309,0.5,0.5,8.756424581005586,10.16441717791411,8.540506329113924,89,0,50,0.5,0.5,0.5,genetic,inheritance,inheritance,0.05,10
903,792,805,0.5117200784590188,0.5,0.5,8.80952380952381,10.272727272727273,8.419875776397516,90,0,50,0.5,0.5,0.5,genetic,inheritance,inheritance,0.05,10
915,789,796,0.5122218417709954,0.5,0.5,8.982513661202185,10.401774397972117,8.557788944723619,91,0,50,0.5,0.5,0.5,genetic,inheritance,inheritance,0.05,10
935,764,801,0.5124878231955724,0.5,0.5,9.018181818181818,10.111256544502618,8.106117353308365,92,0,50,0.5,0.5,0.5,genetic,inheritance,inheritance,0.05,10
926,766,808,0.5120258087429717,0.5,0.5,9.288336933045356,10.046997389033942,8.227722772277227,93,0,50,0.5,0.5,0.5,genetic,inheritance,inheritance,0.05,10
909,761,830,0.5122959322039365,0.5,0.5,9.444444444444445,9.696452036793692,8.07710843373494,94,0,50,0.5,0.5,0.5,genetic,inheritance,inheritance,0.05,10
920,740,840,0.5104171387294034,0.5,0.5,9.581521739130435,9.487837837837837,7.983333333333333,95,0,50,0.5,0.5,0.5,genetic,inheritance,inheritance,0.05,10
927,742,831,0.5095617069690299,0.5,0.5,9.676375404530745,9.366576819407008,7.949458483754513,96,0,50,0.5,0.5,0.5,genetic,inheritance,inheritance,0.05,10
915,736,849,0.5091897334230905,0.5,0.5,9.832786885245902,8.907608695652174,8.001177856301531,97,0,50,0.5,0.5,0.5,genetic,inheritance,inheritance,0.05,10
900,760,840,0.5092467400208295,0.5,0.5,9.973333333333333,8.675,8.142857142857142,98,0,50,0.5,0.5,0.5,genetic,inheritance,inheritance,0.05,10
872,789,839,0.5102245524954625,0.5,0.5,10.053899082568808,8.299112801013942,8.36471990464839,99,0,50,0.5,0.5,0.5,genetic,inheritance,inheritance,0.05,10
845,815,840,0.5111279758625964,0.5,0.5,9.965680473372782,8.060122699386502,8.541666666666666,100,0,50,0.5,0.5,0.5,genetic,inheritance,inheritance,0.05,10
811,837,852,0.5129801790038255,0.5,0.5,9.93711467324291,7.980884109916368,8.738262910798122,101,0,50,0.5,0.5,0.5,genetic,inheritance,inheritance,0.05,10
795,851,854,0.5128209125538862,0.5,0.5,9.750943396226415,8.019976498237368,8.728337236533958,102,0,50,0.5,0.5,0.5,genetic,inheritance,inheritance,0.05,10
796,850,854,0.5120157698947339,0.5,0.5,9.459798994974875,7.894117647058824,8.495316159250585,103,0,50,0.5,0.5,0.5,genetic,inheritance,inheritance,0.05,10
775,855,870,0.5132633869063136,0.5,0.5,9.396129032258065,7.973099415204678,8.739080459770115,104,0,50,0.5,0.5,0.5,genetic,inheritance,inheritance,0.05,10
770,861,869,0.512913075751005,0.5,0.5,8.988311688311688,7.9140534262485485,8.637514384349828,105,0,50,0.5,0.5,0.5,genetic,inheritance,inheritance,0.05,10
779,861,860,0.5121596299115063,0.5,0.5,8.667522464698331,7.980255516840883,8.679069767441861,106,0,50,0.5,0.5,0.5,genetic,inheritance,inheritance,0.05,10
783,871,846,0.51342704606424,0.5,0.5,8.240102171136654,8.088404133180253,8.663120567375886,107,0,50,0.5,0.5,0.5,genetic,inheritance,inheritance,0.05,10
779,889,832,0.5150173884172509,0.5,0.5,8.116816431322208,8.01912260967379,8.65264423076923,108,0,50,0.5,0.5,0.5,genetic,inheritance,inheritance,0.05,10
779,894,827,0.5149393654745015,0.5,0.5,8.00385109114249,8.282997762863534,8.660217654171705,109,0,50,0.5,0.5,0.5,genetic,inheritance,inheritance,0.05,10
802,863,835,0.5141451875995031,0.5,0.5,7.902743142144638,8.60486674391657,8.396407185628743,110,0,50,0.5,0.5,0.5,genetic,inheritance,inheritance,0.05,10
817,866,817,0.5155489586475811,0.5,0.5,7.804161566707466,8.764434180138569,8.373317013463891,111,0,50,0.5,0.5,0.5,genetic,inheritance,inheritance,0.05,10
831,854,815,0.5151501431459731,0.5,0.5,7.92057761732852,9.033957845433255,8.390184049079755,112,0,50,0.5,0.5,0.5,genetic,inheritance,inheritance,0.05,10
833,858,809,0.515760177857417,0.5,0.5,7.983193277310924,9.093240093240093,8.457354758961682,113,0,50,0.5,0.5,0.5,genetic,inheritance,inheritance,0.05,10
850,862,788,0.5166931835527188,0.5,0.5,7.9941176470588236,9.185614849187935,8.341370558375635,114,0,50,0.5,0.5,0.5,genetic,inheritance,inheritance,0.05,10
861,858,781,0.5153405292851256,0.5,0.5,8.101045296167248,9.343822843822844,8.274007682458386,115,0,50,0.5,0.5,0.5,genetic,inheritance,inheritance,0.05,10
863,853,784,0.5146620208898164,0.5,0.5,8.3441483198146,9.39976553341149,8.329081632653061,116,0,50,0.5,0.5,0.5,genetic,inheritance,inheritance,0.05,10
858,878,764,0.5149196506384986,0.5,0.5,8.354312354312354,9.37129840546697,8.401832460732985,117,0,50,0.5,0.5,0.5,genetic,inheritance,inheritance,0.05,10
869,861,770,0.51639125288936,0.5,0.5,8.352128883774453,9.448315911730546,8.348051948051948,118,0,50,0.5,0.5,0.5,genetic,inheritance,inheritance,0.05,10
874,871,755,0.515098443597355,0.5,0.5,8.208237986270023,9.402985074626866,8.356291390728478,119,0,50,0.5,0.5,0.5,genetic,inheritance,inheritance,0.05,10
875,875,750,0.5154153160486091,0.5,0.5,8.310857142857143,9.298285714285715,8.270666666666667,120,0,50,0.5,0.5,0.5,genetic,inheritance,inheritance,0.05,10
880,890,730,0.513624967657556,0.5,0.5,8.276136363636363,9.368539325842697,8.29041095890411,121,0,50,0.5,0.5,0.5,genetic,inheritance,inheritance,0.05,10
869,909,722,0.51330548665037,0.5,0.5,8.310701956271577,9.211221122112212,8.15650969529086,122,0,50,0.5,0.5,0.5,genetic,inheritance,inheritance,0.05,10
854,918,728,0.5122359457121786,0.5,0.5,8.146370023419204,9.092592592592593,8.130494505494505,123,0,50,0.5,0.5,0.5,genetic,inheritance,inheritance,0.05,10
835,920,745,0.5120067711346047,0.5,0.5,8.41437125748503,9.056521739130435,7.954362416107383,124,0,50,0.5,0.5,0.5,genetic,inheritance,inheritance,0.05,10
820,925,755,0.509523865238448,0.5,0.5,8.492682926829268,8.95027027027027,7.903311258278146,125,0,50,0.5,0.5,0.5,genetic,inheritance,inheritance,0.05,10
795,915,790,0.5099192074900684,0.5,0.5,8.79748427672956,9.01639344262295,7.853164556962025,126,0,50,0.5,0.5,0.5,genetic,inheritance,inheritance,0.05,10
768,937,795,0.5089821342565762,0.5,0.5,8.921875,8.889007470651014,7.888050314465409,127,0,50,0.5,0.5,0.5,genetic,inheritance,inheritance,0.05,10
733,961,806,0.508763404860859,0.5,0.5,9.002728512960436,9.00312174817898,8.101736972704714,128,0,50,0.5,0.5,0.5,genetic,inheritance,inheritance,0.05,10
695,967,838,0.510827989832436,0.5,0.5,9.188489208633094,8.891416752843847,8.189737470167065,129,0,50,0.5,0.5,0.5,genetic,inheritance,inheritance,0.05,10
652,985,863,0.5115083501955406,0.5,0.5,9.10276073619632,8.648730964467005,8.383545770567787,130,0,50,0.5,0.5,0.5,genetic,inheritance,inheritance,0.05,10
635,971,894,0.5110207230236005,0.5,0.5,9.283464566929133,8.810504634397528,8.344519015659955,131,0,50,0.5,0.5,0.5,genetic,inheritance,inheritance,0.05,10
630,959,911,0.5075384351066207,0.5,0.5,9.134920634920634,8.881126173096977,8.455543358946214,132,0,50,0.5,0.5,0.5,genetic,inheritance,inheritance,0.05,10
633,933,934,0.5065538985819479,0.5,0.5,9.285939968404424,9.118971061093248,8.616702355460385,133,0,50,0.5,0.5,0.5,genetic,inheritance,inheritance,0.05,10
633,921,946,0.5055567386189582,0.5,0.5,8.902053712480253,9.302931596091206,8.746300211416491,134,0,50,0.5,0.5,0.5,genetic,inheritance,inheritance,0.05,10
649,875,976,0.5047834475741839,0.5,0.5,8.75808936825886,9.465142857142856,8.719262295081966,135,0,50,0.5,0.5,0.5,genetic,inheritance,inheritance,0.05,10
665,871,964,0.5034824916466281,0.5,0.5,8.473684210526315,9.61768082663605,8.943983402489627,136,0,50,0.5,0.5,0.5,genetic,inheritance,inheritance,0.05,10
675,840,985,0.5012274837262267,0.5,0.5,8.282962962962962,9.70595238095238,8.98477157360406,137,0,50,0.5,0.5,0.5,genetic,inheritance,inheritance,0.05,10
704,821,975,0.4996463381989684,0.5,0.5,8.160511363636363,9.900121802679658,9.125128205128204,138,0,50,0.5,0.5,0.5,genetic,inheritance,inheritance,0.05,10
720,794,986,0.498969991969327,0.5,0.5,8.047222222222222,10.132241813602015,9.247464503042597,139,0,50,0.5,0.5,0.5,genetic,inheritance,inheritance,0.05,10
743,786,971,0.4984901915708607,0.5,0.5,7.804845222072679,10.193384223918574,9.186405767250257,140,0,50,0.5,0.5,0.5,genetic,inheritance,inheritance,0.05,10
765,766,969,0.4971735756939726,0.5,0.5,7.520261437908497,10.065274151436032,9.196078431372548,141,0,50,0.5,0.5,0.5,genetic,inheritance,inheritance,0.05,10
782,764,954,0.49622541159770034,0.5,0.5,7.442455242966752,9.87565445026178,9.318658280922431,142,0,50,0.5,0.5,0.5,genetic,inheritance,inheritance,0.05,10
781,755,964,0.4954439023714188,0.5,0.5,7.758002560819462,9.92317880794702,9.578838174273859,143,0,50,0.5,0.5,0.5,genetic,inheritance,inheritance,0.05,10
808,721,971,0.49514812182282086,0.5,0.5,7.8316831683168315,9.72122052704577,9.77857878475798,144,0,50,0.5,0.5,0.5,genetic,inheritance,inheritance,0.05,10
820,722,958,0.49420586005121214,0.5,0.5,7.680487804878049,9.387811634349031,9.856993736951983,145,0,50,0.5,0.5,0.5,genetic,inheritance,inheritance,0.05,10
853,708,939,0.49394201482618727,0.5,0.5,7.810082063305979,9.64406779661017,10.021299254526092,146,0,50,0.5,0.5,0.5,genetic,inheritance,inheritance,0.05,10
894,702,904,0.49362412652952886,0.5,0.5,7.864653243847875,9.481481481481481,10.094026548672566,147,0,50,0.5,0.5,0.5,genetic,inheritance,inheritance,0.05,10
903,693,904,0.4949830243731649,0.5,0.5,8.2015503875969,9.240981240981242,9.961283185840708,148,0,50,0.5,0.5,0.5,genetic,inheritance,inheritance,0.05,10
914,707,879,0.49449290679028507,0.5,0.5,8.507658643326039,9.148514851485148,10.229806598407281,149,0,50,0.5,0.5,0.5,genetic,inheritance,inheritance,0.05,10
961,694,845,0.4947787804766074,0.5,0.5,8.335067637877211,8.982708933717579,9.933727810650888,150,0,50,0.5,0.5,0.5,genetic,inheritance,inheritance,0.05,10
978,704,818,0.49417290251694934,0.5,0.5,8.281186094069529,8.875,9.706601466992666,151,0,50,0.5,0.5,0.5,genetic,inheritance,inheritance,0.05,10
985,725,790,0.49525136646897006,0.5,0.5,8.395939086294415,8.448275862068966,9.683544303797468,152,0,50,0.5,0.5,0.5,genetic,inheritance,inheritance,0.05,10
986,712,802,0.496589286773316,0.5,0.5,8.564908722109534,8.252808988764045,9.365336658354115,153,0,50,0.5,0.5,0.5,genetic,inheritance,inheritance,0.05,10
982,725,793,0.4970703696492849,0.5,0.5,8.75763747454175,8.05655172413793,9.233291298865069,154,0,50,0.5,0.5,0.5,genetic,inheritance,inheritance,0.05,10
983,747,770,0.49868234800112926,0.5,0.5,8.724313326551373,7.626506024096385,9.220779220779221,155,0,50,0.5,0.5,0.5,genetic,inheritance,inheritance,0.05,10
971,782,747,0.4981596289192044,0.5,0.5,8.711637487126673,7.445012787723785,9.183400267737618,156,0,50,0.5,0.5,0.5,genetic,inheritance,inheritance,0.05,10
963,807,730,0.49888710879211934,0.5,0.5,8.81619937694704,7.1685254027261465,8.861643835616439,157,0,50,0.5,0.5,0.5,genetic,inheritance,inheritance,0.05,10
930,850,720,0.4990028455325862,0.5,0.5,8.920430107526881,7.0458823529411765,8.791666666666666,158,0,50,0.5,0.5,0.5,genetic,inheritance,inheritance,0.05,10
914,885,701,0.4995191428584357,0.5,0.5,9.053610503282275,7.098305084745762,9.0,159,0,50,0.5,0.5,0.5,genetic,inheritance,inheritance,0.05,10
898,905,697,0.5008040900597858,0.5,0.5,9.263919821826281,7.25524861878453,9.086083213773314,160,0,50,0.5,0.5,0.5,genetic,inheritance,inheritance,0.05,10
876,938,686,0.4990164483252197,0.5,0.5,9.539954337899543,7.393390191897654,9.043731778425656,161,0,50,0.5,0.5,0.5,genetic,inheritance,inheritance,0.05,10
863,962,675,0.4977070280452227,0.5,0.5,9.579374275782156,7.608108108108108,9.053333333333333,162,0,50,0.5,0.5,0.5,genetic,inheritance,inheritance,0.05,10
842,995,663,0.49774619929041375,0.5,0.5,9.63064133016627,7.769849246231156,8.942684766214178,163,0,50,0.5,0.5,0.5,genetic,inheritance,inheritance,0.05,10
835,997,668,0.49943553976871147,0.5,0.5,9.805988023952096,8.148445336008024,8.733532934131736,164,0,50,0.5,0.5,0.5,genetic,inheritance,inheritance,0.05,10
809,1029,662,0.4975148779785723,0.5,0.5,9.88380716934487,8.387755102040817,8.731117824773413,165,0,50,0.5,0.5,0.5,genetic,inheritance,inheritance,0.05,10
798,1035,667,0.4977708735756366,0.5,0.5,9.802005012531328,8.649275362318841,8.632683658170915,166,0,50,0.5,0.5,0.5,genetic,inheritance,inheritance,0.05,10
784,1038,678,0.49698171873373986,0.5,0.5,9.784438775510203,8.920038535645473,8.669616519174042,167,0,50,0.5,0.5,0.5,genetic,inheritance,inheritance,0.05,10
770,1042,688,0.4981721085518194,0.5,0.5,9.733766233766234,9.125719769673704,8.73546511627907,168,0,50,0.5,0.5,0.5,genetic,inheritance,inheritance,0.05,10
782,1058,660,0.49960915549898754,0.5,0.5,9.246803069053708,9.255198487712665,8.601515151515152,169,0,50,0.5,0.5,0.5,genetic,inheritance,inheritance,0.05,10
747,1072,681,0.4979954130599137,0.5,0.5,9.227576974564926,9.219216417910447,8.392070484581497,170,0,50,0.5,0.5,0.5,genetic,inheritance,inheritance,0.05,10
725,1075,700,0.49731155008846695,0.5,0.5,9.048275862068966,9.373023255813953,8.35,171,0,50,0.5,0.5,0.5,genetic,inheritance,inheritance,0.05,10
709,1078,713,0.4971326289792248,0.5,0.5,8.947813822284909,9.520408163265307,8.361851332398317,172,0,50,0.5,0.5,0.5,genetic,inheritance,inheritance,0.05,10
680,1088,732,0.495045909919253,0.5,0.5,8.601470588235294,9.641544117647058,8.222677595628415,173,0,50,0.5,0.5,0.5,genetic,inheritance,inheritance,0.05,10
678,1079,743,0.49750970898509933,0.5,0.5,8.623893805309734,9.98887859128823,8.082099596231494,174,0,50,0.5,0.5,0.5,genetic,inheritance,inheritance,0.05,10
650,1095,755,0.49891052658883905,0.5,0.5,8.627692307692307,10.155251141552512,8.28476821192053,175,0,50,0.5,0.5,0.5,genetic,inheritance,inheritance,0.05,10
636,1054,810,0.5000608358063611,0.5,0.5,8.435534591194969,10.297912713472487,8.028395061728395,176,0,50,0.5,0.5,0.5,genetic,inheritance,inheritance,0.05,10
625,1048,827,0.4993637016047193,0.5,0.5,8.3936,10.423664122137405,8.194679564691656,177,0,50,0.5,0.5,0.5,genetic,inheritance,inheritance,0.05,10
617,1019,864,0.5022551374184393,0.5,0.5,8.350081037277148,10.74288518155054,8.221064814814815,178,0,50,0.5,0.5,0.5,genetic,inheritance,inheritance,0.05,10
627,983,890,0.5002443896449976,0.5,0.5,8.216905901116428,10.879959308240082,8.095505617977528,179,0,50,0.5,0.5,0.5,genetic,inheritance,inheritance,0.05,10
636,947,917,0.5004374893996177,0.5,0.5,7.988993710691824,10.84688489968321,7.8724100327153765,180,0,50,0.5,0.5,0.5,genetic,inheritance,inheritance,0.05,10
658,897,945,0.5001023232676226,0.5,0.5,7.933130699088146,11.023411371237458,7.696296296296296,181,0,50,0.5,0.5,0.5,genetic,inheritance,inheritance,0.05,10
657,870,973,0.5025080664045591,0.5,0.5,7.818873668188736,10.836781609195402,7.758478931140802,182,0,50,0.5,0.5,0.5,genetic,inheritance,inheritance,0.05,10
671,832,997,0.5030836196296539,0.5,0.5,7.658718330849478,10.807692307692308,7.85456369107322,183,0,50,0.5,0.5,0.5,genetic,inheritance,inheritance,0.05,10
690,812,998,0.5029366322984258,0.5,0.5,7.552173913043478,10.836206896551724,7.839679358717435,184,0,50,0.5,0.5,0.5,genetic,inheritance,inheritance,0.05,10
708,789,1003,0.5032192395897115,0.5,0.5,7.497175141242938,10.680608365019012,7.791625124626122,185,0,50,0.5,0.5,0.5,genetic,inheritance,inheritance,0.05,10
743,745,1012,0.5051857245072505,0.5,0.5,7.2705248990578735,10.481879194630872,7.91106719367589,186,0,50,0.5,0.5,0.5,genetic,inheritance,inheritance,0.05,10
761,725,1014,0.5046704552912165,0.5,0.5,7.320630749014454,10.16,8.07199211045365,187,0,50,0.5,0.5,0.5,genetic,inheritance,inheritance,0.05,10
760,731,1009,0.5050701604772652,0.5,0.5,7.442105263157894,9.711354309165527,8.326065411298314,188,0,50,0.5,0.5,0.5,genetic,inheritance,inheritance,0.05,10
790,692,1018,0.5053392690080672,0.5,0.5,7.60506329113924,9.533236994219653,8.395874263261296,189,0,50,0.5,0.5,0.5,genetic,inheritance,inheritance,0.05,10
806,671,1023,0.5051294063429245,0.5,0.5,7.785359801488834,9.13263785394933,8.502443792766373,190,0,50,0.5,0.5,0.5,genetic,inheritance,inheritance,0.05,10
827,667,1006,0.5062318525895029,0.5,0.5,7.704957678355502,8.802098950524737,8.693836978131213,191,0,50,0.5,0.5,0.5,genetic,inheritance,inheritance,0.05,10
845,676,979,0.5075299799510015,0.5,0.5,7.633136094674557,8.514792899408285,9.019407558733402,192,0,50,0.5,0.5,0.5,genetic,inheritance,inheritance,0.05,10
886,672,942,0.5074773657725983,0.5,0.5,7.5,8.285714285714286,9.10828025477707,193,0,50,0.5,0.5,0.5,genetic,inheritance,inheritance,0.05,10
904,673,923,0.5073978649406417,0.5,0.5,7.602876106194691,8.166419019316493,9.373781148429035,194,0,50,0.5,0.5,0.5,genetic,inheritance,inheritance,0.05,10
930,706,864,0.5089814807353576,0.5,0.5,7.455913978494624,8.036827195467422,9.581018518518519,195,0,50,0.5,0.5,0.5,genetic,inheritance,inheritance,0.05,10
951,716,833,0.5084647687504827,0.5,0.5,7.630914826498422,8.124301675977653,9.774309723889555,196,0,50,0.5,0.5,0.5,genetic,inheritance,inheritance,0.05,10
983,735,782,0.5094014195130987,0.5,0.5,7.766022380467955,8.39047619047619,10.057544757033249,197,0,50,0.5,0.5,0.5,genetic,inheritance,inheritance,0.05,10
992,774,734,0.5096013215836923,0.5,0.5,7.658266129032258,8.204134366925064,10.01907356948229,198,0,50,0.5,0.5,0.5,genetic,inheritance,inheritance,0.05,10
1000,780,720,0.5090182135751522,0.5,0.5,7.968,8.344871794871795,9.97638888888889,199,0,50,0.5,0.5,0.5,genetic,inheritance,inheritance,0.05,10
994,790,716,0.5103071150529847,0.5,0.5,8.29476861167002,8.49367088607595,9.844972067039107,200,0,50,0.5,0.5,0.5,genetic,inheritance,inheritance,0.05,10
1003,810,687,0.5098482891052413,0.5,0.5,8.466600199401794,8.435802469135803,9.716157205240174,201,0,50,0.5,0.5,0.5,genetic,inheritance,inheritance,0.05,10
1021,826,653,0.5104931903213916,0.5,0.5,8.595494613124387,8.627118644067796,9.627871362940276,202,0,50,0.5,0.5,0.5,genetic,inheritance,inheritance,0.05,10
1007,836,657,0.5106945826948343,0.5,0.5,8.860973187686197,8.751196172248804,9.490106544901066,203,0,50,0.5,0.5,0.5,genetic,inheritance,inheritance,0.05,10
1005,844,651,0.5113808988898493,0.5,0.5,9.055721393034826,8.770142180094787,9.344086021505376,204,0,50,0.5,0.5,0.5,genetic,inheritance,inheritance,0.05,10
984,881,635,0.5114559141960913,0.5,0.5,9.315040650406504,8.811577752553916,9.44724409448819,205,0,50,0.5,0.5,0.5,genetic,inheritance,inheritance,0.05,10
969,894,637,0.5105888353168322,0.5,0.5,9.524251805985552,8.840044742729306,9.177394034536892,206,0,50,0.5,0.5,0.5,genetic,inheritance,inheritance,0.05,10
954,902,644,0.5095471405024109,0.5,0.5,9.769392033542976,8.87139689578714,9.027950310559007,207,0,50,0.5,0.5,0.5,genetic,inheritance,inheritance,0.05,10
948,911,641,0.5085671662368764,0.5,0.5,9.901898734177216,8.869374313940725,8.736349453978159,208,0,50,0.5,0.5,0.5,genetic,inheritance,inheritance,0.05,10
958,920,622,0.508201755506505,0.5,0.5,9.884133611691023,8.921739130434782,8.482315112540192,209,0,50,0.5,0.5,0.5,genetic,inheritance,inheritance,0.05,10
936,933,631,0.5071680482299823,0.5,0.5,10.038461538461538,8.939978563772776,8.031695721077655,210,0,50,0.5,0.5,0.5,genetic,inheritance,inheritance,0.05,10
912,952,636,0.5059506639558186,0.5,0.5,10.032894736842104,8.807773109243698,8.11006289308176,211,0,50,0.5,0.5,0.5,genetic,inheritance,inheritance,0.05,10
897,946,657,0.5061230008562458,0.5,0.5,9.856187290969899,8.832980972515855,7.8873668188736685,212,0,50,0.5,0.5,0.5,genetic,inheritance,inheritance,0.05,10
864,971,665,0.5054403240170471,0.5,0.5,9.80787037037037,8.760041194644696,7.792481203007519,213,0,50,0.5,0.5,0.5,genetic,inheritance,inheritance,0.05,10
823,1009,668,0.5036485270293541,0.5,0.5,9.996354799513973,8.836471754212091,7.875748502994012,214,0,50,0.5,0.5,0.5,genetic,inheritance,inheritance,0.05,10
791,1019,690,0.5019683992289057,0.5,0.5,10.075853350189634,8.803729146221785,7.804347826086956,215,0,50,0.5,0.5,0.5,genetic,inheritance,inheritance,0.05,10
772,1034,694,0.5025114454230846,0.5,0.5,9.988341968911918,8.889748549323018,7.626801152737752,216,0,50,0.5,0.5,0.5,genetic,inheritance,inheritance,0.05,10
734,1034,732,0.5005007417206063,0.5,0.5,10.087193460490463,8.752417794970986,7.6816939890710385,217,0,50,0.5,0.5,0.5,genetic,inheritance,inheritance,0.05,10
715,1034,751,0.5012141538576679,0.5,0.5,9.864335664335664,8.876208897485494,7.6431424766977365,218,0,50,0.5,0.5,0.5,genetic,inheritance,inheritance,0.05,10
697,1052,751,0.5011819451735133,0.5,0.5,9.681492109038738,8.972433460076045,7.866844207723036,219,0,50,0.5,0.5,0.5,genetic,inheritance,inheritance,0.05,10
691,1040,769,0.5000440604999401,0.5,0.5,9.497829232995658,9.277884615384615,7.88296488946684,220,0,50,0.5,0.5,0.5,genetic,inheritance,inheritance,0.05,10
670,1043,787,0.49833502822576603,0.5,0.5,9.383582089552238,9.310642377756471,7.8856416772554,221,0,50,0.5,0.5,0.5,genetic,inheritance,inheritance,0.05,10
688,1019,793,0.4995836030672465,0.5,0.5,9.106104651162791,9.571148184494602,7.938209331651954,222,0,50,0.5,0.5,0.5,genetic,inheritance,inheritance,0.05,10
697,977,826,0.49928471951847486,0.5,0.5,8.81635581061693,9.835209825997953,7.841404358353511,223,0,50,0.5,0.5,0.5,genetic,inheritance,inheritance,0.05,10
706,942,852,0.4999674803902098,0.5,0.5,8.736543909348441,10.083864118895965,7.823943661971831,224,0,50,0.5,0.5,0.5,genetic,inheritance,inheritance,0.05,10
719,912,869,0.5004343391388331,0.5,0.5,8.592489568845618,10.151315789473685,7.982738780207135,225,0,50,0.5,0.5,0.5,genetic,inheritance,inheritance,0.05,10
731,888,881,0.49974164110285807,0.5,0.5,8.367989056087552,10.137387387387387,7.881952326901248,226,0,50,0.5,0.5,0.5,genetic,inheritance,inheritance,0.05,10
737,834,929,0.500228759176166,0.5,0.5,8.504748982360923,10.251798561151078,7.777179763186222,227,0,50,0.5,0.5,0.5,genetic,inheritance,inheritance,0.05,10
755,780,965,0.5013423665964163,0.5,0.5,8.614569536423842,10.25,7.865284974093265,228,0,50,0.5,0.5,0.5,genetic,inheritance,inheritance,0.05,10
789,742,969,0.5023810391197201,0.5,0.5,8.632446134347274,10.423180592991914,7.890608875128999,229,0,50,0.5,0.5,0.5,genetic,inheritance,inheritance,0.05,10
803,733,964,0.5037996754636124,0.5,0.5,8.72851805728518,10.454297407912687,8.122406639004149,230,0,50,0.5,0.5,0.5,genetic,inheritance,inheritance,0.05,10
816,725,959,0.5029288903439512,0.5,0.5,8.57843137254902,10.220689655172414,8.239833159541188,231,0,50,0.5,0.5,0.5,genetic,inheritance,inheritance,0.05,10
825,709,966,0.5023374596885736,0.5,0.5,8.532121212121211,10.097320169252468,8.341614906832298,232,0,50,0.5,0.5,0.5,genetic,inheritance,inheritance,0.05,10
828,700,972,0.5028871682717916,0.5,0.5,8.591787439613526,9.992857142857142,8.61111111111111,233,0,50,0.5,0.5,0.5,genetic,inheritance,inheritance,0.05,10
843,704,953,0.5024451229066872,0.5,0.5,8.61447212336892,9.809659090909092,8.837355718782792,234,0,50,0.5,0.5,0.5,genetic,inheritance,inheritance,0.05,10
861,705,934,0.500991056168736,0.5,0.5,8.695702671312427,9.687943262411348,9.127408993576017,235,0,50,0.5,0.5,0.5,genetic,inheritance,inheritance,0.05,10
877,711,912,0.5009698703388271,0.5,0.5,8.627137970353477,9.30379746835443,9.358552631578947,236,0,50,0.5,0.5,0.5,genetic,inheritance,inheritance,0.05,10
903,712,885,0.5032365841305904,0.5,0.5,8.757475083056478,9.132022471910112,9.588700564971752,237,0,50,0.5,0.5,0.5,genetic,inheritance,inheritance,0.05,10
916,718,866,0.5044482271709396,0.5,0.5,8.814410480349345,9.018105849582172,9.796766743648961,238,0,50,0.5,0.5,0.5,genetic,inheritance,inheritance,0.05,10
918,735,847,0.5049576220062688,0.5,0.5,8.92156862745098,8.982312925170069,9.974025974025974,239,0,50,0.5,0.5,0.5,genetic,inheritance,inheritance,0.05,10
949,710,841,0.5058088043855873,0.5,0.5,9.026343519494205,8.97887323943662,9.998810939357908,240,0,50,0.5,0.5,0.5,genetic,inheritance,inheritance,0.05,10
970,713,817,0.507253620258066,0.5,0.5,9.10721649484536,9.210378681626928,10.127294981640146,241,0,50,0.5,0.5,0.5,genetic,inheritance,inheritance,0.05,10
995,705,800,0.5083581553063011,0.5,0.5,9.135678391959798,9.075177304964539,10.03,242,0,50,0.5,0.5,0.5,genetic,inheritance,inheritance,0.05,10
990,729,781,0.5097019263201955,0.5,0.5,9.26969696969697,8.665294924554184,10.030729833546735,243,0,50,0.5,0.5,0.5,genetic,inheritance,inheritance,0.05,10
1004,741,755,0.5106629599641509,0.5,0.5,9.42430278884462,8.813765182186234,9.970860927152318,244,0,50,0.5,0.5,0.5,genetic,inheritance,inheritance,0.05,10
1001,754,745,0.5121496315266895,0.5,0.5,9.533466533466534,8.860742705570292,10.03489932885906,245,0,50,0.5,0.5,0.5,genetic,inheritance,inheritance,0.05,10
1001,787,712,0.5135840814808629,0.5,0.5,9.536463536463536,8.78017789072427,10.112359550561798,246,0,50,0.5,0.5,0.5,genetic,inheritance,inheritance,0.05,10
971,841,688,0.5131944748016456,0.5,0.5,9.61277033985582,8.579072532699168,9.992732558139535,247,0,50,0.5,0.5,0.5,genetic,inheritance,inheritance,0.05,10
949,875,676,0.5135784863439834,0.5,0.5,9.63645943097998,8.556571428571429,10.020710059171599,248,0,50,0.5,0.5,0.5,genetic,inheritance,inheritance,0.05,10
899,918,683,0.5136636895211298,0.5,0.5,9.859844271412681,8.415032679738562,9.890190336749633,249,0,50,0.5,0.5,0.5,genetic,inheritance,inheritance,0.05,10
894,924,682,0.5148316575871834,0.5,0.5,9.98434004474273,8.563852813852813,9.885630498533724,250,0,50,0.5,0.5,0.5,genetic,inheritance,inheritance,0.05,10
876,936,688,0.5163450663267717,0.5,0.5,9.938356164383562,8.568376068376068,9.73546511627907,251,0,50,0.5,0.5,0.5,genetic,inheritance,inheritance,0.05,10
849,970,681,0.515729355440742,0.5,0.5,9.91401648998822,8.584536082474227,9.568281938325992,252,0,50,0.5,0.5,0.5,genetic,inheritance,inheritance,0.05,10
837,973,690,0.5178284223311653,0.5,0.5,9.961768219832736,8.523124357656732,9.305797101449276,253,0,50,0.5,0.5,0.5,genetic,inheritance,inheritance,0.05,10
813,990,697,0.520582349586867,0.5,0.5,10.018450184501845,8.68989898989899,9.061692969870876,254,0,50,0.5,0.5,0.5,genetic,inheritance,inheritance,0.05,10
774,1006,720,0.5217229294294563,0.5,0.5,10.071059431524548,8.828031809145129,9.166666666666666,255,0,50,0.5,0.5,0.5,genetic,inheritance,inheritance,0.05,10
721,1045,734,0.5202899387135876,0.5,0.5,9.82246879334258,8.780861244019139,9.151226158038147,256,0,50,0.5,0.5,0.5,genetic,inheritance,inheritance,0.05,10
684,1053,763,0.5196244078246631,0.5,0.5,9.907894736842104,8.806267806267806,9.089121887287025,257,0,50,0.5,0.5,0.5,genetic,inheritance,inheritance,0.05,10
655,1054,791,0.5190999871081965,0.5,0.5,10.012213740458016,9.06641366223909,9.02275600505689,258,0,50,0.5,0.5,0.5,genetic,inheritance,inheritance,0.05,10
638,1033,829,0.5197761325807428,0.5,0.5,9.815047021943574,9.22942884801549,9.002412545235224,259,0,50,0.5,0.5,0.5,genetic,inheritance,inheritance,0.05,10
641,993,866,0.5200617895767974,0.5,0.5,9.550702028081123,9.457200402819739,8.787528868360278,260,0,50,0.5,0.5,0.5,genetic,inheritance,inheritance,0.05,10
645,974,881,0.5183226720385369,0.5,0.5,9.213953488372093,9.645790554414784,8.81838819523269,261,0,50,0.5,0.5,0.5,genetic,inheritance,inheritance,0.05,10
659,954,887,0.5190069660978414,0.5,0.5,9.100151745068285,9.89203354297694,8.992108229988727,262,0,50,0.5,0.5,0.5,genetic,inheritance,inheritance,0.05,10
683,920,897,0.5190933892547228,0.5,0.5,8.989751098096633,10.242391304347827,8.96989966555184,263,0,50,0.5,0.5,0.5,genetic,inheritance,inheritance,0.05,10
693,907,900,0.5196079907062298,0.5,0.5,9.125541125541126,10.379272326350607,9.26,264,0,50,0.5,0.5,0.5,genetic,inheritance,inheritance,0.05,10
710,897,893,0.5198658302448909,0.5,0.5,8.783098591549296,10.535117056856187,9.268756998880178,265,0,50,0.5,0.5,0.5,genetic,inheritance,inheritance,0.05,10
726,871,903,0.5222261657470483,0.5,0.5,8.732782369146005,10.654420206659013,9.135105204872646,266,0,50,0.5,0.5,0.5,genetic,inheritance,inheritance,0.05,10
729,845,926,0.5242215755857182,0.5,0.5,8.835390946502057,10.650887573964496,9.079913606911447,267,0,50,0.5,0.5,0.5,genetic,inheritance,inheritance,0.05,10
741,823,936,0.5238263980848182,0.5,0.5,8.788124156545209,10.724179829890645,9.11111111111111,268,0,50,0.5,0.5,0.5,genetic,inheritance,inheritance,0.05,10
765,806,929,0.5266132813008141,0.5,0.5,8.461437908496732,10.299007444168735,9.1248654467169,269,0,50,0.5,0.5,0.5,genetic,inheritance,inheritance,0.05,10
809,784,907,0.5267630678220162,0.5,0.5,8.180469715698393,10.293367346938776,9.166482910694597,270,0,50,0.5,0.5,0.5,genetic,inheritance,inheritance,0.05,10
802,786,912,0.5262266419862386,0.5,0.5,8.052369077306734,9.97201017811705,9.244517543859649,271,0,50,0.5,0.5,0.5,genetic,inheritance,inheritance,0.05,10
832,787,881,0.5293864536944619,0.5,0.5,7.462740384615385,9.753494282083862,9.262202043132804,272,0,50,0.5,0.5,0.5,genetic,inheritance,inheritance,0.05,10
870,780,850,0.5313485985786814,0.5,0.5,7.308045977011494,9.583333333333334,9.171764705882353,273,0,50,0.5,0.5,0.5,genetic,inheritance,inheritance,0.05,10
895,789,816,0.5319912629436196,0.5,0.5,7.204469273743017,9.319391634980988,8.89828431372549,274,0,50,0.5,0.5,0.5,genetic,inheritance,inheritance,0.05,10
897,786,817,0.5319002679195783,0.5,0.5,7.348940914158305,8.927480916030534,8.708690330477356,275,0,50,0.5,0.5,0.5,genetic,inheritance,inheritance,0.05,10
911,765,824,0.5322902071187652,0.5,0.5,7.623490669593853,8.656209150326797,8.45631067961165,276,0,50,0.5,0.5,0.5,genetic,inheritance,inheritance,0.05,10
918,778,804,0.5331374929978082,0.5,0.5,7.722222222222222,8.538560411311053,8.509950248756219,277,0,50,0.5,0.5,0.5,genetic,inheritance,inheritance,0.05,10
917,788,795,0.5333939330001811,0.5,0.5,7.926935659760087,8.365482233502538,8.435220125786163,278,0,50,0.5,0.5,0.5,genetic,inheritance,inheritance,0.05,10
899,819,782,0.5351743273341947,0.5,0.5,8.015572858731923,8.28937728937729,8.459079283887467,279,0,50,0.5,0.5,0.5,genetic,inheritance,inheritance,0.05,10
921,833,746,0.5361446595586118,0.5,0.5,7.991313789359392,8.164465786314526,8.35254691689008,280,0,50,0.5,0.5,0.5,genetic,inheritance,inheritance,0.05,10
924,850,726,0.5349198674546813,0.5,0.5,8.042207792207792,8.185882352941176,8.238292011019285,281,0,50,0.5,0.5,0.5,genetic,inheritance,inheritance,0.05,10
922,853,725,0.5342265607418709,0.5,0.5,8.223427331887201,8.22860492379836,8.337931034482759,282,0,50,0.5,0.5,0.5,genetic,inheritance,inheritance,0.05,10
907,882,711,0.5344909736629333,0.5,0.5,8.495038588754134,8.300453514739228,8.345991561181435,283,0,50,0.5,0.5,0.5,genetic,inheritance,inheritance,0.05,10
865,883,752,0.534472874115014,0.5,0.5,8.809248554913294,8.13137032842582,8.238031914893616,284,0,50,0.5,0.5,0.5,genetic,inheritance,inheritance,0.05,10
830,909,761,0.5329007205704567,0.5,0.5,8.859036144578313,8.136413641364136,8.180026281208935,285,0,50,0.5,0.5,0.5,genetic,inheritance,inheritance,0.05,10
823,921,756,0.5347893488849703,0.5,0.5,9.061968408262455,8.503800217155266,8.482804232804233,286,0,50,0.5,0.5,0.5,genetic,inheritance,inheritance,0.05,10
803,921,776,0.5350256342868419,0.5,0.5,9.125778331257782,8.566775244299674,8.487113402061855,287,0,50,0.5,0.5,0.5,genetic,inheritance,inheritance,0.05,10
791,919,790,0.5358409411469679,0.5,0.5,9.199747155499368,8.737758433079435,8.431645569620253,288,0,50,0.5,0.5,0.5,genetic,inheritance,inheritance,0.05,10
780,938,782,0.5362709722327924,0.5,0.5,9.212820512820512,8.763326226012794,8.537084398976981,289,0,50,0.5,0.5,0.5,genetic,inheritance,inheritance,0.05,10
770,933,797,0.5393923181294771,0.5,0.5,9.305194805194805,9.02250803858521,8.672521957340026,290,0,50,0.5,0.5,0.5,genetic,inheritance,inheritance,0.05,10
747,950,803,0.5404648518259954,0.5,0.5,9.279785809906292,8.982105263157894,8.884184308841844,291,0,50,0.5,0.5,0.5,genetic,inheritance,inheritance,0.05,10
738,944,818,0.541570402608454,0.5,0.5,9.395663956639567,9.138771186440678,8.99877750611247,292,0,50,0.5,0.5,0.5,genetic,inheritance,inheritance,0.05,10
732,949,819,0.5432720555841338,0.5,0.5,9.15983606557377,9.256059009483668,9.105006105006105,293,0,50,0.5,0.5,0.5,genetic,inheritance,inheritance,0.05,10
732,960,808,0.5458985901395668,0.5,0.5,8.938524590163935,9.39375,9.316831683168317,294,0,50,0.5,0.5,0.5,genetic,inheritance,inheritance,0.05,10
724,973,803,0.5476406962805876,0.5,0.5,8.715469613259668,9.332990750256938,9.443337484433375,295,0,50,0.5,0.5,0.5,genetic,inheritance,inheritance,0.05,10
740,957,803,0.5482789195857737,0.5,0.5,8.258108108108107,9.48380355276907,9.2826899128269,296,0,50,0.5,0.5,0.5,genetic,inheritance,inheritance,0.05,10
761,942,797,0.5494579648962173,0.5,0.5,8.250985545335086,9.690021231422506,9.346298619824342,297,0,50,0.5,0.5,0.5,genetic,inheritance,inheritance,0.05,10
789,912,799,0.548821536605458,0.5,0.5,8.195183776932826,9.802631578947368,9.249061326658323,298,0,50,0.5,0.5,0.5,genetic,inheritance,inheritance,0.05,10
811,894,795,0.5504320176784727,0.5,0.5,8.229346485819976,9.938478747203579,9.266666666666667,299,0,50,0.5,0.5,0.5,genetic,inheritance,inheritance,0.05,10
844,872,784,0.5523722057151361,0.5,0.5,8.063981042654028,10.128440366972477,8.943877551020408,300,0,50,0.5,0.5,0.5,genetic,inheritance,inheritance,0.05,10
849,862,789,0.5519734648056199,0.5,0.5,8.169611307420494,10.13341067285383,8.759188846641319,301,0,50,0.5,0.5,0.5,genetic,inheritance,inheritance,0.05,10
871,837,792,0.5519148445867497,0.5,0.5,8.219288174512055,10.25089605734767,8.641414141414142,302,0,50,0.5,0.5,0.5,genetic,inheritance,inheritance,0.05,10
898,808,794,0.5539865056561633,0.5,0.5,8.292873051224944,10.167079207920793,8.415617128463476,303,0,50,0.5,0.5,0.5,genetic,inheritance,inheritance,0.05,10
919,779,802,0.554001926607765,0.5,0.5,8.48531011969532,9.93966623876765,8.170822942643392,304,0,50,0.5,0.5,0.5,genetic,inheritance,inheritance,0.05,10
912,779,809,0.5540878819629169,0.5,0.5,8.662280701754385,9.602053915275995,8.019777503090236,305,0,50,0.5,0.5,0.5,genetic,inheritance,inheritance,0.05,10
914,765,821,0.5559207536942328,0.5,0.5,8.62582056892779,9.520261437908497,7.661388550548112,306,0,50,0.5,0.5,0.5,genetic,inheritance,inheritance,0.05,10
911,756,833,0.5555556349386156,0.5,0.5,8.961580680570801,9.37037037037037,7.680672268907563,307,0,50,0.5,0.5,0.5,genetic,inheritance,inheritance,0.05,10
912,759,829,0.5543080996999894,0.5,0.5,8.900219298245615,9.027667984189723,7.7322074788902295,308,0,50,0.5,0.5,0.5,genetic,inheritance,inheritance,0.05,10
902,777,821,0.5546827441733893,0.5,0.5,8.912416851441241,8.601029601029602,7.644336175395859,309,0,50,0.5,0.5,0.5,genetic,inheritance,inheritance,0.05,10
890,812,798,0.5535516069910621,0.5,0.5,8.824719101123595,8.357142857142858,7.888471177944862,310,0,50,0.5,0.5,0.5,genetic,inheritance,inheritance,0.05,10
896,821,783,0.5535389507141979,0.5,0.5,8.799107142857142,8.165651644336176,7.983397190293742,311,0,50,0.5,0.5,0.5,genetic,inheritance,inheritance,0.05,10
892,836,772,0.555534886687423,0.5,0.5,8.810538116591928,7.94976076555024,7.990932642487047,312,0,50,0.5,0.5,0.5,genetic,inheritance,inheritance,0.05,10
875,901,724,0.554859185582113,0.5,0.5,8.403428571428572,7.662597114317425,8.269337016574585,313,0,50,0.5,0.5,0.5,genetic,inheritance,inheritance,0.05,10
849,949,702,0.556645765037478,0.5,0.5,8.512367491166078,7.695468914646997,8.468660968660968,314,0,50,0.5,0.5,0.5,genetic,inheritance,inheritance,0.05,10
821,991,688,0.5577416229963912,0.5,0.5,8.303288672350792,7.698284561049445,8.468023255813954,315,0,50,0.5,0.5,0.5,genetic,inheritance,inheritance,0.05,10
826,1004,670,0.5592412390272692,0.5,0.5,8.232445520581114,7.837649402390438,8.394029850746268,316,0,50,0.5,0.5,0.5,genetic,inheritance,inheritance,0.05,10
813,1033,654,0.5594076004650734,0.5,0.5,8.030750307503075,7.904162633107454,8.36085626911315,317,0,50,0.5,0.5,0.5,genetic,inheritance,inheritance,0.05,10
806,1051,643,0.5595706999988775,0.5,0.5,7.903225806451613,8.026641294005708,8.079315707620529,318,0,50,0.5,0.5,0.5,genetic,inheritance,inheritance,0.05,10
780,1078,642,0.5592104416508135,0.5,0.5,8.044871794871796,8.131725417439704,8.123052959501557,319,0,50,0.5,0.5,0.5,genetic,inheritance,inheritance,0.05,10
767,1107,626,0.5581861932795644,0.5,0.5,7.771838331160365,8.318879855465221,7.819488817891374,320,0,50,0.5,0.5,0.5,genetic,inheritance,inheritance,0.05,10
763,1129,608,0.5564012002437384,0.5,0.5,7.7208387942332894,8.54738706820195,7.842105263157895,321,0,50,0.5,0.5,0.5,genetic,inheritance,inheritance,0.05,10
734,1156,610,0.5559939670030468,0.5,0.5,7.7493188010899186,8.900519031141869,7.898360655737705,322,0,50,0.5,0.5,0.5,genetic,inheritance,inheritance,0.05,10
711,1176,613,0.5562314062363,0.5,0.5,7.789029535864979,9.195578231292517,7.864600326264274,323,0,50,0.5,0.5,0.5,genetic,inheritance,inheritance,0.05,10
696,1175,629,0.5565046690571986,0.5,0.5,7.790229885057471,9.493617021276595,7.737678855325914,324,0,50,0.5,0.5,0.5,genetic,inheritance,inheritance,0.05,10
684,1140,676,0.5578891460730145,0.5,0.5,7.826023391812866,9.710526315789474,7.3890532544378695,325,0,50,0.5,0.5,0.5,genetic,inheritance,inheritance,0.05,10
662,1128,710,0.5590339950332723,0.5,0.5,8.046827794561933,9.895390070921986,7.377464788732395,326,0,50,0.5,0.5,0.5,genetic,inheritance,inheritance,0.05,10
636,1126,738,0.5565374997850376,0.5,0.5,8.080188679245284,9.906749555950267,7.365853658536586,327,0,50,0.5,0.5,0.5,genetic,inheritance,inheritance,0.05,10
609,1138,753,0.5563435470313369,0.5,0.5,8.192118226600986,10.048330404217927,7.53652058432935,328,0,50,0.5,0.5,0.5,genetic,inheritance,inheritance,0.05,10
599,1132,769,0.5554962768188421,0.5,0.5,8.08347245409015,10.280918727915195,7.520156046814044,329,0,50,0.5,0.5,0.5,genetic,inheritance,inheritance,0.05,10
594,1116,790,0.5557022247353866,0.5,0.5,7.951178451178452,10.387096774193548,7.460759493670886,330,0,50,0.5,0.5,0.5,genetic,inheritance,inheritance,0.05,10
579,1121,800,0.5573102460433618,0.5,0.5,7.744386873920552,10.31935771632471,7.4575,331,0,50,0.5,0.5,0.5,genetic,inheritance,inheritance,0.05,10
563,1110,827,0.5576079993551101,0.5,0.5,7.856127886323268,10.593693693693695,7.5126964933494556,332,0,50,0.5,0.5,0.5,genetic,inheritance,inheritance,0.05,10
550,1097,853,0.559375347272323,0.5,0.5,7.823636363636363,10.632634457611669,7.620164126611958,333,0,50,0.5,0.5,0.5,genetic,inheritance,inheritance,0.05,10
557,1047,896,0.5600606326363408,0.5,0.5,7.649910233393178,10.71251193887297,7.488839285714286,334,0,50,0.5,0.5,0.5,genetic,inheritance,inheritance,0.05,10
574,995,931,0.562078195020477,0.5,0.5,7.578397212543554,10.792964824120602,7.429645542427497,335,0,50,0.5,0.5,0.5,genetic,inheritance,inheritance,0.05,10
576,956,968,0.5631687375303636,0.5,0.5,7.451388888888889,10.72907949790795,7.490702479338843,336,0,50,0.5,0.5,0.5,genetic,inheritance,inheritance,0.05,10
594,947,959,0.5640164322982598,0.5,0.5,7.092592592592593,10.875395987328405,7.750782064650678,337,0,50,0.5,0.5,0.5,genetic,inheritance,inheritance,0.05,10
609,907,984,0.5634044906764779,0.5,0.5,6.998357963875205,11.083792723263507,7.7144308943089435,338,0,50,0.5,0.5,0.5,genetic,inheritance,inheritance,0.05,10
614,870,1016,0.5616488452335592,0.5,0.5,6.9397394136807815,10.812643678160919,7.833661417322834,339,0,50,0.5,0.5,0.5,genetic,inheritance,inheritance,0.05,10
628,849,1023,0.5630982744168987,0.5,0.5,6.937898089171974,10.684334511189634,8.037145650048876,340,0,50,0.5,0.5,0.5,genetic,inheritance,inheritance,0.05,10
653,795,1052,0.5638759987126261,0.5,0.5,6.817764165390505,10.584905660377359,8.038973384030419,341,0,50,0.5,0.5,0.5,genetic,inheritance,inheritance,0.05,10
668,784,1048,0.5635807265211444,0.5,0.5,6.9880239520958085,10.598214285714286,8.36259541984733,342,0,50,0.5,0.5,0.5,genetic,inheritance,inheritance,0.05,10
696,769,1035,0.5638765621105709,0.5,0.5,6.771551724137931,10.046814044213264,8.526570048309178,343,0,50,0.5,0.5,0.5,genetic,inheritance,inheritance,0.05,10
699,759,1042,0.5656297766724012,0.5,0.5,6.84549356223176,9.683794466403162,8.645873320537428,344,0,50,0.5,0.5,0.5,genetic,inheritance,inheritance,0.05,10
719,733,1048,0.5660716975417521,0.5,0.5,6.831710709318498,9.369713506139155,8.711832061068701,345,0,50,0.5,0.5,0.5,genetic,inheritance,inheritance,0.05,10
750,727,1023,0.5625489740824515,0.5,0.5,6.6626666666666665,9.101788170563962,8.757575757575758,346,0,50,0.5,0.5,0.5,genetic,inheritance,inheritance,0.05,10
768,704,1028,0.5616648158945248,0.5,0.5,6.666666666666667,8.833806818181818,8.775291828793774,347,0,50,0.5,0.5,0.5,genetic,inheritance,inheritance,0.05,10
791,705,1004,0.5603745748795691,0.5,0.5,6.651074589127687,8.631205673758865,8.98207171314741,348,0,50,0.5,0.5,0.5,genetic,inheritance,inheritance,0.05,10
840,696,964,0.5588857507481574,0.5,0.5,6.773809523809524,8.580459770114942,9.217842323651452,349,0,50,0.5,0.5,0.5,genetic,inheritance,inheritance,0.05,10
854,726,920,0.5589354585426626,0.5,0.5,6.749414519906323,8.438016528925619,9.477173913043478,350,0,50,0.5,0.5,0.5,genetic,inheritance,inheritance,0.05,10
894,722,884,0.5598199588194783,0.5,0.5,6.814317673378076,8.387811634349031,9.649321266968325,351,0,50,0.5,0.5,0.5,genetic,inheritance,inheritance,0.05,10
921,742,837,0.559309787791152,0.5,0.5,6.98914223669924,8.508086253369273,9.98805256869773,352,0,50,0.5,0.5,0.5,genetic,inheritance,inheritance,0.05,10
954,766,780,0.5592291683977302,0.5,0.5,7.1572327044025155,8.56396866840731,10.334615384615384,353,0,50,0.5,0.5,0.5,genetic,inheritance,inheritance,0.05,10
988,757,755,0.558415287447198,0.5,0.5,7.382591093117409,8.833553500660502,10.197350993377484,354,0,50,0.5,0.5,0.5,genetic,inheritance,inheritance,0.05,10
1017,762,721,0.5596745524627357,0.5,0.5,7.6047197640118,8.849081364829397,10.223300970873787,355,0,50,0.5,0.5,0.5,genetic,inheritance,inheritance,0.05,10
1056,780,664,0.5585101573464326,0.5,0.5,7.848484848484849,9.01923076923077,10.600903614457831,356,0,50,0.5,0.5,0.5,genetic,inheritance,inheritance,0.05,10
1077,791,632,0.5572774215714332,0.5,0.5,8.056638811513464,9.332490518331227,10.318037974683545,357,0,50,0.5,0.5,0.5,genetic,inheritance,inheritance,0.05,10
1095,809,596,0.5546879196311846,0.5,0.5,8.203652968036529,9.42274412855377,9.993288590604028,358,0,50,0.5,0.5,0.5,genetic,inheritance,inheritance,0.05,10
1114,828,558,0.5547897965336465,0.5,0.5,8.257630161579891,9.353864734299517,9.421146953405017,359,0,50,0.5,0.5,0.5,genetic,inheritance,inheritance,0.05,10
1134,822,544,0.555381133971586,0.5,0.5,8.580246913580247,9.4330900243309,8.654411764705882,360,0,50,0.5,0.5,0.5,genetic,inheritance,inheritance,0.05,10
1116,843,541,0.5549963565085719,0.5,0.5,8.982974910394265,9.405693950177936,8.22920517560074,361,0,50,0.5,0.5,0.5,genetic,inheritance,inheritance,0.05,10
1113,872,515,0.5547994962768797,0.5,0.5,9.265049415992813,9.577981651376147,8.083495145631067,362,0,50,0.5,0.5,0.5,genetic,inheritance,inheritance,0.05,10
1064,912,524,0.5544039857193859,0.5,0.5,9.791353383458647,9.50219298245614,7.937022900763359,363,0,50,0.5,0.5,0.5,genetic,inheritance,inheritance,0.05,10
1036,950,514,0.5535290930020886,0.5,0.5,10.146718146718147,9.443157894736842,7.766536964980545,364,0,50,0.5,0.5,0.5,genetic,inheritance,inheritance,0.05,10
1007,978,515,0.5514460813532173,0.5,0.5,10.443892750744787,9.19836400817996,7.623300970873786,365,0,50,0.5,0.5,0.5,genetic,inheritance,inheritance,0.05,10
966,1009,525,0.550456074986514,0.5,0.5,10.719461697722567,9.067393458870168,7.51047619047619,366,0,50,0.5,0.5,0.5,genetic,inheritance,inheritance,0.05,10
914,1057,529,0.5512737054752925,0.5,0.5,11.024070021881839,8.96499526963103,7.534971644612476,367,0,50,0.5,0.5,0.5,genetic,inheritance,inheritance,0.05,10
878,1093,529,0.551177835906773,0.5,0.5,11.193621867881548,9.03476669716377,7.56710775047259,368,0,50,0.5,0.5,0.5,genetic,inheritance,inheritance,0.05,10
815,1125,560,0.5489042061152172,0.5,0.5,11.483435582822086,8.889777777777777,7.355357142857143,369,0,50,0.5,0.5,0.5,genetic,inheritance,inheritance,0.05,10
772,1144,584,0.5491600420660299,0.5,0.5,11.5,8.993006993006993,7.311643835616438,370,0,50,0.5,0.5,0.5,genetic,inheritance,inheritance,0.05,10
721,1157,622,0.5479028448049209,0.5,0.5,11.682385575589459,8.872082973206568,7.209003215434084,371,0,50,0.5,0.5,0.5,genetic,inheritance,inheritance,0.05,10
673,1183,644,0.5455954330857955,0.5,0.5,11.520059435364042,9.084530853761622,7.217391304347826,372,0,50,0.5,0.5,0.5,genetic,inheritance,inheritance,0.05,10
623,1206,671,0.5473147934229698,0.5,0.5,11.359550561797754,9.17910447761194,7.394932935916542,373,0,50,0.5,0.5,0.5,genetic,inheritance,inheritance,0.05,10
576,1226,698,0.5464857605497444,0.5,0.5,11.00173611111111,9.261011419249591,7.332378223495702,374,0,50,0.5,0.5,0.5,genetic,inheritance,inheritance,0.05,10
552,1220,728,0.545303572179065,0.5,0.5,10.478260869565217,9.544262295081968,7.406593406593407,375,0,50,0.5,0.5,0.5,genetic,inheritance,inheritance,0.05,10
562,1196,742,0.5445543586370399,0.5,0.5,9.747330960854093,9.91304347826087,7.451482479784366,376,0,50,0.5,0.5,0.5,genetic,inheritance,inheritance,0.05,10
550,1178,772,0.5461215609400719,0.5,0.5,9.414545454545454,10.077249575551782,7.318652849740933,377,0,50,0.5,0.5,0.5,genetic,inheritance,inheritance,0.05,10
531,1169,800,0.5482499127393597,0.5,0.5,9.306967984934087,10.532934131736527,7.60125,378,0,50,0.5,0.5,0.5,genetic,inheritance,inheritance,0.05,10
531,1143,826,0.5489603717302425,0.5,0.5,9.00376647834275,10.748906386701663,7.682808716707021,379,0,50,0.5,0.5,0.5,genetic,inheritance,inheritance,0.05,10
546,1112,842,0.5506533845337492,0.5,0.5,8.639194139194139,11.090827338129497,7.726840855106889,380,0,50,0.5,0.5,0.5,genetic,inheritance,inheritance,0.05,10
547,1074,879,0.5524414738938246,0.5,0.5,8.371115173674589,11.427374301675977,7.6598407281001135,381,0,50,0.5,0.5,0.5,genetic,inheritance,inheritance,0.05,10
545,1020,935,0.5530185158757404,0.5,0.5,8.396330275229358,11.624509803921569,7.559358288770054,382,0,50,0.5,0.5,0.5,genetic,inheritance,inheritance,0.05,10
555,996,949,0.550921646623423,0.5,0.5,8.122522522522523,11.932730923694779,7.6195995785036885,383,0,50,0.5,0.5,0.5,genetic,inheritance,inheritance,0.05,10
563,962,975,0.5521581134983785,0.5,0.5,7.811722912966252,12.042619542619542,7.682051282051282,384,0,50,0.5,0.5,0.5,genetic,inheritance,inheritance,0.05,10
574,908,1018,0.5524356295858391,0.5,0.5,7.7473867595818815,12.22136563876652,7.540275049115913,385,0,50,0.5,0.5,0.5,genetic,inheritance,inheritance,0.05,10
592,872,1036,0.5532696006595446,0.5,0.5,7.706081081081081,12.307339449541285,7.748069498069498,386,0,50,0.5,0.5,0.5,genetic,inheritance,inheritance,0.05,10
624,831,1045,0.5543571582593975,0.5,0.5,7.355769230769231,12.245487364620939,7.860287081339713,387,0,50,0.5,0.5,0.5,genetic,inheritance,inheritance,0.05,10
635,786,1079,0.5530894209869633,0.5,0.5,7.261417322834646,12.302798982188294,8.025949953660797,388,0,50,0.5,0.5,0.5,genetic,inheritance,inheritance,0.05,10
661,747,1092,0.5548197110141657,0.5,0.5,7.19213313161876,11.886211512717537,8.10989010989011,389,0,50,0.5,0.5,0.5,genetic,inheritance,inheritance,0.05,10
669,716,1115,0.5548309301625709,0.5,0.5,7.393124065769806,11.46927374301676,8.372197309417041,390,0,50,0.5,0.5,0.5,genetic,inheritance,inheritance,0.05,10
677,686,1137,0.5546626104733174,0.5,0.5,7.627769571639586,11.205539358600584,8.703605980650835,391,0,50,0.5,0.5,0.5,genetic,inheritance,inheritance,0.05,10
685,652,1163,0.5529616443190754,0.5,0.5,7.6671532846715325,10.794478527607362,8.914015477214102,392,0,50,0.5,0.5,0.5,genetic,inheritance,inheritance,0.05,10
685,638,1177,0.5531597655681693,0.5,0.5,7.7912408759124085,10.274294670846395,9.346644010195412,393,0,50,0.5,0.5,0.5,genetic,inheritance,inheritance,0.05,10
690,638,1172,0.551943188192938,0.5,0.5,7.913043478260869,10.036050156739812,9.872013651877133,394,0,50,0.5,0.5,0.5,genetic,inheritance,inheritance,0.05,10
697,623,1180,0.550737281360901,0.5,0.5,8.119081779053085,9.741573033707866,10.244915254237288,395,0,50,0.5,0.5,0.5,genetic,inheritance,inheritance,0.05,10
729,605,1166,0.5495895356840851,0.5,0.5,7.8559670781893,9.170247933884298,10.430531732418524,396,0,50,0.5,0.5,0.5,genetic,inheritance,inheritance,0.05,10
743,605,1152,0.5536422831766207,0.5,0.5,7.788694481830417,8.882644628099174,10.65017361111111,397,0,50,0.5,0.5,0.5,genetic,inheritance,inheritance,0.05,10
775,599,1126,0.5535504971805009,0.5,0.5,7.6735483870967744,8.54424040066778,10.954706927175843,398,0,50,0.5,0.5,0.5,genetic,inheritance,inheritance,0.05,10
805,589,1106,0.5543552421269193,0.5,0.5,7.572670807453417,8.383701188455008,11.066003616636529,399,0,50,0.5,0.5,0.5,genetic,inheritance,inheritance,0.05,10
852,599,1049,0.5572366138186997,0.5,0.5,7.279342723004695,8.186978297161936,11.280266920877025,400,0,50,0.5,0.5,0.5,genetic,inheritance,inheritance,0.05,10
881,622,997,0.5592634483525243,0.5,0.5,7.145289443813848,8.20096463022508,11.369107321965897,401,0,50,0.5,0.5,0.5,genetic,inheritance,inheritance,0.05,10
907,630,963,0.5605902009708021,0.5,0.5,7.242557883131202,8.144444444444444,11.496365524402908,402,0,50,0.5,0.5,0.5,genetic,inheritance,inheritance,0.05,10
948,641,911,0.562093945286948,0.5,0.5,7.203586497890296,8.054602184087363,11.576289791437981,403,0,50,0.5,0.5,0.5,genetic,inheritance,inheritance,0.05,10
975,650,875,0.5639107381993708,0.5,0.5,7.217435897435897,7.866153846153846,11.802285714285714,404,0,50,0.5,0.5,0.5,genetic,inheritance,inheritance,0.05,10
1009,668,823,0.5643451611780798,0.5,0.5,7.248761149653122,7.827844311377246,12.009720534629405,405,0,50,0.5,0.5,0.5,genetic,inheritance,inheritance,0.05,10
1041,676,783,0.5663995987322474,0.5,0.5,7.393852065321806,8.01923076923077,11.952745849297573,406,0,50,0.5,0.5,0.5,genetic,inheritance,inheritance,0.05,10
1083,692,725,0.5670119821994016,0.5,0.5,7.486611265004616,8.039017341040463,11.746206896551724,407,0,50,0.5,0.5,0.5,genetic,inheritance,inheritance,0.05,10
1130,702,668,0.5672652703097374,0.5,0.5,7.662831858407079,8.022792022792023,11.60179640718563,408,0,50,0.5,0.5,0.5,genetic,inheritance,inheritance,0.05,10
1133,719,648,0.5680613981151055,0.5,0.5,8.05648720211827,8.070931849791377,11.381172839506172,409,0,50,0.5,0.5,0.5,genetic,inheritance,inheritance,0.05,10
1127,748,625,0.5679008243471161,0.5,0.5,8.343389529724934,8.140374331550802,11.1344,410,0,50,0.5,0.5,0.5,genetic,inheritance,inheritance,0.05,10
1129,779,592,0.5692632524845709,0.5,0.5,8.621789193976971,8.17586649550706,10.815878378378379,411,0,50,0.5,0.5,0.5,genetic,inheritance,inheritance,0.05,10
1146,798,556,0.5700589395515466,0.5,0.5,8.86910994764398,8.31829573934837,10.296762589928058,412,0,50,0.5,0.5,0.5,genetic,inheritance,inheritance,0.05,10
1120,829,551,0.5724410783643427,0.5,0.5,9.191964285714286,8.201447527141134,10.09437386569873,413,0,50,0.5,0.5,0.5,genetic,inheritance,inheritance,0.05,10
1123,855,522,0.5726314105813393,0.5,0.5,9.219946571682993,8.130994152046783,9.545977011494253,414,0,50,0.5,0.5,0.5,genetic,inheritance,inheritance,0.05,10
1098,893,509,0.5731088597845259,0.5,0.5,9.568306010928962,8.120940649496081,9.104125736738704,415,0,50,0.5,0.5,0.5,genetic,inheritance,inheritance,0.05,10
1091,945,464,0.5737664043968778,0.5,0.5,9.553620531622364,8.097354497354498,8.422413793103448,416,0,50,0.5,0.5,0.5,genetic,inheritance,inheritance,0.05,10
1030,990,480,0.5733078605280391,0.5,0.5,9.898058252427184,8.127272727272727,8.014583333333333,417,0,50,0.5,0.5,0.5,genetic,inheritance,inheritance,0.05,10
979,1058,463,0.5730678137725188,0.5,0.5,9.965270684371808,8.025519848771266,7.667386609071274,418,0,50,0.5,0.5,0.5,genetic,inheritance,inheritance,0.05,10
963,1099,438,0.5732631964347129,0.5,0.5,10.019730010384215,8.21838034576888,7.634703196347032,419,0,50,0.5,0.5,0.5,genetic,inheritance,inheritance,0.05,10
915,1134,451,0.5718504375144486,0.5,0.5,10.29071038251366,8.39594356261023,7.467849223946785,420,0,50,0.5,0.5,0.5,genetic,inheritance,inheritance,0.05,10
870,1152,478,0.5728612545905676,0.5,0.5,10.564367816091954,8.48263888888889,7.144351464435147,421,0,50,0.5,0.5,0.5,genetic,inheritance,inheritance,0.05,10
828,1174,498,0.5709483321679143,0.5,0.5,10.63647342995169,8.556218057921635,6.801204819277109,422,0,50,0.5,0.5,0.5,genetic,inheritance,inheritance,0.05,10
766,1207,527,0.5693354023978205,0.5,0.5,10.866840731070496,8.585749792874896,6.478178368121442,423,0,50,0.5,0.5,0.5,genetic,inheritance,inheritance,0.05,10
731,1218,551,0.5695336720341174,0.5,0.5,10.88919288645691,8.836617405582922,6.539019963702359,424,0,50,0.5,0.5,0.5,genetic,inheritance,inheritance,0.05,10
711,1206,583,0.5697911257763897,0.5,0.5,11.014064697609001,9.028192371475953,6.317324185248713,425,0,50,0.5,0.5,0.5,genetic,inheritance,inheritance,0.05,10
666,1224,610,0.5708199966749613,0.5,0.5,10.987987987987989,9.098856209150327,6.285245901639344,426,0,50,0.5,0.5,0.5,genetic,inheritance,inheritance,0.05,10
602,1235,663,0.5695192229842947,0.5,0.5,10.978405315614618,9.223481781376519,6.440422322775264,427,0,50,0.5,0.5,0.5,genetic,inheritance,inheritance,0.05,10
560,1227,713,0.5696852485550132,0.5,0.5,10.857142857142858,9.4360228198859,6.544179523141655,428,0,50,0.5,0.5,0.5,genetic,inheritance,inheritance,0.05,10
525,1216,759,0.56666420064147,0.5,0.5,10.93142857142857,9.721217105263158,6.779973649538867,429,0,50,0.5,0.5,0.5,genetic,inheritance,inheritance,0.05,10
486,1205,809,0.5664273632290058,0.5,0.5,10.872427983539094,9.845643153526972,6.826946847960445,430,0,50,0.5,0.5,0.5,genetic,inheritance,inheritance,0.05,10
475,1191,834,0.563341827000571,0.5,0.5,10.176842105263157,10.230058774139378,7.1378896882494,431,0,50,0.5,0.5,0.5,genetic,inheritance,inheritance,0.05,10
475,1162,863,0.5614777622790177,0.5,0.5,9.793684210526315,10.589500860585199,7.360370799536501,432,0,50,0.5,0.5,0.5,genetic,inheritance,inheritance,0.05,10
456,1125,919,0.5614837914647598,0.5,0.5,9.760964912280702,10.911111111111111,7.576713819368879,433,0,50,0.5,0.5,0.5,genetic,inheritance,inheritance,0.05,10
453,1073,974,0.559056145359505,0.5,0.5,9.699779249448124,11.223671947809878,7.62217659137577,434,0,50,0.5,0.5,0.5,genetic,inheritance,inheritance,0.05,10
452,1014,1034,0.5589524840351453,0.5,0.5,9.27212389380531,11.310650887573965,7.758220502901354,435,0,50,0.5,0.5,0.5,genetic,inheritance,inheritance,0.05,10
457,996,1047,0.5574521461421648,0.5,0.5,8.37636761487965,11.431726907630521,8.0792741165234,436,0,50,0.5,0.5,0.5,genetic,inheritance,inheritance,0.05,10
457,968,1075,0.5595746707138184,0.5,0.5,7.894967177242888,11.431818181818182,8.404651162790698,437,0,50,0.5,0.5,0.5,genetic,inheritance,inheritance,0.05,10
459,937,1104,0.5579193769651201,0.5,0.5,7.666666666666667,11.668089647812167,8.77445652173913,438,0,50,0.5,0.5,0.5,genetic,inheritance,inheritance,0.05,10
467,925,1108,0.5614468753196312,0.5,0.5,7.0235546038543895,11.716756756756757,8.954873646209386,439,0,50,0.5,0.5,0.5,genetic,inheritance,inheritance,0.05,10
491,922,1087,0.5616715381769548,0.5,0.5,6.531568228105907,11.83405639913232,9.293468261269549,440,0,50,0.5,0.5,0.5,genetic,inheritance,inheritance,0.05,10
528,891,1081,0.5597321670670032,0.5,0.5,6.354166666666667,12.244668911335578,9.49213691026827,441,0,50,0.5,0.5,0.5,genetic,inheritance,inheritance,0.05,10
569,836,1095,0.5605189971510341,0.5,0.5,6.219683655536028,12.394736842105264,9.579908675799087,442,0,50,0.5,0.5,0.5,genetic,inheritance,inheritance,0.05,10
622,799,1079,0.5616281940292366,0.5,0.5,6.115755627009646,12.494367959949937,9.654309545875812,443,0,50,0.5,0.5,0.5,genetic,inheritance,inheritance,0.05,10
662,767,1071,0.5628470759156056,0.5,0.5,6.114803625377643,12.560625814863103,9.722689075630251,444,0,50,0.5,0.5,0.5,genetic,inheritance,inheritance,0.05,10
722,744,1034,0.5643970179385147,0.5,0.5,5.941828254847645,12.591397849462366,9.958413926499032,445,0,50,0.5,0.5,0.5,genetic,inheritance,inheritance,0.05,10
769,707,1024,0.5655283257182024,0.5,0.5,6.143042912873862,12.63932107496464,10.03125,446,0,50,0.5,0.5,0.5,genetic,inheritance,inheritance,0.05,10
818,697,985,0.5662206521746127,0.5,0.5,6.0843520782396086,12.380200860832138,10.105583756345178,447,0,50,0.5,0.5,0.5,genetic,inheritance,inheritance,0.05,10
879,669,952,0.5671492301835974,0.5,0.5,6.281001137656427,12.357249626307922,10.007352941176471,448,0,50,0.5,0.5,0.5,genetic,inheritance,inheritance,0.05,10
925,649,926,0.5678748273439634,0.5,0.5,6.52972972972973,12.155624036979969,10.063714902807776,449,0,50,0.5,0.5,0.5,genetic,inheritance,inheritance,0.05,10
976,643,881,0.5668767766290148,0.5,0.5,6.594262295081967,11.827371695178849,9.889897843359819,450,0,50,0.5,0.5,0.5,genetic,inheritance,inheritance,0.05,10
1005,636,859,0.567567511623276,0.5,0.5,6.960199004975125,11.570754716981131,9.954598370197905,451,0,50,0.5,0.5,0.5,genetic,inheritance,inheritance,0.05,10
1043,624,833,0.5694671314312002,0.5,0.5,7.286673058485139,11.379807692307692,9.77310924369748,452,0,50,0.5,0.5,0.5,genetic,inheritance,inheritance,0.05,10
1061,620,819,0.5696692789157671,0.5,0.5,7.7181903864278985,10.87741935483871,9.719169719169718,453,0,50,0.5,0.5,0.5,genetic,inheritance,inheritance,0.05,10
1109,615,776,0.5697483680224698,0.5,0.5,7.896302975653742,10.092682926829267,9.782216494845361,454,0,50,0.5,0.5,0.5,genetic,inheritance,inheritance,0.05,10
1153,611,736,0.5702086317446967,0.5,0.5,8.218560277536861,9.798690671031096,9.69836956521739,455,0,50,0.5,0.5,0.5,genetic,inheritance,inheritance,0.05,10
1159,633,708,0.570065278141023,0.5,0.5,8.477135461604831,9.278041074249606,9.668079096045197,456,0,50,0.5,0.5,0.5,genetic,inheritance,inheritance,0.05,10
1170,667,663,0.5704686316566563,0.5,0.5,8.722222222222221,8.72263868065967,9.546003016591252,457,0,50,0.5,0.5,0.5,genetic,inheritance,inheritance,0.05,10
1157,703,640,0.5699813040654315,0.5,0.5,9.029386343993085,8.233285917496444,9.2859375,458,0,50,0.5,0.5,0.5,genetic,inheritance,inheritance,0.05,10
1147,743,610,0.5711378678538385,0.5,0.5,9.31996512641674,8.156123822341858,9.268852459016394,459,0,50,0.5,0.5,0.5,genetic,inheritance,inheritance,0.05,10
1154,775,571,0.5725905449349131,0.5,0.5,9.501733102253032,8.144516129032258,9.220665499124344,460,0,50,0.5,0.5,0.5,genetic,inheritance,inheritance,0.05,10
1151,803,546,0.5723076685424378,0.5,0.5,9.784535186794091,7.935242839352428,9.036630036630036,461,0,50,0.5,0.5,0.5,genetic,inheritance,inheritance,0.05,10
1114,864,522,0.5713079626160497,0.5,0.5,10.148114901256733,7.8344907407407405,9.022988505747126,462,0,50,0.5,0.5,0.5,genetic,inheritance,inheritance,0.05,10
1080,902,518,0.5701733208856058,0.5,0.5,10.423148148148147,7.773835920177383,8.855212355212355,463,0,50,0.5,0.5,0.5,genetic,inheritance,inheritance,0.05,10
1055,956,489,0.5720161936992261,0.5,0.5,10.522274881516587,7.864016736401673,8.703476482617587,464,0,50,0.5,0.5,0.5,genetic,inheritance,inheritance,0.05,10
1039,975,486,0.5720129390427715,0.5,0.5,10.717998075072185,8.054358974358975,8.358024691358025,465,0,50,0.5,0.5,0.5,genetic,inheritance,inheritance,0.05,10
1020,1015,465,0.5717503245423241,0.5,0.5,10.876470588235295,8.254187192118227,8.421505376344086,466,0,50,0.5,0.5,0.5,genetic,inheritance,inheritance,0.05,10
984,1052,464,0.5715403506372777,0.5,0.5,11.004065040650406,8.328897338403042,8.012931034482758,467,0,50,0.5,0.5,0.5,genetic,inheritance,inheritance,0.05,10
945,1079,476,0.5721265757279229,0.5,0.5,11.00952380952381,8.3725671918443,7.720588235294118,468,0,50,0.5,0.5,0.5,genetic,inheritance,inheritance,0.05,10
927,1092,481,0.5721099747394294,0.5,0.5,11.034519956850055,8.6492673992674,7.376299376299376,469,0,50,0.5,0.5,0.5,genetic,inheritance,inheritance,0.05,10
883,1117,500,0.5711966217054395,0.5,0.5,11.121177802944507,8.706356311548792,7.238,470,0,50,0.5,0.5,0.5,genetic,inheritance,inheritance,0.05,10
839,1136,525,0.5717984785475767,0.5,0.5,11.199046483909417,8.85475352112676,7.007619047619047,471,0,50,0.5,0.5,0.5,genetic,inheritance,inheritance,0.05,10
792,1154,554,0.5700223396392172,0.5,0.5,11.319444444444445,8.88734835355286,6.770758122743683,472,0,50,0.5,0.5,0.5,genetic,inheritance,inheritance,0.05,10
744,1149,607,0.5696864060110277,0.5,0.5,11.366935483870968,8.985204525674499,6.401976935749588,473,0,50,0.5,0.5,0.5,genetic,inheritance,inheritance,0.05,10
720,1130,650,0.5698556828259003,0.5,0.5,11.143055555555556,9.167256637168142,6.2676923076923075,474,0,50,0.5,0.5,0.5,genetic,inheritance,inheritance,0.05,10
694,1123,683,0.5718392236872171,0.5,0.5,10.80835734870317,9.252894033837935,6.387994143484627,475,0,50,0.5,0.5,0.5,genetic,inheritance,inheritance,0.05,10
674,1117,709,0.5739866628446371,0.5,0.5,10.70919881305638,9.452999104744853,6.4428772919605075,476,0,50,0.5,0.5,0.5,genetic,inheritance,inheritance,0.05,10
629,1110,761,0.5745122672065974,0.5,0.5,10.686804451510334,9.645945945945947,6.541392904073588,477,0,50,0.5,0.5,0.5,genetic,inheritance,inheritance,0.05,10
605,1094,801,0.5745423450799961,0.5,0.5,10.553719008264462,9.680987202925046,6.787765293383271,478,0,50,0.5,0.5,0.5,genetic,inheritance,inheritance,0.05,10
571,1079,850,0.5789379338209055,0.5,0.5,10.171628721541156,9.686746987951807,7.023529411764706,479,0,50,0.5,0.5,0.5,genetic,inheritance,inheritance,0.05,10
541,1052,907,0.5774881329088118,0.5,0.5,10.149722735674677,9.754752851711027,7.209481808158765,480,0,50,0.5,0.5,0.5,genetic,inheritance,inheritance,0.05,10
527,1008,965,0.5788040548855814,0.5,0.5,9.631878557874764,9.675595238095237,7.255958549222798,481,0,50,0.5,0.5,0.5,genetic,inheritance,inheritance,0.05,10
533,984,983,0.5812969980598398,0.5,0.5,9.136960600375234,9.791666666666666,7.4496439471007125,482,0,50,0.5,0.5,0.5,genetic,inheritance,inheritance,0.05,10
530,947,1023,0.5832309683263418,0.5,0.5,8.813207547169812,9.97676874340021,7.6412512218963835,483,0,50,0.5,0.5,0.5,genetic,inheritance,inheritance,0.05,10
563,905,1032,0.5842540797363753,0.5,0.5,8.204262877442273,10.278453038674034,7.977713178294573,484,0,50,0.5,0.5,0.5,genetic,inheritance,inheritance,0.05,10
586,872,1042,0.5877280651488361,0.5,0.5,7.5699658703071675,10.216743119266056,8.099808061420346,485,0,50,0.5,0.5,0.5,genetic,inheritance,inheritance,0.05,10
584,846,1070,0.5895352418768295,0.5,0.5,7.092465753424658,10.081560283687944,8.276635514018691,486,0,50,0.5,0.5,0.5,genetic,inheritance,inheritance,0.05,10
605,816,1079,0.5923342077443131,0.5,0.5,6.79504132231405,10.067401960784315,8.578313253012048,487,0,50,0.5,0.5,0.5,genetic,inheritance,inheritance,0.05,10
648,801,1051,0.5930011092703683,0.5,0.5,6.674382716049383,10.21598002496879,8.93815413891532,488,0,50,0.5,0.5,0.5,genetic,inheritance,inheritance,0.05,10
661,770,1069,0.5911616899360485,0.5,0.5,6.638426626323752,9.964935064935064,9.00935453695042,489,0,50,0.5,0.5,0.5,genetic,inheritance,inheritance,0.05,10
686,758,1056,0.5908554608161171,0.5,0.5,6.816326530612245,10.179419525065963,9.410984848484848,490,0,50,0.5,0.5,0.5,genetic,inheritance,inheritance,0.05,10
723,741,1036,0.5914656942548454,0.5,0.5,6.857538035961272,10.442645074224021,9.652509652509652,491,0,50,0.5,0.5,0.5,genetic,inheritance,inheritance,0.05,10
774,688,1038,0.5913969853912675,0.5,0.5,6.891472868217054,10.318313953488373,9.607899807321772,492,0,50,0.5,0.5,0.5,genetic,inheritance,inheritance,0.05,10
824,677,999,0.5932558979747249,0.5,0.5,6.896844660194175,10.15805022156573,9.805805805805806,493,0,50,0.5,0.5,0.5,genetic,inheritance,inheritance,0.05,10
859,668,973,0.5931357431136112,0.5,0.5,7.087310826542491,10.142215568862275,9.90955806783145,494,0,50,0.5,0.5,0.5,genetic,inheritance,inheritance,0.05,10
880,663,957,0.5936597959060976,0.5,0.5,7.3306818181818185,9.975867269984917,10.18599791013584,495,0,50,0.5,0.5,0.5,genetic,inheritance,inheritance,0.05,10
921,681,898,0.5936970566196889,0.5,0.5,7.301845819761129,9.7856093979442,10.344097995545656,496,0,50,0.5,0.5,0.5,genetic,inheritance,inheritance,0.05,10
961,665,874,0.5936911192492837,0.5,0.5,7.609781477627472,9.676691729323307,10.221967963386728,497,0,50,0.5,0.5,0.5,genetic,inheritance,inheritance,0.05,10
998,656,846,0.5920270690941507,0.5,0.5,7.717434869739479,9.586890243902438,10.127659574468085,498,0,50,0.5,0.5,0.5,genetic,inheritance,inheritance,0.05,10
1016,667,817,0.5921697581818923,0.5,0.5,7.857283464566929,8.976011994002999,10.116279069767442,499,0,50,0.5,0.5,0.5,genetic,inheritance,inheritance,0.05,10
823,855,822,0.5,0.5,0.5,0.0,0.0,0.0,0,1,50,0.5,0.5,0.5,genetic,inheritance,inheritance,0.05,10
798,876,826,0.5009042504844056,0.5,0.5,1.0,1.0,1.0,1,1,50,0.5,0.5,0.5,genetic,inheritance,inheritance,0.05,10
787,873,840,0.5005920980759234,0.5,0.5,1.8513341804320202,1.8579610538373426,1.85,2,1,50,0.5,0.5,0.5,genetic,inheritance,inheritance,0.05,10
779,867,854,0.49984613898181807,0.5,0.5,2.586649550706033,2.605536332179931,2.5737704918032787,3,1,50,0.5,0.5,0.5,genetic,inheritance,inheritance,0.05,10
794,840,866,0.4989714883325297,0.5,0.5,3.2191435768261965,3.307142857142857,3.225173210161663,4,1,50,0.5,0.5,0.5,genetic,inheritance,inheritance,0.05,10
796,837,867,0.4987722778643831,0.5,0.5,3.748743718592965,3.8757467144563917,3.8292964244521337,5,1,50,0.5,0.5,0.5,genetic,inheritance,inheritance,0.05,10
776,840,884,0.4971423741041829,0.5,0.5,4.25,4.326190476190476,4.3110859728506785,6,1,50,0.5,0.5,0.5,genetic,inheritance,inheritance,0.05,10
751,829,920,0.49663372800216044,0.5,0.5,4.731025299600533,4.722557297949336,4.7,7,1,50,0.5,0.5,0.5,genetic,inheritance,inheritance,0.05,10
741,825,934,0.4976941617696354,0.5,0.5,5.136302294197031,5.024242424242424,5.134903640256959,8,1,50,0.5,0.5,0.5,genetic,inheritance,inheritance,0.05,10
745,819,936,0.49830685311739287,0.5,0.5,5.332885906040269,5.367521367521367,5.537393162393163,9,1,50,0.5,0.5,0.5,genetic,inheritance,inheritance,0.05,10
759,800,941,0.49865618660307076,0.5,0.5,5.642951251646904,5.715,5.8023379383634435,10,1,50,0.5,0.5,0.5,genetic,inheritance,inheritance,0.05,10
803,795,902,0.4982556919873722,0.5,0.5,5.653798256537983,6.030188679245283,6.2073170731707314,11,1,50,0.5,0.5,0.5,genetic,inheritance,inheritance,0.05,10
823,810,867,0.4986810494268386,0.5,0.5,5.742405832320777,6.286419753086419,6.581314878892734,12,1,50,0.5,0.5,0.5,genetic,inheritance,inheritance,0.05,10
829,825,846,0.49823356170585475,0.5,0.5,5.863691194209891,6.500606060606061,6.76241134751773,13,1,50,0.5,0.5,0.5,genetic,inheritance,inheritance,0.05,10
843,812,845,0.49909713864034067,0.5,0.5,6.0355871886121,6.6588669950738915,6.841420118343195,14,1,50,0.5,0.5,0.5,genetic,inheritance,inheritance,0.05,10
846,834,820,0.5003496961132434,0.5,0.5,6.208037825059102,6.869304556354916,7.1085365853658535,15,1,50,0.5,0.5,0.5,genetic,inheritance,inheritance,0.05,10
861,826,813,0.49929114714472445,0.5,0.5,6.4680603948896636,7.106537530266344,7.174661746617466,16,1,50,0.5,0.5,0.5,genetic,inheritance,inheritance,0.05,10
847,844,809,0.4991303069085643,0.5,0.5,6.642266824085006,7.13388625592417,7.357231149567367,17,1,50,0.5,0.5,0.5,genetic,inheritance,inheritance,0.05,10
854,861,785,0.5006180510198225,0.5,0.5,6.762295081967213,7.344947735191638,7.515923566878981,18,1,50,0.5,0.5,0.5,genetic,inheritance,inheritance,0.05,10
880,853,767,0.5011961181465137,0.5,0.5,6.804545454545455,7.560375146541618,7.590612777053455,19,1,50,0.5,0.5,0.5,genetic,inheritance,inheritance,0.05,10
877,857,766,0.501895279991689,0.5,0.5,7.036488027366021,7.646441073512252,7.637075718015666,20,1,50,0.5,0.5,0.5,genetic,inheritance,inheritance,0.05,10
888,865,747,0.5039900398368462,0.5,0.5,7.226351351351352,7.749132947976879,7.791164658634538,21,1,50,0.5,0.5,0.5,genetic,inheritance,inheritance,0.05,10
862,890,748,0.5040916412923198,0.5,0.5,7.610208816705336,7.865168539325842,7.942513368983957,22,1,50,0.5,0.5,0.5,genetic,inheritance,inheritance,0.05,10
851,885,764,0.5031901420644378,0.5,0.5,7.854289071680376,7.882485875706215,7.869109947643979,23,1,50,0.5,0.5,0.5,genetic,inheritance,inheritance,0.05,10
822,934,744,0.5026708850374411,0.5,0.5,7.980535279805353,7.859743040685225,8.033602150537634,24,1,50,0.5,0.5,0.5,genetic,inheritance,inheritance,0.05,10
818,937,745,0.5032490006767841,0.5,0.5,8.004889975550123,7.935965848452508,7.883221476510067,25,1,50,0.5,0.5,0.5,genetic,inheritance,inheritance,0.05,10
822,948,730,0.5039654529307384,0.5,0.5,8.091240875912408,8.13396624472574,7.965753424657534,26,1,50,0.5,0.5,0.5,genetic,inheritance,inheritance,0.05,10
810,967,723,0.5049384401336797,0.5,0.5,8.186419753086419,8.22440537745605,8.052558782849239,27,1,50,0.5,0.5,0.5,genetic,inheritance,inheritance,0.05,10
806,981,713,0.507068653445073,0.5,0.5,8.095533498759306,8.378185524974516,8.042075736325385,28,1,50,0.5,0.5,0.5,genetic,inheritance,inheritance,0.05,10
806,970,724,0.5080022395290784,0.5,0.5,7.9826302729528535,8.477319587628866,7.834254143646409,29,1,50,0.5,0.5,0.5,genetic,inheritance,inheritance,0.05,10
788,955,757,0.5083886951786128,0.5,0.5,8.129441624365482,8.642931937172776,7.677675033025099,30,1,50,0.5,0.5,0.5,genetic,inheritance,inheritance,0.05,10
776,946,778,0.5077945908969324,0.5,0.5,8.297680412371134,8.747357293868921,7.645244215938304,31,1,50,0.5,0.5,0.5,genetic,inheritance,inheritance,0.05,10
779,939,782,0.506465415266985,0.5,0.5,8.288831835686779,8.919062832800853,7.856777493606138,32,1,50,0.5,0.5,0.5,genetic,inheritance,inheritance,0.05,10
782,915,803,0.5068385295037232,0.5,0.5,8.363171355498721,9.216393442622952,7.606475716064757,33,1,50,0.5,0.5,0.5,genetic,inheritance,inheritance,0.05,10
793,898,809,0.5069589346396273,0.5,0.5,8.238335435056747,9.402004454342984,7.663782447466008,34,1,50,0.5,0.5,0.5,genetic,inheritance,inheritance,0.05,10
794,903,803,0.5070165006113208,0.5,0.5,8.099496221662468,9.389811738648948,7.737235367372354,35,1,50,0.5,0.5,0.5,genetic,inheritance,inheritance,0.05,10
774,911,815,0.5068064545713938,0.5,0.5,8.089147286821705,9.200878155872667,7.620858895705521,36,1,50,0.5,0.5,0.5,genetic,inheritance,inheritance,0.05,10
787,886,827,0.5063331484096794,0.5,0.5,8.165184243964422,9.501128668171557,7.725513905683192,37,1,50,0.5,0.5,0.5,genetic,inheritance,inheritance,0.05,10
780,874,846,0.5038357701026904,0.5,0.5,8.046153846153846,9.510297482837528,7.819148936170213,38,1,50,0.5,0.5,0.5,genetic,inheritance,inheritance,0.05,10
788,863,849,0.5047573504200386,0.5,0.5,8.184010152284264,9.585168018539976,7.853945818610129,39,1,50,0.5,0.5,0.5,genetic,inheritance,inheritance,0.05,10
785,863,852,0.5057585017405882,0.5,0.5,8.078980891719745,9.551564310544611,7.765258215962441,40,1,50,0.5,0.5,0.5,genetic,inheritance,inheritance,0.05,10
800,849,851,0.5049627626758358,0.5,0.5,8.17625,9.828032979976443,7.860164512338425,41,1,50,0.5,0.5,0.5,genetic,inheritance,inheritance,0.05,10
810,820,870,0.5032506467426712,0.5,0.5,8.316049382716049,9.951219512195122,7.824137931034483,42,1,50,0.5,0.5,0.5,genetic,inheritance,inheritance,0.05,10
803,818,879,0.503600988963767,0.5,0.5,8.462017434620174,9.855745721271393,7.945392491467577,43,1,50,0.5,0.5,0.5,genetic,inheritance,inheritance,0.05,10
830,788,882,0.5048202247838667,0.5,0.5,8.431325301204819,9.964467005076141,7.8718820861678,44,1,50,0.5,0.5,0.5,genetic,inheritance,inheritance,0.05,10
831,765,904,0.5034135127234466,0.5,0.5,8.598074608904934,9.816993464052288,7.949115044247788,45,1,50,0.5,0.5,0.5,genetic,inheritance,inheritance,0.05,10
838,727,935,0.5031317428112,0.5,0.5,8.671837708830548,9.530949105914718,7.924064171122994,46,1,50,0.5,0.5,0.5,genetic,inheritance,inheritance,0.05,10
841,711,948,0.5034072296648955,0.5,0.5,8.587395957193817,9.021097046413502,7.9905063291139244,47,1,50,0.5,0.5,0.5,genetic,inheritance,inheritance,0.05,10
860,689,951,0.5047118890522654,0.5,0.5,8.43139534883721,8.737300435413642,8.114616193480547,48,1,50,0.5,0.5,0.5,genetic,inheritance,inheritance,0.05,10
865,688,947,0.5038983508321246,0.5,0.5,8.586127167630059,8.443313953488373,8.45089757127772,49,1,50,0.5,0.5,0.5,genetic,inheritance,inheritance,0.05,10
892,688,920,0.5026337022063143,0.5,0.5,8.616591928251122,8.345930232558139,8.678260869565218,50,1,50,0.5,0.5,0.5,genetic,inheritance,inheritance,0.05,10
902,689,909,0.5014802658618532,0.5,0.5,8.594235033259423,8.242380261248186,8.815181518151816,51,1,50,0.5,0.5,0.5,genetic,inheritance,inheritance,0.05,10
918,672,910,0.5011862271336603,0.5,0.5,8.675381263616558,8.21577380952381,8.825274725274726,52,1,50,0.5,0.5,0.5,genetic,inheritance,inheritance,0.05,10
914,680,906,0.5011187352858026,0.5,0.5,8.761487964989058,8.275,9.035320088300221,53,1,50,0.5,0.5,0.5,genetic,inheritance,inheritance,0.05,10
894,692,914,0.4997934806534353,0.5,0.5,9.022371364653244,7.91907514450867,9.166301969365426,54,1,50,0.5,0.5,0.5,genetic,inheritance,inheritance,0.05,10
898,705,897,0.49914306132219005,0.5,0.5,9.093541202672606,7.750354609929078,9.321070234113712,55,1,50,0.5,0.5,0.5,genetic,inheritance,inheritance,0.05,10
905,704,891,0.49897713622284506,0.5,0.5,9.214364640883979,7.769886363636363,9.427609427609427,56,1,50,0.5,0.5,0.5,genetic,inheritance,inheritance,0.05,10
914,723,863,0.5024807378927963,0.5,0.5,9.26586433260394,7.914246196403873,9.6882966396292,57,1,50,0.5,0.5,0.5,genetic,inheritance,inheritance,0.05,10
895,740,865,0.5018095150442878,0.5,0.5,9.322905027932961,7.85,9.727167630057803,58,1,50,0.5,0.5,0.5,genetic,inheritance,inheritance,0.05,10
900,758,842,0.5024537659843428,0.5,0.5,9.325555555555555,7.8680738786279685,9.859857482185273,59,1,50,0.5,0.5,0.5,genetic,inheritance,inheritance,0.05,10
880,788,832,0.5032723658140593,0.5,0.5,9.478409090909091,7.799492385786802,9.83173076923077,60,1,50,0.5,0.5,0.5,genetic,inheritance,inheritance,0.05,10
879,814,807,0.5027132932586577,0.5,0.5,9.299203640500568,7.834152334152334,10.073110285006196,61,1,50,0.5,0.5,0.5,genetic,inheritance,inheritance,0.05,10
877,844,779,0.5031672082100929,0.5,0.5,9.38654503990878,8.024881516587678,10.400513478818999,62,1,50,0.5,0.5,0.5,genetic,inheritance,inheritance,0.05,10
872,856,772,0.5024324608889721,0.5,0.5,9.252293577981652,8.036214953271028,10.379533678756477,63,1,50,0.5,0.5,0.5,genetic,inheritance,inheritance,0.05,10
833,905,762,0.5028279471027945,0.5,0.5,9.249699879951981,8.033149171270718,10.60498687664042,64,1,50,0.5,0.5,0.5,genetic,inheritance,inheritance,0.05,10
828,931,741,0.5020758819574355,0.5,0.5,8.916666666666666,8.050483351235231,10.654520917678813,65,1,50,0.5,0.5,0.5,genetic,inheritance,inheritance,0.05,10
828,941,731,0.5027953163410083,0.5,0.5,8.81159420289855,8.296493092454835,10.590971272229822,66,1,50,0.5,0.5,0.5,genetic,inheritance,inheritance,0.05,10
805,961,734,0.5036281194471972,0.5,0.5,9.045962732919255,8.43496357960458,10.61716621253406,67,1,50,0.5,0.5,0.5,genetic,inheritance,inheritance,0.05,10
776,991,733,0.5018561975263788,0.5,0.5,8.922680412371134,8.510595358224016,10.508867667121418,68,1,50,0.5,0.5,0.5,genetic,inheritance,inheritance,0.05,10
773,992,735,0.5004581508859978,0.5,0.5,8.98059508408797,8.834677419354838,10.262585034013606,69,1,50,0.5,0.5,0.5,genetic,inheritance,inheritance,0.05,10
773,1013,714,0.5009582368684292,0.5,0.5,9.095730918499353,9.142152023692004,10.177871148459383,70,1,50,0.5,0.5,0.5,genetic,inheritance,inheritance,0.05,10
778,1001,721,0.5022901155774505,0.5,0.5,8.744215938303341,9.472527472527473,9.818307905686547,71,1,50,0.5,0.5,0.5,genetic,inheritance,inheritance,0.05,10
800,973,727,0.5015697688059615,0.5,0.5,8.74875,9.795477903391573,9.522696011004127,72,1,50,0.5,0.5,0.5,genetic,inheritance,inheritance,0.05,10
801,978,721,0.5020274548591166,0.5,0.5,8.6729088639201,10.054192229038854,9.091539528432733,73,1,50,0.5,0.5,0.5,genetic,inheritance,inheritance,0.05,10
812,966,722,0.5039050194083327,0.5,0.5,8.729064039408867,10.126293995859212,8.929362880886426,74,1,50,0.5,0.5,0.5,genetic,inheritance,inheritance,0.05,10
815,966,719,0.5039163484300269,0.5,0.5,8.81840490797546,10.102484472049689,8.510431154381084,75,1,50,0.5,0.5,0.5,genetic,inheritance,inheritance,0.05,10
808,954,738,0.503244053585196,0.5,0.5,9.102722772277227,10.224318658280922,8.261517615176151,76,1,50,0.5,0.5,0.5,genetic,inheritance,inheritance,0.05,10
802,949,749,0.5044146328481881,0.5,0.5,9.221945137157107,10.272918861959958,8.200267022696929,77,1,50,0.5,0.5,0.5,genetic,inheritance,inheritance,0.05,10
803,915,782,0.5048276114603363,0.5,0.5,9.305105853051058,10.220765027322404,7.872122762148337,78,1,50,0.5,0.5,0.5,genetic,inheritance,inheritance,0.05,10
782,919,799,0.5061996454930086,0.5,0.5,9.438618925831202,10.16322089227421,7.962453066332916,79,1,50,0.5,0.5,0.5,genetic,inheritance,inheritance,0.05,10
767,915,818,0.506560227327531,0.5,0.5,9.521512385919166,10.19672131147541,8.014669926650367,80,1,50,0.5,0.5,0.5,genetic,inheritance,inheritance,0.05,10
754,920,826,0.5058281092631107,0.5,0.5,9.415119363395226,10.033695652173913,8.084745762711865,81,1,50,0.5,0.5,0.5,genetic,inheritance,inheritance,0.05,10
725,932,843,0.5062344171250884,0.5,0.5,9.336551724137932,9.625536480686696,8.31079478054567,82,1,50,0.5,0.5,0.5,genetic,inheritance,inheritance,0.05,10
724,931,845,0.5066434481389395,0.5,0.5,9.314917127071823,9.783029001074114,8.485207100591715,83,1,50,0.5,0.5,0.5,genetic,inheritance,inheritance,0.05,10
753,897,850,0.5079705113055778,0.5,0.5,9.211155378486056,10.053511705685619,8.57529411764706,84,1,50,0.5,0.5,0.5,genetic,inheritance,inheritance,0.05,10
754,890,856,0.5097173817355654,0.5,0.5,8.989389920424403,9.876404494382022,8.605140186915888,85,1,50,0.5,0.5,0.5,genetic,inheritance,inheritance,0.05,10
762,861,877,0.5104823694947962,0.5,0.5,8.826771653543307,9.862950058072009,8.592930444697833,86,1,50,0.5,0.5,0.5,genetic,inheritance,inheritance,0.05,10
760,836,904,0.5127186128794683,0.5,0.5,8.75263157894737,9.758373205741627,8.488938053097344,87,1,50,0.5,0.5,0.5,genetic,inheritance,inheritance,0.05,10
763,834,903,0.5131638282190684,0.5,0.5,8.817824377457406,9.827338129496402,8.69545957918051,88,1,50,0.5,0.5,0.5,genetic,inheritance,inheritance,0.05,10
767,816,917,0.5133178801991206,0.5,0.5,8.799217731421122,9.676470588235293,8.640130861504908,89,1,50,0.5,0.5,0.5,genetic,inheritance,inheritance,0.05,10
778,808,914,0.5151663484176835,0.5,0.5,8.712082262210798,9.788366336633663,8.730853391684901,90,1,50,0.5,0.5,0.5,genetic,inheritance,inheritance,0.05,10
796,796,908,0.5178686737966798,0.5,0.5,8.765075376884422,9.988693467336683,8.90308370044053,91,1,50,0.5,0.5,0.5,genetic,inheritance,inheritance,0.05,10
835,777,888,0.5180916771767645,0.5,0.5,8.81437125748503,10.18018018018018,8.99436936936937,92,1,50,0.5,0.5,0.5,genetic,inheritance,inheritance,0.05,10
862,757,881,0.5191724775588467,0.5,0.5,8.74013921113689,10.026420079260237,8.903518728717367,93,1,50,0.5,0.5,0.5,genetic,inheritance,inheritance,0.05,10
899,753,848,0.5208759528519371,0.5,0.5,8.755283648498331,9.93758300132802,8.88679245283019,94,1,50,0.5,0.5,0.5,genetic,inheritance,inheritance,0.05,10
889,766,845,0.5219691848941269,0.5,0.5,8.771653543307087,9.639686684073107,8.814201183431953,95,1,50,0.5,0.5,0.5,genetic,inheritance,inheritance,0.05,10
896,761,843,0.5219477666412872,0.5,0.5,8.949776785714286,9.392904073587385,8.883748517200475,96,1,50,0.5,0.5,0.5,genetic,inheritance,inheritance,0.05,10
882,749,869,0.5230261929454286,0.5,0.5,9.166666666666666,9.285714285714286,8.904487917146145,97,1,50,0.5,0.5,0.5,genetic,inheritance,inheritance,0.05,10
884,748,868,0.5226437802529714,0.5,0.5,9.245475113122172,9.20855614973262,9.026497695852534,98,1,50,0.5,0.5,0.5,genetic,inheritance,inheritance,0.05,10
878,730,892,0.522469771336908,0.5,0.5,9.58997722095672,9.345205479452055,9.159192825112108,99,1,50,0.5,0.5,0.5,genetic,inheritance,inheritance,0.05,10
909,706,885,0.5215763940378129,0.5,0.5,9.438943894389439,9.279036827195467,9.061016949152542,100,1,50,0.5,0.5,0.5,genetic,inheritance,inheritance,0.05,10
935,686,879,0.5215921976900896,0.5,0.5,9.437433155080214,9.045189504373178,9.026166097838452,101,1,50,0.5,0.5,0.5,genetic,inheritance,inheritance,0.05,10
937,683,880,0.5221711680157323,0.5,0.5,9.345784418356457,8.77159590043924,9.154545454545454,102,1,50,0.5,0.5,0.5,genetic,inheritance,inheritance,0.05,10
946,687,867,0.5218439292397213,0.5,0.5,9.30338266384778,8.55604075691412,9.269896193771626,103,1,50,0.5,0.5,0.5,genetic,inheritance,inheritance,0.05,10
933,720,847,0.5238001366084449,0.5,0.5,9.493033226152198,8.325,9.618654073199528,104,1,50,0.5,0.5,0.5,genetic,inheritance,inheritance,0.05,10
940,728,832,0.523265068380842,0.5,0.5,9.520212765957448,8.32967032967033,9.695913461538462,105,1,50,0.5,0.5,0.5,genetic,inheritance,inheritance,0.05,10
941,732,827,0.522980214876579,0.5,0.5,9.479277364505846,8.192622950819672,9.742442563482467,106,1,50,0.5,0.5,0.5,genetic,inheritance,inheritance,0.05,10
924,745,831,0.5231275670669929,0.5,0.5,9.470779220779221,8.17718120805369,9.750902527075812,107,1,50,0.5,0.5,0.5,genetic,inheritance,inheritance,0.05,10
938,738,824,0.5214334779191689,0.5,0.5,9.653518123667377,8.266937669376693,9.804611650485437,108,1,50,0.5,0.5,0.5,genetic,inheritance,inheritance,0.05,10
952,748,800,0.5205736453595531,0.5,0.5,9.596638655462185,8.29812834224599,9.87875,109,1,50,0.5,0.5,0.5,genetic,inheritance,inheritance,0.05,10
967,761,772,0.5201118904963198,0.5,0.5,9.572905894519131,8.33639947437582,9.946891191709845,110,1,50,0.5,0.5,0.5,genetic,inheritance,inheritance,0.05,10
976,765,759,0.5198943801487431,0.5,0.5,9.895491803278688,8.491503267973856,9.969696969696969,111,1,50,0.5,0.5,0.5,genetic,inheritance,inheritance,0.05,10
974,778,748,0.519290554798729,0.5,0.5,9.955852156057494,8.465295629820051,10.005347593582888,112,1,50,0.5,0.5,0.5,genetic,inheritance,inheritance,0.05,10
978,792,730,0.5186056281480182,0.5,0.5,9.866053169734151,8.569444444444445,9.957534246575342,113,1,50,0.5,0.5,0.5,genetic,inheritance,inheritance,0.05,10
997,797,706,0.5182710664415785,0.5,0.5,9.913741223671012,8.796737766624844,9.927762039660056,114,1,50,0.5,0.5,0.5,genetic,inheritance,inheritance,0.05,10
976,806,718,0.5169340692644042,0.5,0.5,10.02766393442623,8.571960297766749,9.53342618384401,115,1,50,0.5,0.5,0.5,genetic,inheritance,inheritance,0.05,10
968,827,705,0.5172970969988683,0.5,0.5,10.146694214876034,8.460701330108828,9.502127659574468,116,1,50,0.5,0.5,0.5,genetic,inheritance,inheritance,0.05,10
951,830,719,0.5176039005648301,0.5,0.5,10.277602523659306,8.504819277108433,9.273991655076495,117,1,50,0.5,0.5,0.5,genetic,inheritance,inheritance,0.05,10
940,851,709,0.5171845436074688,0.5,0.5,10.442553191489361,8.542890716803761,9.14950634696756,118,1,50,0.5,0.5,0.5,genetic,inheritance,inheritance,0.05,10
935,855,710,0.5167136417506512,0.5,0.5,10.59572192513369,8.567251461988304,8.929577464788732,119,1,50,0.5,0.5,0.5,genetic,inheritance,inheritance,0.05,10
900,851,749,0.5163642074168071,0.5,0.5,10.908888888888889,8.55346650998825,8.839786381842456,120,1,50,0.5,0.5,0.5,genetic,inheritance,inheritance,0.05,10
874,873,753,0.5180840902283165,0.5,0.5,11.153318077803204,8.47651775486827,8.830013280212484,121,1,50,0.5,0.5,0.5,genetic,inheritance,inheritance,0.05,10
833,899,768,0.5178228589988644,0.5,0.5,11.256902761104442,8.417130144605117,8.852864583333334,122,1,50,0.5,0.5,0.5,genetic,inheritance,inheritance,0.05,10
793,907,800,0.5168847144898036,0.5,0.5,11.524590163934427,8.44321940463065,8.8575,123,1,50,0.5,0.5,0.5,genetic,inheritance,inheritance,0.05,10
760,916,824,0.5177542266645853,0.5,0.5,11.589473684210526,8.368995633187772,8.826456310679612,124,1,50,0.5,0.5,0.5,genetic,inheritance,inheritance,0.05,10
733,935,832,0.5178073044237299,0.5,0.5,11.207366984993179,8.524064171122994,8.998798076923077,125,1,50,0.5,0.5,0.5,genetic,inheritance,inheritance,0.05,10
721,941,838,0.5170962978960014,0.5,0.5,11.02635228848821,8.618490967056323,9.051312649164677,126,1,50,0.5,0.5,0.5,genetic,inheritance,inheritance,0.05,10
699,942,859,0.5157524718364507,0.5,0.5,10.835479256080115,8.863057324840764,9.09895227008149,127,1,50,0.5,0.5,0.5,genetic,inheritance,inheritance,0.05,10
672,955,873,0.5157014918691523,0.5,0.5,10.617559523809524,8.867015706806283,9.207331042382588,128,1,50,0.5,0.5,0.5,genetic,inheritance,inheritance,0.05,10
659,955,886,0.5176811126792261,0.5,0.5,10.115326251896814,8.973821989528796,9.346501128668171,129,1,50,0.5,0.5,0.5,genetic,inheritance,inheritance,0.05,10
668,957,875,0.520163013899901,0.5,0.5,9.730538922155688,9.227795193312435,9.554285714285715,130,1,50,0.5,0.5,0.5,genetic,inheritance,inheritance,0.05,10
654,967,879,0.5227856264142782,0.5,0.5,9.492354740061161,9.318510858324716,9.61547212741752,131,1,50,0.5,0.5,0.5,genetic,inheritance,inheritance,0.05,10
652,961,887,0.5245659051562076,0.5,0.5,8.940184049079754,9.294484911550468,9.635851183765501,132,1,50,0.5,0.5,0.5,genetic,inheritance,inheritance,0.05,10
666,952,882,0.5258992552765313,0.5,0.5,8.60960960960961,9.4359243697479,9.727891156462585,133,1,50,0.5,0.5,0.5,genetic,inheritance,inheritance,0.05,10
696,947,857,0.5268115364687291,0.5,0.5,8.275862068965518,9.582893347412883,9.789964994165695,134,1,50,0.5,0.5,0.5,genetic,inheritance,inheritance,0.05,10
734,934,832,0.526518470555082,0.5,0.5,7.870572207084469,9.69914346895075,9.616586538461538,135,1,50,0.5,0.5,0.5,genetic,inheritance,inheritance,0.05,10
758,931,811,0.5253387689109148,0.5,0.5,7.518469656992084,9.74436090225564,9.435265104808877,136,1,50,0.5,0.5,0.5,genetic,inheritance,inheritance,0.05,10
784,915,801,0.5278328005354481,0.5,0.5,7.505102040816326,10.050273224043716,9.436953807740325,137,1,50,0.5,0.5,0.5,genetic,inheritance,inheritance,0.05,10
824,889,787,0.527374311966896,0.5,0.5,7.486650485436893,10.392575928008998,9.123252858958068,138,1,50,0.5,0.5,0.5,genetic,inheritance,inheritance,0.05,10
848,875,777,0.5261810496757348,0.5,0.5,7.586084905660377,10.604571428571429,8.815958815958815,139,1,50,0.5,0.5,0.5,genetic,inheritance,inheritance,0.05,10
861,862,777,0.5265678973190482,0.5,0.5,7.678281068524971,10.838747099767982,8.751608751608751,140,1,50,0.5,0.5,0.5,genetic,inheritance,inheritance,0.05,10
862,849,789,0.5271467834800887,0.5,0.5,7.970997679814385,10.994110718492344,8.709759188846641,141,1,50,0.5,0.5,0.5,genetic,inheritance,inheritance,0.05,10
874,853,773,0.529096127906595,0.5,0.5,8.115560640732266,11.091441969519343,8.865459249676585,142,1,50,0.5,0.5,0.5,genetic,inheritance,inheritance,0.05,10
879,833,788,0.528968720304811,0.5,0.5,8.560864618885097,11.130852340936375,8.833756345177665,143,1,50,0.5,0.5,0.5,genetic,inheritance,inheritance,0.05,10
859,830,811,0.5283295989004888,0.5,0.5,8.828870779976716,10.921686746987952,8.625154130702835,144,1,50,0.5,0.5,0.5,genetic,inheritance,inheritance,0.05,10
850,821,829,0.52733126819473,0.5,0.5,9.116470588235295,10.750304506699147,8.749095295536792,145,1,50,0.5,0.5,0.5,genetic,inheritance,inheritance,0.05,10
843,815,842,0.528802951034833,0.5,0.5,9.160142348754448,10.441717791411042,8.668646080760094,146,1,50,0.5,0.5,0.5,genetic,inheritance,inheritance,0.05,10
806,825,869,0.5284727961157167,0.5,0.5,9.272952853598015,10.113939393939393,8.944764096662832,147,1,50,0.5,0.5,0.5,genetic,inheritance,inheritance,0.05,10
778,830,892,0.5264836876069098,0.5,0.5,9.510282776349614,9.781927710843373,9.039237668161435,148,1,50,0.5,0.5,0.5,genetic,inheritance,inheritance,0.05,10
775,814,911,0.5231367566364559,0.5,0.5,9.451612903225806,9.777641277641278,9.10867178924259,149,1,50,0.5,0.5,0.5,genetic,inheritance,inheritance,0.05,10
778,828,894,0.521923823468032,0.5,0.5,9.523136246786633,9.70048309178744,9.455257270693512,150,1,50,0.5,0.5,0.5,genetic,inheritance,inheritance,0.05,10
775,822,903,0.5226259619110578,0.5,0.5,9.521290322580645,9.530413625304137,9.434108527131784,151,1,50,0.5,0.5,0.5,genetic,inheritance,inheritance,0.05,10
798,813,889,0.5212816799206819,0.5,0.5,9.467418546365915,9.555965559655597,9.438695163104612,152,1,50,0.5,0.5,0.5,genetic,inheritance,inheritance,0.05,10
796,810,894,0.5206829234896263,0.5,0.5,9.515075376884422,9.423456790123456,9.466442953020135,153,1,50,0.5,0.5,0.5,genetic,inheritance,inheritance,0.05,10
805,808,887,0.5203789253586187,0.5,0.5,9.332919254658385,9.318069306930694,9.435174746335964,154,1,50,0.5,0.5,0.5,genetic,inheritance,inheritance,0.05,10
823,803,874,0.5204683589138644,0.5,0.5,9.328068043742405,9.462017434620174,9.565217391304348,155,1,50,0.5,0.5,0.5,genetic,inheritance,inheritance,0.05,10
828,808,864,0.5207226938286516,0.5,0.5,9.16183574879227,9.351485148514852,9.599537037037036,156,1,50,0.5,0.5,0.5,genetic,inheritance,inheritance,0.05,10
841,812,847,0.5202092378660378,0.5,0.5,9.058263971462544,9.261083743842365,9.711924439197167,157,1,50,0.5,0.5,0.5,genetic,inheritance,inheritance,0.05,10
865,781,854,0.5196248503543727,0.5,0.5,9.06242774566474,9.41741357234315,9.56440281030445,158,1,50,0.5,0.5,0.5,genetic,inheritance,inheritance,0.05,10
892,760,848,0.5211514529308452,0.5,0.5,9.036995515695068,9.403947368421052,9.523584905660377,159,1,50,0.5,0.5,0.5,genetic,inheritance,inheritance,0.05,10
893,745,862,0.5183907181338235,0.5,0.5,9.051511758118702,9.369127516778523,9.433874709976799,160,1,50,0.5,0.5,0.5,genetic,inheritance,inheritance,0.05,10
899,732,869,0.5204241003668365,0.5,0.5,8.995550611790879,9.154371584699453,9.421173762945914,161,1,50,0.5,0.5,0.5,genetic,inheritance,inheritance,0.05,10
914,717,869,0.5194970570796995,0.5,0.5,9.051422319474836,9.140864714086472,9.518987341772151,162,1,50,0.5,0.5,0.5,genetic,inheritance,inheritance,0.05,10
952,698,850,0.5186577427351005,0.5,0.5,8.919117647058824,9.214899713467048,9.463529411764705,163,1,50,0.5,0.5,0.5,genetic,inheritance,inheritance,0.05,10
981,676,843,0.5204845128087108,0.5,0.5,8.980632008154943,9.17603550295858,9.058125741399763,164,1,50,0.5,0.5,0.5,genetic,inheritance,inheritance,0.05,10
1021,664,815,0.5217437439287085,0.5,0.5,9.026444662095985,9.140060240963855,8.741104294478527,165,1,50,0.5,0.5,0.5,genetic,inheritance,inheritance,0.05,10
1037,647,816,0.5209377847081443,0.5,0.5,9.276759884281581,9.12210200927357,8.746323529411764,166,1,50,0.5,0.5,0.5,genetic,inheritance,inheritance,0.05,10
1058,651,791,0.5203645504311082,0.5,0.5,9.291115311909262,8.949308755760368,8.72692793931732,167,1,50,0.5,0.5,0.5,genetic,inheritance,inheritance,0.05,10
1067,661,772,0.5204329017280693,0.5,0.5,9.490159325210872,8.97730711043873,8.962435233160623,168,1,50,0.5,0.5,0.5,genetic,inheritance,inheritance,0.05,10
1074,686,740,0.5211026809481891,0.5,0.5,9.63780260707635,8.86588921282799,9.177027027027027,169,1,50,0.5,0.5,0.5,genetic,inheritance,inheritance,0.05,10
1067,714,719,0.5213421844881211,0.5,0.5,9.70946579194002,8.570028011204482,9.228094575799721,170,1,50,0.5,0.5,0.5,genetic,inheritance,inheritance,0.05,10
1053,743,704,0.5210779081657725,0.5,0.5,9.790123456790123,8.46971736204576,9.279829545454545,171,1,50,0.5,0.5,0.5,genetic,inheritance,inheritance,0.05,10
1048,787,665,0.5198804170795157,0.5,0.5,9.697519083969466,8.25158831003812,9.243609022556392,172,1,50,0.5,0.5,0.5,genetic,inheritance,inheritance,0.05,10
1021,822,657,0.5205651730704083,0.5,0.5,9.851126346718903,8.043795620437956,9.269406392694064,173,1,50,0.5,0.5,0.5,genetic,inheritance,inheritance,0.05,10
989,862,649,0.5205493307224408,0.5,0.5,10.0262891809909,8.047563805104408,9.281972265023112,174,1,50,0.5,0.5,0.5,genetic,inheritance,inheritance,0.05,10
967,892,641,0.520493549045324,0.5,0.5,10.161323681489142,8.02914798206278,9.076443057722308,175,1,50,0.5,0.5,0.5,genetic,inheritance,inheritance,0.05,10
939,940,621,0.521623725477213,0.5,0.5,10.287539936102236,8.02127659574468,9.093397745571659,176,1,50,0.5,0.5,0.5,genetic,inheritance,inheritance,0.05,10
914,958,628,0.5212994187285492,0.5,0.5,10.479212253829322,8.201461377870563,9.052547770700636,177,1,50,0.5,0.5,0.5,genetic,inheritance,inheritance,0.05,10
897,975,628,0.5217123035653508,0.5,0.5,10.595317725752508,8.31076923076923,8.789808917197453,178,1,50,0.5,0.5,0.5,genetic,inheritance,inheritance,0.05,10
867,998,635,0.5212448624826249,0.5,0.5,10.668973471741637,8.340681362725451,8.444094488188977,179,1,50,0.5,0.5,0.5,genetic,inheritance,inheritance,0.05,10
843,1018,639,0.5198931515788868,0.5,0.5,10.756820877817319,8.504911591355599,8.289514866979657,180,1,50,0.5,0.5,0.5,genetic,inheritance,inheritance,0.05,10
831,1010,659,0.5195994118452436,0.5,0.5,10.791817087845969,8.66930693069307,8.013657056145675,181,1,50,0.5,0.5,0.5,genetic,inheritance,inheritance,0.05,10
821,1006,673,0.5196506168960133,0.5,0.5,10.825822168087697,8.831013916500995,7.74591381872214,182,1,50,0.5,0.5,0.5,genetic,inheritance,inheritance,0.05,10
796,1020,684,0.5205222068747322,0.5,0.5,10.674623115577889,8.882352941176471,7.649122807017544,183,1,50,0.5,0.5,0.5,genetic,inheritance,inheritance,0.05,10
787,1010,703,0.5191108523467347,0.5,0.5,10.63405336721728,8.913861386138613,7.415362731152205,184,1,50,0.5,0.5,0.5,genetic,inheritance,inheritance,0.05,10
747,1020,733,0.5204503724867564,0.5,0.5,10.74698795180723,8.963725490196078,7.440654843110504,185,1,50,0.5,0.5,0.5,genetic,inheritance,inheritance,0.05,10
710,1034,756,0.5214664972824196,0.5,0.5,10.774647887323944,8.961315280464216,7.544973544973545,186,1,50,0.5,0.5,0.5,genetic,inheritance,inheritance,0.05,10
695,1027,778,0.522409631941263,0.5,0.5,10.427338129496404,9.079844206426484,7.611825192802057,187,1,50,0.5,0.5,0.5,genetic,inheritance,inheritance,0.05,10
663,1017,820,0.5217896804446304,0.5,0.5,10.250377073906487,9.218289085545722,7.712195121951219,188,1,50,0.5,0.5,0.5,genetic,inheritance,inheritance,0.05,10
655,1006,839,0.522417456347203,0.5,0.5,9.859541984732825,9.447316103379721,7.710369487485101,189,1,50,0.5,0.5,0.5,genetic,inheritance,inheritance,0.05,10
655,991,854,0.5231418950583813,0.5,0.5,9.435114503816793,9.797174571140262,7.809133489461359,190,1,50,0.5,0.5,0.5,genetic,inheritance,inheritance,0.05,10
649,986,865,0.523725058743574,0.5,0.5,9.130970724191064,9.779918864097363,7.8497109826589595,191,1,50,0.5,0.5,0.5,genetic,inheritance,inheritance,0.05,10
639,978,883,0.5243418600057309,0.5,0.5,8.782472613458529,9.75357873210634,8.012457531143827,192,1,50,0.5,0.5,0.5,genetic,inheritance,inheritance,0.05,10
637,959,904,0.5248300016320852,0.5,0.5,8.453689167974883,9.770594369134516,8.023230088495575,193,1,50,0.5,0.5,0.5,genetic,inheritance,inheritance,0.05,10
641,935,924,0.5223245190426716,0.5,0.5,8.113884555382215,9.881283422459893,8.217532467532468,194,1,50,0.5,0.5,0.5,genetic,inheritance,inheritance,0.05,10
644,917,939,0.5230724378081298,0.5,0.5,7.987577639751553,9.97928026172301,8.374866879659212,195,1,50,0.5,0.5,0.5,genetic,inheritance,inheritance,0.05,10
650,898,952,0.5222083349343161,0.5,0.5,8.006153846153847,10.006681514476615,8.477941176470589,196,1,50,0.5,0.5,0.5,genetic,inheritance,inheritance,0.05,10
660,860,980,0.5226441282884048,0.5,0.5,7.824242424242424,9.938372093023256,8.590816326530613,197,1,50,0.5,0.5,0.5,genetic,inheritance,inheritance,0.05,10
680,832,988,0.521916597403745,0.5,0.5,7.670588235294118,9.674278846153847,8.700404858299596,198,1,50,0.5,0.5,0.5,genetic,inheritance,inheritance,0.05,10
711,799,990,0.5230992237535727,0.5,0.5,7.715893108298172,9.867334167709638,8.697979797979798,199,1,50,0.5,0.5,0.5,genetic,inheritance,inheritance,0.05,10
733,772,995,0.5277489907548506,0.5,0.5,7.678035470668486,9.896373056994818,8.852261306532663,200,1,50,0.5,0.5,0.5,genetic,inheritance,inheritance,0.05,10
743,754,1003,0.5286096317063618,0.5,0.5,7.585464333781965,9.639257294429708,9.024925224327019,201,1,50,0.5,0.5,0.5,genetic,inheritance,inheritance,0.05,10
782,716,1002,0.5285220706658948,0.5,0.5,7.578005115089514,9.529329608938548,8.99001996007984,202,1,50,0.5,0.5,0.5,genetic,inheritance,inheritance,0.05,10
806,692,1002,0.5280437340303186,0.5,0.5,7.617866004962779,9.320809248554914,9.032934131736527,203,1,50,0.5,0.5,0.5,genetic,inheritance,inheritance,0.05,10
846,672,982,0.5288829290561226,0.5,0.5,7.706855791962175,9.412202380952381,9.195519348268839,204,1,50,0.5,0.5,0.5,genetic,inheritance,inheritance,0.05,10
883,658,959,0.5298924429172156,0.5,0.5,7.62400906002265,9.354103343465045,9.291970802919709,205,1,50,0.5,0.5,0.5,genetic,inheritance,inheritance,0.05,10
905,648,947,0.5297645301740053,0.5,0.5,7.8762430939226515,9.432098765432098,9.50791974656811,206,1,50,0.5,0.5,0.5,genetic,inheritance,inheritance,0.05,10
937,663,900,0.5306584303694525,0.5,0.5,7.8569903948772675,9.217194570135746,9.563333333333333,207,1,50,0.5,0.5,0.5,genetic,inheritance,inheritance,0.05,10
958,659,883,0.5305616897656281,0.5,0.5,8.02400835073069,8.986342943854325,9.638731596828991,208,1,50,0.5,0.5,0.5,genetic,inheritance,inheritance,0.05,10
1004,660,836,0.5304096421231707,0.5,0.5,7.961155378486056,8.83939393939394,9.868421052631579,209,1,50,0.5,0.5,0.5,genetic,inheritance,inheritance,0.05,10
1030,679,791,0.5293979199178082,0.5,0.5,7.969902912621359,8.762886597938145,9.814159292035399,210,1,50,0.5,0.5,0.5,genetic,inheritance,inheritance,0.05,10
1052,699,749,0.5290832299749787,0.5,0.5,8.01615969581749,8.726752503576538,9.878504672897197,211,1,50,0.5,0.5,0.5,genetic,inheritance,inheritance,0.05,10
1063,720,717,0.5303792111776343,0.5,0.5,8.235183443085607,8.683333333333334,9.820083682008368,212,1,50,0.5,0.5,0.5,genetic,inheritance,inheritance,0.05,10
1038,761,701,0.5309329265853432,0.5,0.5,8.559730250481696,8.504599211563733,9.940085592011412,213,1,50,0.5,0.5,0.5,genetic,inheritance,inheritance,0.05,10
1055,765,680,0.5308539168621199,0.5,0.5,8.764928909952607,8.433986928104575,9.547058823529412,214,1,50,0.5,0.5,0.5,genetic,inheritance,inheritance,0.05,10
1049,795,656,0.5290063033858318,0.5,0.5,9.053384175405148,8.319496855345912,9.419207317073171,215,1,50,0.5,0.5,0.5,genetic,inheritance,inheritance,0.05,10
1040,827,633,0.529210723740582,0.5,0.5,9.186538461538461,8.298669891172914,9.308056872037914,216,1,50,0.5,0.5,0.5,genetic,inheritance,inheritance,0.05,10
1018,859,623,0.5287841312057892,0.5,0.5,9.241650294695482,8.124563445867288,9.152487961476725,217,1,50,0.5,0.5,0.5,genetic,inheritance,inheritance,0.05,10
1014,882,604,0.5297469060305141,0.5,0.5,9.285996055226825,8.158730158730158,8.655629139072847,218,1,50,0.5,0.5,0.5,genetic,inheritance,inheritance,0.05,10
1002,910,588,0.5279089251323485,0.5,0.5,9.542914171656687,8.330769230769231,8.787414965986395,219,1,50,0.5,0.5,0.5,genetic,inheritance,inheritance,0.05,10
950,934,616,0.5260508564641371,0.5,0.5,9.834736842105263,8.12526766595289,8.39935064935065,220,1,50,0.5,0.5,0.5,genetic,inheritance,inheritance,0.05,10
932,943,625,0.5261052015387453,0.5,0.5,10.041845493562231,8.054082714740192,8.1152,221,1,50,0.5,0.5,0.5,genetic,inheritance,inheritance,0.05,10
885,983,632,0.525953485465575,0.5,0.5,10.171751412429378,8.012207527975585,8.139240506329115,222,1,50,0.5,0.5,0.5,genetic,inheritance,inheritance,0.05,10
845,1010,645,0.526038476726956,0.5,0.5,10.41775147928994,7.996039603960396,7.84031007751938,223,1,50,0.5,0.5,0.5,genetic,inheritance,inheritance,0.05,10
788,1054,658,0.525803606724128,0.5,0.5,10.50507614213198,8.01518026565465,8.013677811550153,224,1,50,0.5,0.5,0.5,genetic,inheritance,inheritance,0.05,10
757,1053,690,0.5261534094069634,0.5,0.5,10.443857331571994,8.181386514719849,7.928985507246376,225,1,50,0.5,0.5,0.5,genetic,inheritance,inheritance,0.05,10
731,1069,700,0.526829004527452,0.5,0.5,10.376196990424077,8.329279700654817,7.945714285714286,226,1,50,0.5,0.5,0.5,genetic,inheritance,inheritance,0.05,10
703,1077,720,0.5266598046362508,0.5,0.5,10.165007112375534,8.468895078922934,7.858333333333333,227,1,50,0.5,0.5,0.5,genetic,inheritance,inheritance,0.05,10
669,1094,737,0.5274214410693113,0.5,0.5,9.798206278026905,8.572212065813527,7.887381275440977,228,1,50,0.5,0.5,0.5,genetic,inheritance,inheritance,0.05,10
640,1089,771,0.5260806168112303,0.5,0.5,9.671875,8.755739210284665,7.911802853437095,229,1,50,0.5,0.5,0.5,genetic,inheritance,inheritance,0.05,10
638,1070,792,0.5231312610783143,0.5,0.5,9.275862068965518,9.049532710280374,7.915404040404041,230,1,50,0.5,0.5,0.5,genetic,inheritance,inheritance,0.05,10
628,1065,807,0.5241263089295812,0.5,0.5,9.0828025477707,9.292957746478873,8.101610904584883,231,1,50,0.5,0.5,0.5,genetic,inheritance,inheritance,0.05,10
639,1035,826,0.5241372184498772,0.5,0.5,8.799687010954617,9.636714975845411,7.995157384987894,232,1,50,0.5,0.5,0.5,genetic,inheritance,inheritance,0.05,10
644,1032,824,0.5237473971619677,0.5,0.5,8.430124223602485,9.786821705426357,8.12378640776699,233,1,50,0.5,0.5,0.5,genetic,inheritance,inheritance,0.05,10
644,1013,843,0.5223905793126237,0.5,0.5,8.114906832298137,9.92694965449161,7.932384341637011,234,1,50,0.5,0.5,0.5,genetic,inheritance,inheritance,0.05,10
642,983,875,0.5221970249319089,0.5,0.5,8.006230529595015,10.049847405900305,7.869714285714286,235,1,50,0.5,0.5,0.5,genetic,inheritance,inheritance,0.05,10
634,965,901,0.5210476417317413,0.5,0.5,8.052050473186119,10.125388601036269,7.9556048834628195,236,1,50,0.5,0.5,0.5,genetic,inheritance,inheritance,0.05,10
642,948,910,0.5221073031351569,0.5,0.5,7.906542056074766,10.180379746835444,8.013186813186813,237,1,50,0.5,0.5,0.5,genetic,inheritance,inheritance,0.05,10
637,941,922,0.5229732861984725,0.5,0.5,7.913657770800628,10.447396386822529,8.221258134490238,238,1,50,0.5,0.5,0.5,genetic,inheritance,inheritance,0.05,10
645,924,931,0.5243468053157435,0.5,0.5,7.818604651162791,10.652597402597403,8.403866809881848,239,1,50,0.5,0.5,0.5,genetic,inheritance,inheritance,0.05,10
675,884,941,0.5236394592452916,0.5,0.5,7.674074074074074,10.79185520361991,8.437832093517535,240,1,50,0.5,0.5,0.5,genetic,inheritance,inheritance,0.05,10
685,853,962,0.5261339736482223,0.5,0.5,7.760583941605839,10.745603751465417,8.384615384615385,241,1,50,0.5,0.5,0.5,genetic,inheritance,inheritance,0.05,10
710,815,975,0.5244861898161037,0.5,0.5,7.771830985915493,10.688343558282208,8.493333333333334,242,1,50,0.5,0.5,0.5,genetic,inheritance,inheritance,0.05,10
737,793,970,0.5249754700318735,0.5,0.5,7.865671641791045,10.863808322824717,8.745360824742267,243,1,50,0.5,0.5,0.5,genetic,inheritance,inheritance,0.05,10
742,789,969,0.5266752216870411,0.5,0.5,7.962264150943396,10.896070975918885,9.053663570691434,244,1,50,0.5,0.5,0.5,genetic,inheritance,inheritance,0.05,10
779,763,958,0.5272444139681106,0.5,0.5,7.688061617458279,10.836173001310616,9.085594989561587,245,1,50,0.5,0.5,0.5,genetic,inheritance,inheritance,0.05,10
792,754,954,0.5273043207329698,0.5,0.5,7.828282828282828,10.624668435013263,9.179245283018869,246,1,50,0.5,0.5,0.5,genetic,inheritance,inheritance,0.05,10
805,720,975,0.5279972632094636,0.5,0.5,8.048447204968944,10.623611111111112,9.313846153846153,247,1,50,0.5,0.5,0.5,genetic,inheritance,inheritance,0.05,10
823,715,962,0.5273930786473784,0.5,0.5,8.114216281895505,10.38041958041958,9.453222453222454,248,1,50,0.5,0.5,0.5,genetic,inheritance,inheritance,0.05,10
848,709,943,0.5284709617003205,0.5,0.5,8.132075471698114,10.251057827926656,9.547189819724284,249,1,50,0.5,0.5,0.5,genetic,inheritance,inheritance,0.05,10
851,693,956,0.5310024650857168,0.5,0.5,8.36545240893067,9.978354978354979,9.644351464435147,250,1,50,0.5,0.5,0.5,genetic,inheritance,inheritance,0.05,10
875,686,939,0.5317871027077721,0.5,0.5,8.366857142857143,9.581632653061224,9.633652822151225,251,1,50,0.5,0.5,0.5,genetic,inheritance,inheritance,0.05,10
869,694,937,0.5305550512664362,0.5,0.5,8.39240506329114,9.315561959654179,9.75667022411953,252,1,50,0.5,0.5,0.5,genetic,inheritance,inheritance,0.05,10
876,702,922,0.5309033541586026,0.5,0.5,8.571917808219178,9.207977207977208,9.849240780911062,253,1,50,0.5,0.5,0.5,genetic,inheritance,inheritance,0.05,10
885,718,897,0.5306740530982718,0.5,0.5,8.68587570621469,9.047353760445683,9.845039018952063,254,1,50,0.5,0.5,0.5,genetic,inheritance,inheritance,0.05,10
882,730,888,0.5316913606682724,0.5,0.5,8.851473922902494,8.902739726027397,9.824324324324325,255,1,50,0.5,0.5,0.5,genetic,inheritance,inheritance,0.05,10
885,749,866,0.5334861331745662,0.5,0.5,8.862146892655367,8.699599465954606,10.08660508083141,256,1,50,0.5,0.5,0.5,genetic,inheritance,inheritance,0.05,10
878,754,868,0.5355566724063138,0.5,0.5,8.88496583143508,8.526525198938993,10.111751152073733,257,1,50,0.5,0.5,0.5,genetic,inheritance,inheritance,0.05,10
885,773,842,0.5386182287358303,0.5,0.5,8.805649717514124,8.39327296248383,10.282660332541568,258,1,50,0.5,0.5,0.5,genetic,inheritance,inheritance,0.05,10
889,792,819,0.5398449640115255,0.5,0.5,8.807649043869516,8.401515151515152,10.380952380952381,259,1,50,0.5,0.5,0.5,genetic,inheritance,inheritance,0.05,10
887,804,809,0.5419771570544761,0.5,0.5,8.919954904171364,8.592039800995025,10.344870210135971,260,1,50,0.5,0.5,0.5,genetic,inheritance,inheritance,0.05,10
885,819,796,0.5437903895984278,0.5,0.5,8.815819209039548,8.581196581196581,10.238693467336683,261,1,50,0.5,0.5,0.5,genetic,inheritance,inheritance,0.05,10
897,821,782,0.5439267180996552,0.5,0.5,8.826086956521738,8.543239951278927,10.190537084398978,262,1,50,0.5,0.5,0.5,genetic,inheritance,inheritance,0.05,10
879,858,763,0.5444300888394071,0.5,0.5,9.034129692832764,8.572261072261073,10.229357798165138,263,1,50,0.5,0.5,0.5,genetic,inheritance,inheritance,0.05,10
881,879,740,0.5457019396087667,0.5,0.5,8.912599318955731,8.771331058020477,10.177027027027027,264,1,50,0.5,0.5,0.5,genetic,inheritance,inheritance,0.05,10
877,890,733,0.5434753447461212,0.5,0.5,8.874572405929305,8.633707865168539,9.89631650750341,265,1,50,0.5,0.5,0.5,genetic,inheritance,inheritance,0.05,10
871,912,717,0.5439254707267841,0.5,0.5,8.82548794489093,8.524122807017545,9.757322175732218,266,1,50,0.5,0.5,0.5,genetic,inheritance,inheritance,0.05,10
849,919,732,0.5422197167681895,0.5,0.5,9.027090694935218,8.576713819368878,9.583333333333334,267,1,50,0.5,0.5,0.5,genetic,inheritance,inheritance,0.05,10
836,939,725,0.5400974179818011,0.5,0.5,8.992822966507177,8.758253461128861,9.420689655172414,268,1,50,0.5,0.5,0.5,genetic,inheritance,inheritance,0.05,10
852,923,725,0.5396130150378019,0.5,0.5,9.015258215962442,8.845070422535212,8.875862068965517,269,1,50,0.5,0.5,0.5,genetic,inheritance,inheritance,0.05,10
836,925,739,0.5390954817729599,0.5,0.5,9.30023923444976,9.072432432432432,8.85385656292287,270,1,50,0.5,0.5,0.5,genetic,inheritance,inheritance,0.05,10
829,910,761,0.5377942822403556,0.5,0.5,9.515078407720145,9.227472527472527,8.894875164257556,271,1,50,0.5,0.5,0.5,genetic,inheritance,inheritance,0.05,10
826,897,777,0.5379427186809087,0.5,0.5,9.791767554479419,9.403567447045708,8.62033462033462,272,1,50,0.5,0.5,0.5,genetic,inheritance,inheritance,0.05,10
837,887,776,0.5354995141175717,0.5,0.5,9.67383512544803,9.498308906426155,8.411082474226804,273,1,50,0.5,0.5,0.5,genetic,inheritance,inheritance,0.05,10
828,901,771,0.5355211864206791,0.5,0.5,9.47463768115942,9.48834628190899,8.238651102464331,274,1,50,0.5,0.5,0.5,genetic,inheritance,inheritance,0.05,10
813,892,795,0.5324376674748922,0.5,0.5,9.460024600246003,9.382286995515695,8.18867924528302,275,1,50,0.5,0.5,0.5,genetic,inheritance,inheritance,0.05,10
802,892,806,0.5309390251418823,0.5,0.5,9.476309226932669,9.558295964125561,8.187344913151366,276,1,50,0.5,0.5,0.5,genetic,inheritance,inheritance,0.05,10
782,891,827,0.5302464296856322,0.5,0.5,9.437340153452686,9.42087542087542,8.122128174123338,277,1,50,0.5,0.5,0.5,genetic,inheritance,inheritance,0.05,10
765,894,841,0.5303178392630573,0.5,0.5,9.586928104575163,9.359060402684564,8.331747919143876,278,1,50,0.5,0.5,0.5,genetic,inheritance,inheritance,0.05,10
744,904,852,0.5271504026224806,0.5,0.5,9.422043010752688,9.392699115044248,8.326291079812206,279,1,50,0.5,0.5,0.5,genetic,inheritance,inheritance,0.05,10
732,895,873,0.5261539512068502,0.5,0.5,9.360655737704919,9.408938547486034,8.469644902634593,280,1,50,0.5,0.5,0.5,genetic,inheritance,inheritance,0.05,10
721,894,885,0.525640835430533,0.5,0.5,9.360610263522885,9.32102908277405,8.546892655367232,281,1,50,0.5,0.5,0.5,genetic,inheritance,inheritance,0.05,10
703,895,902,0.5233555502974191,0.5,0.5,9.149359886201992,9.11731843575419,8.703991130820398,282,1,50,0.5,0.5,0.5,genetic,inheritance,inheritance,0.05,10
694,904,902,0.5237340344616024,0.5,0.5,8.806916426512968,8.998893805309734,8.747228381374724,283,1,50,0.5,0.5,0.5,genetic,inheritance,inheritance,0.05,10
706,920,874,0.5231431158301616,0.5,0.5,8.36827195467422,8.923913043478262,9.085812356979405,284,1,50,0.5,0.5,0.5,genetic,inheritance,inheritance,0.05,10
703,925,872,0.523679320776467,0.5,0.5,8.293029871977241,9.03027027027027,9.121559633027523,285,1,50,0.5,0.5,0.5,genetic,inheritance,inheritance,0.05,10
704,926,870,0.522159708919935,0.5,0.5,8.089488636363637,9.244060475161987,9.168965517241379,286,1,50,0.5,0.5,0.5,genetic,inheritance,inheritance,0.05,10
717,923,860,0.5201442106588379,0.5,0.5,7.875871687587169,9.456121343445288,9.237209302325581,287,1,50,0.5,0.5,0.5,genetic,inheritance,inheritance,0.05,10
727,910,863,0.5192394037341674,0.5,0.5,7.7262723521320495,9.576923076923077,9.225955967555041,288,1,50,0.5,0.5,0.5,genetic,inheritance,inheritance,0.05,10
721,915,864,0.5179580891846713,0.5,0.5,7.840499306518724,9.700546448087431,9.443287037037036,289,1,50,0.5,0.5,0.5,genetic,inheritance,inheritance,0.05,10
734,903,863,0.5176581414394926,0.5,0.5,7.922343324250681,9.908084163898117,9.606025492468135,290,1,50,0.5,0.5,0.5,genetic,inheritance,inheritance,0.05,10
749,891,860,0.5171353466724247,0.5,0.5,7.91588785046729,10.033670033670033,9.538372093023256,291,1,50,0.5,0.5,0.5,genetic,inheritance,inheritance,0.05,10
760,861,879,0.5169157273338234,0.5,0.5,8.051315789473684,10.24157955865273,9.43230944254835,292,1,50,0.5,0.5,0.5,genetic,inheritance,inheritance,0.05,10
756,855,889,0.5161725679208131,0.5,0.5,8.051587301587302,10.208187134502923,9.43644544431946,293,1,50,0.5,0.5,0.5,genetic,inheritance,inheritance,0.05,10
796,833,871,0.5174714658116939,0.5,0.5,7.96859296482412,10.370948379351741,9.10907003444317,294,1,50,0.5,0.5,0.5,genetic,inheritance,inheritance,0.05,10
804,835,861,0.5183133041623159,0.5,0.5,7.972636815920398,10.061077844311377,8.97677119628339,295,1,50,0.5,0.5,0.5,genetic,inheritance,inheritance,0.05,10
839,822,839,0.5202707294154971,0.5,0.5,8.03098927294398,10.28345498783455,8.95113230035757,296,1,50,0.5,0.5,0.5,genetic,inheritance,inheritance,0.05,10
852,807,841,0.5202892346806248,0.5,0.5,8.181924882629108,10.337050805452293,8.769322235434007,297,1,50,0.5,0.5,0.5,genetic,inheritance,inheritance,0.05,10
859,804,837,0.5214450999355895,0.5,0.5,8.10477299185099,10.154228855721392,8.626045400238949,298,1,50,0.5,0.5,0.5,genetic,inheritance,inheritance,0.05,10
835,808,857,0.5223032834364799,0.5,0.5,8.453892215568862,9.745049504950495,8.810968494749124,299,1,50,0.5,0.5,0.5,genetic,inheritance,inheritance,0.05,10
812,833,855,0.5208304950546476,0.5,0.5,8.560344827586206,9.54501800720288,9.073684210526316,300,1,50,0.5,0.5,0.5,genetic,inheritance,inheritance,0.05,10
798,824,878,0.5212518179785458,0.5,0.5,8.93734335839599,9.66140776699029,9.060364464692483,301,1,50,0.5,0.5,0.5,genetic,inheritance,inheritance,0.05,10
798,813,889,0.5225116992777888,0.5,0.5,9.070175438596491,9.687576875768757,9.211473565804274,302,1,50,0.5,0.5,0.5,genetic,inheritance,inheritance,0.05,10
765,811,924,0.523609504575046,0.5,0.5,9.245751633986927,9.437731196054253,9.202380952380953,303,1,50,0.5,0.5,0.5,genetic,inheritance,inheritance,0.05,10
729,810,961,0.5238118748864291,0.5,0.5,9.482853223593965,9.232098765432099,9.334027055150884,304,1,50,0.5,0.5,0.5,genetic,inheritance,inheritance,0.05,10
702,821,977,0.5237980600643724,0.5,0.5,9.517094017094017,9.118148599269183,9.653019447287615,305,1,50,0.5,0.5,0.5,genetic,inheritance,inheritance,0.05,10
685,820,995,0.5239134420673495,0.5,0.5,9.46131386861314,8.915853658536586,9.725628140703517,306,1,50,0.5,0.5,0.5,genetic,inheritance,inheritance,0.05,10
673,813,1014,0.5270932945864044,0.5,0.5,9.316493313521546,8.816728167281672,9.779092702169626,307,1,50,0.5,0.5,0.5,genetic,inheritance,inheritance,0.05,10
651,829,1020,0.5287897019649147,0.5,0.5,9.081413210445469,8.700844390832328,10.093137254901961,308,1,50,0.5,0.5,0.5,genetic,inheritance,inheritance,0.05,10
631,835,1034,0.5310407802828714,0.5,0.5,8.760697305863708,8.525748502994013,10.26982591876209,309,1,50,0.5,0.5,0.5,genetic,inheritance,inheritance,0.05,10
642,820,1038,0.5289698490617656,0.5,0.5,8.299065420560748,8.429268292682927,10.329479768786127,310,1,50,0.5,0.5,0.5,genetic,inheritance,inheritance,0.05,10
639,811,1050,0.529771285719728,0.5,0.5,8.025039123630673,8.319358816276202,10.452380952380953,311,1,50,0.5,0.5,0.5,genetic,inheritance,inheritance,0.05,10
630,798,1072,0.5325830353411454,0.5,0.5,8.003174603174603,8.414786967418546,10.609141791044776,312,1,50,0.5,0.5,0.5,genetic,inheritance,inheritance,0.05,10
627,778,1095,0.5321364297938193,0.5,0.5,8.12280701754386,8.63496143958869,10.796347031963471,313,1,50,0.5,0.5,0.5,genetic,inheritance,inheritance,0.05,10
642,743,1115,0.5323744444349975,0.5,0.5,8.101246105919003,8.876177658142664,10.88609865470852,314,1,50,0.5,0.5,0.5,genetic,inheritance,inheritance,0.05,10
663,729,1108,0.5331901087374652,0.5,0.5,7.769230769230769,8.916323731138545,10.945848375451263,315,1,50,0.5,0.5,0.5,genetic,inheritance,inheritance,0.05,10
675,705,1120,0.5326026336457235,0.5,0.5,7.888888888888889,8.956028368794327,11.070535714285715,316,1,50,0.5,0.5,0.5,genetic,inheritance,inheritance,0.05,10
696,690,1114,0.5339680436184596,0.5,0.5,7.892241379310345,9.072463768115941,11.219030520646319,317,1,50,0.5,0.5,0.5,genetic,inheritance,inheritance,0.05,10
700,684,1116,0.5339838065647093,0.5,0.5,7.85,8.95906432748538,11.317204301075268,318,1,50,0.5,0.5,0.5,genetic,inheritance,inheritance,0.05,10
706,691,1103,0.5343601809447621,0.5,0.5,7.825779036827195,9.028943560057888,11.640979147778785,319,1,50,0.5,0.5,0.5,genetic,inheritance,inheritance,0.05,10
731,691,1078,0.5345096634340413,0.5,0.5,7.801641586867305,9.11287988422576,11.83395176252319,320,1,50,0.5,0.5,0.5,genetic,inheritance,inheritance,0.05,10
776,675,1049,0.5319767644186802,0.5,0.5,7.756443298969073,9.404444444444444,11.893231649189705,321,1,50,0.5,0.5,0.5,genetic,inheritance,inheritance,0.05,10
820,645,1035,0.5313959342527672,0.5,0.5,7.764634146341463,9.652713178294574,11.785507246376811,322,1,50,0.5,0.5,0.5,genetic,inheritance,inheritance,0.05,10
840,629,1031,0.5302028883396872,0.5,0.5,7.994047619047619,9.650238473767885,11.88360814742968,323,1,50,0.5,0.5,0.5,genetic,inheritance,inheritance,0.05,10
893,614,993,0.5295025410994413,0.5,0.5,7.970884658454647,9.68729641693811,11.776435045317221,324,1,50,0.5,0.5,0.5,genetic,inheritance,inheritance,0.05,10
936,616,948,0.5308950795328952,0.5,0.5,8.091880341880342,9.849025974025974,11.899789029535865,325,1,50,0.5,0.5,0.5,genetic,inheritance,inheritance,0.05,10
974,601,925,0.5317797395226349,0.5,0.5,8.257700205338809,9.803660565723794,12.063783783783784,326,1,50,0.5,0.5,0.5,genetic,inheritance,inheritance,0.05,10
1021,576,903,0.5298742207926448,0.5,0.5,8.301665034280118,9.772569444444445,11.86157253599114,327,1,50,0.5,0.5,0.5,genetic,inheritance,inheritance,0.05,10
1051,587,862,0.5295126632024012,0.5,0.5,8.434823977164605,9.56388415672913,11.835266821345707,328,1,50,0.5,0.5,0.5,genetic,inheritance,inheritance,0.05,10
1090,574,836,0.5298149627639794,0.5,0.5,8.622935779816514,9.344947735191637,11.537081339712918,329,1,50,0.5,0.5,0.5,genetic,inheritance,inheritance,0.05,10
1125,561,814,0.529818391361794,0.5,0.5,8.803555555555555,9.071301247771837,11.164619164619165,330,1,50,0.5,0.5,0.5,genetic,inheritance,inheritance,0.05,10
1146,560,794,0.5283430183295352,0.5,0.5,9.038394415357766,8.746428571428572,10.7455919395466,331,1,50,0.5,0.5,0.5,genetic,inheritance,inheritance,0.05,10
1168,577,755,0.5284327705783902,0.5,0.5,9.238013698630137,8.277296360485268,10.447682119205298,332,1,50,0.5,0.5,0.5,genetic,inheritance,inheritance,0.05,10
1161,616,723,0.5295101727927227,0.5,0.5,9.45219638242894,8.095779220779221,10.495159059474412,333,1,50,0.5,0.5,0.5,genetic,inheritance,inheritance,0.05,10
1168,631,701,0.5294327740868748,0.5,0.5,9.58904109589041,7.9635499207606975,10.276747503566334,334,1,50,0.5,0.5,0.5,genetic,inheritance,inheritance,0.05,10
1159,671,670,0.529976282143583,0.5,0.5,9.685073339085418,7.624441132637854,10.208955223880597,335,1,50,0.5,0.5,0.5,genetic,inheritance,inheritance,0.05,10
1151,687,662,0.5309043678400371,0.5,0.5,9.73588184187663,7.21688500727802,9.906344410876132,336,1,50,0.5,0.5,0.5,genetic,inheritance,inheritance,0.05,10
1117,725,658,0.5308210776608356,0.5,0.5,9.909579230080572,7.085517241379311,9.708206686930092,337,1,50,0.5,0.5,0.5,genetic,inheritance,inheritance,0.05,10
1099,769,632,0.5291737281468276,0.5,0.5,10.034576888080073,7.102730819245774,9.677215189873417,338,1,50,0.5,0.5,0.5,genetic,inheritance,inheritance,0.05,10
1099,800,601,0.5293207247741449,0.5,0.5,10.330300272975432,7.155,9.138103161397671,339,1,50,0.5,0.5,0.5,genetic,inheritance,inheritance,0.05,10
1070,840,590,0.5293268848308913,0.5,0.5,10.489719626168224,7.123809523809523,9.155932203389831,340,1,50,0.5,0.5,0.5,genetic,inheritance,inheritance,0.05,10
1030,876,594,0.527966308780722,0.5,0.5,10.75631067961165,7.116438356164384,9.14983164983165,341,1,50,0.5,0.5,0.5,genetic,inheritance,inheritance,0.05,10
989,917,594,0.526695199600526,0.5,0.5,10.885743174924166,7.1275899672846235,8.932659932659933,342,1,50,0.5,0.5,0.5,genetic,inheritance,inheritance,0.05,10
929,978,593,0.5259960029253656,0.5,0.5,10.891280947255114,7.190184049079755,8.827993254637438,343,1,50,0.5,0.5,0.5,genetic,inheritance,inheritance,0.05,10
878,1022,600,0.5254407805548647,0.5,0.5,11.030751708428246,7.3561643835616435,8.608333333333333,344,1,50,0.5,0.5,0.5,genetic,inheritance,inheritance,0.05,10
838,1042,620,0.5254063567833223,0.5,0.5,11.100238663484486,7.509596928982726,8.287096774193548,345,1,50,0.5,0.5,0.5,genetic,inheritance,inheritance,0.05,10
799,1065,636,0.523832670726885,0.5,0.5,11.236545682102628,7.76056338028169,8.36320754716981,346,1,50,0.5,0.5,0.5,genetic,inheritance,inheritance,0.05,10
787,1074,639,0.5260216682331217,0.5,0.5,11.135959339263025,8.04562383612663,8.15962441314554,347,1,50,0.5,0.5,0.5,genetic,inheritance,inheritance,0.05,10
753,1098,649,0.5271858182410769,0.5,0.5,10.95883134130146,8.28688524590164,8.189522342064715,348,1,50,0.5,0.5,0.5,genetic,inheritance,inheritance,0.05,10
726,1120,654,0.5292960905181238,0.5,0.5,10.805785123966942,8.580357142857142,8.134556574923547,349,1,50,0.5,0.5,0.5,genetic,inheritance,inheritance,0.05,10
709,1119,672,0.5295043976416772,0.5,0.5,10.533145275035261,8.920464700625558,8.022321428571429,350,1,50,0.5,0.5,0.5,genetic,inheritance,inheritance,0.05,10
686,1123,691,0.5301674202573609,0.5,0.5,10.536443148688047,9.225289403383794,8.08972503617945,351,1,50,0.5,0.5,0.5,genetic,inheritance,inheritance,0.05,10
674,1129,697,0.5300007197304769,0.5,0.5,10.14540059347181,9.45792736935341,7.888091822094691,352,1,50,0.5,0.5,0.5,genetic,inheritance,inheritance,0.05,10
665,1112,723,0.5312765216463339,0.5,0.5,9.899248120300753,9.79136690647482,7.6846473029045645,353,1,50,0.5,0.5,0.5,genetic,inheritance,inheritance,0.05,10
655,1085,760,0.5344749893456741,0.5,0.5,9.829007633587786,10.020276497695853,7.617105263157895,354,1,50,0.5,0.5,0.5,genetic,inheritance,inheritance,0.05,10
657,1081,762,0.5380187548342388,0.5,0.5,9.080669710806697,10.124884366327475,7.649606299212598,355,1,50,0.5,0.5,0.5,genetic,inheritance,inheritance,0.05,10
686,1041,773,0.5388100675595981,0.5,0.5,8.73469387755102,10.479346781940443,7.487710219922381,356,1,50,0.5,0.5,0.5,genetic,inheritance,inheritance,0.05,10
694,1041,765,0.5394950614968483,0.5,0.5,8.443804034582133,10.77521613832853,7.681045751633987,357,1,50,0.5,0.5,0.5,genetic,inheritance,inheritance,0.05,10
715,1018,767,0.5417401922720299,0.5,0.5,8.457342657342657,11.216110019646365,7.615384615384615,358,1,50,0.5,0.5,0.5,genetic,inheritance,inheritance,0.05,10
741,979,780,0.5402898438375318,0.5,0.5,8.352226720647772,11.442288049029623,7.432051282051282,359,1,50,0.5,0.5,0.5,genetic,inheritance,inheritance,0.05,10
762,959,779,0.5429549286498205,0.5,0.5,8.036745406824148,11.48488008342023,7.2092426187419765,360,1,50,0.5,0.5,0.5,genetic,inheritance,inheritance,0.05,10
771,941,788,0.5446458539408775,0.5,0.5,7.9221789883268485,11.503719447396387,7.2956852791878175,361,1,50,0.5,0.5,0.5,genetic,inheritance,inheritance,0.05,10
780,912,808,0.5447300933017696,0.5,0.5,8.237179487179487,11.74561403508772,7.319306930693069,362,1,50,0.5,0.5,0.5,genetic,inheritance,inheritance,0.05,10
774,895,831,0.5441185245611347,0.5,0.5,8.587855297157622,11.788826815642459,7.41395908543923,363,1,50,0.5,0.5,0.5,genetic,inheritance,inheritance,0.05,10
783,861,856,0.5444381865793967,0.5,0.5,8.82375478927203,12.061556329849013,7.483644859813084,364,1,50,0.5,0.5,0.5,genetic,inheritance,inheritance,0.05,10
804,823,873,0.5458205854328886,0.5,0.5,8.77363184079602,12.0,7.466208476517755,365,1,50,0.5,0.5,0.5,genetic,inheritance,inheritance,0.05,10
821,820,859,0.5474797697977167,0.5,0.5,8.585870889159562,11.698780487804878,7.778812572759022,366,1,50,0.5,0.5,0.5,genetic,inheritance,inheritance,0.05,10
834,827,839,0.5479007397602271,0.5,0.5,8.605515587529975,11.500604594921402,7.979737783075089,367,1,50,0.5,0.5,0.5,genetic,inheritance,inheritance,0.05,10
841,843,816,0.5481769721880744,0.5,0.5,8.665873959571938,11.013048635824436,8.269607843137255,368,1,50,0.5,0.5,0.5,genetic,inheritance,inheritance,0.05,10
863,831,806,0.5481390342328571,0.5,0.5,8.565469293163384,10.817087845968713,8.310173697270471,369,1,50,0.5,0.5,0.5,genetic,inheritance,inheritance,0.05,10
871,843,786,0.5489821576697322,0.5,0.5,8.59931113662457,10.537366548042705,8.43765903307888,370,1,50,0.5,0.5,0.5,genetic,inheritance,inheritance,0.05,10
875,866,759,0.5469614321498278,0.5,0.5,8.627428571428572,10.331408775981524,8.873517786561266,371,1,50,0.5,0.5,0.5,genetic,inheritance,inheritance,0.05,10
881,870,749,0.5480682475312106,0.5,0.5,8.572077185017026,9.826436781609196,8.531375166889186,372,1,50,0.5,0.5,0.5,genetic,inheritance,inheritance,0.05,10
868,901,731,0.5477934551437296,0.5,0.5,8.764976958525345,9.69700332963374,8.668946648426813,373,1,50,0.5,0.5,0.5,genetic,inheritance,inheritance,0.05,10
863,923,714,0.5484609774781422,0.5,0.5,8.777520278099653,9.457204767063923,8.435574229691877,374,1,50,0.5,0.5,0.5,genetic,inheritance,inheritance,0.05,10
852,957,691,0.547163616453799,0.5,0.5,8.827464788732394,9.41901776384535,8.441389290882778,375,1,50,0.5,0.5,0.5,genetic,inheritance,inheritance,0.05,10
863,957,680,0.546412512048396,0.5,0.5,8.911935110081112,9.631138975966563,8.419117647058824,376,1,50,0.5,0.5,0.5,genetic,inheritance,inheritance,0.05,10
837,983,680,0.5475215763859552,0.5,0.5,8.960573476702509,9.318413021363174,8.413235294117648,377,1,50,0.5,0.5,0.5,genetic,inheritance,inheritance,0.05,10
818,998,684,0.5485063014401981,0.5,0.5,8.900977995110024,9.259519038076153,8.31140350877193,378,1,50,0.5,0.5,0.5,genetic,inheritance,inheritance,0.05,10
786,1030,684,0.5485244517905685,0.5,0.5,8.947837150127226,9.323300970873786,8.36111111111111,379,1,50,0.5,0.5,0.5,genetic,inheritance,inheritance,0.05,10
772,1035,693,0.5477979908852775,0.5,0.5,8.97279792746114,9.565217391304348,8.245310245310245,380,1,50,0.5,0.5,0.5,genetic,inheritance,inheritance,0.05,10
768,1035,697,0.5479558782629487,0.5,0.5,8.916666666666666,9.718840579710145,8.12338593974175,381,1,50,0.5,0.5,0.5,genetic,inheritance,inheritance,0.05,10
788,1041,671,0.5494473889044998,0.5,0.5,8.475888324873097,9.945244956772335,7.955290611028316,382,1,50,0.5,0.5,0.5,genetic,inheritance,inheritance,0.05,10
782,1046,672,0.5501677644428005,0.5,0.5,8.506393861892583,10.084130019120458,7.830357142857143,383,1,50,0.5,0.5,0.5,genetic,inheritance,inheritance,0.05,10
771,1059,670,0.5513719911087627,0.5,0.5,8.603112840466926,10.069877242681775,7.7925373134328355,384,1,50,0.5,0.5,0.5,genetic,inheritance,inheritance,0.05,10
761,1044,695,0.5522899984990387,0.5,0.5,8.486202365308804,10.136015325670497,7.529496402877698,385,1,50,0.5,0.5,0.5,genetic,inheritance,inheritance,0.05,10
744,1050,706,0.5535303613577346,0.5,0.5,8.469086021505376,10.225714285714286,7.505665722379604,386,1,50,0.5,0.5,0.5,genetic,inheritance,inheritance,0.05,10
723,1056,721,0.5541540143783574,0.5,0.5,8.544951590594744,10.332386363636363,7.5325936199722605,387,1,50,0.5,0.5,0.5,genetic,inheritance,inheritance,0.05,10
719,1052,729,0.5528597328609864,0.5,0.5,8.340751043115437,10.425855513307985,7.508916323731139,388,1,50,0.5,0.5,0.5,genetic,inheritance,inheritance,0.05,10
714,1037,749,0.5540035235676212,0.5,0.5,8.449579831932773,10.53519768563163,7.471295060080107,389,1,50,0.5,0.5,0.5,genetic,inheritance,inheritance,0.05,10
691,1016,793,0.5540244698895136,0.5,0.5,8.628075253256151,10.533464566929133,7.472887767969735,390,1,50,0.5,0.5,0.5,genetic,inheritance,inheritance,0.05,10
682,1012,806,0.5568061745601829,0.5,0.5,8.47800586510264,10.661067193675889,7.652605459057072,391,1,50,0.5,0.5,0.5,genetic,inheritance,inheritance,0.05,10
692,989,819,0.556909266658639,0.5,0.5,8.601156069364162,10.9737108190091,7.846153846153846,392,1,50,0.5,0.5,0.5,genetic,inheritance,inheritance,0.05,10
681,979,840,0.5595768054850414,0.5,0.5,8.550660792951541,10.922369765066394,7.854761904761904,393,1,50,0.5,0.5,0.5,genetic,inheritance,inheritance,0.05,10
669,992,839,0.561106592623283,0.5,0.5,8.599402092675636,10.922379032258064,8.053635280095351,394,1,50,0.5,0.5,0.5,genetic,inheritance,inheritance,0.05,10
679,980,841,0.5630339489243835,0.5,0.5,8.692194403534609,11.204081632653061,8.30677764565993,395,1,50,0.5,0.5,0.5,genetic,inheritance,inheritance,0.05,10
659,966,875,0.5642536194664116,0.5,0.5,8.779969650986343,10.9296066252588,8.419428571428572,396,1,50,0.5,0.5,0.5,genetic,inheritance,inheritance,0.05,10
656,956,888,0.5643704780704737,0.5,0.5,8.903963414634147,10.81694560669456,8.469594594594595,397,1,50,0.5,0.5,0.5,genetic,inheritance,inheritance,0.05,10
641,945,914,0.5622273912798158,0.5,0.5,8.725429017160687,10.751322751322752,8.561269146608316,398,1,50,0.5,0.5,0.5,genetic,inheritance,inheritance,0.05,10
642,904,954,0.5611471403956605,0.5,0.5,8.605919003115265,10.826327433628318,8.50943396226415,399,1,50,0.5,0.5,0.5,genetic,inheritance,inheritance,0.05,10
645,874,981,0.5587705867059638,0.5,0.5,8.72248062015504,10.782608695652174,8.615698267074414,400,1,50,0.5,0.5,0.5,genetic,inheritance,inheritance,0.05,10
659,830,1011,0.5566662998184237,0.5,0.5,8.437025796661608,10.644578313253012,8.65677546983185,401,1,50,0.5,0.5,0.5,genetic,inheritance,inheritance,0.05,10
675,797,1028,0.5559065519105101,0.5,0.5,8.296296296296296,10.554579673776663,8.752918287937744,402,1,50,0.5,0.5,0.5,genetic,inheritance,inheritance,0.05,10
690,782,1028,0.5548743922275083,0.5,0.5,7.831884057971014,10.419437340153452,8.84533073929961,403,1,50,0.5,0.5,0.5,genetic,inheritance,inheritance,0.05,10
724,759,1017,0.5534869849655637,0.5,0.5,7.584254143646409,9.993412384716732,8.893805309734514,404,1,50,0.5,0.5,0.5,genetic,inheritance,inheritance,0.05,10
731,746,1023,0.5520410855843261,0.5,0.5,7.511627906976744,9.55361930294906,8.970674486803519,405,1,50,0.5,0.5,0.5,genetic,inheritance,inheritance,0.05,10
754,731,1015,0.5538406852427541,0.5,0.5,7.408488063660477,9.389876880984952,9.076847290640394,406,1,50,0.5,0.5,0.5,genetic,inheritance,inheritance,0.05,10
773,710,1017,0.5539640094261635,0.5,0.5,7.482535575679172,9.370422535211267,9.240904621435595,407,1,50,0.5,0.5,0.5,genetic,inheritance,inheritance,0.05,10
796,699,1005,0.5536057376307756,0.5,0.5,7.478643216080402,9.012875536480687,9.281592039800994,408,1,50,0.5,0.5,0.5,genetic,inheritance,inheritance,0.05,10
842,684,974,0.5537196819307862,0.5,0.5,7.489311163895487,9.149122807017545,9.344969199178644,409,1,50,0.5,0.5,0.5,genetic,inheritance,inheritance,0.05,10
883,675,942,0.5536170143766418,0.5,0.5,7.52321630804077,9.097777777777777,9.4447983014862,410,1,50,0.5,0.5,0.5,genetic,inheritance,inheritance,0.05,10
926,677,897,0.5539012194707744,0.5,0.5,7.525917926565874,9.004431314623337,9.58974358974359,411,1,50,0.5,0.5,0.5,genetic,inheritance,inheritance,0.05,10
982,682,836,0.5535343516505776,0.5,0.5,7.696537678207739,9.195014662756599,9.569377990430622,412,1,50,0.5,0.5,0.5,genetic,inheritance,inheritance,0.05,10
1012,705,783,0.5516519892554118,0.5,0.5,7.854743083003952,9.202836879432624,9.984674329501916,413,1,50,0.5,0.5,0.5,genetic,inheritance,inheritance,0.05,10
1046,711,743,0.551884102603418,0.5,0.5,8.11567877629063,9.135021097046414,10.104979811574697,414,1,50,0.5,0.5,0.5,genetic,inheritance,inheritance,0.05,10
1042,731,727,0.5520162770571175,0.5,0.5,8.387715930902111,8.875512995896033,9.917469050894086,415,1,50,0.5,0.5,0.5,genetic,inheritance,inheritance,0.05,10
1047,740,713,0.552373075489905,0.5,0.5,8.628462273161414,8.641891891891891,9.757363253856942,416,1,50,0.5,0.5,0.5,genetic,inheritance,inheritance,0.05,10
1062,754,684,0.55289421390025,0.5,0.5,8.849340866290019,8.47082228116711,9.539473684210526,417,1,50,0.5,0.5,0.5,genetic,inheritance,inheritance,0.05,10
1089,770,641,0.5557270642764135,0.5,0.5,8.808999081726354,8.284415584415584,9.480499219968799,418,1,50,0.5,0.5,0.5,genetic,inheritance,inheritance,0.05,10
1062,817,621,0.5559404260394323,0.5,0.5,9.027306967984934,8.063647490820074,9.541062801932368,419,1,50,0.5,0.5,0.5,genetic,inheritance,inheritance,0.05,10
1039,855,606,0.5556740158343382,0.5,0.5,9.236766121270453,8.12046783625731,9.544554455445544,420,1,50,0.5,0.5,0.5,genetic,inheritance,inheritance,0.05,10
1013,888,599,0.5554414174972667,0.5,0.5,9.537018756169793,7.94481981981982,9.637729549248748,421,1,50,0.5,0.5,0.5,genetic,inheritance,inheritance,0.05,10
976,930,594,0.5572861944555393,0.5,0.5,9.663934426229508,7.855913978494623,9.44949494949495,422,1,50,0.5,0.5,0.5,genetic,inheritance,inheritance,0.05,10
938,986,576,0.5576156941578232,0.5,0.5,9.57675906183369,7.689655172413793,9.352430555555555,423,1,50,0.5,0.5,0.5,genetic,inheritance,inheritance,0.05,10
894,1021,585,0.5557690580811845,0.5,0.5,9.927293064876958,7.719882468168462,9.099145299145299,424,1,50,0.5,0.5,0.5,genetic,inheritance,inheritance,0.05,10
842,1072,586,0.5536611797532212,0.5,0.5,9.96793349168646,7.776119402985074,8.819112627986348,425,1,50,0.5,0.5,0.5,genetic,inheritance,inheritance,0.05,10
794,1104,602,0.5541102659300722,0.5,0.5,10.013853904282115,7.884963768115942,8.602990033222591,426,1,50,0.5,0.5,0.5,genetic,inheritance,inheritance,0.05,10
718,1163,619,0.5531277977620808,0.5,0.5,9.800835654596101,7.8753224419604475,8.365105008077544,427,1,50,0.5,0.5,0.5,genetic,inheritance,inheritance,0.05,10
676,1175,649,0.5529413160728538,0.5,0.5,9.591715976331361,8.031489361702128,7.785824345146379,428,1,50,0.5,0.5,0.5,genetic,inheritance,inheritance,0.05,10
640,1186,674,0.5519211049319956,0.5,0.5,9.2171875,8.210792580101181,7.554896142433234,429,1,50,0.5,0.5,0.5,genetic,inheritance,inheritance,0.05,10
592,1204,704,0.5529123191295009,0.5,0.5,9.224662162162161,8.481727574750831,7.596590909090909,430,1,50,0.5,0.5,0.5,genetic,inheritance,inheritance,0.05,10
561,1208,731,0.5516336856153776,0.5,0.5,9.26559714795009,8.842715231788079,7.564979480164158,431,1,50,0.5,0.5,0.5,genetic,inheritance,inheritance,0.05,10
536,1197,767,0.5512128084156382,0.5,0.5,9.164179104477611,9.24812030075188,7.646675358539765,432,1,50,0.5,0.5,0.5,genetic,inheritance,inheritance,0.05,10
509,1192,799,0.5514346747310515,0.5,0.5,8.787819253438114,9.60738255033557,7.763454317897372,433,1,50,0.5,0.5,0.5,genetic,inheritance,inheritance,0.05,10
500,1179,821,0.5540161468046795,0.5,0.5,8.344,9.89058524173028,7.7941534713763705,434,1,50,0.5,0.5,0.5,genetic,inheritance,inheritance,0.05,10
500,1154,846,0.5557049505958246,0.5,0.5,8.124,10.314558058925476,7.781323877068558,435,1,50,0.5,0.5,0.5,genetic,inheritance,inheritance,0.05,10
502,1111,887,0.557349541358649,0.5,0.5,7.798804780876494,10.663366336633663,7.776775648252537,436,1,50,0.5,0.5,0.5,genetic,inheritance,inheritance,0.05,10
500,1068,932,0.5573975430595091,0.5,0.5,7.414,10.867041198501873,7.797210300429184,437,1,50,0.5,0.5,0.5,genetic,inheritance,inheritance,0.05,10
519,1033,948,0.5566343427158037,0.5,0.5,7.05009633911368,11.035818005808325,7.725738396624473,438,1,50,0.5,0.5,0.5,genetic,inheritance,inheritance,0.05,10
542,958,1000,0.5573551505465837,0.5,0.5,6.944649446494465,11.558455114822547,7.678,439,1,50,0.5,0.5,0.5,genetic,inheritance,inheritance,0.05,10
579,885,1036,0.5586050059403035,0.5,0.5,6.77720207253886,11.845197740112994,7.72972972972973,440,1,50,0.5,0.5,0.5,genetic,inheritance,inheritance,0.05,10
604,850,1046,0.5608055523204997,0.5,0.5,6.768211920529802,12.012941176470589,7.861376673040153,441,1,50,0.5,0.5,0.5,genetic,inheritance,inheritance,0.05,10
649,807,1044,0.5603720560652943,0.5,0.5,6.687211093990755,12.169764560099132,7.977011494252873,442,1,50,0.5,0.5,0.5,genetic,inheritance,inheritance,0.05,10
667,759,1074,0.5598737234659195,0.5,0.5,6.7166416791604195,12.032938076416338,8.054003724394786,443,1,50,0.5,0.5,0.5,genetic,inheritance,inheritance,0.05,10
716,714,1070,0.5595722909780466,0.5,0.5,6.677374301675978,12.117647058823529,8.228971962616823,444,1,50,0.5,0.5,0.5,genetic,inheritance,inheritance,0.05,10
758,690,1052,0.5584705318954384,0.5,0.5,6.538258575197889,11.697101449275362,8.425855513307985,445,1,50,0.5,0.5,0.5,genetic,inheritance,inheritance,0.05,10
783,688,1029,0.5585082913477492,0.5,0.5,6.69220945083014,11.24563953488372,8.733722060252672,446,1,50,0.5,0.5,0.5,genetic,inheritance,inheritance,0.05,10
844,678,978,0.5581134558147773,0.5,0.5,6.6030805687203795,11.135693215339233,8.950920245398773,447,1,50,0.5,0.5,0.5,genetic,inheritance,inheritance,0.05,10
883,651,966,0.5596282882542629,0.5,0.5,6.57757644394111,10.683563748079877,8.937888198757763,448,1,50,0.5,0.5,0.5,genetic,inheritance,inheritance,0.05,10
936,644,920,0.5607204028046613,0.5,0.5,6.7168803418803416,10.350931677018634,9.07391304347826,449,1,50,0.5,0.5,0.5,genetic,inheritance,inheritance,0.05,10
955,650,895,0.5598177517209669,0.5,0.5,6.982198952879581,9.78,9.210055865921788,450,1,50,0.5,0.5,0.5,genetic,inheritance,inheritance,0.05,10
981,653,866,0.56221586265261,0.5,0.5,7.192660550458716,9.274119448698315,9.117782909930716,451,1,50,0.5,0.5,0.5,genetic,inheritance,inheritance,0.05,10
1004,634,862,0.5628562423283816,0.5,0.5,7.5936254980079685,9.022082018927446,9.089327146171694,452,1,50,0.5,0.5,0.5,genetic,inheritance,inheritance,0.05,10
1021,630,849,0.5623567395738169,0.5,0.5,7.759059745347698,8.55079365079365,9.036513545347468,453,1,50,0.5,0.5,0.5,genetic,inheritance,inheritance,0.05,10
1028,643,829,0.5633188069031531,0.5,0.5,8.076848249027238,7.933125972006221,9.104945717732207,454,1,50,0.5,0.5,0.5,genetic,inheritance,inheritance,0.05,10
1038,666,796,0.5624312227153759,0.5,0.5,8.238921001926782,7.618618618618618,9.158291457286433,455,1,50,0.5,0.5,0.5,genetic,inheritance,inheritance,0.05,10
1050,693,757,0.5629709088900672,0.5,0.5,8.233333333333333,7.278499278499279,9.169088507265522,456,1,50,0.5,0.5,0.5,genetic,inheritance,inheritance,0.05,10
1082,716,702,0.5627332499446946,0.5,0.5,8.118299445471349,7.034916201117318,9.01139601139601,457,1,50,0.5,0.5,0.5,genetic,inheritance,inheritance,0.05,10
1088,773,639,0.5623957728620903,0.5,0.5,8.192095588235293,6.958602846054334,9.12206572769953,458,1,50,0.5,0.5,0.5,genetic,inheritance,inheritance,0.05,10
1074,811,615,0.5620610523244913,0.5,0.5,8.363128491620111,7.036991368680641,8.991869918699187,459,1,50,0.5,0.5,0.5,genetic,inheritance,inheritance,0.05,10
1053,849,598,0.5616259459715166,0.5,0.5,8.63627730294397,7.190812720848056,9.033444816053512,460,1,50,0.5,0.5,0.5,genetic,inheritance,inheritance,0.05,10
1013,918,569,0.5591157078356006,0.5,0.5,8.67324777887463,7.117647058823529,9.145869947275923,461,1,50,0.5,0.5,0.5,genetic,inheritance,inheritance,0.05,10
1011,963,526,0.5583378247574518,0.5,0.5,8.750741839762611,7.188992731048806,8.652091254752852,462,1,50,0.5,0.5,0.5,genetic,inheritance,inheritance,0.05,10
978,1006,516,0.558131829114932,0.5,0.5,8.800613496932515,7.280318091451292,8.218992248062015,463,1,50,0.5,0.5,0.5,genetic,inheritance,inheritance,0.05,10
927,1063,510,0.5566427793067368,0.5,0.5,8.95900755124056,7.413922859830668,7.970588235294118,464,1,50,0.5,0.5,0.5,genetic,inheritance,inheritance,0.05,10
886,1084,530,0.5557653447358212,0.5,0.5,9.352144469525959,7.643911439114391,7.573584905660377,465,1,50,0.5,0.5,0.5,genetic,inheritance,inheritance,0.05,10
855,1122,523,0.5542121405659931,0.5,0.5,9.506432748538012,7.925133689839572,7.347992351816443,466,1,50,0.5,0.5,0.5,genetic,inheritance,inheritance,0.05,10
809,1125,566,0.5530835975115843,0.5,0.5,9.635352286773795,8.119111111111112,6.978798586572438,467,1,50,0.5,0.5,0.5,genetic,inheritance,inheritance,0.05,10
755,1144,601,0.5545305926772663,0.5,0.5,9.919205298013246,8.259615384615385,6.615640599001664,468,1,50,0.5,0.5,0.5,genetic,inheritance,inheritance,0.05,10
714,1142,644,0.5541400465104213,0.5,0.5,10.005602240896359,8.541155866900175,6.425465838509317,469,1,50,0.5,0.5,0.5,genetic,inheritance,inheritance,0.05,10
678,1119,703,0.5536816885134085,0.5,0.5,10.196165191740413,8.762287756925828,6.298719772403983,470,1,50,0.5,0.5,0.5,genetic,inheritance,inheritance,0.05,10
647,1103,750,0.5506056019777643,0.5,0.5,10.234930448222565,9.021758839528559,6.316,471,1,50,0.5,0.5,0.5,genetic,inheritance,inheritance,0.05,10
612,1085,803,0.5502524743910442,0.5,0.5,10.372549019607844,9.370506912442396,6.476961394769614,472,1,50,0.5,0.5,0.5,genetic,inheritance,inheritance,0.05,10
593,1038,869,0.5521468713873565,0.5,0.5,10.133220910623946,9.65606936416185,6.4890678941311855,473,1,50,0.5,0.5,0.5,genetic,inheritance,inheritance,0.05,10
599,985,916,0.5517429170163373,0.5,0.5,9.868113522537563,9.980710659898477,6.592794759825328,474,1,50,0.5,0.5,0.5,genetic,inheritance,inheritance,0.05,10
599,943,958,0.5523645331511551,0.5,0.5,9.529215358931552,10.148462354188759,6.778705636743215,475,1,50,0.5,0.5,0.5,genetic,inheritance,inheritance,0.05,10
585,944,971,0.5556550532548938,0.5,0.5,9.035897435897436,10.158898305084746,7.108135942327498,476,1,50,0.5,0.5,0.5,genetic,inheritance,inheritance,0.05,10
590,923,987,0.5578402881611247,0.5,0.5,8.467796610169492,10.218851570964247,7.285714285714286,477,1,50,0.5,0.5,0.5,genetic,inheritance,inheritance,0.05,10
622,881,997,0.561074376124418,0.5,0.5,8.0016077170418,10.278093076049943,7.4844533600802405,478,1,50,0.5,0.5,0.5,genetic,inheritance,inheritance,0.05,10
643,841,1016,0.5596342281842571,0.5,0.5,7.729393468118196,10.225921521997622,7.59251968503937,479,1,50,0.5,0.5,0.5,genetic,inheritance,inheritance,0.05,10
668,829,1003,0.5600788721677066,0.5,0.5,7.387724550898204,10.19903498190591,7.793619142572283,480,1,50,0.5,0.5,0.5,genetic,inheritance,inheritance,0.05,10
686,803,1011,0.56225664124363,0.5,0.5,7.126822157434402,9.88667496886675,7.970326409495549,481,1,50,0.5,0.5,0.5,genetic,inheritance,inheritance,0.05,10
706,786,1008,0.5631917971996024,0.5,0.5,7.048158640226629,9.587786259541986,8.136904761904763,482,1,50,0.5,0.5,0.5,genetic,inheritance,inheritance,0.05,10
740,786,974,0.5639205020335768,0.5,0.5,6.8621621621621625,9.382951653944021,8.242299794661191,483,1,50,0.5,0.5,0.5,genetic,inheritance,inheritance,0.05,10
761,763,976,0.5644212621685138,0.5,0.5,6.9053876478318,9.259501965923985,8.492827868852459,484,1,50,0.5,0.5,0.5,genetic,inheritance,inheritance,0.05,10
790,757,953,0.566595095403958,0.5,0.5,6.89620253164557,9.221928665785997,8.624344176285414,485,1,50,0.5,0.5,0.5,genetic,inheritance,inheritance,0.05,10
808,775,917,0.5665226380514483,0.5,0.5,6.846534653465347,9.185806451612903,8.956379498364232,486,1,50,0.5,0.5,0.5,genetic,inheritance,inheritance,0.05,10
845,771,884,0.5668825533252345,0.5,0.5,6.920710059171598,9.146562905317769,9.046380090497738,487,1,50,0.5,0.5,0.5,genetic,inheritance,inheritance,0.05,10
847,794,859,0.5666339642120484,0.5,0.5,7.080283353010626,9.104534005037783,9.329452852153667,488,1,50,0.5,0.5,0.5,genetic,inheritance,inheritance,0.05,10
868,797,835,0.5661580937389432,0.5,0.5,7.183179723502304,9.075282308657465,9.373652694610778,489,1,50,0.5,0.5,0.5,genetic,inheritance,inheritance,0.05,10
883,812,805,0.5669753602826393,0.5,0.5,7.305775764439411,8.911330049261084,9.519254658385092,490,1,50,0.5,0.5,0.5,genetic,inheritance,inheritance,0.05,10
887,840,773,0.5655567784224432,0.5,0.5,7.2897406989853435,8.65952380952381,9.579560155239328,491,1,50,0.5,0.5,0.5,genetic,inheritance,inheritance,0.05,10
887,854,759,0.5640404373556194,0.5,0.5,7.3483652762119505,8.56088992974239,9.430830039525691,492,1,50,0.5,0.5,0.5,genetic,inheritance,inheritance,0.05,10
907,857,736,0.5638968161160974,0.5,0.5,7.399117971334069,8.715285880980163,9.232336956521738,493,1,50,0.5,0.5,0.5,genetic,inheritance,inheritance,0.05,10
925,881,694,0.5635091011741413,0.5,0.5,7.473513513513513,8.661748013620885,9.221902017291066,494,1,50,0.5,0.5,0.5,genetic,inheritance,inheritance,0.05,10
945,884,671,0.5656492367798378,0.5,0.5,7.555555555555555,8.89819004524887,9.096870342771982,495,1,50,0.5,0.5,0.5,genetic,inheritance,inheritance,0.05,10
934,916,650,0.5659562274109212,0.5,0.5,7.740899357601713,8.882096069868995,8.993846153846153,496,1,50,0.5,0.5,0.5,genetic,inheritance,inheritance,0.05,10
931,946,623,0.5661236205469786,0.5,0.5,7.776584317937702,8.900634249471459,8.784911717495987,497,1,50,0.5,0.5,0.5,genetic,inheritance,inheritance,0.05,10
907,970,623,0.5644531634640328,0.5,0.5,8.04851157662624,8.942268041237114,8.645264847512038,498,1,50,0.5,0.5,0.5,genetic,inheritance,inheritance,0.05,10
898,984,618,0.5634041361750844,0.5,0.5,8.184855233853007,9.050813008130081,8.236245954692556,499,1,50,0.5,0.5,0.5,genetic,inheritance,inheritance,0.05,10
804,847,849,0.5,0.5,0.5,0.0,0.0,0.0,0,2,50,0.5,0.5,0.5,genetic,inheritance,inheritance,0.05,10
809,828,863,0.5003944600537473,0.5,0.5,1.0,1.0,1.0,1,2,50,0.5,0.5,0.5,genetic,inheritance,inheritance,0.05,10
805,843,852,0.501313839129481,0.5,0.5,1.848447204968944,1.849347568208778,1.869718309859155,2,2,50,0.5,0.5,0.5,genetic,inheritance,inheritance,0.05,10
817,842,841,0.5018446906814821,0.5,0.5,2.563035495716034,2.6009501187648456,2.6076099881093935,3,2,50,0.5,0.5,0.5,genetic,inheritance,inheritance,0.05,10
811,840,849,0.5024637512424455,0.5,0.5,3.2404438964241677,3.2595238095238095,3.2567726737338045,4,2,50,0.5,0.5,0.5,genetic,inheritance,inheritance,0.05,10
824,836,840,0.5008534709465668,0.5,0.5,3.7475728155339807,3.8504784688995217,3.8119047619047617,5,2,50,0.5,0.5,0.5,genetic,inheritance,inheritance,0.05,10
819,843,838,0.5013182076432112,0.5,0.5,4.230769230769231,4.288256227758007,4.337708830548926,6,2,50,0.5,0.5,0.5,genetic,inheritance,inheritance,0.05,10
808,847,845,0.5008824291567355,0.5,0.5,4.658415841584159,4.7260920897284535,4.803550295857988,7,2,50,0.5,0.5,0.5,genetic,inheritance,inheritance,0.05,10
801,848,851,0.5011604344522821,0.5,0.5,5.133583021223471,5.128537735849057,5.249118683901292,8,2,50,0.5,0.5,0.5,genetic,inheritance,inheritance,0.05,10
798,862,840,0.500295355666847,0.5,0.5,5.408521303258145,5.474477958236659,5.552380952380952,9,2,50,0.5,0.5,0.5,genetic,inheritance,inheritance,0.05,10
771,872,857,0.5008067445581994,0.5,0.5,5.795071335927367,5.702981651376147,5.810968494749125,10,2,50,0.5,0.5,0.5,genetic,inheritance,inheritance,0.05,10
764,883,853,0.5003839708113135,0.5,0.5,6.020942408376963,5.973952434881087,6.200468933177023,11,2,50,0.5,0.5,0.5,genetic,inheritance,inheritance,0.05,10
742,885,873,0.501223451567161,0.5,0.5,6.389487870619946,6.27909604519774,6.459335624284078,12,2,50,0.5,0.5,0.5,genetic,inheritance,inheritance,0.05,10
726,842,932,0.5022088980516575,0.5,0.5,6.78236914600551,6.628266033254157,6.569742489270387,13,2,50,0.5,0.5,0.5,genetic,inheritance,inheritance,0.05,10
723,810,967,0.5007406470374719,0.5,0.5,6.998616874135546,6.892592592592592,6.836608066184074,14,2,50,0.5,0.5,0.5,genetic,inheritance,inheritance,0.05,10
728,785,987,0.5023316212314581,0.5,0.5,7.108516483516484,7.179617834394905,7.157041540020264,15,2,50,0.5,0.5,0.5,genetic,inheritance,inheritance,0.05,10
727,774,999,0.5007456354760744,0.5,0.5,7.2627235213204955,7.25968992248062,7.473473473473473,16,2,50,0.5,0.5,0.5,genetic,inheritance,inheritance,0.05,10
742,724,1034,0.5008104732249654,0.5,0.5,7.432614555256064,7.620165745856354,7.578336557059961,17,2,50,0.5,0.5,0.5,genetic,inheritance,inheritance,0.05,10
758,696,1046,0.5025667097016799,0.5,0.5,7.514511873350924,7.847701149425287,7.829827915869981,18,2,50,0.5,0.5,0.5,genetic,inheritance,inheritance,0.05,10
795,671,1034,0.5020146131171899,0.5,0.5,7.384905660377359,7.760059612518629,8.039651837524177,19,2,50,0.5,0.5,0.5,genetic,inheritance,inheritance,0.05,10
829,645,1026,0.500529508870529,0.5,0.5,7.359469240048251,7.832558139534884,8.145224171539962,20,2,50,0.5,0.5,0.5,genetic,inheritance,inheritance,0.05,10
838,628,1034,0.5022893168303553,0.5,0.5,7.56563245823389,7.972929936305732,8.310444874274662,21,2,50,0.5,0.5,0.5,genetic,inheritance,inheritance,0.05,10
875,619,1006,0.5030898201434078,0.5,0.5,7.529142857142857,7.946688206785137,8.509940357852882,22,2,50,0.5,0.5,0.5,genetic,inheritance,inheritance,0.05,10
900,629,971,0.5030719113959583,0.5,0.5,7.546666666666667,7.715421303656598,8.842430484037076,23,2,50,0.5,0.5,0.5,genetic,inheritance,inheritance,0.05,10
953,614,933,0.5049035936459637,0.5,0.5,7.367261280167891,7.571661237785016,8.891747052518756,24,2,50,0.5,0.5,0.5,genetic,inheritance,inheritance,0.05,10
976,645,879,0.5064837306013245,0.5,0.5,7.253073770491803,7.362790697674418,9.10580204778157,25,2,50,0.5,0.5,0.5,genetic,inheritance,inheritance,0.05,10
975,687,838,0.5068385460698995,0.5,0.5,7.2553846153846155,7.263464337700146,9.379474940334129,26,2,50,0.5,0.5,0.5,genetic,inheritance,inheritance,0.05,10
999,715,786,0.5068480048045468,0.5,0.5,7.335335335335335,7.2503496503496505,9.517811704834605,27,2,50,0.5,0.5,0.5,genetic,inheritance,inheritance,0.05,10
987,750,763,0.5051941259793593,0.5,0.5,7.485309017223911,7.212,9.642201834862385,28,2,50,0.5,0.5,0.5,genetic,inheritance,inheritance,0.05,10
979,794,727,0.5048575165431729,0.5,0.5,7.631256384065373,6.978589420654912,9.694635488308116,29,2,50,0.5,0.5,0.5,genetic,inheritance,inheritance,0.05,10
995,813,692,0.5065710886226676,0.5,0.5,7.6271356783919595,6.980319803198032,9.458092485549132,30,2,50,0.5,0.5,0.5,genetic,inheritance,inheritance,0.05,10
1001,828,671,0.5076110179663424,0.5,0.5,7.764235764235765,7.124396135265701,9.380029806259314,31,2,50,0.5,0.5,0.5,genetic,inheritance,inheritance,0.05,10
948,874,678,0.5074284960920832,0.5,0.5,8.093881856540085,7.083524027459954,9.190265486725664,32,2,50,0.5,0.5,0.5,genetic,inheritance,inheritance,0.05,10
937,894,669,0.5053050072668641,0.5,0.5,8.473852721451442,7.403803131991052,9.118086696562033,33,2,50,0.5,0.5,0.5,genetic,inheritance,inheritance,0.05,10
904,929,667,0.5062714817480979,0.5,0.5,8.621681415929203,7.433799784714747,9.068965517241379,34,2,50,0.5,0.5,0.5,genetic,inheritance,inheritance,0.05,10
870,957,673,0.5060275528443432,0.5,0.5,8.711494252873564,7.480668756530825,8.753343239227341,35,2,50,0.5,0.5,0.5,genetic,inheritance,inheritance,0.05,10
817,1001,682,0.5065947081776774,0.5,0.5,9.002447980416157,7.526473526473526,8.495601173020528,36,2,50,0.5,0.5,0.5,genetic,inheritance,inheritance,0.05,10
774,1024,702,0.5068236322812072,0.5,0.5,9.144702842377262,7.58203125,8.27065527065527,37,2,50,0.5,0.5,0.5,genetic,inheritance,inheritance,0.05,10
722,1051,727,0.5055255573005447,0.5,0.5,9.40027700831025,7.829686013320647,8.407152682255846,38,2,50,0.5,0.5,0.5,genetic,inheritance,inheritance,0.05,10
690,1064,746,0.5061462339076783,0.5,0.5,9.057971014492754,7.93609022556391,7.919571045576408,39,2,50,0.5,0.5,0.5,genetic,inheritance,inheritance,0.05,10
674,1032,794,0.5053270432389619,0.5,0.5,8.967359050445104,8.18313953488372,7.72544080604534,40,2,50,0.5,0.5,0.5,genetic,inheritance,inheritance,0.05,10
646,1004,850,0.5043885284298084,0.5,0.5,8.8312693498452,8.231075697211155,7.521176470588236,41,2,50,0.5,0.5,0.5,genetic,inheritance,inheritance,0.05,10
631,976,893,0.5050104655280497,0.5,0.5,8.583201267828843,8.260245901639344,7.57558790593505,42,2,50,0.5,0.5,0.5,genetic,inheritance,inheritance,0.05,10
629,954,917,0.505585818575103,0.5,0.5,8.416534181240063,8.30817610062893,7.515812431842966,43,2,50,0.5,0.5,0.5,genetic,inheritance,inheritance,0.05,10
627,939,934,0.5056266360984167,0.5,0.5,8.141945773524721,8.633652822151225,7.661670235546039,44,2,50,0.5,0.5,0.5,genetic,inheritance,inheritance,0.05,10
633,924,943,0.5071538419035628,0.5,0.5,8.157977883096367,8.914502164502165,7.784729586426299,45,2,50,0.5,0.5,0.5,genetic,inheritance,inheritance,0.05,10
648,916,936,0.5095287210748402,0.5,0.5,7.875,9.158296943231441,7.954059829059829,46,2,50,0.5,0.5,0.5,genetic,inheritance,inheritance,0.05,10
686,883,931,0.5100282741256241,0.5,0.5,7.663265306122449,9.552661381653454,8.14607948442535,47,2,50,0.5,0.5,0.5,genetic,inheritance,inheritance,0.05,10
715,859,926,0.5113824456409591,0.5,0.5,7.577622377622378,9.788125727590222,8.115550755939525,48,2,50,0.5,0.5,0.5,genetic,inheritance,inheritance,0.05,10
734,830,936,0.5136376328462482,0.5,0.5,7.662125340599455,9.940963855421687,8.241452991452991,49,2,50,0.5,0.5,0.5,genetic,inheritance,inheritance,0.05,10
761,801,938,0.5139945147133513,0.5,0.5,7.35873850197109,9.850187265917603,8.189765458422174,50,2,50,0.5,0.5,0.5,genetic,inheritance,inheritance,0.05,10
790,773,937,0.5150054174059164,0.5,0.5,7.340506329113924,9.844760672703751,8.28281750266809,51,2,50,0.5,0.5,0.5,genetic,inheritance,inheritance,0.05,10
828,756,916,0.5163104712603853,0.5,0.5,7.320048309178744,9.857142857142858,8.37882096069869,52,2,50,0.5,0.5,0.5,genetic,inheritance,inheritance,0.05,10
870,740,890,0.5168152451051087,0.5,0.5,7.385057471264368,9.805405405405406,8.380898876404494,53,2,50,0.5,0.5,0.5,genetic,inheritance,inheritance,0.05,10
924,725,851,0.5171677637989497,0.5,0.5,7.366883116883117,9.859310344827586,8.280846063454758,54,2,50,0.5,0.5,0.5,genetic,inheritance,inheritance,0.05,10
972,686,842,0.5176772505821294,0.5,0.5,7.6059670781893,10.0,8.305225653206652,55,2,50,0.5,0.5,0.5,genetic,inheritance,inheritance,0.05,10
987,670,843,0.517676807253585,0.5,0.5,7.852077001013171,9.867164179104478,8.175563463819692,56,2,50,0.5,0.5,0.5,genetic,inheritance,inheritance,0.05,10
1023,646,831,0.5185053328749,0.5,0.5,8.115347018572825,9.885448916408668,8.286401925391095,57,2,50,0.5,0.5,0.5,genetic,inheritance,inheritance,0.05,10
1045,633,822,0.5182124348030299,0.5,0.5,8.43157894736842,9.647709320695103,8.373479318734793,58,2,50,0.5,0.5,0.5,genetic,inheritance,inheritance,0.05,10
1085,618,797,0.5182074368376672,0.5,0.5,8.593548387096774,9.558252427184467,8.378920953575909,59,2,50,0.5,0.5,0.5,genetic,inheritance,inheritance,0.05,10
1088,645,767,0.5174879846908764,0.5,0.5,8.840992647058824,9.421705426356588,8.66232073011734,60,2,50,0.5,0.5,0.5,genetic,inheritance,inheritance,0.05,10
1099,668,733,0.5171671767844639,0.5,0.5,9.07643312101911,9.220059880239521,9.084583901773533,61,2,50,0.5,0.5,0.5,genetic,inheritance,inheritance,0.05,10
1123,675,702,0.517638912773509,0.5,0.5,9.223508459483526,8.967407407407407,9.23076923076923,62,2,50,0.5,0.5,0.5,genetic,inheritance,inheritance,0.05,10
1105,695,700,0.5157227860112973,0.5,0.5,9.487782805429864,8.522302158273382,9.135714285714286,63,2,50,0.5,0.5,0.5,genetic,inheritance,inheritance,0.05,10
1095,712,693,0.5160470800640379,0.5,0.5,9.734246575342466,8.210674157303371,9.108225108225108,64,2,50,0.5,0.5,0.5,genetic,inheritance,inheritance,0.05,10
1079,729,692,0.5154535915087135,0.5,0.5,10.030583873957369,8.13443072702332,9.046242774566474,65,2,50,0.5,0.5,0.5,genetic,inheritance,inheritance,0.05,10
1065,760,675,0.5149372881809022,0.5,0.5,10.146478873239436,8.073684210526316,9.277037037037037,66,2,50,0.5,0.5,0.5,genetic,inheritance,inheritance,0.05,10
1069,754,677,0.5154229284595464,0.5,0.5,10.535079513564078,8.26790450928382,9.208271787296898,67,2,50,0.5,0.5,0.5,genetic,inheritance,inheritance,0.05,10
1047,783,670,0.515492830545839,0.5,0.5,10.734479465138492,7.855683269476373,9.2,68,2,50,0.5,0.5,0.5,genetic,inheritance,inheritance,0.05,10
1026,827,647,0.5145922769670279,0.5,0.5,10.811890838206628,7.851269649334945,9.329211746522411,69,2,50,0.5,0.5,0.5,genetic,inheritance,inheritance,0.05,10
992,851,657,0.5141590100053852,0.5,0.5,11.081653225806452,7.841363102232667,9.432267884322679,70,2,50,0.5,0.5,0.5,genetic,inheritance,inheritance,0.05,10
954,882,664,0.5138628483896509,0.5,0.5,11.20020964360587,7.76077097505669,9.301204819277109,71,2,50,0.5,0.5,0.5,genetic,inheritance,inheritance,0.05,10
949,887,664,0.5137238540491996,0.5,0.5,11.102212855637513,7.940248027057497,9.237951807228916,72,2,50,0.5,0.5,0.5,genetic,inheritance,inheritance,0.05,10
918,913,669,0.5133887375912006,0.5,0.5,11.113289760348584,7.9934282584885,9.333333333333334,73,2,50,0.5,0.5,0.5,genetic,inheritance,inheritance,0.05,10
875,948,677,0.5131751873696327,0.5,0.5,11.356571428571428,8.112869198312236,9.404726735598228,74,2,50,0.5,0.5,0.5,genetic,inheritance,inheritance,0.05,10
832,990,678,0.513565867815157,0.5,0.5,11.478365384615385,8.227272727272727,9.473451327433628,75,2,50,0.5,0.5,0.5,genetic,inheritance,inheritance,0.05,10
778,1026,696,0.5130934539374409,0.5,0.5,11.543701799485861,8.25438596491228,9.591954022988507,76,2,50,0.5,0.5,0.5,genetic,inheritance,inheritance,0.05,10
756,1040,704,0.5110310451956531,0.5,0.5,11.279100529100528,8.372115384615384,9.475852272727273,77,2,50,0.5,0.5,0.5,genetic,inheritance,inheritance,0.05,10
746,1018,736,0.5100370946962987,0.5,0.5,11.46514745308311,8.693516699410608,9.341032608695652,78,2,50,0.5,0.5,0.5,genetic,inheritance,inheritance,0.05,10
748,1003,749,0.5104898695378812,0.5,0.5,11.168449197860962,8.903290129611166,9.181575433911883,79,2,50,0.5,0.5,0.5,genetic,inheritance,inheritance,0.05,10
741,1014,745,0.514629268351316,0.5,0.5,10.759784075573549,9.15680473372781,9.244295302013423,80,2,50,0.5,0.5,0.5,genetic,inheritance,inheritance,0.05,10
743,1016,741,0.5157506527511944,0.5,0.5,10.672947510094213,9.438976377952756,9.197031039136302,81,2,50,0.5,0.5,0.5,genetic,inheritance,inheritance,0.05,10
761,983,756,0.5177303249807131,0.5,0.5,10.473061760840999,9.8382502543235,8.997354497354497,82,2,50,0.5,0.5,0.5,genetic,inheritance,inheritance,0.05,10
773,932,795,0.5195378808836603,0.5,0.5,10.397153945666236,10.129828326180258,8.666666666666666,83,2,50,0.5,0.5,0.5,genetic,inheritance,inheritance,0.05,10
786,936,778,0.5218601337763293,0.5,0.5,9.865139949109414,10.201923076923077,8.593830334190232,84,2,50,0.5,0.5,0.5,genetic,inheritance,inheritance,0.05,10
786,937,777,0.5227154114156831,0.5,0.5,9.517811704834605,10.16648879402348,8.54954954954955,85,2,50,0.5,0.5,0.5,genetic,inheritance,inheritance,0.05,10
793,926,781,0.5235312974727724,0.5,0.5,9.306431273644389,10.323974082073434,8.431498079385403,86,2,50,0.5,0.5,0.5,genetic,inheritance,inheritance,0.05,10
786,919,795,0.5219432130074981,0.5,0.5,8.954198473282442,10.270946681175191,8.264150943396226,87,2,50,0.5,0.5,0.5,genetic,inheritance,inheritance,0.05,10
796,882,822,0.5225549660553656,0.5,0.5,8.64824120603015,10.03968253968254,8.018248175182482,88,2,50,0.5,0.5,0.5,genetic,inheritance,inheritance,0.05,10
821,865,814,0.5249794917712718,0.5,0.5,8.341047503045067,10.153757225433527,8.045454545454545,89,2,50,0.5,0.5,0.5,genetic,inheritance,inheritance,0.05,10
804,877,819,0.5240846648445904,0.5,0.5,8.365671641791044,9.930444697833524,8.139194139194139,90,2,50,0.5,0.5,0.5,genetic,inheritance,inheritance,0.05,10
809,849,842,0.5229971184970926,0.5,0.5,8.317676143386898,9.638398115429917,7.901425178147268,91,2,50,0.5,0.5,0.5,genetic,inheritance,inheritance,0.05,10
817,842,841,0.5233001034529455,0.5,0.5,8.200734394124847,9.502375296912113,7.971462544589774,92,2,50,0.5,0.5,0.5,genetic,inheritance,inheritance,0.05,10
811,831,858,0.5234485038307294,0.5,0.5,8.331689272503082,9.131167268351383,8.008158508158509,93,2,50,0.5,0.5,0.5,genetic,inheritance,inheritance,0.05,10
818,835,847,0.5243125755661069,0.5,0.5,8.39119804400978,9.05748502994012,7.881936245572609,94,2,50,0.5,0.5,0.5,genetic,inheritance,inheritance,0.05,10
839,823,838,0.524928812438723,0.5,0.5,8.355184743742551,9.108140947752126,7.837708830548926,95,2,50,0.5,0.5,0.5,genetic,inheritance,inheritance,0.05,10
840,815,845,0.5254862317320966,0.5,0.5,8.49047619047619,9.051533742331289,7.889940828402366,96,2,50,0.5,0.5,0.5,genetic,inheritance,inheritance,0.05,10
843,804,853,0.5252847552717639,0.5,0.5,8.623962040332147,8.85820895522388,7.960140679953106,97,2,50,0.5,0.5,0.5,genetic,inheritance,inheritance,0.05,10
826,804,870,0.5244733599501487,0.5,0.5,8.786924939467312,8.638059701492537,8.128735632183908,98,2,50,0.5,0.5,0.5,genetic,inheritance,inheritance,0.05,10
817,833,850,0.5254949879363069,0.5,0.5,8.695226438188495,8.553421368547419,8.407058823529411,99,2,50,0.5,0.5,0.5,genetic,inheritance,inheritance,0.05,10
813,821,866,0.5249447879114822,0.5,0.5,8.833948339483396,8.601705237515226,8.469976905311778,100,2,50,0.5,0.5,0.5,genetic,inheritance,inheritance,0.05,10
807,813,880,0.524602225429552,0.5,0.5,8.998760842627014,8.63960639606396,8.44659090909091,101,2,50,0.5,0.5,0.5,genetic,inheritance,inheritance,0.05,10
789,830,881,0.5257409817598356,0.5,0.5,9.022813688212928,8.453012048192772,8.592508513053348,102,2,50,0.5,0.5,0.5,genetic,inheritance,inheritance,0.05,10
780,821,899,0.5285444237432674,0.5,0.5,9.017948717948718,8.338611449451887,8.620689655172415,103,2,50,0.5,0.5,0.5,genetic,inheritance,inheritance,0.05,10
772,824,904,0.5296583341690317,0.5,0.5,8.8860103626943,8.279126213592233,8.511061946902656,104,2,50,0.5,0.5,0.5,genetic,inheritance,inheritance,0.05,10
750,835,915,0.530587996465537,0.5,0.5,8.818666666666667,8.219161676646706,8.676502732240436,105,2,50,0.5,0.5,0.5,genetic,inheritance,inheritance,0.05,10
765,841,894,0.531750322369801,0.5,0.5,8.613071895424836,8.319857312722949,8.768456375838927,106,2,50,0.5,0.5,0.5,genetic,inheritance,inheritance,0.05,10
762,833,905,0.5312822563609856,0.5,0.5,8.728346456692913,8.51500600240096,8.937016574585636,107,2,50,0.5,0.5,0.5,genetic,inheritance,inheritance,0.05,10
778,823,899,0.5319463699792872,0.5,0.5,8.5719794344473,8.583232077764277,8.847608453837598,108,2,50,0.5,0.5,0.5,genetic,inheritance,inheritance,0.05,10
775,812,913,0.5345743946947821,0.5,0.5,8.48258064516129,8.733990147783251,8.934282584884995,109,2,50,0.5,0.5,0.5,genetic,inheritance,inheritance,0.05,10
798,805,897,0.534851006951643,0.5,0.5,8.349624060150376,8.619875776397516,8.939799331103679,110,2,50,0.5,0.5,0.5,genetic,inheritance,inheritance,0.05,10
806,779,915,0.5346511702022069,0.5,0.5,8.30272952853598,8.743260590500642,8.970491803278689,111,2,50,0.5,0.5,0.5,genetic,inheritance,inheritance,0.05,10
819,799,882,0.5359529946624619,0.5,0.5,8.212454212454212,8.67584480600751,9.143990929705215,112,2,50,0.5,0.5,0.5,genetic,inheritance,inheritance,0.05,10
837,774,889,0.5367835755980517,0.5,0.5,8.255675029868579,8.789405684754522,8.948256467941507,113,2,50,0.5,0.5,0.5,genetic,inheritance,inheritance,0.05,10
859,753,888,0.5365340685477111,0.5,0.5,8.199068684516881,8.779548472775565,8.835585585585585,114,2,50,0.5,0.5,0.5,genetic,inheritance,inheritance,0.05,10
884,749,867,0.5370693186380939,0.5,0.5,8.089366515837105,8.748998664886516,8.756632064590542,115,2,50,0.5,0.5,0.5,genetic,inheritance,inheritance,0.05,10
927,734,839,0.5388326756693387,0.5,0.5,7.829557713052859,8.701634877384196,8.530393325387365,116,2,50,0.5,0.5,0.5,genetic,inheritance,inheritance,0.05,10
937,739,824,0.5398676298548746,0.5,0.5,7.913553895410886,8.568335588633289,8.41383495145631,117,2,50,0.5,0.5,0.5,genetic,inheritance,inheritance,0.05,10
942,753,805,0.5390493983551392,0.5,0.5,8.0552016985138,8.533864541832669,8.546583850931677,118,2,50,0.5,0.5,0.5,genetic,inheritance,inheritance,0.05,10
946,745,809,0.5386527581980076,0.5,0.5,8.20507399577167,8.5248322147651,8.458590852904821,119,2,50,0.5,0.5,0.5,genetic,inheritance,inheritance,0.05,10
934,755,811,0.5378398337824923,0.5,0.5,8.566381156316917,8.464900662251656,8.607891491985203,120,2,50,0.5,0.5,0.5,genetic,inheritance,inheritance,0.05,10
952,770,778,0.5374205702526952,0.5,0.5,8.60189075630252,8.324675324675324,8.582262210796916,121,2,50,0.5,0.5,0.5,genetic,inheritance,inheritance,0.05,10
959,777,764,0.5396227794149524,0.5,0.5,8.72679874869656,8.305019305019306,8.43979057591623,122,2,50,0.5,0.5,0.5,genetic,inheritance,inheritance,0.05,10
959,785,756,0.540631693649747,0.5,0.5,8.788321167883211,8.192356687898089,8.177248677248677,123,2,50,0.5,0.5,0.5,genetic,inheritance,inheritance,0.05,10
929,826,745,0.5407490635419583,0.5,0.5,8.721205597416576,7.875302663438257,8.326174496644295,124,2,50,0.5,0.5,0.5,genetic,inheritance,inheritance,0.05,10
926,833,741,0.5392908943585291,0.5,0.5,8.900647948164147,7.722689075630252,8.430499325236168,125,2,50,0.5,0.5,0.5,genetic,inheritance,inheritance,0.05,10
902,865,733,0.5391838847901158,0.5,0.5,8.863636363636363,7.6335260115606935,8.560709413369713,126,2,50,0.5,0.5,0.5,genetic,inheritance,inheritance,0.05,10
885,889,726,0.5398297290049293,0.5,0.5,9.00225988700565,7.755905511811024,8.654269972451791,127,2,50,0.5,0.5,0.5,genetic,inheritance,inheritance,0.05,10
879,895,726,0.5382039807249084,0.5,0.5,9.142207053469852,7.874860335195531,8.643250688705233,128,2,50,0.5,0.5,0.5,genetic,inheritance,inheritance,0.05,10
885,893,722,0.5366020439088846,0.5,0.5,9.019209039548022,8.051511758118702,8.555401662049862,129,2,50,0.5,0.5,0.5,genetic,inheritance,inheritance,0.05,10
868,918,714,0.5358056826260297,0.5,0.5,9.002304147465438,8.095860566448803,8.528011204481793,130,2,50,0.5,0.5,0.5,genetic,inheritance,inheritance,0.05,10
871,933,696,0.535946657673068,0.5,0.5,9.063145809414467,8.145766345123258,8.416666666666666,131,2,50,0.5,0.5,0.5,genetic,inheritance,inheritance,0.05,10
864,912,724,0.5366615520238133,0.5,0.5,9.33449074074074,8.452850877192983,8.0939226519337,132,2,50,0.5,0.5,0.5,genetic,inheritance,inheritance,0.05,10
860,915,725,0.5354953005525789,0.5,0.5,9.395348837209303,8.624043715846994,7.9848275862068965,133,2,50,0.5,0.5,0.5,genetic,inheritance,inheritance,0.05,10
847,920,733,0.5362689044704051,0.5,0.5,9.635182998819362,8.729347826086956,8.009549795361528,134,2,50,0.5,0.5,0.5,genetic,inheritance,inheritance,0.05,10
815,936,749,0.5351413534615843,0.5,0.5,9.734969325153374,8.833333333333334,8.170894526034713,135,2,50,0.5,0.5,0.5,genetic,inheritance,inheritance,0.05,10
797,929,774,0.5348900103754658,0.5,0.5,9.826850690087829,9.029063509149623,8.083979328165375,136,2,50,0.5,0.5,0.5,genetic,inheritance,inheritance,0.05,10
799,918,783,0.5351790647671351,0.5,0.5,9.908635794743429,9.345315904139433,8.196679438058748,137,2,50,0.5,0.5,0.5,genetic,inheritance,inheritance,0.05,10
793,910,797,0.5351936233826814,0.5,0.5,9.863808322824717,9.59120879120879,8.291091593475533,138,2,50,0.5,0.5,0.5,genetic,inheritance,inheritance,0.05,10
784,907,809,0.5355165626622539,0.5,0.5,9.71173469387755,9.560088202866593,8.353522867737949,139,2,50,0.5,0.5,0.5,genetic,inheritance,inheritance,0.05,10
776,887,837,0.5354806589778001,0.5,0.5,9.904639175257731,9.526493799323562,8.396654719235364,140,2,50,0.5,0.5,0.5,genetic,inheritance,inheritance,0.05,10
782,864,854,0.5349915489428183,0.5,0.5,9.907928388746804,9.680555555555555,8.481264637002342,141,2,50,0.5,0.5,0.5,genetic,inheritance,inheritance,0.05,10
778,848,874,0.535376905541918,0.5,0.5,9.710796915167094,9.543632075471699,8.495423340961098,142,2,50,0.5,0.5,0.5,genetic,inheritance,inheritance,0.05,10
787,843,870,0.5368868876524993,0.5,0.5,9.778907242693775,9.506524317912218,8.53103448275862,143,2,50,0.5,0.5,0.5,genetic,inheritance,inheritance,0.05,10
778,838,884,0.5385702794500339,0.5,0.5,9.652956298200515,9.5381861575179,8.660633484162895,144,2,50,0.5,0.5,0.5,genetic,inheritance,inheritance,0.05,10
770,827,903,0.5378998497071019,0.5,0.5,9.548051948051947,9.546553808948005,8.717607973421927,145,2,50,0.5,0.5,0.5,genetic,inheritance,inheritance,0.05,10
795,790,915,0.5410889183234701,0.5,0.5,9.378616352201258,9.61012658227848,8.62295081967213,146,2,50,0.5,0.5,0.5,genetic,inheritance,inheritance,0.05,10
818,764,918,0.5400802654593655,0.5,0.5,9.30440097799511,9.569371727748692,8.708061002178649,147,2,50,0.5,0.5,0.5,genetic,inheritance,inheritance,0.05,10
835,782,883,0.5397809170072383,0.5,0.5,8.995209580838324,9.352941176470589,8.862967157417893,148,2,50,0.5,0.5,0.5,genetic,inheritance,inheritance,0.05,10
845,779,876,0.5394451736792891,0.5,0.5,8.888757396449703,9.242618741976893,8.988584474885844,149,2,50,0.5,0.5,0.5,genetic,inheritance,inheritance,0.05,10
844,790,866,0.5401942149334633,0.5,0.5,8.927725118483412,9.131645569620254,9.196304849884527,150,2,50,0.5,0.5,0.5,genetic,inheritance,inheritance,0.05,10
873,794,833,0.5393864066007562,0.5,0.5,8.75372279495991,9.217884130982368,9.429771908763506,151,2,50,0.5,0.5,0.5,genetic,inheritance,inheritance,0.05,10
886,797,817,0.5410832446213258,0.5,0.5,8.386004514672686,9.09159347553325,9.228886168910648,152,2,50,0.5,0.5,0.5,genetic,inheritance,inheritance,0.05,10
908,808,784,0.5414762141246988,0.5,0.5,8.081497797356828,8.918316831683168,9.003826530612244,153,2,50,0.5,0.5,0.5,genetic,inheritance,inheritance,0.05,10
915,820,765,0.5403466564710622,0.5,0.5,7.934426229508197,8.647560975609757,8.875816993464053,154,2,50,0.5,0.5,0.5,genetic,inheritance,inheritance,0.05,10
934,837,729,0.5427940277995261,0.5,0.5,7.915417558886509,8.660692951015532,8.994513031550069,155,2,50,0.5,0.5,0.5,genetic,inheritance,inheritance,0.05,10
930,845,725,0.5434556513469492,0.5,0.5,7.980645161290322,8.644970414201184,8.693793103448275,156,2,50,0.5,0.5,0.5,genetic,inheritance,inheritance,0.05,10
918,854,728,0.5421941415917869,0.5,0.5,8.057734204793029,8.440281030444964,8.436813186813186,157,2,50,0.5,0.5,0.5,genetic,inheritance,inheritance,0.05,10
933,850,717,0.5422145629972581,0.5,0.5,7.934619506966774,8.50235294117647,8.100418410041842,158,2,50,0.5,0.5,0.5,genetic,inheritance,inheritance,0.05,10
900,879,721,0.544879839195847,0.5,0.5,8.173333333333334,8.270762229806598,8.0,159,2,50,0.5,0.5,0.5,genetic,inheritance,inheritance,0.05,10
887,879,734,0.5447817286423318,0.5,0.5,8.391206313416008,8.271899886234356,8.035422343324251,160,2,50,0.5,0.5,0.5,genetic,inheritance,inheritance,0.05,10
888,899,713,0.5456063539769522,0.5,0.5,8.49436936936937,8.486095661846496,8.082748948106591,161,2,50,0.5,0.5,0.5,genetic,inheritance,inheritance,0.05,10
882,897,721,0.5459533556703784,0.5,0.5,8.722222222222221,8.5273132664437,7.912621359223301,162,2,50,0.5,0.5,0.5,genetic,inheritance,inheritance,0.05,10
875,910,715,0.5467733992641809,0.5,0.5,8.961142857142857,8.693406593406593,8.102097902097903,163,2,50,0.5,0.5,0.5,genetic,inheritance,inheritance,0.05,10
855,944,701,0.5469292581878672,0.5,0.5,9.00233918128655,8.740466101694915,8.149786019971469,164,2,50,0.5,0.5,0.5,genetic,inheritance,inheritance,0.05,10
852,948,700,0.5480507874567219,0.5,0.5,9.007042253521126,8.767932489451477,8.118571428571428,165,2,50,0.5,0.5,0.5,genetic,inheritance,inheritance,0.05,10
850,968,682,0.5485968833004834,0.5,0.5,9.107058823529412,8.920454545454545,8.12316715542522,166,2,50,0.5,0.5,0.5,genetic,inheritance,inheritance,0.05,10
840,992,668,0.548568533847837,0.5,0.5,9.035714285714286,9.066532258064516,8.104790419161677,167,2,50,0.5,0.5,0.5,genetic,inheritance,inheritance,0.05,10
821,1001,678,0.5475435975327259,0.5,0.5,9.123020706455542,9.111888111888112,8.039823008849558,168,2,50,0.5,0.5,0.5,genetic,inheritance,inheritance,0.05,10
800,1016,684,0.548256555814694,0.5,0.5,9.0875,9.200787401574804,7.821637426900585,169,2,50,0.5,0.5,0.5,genetic,inheritance,inheritance,0.05,10
802,995,703,0.5488888816746799,0.5,0.5,9.254364089775562,9.308542713567839,7.705547652916074,170,2,50,0.5,0.5,0.5,genetic,inheritance,inheritance,0.05,10
772,994,734,0.5491121604719128,0.5,0.5,9.155440414507773,9.20523138832998,7.448228882833788,171,2,50,0.5,0.5,0.5,genetic,inheritance,inheritance,0.05,10
745,1004,751,0.5491021175984518,0.5,0.5,8.958389261744966,9.200199203187251,7.463382157123835,172,2,50,0.5,0.5,0.5,genetic,inheritance,inheritance,0.05,10
726,996,778,0.5498220602041538,0.5,0.5,8.915977961432507,9.379518072289157,7.530848329048843,173,2,50,0.5,0.5,0.5,genetic,inheritance,inheritance,0.05,10
744,978,778,0.5491701750503991,0.5,0.5,8.676075268817204,9.623721881390592,7.4652956298200515,174,2,50,0.5,0.5,0.5,genetic,inheritance,inheritance,0.05,10
742,969,789,0.5484014986241059,0.5,0.5,8.641509433962264,9.679050567595459,7.533586818757922,175,2,50,0.5,0.5,0.5,genetic,inheritance,inheritance,0.05,10
735,947,818,0.5508311698491161,0.5,0.5,8.65578231292517,9.66948257655755,7.600244498777506,176,2,50,0.5,0.5,0.5,genetic,inheritance,inheritance,0.05,10
734,938,828,0.5536627657550992,0.5,0.5,8.39100817438692,9.64818763326226,7.648550724637682,177,2,50,0.5,0.5,0.5,genetic,inheritance,inheritance,0.05,10
755,937,808,0.553772520750547,0.5,0.5,8.32317880794702,9.847385272145145,7.834158415841584,178,2,50,0.5,0.5,0.5,genetic,inheritance,inheritance,0.05,10
743,943,814,0.554475620036255,0.5,0.5,8.323014804845222,9.85896076352068,7.981572481572481,179,2,50,0.5,0.5,0.5,genetic,inheritance,inheritance,0.05,10
728,941,831,0.5556281862687904,0.5,0.5,8.089285714285714,9.79596174282678,8.054151624548737,180,2,50,0.5,0.5,0.5,genetic,inheritance,inheritance,0.05,10
725,934,841,0.554953651756535,0.5,0.5,8.075862068965517,9.886509635974305,8.14268727705113,181,2,50,0.5,0.5,0.5,genetic,inheritance,inheritance,0.05,10
732,947,821,0.5534396030105166,0.5,0.5,7.935792349726776,9.870116156282998,8.275274056029232,182,2,50,0.5,0.5,0.5,genetic,inheritance,inheritance,0.05,10
737,942,821,0.5527092775006518,0.5,0.5,7.941655359565807,9.760084925690022,8.274056029232643,183,2,50,0.5,0.5,0.5,genetic,inheritance,inheritance,0.05,10
744,942,814,0.5525985412891632,0.5,0.5,7.862903225806452,9.816348195329088,8.224815724815725,184,2,50,0.5,0.5,0.5,genetic,inheritance,inheritance,0.05,10
756,900,844,0.5547190935762472,0.5,0.5,7.878306878306878,9.652222222222223,8.149289099526067,185,2,50,0.5,0.5,0.5,genetic,inheritance,inheritance,0.05,10
774,867,859,0.5540435856917187,0.5,0.5,7.930232558139535,9.728950403690888,8.149010477299186,186,2,50,0.5,0.5,0.5,genetic,inheritance,inheritance,0.05,10
789,856,855,0.5544693088823374,0.5,0.5,7.88212927756654,9.761682242990654,8.140350877192983,187,2,50,0.5,0.5,0.5,genetic,inheritance,inheritance,0.05,10
799,852,849,0.5546621652896024,0.5,0.5,7.9123904881101375,9.62793427230047,8.168433451118963,188,2,50,0.5,0.5,0.5,genetic,inheritance,inheritance,0.05,10
802,846,852,0.5538245817046434,0.5,0.5,7.912718204488778,9.479905437352246,7.875586854460094,189,2,50,0.5,0.5,0.5,genetic,inheritance,inheritance,0.05,10
811,826,863,0.5539492190362685,0.5,0.5,7.816276202219482,9.371670702179177,7.7300115874855155,190,2,50,0.5,0.5,0.5,genetic,inheritance,inheritance,0.05,10
836,811,853,0.5531420897841928,0.5,0.5,7.802631578947368,9.344019728729963,7.729191090269636,191,2,50,0.5,0.5,0.5,genetic,inheritance,inheritance,0.05,10
832,828,840,0.5544475888210177,0.5,0.5,7.974759615384615,9.298309178743962,8.098809523809523,192,2,50,0.5,0.5,0.5,genetic,inheritance,inheritance,0.05,10
868,790,842,0.5541209004191557,0.5,0.5,7.957373271889401,9.184810126582278,7.858669833729216,193,2,50,0.5,0.5,0.5,genetic,inheritance,inheritance,0.05,10
872,801,827,0.5556822793131928,0.5,0.5,7.818807339449541,8.863920099875156,7.916565900846433,194,2,50,0.5,0.5,0.5,genetic,inheritance,inheritance,0.05,10
897,802,801,0.5555853455405465,0.5,0.5,7.666666666666667,8.91147132169576,7.820224719101123,195,2,50,0.5,0.5,0.5,genetic,inheritance,inheritance,0.05,10
875,797,828,0.5568714357014255,0.5,0.5,7.9794285714285715,8.671267252195735,7.723429951690822,196,2,50,0.5,0.5,0.5,genetic,inheritance,inheritance,0.05,10
872,794,834,0.5567956790306852,0.5,0.5,8.097477064220184,8.642317380352646,7.762589928057554,197,2,50,0.5,0.5,0.5,genetic,inheritance,inheritance,0.05,10
859,816,825,0.5589815198985721,0.5,0.5,8.053550640279395,8.481617647058824,8.02909090909091,198,2,50,0.5,0.5,0.5,genetic,inheritance,inheritance,0.05,10
866,804,830,0.5604473231449268,0.5,0.5,8.143187066974596,8.5,8.043373493975903,199,2,50,0.5,0.5,0.5,genetic,inheritance,inheritance,0.05,10
863,831,806,0.5619862585173789,0.5,0.5,8.172653534183082,8.474127557160049,8.442928039702233,200,2,50,0.5,0.5,0.5,genetic,inheritance,inheritance,0.05,10
865,862,773,0.5614233881011166,0.5,0.5,8.015028901734103,8.273781902552205,8.626131953428201,201,2,50,0.5,0.5,0.5,genetic,inheritance,inheritance,0.05,10
850,890,760,0.5624559528813717,0.5,0.5,8.156470588235294,8.285393258426966,8.914473684210526,202,2,50,0.5,0.5,0.5,genetic,inheritance,inheritance,0.05,10
853,914,733,0.5632524848086793,0.5,0.5,8.16295427901524,8.319474835886215,8.915416098226467,203,2,50,0.5,0.5,0.5,genetic,inheritance,inheritance,0.05,10
849,963,688,0.5628736905010004,0.5,0.5,8.182567726737338,8.51921079958463,9.399709302325581,204,2,50,0.5,0.5,0.5,genetic,inheritance,inheritance,0.05,10
823,993,684,0.5633912674290155,0.5,0.5,8.373025516403402,8.654582074521652,9.498538011695906,205,2,50,0.5,0.5,0.5,genetic,inheritance,inheritance,0.05,10
830,1000,670,0.5644624704807268,0.5,0.5,8.327710843373493,8.839,9.198507462686567,206,2,50,0.5,0.5,0.5,genetic,inheritance,inheritance,0.05,10
807,1021,672,0.5641772537498454,0.5,0.5,8.535315985130111,9.03134182174339,9.171130952380953,207,2,50,0.5,0.5,0.5,genetic,inheritance,inheritance,0.05,10
780,1051,669,0.5649133850678901,0.5,0.5,8.560256410256411,9.047573739295908,9.112107623318385,208,2,50,0.5,0.5,0.5,genetic,inheritance,inheritance,0.05,10
772,1049,679,0.5659584545010634,0.5,0.5,8.664507772020725,9.227836034318399,8.777614138438881,209,2,50,0.5,0.5,0.5,genetic,inheritance,inheritance,0.05,10
744,1073,683,0.5687555518097818,0.5,0.5,8.77016129032258,9.445479962721341,8.723279648609077,210,2,50,0.5,0.5,0.5,genetic,inheritance,inheritance,0.05,10
735,1081,684,0.57134175398018,0.5,0.5,8.628571428571428,9.51341350601295,8.190058479532164,211,2,50,0.5,0.5,0.5,genetic,inheritance,inheritance,0.05,10
712,1074,714,0.574889480821705,0.5,0.5,8.594101123595506,9.614525139664805,7.981792717086835,212,2,50,0.5,0.5,0.5,genetic,inheritance,inheritance,0.05,10
687,1079,734,0.5773978083171514,0.5,0.5,8.512372634643377,9.72937905468026,7.961852861035422,213,2,50,0.5,0.5,0.5,genetic,inheritance,inheritance,0.05,10
660,1062,778,0.5766462375364124,0.5,0.5,8.583333333333334,9.786252354048964,7.877892030848329,214,2,50,0.5,0.5,0.5,genetic,inheritance,inheritance,0.05,10
653,1058,789,0.5777769444914094,0.5,0.5,8.551301684532925,9.897920604914933,8.016476552598226,215,2,50,0.5,0.5,0.5,genetic,inheritance,inheritance,0.05,10
646,1045,809,0.576228882567853,0.5,0.5,8.490712074303406,10.017224880382775,8.124845488257108,216,2,50,0.5,0.5,0.5,genetic,inheritance,inheritance,0.05,10
639,1036,825,0.5767080526731923,0.5,0.5,8.245696400625977,10.075289575289576,8.13090909090909,217,2,50,0.5,0.5,0.5,genetic,inheritance,inheritance,0.05,10
634,1026,840,0.5747956522314747,0.5,0.5,8.219242902208203,10.236842105263158,8.233333333333333,218,2,50,0.5,0.5,0.5,genetic,inheritance,inheritance,0.05,10
644,1003,853,0.5741210229554243,0.5,0.5,7.990683229813665,10.275174476570289,8.14654161781946,219,2,50,0.5,0.5,0.5,genetic,inheritance,inheritance,0.05,10
639,981,880,0.5734241230381103,0.5,0.5,7.89358372456964,10.249745158002039,8.136363636363637,220,2,50,0.5,0.5,0.5,genetic,inheritance,inheritance,0.05,10
616,965,919,0.5721018968544372,0.5,0.5,7.904220779220779,10.267357512953367,8.133841131664854,221,2,50,0.5,0.5,0.5,genetic,inheritance,inheritance,0.05,10
625,932,943,0.5709687768366526,0.5,0.5,7.8304,10.314377682403434,8.240721102863203,222,2,50,0.5,0.5,0.5,genetic,inheritance,inheritance,0.05,10
638,896,966,0.5689465376179476,0.5,0.5,7.622257053291536,10.372767857142858,8.209109730848862,223,2,50,0.5,0.5,0.5,genetic,inheritance,inheritance,0.05,10
655,870,975,0.5678101237084454,0.5,0.5,7.543511450381679,10.175862068965516,8.272820512820513,224,2,50,0.5,0.5,0.5,genetic,inheritance,inheritance,0.05,10
675,851,974,0.5692500496663634,0.5,0.5,7.542222222222223,10.034077555816687,8.324435318275153,225,2,50,0.5,0.5,0.5,genetic,inheritance,inheritance,0.05,10
710,815,975,0.5719183706181833,0.5,0.5,7.571830985915493,10.231901840490798,8.528205128205128,226,2,50,0.5,0.5,0.5,genetic,inheritance,inheritance,0.05,10
726,806,968,0.5732147348535757,0.5,0.5,7.526170798898072,10.160049627791564,8.78305785123967,227,2,50,0.5,0.5,0.5,genetic,inheritance,inheritance,0.05,10
744,786,970,0.5748944087416424,0.5,0.5,7.486559139784946,10.122137404580153,8.71340206185567,228,2,50,0.5,0.5,0.5,genetic,inheritance,inheritance,0.05,10
772,769,959,0.5757996098155781,0.5,0.5,7.558290155440415,10.068920676202861,8.939520333680917,229,2,50,0.5,0.5,0.5,genetic,inheritance,inheritance,0.05,10
793,735,972,0.5776575114818169,0.5,0.5,7.754098360655738,9.936054421768707,9.0,230,2,50,0.5,0.5,0.5,genetic,inheritance,inheritance,0.05,10
813,706,981,0.5783254699296206,0.5,0.5,7.892988929889299,9.621813031161473,9.139653414882773,231,2,50,0.5,0.5,0.5,genetic,inheritance,inheritance,0.05,10
837,682,981,0.578090708471259,0.5,0.5,8.057347670250897,9.422287390029325,9.335372069317023,232,2,50,0.5,0.5,0.5,genetic,inheritance,inheritance,0.05,10
874,654,972,0.5790253849163673,0.5,0.5,8.207093821510297,9.63914373088685,9.450617283950617,233,2,50,0.5,0.5,0.5,genetic,inheritance,inheritance,0.05,10
916,643,941,0.5783105804698306,0.5,0.5,8.235807860262009,9.570762052877138,9.65143464399575,234,2,50,0.5,0.5,0.5,genetic,inheritance,inheritance,0.05,10
934,632,934,0.5791937536908485,0.5,0.5,8.340471092077088,9.121835443037975,9.663811563169165,235,2,50,0.5,0.5,0.5,genetic,inheritance,inheritance,0.05,10
947,635,918,0.5797505685045753,0.5,0.5,8.414994720168954,8.790551181102362,9.784313725490197,236,2,50,0.5,0.5,0.5,genetic,inheritance,inheritance,0.05,10
960,643,897,0.5782820284575944,0.5,0.5,8.497916666666667,8.35303265940902,9.90078037904125,237,2,50,0.5,0.5,0.5,genetic,inheritance,inheritance,0.05,10
979,640,881,0.5784646431495949,0.5,0.5,8.623084780388151,7.9859375,9.951191827468785,238,2,50,0.5,0.5,0.5,genetic,inheritance,inheritance,0.05,10
1002,664,834,0.5783120351553958,0.5,0.5,8.688622754491018,7.933734939759036,10.177458033573142,239,2,50,0.5,0.5,0.5,genetic,inheritance,inheritance,0.05,10
1006,706,788,0.5787936329221643,0.5,0.5,8.807157057654075,7.7252124645892355,10.201776649746193,240,2,50,0.5,0.5,0.5,genetic,inheritance,inheritance,0.05,10
1023,744,733,0.5793299415786781,0.5,0.5,8.655913978494624,7.618279569892473,10.144611186903138,241,2,50,0.5,0.5,0.5,genetic,inheritance,inheritance,0.05,10
1035,782,683,0.5796968598072245,0.5,0.5,8.347826086956522,7.569053708439898,10.070278184480234,242,2,50,0.5,0.5,0.5,genetic,inheritance,inheritance,0.05,10
1067,801,632,0.5812203391172109,0.5,0.5,8.342080599812558,7.6491885143570535,9.920886075949367,243,2,50,0.5,0.5,0.5,genetic,inheritance,inheritance,0.05,10
1070,847,583,0.5824324795145763,0.5,0.5,8.27196261682243,7.618654073199528,9.843910806174957,244,2,50,0.5,0.5,0.5,genetic,inheritance,inheritance,0.05,10
1059,884,557,0.582224718671624,0.5,0.5,8.455146364494807,7.828054298642534,10.028725314183124,245,2,50,0.5,0.5,0.5,genetic,inheritance,inheritance,0.05,10
1045,917,538,0.5830138748452899,0.5,0.5,8.556937799043062,7.897491821155944,9.438661710037175,246,2,50,0.5,0.5,0.5,genetic,inheritance,inheritance,0.05,10
1034,926,540,0.5846615434187653,0.5,0.5,8.718568665377177,8.035637149028078,8.92962962962963,247,2,50,0.5,0.5,0.5,genetic,inheritance,inheritance,0.05,10
1031,937,532,0.5841261509579315,0.5,0.5,9.009699321047526,8.266808964781216,8.573308270676693,248,2,50,0.5,0.5,0.5,genetic,inheritance,inheritance,0.05,10
1029,948,523,0.5848772404499036,0.5,0.5,9.257531584062196,8.473628691983123,8.130019120458892,249,2,50,0.5,0.5,0.5,genetic,inheritance,inheritance,0.05,10
1018,985,497,0.5840029790738429,0.5,0.5,9.177799607072691,8.374619289340101,7.579476861167002,250,2,50,0.5,0.5,0.5,genetic,inheritance,inheritance,0.05,10
999,1004,497,0.5851588548455511,0.5,0.5,9.372372372372372,8.598605577689243,7.132796780684105,251,2,50,0.5,0.5,0.5,genetic,inheritance,inheritance,0.05,10
960,1013,527,0.5855822551914784,0.5,0.5,9.634375,8.637709772951629,6.840607210626186,252,2,50,0.5,0.5,0.5,genetic,inheritance,inheritance,0.05,10
946,1027,527,0.5863485409192397,0.5,0.5,9.60676532769556,8.560856864654333,6.516129032258065,253,2,50,0.5,0.5,0.5,genetic,inheritance,inheritance,0.05,10
919,1041,540,0.5863936030995679,0.5,0.5,9.562568008705114,8.621517771373679,6.324074074074074,254,2,50,0.5,0.5,0.5,genetic,inheritance,inheritance,0.05,10
858,1115,527,0.5877342454376141,0.5,0.5,9.56060606060606,8.542600896860986,6.481973434535105,255,2,50,0.5,0.5,0.5,genetic,inheritance,inheritance,0.05,10
806,1151,543,0.5888704397970335,0.5,0.5,9.657568238213399,8.608166811468289,6.3683241252302025,256,2,50,0.5,0.5,0.5,genetic,inheritance,inheritance,0.05,10
736,1187,577,0.5885355336561687,0.5,0.5,9.8125,8.513900589721988,6.357019064124783,257,2,50,0.5,0.5,0.5,genetic,inheritance,inheritance,0.05,10
676,1184,640,0.5884287240529553,0.5,0.5,10.025147928994082,8.56418918918919,6.2328125,258,2,50,0.5,0.5,0.5,genetic,inheritance,inheritance,0.05,10
655,1166,679,0.5910379537313478,0.5,0.5,10.045801526717558,8.724699828473414,6.228276877761414,259,2,50,0.5,0.5,0.5,genetic,inheritance,inheritance,0.05,10
631,1171,698,0.590773476250723,0.5,0.5,9.602218700475436,8.791631084543125,6.260744985673353,260,2,50,0.5,0.5,0.5,genetic,inheritance,inheritance,0.05,10
589,1174,737,0.5912209394007661,0.5,0.5,8.971137521222412,8.744463373083475,6.153324287652646,261,2,50,0.5,0.5,0.5,genetic,inheritance,inheritance,0.05,10
569,1152,779,0.5937131982733385,0.5,0.5,8.855887521968366,8.946180555555555,6.124518613607188,262,2,50,0.5,0.5,0.5,genetic,inheritance,inheritance,0.05,10
544,1133,823,0.5936216063693713,0.5,0.5,8.626838235294118,9.275375110326566,6.381530984204131,263,2,50,0.5,0.5,0.5,genetic,inheritance,inheritance,0.05,10
531,1121,848,0.593395566639187,0.5,0.5,8.337099811676083,9.347011596788581,6.636792452830188,264,2,50,0.5,0.5,0.5,genetic,inheritance,inheritance,0.05,10
563,1064,873,0.5935529967197655,0.5,0.5,7.859680284191829,9.576127819548873,6.715922107674685,265,2,50,0.5,0.5,0.5,genetic,inheritance,inheritance,0.05,10
565,1061,874,0.593800729201862,0.5,0.5,7.745132743362832,9.647502356267672,6.953089244851259,266,2,50,0.5,0.5,0.5,genetic,inheritance,inheritance,0.05,10
586,1000,914,0.5938585793975799,0.5,0.5,7.639931740614334,9.818,6.916849015317287,267,2,50,0.5,0.5,0.5,genetic,inheritance,inheritance,0.05,10
581,970,949,0.5935252792241937,0.5,0.5,7.309810671256455,9.710309278350515,7.097997892518441,268,2,50,0.5,0.5,0.5,genetic,inheritance,inheritance,0.05,10
602,948,950,0.5920324079324831,0.5,0.5,6.9916943521594686,9.988396624472573,7.314736842105263,269,2,50,0.5,0.5,0.5,genetic,inheritance,inheritance,0.05,10
604,924,972,0.5935134287858658,0.5,0.5,6.862582781456954,10.0,7.539094650205762,270,2,50,0.5,0.5,0.5,genetic,inheritance,inheritance,0.05,10
630,909,961,0.5924004765544599,0.5,0.5,6.4523809523809526,9.952695269526952,7.588969823100936,271,2,50,0.5,0.5,0.5,genetic,inheritance,inheritance,0.05,10
620,896,984,0.5956586832908956,0.5,0.5,6.274193548387097,9.684151785714286,7.766260162601626,272,2,50,0.5,0.5,0.5,genetic,inheritance,inheritance,0.05,10
635,856,1009,0.5953435659662818,0.5,0.5,6.250393700787401,9.675233644859814,7.744301288404361,273,2,50,0.5,0.5,0.5,genetic,inheritance,inheritance,0.05,10
658,809,1033,0.5976541684471977,0.5,0.5,6.24468085106383,9.46229913473424,7.760890609874153,274,2,50,0.5,0.5,0.5,genetic,inheritance,inheritance,0.05,10
692,788,1020,0.5993128263700165,0.5,0.5,6.199421965317919,9.488578680203046,7.931372549019608,275,2,50,0.5,0.5,0.5,genetic,inheritance,inheritance,0.05,10
712,763,1025,0.5991610290067253,0.5,0.5,6.320224719101123,9.284403669724771,8.105365853658537,276,2,50,0.5,0.5,0.5,genetic,inheritance,inheritance,0.05,10
733,749,1018,0.5980110404912825,0.5,0.5,6.39699863574352,9.064085447263018,8.276031434184675,277,2,50,0.5,0.5,0.5,genetic,inheritance,inheritance,0.05,10
733,728,1039,0.5989821061800435,0.5,0.5,6.622100954979536,8.875,8.507218479307026,278,2,50,0.5,0.5,0.5,genetic,inheritance,inheritance,0.05,10
730,715,1055,0.5981052725978568,0.5,0.5,6.9150684931506845,8.861538461538462,8.691943127962086,279,2,50,0.5,0.5,0.5,genetic,inheritance,inheritance,0.05,10
733,712,1055,0.6001998193889755,0.5,0.5,6.964529331514325,8.612359550561798,9.039810426540285,280,2,50,0.5,0.5,0.5,genetic,inheritance,inheritance,0.05,10
768,711,1021,0.5997195036675159,0.5,0.5,7.03125,8.80028129395218,9.352595494613125,281,2,50,0.5,0.5,0.5,genetic,inheritance,inheritance,0.05,10
799,717,984,0.5993423631890841,0.5,0.5,7.007509386733417,8.733612273361228,9.664634146341463,282,2,50,0.5,0.5,0.5,genetic,inheritance,inheritance,0.05,10
837,719,944,0.5981872882778801,0.5,0.5,7.053763440860215,8.913769123783032,9.872881355932204,283,2,50,0.5,0.5,0.5,genetic,inheritance,inheritance,0.05,10
860,707,933,0.5984951446136757,0.5,0.5,7.196511627906977,8.981612446958982,10.037513397642016,284,2,50,0.5,0.5,0.5,genetic,inheritance,inheritance,0.05,10
883,712,905,0.5999311939193193,0.5,0.5,7.251415628539071,8.633426966292134,9.942541436464088,285,2,50,0.5,0.5,0.5,genetic,inheritance,inheritance,0.05,10
923,714,863,0.5987026484915089,0.5,0.5,7.198266522210184,8.621848739495798,9.73117033603708,286,2,50,0.5,0.5,0.5,genetic,inheritance,inheritance,0.05,10
932,719,849,0.6001514855379441,0.5,0.5,7.375536480686695,8.616133518776078,9.856301531213193,287,2,50,0.5,0.5,0.5,genetic,inheritance,inheritance,0.05,10
977,709,814,0.601270407037048,0.5,0.5,7.3828045035823955,8.658674188998589,9.622850122850123,288,2,50,0.5,0.5,0.5,genetic,inheritance,inheritance,0.05,10
991,712,797,0.6013542323452157,0.5,0.5,7.501513622603431,8.448033707865168,9.509410288582183,289,2,50,0.5,0.5,0.5,genetic,inheritance,inheritance,0.05,10
997,734,769,0.5999795021846828,0.5,0.5,7.60481444332999,8.250681198910081,9.512353706111833,290,2,50,0.5,0.5,0.5,genetic,inheritance,inheritance,0.05,10
1021,760,719,0.5997518569138484,0.5,0.5,7.6758080313418215,8.135526315789473,9.536856745479833,291,2,50,0.5,0.5,0.5,genetic,inheritance,inheritance,0.05,10
1012,792,696,0.5997535444374954,0.5,0.5,7.821146245059288,7.8977272727272725,9.686781609195402,292,2,50,0.5,0.5,0.5,genetic,inheritance,inheritance,0.05,10
998,830,672,0.6008669841216473,0.5,0.5,8.080160320641282,7.8987951807228916,9.641369047619047,293,2,50,0.5,0.5,0.5,genetic,inheritance,inheritance,0.05,10
980,877,643,0.6017563871298528,0.5,0.5,8.201020408163265,7.678449258836944,9.416796267496112,294,2,50,0.5,0.5,0.5,genetic,inheritance,inheritance,0.05,10
962,917,621,0.6029502103430657,0.5,0.5,8.448024948024948,7.744820065430752,9.193236714975846,295,2,50,0.5,0.5,0.5,genetic,inheritance,inheritance,0.05,10
892,979,629,0.6045887455405008,0.5,0.5,8.484304932735427,7.4279877425944845,8.858505564387917,296,2,50,0.5,0.5,0.5,genetic,inheritance,inheritance,0.05,10
843,1020,637,0.6058450853701389,0.5,0.5,8.759193357058125,7.555882352941176,8.3861852433281,297,2,50,0.5,0.5,0.5,genetic,inheritance,inheritance,0.05,10
822,1035,643,0.606261331034175,0.5,0.5,8.79683698296837,7.818357487922706,8.091757387247279,298,2,50,0.5,0.5,0.5,genetic,inheritance,inheritance,0.05,10
798,1055,647,0.6075069563575067,0.5,0.5,8.774436090225564,8.042654028436019,7.986089644513138,299,2,50,0.5,0.5,0.5,genetic,inheritance,inheritance,0.05,10
770,1076,654,0.6084715778399862,0.5,0.5,8.709090909090909,8.293680297397769,7.839449541284404,300,2,50,0.5,0.5,0.5,genetic,inheritance,inheritance,0.05,10
731,1106,663,0.6080952991036936,0.5,0.5,8.647058823529411,8.401446654611211,7.757164404223228,301,2,50,0.5,0.5,0.5,genetic,inheritance,inheritance,0.05,10
696,1115,689,0.6064012119724514,0.5,0.5,8.675287356321839,8.603587443946187,7.622641509433962,302,2,50,0.5,0.5,0.5,genetic,inheritance,inheritance,0.05,10
682,1122,696,0.6073709138684303,0.5,0.5,8.697947214076246,8.870766488413548,7.693965517241379,303,2,50,0.5,0.5,0.5,genetic,inheritance,inheritance,0.05,10
683,1103,714,0.6056458868697225,0.5,0.5,8.494875549048317,9.182230281051677,7.476190476190476,304,2,50,0.5,0.5,0.5,genetic,inheritance,inheritance,0.05,10
659,1095,746,0.6060168390297356,0.5,0.5,8.813353566009106,9.51324200913242,7.428954423592494,305,2,50,0.5,0.5,0.5,genetic,inheritance,inheritance,0.05,10
651,1076,773,0.6034371927073017,0.5,0.5,8.7357910906298,9.70910780669145,7.170763260025873,306,2,50,0.5,0.5,0.5,genetic,inheritance,inheritance,0.05,10
648,1064,788,0.6019295208802231,0.5,0.5,8.54783950617284,9.658834586466165,7.1408629441624365,307,2,50,0.5,0.5,0.5,genetic,inheritance,inheritance,0.05,10
656,1053,791,0.6003240926259463,0.5,0.5,8.253048780487806,9.938271604938272,7.154235145385588,308,2,50,0.5,0.5,0.5,genetic,inheritance,inheritance,0.05,10
653,1056,791,0.6003313693189056,0.5,0.5,8.122511485451762,10.182765151515152,7.404551201011378,309,2,50,0.5,0.5,0.5,genetic,inheritance,inheritance,0.05,10
635,1032,833,0.6016434281683329,0.5,0.5,7.880314960629922,10.073643410852712,7.355342136854742,310,2,50,0.5,0.5,0.5,genetic,inheritance,inheritance,0.05,10
640,1032,828,0.600412722496686,0.5,0.5,7.7359375,10.285852713178295,7.60024154589372,311,2,50,0.5,0.5,0.5,genetic,inheritance,inheritance,0.05,10
628,1027,845,0.600249104254149,0.5,0.5,7.472929936305732,10.13145082765336,7.6982248520710055,312,2,50,0.5,0.5,0.5,genetic,inheritance,inheritance,0.05,10
636,1031,833,0.6001080520068865,0.5,0.5,6.926100628930818,10.273520853540251,7.7466986794717885,313,2,50,0.5,0.5,0.5,genetic,inheritance,inheritance,0.05,10
664,1006,830,0.5993749018372894,0.5,0.5,6.731927710843373,10.395626242544731,7.750602409638554,314,2,50,0.5,0.5,0.5,genetic,inheritance,inheritance,0.05,10
681,996,823,0.5983801073425662,0.5,0.5,6.587371512481645,10.457831325301205,7.771567436208992,315,2,50,0.5,0.5,0.5,genetic,inheritance,inheritance,0.05,10
687,984,829,0.5977980834342046,0.5,0.5,6.617176128093159,10.378048780487806,7.79372738238842,316,2,50,0.5,0.5,0.5,genetic,inheritance,inheritance,0.05,10
696,957,847,0.6001042581518146,0.5,0.5,6.787356321839081,10.577847439916406,7.8288075560802834,317,2,50,0.5,0.5,0.5,genetic,inheritance,inheritance,0.05,10
707,939,854,0.6006342621819258,0.5,0.5,6.8868458274398865,10.64643237486688,7.868852459016393,318,2,50,0.5,0.5,0.5,genetic,inheritance,inheritance,0.05,10
715,917,868,0.6021175083308759,0.5,0.5,6.967832167832168,10.424209378407852,7.817972350230415,319,2,50,0.5,0.5,0.5,genetic,inheritance,inheritance,0.05,10
710,906,884,0.6033122920075118,0.5,0.5,7.156338028169014,10.291390728476822,7.915158371040724,320,2,50,0.5,0.5,0.5,genetic,inheritance,inheritance,0.05,10
709,898,893,0.604551409692228,0.5,0.5,7.325811001410437,10.321826280623608,8.00447928331467,321,2,50,0.5,0.5,0.5,genetic,inheritance,inheritance,0.05,10
680,885,935,0.6047450267579499,0.5,0.5,7.817647058823529,9.908474576271187,8.197860962566844,322,2,50,0.5,0.5,0.5,genetic,inheritance,inheritance,0.05,10
689,880,931,0.6041407160784157,0.5,0.5,7.760522496371553,9.925,8.31686358754028,323,2,50,0.5,0.5,0.5,genetic,inheritance,inheritance,0.05,10
701,863,936,0.6066355731691622,0.5,0.5,7.821683309557774,9.713789107763615,8.34508547008547,324,2,50,0.5,0.5,0.5,genetic,inheritance,inheritance,0.05,10
678,881,941,0.6082307183913432,0.5,0.5,7.702064896755163,9.35527809307605,8.437832093517535,325,2,50,0.5,0.5,0.5,genetic,inheritance,inheritance,0.05,10
696,878,926,0.6083775919488956,0.5,0.5,7.564655172413793,9.34624145785877,8.550755939524837,326,2,50,0.5,0.5,0.5,genetic,inheritance,inheritance,0.05,10
714,874,912,0.6069908896551891,0.5,0.5,7.523809523809524,9.303203661327231,8.830043859649123,327,2,50,0.5,0.5,0.5,genetic,inheritance,inheritance,0.05,10
740,867,893,0.608283128326597,0.5,0.5,7.475675675675675,9.505190311418685,8.957446808510639,328,2,50,0.5,0.5,0.5,genetic,inheritance,inheritance,0.05,10
776,878,846,0.6111117869395445,0.5,0.5,7.202319587628866,9.542141230068337,9.206855791962175,329,2,50,0.5,0.5,0.5,genetic,inheritance,inheritance,0.05,10
828,865,807,0.6124504963081806,0.5,0.5,7.019323671497585,9.790751445086705,9.152416356877323,330,2,50,0.5,0.5,0.5,genetic,inheritance,inheritance,0.05,10
855,870,775,0.6136132265143215,0.5,0.5,6.934502923976608,9.624137931034483,9.109677419354838,331,2,50,0.5,0.5,0.5,genetic,inheritance,inheritance,0.05,10
879,879,742,0.6132246666758162,0.5,0.5,7.045506257110353,9.579067121729238,9.235849056603774,332,2,50,0.5,0.5,0.5,genetic,inheritance,inheritance,0.05,10
900,891,709,0.6140394683288448,0.5,0.5,7.043333333333333,9.389450056116722,8.926657263751762,333,2,50,0.5,0.5,0.5,genetic,inheritance,inheritance,0.05,10
891,910,699,0.6146889605922445,0.5,0.5,7.325476992143659,9.361538461538462,8.753934191702433,334,2,50,0.5,0.5,0.5,genetic,inheritance,inheritance,0.05,10
915,895,690,0.6137329865808886,0.5,0.5,7.4863387978142075,9.562011173184358,8.508695652173913,335,2,50,0.5,0.5,0.5,genetic,inheritance,inheritance,0.05,10
927,890,683,0.6152920822649723,0.5,0.5,7.811218985976268,9.597752808988764,8.313323572474378,336,2,50,0.5,0.5,0.5,genetic,inheritance,inheritance,0.05,10
963,864,673,0.6163556348134719,0.5,0.5,8.076843198338526,9.805555555555555,8.047548291233284,337,2,50,0.5,0.5,0.5,genetic,inheritance,inheritance,0.05,10
967,889,644,0.6176430146639249,0.5,0.5,8.279214064115822,9.70978627671541,8.159937888198758,338,2,50,0.5,0.5,0.5,genetic,inheritance,inheritance,0.05,10
944,900,656,0.6174952663571086,0.5,0.5,8.734110169491526,9.496666666666666,8.024390243902438,339,2,50,0.5,0.5,0.5,genetic,inheritance,inheritance,0.05,10
949,896,655,0.6144486512519332,0.5,0.5,8.977871443624869,9.467633928571429,7.96030534351145,340,2,50,0.5,0.5,0.5,genetic,inheritance,inheritance,0.05,10
951,878,671,0.6134062786820457,0.5,0.5,9.190325972660357,9.634396355353076,7.9642324888226526,341,2,50,0.5,0.5,0.5,genetic,inheritance,inheritance,0.05,10
945,901,654,0.6121421177122988,0.5,0.5,9.374603174603175,9.589345172031077,8.02446483180428,342,2,50,0.5,0.5,0.5,genetic,inheritance,inheritance,0.05,10
934,908,658,0.6107864892461968,0.5,0.5,9.467880085653105,9.549559471365638,7.768996960486322,343,2,50,0.5,0.5,0.5,genetic,inheritance,inheritance,0.05,10
925,920,655,0.6116116983320813,0.5,0.5,9.608648648648648,9.654347826086957,7.71145038167939,344,2,50,0.5,0.5,0.5,genetic,inheritance,inheritance,0.05,10
918,923,659,0.6114839059184839,0.5,0.5,9.761437908496733,9.66522210184182,7.71927162367223,345,2,50,0.5,0.5,0.5,genetic,inheritance,inheritance,0.05,10
906,909,685,0.6111223833743187,0.5,0.5,9.981236203090507,9.654565456545654,7.582481751824817,346,2,50,0.5,0.5,0.5,genetic,inheritance,inheritance,0.05,10
898,897,705,0.6091121504686404,0.5,0.5,10.16815144766147,9.79041248606466,7.507801418439716,347,2,50,0.5,0.5,0.5,genetic,inheritance,inheritance,0.05,10
891,907,702,0.6069853428976891,0.5,0.5,9.967452300785634,9.45534729878721,7.380341880341881,348,2,50,0.5,0.5,0.5,genetic,inheritance,inheritance,0.05,10
891,909,700,0.6060347182982873,0.5,0.5,9.966329966329967,9.388338833883388,7.345714285714286,349,2,50,0.5,0.5,0.5,genetic,inheritance,inheritance,0.05,10
857,942,701,0.6046473539781275,0.5,0.5,10.039673278879814,9.336518046709129,7.336661911554922,350,2,50,0.5,0.5,0.5,genetic,inheritance,inheritance,0.05,10
856,929,715,0.6048854600605141,0.5,0.5,10.269859813084112,9.228202368137783,7.306293706293706,351,2,50,0.5,0.5,0.5,genetic,inheritance,inheritance,0.05,10
842,911,747,0.6041504088574869,0.5,0.5,10.33729216152019,9.206366630076838,7.333333333333333,352,2,50,0.5,0.5,0.5,genetic,inheritance,inheritance,0.05,10
827,911,762,0.6032772579321896,0.5,0.5,10.379685610640871,9.218441273326015,7.397637795275591,353,2,50,0.5,0.5,0.5,genetic,inheritance,inheritance,0.05,10
805,927,768,0.6032531042753692,0.5,0.5,10.277018633540372,9.175836030204962,7.5234375,354,2,50,0.5,0.5,0.5,genetic,inheritance,inheritance,0.05,10
790,946,764,0.6013702140336264,0.5,0.5,10.284810126582279,8.875264270613108,7.62041884816754,355,2,50,0.5,0.5,0.5,genetic,inheritance,inheritance,0.05,10
749,956,795,0.6003789524246441,0.5,0.5,10.460614152202938,8.850418410041842,7.723270440251572,356,2,50,0.5,0.5,0.5,genetic,inheritance,inheritance,0.05,10
733,972,795,0.5976131526130102,0.5,0.5,10.311050477489768,8.87448559670782,7.850314465408805,357,2,50,0.5,0.5,0.5,genetic,inheritance,inheritance,0.05,10
739,960,801,0.5967647336202676,0.5,0.5,9.958051420838972,8.990625,7.916354556803995,358,2,50,0.5,0.5,0.5,genetic,inheritance,inheritance,0.05,10
734,972,794,0.5958188961881437,0.5,0.5,9.502724795640328,9.031893004115226,8.021410579345089,359,2,50,0.5,0.5,0.5,genetic,inheritance,inheritance,0.05,10
736,970,794,0.5957383923319824,0.5,0.5,9.091032608695652,9.223711340206185,8.056675062972293,360,2,50,0.5,0.5,0.5,genetic,inheritance,inheritance,0.05,10
737,944,819,0.5939505916943454,0.5,0.5,8.880597014925373,9.301906779661017,8.054945054945055,361,2,50,0.5,0.5,0.5,genetic,inheritance,inheritance,0.05,10
783,913,804,0.5929928671153896,0.5,0.5,8.392081736909324,9.340635268346112,8.197761194029852,362,2,50,0.5,0.5,0.5,genetic,inheritance,inheritance,0.05,10
798,902,800,0.5932753157651244,0.5,0.5,8.24310776942356,9.33370288248337,8.25,363,2,50,0.5,0.5,0.5,genetic,inheritance,inheritance,0.05,10
818,871,811,0.5949875193467506,0.5,0.5,8.19682151589242,9.640642939150402,8.279901356350186,364,2,50,0.5,0.5,0.5,genetic,inheritance,inheritance,0.05,10
831,853,816,0.5940401192357778,0.5,0.5,8.43080625752106,9.618991793669402,8.272058823529411,365,2,50,0.5,0.5,0.5,genetic,inheritance,inheritance,0.05,10
846,829,825,0.5934715344305908,0.5,0.5,8.470449172576831,9.71773220747889,8.28,366,2,50,0.5,0.5,0.5,genetic,inheritance,inheritance,0.05,10
872,820,808,0.5946805869770034,0.5,0.5,8.581422018348624,9.903658536585366,8.318069306930694,367,2,50,0.5,0.5,0.5,genetic,inheritance,inheritance,0.05,10
883,819,798,0.5962325998534405,0.5,0.5,8.556058890147225,9.927960927960928,8.580200501253133,368,2,50,0.5,0.5,0.5,genetic,inheritance,inheritance,0.05,10
892,824,784,0.5949769037072576,0.5,0.5,8.533632286995516,9.865291262135923,8.653061224489797,369,2,50,0.5,0.5,0.5,genetic,inheritance,inheritance,0.05,10
910,824,766,0.5955921834994047,0.5,0.5,8.407692307692308,9.692961165048544,8.490861618798956,370,2,50,0.5,0.5,0.5,genetic,inheritance,inheritance,0.05,10
900,840,760,0.5951831991724309,0.5,0.5,8.617777777777778,9.458333333333334,8.617105263157894,371,2,50,0.5,0.5,0.5,genetic,inheritance,inheritance,0.05,10
901,853,746,0.5958549604434935,0.5,0.5,8.784683684794672,9.38335287221571,8.793565683646113,372,2,50,0.5,0.5,0.5,genetic,inheritance,inheritance,0.05,10
903,855,742,0.5951119350460825,0.5,0.5,8.931339977851605,9.294736842105262,8.700808625336927,373,2,50,0.5,0.5,0.5,genetic,inheritance,inheritance,0.05,10
887,861,752,0.5941294500727803,0.5,0.5,9.137542277339346,9.045296167247386,8.534574468085106,374,2,50,0.5,0.5,0.5,genetic,inheritance,inheritance,0.05,10
890,854,756,0.5954868065036563,0.5,0.5,9.266292134831462,8.92271662763466,8.275132275132275,375,2,50,0.5,0.5,0.5,genetic,inheritance,inheritance,0.05,10
885,879,736,0.5963033275495149,0.5,0.5,9.375141242937852,8.992036405005688,8.311141304347826,376,2,50,0.5,0.5,0.5,genetic,inheritance,inheritance,0.05,10
897,893,710,0.5976778104321095,0.5,0.5,9.256410256410257,9.122060470324747,8.404225352112675,377,2,50,0.5,0.5,0.5,genetic,inheritance,inheritance,0.05,10
879,925,696,0.5998128628338939,0.5,0.5,9.28896473265074,9.035675675675675,8.397988505747126,378,2,50,0.5,0.5,0.5,genetic,inheritance,inheritance,0.05,10
872,954,674,0.5999857724105296,0.5,0.5,9.299311926605505,8.930817610062894,8.275964391691394,379,2,50,0.5,0.5,0.5,genetic,inheritance,inheritance,0.05,10
869,980,651,0.6002919739481936,0.5,0.5,9.120828538550057,8.903061224489797,8.473118279569892,380,2,50,0.5,0.5,0.5,genetic,inheritance,inheritance,0.05,10
831,1026,643,0.599664054362919,0.5,0.5,9.181708784596871,8.837231968810917,8.332814930015552,381,2,50,0.5,0.5,0.5,genetic,inheritance,inheritance,0.05,10
804,1072,624,0.6008196647867768,0.5,0.5,9.110696517412935,8.940298507462687,8.280448717948717,382,2,50,0.5,0.5,0.5,genetic,inheritance,inheritance,0.05,10
770,1088,642,0.6010860983528536,0.5,0.5,9.228571428571428,9.149816176470589,8.286604361370717,383,2,50,0.5,0.5,0.5,genetic,inheritance,inheritance,0.05,10
768,1097,635,0.6004430328189275,0.5,0.5,9.23046875,9.397447584320876,8.297637795275591,384,2,50,0.5,0.5,0.5,genetic,inheritance,inheritance,0.05,10
759,1103,638,0.5978087973901396,0.5,0.5,9.092226613965744,9.623753399818677,8.16614420062696,385,2,50,0.5,0.5,0.5,genetic,inheritance,inheritance,0.05,10
768,1093,639,0.5991902875261964,0.5,0.5,9.11328125,9.832570905763953,8.13302034428795,386,2,50,0.5,0.5,0.5,genetic,inheritance,inheritance,0.05,10
760,1105,635,0.5996734574666704,0.5,0.5,8.852631578947369,9.93393665158371,8.029921259842519,387,2,50,0.5,0.5,0.5,genetic,inheritance,inheritance,0.05,10
755,1110,635,0.5990404480835925,0.5,0.5,8.834437086092715,10.065765765765766,7.910236220472441,388,2,50,0.5,0.5,0.5,genetic,inheritance,inheritance,0.05,10
757,1086,657,0.5990604143796391,0.5,0.5,8.883751651254954,10.275322283609576,7.63013698630137,389,2,50,0.5,0.5,0.5,genetic,inheritance,inheritance,0.05,10
764,1096,640,0.5971338605527327,0.5,0.5,8.839005235602095,10.452554744525548,7.596875,390,2,50,0.5,0.5,0.5,genetic,inheritance,inheritance,0.05,10
773,1091,636,0.5977800068630508,0.5,0.5,8.873221216041397,10.762603116406966,7.633647798742138,391,2,50,0.5,0.5,0.5,genetic,inheritance,inheritance,0.05,10
792,1072,636,0.5976606137783528,0.5,0.5,8.782828282828282,11.044776119402986,7.29559748427673,392,2,50,0.5,0.5,0.5,genetic,inheritance,inheritance,0.05,10
787,1070,643,0.5972482635188636,0.5,0.5,8.850063532401524,11.107476635514018,7.178849144634525,393,2,50,0.5,0.5,0.5,genetic,inheritance,inheritance,0.05,10
775,1075,650,0.5972378216394265,0.5,0.5,8.76774193548387,11.132093023255814,7.109230769230769,394,2,50,0.5,0.5,0.5,genetic,inheritance,inheritance,0.05,10
762,1089,649,0.597564699979372,0.5,0.5,8.636482939632545,11.036730945821855,7.086286594761171,395,2,50,0.5,0.5,0.5,genetic,inheritance,inheritance,0.05,10
753,1095,652,0.5960058580371342,0.5,0.5,8.567065073041169,11.062100456621005,7.127300613496932,396,2,50,0.5,0.5,0.5,genetic,inheritance,inheritance,0.05,10
740,1100,660,0.5961473244173334,0.5,0.5,8.566216216216215,11.067272727272726,7.171212121212121,397,2,50,0.5,0.5,0.5,genetic,inheritance,inheritance,0.05,10
708,1125,667,0.5964820769338157,0.5,0.5,8.662429378531073,10.965333333333334,7.332833583208396,398,2,50,0.5,0.5,0.5,genetic,inheritance,inheritance,0.05,10
683,1136,681,0.5943084174592314,0.5,0.5,8.59882869692533,10.955105633802816,7.472834067547724,399,2,50,0.5,0.5,0.5,genetic,inheritance,inheritance,0.05,10
655,1128,717,0.5911032109085261,0.5,0.5,8.716030534351145,10.89450354609929,7.337517433751743,400,2,50,0.5,0.5,0.5,genetic,inheritance,inheritance,0.05,10
668,1121,711,0.5893474825030254,0.5,0.5,8.538922155688622,11.027653880463872,7.538677918424754,401,2,50,0.5,0.5,0.5,genetic,inheritance,inheritance,0.05,10
682,1103,715,0.5906446287102137,0.5,0.5,8.47507331378299,11.180417044424297,7.531468531468532,402,2,50,0.5,0.5,0.5,genetic,inheritance,inheritance,0.05,10
679,1097,724,0.5908672328283389,0.5,0.5,8.304860088365244,11.173199635369189,7.335635359116022,403,2,50,0.5,0.5,0.5,genetic,inheritance,inheritance,0.05,10
678,1085,737,0.5889717847066699,0.5,0.5,8.38495575221239,11.420276497695852,7.408412483039348,404,2,50,0.5,0.5,0.5,genetic,inheritance,inheritance,0.05,10
680,1059,761,0.589564037537195,0.5,0.5,8.37794117647059,11.440982058545798,7.2299605781865965,405,2,50,0.5,0.5,0.5,genetic,inheritance,inheritance,0.05,10
684,1045,771,0.5892529900748366,0.5,0.5,8.269005847953217,11.494736842105263,7.367055771725032,406,2,50,0.5,0.5,0.5,genetic,inheritance,inheritance,0.05,10
712,998,790,0.5879284197080764,0.5,0.5,8.247191011235955,11.625250501002004,7.172151898734177,407,2,50,0.5,0.5,0.5,genetic,inheritance,inheritance,0.05,10
702,993,805,0.5881228390768329,0.5,0.5,8.21082621082621,11.412890231621349,7.269565217391304,408,2,50,0.5,0.5,0.5,genetic,inheritance,inheritance,0.05,10
689,964,847,0.5887914158411662,0.5,0.5,8.297532656023222,11.230290456431534,7.239669421487603,409,2,50,0.5,0.5,0.5,genetic,inheritance,inheritance,0.05,10
692,941,867,0.5899343772061287,0.5,0.5,8.378612716763005,11.094580233793836,7.280276816608996,410,2,50,0.5,0.5,0.5,genetic,inheritance,inheritance,0.05,10
699,918,883,0.588920018913886,0.5,0.5,8.363376251788269,10.973856209150327,7.339750849377124,411,2,50,0.5,0.5,0.5,genetic,inheritance,inheritance,0.05,10
707,894,899,0.5866364608745805,0.5,0.5,8.350777934936351,10.815436241610739,7.581757508342603,412,2,50,0.5,0.5,0.5,genetic,inheritance,inheritance,0.05,10
698,883,919,0.5864613290654083,0.5,0.5,8.382521489971346,10.668176670441676,7.7986942328618065,413,2,50,0.5,0.5,0.5,genetic,inheritance,inheritance,0.05,10
711,864,925,0.586763361974886,0.5,0.5,8.156118143459915,10.440972222222221,8.035675675675675,414,2,50,0.5,0.5,0.5,genetic,inheritance,inheritance,0.05,10
721,834,945,0.5865756179384497,0.5,0.5,8.084604715672677,10.26378896882494,8.148148148148149,415,2,50,0.5,0.5,0.5,genetic,inheritance,inheritance,0.05,10
762,805,933,0.5873414727869205,0.5,0.5,7.888451443569553,10.2,8.304394426580922,416,2,50,0.5,0.5,0.5,genetic,inheritance,inheritance,0.05,10
800,796,904,0.588874839209281,0.5,0.5,7.74875,10.121859296482413,8.426991150442477,417,2,50,0.5,0.5,0.5,genetic,inheritance,inheritance,0.05,10
821,780,899,0.5878265018187043,0.5,0.5,7.71741778319123,9.832051282051282,8.545050055617352,418,2,50,0.5,0.5,0.5,genetic,inheritance,inheritance,0.05,10
857,756,887,0.5898303304208766,0.5,0.5,7.674445740956826,9.654761904761905,8.54227733934611,419,2,50,0.5,0.5,0.5,genetic,inheritance,inheritance,0.05,10
885,769,846,0.5891307927086585,0.5,0.5,7.612429378531074,9.581274382314694,8.656028368794326,420,2,50,0.5,0.5,0.5,genetic,inheritance,inheritance,0.05,10
914,777,809,0.5902230269665725,0.5,0.5,7.535010940919038,9.31917631917632,8.69221260815822,421,2,50,0.5,0.5,0.5,genetic,inheritance,inheritance,0.05,10
943,784,773,0.5921495845651684,0.5,0.5,7.68186638388123,9.232142857142858,8.609314359637775,422,2,50,0.5,0.5,0.5,genetic,inheritance,inheritance,0.05,10
962,797,741,0.5919995531588698,0.5,0.5,7.675675675675675,9.26348808030113,8.479082321187585,423,2,50,0.5,0.5,0.5,genetic,inheritance,inheritance,0.05,10
965,832,703,0.5933337628964652,0.5,0.5,7.814507772020725,9.133413461538462,8.5049786628734,424,2,50,0.5,0.5,0.5,genetic,inheritance,inheritance,0.05,10
975,839,686,0.5917444356003536,0.5,0.5,8.014358974358974,9.045292014302742,8.578717201166182,425,2,50,0.5,0.5,0.5,genetic,inheritance,inheritance,0.05,10
951,874,675,0.5925404437593427,0.5,0.5,8.210304942166141,8.802059496567505,8.59851851851852,426,2,50,0.5,0.5,0.5,genetic,inheritance,inheritance,0.05,10
910,910,680,0.5925626393239621,0.5,0.5,8.434065934065934,8.481318681318681,8.358823529411765,427,2,50,0.5,0.5,0.5,genetic,inheritance,inheritance,0.05,10
874,952,674,0.5939565027714133,0.5,0.5,8.673913043478262,8.376050420168067,8.425816023738873,428,2,50,0.5,0.5,0.5,genetic,inheritance,inheritance,0.05,10
828,1010,662,0.594575209923403,0.5,0.5,8.718599033816425,8.326732673267326,8.483383685800604,429,2,50,0.5,0.5,0.5,genetic,inheritance,inheritance,0.05,10
786,1060,654,0.5955140474977573,0.5,0.5,8.704834605597965,8.373584905660378,8.45565749235474,430,2,50,0.5,0.5,0.5,genetic,inheritance,inheritance,0.05,10
743,1102,655,0.5974381936139017,0.5,0.5,8.545087483176312,8.433756805807622,8.482442748091604,431,2,50,0.5,0.5,0.5,genetic,inheritance,inheritance,0.05,10
731,1133,636,0.5977715280809605,0.5,0.5,8.545827633378932,8.623124448367166,8.54245283018868,432,2,50,0.5,0.5,0.5,genetic,inheritance,inheritance,0.05,10
706,1172,622,0.5993686983198323,0.5,0.5,8.439093484419264,8.882252559726963,8.536977491961414,433,2,50,0.5,0.5,0.5,genetic,inheritance,inheritance,0.05,10
711,1157,632,0.5995308920818608,0.5,0.5,8.469760900140647,9.214347450302506,8.330696202531646,434,2,50,0.5,0.5,0.5,genetic,inheritance,inheritance,0.05,10
696,1156,648,0.600058297523388,0.5,0.5,8.354885057471265,9.492214532871973,7.9907407407407405,435,2,50,0.5,0.5,0.5,genetic,inheritance,inheritance,0.05,10
684,1150,666,0.598557666150227,0.5,0.5,8.312865497076023,9.764347826086956,7.831831831831832,436,2,50,0.5,0.5,0.5,genetic,inheritance,inheritance,0.05,10
678,1148,674,0.6002297322872123,0.5,0.5,8.287610619469026,10.047038327526133,7.832344213649852,437,2,50,0.5,0.5,0.5,genetic,inheritance,inheritance,0.05,10
647,1150,703,0.6018139918458691,0.5,0.5,8.301391035548686,10.220869565217392,7.751066856330014,438,2,50,0.5,0.5,0.5,genetic,inheritance,inheritance,0.05,10
646,1146,708,0.6016949033277722,0.5,0.5,8.289473684210526,10.504363001745201,7.696327683615819,439,2,50,0.5,0.5,0.5,genetic,inheritance,inheritance,0.05,10
634,1139,727,0.6032211998168557,0.5,0.5,8.173501577287066,10.611940298507463,7.616231086657496,440,2,50,0.5,0.5,0.5,genetic,inheritance,inheritance,0.05,10
626,1131,743,0.6040742156314327,0.5,0.5,8.292332268370608,10.820512820512821,7.678331090174966,441,2,50,0.5,0.5,0.5,genetic,inheritance,inheritance,0.05,10
636,1101,763,0.6041556198196363,0.5,0.5,8.19496855345912,11.160762942779291,7.555701179554391,442,2,50,0.5,0.5,0.5,genetic,inheritance,inheritance,0.05,10
634,1103,763,0.6054313313191769,0.5,0.5,7.955835962145111,11.323662737987307,7.656618610747051,443,2,50,0.5,0.5,0.5,genetic,inheritance,inheritance,0.05,10
629,1088,783,0.6054189954694802,0.5,0.5,7.841017488076312,11.316176470588236,7.572158365261814,444,2,50,0.5,0.5,0.5,genetic,inheritance,inheritance,0.05,10
640,1085,775,0.6064426714397131,0.5,0.5,7.6703125,11.346543778801843,7.529032258064516,445,2,50,0.5,0.5,0.5,genetic,inheritance,inheritance,0.05,10
619,1082,799,0.6069966189350965,0.5,0.5,7.69951534733441,11.171903881700555,7.386733416770964,446,2,50,0.5,0.5,0.5,genetic,inheritance,inheritance,0.05,10
604,1089,807,0.6087529689657281,0.5,0.5,7.610927152317881,11.018365472910927,7.47087980173482,447,2,50,0.5,0.5,0.5,genetic,inheritance,inheritance,0.05,10
599,1093,808,0.6084015181827609,0.5,0.5,7.485809682804675,11.055809698078683,7.523514851485149,448,2,50,0.5,0.5,0.5,genetic,inheritance,inheritance,0.05,10
583,1078,839,0.6083492715522156,0.5,0.5,7.413379073756432,10.87569573283859,7.550655542312277,449,2,50,0.5,0.5,0.5,genetic,inheritance,inheritance,0.05,10
572,1065,863,0.6076908378247012,0.5,0.5,7.263986013986014,10.88450704225352,7.59675550405562,450,2,50,0.5,0.5,0.5,genetic,inheritance,inheritance,0.05,10
566,1034,900,0.6085444639998171,0.5,0.5,7.330388692579505,10.945841392649903,7.625555555555556,451,2,50,0.5,0.5,0.5,genetic,inheritance,inheritance,0.05,10
575,1001,924,0.6093621151986524,0.5,0.5,7.006956521739131,11.03096903096903,7.566017316017316,452,2,50,0.5,0.5,0.5,genetic,inheritance,inheritance,0.05,10
574,972,954,0.6084183381155738,0.5,0.5,6.986062717770035,11.024691358024691,7.579664570230608,453,2,50,0.5,0.5,0.5,genetic,inheritance,inheritance,0.05,10
572,967,961,0.6077132986784686,0.5,0.5,6.984265734265734,10.985522233712514,7.873048907388138,454,2,50,0.5,0.5,0.5,genetic,inheritance,inheritance,0.05,10
590,917,993,0.6072092300199148,0.5,0.5,6.944067796610169,11.269356597600872,7.952668680765358,455,2,50,0.5,0.5,0.5,genetic,inheritance,inheritance,0.05,10
623,888,989,0.6057518804548819,0.5,0.5,6.886035313001605,11.531531531531531,8.1840242669363,456,2,50,0.5,0.5,0.5,genetic,inheritance,inheritance,0.05,10
638,870,992,0.6049781879825925,0.5,0.5,7.025078369905956,11.688505747126436,8.398185483870968,457,2,50,0.5,0.5,0.5,genetic,inheritance,inheritance,0.05,10
659,846,995,0.605921591207525,0.5,0.5,7.051593323216996,11.621749408983451,8.579899497487437,458,2,50,0.5,0.5,0.5,genetic,inheritance,inheritance,0.05,10
695,818,987,0.6062817150281157,0.5,0.5,6.909352517985612,11.663814180929096,8.85612968591692,459,2,50,0.5,0.5,0.5,genetic,inheritance,inheritance,0.05,10
748,791,961,0.6046742375421534,0.5,0.5,6.820855614973262,11.81795195954488,9.068678459937566,460,2,50,0.5,0.5,0.5,genetic,inheritance,inheritance,0.05,10
778,781,941,0.6038001503885013,0.5,0.5,6.883033419023136,11.562099871959028,9.2826780021254,461,2,50,0.5,0.5,0.5,genetic,inheritance,inheritance,0.05,10
817,790,893,0.6015604550411431,0.5,0.5,6.7013463892288865,11.345569620253164,9.478163493840986,462,2,50,0.5,0.5,0.5,genetic,inheritance,inheritance,0.05,10
868,777,855,0.6007892492915325,0.5,0.5,6.715437788018433,11.208494208494209,9.430409356725146,463,2,50,0.5,0.5,0.5,genetic,inheritance,inheritance,0.05,10
887,777,836,0.6012927277567292,0.5,0.5,7.093573844419391,11.136422136422137,9.711722488038278,464,2,50,0.5,0.5,0.5,genetic,inheritance,inheritance,0.05,10
923,766,811,0.600809937673499,0.5,0.5,7.105092091007584,10.8733681462141,9.548705302096177,465,2,50,0.5,0.5,0.5,genetic,inheritance,inheritance,0.05,10
936,767,797,0.600386362850553,0.5,0.5,7.338675213675214,10.577574967405475,9.476787954830614,466,2,50,0.5,0.5,0.5,genetic,inheritance,inheritance,0.05,10
949,774,777,0.600777126616842,0.5,0.5,7.457323498419389,10.160206718346254,9.35907335907336,467,2,50,0.5,0.5,0.5,genetic,inheritance,inheritance,0.05,10
966,786,748,0.600750285156394,0.5,0.5,7.5062111801242235,9.776081424936386,9.132352941176471,468,2,50,0.5,0.5,0.5,genetic,inheritance,inheritance,0.05,10
986,790,724,0.6006807131818139,0.5,0.5,7.594320486815416,9.50886075949367,9.0,469,2,50,0.5,0.5,0.5,genetic,inheritance,inheritance,0.05,10
1019,799,682,0.6008394650916884,0.5,0.5,7.647693817468106,9.387984981226532,8.870967741935484,470,2,50,0.5,0.5,0.5,genetic,inheritance,inheritance,0.05,10
1029,807,664,0.6024864323954114,0.5,0.5,7.870748299319728,9.178438661710038,8.647590361445783,471,2,50,0.5,0.5,0.5,genetic,inheritance,inheritance,0.05,10
1073,812,615,0.6046415514496377,0.5,0.5,8.056849953401677,9.24384236453202,8.216260162601627,472,2,50,0.5,0.5,0.5,genetic,inheritance,inheritance,0.05,10
1071,819,610,0.6083039115342453,0.5,0.5,8.479925303454715,8.910866910866911,8.034426229508197,473,2,50,0.5,0.5,0.5,genetic,inheritance,inheritance,0.05,10
1073,835,592,0.6095190656523971,0.5,0.5,8.768872320596458,8.894610778443115,7.826013513513513,474,2,50,0.5,0.5,0.5,genetic,inheritance,inheritance,0.05,10
1061,862,577,0.6111998712680189,0.5,0.5,8.918001885014137,8.861948955916473,7.776429809358752,475,2,50,0.5,0.5,0.5,genetic,inheritance,inheritance,0.05,10
1050,885,565,0.6141705493324428,0.5,0.5,9.151428571428571,8.815819209039548,7.679646017699115,476,2,50,0.5,0.5,0.5,genetic,inheritance,inheritance,0.05,10
1041,907,552,0.6157508742745026,0.5,0.5,9.437079731027858,8.823594266813672,7.253623188405797,477,2,50,0.5,0.5,0.5,genetic,inheritance,inheritance,0.05,10
1022,950,528,0.6169492374366871,0.5,0.5,9.563600782778865,8.902105263157894,7.346590909090909,478,2,50,0.5,0.5,0.5,genetic,inheritance,inheritance,0.05,10
980,998,522,0.6184589701406145,0.5,0.5,9.768367346938776,8.768537074148297,7.262452107279693,479,2,50,0.5,0.5,0.5,genetic,inheritance,inheritance,0.05,10
943,1030,527,0.6186926143643198,0.5,0.5,9.955461293743372,8.79514563106796,7.138519924098672,480,2,50,0.5,0.5,0.5,genetic,inheritance,inheritance,0.05,10
898,1070,532,0.6204354093633966,0.5,0.5,10.129175946547884,8.810280373831775,7.2593984962406015,481,2,50,0.5,0.5,0.5,genetic,inheritance,inheritance,0.05,10
869,1094,537,0.6225116656857984,0.5,0.5,10.418872266973533,8.907678244972578,7.337057728119181,482,2,50,0.5,0.5,0.5,genetic,inheritance,inheritance,0.05,10
849,1106,545,0.6225511355593862,0.5,0.5,10.57243816254417,9.044303797468354,7.271559633027523,483,2,50,0.5,0.5,0.5,genetic,inheritance,inheritance,0.05,10
813,1118,569,0.6207355303433668,0.5,0.5,10.510455104551045,9.065295169946333,6.968365553602812,484,2,50,0.5,0.5,0.5,genetic,inheritance,inheritance,0.05,10
789,1136,575,0.6210925705104935,0.5,0.5,10.641318124207858,9.290492957746478,7.022608695652174,485,2,50,0.5,0.5,0.5,genetic,inheritance,inheritance,0.05,10
753,1161,586,0.6215177902774872,0.5,0.5,10.588313413014609,9.380706287683031,7.081911262798635,486,2,50,0.5,0.5,0.5,genetic,inheritance,inheritance,0.05,10
707,1178,615,0.6195951270109746,0.5,0.5,10.54031117397454,9.441426146010187,7.03089430894309,487,2,50,0.5,0.5,0.5,genetic,inheritance,inheritance,0.05,10
675,1188,637,0.6189898848707043,0.5,0.5,10.691851851851851,9.616161616161616,7.087912087912088,488,2,50,0.5,0.5,0.5,genetic,inheritance,inheritance,0.05,10
651,1195,654,0.618103424170848,0.5,0.5,10.53763440860215,9.881171548117155,7.09480122324159,489,2,50,0.5,0.5,0.5,genetic,inheritance,inheritance,0.05,10
633,1190,677,0.6182798393544334,0.5,0.5,10.145339652448657,10.072268907563025,7.0635155096011815,490,2,50,0.5,0.5,0.5,genetic,inheritance,inheritance,0.05,10
612,1192,696,0.6163487967470656,0.5,0.5,9.980392156862745,10.207214765100671,7.234195402298851,491,2,50,0.5,0.5,0.5,genetic,inheritance,inheritance,0.05,10
599,1196,705,0.614833673823115,0.5,0.5,9.565943238731219,10.249163879598662,7.273758865248227,492,2,50,0.5,0.5,0.5,genetic,inheritance,inheritance,0.05,10
594,1190,716,0.6174815478158144,0.5,0.5,8.782828282828282,10.396638655462185,7.064245810055866,493,2,50,0.5,0.5,0.5,genetic,inheritance,inheritance,0.05,10
600,1150,750,0.6167388302358885,0.5,0.5,8.83,10.68608695652174,7.06,494,2,50,0.5,0.5,0.5,genetic,inheritance,inheritance,0.05,10
620,1123,757,0.6158284985490392,0.5,0.5,8.293548387096774,10.940338379341052,6.976221928665786,495,2,50,0.5,0.5,0.5,genetic,inheritance,inheritance,0.05,10
638,1087,775,0.6144518635741334,0.5,0.5,8.023510971786834,11.268629254829806,6.950967741935484,496,2,50,0.5,0.5,0.5,genetic,inheritance,inheritance,0.05,10
643,1052,805,0.6144758542295723,0.5,0.5,7.976671850699844,11.523764258555133,6.990062111801242,497,2,50,0.5,0.5,0.5,genetic,inheritance,inheritance,0.05,10
648,1026,826,0.6173143999074011,0.5,0.5,8.007716049382717,11.698830409356725,7.087167070217918,498,2,50,0.5,0.5,0.5,genetic,inheritance,inheritance,0.05,10
652,1007,841,0.6167758812255469,0.5,0.5,7.664110429447852,11.68421052631579,7.149821640903686,499,2,50,0.5,0.5,0.5,genetic,inheritance,inheritance,0.05,10
845,834,821,0.5,0.5,0.5,0.0,0.0,0.0,0,3,50,0.5,0.5,0.5,genetic,inheritance,inheritance,0.05,10
840,845,815,0.49931766104534053,0.5,0.5,1.0,1.0,1.0,1,3,50,0.5,0.5,0.5,genetic,inheritance,inheritance,0.05,10
845,836,819,0.4981445914968985,0.5,0.5,1.850887573964497,1.8648325358851674,1.8510378510378511,2,3,50,0.5,0.5,0.5,genetic,inheritance,inheritance,0.05,10
834,812,854,0.49883898750066646,0.5,0.5,2.628297362110312,2.6083743842364533,2.557377049180328,3,3,50,0.5,0.5,0.5,genetic,inheritance,inheritance,0.05,10
835,794,871,0.49956614572243596,0.5,0.5,3.2479041916167666,3.2367758186397984,3.1630309988518945,4,3,50,0.5,0.5,0.5,genetic,inheritance,inheritance,0.05,10
849,798,853,0.4992940408189529,0.5,0.5,3.756183745583039,3.7869674185463658,3.753810082063306,5,3,50,0.5,0.5,0.5,genetic,inheritance,inheritance,0.05,10
860,819,821,0.4993001396533136,0.5,0.5,4.161627906976745,4.249084249084249,4.328867235079172,6,3,50,0.5,0.5,0.5,genetic,inheritance,inheritance,0.05,10
879,817,804,0.5013579883991555,0.5,0.5,4.599544937428896,4.708690330477356,4.77363184079602,7,3,50,0.5,0.5,0.5,genetic,inheritance,inheritance,0.05,10
881,825,794,0.5018722105474274,0.5,0.5,5.0,5.1030303030303035,5.164987405541562,8,3,50,0.5,0.5,0.5,genetic,inheritance,inheritance,0.05,10
889,853,758,0.5027089234491362,0.5,0.5,5.356580427446569,5.411488862837046,5.602902374670185,9,3,50,0.5,0.5,0.5,genetic,inheritance,inheritance,0.05,10
891,847,762,0.5026848213171584,0.5,0.5,5.68013468013468,5.769775678866588,5.748031496062992,10,3,50,0.5,0.5,0.5,genetic,inheritance,inheritance,0.05,10
855,864,781,0.5033526698925624,0.5,0.5,6.098245614035088,5.924768518518518,6.010243277848912,11,3,50,0.5,0.5,0.5,genetic,inheritance,inheritance,0.05,10
883,839,778,0.5035763413596859,0.5,0.5,6.288788221970555,6.238379022646007,6.213367609254499,12,3,50,0.5,0.5,0.5,genetic,inheritance,inheritance,0.05,10
864,840,796,0.5020195875934813,0.5,0.5,6.550925925925926,6.225,6.255025125628141,13,3,50,0.5,0.5,0.5,genetic,inheritance,inheritance,0.05,10
863,840,797,0.5016560756359759,0.5,0.5,6.867902665121669,6.427380952380952,6.48306148055207,14,3,50,0.5,0.5,0.5,genetic,inheritance,inheritance,0.05,10
858,853,789,0.5015169502182398,0.5,0.5,7.17016317016317,6.7010550996483005,6.662864385297845,15,3,50,0.5,0.5,0.5,genetic,inheritance,inheritance,0.05,10
852,895,753,0.5009453317366489,0.5,0.5,7.23943661971831,6.805586592178771,6.9256308100929616,16,3,50,0.5,0.5,0.5,genetic,inheritance,inheritance,0.05,10
833,896,771,0.49972009089594605,0.5,0.5,7.450180072028812,6.918526785714286,6.933852140077821,17,3,50,0.5,0.5,0.5,genetic,inheritance,inheritance,0.05,10
840,909,751,0.49972407862460627,0.5,0.5,7.545238095238095,7.101210121012101,7.086551264980026,18,3,50,0.5,0.5,0.5,genetic,inheritance,inheritance,0.05,10
839,909,752,0.4990077392548178,0.5,0.5,7.754469606674613,7.371837183718372,7.2686170212765955,19,3,50,0.5,0.5,0.5,genetic,inheritance,inheritance,0.05,10
823,903,774,0.49847492367783064,0.5,0.5,8.014580801944106,7.63344407530454,7.25968992248062,20,3,50,0.5,0.5,0.5,genetic,inheritance,inheritance,0.05,10
798,929,773,0.497297961306222,0.5,0.5,7.956140350877193,7.640473627556513,7.573091849935317,21,3,50,0.5,0.5,0.5,genetic,inheritance,inheritance,0.05,10
774,939,787,0.49656310118641406,0.5,0.5,8.055555555555555,7.790202342917998,7.744599745870394,22,3,50,0.5,0.5,0.5,genetic,inheritance,inheritance,0.05,10
761,956,783,0.49570284612185317,0.5,0.5,8.051248357424441,7.844142259414226,7.757343550446999,23,3,50,0.5,0.5,0.5,genetic,inheritance,inheritance,0.05,10
732,965,803,0.4959841968340913,0.5,0.5,7.942622950819672,7.8549222797927465,7.6313823163138235,24,3,50,0.5,0.5,0.5,genetic,inheritance,inheritance,0.05,10
744,941,815,0.4958953706000743,0.5,0.5,7.903225806451613,8.188097768331563,7.4822085889570555,25,3,50,0.5,0.5,0.5,genetic,inheritance,inheritance,0.05,10
750,924,826,0.49486301392093396,0.5,0.5,7.78,8.418831168831169,7.531476997578692,26,3,50,0.5,0.5,0.5,genetic,inheritance,inheritance,0.05,10
749,923,828,0.4931758185374017,0.5,0.5,7.6208277703604805,8.637053087757312,7.654589371980676,27,3,50,0.5,0.5,0.5,genetic,inheritance,inheritance,0.05,10
756,913,831,0.4941946082536568,0.5,0.5,7.531746031746032,8.695509309967141,7.714801444043322,28,3,50,0.5,0.5,0.5,genetic,inheritance,inheritance,0.05,10
760,894,846,0.4917449734814321,0.5,0.5,7.760526315789473,8.940715883668904,7.790780141843972,29,3,50,0.5,0.5,0.5,genetic,inheritance,inheritance,0.05,10
752,886,862,0.49228015327572044,0.5,0.5,7.7061170212765955,8.954853273137697,7.977958236658933,30,3,50,0.5,0.5,0.5,genetic,inheritance,inheritance,0.05,10
740,863,897,0.4924113641139292,0.5,0.5,8.05,9.085747392815758,8.084726867335563,31,3,50,0.5,0.5,0.5,genetic,inheritance,inheritance,0.05,10
729,844,927,0.49088538879973603,0.5,0.5,8.060356652949245,8.953791469194313,8.149946062567421,32,3,50,0.5,0.5,0.5,genetic,inheritance,inheritance,0.05,10
732,813,955,0.49073763935824233,0.5,0.5,8.200819672131148,9.166051660516604,8.075392670157068,33,3,50,0.5,0.5,0.5,genetic,inheritance,inheritance,0.05,10
737,792,971,0.4904368711965688,0.5,0.5,8.226594301221168,9.279040404040405,8.33470648815654,34,3,50,0.5,0.5,0.5,genetic,inheritance,inheritance,0.05,10
736,792,972,0.4896156221957481,0.5,0.5,8.233695652173912,9.133838383838384,8.617283950617283,35,3,50,0.5,0.5,0.5,genetic,inheritance,inheritance,0.05,10
744,784,972,0.4880853500071185,0.5,0.5,8.219086021505376,9.033163265306122,8.70679012345679,36,3,50,0.5,0.5,0.5,genetic,inheritance,inheritance,0.05,10
741,780,979,0.48735186359175725,0.5,0.5,8.317139001349528,9.085897435897436,8.932584269662922,37,3,50,0.5,0.5,0.5,genetic,inheritance,inheritance,0.05,10
735,761,1004,0.4894632652331054,0.5,0.5,8.277551020408163,8.918528252299605,8.999003984063744,38,3,50,0.5,0.5,0.5,genetic,inheritance,inheritance,0.05,10
756,755,989,0.488614825798994,0.5,0.5,8.05026455026455,8.966887417218542,9.224469160768454,39,3,50,0.5,0.5,0.5,genetic,inheritance,inheritance,0.05,10
798,750,952,0.48984580764350827,0.5,0.5,7.904761904761905,9.04,9.409663865546218,40,3,50,0.5,0.5,0.5,genetic,inheritance,inheritance,0.05,10
819,750,931,0.4895916612837521,0.5,0.5,7.714285714285714,8.802666666666667,9.55531686358754,41,3,50,0.5,0.5,0.5,genetic,inheritance,inheritance,0.05,10
853,744,903,0.49091506309161176,0.5,0.5,7.587338804220399,8.935483870967742,9.50609080841639,42,3,50,0.5,0.5,0.5,genetic,inheritance,inheritance,0.05,10
871,738,891,0.49231821313991003,0.5,0.5,7.522388059701493,8.949864498644986,9.473625140291807,43,3,50,0.5,0.5,0.5,genetic,inheritance,inheritance,0.05,10
905,728,867,0.49267270085197684,0.5,0.5,7.604419889502762,9.309065934065934,9.500576701268743,44,3,50,0.5,0.5,0.5,genetic,inheritance,inheritance,0.05,10
908,727,865,0.49278348921660053,0.5,0.5,7.808370044052864,9.425034387895462,9.447398843930635,45,3,50,0.5,0.5,0.5,genetic,inheritance,inheritance,0.05,10
942,699,859,0.49199925222329405,0.5,0.5,7.888535031847134,9.493562231759658,9.357392316647264,46,3,50,0.5,0.5,0.5,genetic,inheritance,inheritance,0.05,10
977,688,835,0.4919778676232728,0.5,0.5,8.07164790174002,9.61482558139535,9.269461077844312,47,3,50,0.5,0.5,0.5,genetic,inheritance,inheritance,0.05,10
1008,689,803,0.49249012713192625,0.5,0.5,8.267857142857142,9.701015965166908,9.308841843088418,48,3,50,0.5,0.5,0.5,genetic,inheritance,inheritance,0.05,10
1028,683,789,0.4934143567564692,0.5,0.5,8.51556420233463,9.48462664714495,9.238276299112801,49,3,50,0.5,0.5,0.5,genetic,inheritance,inheritance,0.05,10
1056,651,793,0.4939999480531837,0.5,0.5,8.695075757575758,9.158218125960062,8.793190416141236,50,3,50,0.5,0.5,0.5,genetic,inheritance,inheritance,0.05,10
1077,648,775,0.4947011914204985,0.5,0.5,8.818941504178273,8.87037037037037,8.637419354838709,51,3,50,0.5,0.5,0.5,genetic,inheritance,inheritance,0.05,10
1078,643,779,0.4962976106807828,0.5,0.5,9.061224489795919,8.433903576982893,8.372272143774069,52,3,50,0.5,0.5,0.5,genetic,inheritance,inheritance,0.05,10
1082,650,768,0.49660783707327555,0.5,0.5,9.319778188539741,8.415384615384616,8.477864583333334,53,3,50,0.5,0.5,0.5,genetic,inheritance,inheritance,0.05,10
1064,640,796,0.4972894890118587,0.5,0.5,9.683270676691729,8.1765625,8.231155778894472,54,3,50,0.5,0.5,0.5,genetic,inheritance,inheritance,0.05,10
1034,654,812,0.4985843734682728,0.5,0.5,9.957446808510639,7.663608562691132,8.27832512315271,55,3,50,0.5,0.5,0.5,genetic,inheritance,inheritance,0.05,10
1015,657,828,0.4983832583418716,0.5,0.5,10.299507389162562,7.286149162861491,8.452898550724637,56,3,50,0.5,0.5,0.5,genetic,inheritance,inheritance,0.05,10
1016,670,814,0.500840746246488,0.5,0.5,10.431102362204724,7.186567164179104,8.785012285012286,57,3,50,0.5,0.5,0.5,genetic,inheritance,inheritance,0.05,10
990,703,807,0.5007050801331829,0.5,0.5,10.562626262626262,7.048364153627311,8.841387856257745,58,3,50,0.5,0.5,0.5,genetic,inheritance,inheritance,0.05,10
981,721,798,0.5016847146709974,0.5,0.5,10.669724770642201,7.0596393897364775,8.951127819548873,59,3,50,0.5,0.5,0.5,genetic,inheritance,inheritance,0.05,10
943,772,785,0.5016228058299855,0.5,0.5,10.74337221633086,6.965025906735751,9.389808917197453,60,3,50,0.5,0.5,0.5,genetic,inheritance,inheritance,0.05,10
916,791,793,0.5020409635492808,0.5,0.5,10.962882096069869,7.002528445006321,9.576292559899118,61,3,50,0.5,0.5,0.5,genetic,inheritance,inheritance,0.05,10
883,840,777,0.5030082978988872,0.5,0.5,11.02718006795017,7.053571428571429,9.952380952380953,62,3,50,0.5,0.5,0.5,genetic,inheritance,inheritance,0.05,10
855,877,768,0.5040393787417927,0.5,0.5,10.988304093567251,7.185860889395667,10.140625,63,3,50,0.5,0.5,0.5,genetic,inheritance,inheritance,0.05,10
827,902,771,0.5033784499855657,0.5,0.5,11.042321644498186,7.386917960088692,10.271076523994813,64,3,50,0.5,0.5,0.5,genetic,inheritance,inheritance,0.05,10
823,908,769,0.5038661288864281,0.5,0.5,10.780072904009721,7.548458149779735,10.11443433029909,65,3,50,0.5,0.5,0.5,genetic,inheritance,inheritance,0.05,10
824,924,752,0.5034506143026675,0.5,0.5,10.343446601941748,7.6352813852813854,9.998670212765957,66,3,50,0.5,0.5,0.5,genetic,inheritance,inheritance,0.05,10
835,927,738,0.5023718892609724,0.5,0.5,10.165269461077845,7.922330097087379,9.998644986449865,67,3,50,0.5,0.5,0.5,genetic,inheritance,inheritance,0.05,10
832,936,732,0.5026986361648891,0.5,0.5,10.001201923076923,8.145299145299145,9.827868852459016,68,3,50,0.5,0.5,0.5,genetic,inheritance,inheritance,0.05,10
818,948,734,0.5032403274704538,0.5,0.5,9.995110024449877,8.337552742616033,9.784741144414168,69,3,50,0.5,0.5,0.5,genetic,inheritance,inheritance,0.05,10
811,958,731,0.5026323541411457,0.5,0.5,9.864364981504316,8.494780793319416,9.655266757865936,70,3,50,0.5,0.5,0.5,genetic,inheritance,inheritance,0.05,10
826,943,731,0.5009023806367469,0.5,0.5,9.443099273607748,8.629904559915165,9.254445964432284,71,3,50,0.5,0.5,0.5,genetic,inheritance,inheritance,0.05,10
820,940,740,0.4988304899829083,0.5,0.5,9.408536585365853,8.820212765957447,9.052702702702703,72,3,50,0.5,0.5,0.5,genetic,inheritance,inheritance,0.05,10
823,922,755,0.49825388637267387,0.5,0.5,9.342648845686513,9.008676789587852,8.8,73,3,50,0.5,0.5,0.5,genetic,inheritance,inheritance,0.05,10
818,914,768,0.4985729959552135,0.5,0.5,9.15403422982885,9.00984682713348,8.524739583333334,74,3,50,0.5,0.5,0.5,genetic,inheritance,inheritance,0.05,10
822,904,774,0.5001478707317841,0.5,0.5,8.97323600973236,9.030973451327434,8.25452196382429,75,3,50,0.5,0.5,0.5,genetic,inheritance,inheritance,0.05,10
804,901,795,0.4999525169827933,0.5,0.5,9.019900497512438,9.018867924528301,8.259119496855346,76,3,50,0.5,0.5,0.5,genetic,inheritance,inheritance,0.05,10
807,902,791,0.49891359535675633,0.5,0.5,8.741016109045848,8.922394678492239,8.072060682680151,77,3,50,0.5,0.5,0.5,genetic,inheritance,inheritance,0.05,10
797,907,796,0.4979307032926909,0.5,0.5,8.742785445420326,8.882028665931642,7.92713567839196,78,3,50,0.5,0.5,0.5,genetic,inheritance,inheritance,0.05,10
801,917,782,0.49805102085121933,0.5,0.5,8.564294631710363,8.923664122137405,8.069053708439897,79,3,50,0.5,0.5,0.5,genetic,inheritance,inheritance,0.05,10
800,917,783,0.4980279284821351,0.5,0.5,8.4025,8.851690294438386,8.031928480204343,80,3,50,0.5,0.5,0.5,genetic,inheritance,inheritance,0.05,10
785,924,791,0.4997065008096555,0.5,0.5,8.486624203821655,8.780303030303031,8.197218710493047,81,3,50,0.5,0.5,0.5,genetic,inheritance,inheritance,0.05,10
780,945,775,0.5016848931316776,0.5,0.5,8.4,8.66984126984127,8.201290322580645,82,3,50,0.5,0.5,0.5,genetic,inheritance,inheritance,0.05,10
780,949,771,0.5006067138618866,0.5,0.5,8.328205128205129,8.677555321390939,8.230869001297016,83,3,50,0.5,0.5,0.5,genetic,inheritance,inheritance,0.05,10
777,976,747,0.5013390389380983,0.5,0.5,8.154440154440154,8.702868852459016,8.46318607764391,84,3,50,0.5,0.5,0.5,genetic,inheritance,inheritance,0.05,10
776,964,760,0.5018095855087307,0.5,0.5,8.095360824742269,8.950207468879668,8.203947368421053,85,3,50,0.5,0.5,0.5,genetic,inheritance,inheritance,0.05,10
776,967,757,0.5013697214086358,0.5,0.5,8.197164948453608,9.147880041365047,8.21003963011889,86,3,50,0.5,0.5,0.5,genetic,inheritance,inheritance,0.05,10
764,966,770,0.501304404046451,0.5,0.5,8.37303664921466,9.13768115942029,8.08051948051948,87,3,50,0.5,0.5,0.5,genetic,inheritance,inheritance,0.05,10
768,962,770,0.5005136190909726,0.5,0.5,8.401041666666666,9.294178794178794,8.084415584415584,88,3,50,0.5,0.5,0.5,genetic,inheritance,inheritance,0.05,10
772,940,788,0.5004015693732786,0.5,0.5,8.433937823834198,9.497872340425532,8.019035532994923,89,3,50,0.5,0.5,0.5,genetic,inheritance,inheritance,0.05,10
771,934,795,0.5012745143861776,0.5,0.5,8.42023346303502,9.555674518201284,8.09433962264151,90,3,50,0.5,0.5,0.5,genetic,inheritance,inheritance,0.05,10
778,930,792,0.5018645418601234,0.5,0.5,8.284061696658098,9.618279569892474,8.025252525252526,91,3,50,0.5,0.5,0.5,genetic,inheritance,inheritance,0.05,10
776,940,784,0.5037244331088092,0.5,0.5,8.257731958762887,9.772340425531915,8.142857142857142,92,3,50,0.5,0.5,0.5,genetic,inheritance,inheritance,0.05,10
792,939,769,0.505077248586005,0.5,0.5,8.378787878787879,9.965921192758254,8.22886866059818,93,3,50,0.5,0.5,0.5,genetic,inheritance,inheritance,0.05,10
783,923,794,0.5028411781411497,0.5,0.5,8.528735632183908,10.059588299024918,8.115869017632242,94,3,50,0.5,0.5,0.5,genetic,inheritance,inheritance,0.05,10
788,900,812,0.5028740544813093,0.5,0.5,8.496192893401016,10.007777777777777,8.013546798029557,95,3,50,0.5,0.5,0.5,genetic,inheritance,inheritance,0.05,10
788,860,852,0.5046501601179232,0.5,0.5,8.717005076142131,9.847674418604651,7.886150234741784,96,3,50,0.5,0.5,0.5,genetic,inheritance,inheritance,0.05,10
781,860,859,0.5052802148525234,0.5,0.5,8.887323943661972,9.886046511627907,8.09196740395809,97,3,50,0.5,0.5,0.5,genetic,inheritance,inheritance,0.05,10
803,822,875,0.5042489082576279,0.5,0.5,8.915317559153175,9.888077858880779,7.859428571428571,98,3,50,0.5,0.5,0.5,genetic,inheritance,inheritance,0.05,10
805,819,876,0.5040332262800663,0.5,0.5,9.0,9.83882783882784,7.993150684931507,99,3,50,0.5,0.5,0.5,genetic,inheritance,inheritance,0.05,10
816,789,895,0.5047469170881425,0.5,0.5,9.261029411764707,9.76932826362484,7.969832402234637,100,3,50,0.5,0.5,0.5,genetic,inheritance,inheritance,0.05,10
843,749,908,0.5059477279434097,0.5,0.5,9.193357058125741,9.890520694259012,8.016519823788546,101,3,50,0.5,0.5,0.5,genetic,inheritance,inheritance,0.05,10
867,723,910,0.5064598078075011,0.5,0.5,9.397923875432525,10.15491009681881,8.053846153846154,102,3,50,0.5,0.5,0.5,genetic,inheritance,inheritance,0.05,10
908,705,887,0.5053284732961076,0.5,0.5,9.44603524229075,10.350354609929077,8.236753100338218,103,3,50,0.5,0.5,0.5,genetic,inheritance,inheritance,0.05,10
931,675,894,0.5058945244981811,0.5,0.5,9.618689581095596,10.334814814814814,8.239373601789708,104,3,50,0.5,0.5,0.5,genetic,inheritance,inheritance,0.05,10
935,661,904,0.5066206763224935,0.5,0.5,9.742245989304813,9.866868381240545,8.358407079646017,105,3,50,0.5,0.5,0.5,genetic,inheritance,inheritance,0.05,10
956,648,896,0.5089466492316953,0.5,0.5,9.841004184100418,9.560185185185185,8.387276785714286,106,3,50,0.5,0.5,0.5,genetic,inheritance,inheritance,0.05,10
987,631,882,0.5098630687468566,0.5,0.5,9.909827760891591,9.263074484944532,8.62358276643991,107,3,50,0.5,0.5,0.5,genetic,inheritance,inheritance,0.05,10
975,655,870,0.5083360385854142,0.5,0.5,9.983589743589743,8.659541984732824,8.839080459770114,108,3,50,0.5,0.5,0.5,genetic,inheritance,inheritance,0.05,10
985,648,867,0.5080405829437444,0.5,0.5,10.196954314720813,8.714506172839506,8.975778546712803,109,3,50,0.5,0.5,0.5,genetic,inheritance,inheritance,0.05,10
987,654,859,0.5078160534107446,0.5,0.5,10.220871327254306,8.5565749235474,9.254947613504074,110,3,50,0.5,0.5,0.5,genetic,inheritance,inheritance,0.05,10
993,676,831,0.5071477612700768,0.5,0.5,10.13595166163142,8.465976331360947,9.561973525872443,111,3,50,0.5,0.5,0.5,genetic,inheritance,inheritance,0.05,10
1005,705,790,0.5073045805442251,0.5,0.5,10.087562189054726,8.45531914893617,9.924050632911392,112,3,50,0.5,0.5,0.5,genetic,inheritance,inheritance,0.05,10
1011,717,772,0.5062799855490501,0.5,0.5,10.240356083086054,8.506276150627615,10.053108808290155,113,3,50,0.5,0.5,0.5,genetic,inheritance,inheritance,0.05,10
1004,733,763,0.5061069901568833,0.5,0.5,10.312749003984063,8.480218281036835,9.963302752293577,114,3,50,0.5,0.5,0.5,genetic,inheritance,inheritance,0.05,10
1006,771,723,0.5067064999462827,0.5,0.5,10.266401590457257,8.530479896238651,10.2268326417704,115,3,50,0.5,0.5,0.5,genetic,inheritance,inheritance,0.05,10
1025,767,708,0.5059943467745948,0.5,0.5,10.419512195121952,8.685788787483702,10.225988700564972,116,3,50,0.5,0.5,0.5,genetic,inheritance,inheritance,0.05,10
1031,784,685,0.5055644272501173,0.5,0.5,10.440349175557712,8.755102040816327,9.973722627737226,117,3,50,0.5,0.5,0.5,genetic,inheritance,inheritance,0.05,10
1024,807,669,0.504909430322804,0.5,0.5,10.3447265625,8.609665427509293,9.61883408071749,118,3,50,0.5,0.5,0.5,genetic,inheritance,inheritance,0.05,10
1015,830,655,0.5050006661705588,0.5,0.5,10.285714285714286,8.46144578313253,9.487022900763359,119,3,50,0.5,0.5,0.5,genetic,inheritance,inheritance,0.05,10
1028,857,615,0.505389864271612,0.5,0.5,9.988326848249027,8.406067677946325,9.208130081300814,120,3,50,0.5,0.5,0.5,genetic,inheritance,inheritance,0.05,10
1018,885,597,0.5062680967140558,0.5,0.5,9.982318271119842,8.528813559322034,9.0,121,3,50,0.5,0.5,0.5,genetic,inheritance,inheritance,0.05,10
1012,905,583,0.5064228380233321,0.5,0.5,9.970355731225297,8.447513812154696,8.668953687821613,122,3,50,0.5,0.5,0.5,genetic,inheritance,inheritance,0.05,10
952,965,583,0.5060568777652136,0.5,0.5,9.841386554621849,8.189637305699481,8.415094339622641,123,3,50,0.5,0.5,0.5,genetic,inheritance,inheritance,0.05,10
925,1001,574,0.5051565807906822,0.5,0.5,9.740540540540541,8.131868131868131,7.874564459930314,124,3,50,0.5,0.5,0.5,genetic,inheritance,inheritance,0.05,10
895,1034,571,0.504024118032415,0.5,0.5,9.630167597765363,8.142166344294004,7.7373029772329245,125,3,50,0.5,0.5,0.5,genetic,inheritance,inheritance,0.05,10
850,1048,602,0.5029366354777846,0.5,0.5,9.74705882352941,8.375,7.327242524916944,126,3,50,0.5,0.5,0.5,genetic,inheritance,inheritance,0.05,10
840,1043,617,0.5020920146250444,0.5,0.5,9.933333333333334,8.805369127516778,7.359805510534846,127,3,50,0.5,0.5,0.5,genetic,inheritance,inheritance,0.05,10
815,1042,643,0.503086029385204,0.5,0.5,10.033128834355828,8.838771593090211,7.211508553654744,128,3,50,0.5,0.5,0.5,genetic,inheritance,inheritance,0.05,10
774,1056,670,0.5021175975153581,0.5,0.5,9.984496124031008,9.058712121212121,7.029850746268656,129,3,50,0.5,0.5,0.5,genetic,inheritance,inheritance,0.05,10
746,1057,697,0.5018485125339324,0.5,0.5,9.983914209115282,9.209082308420056,6.934002869440459,130,3,50,0.5,0.5,0.5,genetic,inheritance,inheritance,0.05,10
700,1060,740,0.501284328688079,0.5,0.5,10.108571428571429,9.30377358490566,6.941891891891892,131,3,50,0.5,0.5,0.5,genetic,inheritance,inheritance,0.05,10
668,1066,766,0.5007414981426801,0.5,0.5,9.95808383233533,9.5046904315197,7.122715404699739,132,3,50,0.5,0.5,0.5,genetic,inheritance,inheritance,0.05,10
673,1024,803,0.4983963663391953,0.5,0.5,9.570579494799405,9.650390625,6.995018679950187,133,3,50,0.5,0.5,0.5,genetic,inheritance,inheritance,0.05,10
667,1010,823,0.49920408263797944,0.5,0.5,9.431784107946028,9.73069306930693,7.078979343863913,134,3,50,0.5,0.5,0.5,genetic,inheritance,inheritance,0.05,10
661,1001,838,0.49938954038239985,0.5,0.5,9.149773071104388,9.862137862137862,7.193317422434368,135,3,50,0.5,0.5,0.5,genetic,inheritance,inheritance,0.05,10
656,999,845,0.5012494550131164,0.5,0.5,8.707317073170731,9.96896896896897,7.377514792899408,136,3,50,0.5,0.5,0.5,genetic,inheritance,inheritance,0.05,10
661,986,853,0.4998842499335317,0.5,0.5,8.37821482602118,9.980730223123732,7.357561547479484,137,3,50,0.5,0.5,0.5,genetic,inheritance,inheritance,0.05,10
656,962,882,0.5020792939586965,0.5,0.5,8.567073170731707,9.981288981288982,7.404761904761905,138,3,50,0.5,0.5,0.5,genetic,inheritance,inheritance,0.05,10
666,926,908,0.505914124224271,0.5,0.5,8.654654654654655,10.353131749460044,7.431718061674009,139,3,50,0.5,0.5,0.5,genetic,inheritance,inheritance,0.05,10
670,902,928,0.5063131767945124,0.5,0.5,8.691044776119403,10.42128603104213,7.632543103448276,140,3,50,0.5,0.5,0.5,genetic,inheritance,inheritance,0.05,10
671,881,948,0.5081053776606153,0.5,0.5,8.678092399403875,10.390465380249717,7.891350210970464,141,3,50,0.5,0.5,0.5,genetic,inheritance,inheritance,0.05,10
675,855,970,0.5092599982133448,0.5,0.5,8.767407407407408,10.501754385964912,8.127835051546391,142,3,50,0.5,0.5,0.5,genetic,inheritance,inheritance,0.05,10
689,840,971,0.5120887758710857,0.5,0.5,8.625544267053701,10.48452380952381,8.422245108135943,143,3,50,0.5,0.5,0.5,genetic,inheritance,inheritance,0.05,10
702,796,1002,0.5135938759630411,0.5,0.5,8.537037037037036,10.46356783919598,8.528942115768464,144,3,50,0.5,0.5,0.5,genetic,inheritance,inheritance,0.05,10
726,760,1014,0.5142861368397239,0.5,0.5,8.27961432506887,10.406578947368422,8.696252465483235,145,3,50,0.5,0.5,0.5,genetic,inheritance,inheritance,0.05,10
746,742,1012,0.5145530964982191,0.5,0.5,8.323056300268096,10.487870619946092,8.947628458498023,146,3,50,0.5,0.5,0.5,genetic,inheritance,inheritance,0.05,10
768,712,1020,0.5139888077869651,0.5,0.5,8.07421875,10.01685393258427,8.955882352941176,147,3,50,0.5,0.5,0.5,genetic,inheritance,inheritance,0.05,10
809,695,996,0.5153942031100407,0.5,0.5,7.941903584672435,10.176978417266188,9.164658634538153,148,3,50,0.5,0.5,0.5,genetic,inheritance,inheritance,0.05,10
833,678,989,0.5175747949686611,0.5,0.5,8.074429771908763,9.777286135693215,9.25783619817998,149,3,50,0.5,0.5,0.5,genetic,inheritance,inheritance,0.05,10
877,658,965,0.5192450020390785,0.5,0.5,8.156214367160775,9.810030395136778,9.396891191709845,150,3,50,0.5,0.5,0.5,genetic,inheritance,inheritance,0.05,10
910,643,947,0.52032404266975,0.5,0.5,8.173626373626373,9.628304821150856,9.50052798310454,151,3,50,0.5,0.5,0.5,genetic,inheritance,inheritance,0.05,10
964,632,904,0.5201661054562066,0.5,0.5,8.031120331950207,9.278481012658228,9.472345132743364,152,3,50,0.5,0.5,0.5,genetic,inheritance,inheritance,0.05,10
1003,630,867,0.5206715865628033,0.5,0.5,8.041874376869393,9.268253968253969,9.583621683967705,153,3,50,0.5,0.5,0.5,genetic,inheritance,inheritance,0.05,10
1037,641,822,0.5194715219997073,0.5,0.5,8.073288331726133,9.06396255850234,9.726277372262773,154,3,50,0.5,0.5,0.5,genetic,inheritance,inheritance,0.05,10
1061,661,778,0.5200694346902099,0.5,0.5,8.226201696512724,8.815431164901664,9.991002570694087,155,3,50,0.5,0.5,0.5,genetic,inheritance,inheritance,0.05,10
1090,680,730,0.5189218039685106,0.5,0.5,8.206422018348624,8.598529411764705,9.908219178082192,156,3,50,0.5,0.5,0.5,genetic,inheritance,inheritance,0.05,10
1116,713,671,0.5188930494576642,0.5,0.5,8.21774193548387,8.370266479663394,10.01639344262295,157,3,50,0.5,0.5,0.5,genetic,inheritance,inheritance,0.05,10
1123,748,629,0.5190387261976486,0.5,0.5,8.30186999109528,8.352941176470589,10.135135135135135,158,3,50,0.5,0.5,0.5,genetic,inheritance,inheritance,0.05,10
1113,770,617,0.5202112114966891,0.5,0.5,8.576819407008086,8.202597402597403,9.777957860615883,159,3,50,0.5,0.5,0.5,genetic,inheritance,inheritance,0.05,10
1103,798,599,0.5203142814535497,0.5,0.5,8.737080689029918,8.097744360902256,9.66110183639399,160,3,50,0.5,0.5,0.5,genetic,inheritance,inheritance,0.05,10
1102,832,566,0.5207617898171144,0.5,0.5,9.00907441016334,8.138221153846153,9.53886925795053,161,3,50,0.5,0.5,0.5,genetic,inheritance,inheritance,0.05,10
1086,865,549,0.521617414387514,0.5,0.5,9.193370165745856,8.173410404624278,9.326047358834245,162,3,50,0.5,0.5,0.5,genetic,inheritance,inheritance,0.05,10
1056,910,534,0.5227461981207226,0.5,0.5,9.276515151515152,8.034065934065934,9.01685393258427,163,3,50,0.5,0.5,0.5,genetic,inheritance,inheritance,0.05,10
1033,952,515,0.5236406530992267,0.5,0.5,9.304937076476282,8.039915966386555,8.522330097087378,164,3,50,0.5,0.5,0.5,genetic,inheritance,inheritance,0.05,10
1001,1011,488,0.5246219683700507,0.5,0.5,9.423576423576424,8.10484668644906,8.569672131147541,165,3,50,0.5,0.5,0.5,genetic,inheritance,inheritance,0.05,10
955,1053,492,0.526121095348241,0.5,0.5,9.473298429319371,8.10446343779677,8.154471544715447,166,3,50,0.5,0.5,0.5,genetic,inheritance,inheritance,0.05,10
912,1083,505,0.5260073709654517,0.5,0.5,9.81140350877193,8.284395198522622,7.794059405940594,167,3,50,0.5,0.5,0.5,genetic,inheritance,inheritance,0.05,10
884,1113,503,0.5264017211956391,0.5,0.5,9.904977375565611,8.446540880503145,7.512922465208748,168,3,50,0.5,0.5,0.5,genetic,inheritance,inheritance,0.05,10
854,1138,508,0.5260912943497295,0.5,0.5,10.040983606557377,8.666080843585238,7.078740157480315,169,3,50,0.5,0.5,0.5,genetic,inheritance,inheritance,0.05,10
822,1163,515,0.5248418006499509,0.5,0.5,10.248175182481752,8.83834909716251,6.819417475728155,170,3,50,0.5,0.5,0.5,genetic,inheritance,inheritance,0.05,10
772,1168,560,0.5229576661606418,0.5,0.5,10.459844559585493,9.012842465753424,6.5339285714285715,171,3,50,0.5,0.5,0.5,genetic,inheritance,inheritance,0.05,10
718,1167,615,0.5224043926772003,0.5,0.5,10.619777158774374,9.10197086546701,6.230894308943089,172,3,50,0.5,0.5,0.5,genetic,inheritance,inheritance,0.05,10
662,1186,652,0.5210389364310734,0.5,0.5,10.762839879154079,9.24114671163575,6.401840490797546,173,3,50,0.5,0.5,0.5,genetic,inheritance,inheritance,0.05,10
620,1173,707,0.5217012200651773,0.5,0.5,10.53225806451613,9.461210571184996,6.220650636492221,174,3,50,0.5,0.5,0.5,genetic,inheritance,inheritance,0.05,10
590,1158,752,0.5208456910254211,0.5,0.5,10.532203389830508,9.537996545768566,6.404255319148936,175,3,50,0.5,0.5,0.5,genetic,inheritance,inheritance,0.05,10
555,1148,797,0.5183881441754826,0.5,0.5,10.515315315315314,9.729965156794425,6.575909661229611,176,3,50,0.5,0.5,0.5,genetic,inheritance,inheritance,0.05,10
524,1119,857,0.5195630417367654,0.5,0.5,10.541984732824428,9.970509383378015,6.733955659276546,177,3,50,0.5,0.5,0.5,genetic,inheritance,inheritance,0.05,10
498,1072,930,0.5202350112304789,0.5,0.5,10.626506024096386,10.156716417910447,6.759139784946236,178,3,50,0.5,0.5,0.5,genetic,inheritance,inheritance,0.05,10
484,1023,993,0.5194723043667807,0.5,0.5,10.40495867768595,10.290322580645162,6.961732124874119,179,3,50,0.5,0.5,0.5,genetic,inheritance,inheritance,0.05,10
480,981,1039,0.5202929692100408,0.5,0.5,9.772916666666667,10.595310907237513,7.177093358999038,180,3,50,0.5,0.5,0.5,genetic,inheritance,inheritance,0.05,10
488,916,1096,0.5209409727316631,0.5,0.5,9.442622950819672,10.805676855895197,7.390510948905109,181,3,50,0.5,0.5,0.5,genetic,inheritance,inheritance,0.05,10
502,854,1144,0.5193068518010544,0.5,0.5,8.922310756972111,10.943793911007026,7.551573426573427,182,3,50,0.5,0.5,0.5,genetic,inheritance,inheritance,0.05,10
507,827,1166,0.5205639366444005,0.5,0.5,8.191321499013807,11.008464328899636,7.8370497427101204,183,3,50,0.5,0.5,0.5,genetic,inheritance,inheritance,0.05,10
527,766,1207,0.5182161670554817,0.5,0.5,8.05123339658444,11.134464751958225,8.032311516155758,184,3,50,0.5,0.5,0.5,genetic,inheritance,inheritance,0.05,10
537,715,1248,0.519517462256729,0.5,0.5,7.9087523277467415,11.194405594405595,8.268429487179487,185,3,50,0.5,0.5,0.5,genetic,inheritance,inheritance,0.05,10
578,659,1263,0.5193544182233288,0.5,0.5,7.655709342560554,11.447647951441578,8.578780680918449,186,3,50,0.5,0.5,0.5,genetic,inheritance,inheritance,0.05,10
617,624,1259,0.5199007630300082,0.5,0.5,7.562398703403566,11.536858974358974,8.941223193010325,187,3,50,0.5,0.5,0.5,genetic,inheritance,inheritance,0.05,10
671,564,1265,0.5214574521637932,0.5,0.5,7.363636363636363,11.354609929078014,9.24901185770751,188,3,50,0.5,0.5,0.5,genetic,inheritance,inheritance,0.05,10
702,532,1266,0.523136127962155,0.5,0.5,7.396011396011396,10.922932330827068,9.55608214849921,189,3,50,0.5,0.5,0.5,genetic,inheritance,inheritance,0.05,10
747,499,1254,0.5235592614499031,0.5,0.5,7.445783132530121,10.40681362725451,9.914673046251993,190,3,50,0.5,0.5,0.5,genetic,inheritance,inheritance,0.05,10
787,460,1253,0.5250711489552756,0.5,0.5,7.513341804320203,10.041304347826086,10.33439744612929,191,3,50,0.5,0.5,0.5,genetic,inheritance,inheritance,0.05,10
850,450,1200,0.5237401638753026,0.5,0.5,7.365882352941177,9.591111111111111,10.801666666666666,192,3,50,0.5,0.5,0.5,genetic,inheritance,inheritance,0.05,10
895,424,1181,0.5230644361536816,0.5,0.5,7.5083798882681565,9.172169811320755,11.04995766299746,193,3,50,0.5,0.5,0.5,genetic,inheritance,inheritance,0.05,10
953,410,1137,0.5238883132455732,0.5,0.5,7.63588667366212,8.53170731707317,11.43183817062445,194,3,50,0.5,0.5,0.5,genetic,inheritance,inheritance,0.05,10
1004,419,1077,0.5228792765712473,0.5,0.5,7.654382470119522,8.329355608591886,11.88857938718663,195,3,50,0.5,0.5,0.5,genetic,inheritance,inheritance,0.05,10
1070,414,1016,0.5233852765469555,0.5,0.5,7.8345794392523365,7.990338164251208,12.178149606299213,196,3,50,0.5,0.5,0.5,genetic,inheritance,inheritance,0.05,10
1108,433,959,0.52325228141555,0.5,0.5,8.055956678700362,7.815242494226328,12.615224191866528,197,3,50,0.5,0.5,0.5,genetic,inheritance,inheritance,0.05,10
1168,442,890,0.523434947237804,0.5,0.5,8.154965753424657,7.576923076923077,12.938202247191011,198,3,50,0.5,0.5,0.5,genetic,inheritance,inheritance,0.05,10
1209,474,817,0.5241084712547663,0.5,0.5,8.301075268817204,7.301687763713081,13.208078335373317,199,3,50,0.5,0.5,0.5,genetic,inheritance,inheritance,0.05,10
1225,528,747,0.5237670792634992,0.5,0.5,8.46938775510204,6.990530303030303,13.556894243641231,200,3,50,0.5,0.5,0.5,genetic,inheritance,inheritance,0.05,10
1272,566,662,0.5268327244830263,0.5,0.5,8.556603773584905,6.975265017667844,13.643504531722055,201,3,50,0.5,0.5,0.5,genetic,inheritance,inheritance,0.05,10
1290,601,609,0.527110519268094,0.5,0.5,8.870542635658914,7.049916805324459,13.288998357963875,202,3,50,0.5,0.5,0.5,genetic,inheritance,inheritance,0.05,10
1300,653,547,0.5268568138804602,0.5,0.5,9.113076923076923,7.114854517611026,13.113345521023765,203,3,50,0.5,0.5,0.5,genetic,inheritance,inheritance,0.05,10
1311,680,509,0.527327706940645,0.5,0.5,9.448512585812358,7.139705882352941,12.387033398821218,204,3,50,0.5,0.5,0.5,genetic,inheritance,inheritance,0.05,10
1288,738,474,0.5261068763902248,0.5,0.5,9.819875776397515,7.1016260162601625,12.094936708860759,205,3,50,0.5,0.5,0.5,genetic,inheritance,inheritance,0.05,10
1244,799,457,0.5261637868782647,0.5,0.5,10.2516077170418,7.168961201501878,11.894967177242888,206,3,50,0.5,0.5,0.5,genetic,inheritance,inheritance,0.05,10
1187,865,448,0.5259267858036891,0.5,0.5,10.682392586352147,7.2624277456647395,11.495535714285714,207,3,50,0.5,0.5,0.5,genetic,inheritance,inheritance,0.05,10
1127,945,428,0.5241096084384488,0.5,0.5,10.897071872227151,7.223280423280423,11.184579439252337,208,3,50,0.5,0.5,0.5,genetic,inheritance,inheritance,0.05,10
1100,988,412,0.5235211185555594,0.5,0.5,11.251818181818182,7.493927125506073,10.701456310679612,209,3,50,0.5,0.5,0.5,genetic,inheritance,inheritance,0.05,10
1074,1025,401,0.5240961090227061,0.5,0.5,11.68901303538175,7.791219512195122,10.24438902743142,210,3,50,0.5,0.5,0.5,genetic,inheritance,inheritance,0.05,10
1022,1071,407,0.5235618311242582,0.5,0.5,12.13013698630137,8.118580765639589,9.776412776412776,211,3,50,0.5,0.5,0.5,genetic,inheritance,inheritance,0.05,10
983,1119,398,0.5246378660813796,0.5,0.5,12.363173957273652,8.36550491510277,9.361809045226131,212,3,50,0.5,0.5,0.5,genetic,inheritance,inheritance,0.05,10
923,1166,411,0.526029565662066,0.5,0.5,12.641386782231853,8.643224699828474,8.86861313868613,213,3,50,0.5,0.5,0.5,genetic,inheritance,inheritance,0.05,10
897,1188,415,0.5256355894137611,0.5,0.5,12.674470457079153,8.99074074074074,8.269879518072289,214,3,50,0.5,0.5,0.5,genetic,inheritance,inheritance,0.05,10
841,1226,433,0.5253165303926902,0.5,0.5,13.160523186682521,9.173735725938009,7.8729792147806,215,3,50,0.5,0.5,0.5,genetic,inheritance,inheritance,0.05,10
803,1246,451,0.5244153165274547,0.5,0.5,13.32876712328767,9.52728731942215,7.445676274944567,216,3,50,0.5,0.5,0.5,genetic,inheritance,inheritance,0.05,10
768,1247,485,0.5243236406042491,0.5,0.5,13.720052083333334,9.890136327185244,7.0,217,3,50,0.5,0.5,0.5,genetic,inheritance,inheritance,0.05,10
734,1246,520,0.5229247825049139,0.5,0.5,13.798365122615804,10.196629213483146,6.861538461538461,218,3,50,0.5,0.5,0.5,genetic,inheritance,inheritance,0.05,10
699,1247,554,0.523838634243844,0.5,0.5,13.795422031473533,10.480352846832398,6.631768953068592,219,3,50,0.5,0.5,0.5,genetic,inheritance,inheritance,0.05,10
658,1210,632,0.5219728180778607,0.5,0.5,13.775075987841944,10.594214876033059,6.2136075949367084,220,3,50,0.5,0.5,0.5,genetic,inheritance,inheritance,0.05,10
640,1193,667,0.5205111010060122,0.5,0.5,13.378125,10.864207879295893,6.247376311844078,221,3,50,0.5,0.5,0.5,genetic,inheritance,inheritance,0.05,10
638,1152,710,0.5205005596363076,0.5,0.5,13.095611285266457,11.136284722222221,6.253521126760563,222,3,50,0.5,0.5,0.5,genetic,inheritance,inheritance,0.05,10
600,1159,741,0.519131578160326,0.5,0.5,12.496666666666666,11.158757549611733,6.398110661268556,223,3,50,0.5,0.5,0.5,genetic,inheritance,inheritance,0.05,10
575,1130,795,0.5211675989750377,0.5,0.5,11.864347826086956,11.208849557522123,6.350943396226415,224,3,50,0.5,0.5,0.5,genetic,inheritance,inheritance,0.05,10
560,1101,839,0.5198319906654477,0.5,0.5,11.5875,11.15258855585831,6.433849821215733,225,3,50,0.5,0.5,0.5,genetic,inheritance,inheritance,0.05,10
566,1060,874,0.5202492655219954,0.5,0.5,11.014134275618375,11.249056603773585,6.679633867276888,226,3,50,0.5,0.5,0.5,genetic,inheritance,inheritance,0.05,10
582,1001,917,0.520846126493785,0.5,0.5,10.510309278350515,11.362637362637363,6.768811341330426,227,3,50,0.5,0.5,0.5,genetic,inheritance,inheritance,0.05,10
595,971,934,0.519740500306226,0.5,0.5,10.042016806722689,11.367662203913492,7.017130620985011,228,3,50,0.5,0.5,0.5,genetic,inheritance,inheritance,0.05,10
605,950,945,0.5187543302298577,0.5,0.5,9.872727272727273,11.454736842105262,7.393650793650794,229,3,50,0.5,0.5,0.5,genetic,inheritance,inheritance,0.05,10
614,930,956,0.5197509925557847,0.5,0.5,9.273615635179153,11.35483870967742,7.598326359832636,230,3,50,0.5,0.5,0.5,genetic,inheritance,inheritance,0.05,10
627,886,987,0.519340533243035,0.5,0.5,8.682615629984051,11.229119638826186,7.683890577507599,231,3,50,0.5,0.5,0.5,genetic,inheritance,inheritance,0.05,10
653,856,991,0.5201639706572495,0.5,0.5,8.13782542113323,11.176401869158878,7.832492431886982,232,3,50,0.5,0.5,0.5,genetic,inheritance,inheritance,0.05,10
664,821,1015,0.5214937503902503,0.5,0.5,7.963855421686747,11.172959805115713,7.942857142857143,233,3,50,0.5,0.5,0.5,genetic,inheritance,inheritance,0.05,10
689,790,1021,0.5235899582646212,0.5,0.5,7.888243831640058,11.055696202531646,8.069539666993144,234,3,50,0.5,0.5,0.5,genetic,inheritance,inheritance,0.05,10
704,759,1037,0.5246001170028921,0.5,0.5,7.893465909090909,11.027667984189723,8.207328833172614,235,3,50,0.5,0.5,0.5,genetic,inheritance,inheritance,0.05,10
695,734,1071,0.5235967785365849,0.5,0.5,8.103597122302158,10.870572207084468,8.42110177404295,236,3,50,0.5,0.5,0.5,genetic,inheritance,inheritance,0.05,10
703,712,1085,0.521343826474599,0.5,0.5,8.180654338549076,10.599719101123595,8.589861751152073,237,3,50,0.5,0.5,0.5,genetic,inheritance,inheritance,0.05,10
722,690,1088,0.5215240819792081,0.5,0.5,8.425207756232687,10.31159420289855,8.864889705882353,238,3,50,0.5,0.5,0.5,genetic,inheritance,inheritance,0.05,10
745,654,1101,0.5239550831195932,0.5,0.5,8.62013422818792,10.302752293577981,9.08991825613079,239,3,50,0.5,0.5,0.5,genetic,inheritance,inheritance,0.05,10
780,638,1082,0.5261656221489219,0.5,0.5,8.392307692307693,9.852664576802507,9.11090573012939,240,3,50,0.5,0.5,0.5,genetic,inheritance,inheritance,0.05,10
779,649,1072,0.5258640095936773,0.5,0.5,8.329910141206675,9.453004622496147,9.406716417910447,241,3,50,0.5,0.5,0.5,genetic,inheritance,inheritance,0.05,10
823,642,1035,0.5236039948582758,0.5,0.5,8.144592952612394,9.25233644859813,9.652173913043478,242,3,50,0.5,0.5,0.5,genetic,inheritance,inheritance,0.05,10
868,634,998,0.5233954414708435,0.5,0.5,8.04147465437788,9.113564668769715,9.72745490981964,243,3,50,0.5,0.5,0.5,genetic,inheritance,inheritance,0.05,10
888,654,958,0.5233760994772748,0.5,0.5,8.09009009009009,8.785932721712538,9.933194154488518,244,3,50,0.5,0.5,0.5,genetic,inheritance,inheritance,0.05,10
921,677,902,0.5223037524149604,0.5,0.5,7.947882736156352,8.623338257016249,10.217294900221729,245,3,50,0.5,0.5,0.5,genetic,inheritance,inheritance,0.05,10
948,696,856,0.5211960348123997,0.5,0.5,7.877637130801688,8.689655172413794,10.43107476635514,246,3,50,0.5,0.5,0.5,genetic,inheritance,inheritance,0.05,10
944,718,838,0.5206443186913918,0.5,0.5,8.067796610169491,8.364902506963789,10.523866348448687,247,3,50,0.5,0.5,0.5,genetic,inheritance,inheritance,0.05,10
975,717,808,0.5204228569027679,0.5,0.5,8.192820512820512,8.443514644351465,10.456683168316832,248,3,50,0.5,0.5,0.5,genetic,inheritance,inheritance,0.05,10
990,732,778,0.5190457329222353,0.5,0.5,8.293939393939393,8.363387978142077,10.322622107969151,249,3,50,0.5,0.5,0.5,genetic,inheritance,inheritance,0.05,10
1000,748,752,0.5174062459128791,0.5,0.5,8.353,8.212566844919786,10.101063829787234,250,3,50,0.5,0.5,0.5,genetic,inheritance,inheritance,0.05,10
980,776,744,0.5164823044378072,0.5,0.5,8.534693877551021,8.157216494845361,10.081989247311828,251,3,50,0.5,0.5,0.5,genetic,inheritance,inheritance,0.05,10
957,817,726,0.5154653285838766,0.5,0.5,8.663531870428422,8.052631578947368,10.118457300275482,252,3,50,0.5,0.5,0.5,genetic,inheritance,inheritance,0.05,10
939,841,720,0.5165792224354439,0.5,0.5,8.580404685835996,7.956004756242568,9.734722222222222,253,3,50,0.5,0.5,0.5,genetic,inheritance,inheritance,0.05,10
939,858,703,0.5173096441258553,0.5,0.5,8.781682641107562,8.075757575757576,9.809388335704126,254,3,50,0.5,0.5,0.5,genetic,inheritance,inheritance,0.05,10
935,872,693,0.5167516174078429,0.5,0.5,8.811764705882354,8.027522935779816,9.627705627705629,255,3,50,0.5,0.5,0.5,genetic,inheritance,inheritance,0.05,10
895,908,697,0.516597323870945,0.5,0.5,8.960893854748603,7.9118942731277535,9.568149210903874,256,3,50,0.5,0.5,0.5,genetic,inheritance,inheritance,0.05,10
901,924,675,0.5182069398356974,0.5,0.5,8.964483906770255,8.166666666666666,9.365925925925925,257,3,50,0.5,0.5,0.5,genetic,inheritance,inheritance,0.05,10
903,938,659,0.520249263825159,0.5,0.5,8.946843853820598,8.26545842217484,9.088012139605462,258,3,50,0.5,0.5,0.5,genetic,inheritance,inheritance,0.05,10
885,957,658,0.5199158413610115,0.5,0.5,8.95819209039548,8.269592476489029,8.872340425531915,259,3,50,0.5,0.5,0.5,genetic,inheritance,inheritance,0.05,10
885,968,647,0.5180796422420639,0.5,0.5,8.963841807909604,8.348140495867769,8.687789799072643,260,3,50,0.5,0.5,0.5,genetic,inheritance,inheritance,0.05,10
864,979,657,0.5179101691633727,0.5,0.5,8.976851851851851,8.461695607763023,8.307458143074582,261,3,50,0.5,0.5,0.5,genetic,inheritance,inheritance,0.05,10
854,1005,641,0.51854054503238,0.5,0.5,9.005854800936769,8.532338308457712,8.202808112324494,262,3,50,0.5,0.5,0.5,genetic,inheritance,inheritance,0.05,10
819,1000,681,0.5182867527442113,0.5,0.5,9.024420024420024,8.597,7.8883994126284875,263,3,50,0.5,0.5,0.5,genetic,inheritance,inheritance,0.05,10
799,1021,680,0.5185528178447865,0.5,0.5,9.06883604505632,8.734573947110675,7.901470588235294,264,3,50,0.5,0.5,0.5,genetic,inheritance,inheritance,0.05,10
781,1030,689,0.5175854726739311,0.5,0.5,9.119078104993598,8.807766990291261,7.763425253991292,265,3,50,0.5,0.5,0.5,genetic,inheritance,inheritance,0.05,10
741,1054,705,0.5185910029663434,0.5,0.5,9.12280701754386,8.876660341555977,7.987234042553191,266,3,50,0.5,0.5,0.5,genetic,inheritance,inheritance,0.05,10
700,1071,729,0.5182364149395201,0.5,0.5,9.324285714285715,8.957983193277311,8.001371742112482,267,3,50,0.5,0.5,0.5,genetic,inheritance,inheritance,0.05,10
656,1093,751,0.5191771793525113,0.5,0.5,9.248475609756097,9.079597438243367,8.153129161118509,268,3,50,0.5,0.5,0.5,genetic,inheritance,inheritance,0.05,10
642,1087,771,0.5206831212157469,0.5,0.5,9.171339563862928,9.313707451701932,8.168612191958495,269,3,50,0.5,0.5,0.5,genetic,inheritance,inheritance,0.05,10
622,1101,777,0.5215182327223757,0.5,0.5,8.993569131832798,9.598546775658493,8.458172458172458,270,3,50,0.5,0.5,0.5,genetic,inheritance,inheritance,0.05,10
603,1093,804,0.5221924135708063,0.5,0.5,8.663349917081261,9.802378774016468,8.354477611940299,271,3,50,0.5,0.5,0.5,genetic,inheritance,inheritance,0.05,10
589,1102,809,0.5198220556576568,0.5,0.5,8.777589134125636,10.125226860254083,8.838071693448702,272,3,50,0.5,0.5,0.5,genetic,inheritance,inheritance,0.05,10
584,1092,824,0.5216177904415252,0.5,0.5,8.727739726027398,10.382783882783883,8.847087378640778,273,3,50,0.5,0.5,0.5,genetic,inheritance,inheritance,0.05,10
581,1075,844,0.5215222407221707,0.5,0.5,8.535283993115318,10.592558139534884,8.810426540284361,274,3,50,0.5,0.5,0.5,genetic,inheritance,inheritance,0.05,10
577,1079,844,0.5204491970678428,0.5,0.5,8.395147313691508,10.817423540315106,8.985781990521327,275,3,50,0.5,0.5,0.5,genetic,inheritance,inheritance,0.05,10
566,1069,865,0.5195361866854077,0.5,0.5,8.153710247349823,10.993451824134706,8.95606936416185,276,3,50,0.5,0.5,0.5,genetic,inheritance,inheritance,0.05,10
571,1046,883,0.5165050151527818,0.5,0.5,7.642732049036778,11.20076481835564,8.859569648924122,277,3,50,0.5,0.5,0.5,genetic,inheritance,inheritance,0.05,10
568,1027,905,0.5143209259524464,0.5,0.5,7.253521126760563,11.295034079844207,8.742541436464089,278,3,50,0.5,0.5,0.5,genetic,inheritance,inheritance,0.05,10
599,991,910,0.5131027163841937,0.5,0.5,7.270450751252087,11.684157416750757,8.968131868131868,279,3,50,0.5,0.5,0.5,genetic,inheritance,inheritance,0.05,10
626,956,918,0.5146690122374808,0.5,0.5,7.086261980830671,11.946652719665272,8.904139433551197,280,3,50,0.5,0.5,0.5,genetic,inheritance,inheritance,0.05,10
673,906,921,0.5146061759881743,0.5,0.5,7.1381872213967315,12.253863134657836,8.791530944625407,281,3,50,0.5,0.5,0.5,genetic,inheritance,inheritance,0.05,10
696,869,935,0.5152027948058675,0.5,0.5,7.248563218390805,12.353279631760644,8.764705882352942,282,3,50,0.5,0.5,0.5,genetic,inheritance,inheritance,0.05,10
696,854,950,0.5143451089715768,0.5,0.5,7.377873563218391,12.15807962529274,8.756842105263157,283,3,50,0.5,0.5,0.5,genetic,inheritance,inheritance,0.05,10
709,839,952,0.5131809311180988,0.5,0.5,7.52327221438646,12.147794994040524,8.956932773109244,284,3,50,0.5,0.5,0.5,genetic,inheritance,inheritance,0.05,10
709,819,972,0.5120117776640648,0.5,0.5,7.606488011283498,11.69108669108669,8.941358024691358,285,3,50,0.5,0.5,0.5,genetic,inheritance,inheritance,0.05,10
719,808,973,0.5105404267116034,0.5,0.5,7.780250347705146,11.629950495049505,9.051387461459404,286,3,50,0.5,0.5,0.5,genetic,inheritance,inheritance,0.05,10
722,779,999,0.5109815098440713,0.5,0.5,7.958448753462604,11.188703465982028,9.054054054054054,287,3,50,0.5,0.5,0.5,genetic,inheritance,inheritance,0.05,10
729,764,1007,0.5101281207208812,0.5,0.5,8.175582990397805,11.12434554973822,9.212512413108243,288,3,50,0.5,0.5,0.5,genetic,inheritance,inheritance,0.05,10
745,745,1010,0.5107367771806062,0.5,0.5,8.190604026845637,10.57986577181208,9.202970297029703,289,3,50,0.5,0.5,0.5,genetic,inheritance,inheritance,0.05,10
759,731,1010,0.5102439760315997,0.5,0.5,8.312252964426877,10.320109439124487,9.326732673267326,290,3,50,0.5,0.5,0.5,genetic,inheritance,inheritance,0.05,10
759,747,994,0.5134581598633186,0.5,0.5,8.291172595520422,9.910307898259706,9.528169014084508,291,3,50,0.5,0.5,0.5,genetic,inheritance,inheritance,0.05,10
777,757,966,0.5138890432674442,0.5,0.5,8.23938223938224,9.406869220607662,9.548654244306418,292,3,50,0.5,0.5,0.5,genetic,inheritance,inheritance,0.05,10
781,753,966,0.5138424006809693,0.5,0.5,8.49167733674776,9.428950863213812,9.843685300207039,293,3,50,0.5,0.5,0.5,genetic,inheritance,inheritance,0.05,10
794,761,945,0.5132909424395203,0.5,0.5,8.589420654911839,9.35742444152431,9.954497354497354,294,3,50,0.5,0.5,0.5,genetic,inheritance,inheritance,0.05,10
793,788,919,0.5144554520736714,0.5,0.5,8.530895334174023,9.142131979695431,10.060935799782373,295,3,50,0.5,0.5,0.5,genetic,inheritance,inheritance,0.05,10
810,793,897,0.5135244558418806,0.5,0.5,8.3,8.91046658259773,10.124860646599776,296,3,50,0.5,0.5,0.5,genetic,inheritance,inheritance,0.05,10
838,789,873,0.5118385812831877,0.5,0.5,8.075178997613365,8.85297845373891,10.126002290950744,297,3,50,0.5,0.5,0.5,genetic,inheritance,inheritance,0.05,10
871,784,845,0.5106303812440981,0.5,0.5,7.969001148105626,9.006377551020408,10.215384615384615,298,3,50,0.5,0.5,0.5,genetic,inheritance,inheritance,0.05,10
914,795,791,0.5114407353937364,0.5,0.5,7.6761487964989055,9.181132075471698,10.070796460176991,299,3,50,0.5,0.5,0.5,genetic,inheritance,inheritance,0.05,10
938,808,754,0.5118699460989427,0.5,0.5,7.724946695095949,9.17079207920792,10.151193633952255,300,3,50,0.5,0.5,0.5,genetic,inheritance,inheritance,0.05,10
967,802,731,0.5132742704612497,0.5,0.5,7.7755946225439505,9.263092269326684,9.880984952120382,301,3,50,0.5,0.5,0.5,genetic,inheritance,inheritance,0.05,10
962,814,724,0.5132830273449653,0.5,0.5,8.096673596673597,9.321867321867321,9.689226519337016,302,3,50,0.5,0.5,0.5,genetic,inheritance,inheritance,0.05,10
986,824,690,0.5135150594115717,0.5,0.5,8.056795131845842,9.25121359223301,9.328985507246378,303,3,50,0.5,0.5,0.5,genetic,inheritance,inheritance,0.05,10
976,853,671,0.5155407135958272,0.5,0.5,8.08811475409836,8.957796014067995,8.991058122205663,304,3,50,0.5,0.5,0.5,genetic,inheritance,inheritance,0.05,10
974,851,675,0.517277692187939,0.5,0.5,8.213552361396303,9.068155111633372,8.601481481481482,305,3,50,0.5,0.5,0.5,genetic,inheritance,inheritance,0.05,10
953,889,658,0.5190803388050594,0.5,0.5,8.209863588667366,8.946006749156355,8.33434650455927,306,3,50,0.5,0.5,0.5,genetic,inheritance,inheritance,0.05,10
920,924,656,0.5209134333679093,0.5,0.5,8.429347826086957,8.615800865800866,8.292682926829269,307,3,50,0.5,0.5,0.5,genetic,inheritance,inheritance,0.05,10
892,949,659,0.5227078769869373,0.5,0.5,8.628923766816143,8.597471022128556,8.236722306525039,308,3,50,0.5,0.5,0.5,genetic,inheritance,inheritance,0.05,10
872,979,649,0.5230231016886694,0.5,0.5,8.65137614678899,8.462717058222676,8.187981510015408,309,3,50,0.5,0.5,0.5,genetic,inheritance,inheritance,0.05,10
827,1021,652,0.522299994430262,0.5,0.5,8.792019347037485,8.328109696376101,8.01840490797546,310,3,50,0.5,0.5,0.5,genetic,inheritance,inheritance,0.05,10
791,1031,678,0.5222723210271781,0.5,0.5,9.117572692793932,8.502424830261882,7.9734513274336285,311,3,50,0.5,0.5,0.5,genetic,inheritance,inheritance,0.05,10
751,1067,682,0.5226693246547052,0.5,0.5,9.388814913448735,8.739456419868791,8.241935483870968,312,3,50,0.5,0.5,0.5,genetic,inheritance,inheritance,0.05,10
670,1128,702,0.5221765140256484,0.5,0.5,9.4044776119403,8.673758865248226,8.366096866096866,313,3,50,0.5,0.5,0.5,genetic,inheritance,inheritance,0.05,10
634,1150,716,0.5229488051255604,0.5,0.5,9.433753943217665,8.817391304347826,8.494413407821229,314,3,50,0.5,0.5,0.5,genetic,inheritance,inheritance,0.05,10
591,1159,750,0.5226116491111695,0.5,0.5,9.700507614213198,9.075064710957722,8.706666666666667,315,3,50,0.5,0.5,0.5,genetic,inheritance,inheritance,0.05,10
547,1167,786,0.5209930598332548,0.5,0.5,9.616087751371115,9.215938303341902,8.743002544529261,316,3,50,0.5,0.5,0.5,genetic,inheritance,inheritance,0.05,10
508,1193,799,0.5206298806529992,0.5,0.5,9.454724409448819,9.455993294216261,9.042553191489361,317,3,50,0.5,0.5,0.5,genetic,inheritance,inheritance,0.05,10
486,1175,839,0.5166999142847445,0.5,0.5,9.106995884773662,9.637446808510639,9.00357568533969,318,3,50,0.5,0.5,0.5,genetic,inheritance,inheritance,0.05,10
446,1161,893,0.5150770944901839,0.5,0.5,8.641255605381167,9.750215331610681,9.02127659574468,319,3,50,0.5,0.5,0.5,genetic,inheritance,inheritance,0.05,10
464,1124,912,0.5132214672493017,0.5,0.5,7.956896551724138,10.08540925266904,8.981359649122806,320,3,50,0.5,0.5,0.5,genetic,inheritance,inheritance,0.05,10
481,1067,952,0.512492640716383,0.5,0.5,7.471933471933472,10.260543580131209,8.961134453781513,321,3,50,0.5,0.5,0.5,genetic,inheritance,inheritance,0.05,10
503,1031,966,0.510681265775292,0.5,0.5,7.1272365805168985,10.700290979631426,9.107660455486542,322,3,50,0.5,0.5,0.5,genetic,inheritance,inheritance,0.05,10
519,956,1025,0.5122255775945325,0.5,0.5,7.003853564547206,11.032426778242678,9.036097560975609,323,3,50,0.5,0.5,0.5,genetic,inheritance,inheritance,0.05,10
553,894,1053,0.5114147065738336,0.5,0.5,6.822784810126582,11.488814317673379,9.110161443494777,324,3,50,0.5,0.5,0.5,genetic,inheritance,inheritance,0.05,10
586,830,1084,0.5117351867713937,0.5,0.5,6.643344709897611,11.916867469879518,9.062730627306273,325,3,50,0.5,0.5,0.5,genetic,inheritance,inheritance,0.05,10
621,759,1120,0.5101553998636286,0.5,0.5,6.816425120772947,12.458498023715414,9.196428571428571,326,3,50,0.5,0.5,0.5,genetic,inheritance,inheritance,0.05,10
659,707,1134,0.5123497455618131,0.5,0.5,6.688922610015174,12.234794908062234,9.17283950617284,327,3,50,0.5,0.5,0.5,genetic,inheritance,inheritance,0.05,10
704,645,1151,0.5136332383574994,0.5,0.5,6.7585227272727275,12.26046511627907,9.16159860990443,328,3,50,0.5,0.5,0.5,genetic,inheritance,inheritance,0.05,10
764,589,1147,0.5133299637400255,0.5,0.5,6.769633507853404,12.01867572156197,9.23539668700959,329,3,50,0.5,0.5,0.5,genetic,inheritance,inheritance,0.05,10
780,583,1137,0.5129237892530077,0.5,0.5,6.9192307692307695,11.272727272727273,9.519788918205805,330,3,50,0.5,0.5,0.5,genetic,inheritance,inheritance,0.05,10
810,564,1126,0.5120207012388988,0.5,0.5,7.111111111111111,10.964539007092199,9.784191829484902,331,3,50,0.5,0.5,0.5,genetic,inheritance,inheritance,0.05,10
842,565,1093,0.5115446286703513,0.5,0.5,7.285035629453682,10.619469026548673,10.139981701738336,332,3,50,0.5,0.5,0.5,genetic,inheritance,inheritance,0.05,10
875,558,1067,0.5122082911935493,0.5,0.5,7.410285714285714,10.363799283154123,10.304592314901594,333,3,50,0.5,0.5,0.5,genetic,inheritance,inheritance,0.05,10
907,557,1036,0.5116640226288406,0.5,0.5,7.50606394707828,9.854578096947936,10.430501930501931,334,3,50,0.5,0.5,0.5,genetic,inheritance,inheritance,0.05,10
923,570,1007,0.5139011360433484,0.5,0.5,7.469122426868906,9.27017543859649,10.519364448857994,335,3,50,0.5,0.5,0.5,genetic,inheritance,inheritance,0.05,10
940,594,966,0.5145213184756577,0.5,0.5,7.518085106382979,8.84006734006734,10.679089026915113,336,3,50,0.5,0.5,0.5,genetic,inheritance,inheritance,0.05,10
969,607,924,0.5140619520006753,0.5,0.5,7.682146542827657,8.456342668863263,10.914502164502165,337,3,50,0.5,0.5,0.5,genetic,inheritance,inheritance,0.05,10
972,643,885,0.515327799693847,0.5,0.5,7.867283950617284,7.9922239502332815,11.128813559322033,338,3,50,0.5,0.5,0.5,genetic,inheritance,inheritance,0.05,10
971,681,848,0.5170572617185153,0.5,0.5,8.072090628218332,7.581497797356828,11.362028301886792,339,3,50,0.5,0.5,0.5,genetic,inheritance,inheritance,0.05,10
1003,710,787,0.5177922456668956,0.5,0.5,8.006979062811565,7.6,11.630241423125794,340,3,50,0.5,0.5,0.5,genetic,inheritance,inheritance,0.05,10
1002,732,766,0.5168325570518054,0.5,0.5,8.244510978043913,7.586065573770492,11.409921671018276,341,3,50,0.5,0.5,0.5,genetic,inheritance,inheritance,0.05,10
993,757,750,0.5185201510902947,0.5,0.5,8.312185297079557,7.606340819022457,11.3,342,3,50,0.5,0.5,0.5,genetic,inheritance,inheritance,0.05,10
1008,778,714,0.5177372556520519,0.5,0.5,8.368055555555555,7.494858611825193,11.27310924369748,343,3,50,0.5,0.5,0.5,genetic,inheritance,inheritance,0.05,10
1020,786,694,0.5171424816652724,0.5,0.5,8.344117647058823,7.7264631043257,10.861671469740633,344,3,50,0.5,0.5,0.5,genetic,inheritance,inheritance,0.05,10
1014,823,663,0.5183531280116058,0.5,0.5,8.493096646942801,7.739975698663426,10.907993966817497,345,3,50,0.5,0.5,0.5,genetic,inheritance,inheritance,0.05,10
1035,824,641,0.5171331045823481,0.5,0.5,8.58840579710145,7.814320388349515,10.374414976599065,346,3,50,0.5,0.5,0.5,genetic,inheritance,inheritance,0.05,10
1034,847,619,0.5186387704118899,0.5,0.5,8.62669245647969,7.82172373081464,10.189014539579968,347,3,50,0.5,0.5,0.5,genetic,inheritance,inheritance,0.05,10
1005,866,629,0.518459468270381,0.5,0.5,8.78407960199005,7.918013856812933,9.751987281399046,348,3,50,0.5,0.5,0.5,genetic,inheritance,inheritance,0.05,10
998,885,617,0.5178972118647934,0.5,0.5,8.848697394789578,7.987570621468927,9.3322528363047,349,3,50,0.5,0.5,0.5,genetic,inheritance,inheritance,0.05,10
981,909,610,0.5188149994205646,0.5,0.5,8.955147808358818,7.832783278327833,8.772131147540984,350,3,50,0.5,0.5,0.5,genetic,inheritance,inheritance,0.05,10
941,946,613,0.5207620948993651,0.5,0.5,9.010626992561106,7.804439746300211,8.285481239804241,351,3,50,0.5,0.5,0.5,genetic,inheritance,inheritance,0.05,10
922,972,606,0.5195935380234922,0.5,0.5,9.123644251626898,7.8919753086419755,7.778877887788779,352,3,50,0.5,0.5,0.5,genetic,inheritance,inheritance,0.05,10
871,996,633,0.5199120989715373,0.5,0.5,9.338691159586682,7.829317269076305,7.592417061611374,353,3,50,0.5,0.5,0.5,genetic,inheritance,inheritance,0.05,10
832,1013,655,0.521588091990666,0.5,0.5,9.545673076923077,7.896347482724581,7.551145038167939,354,3,50,0.5,0.5,0.5,genetic,inheritance,inheritance,0.05,10
811,1018,671,0.5227029637034977,0.5,0.5,9.655980271270037,8.087426326129666,7.566318926974665,355,3,50,0.5,0.5,0.5,genetic,inheritance,inheritance,0.05,10
788,1017,695,0.5226684087388042,0.5,0.5,9.852791878172589,8.378564405113078,7.450359712230216,356,3,50,0.5,0.5,0.5,genetic,inheritance,inheritance,0.05,10
753,1004,743,0.5219847760502533,0.5,0.5,9.96812749003984,8.459163346613545,7.390309555854643,357,3,50,0.5,0.5,0.5,genetic,inheritance,inheritance,0.05,10
746,998,756,0.5216777790524186,0.5,0.5,10.005361930294907,8.740480961923847,7.558201058201059,358,3,50,0.5,0.5,0.5,genetic,inheritance,inheritance,0.05,10
742,1011,747,0.520511665084354,0.5,0.5,9.789757412398922,8.936696340257171,7.769745649263721,359,3,50,0.5,0.5,0.5,genetic,inheritance,inheritance,0.05,10
709,1014,777,0.5208764097825721,0.5,0.5,9.853314527503526,9.10552268244576,8.015444015444016,360,3,50,0.5,0.5,0.5,genetic,inheritance,inheritance,0.05,10
691,1023,786,0.5192732221748698,0.5,0.5,9.593342981186685,9.243401759530792,8.119592875318066,361,3,50,0.5,0.5,0.5,genetic,inheritance,inheritance,0.05,10
667,1037,796,0.5197476587843933,0.5,0.5,9.217391304347826,9.119575699132112,8.24748743718593,362,3,50,0.5,0.5,0.5,genetic,inheritance,inheritance,0.05,10
657,1055,788,0.5202119034736148,0.5,0.5,8.969558599695587,9.161137440758294,8.42766497461929,363,3,50,0.5,0.5,0.5,genetic,inheritance,inheritance,0.05,10
666,1040,794,0.519522082974966,0.5,0.5,8.63063063063063,9.333653846153846,8.415617128463476,364,3,50,0.5,0.5,0.5,genetic,inheritance,inheritance,0.05,10
653,1037,810,0.5180201160008157,0.5,0.5,8.332312404287903,9.431051108968177,8.306172839506173,365,3,50,0.5,0.5,0.5,genetic,inheritance,inheritance,0.05,10
676,1000,824,0.5165755473861732,0.5,0.5,8.122781065088757,9.751,8.245145631067961,366,3,50,0.5,0.5,0.5,genetic,inheritance,inheritance,0.05,10
703,981,816,0.5142541566762033,0.5,0.5,7.779516358463727,10.068297655453618,8.28921568627451,367,3,50,0.5,0.5,0.5,genetic,inheritance,inheritance,0.05,10
710,963,827,0.5134449479886071,0.5,0.5,7.74225352112676,10.190031152647975,8.237001209189843,368,3,50,0.5,0.5,0.5,genetic,inheritance,inheritance,0.05,10
741,941,818,0.5129565333004764,0.5,0.5,7.576248313090418,10.414452709883102,8.277506112469437,369,3,50,0.5,0.5,0.5,genetic,inheritance,inheritance,0.05,10
741,915,844,0.5123965084491561,0.5,0.5,7.585695006747638,10.326775956284154,8.17654028436019,370,3,50,0.5,0.5,0.5,genetic,inheritance,inheritance,0.05,10
751,866,883,0.5127414178907714,0.5,0.5,7.880159786950732,10.394919168591224,8.161947904869763,371,3,50,0.5,0.5,0.5,genetic,inheritance,inheritance,0.05,10
768,851,881,0.5152810466214061,0.5,0.5,7.822916666666667,10.26909518213866,8.082860385925086,372,3,50,0.5,0.5,0.5,genetic,inheritance,inheritance,0.05,10
799,822,879,0.5139555536781755,0.5,0.5,7.672090112640801,10.282238442822385,8.026166097838452,373,3,50,0.5,0.5,0.5,genetic,inheritance,inheritance,0.05,10
796,811,893,0.5124619866275367,0.5,0.5,7.701005025125628,9.907521578298397,8.085106382978724,374,3,50,0.5,0.5,0.5,genetic,inheritance,inheritance,0.05,10
814,786,900,0.5111564362685354,0.5,0.5,7.718673218673219,9.736641221374045,8.07,375,3,50,0.5,0.5,0.5,genetic,inheritance,inheritance,0.05,10
815,764,921,0.5112516011442859,0.5,0.5,7.815950920245399,9.44109947643979,7.959826275787188,376,3,50,0.5,0.5,0.5,genetic,inheritance,inheritance,0.05,10
834,765,901,0.5107961411543289,0.5,0.5,7.809352517985611,9.51764705882353,8.156492785793562,377,3,50,0.5,0.5,0.5,genetic,inheritance,inheritance,0.05,10
833,753,914,0.5096631540331541,0.5,0.5,7.8979591836734695,9.189907038512617,8.222100656455142,378,3,50,0.5,0.5,0.5,genetic,inheritance,inheritance,0.05,10
840,752,908,0.5116564502015498,0.5,0.5,7.851190476190476,9.022606382978724,8.286343612334802,379,3,50,0.5,0.5,0.5,genetic,inheritance,inheritance,0.05,10
862,722,916,0.5124652004109302,0.5,0.5,7.868909512761021,8.936288088642659,8.286026200873362,380,3,50,0.5,0.5,0.5,genetic,inheritance,inheritance,0.05,10
884,721,895,0.5124753505651176,0.5,0.5,7.889140271493213,8.714285714285714,8.379888268156424,381,3,50,0.5,0.5,0.5,genetic,inheritance,inheritance,0.05,10
897,707,896,0.5145318244741145,0.5,0.5,7.984392419175028,8.61951909476662,8.436383928571429,382,3,50,0.5,0.5,0.5,genetic,inheritance,inheritance,0.05,10
899,697,904,0.5138513416215571,0.5,0.5,8.03559510567297,8.354375896700143,8.491150442477876,383,3,50,0.5,0.5,0.5,genetic,inheritance,inheritance,0.05,10
913,720,867,0.5128711839578218,0.5,0.5,7.95947426067908,8.070833333333333,8.554786620530566,384,3,50,0.5,0.5,0.5,genetic,inheritance,inheritance,0.05,10
929,724,847,0.5133963027639605,0.5,0.5,8.002152852529601,7.904696132596685,8.689492325855962,385,3,50,0.5,0.5,0.5,genetic,inheritance,inheritance,0.05,10
943,734,823,0.5146814092844372,0.5,0.5,8.088016967126192,7.760217983651226,8.777642770352369,386,3,50,0.5,0.5,0.5,genetic,inheritance,inheritance,0.05,10
967,752,781,0.5123730443217835,0.5,0.5,8.086866597724923,7.894946808510638,8.935979513444302,387,3,50,0.5,0.5,0.5,genetic,inheritance,inheritance,0.05,10
966,805,729,0.5111657302423747,0.5,0.5,8.0175983436853,7.727950310559006,9.03292181069959,388,3,50,0.5,0.5,0.5,genetic,inheritance,inheritance,0.05,10
949,829,722,0.512390382635037,0.5,0.5,8.19072708113804,7.876960193003619,9.0803324099723,389,3,50,0.5,0.5,0.5,genetic,inheritance,inheritance,0.05,10
931,873,696,0.5131676387176157,0.5,0.5,8.128893662728249,7.797250859106529,9.01580459770115,390,3,50,0.5,0.5,0.5,genetic,inheritance,inheritance,0.05,10
902,903,695,0.5119163623430526,0.5,0.5,8.382483370288249,7.867109634551495,8.997122302158273,391,3,50,0.5,0.5,0.5,genetic,inheritance,inheritance,0.05,10
896,921,683,0.5138681536113934,0.5,0.5,8.435267857142858,8.051031487513573,8.669106881405563,392,3,50,0.5,0.5,0.5,genetic,inheritance,inheritance,0.05,10
903,912,685,0.5132102048463131,0.5,0.5,8.486157253599114,8.265350877192983,8.407299270072993,393,3,50,0.5,0.5,0.5,genetic,inheritance,inheritance,0.05,10
916,918,666,0.5135999085521629,0.5,0.5,8.616812227074236,8.486928104575163,8.375375375375375,394,3,50,0.5,0.5,0.5,genetic,inheritance,inheritance,0.05,10
914,921,665,0.5140976570902642,0.5,0.5,8.731947483588621,8.729641693811075,8.206015037593986,395,3,50,0.5,0.5,0.5,genetic,inheritance,inheritance,0.05,10
901,963,636,0.5151877159366288,0.5,0.5,8.821309655937847,8.80373831775701,8.242138364779874,396,3,50,0.5,0.5,0.5,genetic,inheritance,inheritance,0.05,10
896,977,627,0.5145270609562359,0.5,0.5,8.984375,8.888433981576254,8.17384370015949,397,3,50,0.5,0.5,0.5,genetic,inheritance,inheritance,0.05,10
859,1013,628,0.515097843021944,0.5,0.5,9.083818393480792,8.943731490621914,8.089171974522293,398,3,50,0.5,0.5,0.5,genetic,inheritance,inheritance,0.05,10
834,1034,632,0.5163780936805723,0.5,0.5,9.094724220623501,8.89651837524178,7.693037974683544,399,3,50,0.5,0.5,0.5,genetic,inheritance,inheritance,0.05,10
806,1061,633,0.5177109579957678,0.5,0.5,9.109181141439207,9.073515551366635,7.81042654028436,400,3,50,0.5,0.5,0.5,genetic,inheritance,inheritance,0.05,10
796,1051,653,0.5155989665458103,0.5,0.5,9.194723618090451,9.212178877259753,7.607963246554364,401,3,50,0.5,0.5,0.5,genetic,inheritance,inheritance,0.05,10
758,1053,689,0.5170013164275912,0.5,0.5,9.299472295514512,9.1994301994302,7.329462989840349,402,3,50,0.5,0.5,0.5,genetic,inheritance,inheritance,0.05,10
730,1022,748,0.5165422294172723,0.5,0.5,9.634246575342466,9.317025440313111,6.934491978609626,403,3,50,0.5,0.5,0.5,genetic,inheritance,inheritance,0.05,10
716,1025,759,0.5171977678669969,0.5,0.5,9.41340782122905,9.334634146341463,6.897233201581027,404,3,50,0.5,0.5,0.5,genetic,inheritance,inheritance,0.05,10
706,1005,789,0.51589380330853,0.5,0.5,9.342776203966006,9.255721393034825,6.99873257287706,405,3,50,0.5,0.5,0.5,genetic,inheritance,inheritance,0.05,10
709,983,808,0.515342996597058,0.5,0.5,9.212976022566997,9.376398779247202,7.0655940594059405,406,3,50,0.5,0.5,0.5,genetic,inheritance,inheritance,0.05,10
704,982,814,0.5171588628678484,0.5,0.5,9.102272727272727,9.375763747454176,7.218673218673219,407,3,50,0.5,0.5,0.5,genetic,inheritance,inheritance,0.05,10
714,940,846,0.5184789568399376,0.5,0.5,9.065826330532213,9.592553191489362,7.218676122931442,408,3,50,0.5,0.5,0.5,genetic,inheritance,inheritance,0.05,10
716,913,871,0.5184511630032264,0.5,0.5,9.236033519553073,9.764512595837896,7.393800229621125,409,3,50,0.5,0.5,0.5,genetic,inheritance,inheritance,0.05,10
707,894,899,0.5186923052998633,0.5,0.5,9.367751060820368,9.804250559284116,7.53392658509455,410,3,50,0.5,0.5,0.5,genetic,inheritance,inheritance,0.05,10
714,874,912,0.5184819839955304,0.5,0.5,9.34873949579832,10.048054919908466,7.6875,411,3,50,0.5,0.5,0.5,genetic,inheritance,inheritance,0.05,10
715,853,932,0.5193911595120574,0.5,0.5,9.17062937062937,9.946072684642438,7.716738197424893,412,3,50,0.5,0.5,0.5,genetic,inheritance,inheritance,0.05,10
703,843,954,0.5203890975333554,0.5,0.5,9.00284495021337,9.963226571767496,7.952830188679245,413,3,50,0.5,0.5,0.5,genetic,inheritance,inheritance,0.05,10
723,814,963,0.5206779720005865,0.5,0.5,8.565698478561549,9.828009828009828,7.961578400830737,414,3,50,0.5,0.5,0.5,genetic,inheritance,inheritance,0.05,10
719,792,989,0.5221113008700712,0.5,0.5,8.687065368567454,9.862373737373737,8.143579373104146,415,3,50,0.5,0.5,0.5,genetic,inheritance,inheritance,0.05,10
712,773,1015,0.520592114212444,0.5,0.5,8.571629213483146,9.752910737386804,8.25320197044335,416,3,50,0.5,0.5,0.5,genetic,inheritance,inheritance,0.05,10
726,731,1043,0.5220701171709242,0.5,0.5,8.21900826446281,9.543091655266759,8.225311601150528,417,3,50,0.5,0.5,0.5,genetic,inheritance,inheritance,0.05,10
758,704,1038,0.5203461495497664,0.5,0.5,8.025065963060687,9.715909090909092,8.36897880539499,418,3,50,0.5,0.5,0.5,genetic,inheritance,inheritance,0.05,10
770,682,1048,0.5224620136411242,0.5,0.5,7.768831168831169,9.479472140762462,8.491412213740459,419,3,50,0.5,0.5,0.5,genetic,inheritance,inheritance,0.05,10
818,649,1033,0.5237578431379019,0.5,0.5,7.767726161369193,9.436055469953775,8.65730880929332,420,3,50,0.5,0.5,0.5,genetic,inheritance,inheritance,0.05,10
816,649,1035,0.5245673778928871,0.5,0.5,7.866421568627451,9.092449922958398,8.86183574879227,421,3,50,0.5,0.5,0.5,genetic,inheritance,inheritance,0.05,10
838,644,1018,0.5246023252277892,0.5,0.5,7.84964200477327,8.84472049689441,9.12475442043222,422,3,50,0.5,0.5,0.5,genetic,inheritance,inheritance,0.05,10
868,645,987,0.5258457451612775,0.5,0.5,7.811059907834101,8.578294573643412,9.366767983789261,423,3,50,0.5,0.5,0.5,genetic,inheritance,inheritance,0.05,10
902,641,957,0.5258559574649758,0.5,0.5,7.825942350332594,8.37597503900156,9.47753396029258,424,3,50,0.5,0.5,0.5,genetic,inheritance,inheritance,0.05,10
927,662,911,0.5256447207803535,0.5,0.5,7.7238403451995685,8.064954682779456,9.62019758507135,425,3,50,0.5,0.5,0.5,genetic,inheritance,inheritance,0.05,10
955,672,873,0.5269889469370647,0.5,0.5,7.858638743455497,7.919642857142857,9.824742268041238,426,3,50,0.5,0.5,0.5,genetic,inheritance,inheritance,0.05,10
980,692,828,0.529343792179435,0.5,0.5,7.9459183673469385,7.673410404624278,10.004830917874395,427,3,50,0.5,0.5,0.5,genetic,inheritance,inheritance,0.05,10
1003,716,781,0.5306171900713125,0.5,0.5,7.900299102691924,7.548882681564246,10.22663252240717,428,3,50,0.5,0.5,0.5,genetic,inheritance,inheritance,0.05,10
1015,746,739,0.5308153806485106,0.5,0.5,8.096551724137932,7.621983914209116,10.381596752368065,429,3,50,0.5,0.5,0.5,genetic,inheritance,inheritance,0.05,10
994,771,735,0.5312437632112496,0.5,0.5,8.35513078470825,7.571984435797665,10.206802721088435,430,3,50,0.5,0.5,0.5,genetic,inheritance,inheritance,0.05,10
991,791,718,0.5320724328501253,0.5,0.5,8.681130171543895,7.7383059418457645,10.232590529247911,431,3,50,0.5,0.5,0.5,genetic,inheritance,inheritance,0.05,10
997,801,702,0.5313514453689276,0.5,0.5,8.963891675025076,7.893882646691636,9.997150997150998,432,3,50,0.5,0.5,0.5,genetic,inheritance,inheritance,0.05,10
985,806,709,0.534139494697831,0.5,0.5,9.265989847715735,8.05955334987593,9.866008462623414,433,3,50,0.5,0.5,0.5,genetic,inheritance,inheritance,0.05,10
983,829,688,0.53406742970825,0.5,0.5,9.601220752797559,8.25934861278649,10.07703488372093,434,3,50,0.5,0.5,0.5,genetic,inheritance,inheritance,0.05,10
969,842,689,0.5349624635811886,0.5,0.5,9.780185758513932,8.347980997624703,9.915820029027577,435,3,50,0.5,0.5,0.5,genetic,inheritance,inheritance,0.05,10
948,878,674,0.5350976192716704,0.5,0.5,10.044303797468354,8.534168564920273,10.09792284866469,436,3,50,0.5,0.5,0.5,genetic,inheritance,inheritance,0.05,10
925,879,696,0.5344599645507138,0.5,0.5,10.35135135135135,8.594994311717862,9.798850574712644,437,3,50,0.5,0.5,0.5,genetic,inheritance,inheritance,0.05,10
886,909,705,0.5341208065514899,0.5,0.5,10.660270880361173,8.657865786578657,9.660992907801418,438,3,50,0.5,0.5,0.5,genetic,inheritance,inheritance,0.05,10
867,918,715,0.5332197465097775,0.5,0.5,10.83852364475202,8.696078431372548,9.328671328671328,439,3,50,0.5,0.5,0.5,genetic,inheritance,inheritance,0.05,10
843,920,737,0.5317588903624325,0.5,0.5,11.008303677342823,8.76086956521739,9.0,440,3,50,0.5,0.5,0.5,genetic,inheritance,inheritance,0.05,10
833,904,763,0.5306155855570329,0.5,0.5,11.093637454981993,8.861725663716815,8.841415465268676,441,3,50,0.5,0.5,0.5,genetic,inheritance,inheritance,0.05,10
846,898,756,0.5298635386024786,0.5,0.5,10.955082742316785,8.89532293986637,8.791005291005291,442,3,50,0.5,0.5,0.5,genetic,inheritance,inheritance,0.05,10
843,889,768,0.5288313964769065,0.5,0.5,10.769869513641755,8.834645669291339,8.40625,443,3,50,0.5,0.5,0.5,genetic,inheritance,inheritance,0.05,10
839,909,752,0.5277665387577825,0.5,0.5,10.502979737783075,8.792079207920793,8.533244680851064,444,3,50,0.5,0.5,0.5,genetic,inheritance,inheritance,0.05,10
846,910,744,0.5277462015127106,0.5,0.5,10.211583924349881,8.712087912087911,8.318548387096774,445,3,50,0.5,0.5,0.5,genetic,inheritance,inheritance,0.05,10
861,899,740,0.5289791390371088,0.5,0.5,9.995354239256677,8.86095661846496,8.19054054054054,446,3,50,0.5,0.5,0.5,genetic,inheritance,inheritance,0.05,10
849,900,751,0.5293162910188289,0.5,0.5,10.011778563015312,8.86888888888889,8.386151797603196,447,3,50,0.5,0.5,0.5,genetic,inheritance,inheritance,0.05,10
827,921,752,0.5290035385019969,0.5,0.5,9.910519951632406,8.84473398479913,8.454787234042554,448,3,50,0.5,0.5,0.5,genetic,inheritance,inheritance,0.05,10
821,922,757,0.5295997200783971,0.5,0.5,9.79658952496955,8.891540130151844,8.458388375165125,449,3,50,0.5,0.5,0.5,genetic,inheritance,inheritance,0.05,10
824,929,747,0.5308737805795262,0.5,0.5,9.759708737864077,8.979547900968784,8.41231593038822,450,3,50,0.5,0.5,0.5,genetic,inheritance,inheritance,0.05,10
834,909,757,0.532199309250973,0.5,0.5,9.729016786570744,9.143014301430142,8.43989431968296,451,3,50,0.5,0.5,0.5,genetic,inheritance,inheritance,0.05,10
830,918,752,0.5326923722286437,0.5,0.5,9.539759036144579,9.169934640522875,8.371010638297872,452,3,50,0.5,0.5,0.5,genetic,inheritance,inheritance,0.05,10
833,910,757,0.5322021150413427,0.5,0.5,9.424969987995198,9.287912087912089,8.31439894319683,453,3,50,0.5,0.5,0.5,genetic,inheritance,inheritance,0.05,10
833,899,768,0.5319865750702364,0.5,0.5,9.402160864345738,9.14571746384872,8.018229166666666,454,3,50,0.5,0.5,0.5,genetic,inheritance,inheritance,0.05,10
825,900,775,0.5305865177847046,0.5,0.5,9.32,9.222222222222221,7.912258064516129,455,3,50,0.5,0.5,0.5,genetic,inheritance,inheritance,0.05,10
794,898,808,0.5315609590639012,0.5,0.5,9.419395465994961,8.983296213808464,7.871287128712871,456,3,50,0.5,0.5,0.5,genetic,inheritance,inheritance,0.05,10
762,897,841,0.5327041545702695,0.5,0.5,9.670603674540683,8.779264214046822,7.88347205707491,457,3,50,0.5,0.5,0.5,genetic,inheritance,inheritance,0.05,10
732,892,876,0.536599479316959,0.5,0.5,9.475409836065573,8.628923766816143,7.8812785388127855,458,3,50,0.5,0.5,0.5,genetic,inheritance,inheritance,0.05,10
719,893,888,0.537494407510989,0.5,0.5,9.3894297635605,8.64501679731243,7.958333333333333,459,3,50,0.5,0.5,0.5,genetic,inheritance,inheritance,0.05,10
705,883,912,0.5376118854099886,0.5,0.5,9.194326241134751,8.650056625141563,8.042763157894736,460,3,50,0.5,0.5,0.5,genetic,inheritance,inheritance,0.05,10
727,851,922,0.5384118043432493,0.5,0.5,8.786795048143054,8.737955346650999,8.041214750542299,461,3,50,0.5,0.5,0.5,genetic,inheritance,inheritance,0.05,10
715,841,944,0.5393281933588879,0.5,0.5,8.787412587412588,8.810939357907253,8.264830508474576,462,3,50,0.5,0.5,0.5,genetic,inheritance,inheritance,0.05,10
742,811,947,0.537646112947877,0.5,0.5,8.505390835579515,8.895191122071516,8.261879619852165,463,3,50,0.5,0.5,0.5,genetic,inheritance,inheritance,0.05,10
742,820,938,0.5380670916169102,0.5,0.5,8.316711590296496,8.886585365853659,8.447761194029852,464,3,50,0.5,0.5,0.5,genetic,inheritance,inheritance,0.05,10
741,805,954,0.5385044549264169,0.5,0.5,8.039136302294198,8.744099378881987,8.461215932914046,465,3,50,0.5,0.5,0.5,genetic,inheritance,inheritance,0.05,10
753,795,952,0.5395583266005214,0.5,0.5,7.924302788844622,8.723270440251572,8.485294117647058,466,3,50,0.5,0.5,0.5,genetic,inheritance,inheritance,0.05,10
770,772,958,0.5383902213391322,0.5,0.5,7.801298701298701,8.778497409326425,8.48956158663883,467,3,50,0.5,0.5,0.5,genetic,inheritance,inheritance,0.05,10
779,749,972,0.539544378719106,0.5,0.5,7.686777920410783,8.730307076101468,8.473251028806585,468,3,50,0.5,0.5,0.5,genetic,inheritance,inheritance,0.05,10
780,729,991,0.5421746458848019,0.5,0.5,7.73974358974359,8.492455418381343,8.626639757820383,469,3,50,0.5,0.5,0.5,genetic,inheritance,inheritance,0.05,10
792,721,987,0.5411039829993423,0.5,0.5,7.866161616161616,8.39112343966713,8.749746707193516,470,3,50,0.5,0.5,0.5,genetic,inheritance,inheritance,0.05,10
823,702,975,0.5420601357372385,0.5,0.5,7.686512758201701,8.461538461538462,8.828717948717948,471,3,50,0.5,0.5,0.5,genetic,inheritance,inheritance,0.05,10
853,693,954,0.5434708325811863,0.5,0.5,7.801875732708089,8.520923520923521,9.085953878406709,472,3,50,0.5,0.5,0.5,genetic,inheritance,inheritance,0.05,10
878,696,926,0.5439146305716559,0.5,0.5,7.880410022779043,8.169540229885058,9.1792656587473,473,3,50,0.5,0.5,0.5,genetic,inheritance,inheritance,0.05,10
889,698,913,0.5442461578931828,0.5,0.5,7.940382452193476,7.958452722063037,9.1960569550931,474,3,50,0.5,0.5,0.5,genetic,inheritance,inheritance,0.05,10
882,718,900,0.545305480626414,0.5,0.5,8.07482993197279,7.828690807799443,9.232222222222223,475,3,50,0.5,0.5,0.5,genetic,inheritance,inheritance,0.05,10
883,748,869,0.5456840901884312,0.5,0.5,8.029445073612685,7.640374331550802,9.310701956271577,476,3,50,0.5,0.5,0.5,genetic,inheritance,inheritance,0.05,10
917,760,823,0.5450183420299989,0.5,0.5,7.88113413304253,7.814473684210526,9.30741190765492,477,3,50,0.5,0.5,0.5,genetic,inheritance,inheritance,0.05,10
924,757,819,0.5431428725203052,0.5,0.5,7.962121212121212,7.76221928665786,9.124542124542124,478,3,50,0.5,0.5,0.5,genetic,inheritance,inheritance,0.05,10
943,764,793,0.5444124875136532,0.5,0.5,7.937433722163308,7.715968586387435,8.901639344262295,479,3,50,0.5,0.5,0.5,genetic,inheritance,inheritance,0.05,10
951,752,797,0.5462227885505162,0.5,0.5,8.170347003154575,7.7287234042553195,8.823086574654956,480,3,50,0.5,0.5,0.5,genetic,inheritance,inheritance,0.05,10
960,737,803,0.5470397975665363,0.5,0.5,8.41875,7.743554952510176,8.592777085927771,481,3,50,0.5,0.5,0.5,genetic,inheritance,inheritance,0.05,10
960,729,811,0.5475306362114857,0.5,0.5,8.440625,7.7818930041152266,8.404438964241677,482,3,50,0.5,0.5,0.5,genetic,inheritance,inheritance,0.05,10
963,733,804,0.5485159381200311,0.5,0.5,8.749740394600208,7.863574351978172,8.70273631840796,483,3,50,0.5,0.5,0.5,genetic,inheritance,inheritance,0.05,10
960,734,806,0.5485556499035201,0.5,0.5,9.0375,7.773841961852861,8.808933002481389,484,3,50,0.5,0.5,0.5,genetic,inheritance,inheritance,0.05,10
942,750,808,0.5499487963711921,0.5,0.5,9.223991507430998,7.469333333333333,8.775990099009901,485,3,50,0.5,0.5,0.5,genetic,inheritance,inheritance,0.05,10
952,765,783,0.5526744347689113,0.5,0.5,9.309873949579831,7.597385620915032,9.021711366538952,486,3,50,0.5,0.5,0.5,genetic,inheritance,inheritance,0.05,10
943,771,786,0.5530152484684568,0.5,0.5,9.412513255567339,7.56420233463035,8.997455470737913,487,3,50,0.5,0.5,0.5,genetic,inheritance,inheritance,0.05,10
936,773,791,0.5529750521880276,0.5,0.5,9.73076923076923,7.73738680465718,9.042983565107459,488,3,50,0.5,0.5,0.5,genetic,inheritance,inheritance,0.05,10
951,768,781,0.55464383889302,0.5,0.5,9.65825446898002,7.733072916666667,8.884763124199743,489,3,50,0.5,0.5,0.5,genetic,inheritance,inheritance,0.05,10
990,764,746,0.5558288421235147,0.5,0.5,9.477777777777778,7.841623036649215,8.963806970509383,490,3,50,0.5,0.5,0.5,genetic,inheritance,inheritance,0.05,10
978,809,713,0.5551676295810581,0.5,0.5,9.311860940695297,7.723114956736712,9.147265077138849,491,3,50,0.5,0.5,0.5,genetic,inheritance,inheritance,0.05,10
983,825,692,0.5547642224282472,0.5,0.5,9.386571719226856,7.713939393939394,9.079479768786127,492,3,50,0.5,0.5,0.5,genetic,inheritance,inheritance,0.05,10
977,858,665,0.5539601038998498,0.5,0.5,9.421699078812692,7.782051282051282,9.04812030075188,493,3,50,0.5,0.5,0.5,genetic,inheritance,inheritance,0.05,10
982,859,659,0.5537180406846013,0.5,0.5,9.516293279022403,7.962747380675204,8.723823975720789,494,3,50,0.5,0.5,0.5,genetic,inheritance,inheritance,0.05,10
991,872,637,0.5530496405873554,0.5,0.5,9.46720484359233,8.083715596330276,8.623233908948194,495,3,50,0.5,0.5,0.5,genetic,inheritance,inheritance,0.05,10
1005,898,597,0.5538039923576921,0.5,0.5,9.40995024875622,8.279510022271715,8.321608040201005,496,3,50,0.5,0.5,0.5,genetic,inheritance,inheritance,0.05,10
983,928,589,0.5547225526296962,0.5,0.5,9.45676500508647,8.3125,8.02037351443124,497,3,50,0.5,0.5,0.5,genetic,inheritance,inheritance,0.05,10
957,944,599,0.553501450917648,0.5,0.5,9.541274817136886,8.454449152542374,7.712854757929883,498,3,50,0.5,0.5,0.5,genetic,inheritance,inheritance,0.05,10
936,941,623,0.5540028072602388,0.5,0.5,9.86965811965812,8.502656748140277,7.568218298555378,499,3,50,0.5,0.5,0.5,genetic,inheritance,inheritance,0.05,10
