R_density,P_density,S_density,R_invasion,P_invasion,S_invasion,R_age,P_age,S_age,epoch,seed,grid_dim,R_init_invasion,P_init_invasion,S_init_invasion,R_policy,P_policy,S_policy,sigma,radius
799,863,838,0.5,0.5,0.5,0.0,0.0,0.0,0,0,50,0.5,0.5,0.5,genetic,stochastic,stochastic,0.05,10
780,866,854,0.5004027994504563,0.4994884189491112,0.5001323712365623,1.0,1.0,1.0,1,0,50,0.5,0.5,0.5,genetic,stochastic,stochastic,0.05,10
778,823,899,0.5005166841242054,0.5000386384901362,0.5003292984560086,1.8637532133676094,1.8724179829890644,1.8298109010011123,2,0,50,0.5,0.5,0.5,genetic,stochastic,stochastic,0.05,10
780,801,919,0.5009569794607905,0.5001581370412796,0.49980096453099243,2.5974358974358975,2.630461922596754,2.5897714907508163,3,0,50,0.5,0.5,0.5,genetic,stochastic,stochastic,0.05,10
797,786,917,0.5010211930849567,0.500172855903278,0.5017513238188898,3.193224592220828,3.267175572519084,3.2497273718647763,4,0,50,0.5,0.5,0.5,genetic,stochastic,stochastic,0.05,10
783,815,902,0.5008431454845911,0.5005801954804792,0.5016286241885269,3.734355044699872,3.785276073619632,3.9046563192904657,5,0,50,0.5,0.5,0.5,genetic,stochastic,stochastic,0.05,10
817,784,899,0.5021902181940698,0.5006097990868364,0.5013617991302004,4.16891064871481,4.336734693877551,4.362625139043382,6,0,50,0.5,0.5,0.5,genetic,stochastic,stochastic,0.05,10
828,769,903,0.5015779129011133,0.5033173328534757,0.5029090250499134,4.538647342995169,4.724317295188556,4.75968992248062,7,0,50,0.5,0.5,0.5,genetic,stochastic,stochastic,0.05,10
837,767,896,0.5009492311007502,0.5054786600237191,0.5035495112817382,4.875746714456392,5.131681877444589,5.099330357142857,8,0,50,0.5,0.5,0.5,genetic,stochastic,stochastic,0.05,10
837,754,909,0.5004731500243909,0.5070057098446885,0.5056522807055386,5.268817204301075,5.461538461538462,5.5049504950495045,9,0,50,0.5,0.5,0.5,genetic,stochastic,stochastic,0.05,10
841,742,917,0.4997479278850871,0.5097252298661534,0.5077371479456052,5.563614744351962,5.664420485175202,5.745910577971647,10,0,50,0.5,0.5,0.5,genetic,stochastic,stochastic,0.05,10
866,702,932,0.5008032377244989,0.5101551217937037,0.5084695711821714,5.886836027713626,6.0256410256410255,6.045064377682404,11,0,50,0.5,0.5,0.5,genetic,stochastic,stochastic,0.05,10
872,675,953,0.5025655559612765,0.5098246997522581,0.5120171787422093,6.136467889908257,6.17037037037037,6.3074501573976915,12,0,50,0.5,0.5,0.5,genetic,stochastic,stochastic,0.05,10
867,679,954,0.5027353365311368,0.510690875967829,0.511814984351911,6.528258362168397,6.251840942562592,6.614255765199162,13,0,50,0.5,0.5,0.5,genetic,stochastic,stochastic,0.05,10
874,676,950,0.5044254100434655,0.5133245340563133,0.5136736422630029,6.835240274599542,6.340236686390533,6.996842105263158,14,0,50,0.5,0.5,0.5,genetic,stochastic,stochastic,0.05,10
889,682,929,0.5052994824950653,0.513932999450051,0.5143053180655391,7.109111361079865,6.381231671554252,7.381054897739505,15,0,50,0.5,0.5,0.5,genetic,stochastic,stochastic,0.05,10
923,699,878,0.5055225460411257,0.5135743909839323,0.5139663557025795,7.113759479956663,6.532188841201717,7.744874715261959,16,0,50,0.5,0.5,0.5,genetic,stochastic,stochastic,0.05,10
943,715,842,0.5051198109432627,0.5128639795114225,0.516754465597858,7.302226935312832,6.608391608391608,8.057007125890737,17,0,50,0.5,0.5,0.5,genetic,stochastic,stochastic,0.05,10
951,742,807,0.504491309049353,0.515353486283063,0.5171383272578548,7.383806519453207,6.695417789757412,8.337050805452293,18,0,50,0.5,0.5,0.5,genetic,stochastic,stochastic,0.05,10
964,759,777,0.5049598008959355,0.5161655910055302,0.5168892194965743,7.3796680497925315,6.691699604743083,8.173745173745173,19,0,50,0.5,0.5,0.5,genetic,stochastic,stochastic,0.05,10
969,772,759,0.5053586362279706,0.5180776748898689,0.5169580527745885,7.512899896800826,6.803108808290156,8.150197628458498,20,0,50,0.5,0.5,0.5,genetic,stochastic,stochastic,0.05,10
963,794,743,0.5065676670990412,0.5202974818000732,0.5188346413955203,7.576323987538941,6.8778337531486144,8.072678331090176,21,0,50,0.5,0.5,0.5,genetic,stochastic,stochastic,0.05,10
957,813,730,0.5062942706333622,0.5240650017413316,0.5181641615345548,7.8380355276907,7.109471094710947,8.26986301369863,22,0,50,0.5,0.5,0.5,genetic,stochastic,stochastic,0.05,10
947,826,727,0.507269352894969,0.5300233669899248,0.5176872274667709,7.978880675818374,7.246973365617434,8.235213204951856,23,0,50,0.5,0.5,0.5,genetic,stochastic,stochastic,0.05,10
950,834,716,0.5071743295679706,0.5345326565612082,0.5171767168249038,8.183157894736842,7.394484412470024,8.17877094972067,24,0,50,0.5,0.5,0.5,genetic,stochastic,stochastic,0.05,10
922,876,702,0.5070510103730498,0.5364118117274131,0.5179857183792124,8.261388286334057,7.462328767123288,8.176638176638177,25,0,50,0.5,0.5,0.5,genetic,stochastic,stochastic,0.05,10
885,910,705,0.5070224571275949,0.5384184381007847,0.5167645985475506,8.420338983050847,7.52967032967033,8.164539007092198,26,0,50,0.5,0.5,0.5,genetic,stochastic,stochastic,0.05,10
875,923,702,0.5071774334355668,0.5403707621026906,0.5158223350091472,8.466285714285714,7.553629469122427,7.978632478632479,27,0,50,0.5,0.5,0.5,genetic,stochastic,stochastic,0.05,10
847,932,721,0.507265194078425,0.5443023171152394,0.5178378466518704,8.57378984651712,7.621244635193133,7.914008321775312,28,0,50,0.5,0.5,0.5,genetic,stochastic,stochastic,0.05,10
833,927,740,0.5061067993396077,0.5478932251421677,0.5185045452830634,8.539015606242497,7.68824163969795,7.672972972972973,29,0,50,0.5,0.5,0.5,genetic,stochastic,stochastic,0.05,10
803,926,771,0.5061709645342396,0.5504840061275301,0.5219895261736879,8.57409713574097,7.667386609071274,7.521400778210117,30,0,50,0.5,0.5,0.5,genetic,stochastic,stochastic,0.05,10
782,927,791,0.5065039701437702,0.5538319650111748,0.5250466382909407,8.37468030690537,7.673139158576052,7.284450063211125,31,0,50,0.5,0.5,0.5,genetic,stochastic,stochastic,0.05,10
768,921,811,0.5037592449096612,0.5574502417120772,0.5286661380822238,8.2734375,7.812160694896852,7.159062885326757,32,0,50,0.5,0.5,0.5,genetic,stochastic,stochastic,0.05,10
770,892,838,0.5035995564283532,0.5556377933497401,0.5316911807895821,8.253246753246753,8.193946188340806,7.173031026252984,33,0,50,0.5,0.5,0.5,genetic,stochastic,stochastic,0.05,10
768,866,866,0.5039506728080411,0.5596610672026916,0.5303721783058751,8.1796875,8.128175519630485,7.182448036951501,34,0,50,0.5,0.5,0.5,genetic,stochastic,stochastic,0.05,10
759,861,880,0.503863365292364,0.5606666044633397,0.5355669342012874,8.164690382081686,8.217189314750291,7.177272727272728,35,0,50,0.5,0.5,0.5,genetic,stochastic,stochastic,0.05,10
746,850,904,0.5035771161478783,0.5608243428226528,0.5388194564457297,8.337801608579088,8.218823529411765,7.339601769911504,36,0,50,0.5,0.5,0.5,genetic,stochastic,stochastic,0.05,10
752,818,930,0.5048741987801242,0.557308099753423,0.5375566618201663,8.615691489361701,8.43643031784841,7.456989247311828,37,0,50,0.5,0.5,0.5,genetic,stochastic,stochastic,0.05,10
736,775,989,0.5053402491090138,0.5619073811582832,0.5396836079793761,8.86820652173913,8.310967741935483,7.482305358948433,38,0,50,0.5,0.5,0.5,genetic,stochastic,stochastic,0.05,10
709,769,1022,0.5066577615517542,0.5626982006500533,0.5414205370151233,8.89703808180536,8.009102730819246,7.636986301369863,39,0,50,0.5,0.5,0.5,genetic,stochastic,stochastic,0.05,10
709,745,1046,0.5059280747920879,0.5620235859644862,0.5429468652955789,8.816643159379408,7.911409395973155,7.869024856596559,40,0,50,0.5,0.5,0.5,genetic,stochastic,stochastic,0.05,10
714,720,1066,0.50481618500406,0.5577612066579691,0.5395009714412786,8.742296918767506,7.854166666666667,8.03095684803002,41,0,50,0.5,0.5,0.5,genetic,stochastic,stochastic,0.05,10
707,714,1079,0.503523382963908,0.5569611468139741,0.5420619711452411,8.591230551626591,7.581232492997199,8.385542168674698,42,0,50,0.5,0.5,0.5,genetic,stochastic,stochastic,0.05,10
724,703,1073,0.504379554152151,0.5558738546260855,0.5474246439448059,8.42817679558011,7.708392603129445,8.580615097856477,43,0,50,0.5,0.5,0.5,genetic,stochastic,stochastic,0.05,10
721,684,1095,0.5039138964151838,0.5535331447541093,0.5481550697544167,8.280166435506242,7.723684210526316,8.792694063926941,44,0,50,0.5,0.5,0.5,genetic,stochastic,stochastic,0.05,10
726,658,1116,0.5051448644507203,0.5530128048403661,0.552061195382015,8.231404958677686,7.7522796352583585,8.921146953405017,45,0,50,0.5,0.5,0.5,genetic,stochastic,stochastic,0.05,10
771,635,1094,0.5040578280361737,0.5511318791681112,0.552335564984008,8.040207522697795,7.878740157480315,9.143510054844606,46,0,50,0.5,0.5,0.5,genetic,stochastic,stochastic,0.05,10
782,631,1087,0.5045244936314041,0.5518404701885212,0.5540447296093822,7.829923273657289,7.489698890649763,9.28426862925483,47,0,50,0.5,0.5,0.5,genetic,stochastic,stochastic,0.05,10
837,608,1055,0.50681836489534,0.5516722719091175,0.5585295002440265,7.497013142174432,7.399671052631579,9.386729857819905,48,0,50,0.5,0.5,0.5,genetic,stochastic,stochastic,0.05,10
893,603,1004,0.5068326557607727,0.5498602462592665,0.5661596872633962,7.32026875699888,7.378109452736318,9.6902390438247,49,0,50,0.5,0.5,0.5,genetic,stochastic,stochastic,0.05,10
936,614,950,0.507448728143265,0.5499069441708391,0.5717196283974469,7.354700854700854,7.372964169381108,9.830526315789474,50,0,50,0.5,0.5,0.5,genetic,stochastic,stochastic,0.05,10
977,616,907,0.5068722583889548,0.5530171673392827,0.5780993991699347,7.33367451381781,7.534090909090909,9.93715545755237,51,0,50,0.5,0.5,0.5,genetic,stochastic,stochastic,0.05,10
1001,635,864,0.5057489237606679,0.5579288975183314,0.5823664032551682,7.44955044955045,7.368503937007874,9.976851851851851,52,0,50,0.5,0.5,0.5,genetic,stochastic,stochastic,0.05,10
1018,643,839,0.5059235331113364,0.5587263999243637,0.5888218011483503,7.726915520628683,7.404354587869363,9.876042908224075,53,0,50,0.5,0.5,0.5,genetic,stochastic,stochastic,0.05,10
1040,643,817,0.5052946570410106,0.5677662672262923,0.5971927178790581,7.936538461538461,7.578538102643857,9.673194614443084,54,0,50,0.5,0.5,0.5,genetic,stochastic,stochastic,0.05,10
1069,641,790,0.504822696981791,0.5681129331025356,0.6091758981739438,8.026192703461179,7.544461778471139,9.468354430379748,55,0,50,0.5,0.5,0.5,genetic,stochastic,stochastic,0.05,10
1075,641,784,0.5048342364735956,0.5699303964532986,0.6183205736604204,8.232558139534884,7.572542901716068,9.220663265306122,56,0,50,0.5,0.5,0.5,genetic,stochastic,stochastic,0.05,10
1084,659,757,0.5061334964763198,0.5745815815976542,0.6227136098144344,8.465867158671587,7.637329286798179,9.150594451783356,57,0,50,0.5,0.5,0.5,genetic,stochastic,stochastic,0.05,10
1093,655,752,0.5081500735877572,0.584440249540556,0.6311450468258039,8.627630375114364,7.244274809160306,8.712765957446809,58,0,50,0.5,0.5,0.5,genetic,stochastic,stochastic,0.05,10
1108,657,735,0.5089490983188732,0.5849171000899127,0.6296409802941277,8.879061371841155,7.10806697108067,8.56734693877551,59,0,50,0.5,0.5,0.5,genetic,stochastic,stochastic,0.05,10
1112,664,724,0.5091358856511278,0.5840661913542086,0.6312248151197025,9.082733812949641,6.9352409638554215,8.400552486187845,60,0,50,0.5,0.5,0.5,genetic,stochastic,stochastic,0.05,10
1120,665,715,0.5093284989737132,0.5913783261917069,0.6349081755117618,9.39017857142857,6.815037593984963,8.12027972027972,61,0,50,0.5,0.5,0.5,genetic,stochastic,stochastic,0.05,10
1107,696,697,0.5094548933917972,0.5952860691989964,0.6354790640821213,9.654019873532068,6.883620689655173,8.070301291248207,62,0,50,0.5,0.5,0.5,genetic,stochastic,stochastic,0.05,10
1090,727,683,0.510328550674105,0.6022026278593117,0.6341774396024098,9.928440366972477,6.74828060522696,8.026354319180088,63,0,50,0.5,0.5,0.5,genetic,stochastic,stochastic,0.05,10
1088,752,660,0.5103796773100248,0.6120008950069488,0.6277312932425904,9.960477941176471,6.767287234042553,7.972727272727273,64,0,50,0.5,0.5,0.5,genetic,stochastic,stochastic,0.05,10
1044,788,668,0.5100720551897525,0.620440976259524,0.6264141176585933,10.21551724137931,6.557106598984771,7.905688622754491,65,0,50,0.5,0.5,0.5,genetic,stochastic,stochastic,0.05,10
1010,846,644,0.5104818309131866,0.6236781631161117,0.6224519370047541,10.277227722772277,6.560283687943262,7.894409937888199,66,0,50,0.5,0.5,0.5,genetic,stochastic,stochastic,0.05,10
995,874,631,0.5116432843581125,0.6281585978072394,0.6146958020002482,10.142713567839197,6.762013729977117,7.624405705229794,67,0,50,0.5,0.5,0.5,genetic,stochastic,stochastic,0.05,10
966,902,632,0.5099619191509371,0.6291215511008311,0.6175634177721745,10.15527950310559,6.954545454545454,7.6613924050632916,68,0,50,0.5,0.5,0.5,genetic,stochastic,stochastic,0.05,10
923,913,664,0.5105515668217533,0.632059938400049,0.6199102760237066,9.929577464788732,6.974808324205915,7.27710843373494,69,0,50,0.5,0.5,0.5,genetic,stochastic,stochastic,0.05,10
909,925,666,0.511886944003916,0.6317596756646416,0.6165586845528248,9.761276127612762,7.1416216216216215,7.2807807807807805,70,0,50,0.5,0.5,0.5,genetic,stochastic,stochastic,0.05,10
898,922,680,0.5119073667324484,0.6323612039393215,0.6201379601192268,9.866369710467707,7.445770065075922,7.248529411764705,71,0,50,0.5,0.5,0.5,genetic,stochastic,stochastic,0.05,10
875,931,694,0.511335915895517,0.633685148453986,0.6261864236792544,10.02742857142857,7.762620837808807,7.247838616714698,72,0,50,0.5,0.5,0.5,genetic,stochastic,stochastic,0.05,10
863,922,715,0.5118951707101518,0.6409833539015378,0.6271527763805906,9.889918887601391,7.991323210412148,7.095104895104895,73,0,50,0.5,0.5,0.5,genetic,stochastic,stochastic,0.05,10
839,923,738,0.5124779442408659,0.6423565450775793,0.631128455710328,9.935637663885577,8.125677139761647,7.075880758807588,74,0,50,0.5,0.5,0.5,genetic,stochastic,stochastic,0.05,10
802,928,770,0.5128954689207393,0.6503839897206002,0.6367374111271681,9.840399002493765,8.168103448275861,7.0285714285714285,75,0,50,0.5,0.5,0.5,genetic,stochastic,stochastic,0.05,10
751,945,804,0.5127329397011193,0.6625782987776914,0.6409556183287698,9.613848202396804,8.094179894179895,6.920398009950249,76,0,50,0.5,0.5,0.5,genetic,stochastic,stochastic,0.05,10
720,932,848,0.5167435416967366,0.6720523392698391,0.6452718276187689,9.35,8.084763948497853,6.732311320754717,77,0,50,0.5,0.5,0.5,genetic,stochastic,stochastic,0.05,10
685,904,911,0.5176982222659138,0.6830818541205165,0.6495870788440276,9.147445255474453,7.974557522123894,6.71569703622393,78,0,50,0.5,0.5,0.5,genetic,stochastic,stochastic,0.05,10
654,875,971,0.5166349632768654,0.6901250756313584,0.6573632092655571,8.938837920489297,8.006857142857143,6.6467559217301755,79,0,50,0.5,0.5,0.5,genetic,stochastic,stochastic,0.05,10
632,823,1045,0.5150711240688509,0.6985183155106138,0.6651806184312289,9.08860759493671,7.905224787363305,6.719617224880383,80,0,50,0.5,0.5,0.5,genetic,stochastic,stochastic,0.05,10
618,754,1128,0.5153055765173192,0.7049673690351352,0.6729002175375444,8.964401294498382,7.6684350132626,6.673758865248227,81,0,50,0.5,0.5,0.5,genetic,stochastic,stochastic,0.05,10
633,704,1163,0.5155822977753535,0.7093707903930411,0.6759365302959115,8.530805687203792,7.610795454545454,6.7962166809974205,82,0,50,0.5,0.5,0.5,genetic,stochastic,stochastic,0.05,10
640,645,1215,0.5163467778067355,0.7162892763895233,0.6818020391291972,8.1375,7.198449612403101,6.895473251028807,83,0,50,0.5,0.5,0.5,genetic,stochastic,stochastic,0.05,10
627,625,1248,0.5158433623005348,0.7190298473286922,0.6859340497267823,7.896331738437001,7.0592,7.217147435897436,84,0,50,0.5,0.5,0.5,genetic,stochastic,stochastic,0.05,10
629,598,1273,0.5146575360488512,0.721702950355766,0.6914450159328737,7.5627980922098565,7.025083612040134,7.54752553024352,85,0,50,0.5,0.5,0.5,genetic,stochastic,stochastic,0.05,10
673,548,1279,0.5143983709684761,0.7181706551195989,0.69620277394953,7.335809806835067,6.967153284671533,7.8389366692728695,86,0,50,0.5,0.5,0.5,genetic,stochastic,stochastic,0.05,10
690,531,1279,0.5149425136032999,0.7174736373160502,0.6952597202568035,7.242028985507246,6.932203389830509,8.256450351837373,87,0,50,0.5,0.5,0.5,genetic,stochastic,stochastic,0.05,10
734,495,1271,0.5158031683833355,0.7162959029573941,0.6956703942569437,7.107629427792916,7.008080808080808,8.592446892210857,88,0,50,0.5,0.5,0.5,genetic,stochastic,stochastic,0.05,10
784,454,1262,0.5178236446163921,0.7148048832715336,0.6967167639275405,6.911989795918367,6.942731277533039,8.83755942947702,89,0,50,0.5,0.5,0.5,genetic,stochastic,stochastic,0.05,10
847,421,1232,0.5173712376254144,0.7082787124058075,0.6980851648526281,6.861865407319953,6.97624703087886,9.135551948051948,90,0,50,0.5,0.5,0.5,genetic,stochastic,stochastic,0.05,10
903,402,1195,0.5197678148711637,0.7047026658469955,0.699155940461876,7.021040974529346,7.067164179104478,9.561506276150627,91,0,50,0.5,0.5,0.5,genetic,stochastic,stochastic,0.05,10
939,418,1143,0.5199867498580351,0.7041630420624639,0.6985142701318218,7.068157614483493,6.77511961722488,9.965004374453194,92,0,50,0.5,0.5,0.5,genetic,stochastic,stochastic,0.05,10
995,429,1076,0.5192989634071032,0.7067054956904641,0.7016678522088433,7.0954773869346734,6.615384615384615,10.33271375464684,93,0,50,0.5,0.5,0.5,genetic,stochastic,stochastic,0.05,10
1032,442,1026,0.5199831802296644,0.7115189633883812,0.7026191407342621,7.35562015503876,6.733031674208145,10.807017543859649,94,0,50,0.5,0.5,0.5,genetic,stochastic,stochastic,0.05,10
1046,455,999,0.519455632383752,0.7119780795240832,0.7067047165249599,7.524856596558317,6.373626373626373,10.998998998999,95,0,50,0.5,0.5,0.5,genetic,stochastic,stochastic,0.05,10
1065,486,949,0.5212551671263493,0.7232006684635931,0.7109326795261325,7.624413145539906,6.100823045267489,11.269757639620654,96,0,50,0.5,0.5,0.5,genetic,stochastic,stochastic,0.05,10
1105,501,894,0.5217345260043743,0.7193392896288646,0.7153360821673741,7.752036199095023,6.135728542914172,11.295302013422818,97,0,50,0.5,0.5,0.5,genetic,stochastic,stochastic,0.05,10
1084,534,882,0.5217996305379499,0.7246537034498791,0.7193354577548059,8.083948339483396,5.953183520599251,11.33673469387755,98,0,50,0.5,0.5,0.5,genetic,stochastic,stochastic,0.05,10
1107,521,872,0.5227856395028116,0.7317475788975252,0.72323726626695,8.218608852755194,5.927063339731286,11.099770642201834,99,0,50,0.5,0.5,0.5,genetic,stochastic,stochastic,0.05,10
1106,563,831,0.5217251295094653,0.7468260486914625,0.7281201955597547,8.226039783001807,5.538188277087034,10.58604091456077,100,0,50,0.5,0.5,0.5,genetic,stochastic,stochastic,0.05,10
1081,600,819,0.5206347783834822,0.7549412147971578,0.7331765080069836,8.334875115633672,5.388333333333334,10.371184371184372,101,0,50,0.5,0.5,0.5,genetic,stochastic,stochastic,0.05,10
1055,627,818,0.5215602530003557,0.765570577181023,0.7385576477953398,8.434123222748815,5.280701754385965,10.250611246943766,102,0,50,0.5,0.5,0.5,genetic,stochastic,stochastic,0.05,10
1049,654,797,0.5214039138066735,0.7769396893796071,0.7376144205963012,8.357483317445185,5.154434250764526,9.883312421580928,103,0,50,0.5,0.5,0.5,genetic,stochastic,stochastic,0.05,10
1034,672,794,0.5190759654051089,0.7827933082320956,0.745891037544709,8.446808510638299,5.038690476190476,9.591939546599496,104,0,50,0.5,0.5,0.5,genetic,stochastic,stochastic,0.05,10
999,697,804,0.5182011864920503,0.7895533112114681,0.7489347518051437,8.633633633633634,5.0215208034433285,9.293532338308458,105,0,50,0.5,0.5,0.5,genetic,stochastic,stochastic,0.05,10
936,741,823,0.5176922248850755,0.7962898979955707,0.7498908956591224,8.816239316239317,4.98110661268556,9.051032806804374,106,0,50,0.5,0.5,0.5,genetic,stochastic,stochastic,0.05,10
899,767,834,0.5196191753908533,0.7909300879784991,0.7563313203482773,8.714126807563959,5.065189048239896,8.727817745803357,107,0,50,0.5,0.5,0.5,genetic,stochastic,stochastic,0.05,10
857,796,847,0.5176159834367935,0.7940288056967229,0.7569357996876378,8.543757292882146,5.206030150753769,8.641086186540733,108,0,50,0.5,0.5,0.5,genetic,stochastic,stochastic,0.05,10
841,806,853,0.5180569311182104,0.7976566852379517,0.7634633657898565,8.378121284185493,5.403225806451613,8.515826494724502,109,0,50,0.5,0.5,0.5,genetic,stochastic,stochastic,0.05,10
823,805,872,0.5190908909519403,0.7995693140924085,0.770619533522479,8.038882138517618,5.572670807453417,8.277522935779816,110,0,50,0.5,0.5,0.5,genetic,stochastic,stochastic,0.05,10
816,791,893,0.5191716869737499,0.805093280865321,0.7772003682939291,7.879901960784314,5.735777496839444,7.997760358342665,111,0,50,0.5,0.5,0.5,genetic,stochastic,stochastic,0.05,10
794,792,914,0.5178908865650514,0.8069869540607774,0.7836459947747277,7.603274559193955,5.755050505050505,7.826039387308534,112,0,50,0.5,0.5,0.5,genetic,stochastic,stochastic,0.05,10
794,766,940,0.5183119365591126,0.802324895632162,0.7844497276972255,7.2191435768261965,5.7702349869451695,7.425531914893617,113,0,50,0.5,0.5,0.5,genetic,stochastic,stochastic,0.05,10
810,757,933,0.5186522766524182,0.8031387072912443,0.785086437411302,6.839506172839506,5.834874504623514,7.071811361200429,114,0,50,0.5,0.5,0.5,genetic,stochastic,stochastic,0.05,10
795,749,956,0.5207922556318334,0.8026103529637733,0.7871510036995106,6.930817610062893,5.957276368491322,7.130753138075314,115,0,50,0.5,0.5,0.5,genetic,stochastic,stochastic,0.05,10
782,725,993,0.5231314799140273,0.8029839528903634,0.7938668167714423,6.915601023017903,5.9158620689655175,6.956696878147029,116,0,50,0.5,0.5,0.5,genetic,stochastic,stochastic,0.05,10
777,711,1012,0.5207696719302136,0.7991509823968861,0.796877752805821,6.7001287001287,5.9831223628691985,6.930830039525691,117,0,50,0.5,0.5,0.5,genetic,stochastic,stochastic,0.05,10
766,684,1050,0.5200245831087523,0.8031954735226073,0.7963026257585097,6.629242819843342,6.0701754385964914,6.925714285714286,118,0,50,0.5,0.5,0.5,genetic,stochastic,stochastic,0.05,10
726,707,1067,0.5220453935583457,0.804450042922648,0.7986583575711048,6.577134986225896,5.7595473833097595,7.062792877225867,119,0,50,0.5,0.5,0.5,genetic,stochastic,stochastic,0.05,10
757,684,1059,0.524136034648012,0.8065528806991624,0.7989009197366528,6.332892998678996,5.675438596491228,7.187913125590179,120,0,50,0.5,0.5,0.5,genetic,stochastic,stochastic,0.05,10
728,664,1108,0.5258551522440458,0.8116894208120679,0.7958598966726679,6.563186813186813,5.629518072289157,7.271660649819495,121,0,50,0.5,0.5,0.5,genetic,stochastic,stochastic,0.05,10
723,651,1126,0.526660469468757,0.8184847941702347,0.7983401582455711,6.674965421853389,5.712749615975422,7.5097690941385435,122,0,50,0.5,0.5,0.5,genetic,stochastic,stochastic,0.05,10
727,620,1153,0.5280649996826291,0.8197938577818185,0.7972351893019824,6.588720770288858,5.538709677419355,7.625325238508239,123,0,50,0.5,0.5,0.5,genetic,stochastic,stochastic,0.05,10
757,589,1154,0.5272984555557004,0.8224411169672738,0.7991897558946784,6.315719947159842,5.728353140916808,7.7374350086655115,124,0,50,0.5,0.5,0.5,genetic,stochastic,stochastic,0.05,10
779,544,1177,0.5279541313834099,0.831956206195521,0.8019315981135097,6.328626444159179,5.5,7.731520815632965,125,0,50,0.5,0.5,0.5,genetic,stochastic,stochastic,0.05,10
782,533,1185,0.5278021222653329,0.8354807479109039,0.8019842818809438,6.429667519181586,5.470919324577861,7.974683544303797,126,0,50,0.5,0.5,0.5,genetic,stochastic,stochastic,0.05,10
820,496,1184,0.527515364036139,0.8344842873502847,0.8034184902839336,6.339024390243902,5.352822580645161,8.039695945945946,127,0,50,0.5,0.5,0.5,genetic,stochastic,stochastic,0.05,10
852,482,1166,0.5263379865902063,0.8391347468894731,0.8019243300680787,6.343896713615023,5.236514522821577,8.165523156089193,128,0,50,0.5,0.5,0.5,genetic,stochastic,stochastic,0.05,10
879,494,1127,0.5249913101887679,0.8427018668834463,0.7981027338508255,6.379977246871444,5.133603238866397,8.327417923691216,129,0,50,0.5,0.5,0.5,genetic,stochastic,stochastic,0.05,10
918,474,1108,0.5234325401237631,0.8437805624918779,0.7956113670921202,6.377995642701525,5.10126582278481,8.415162454873647,130,0,50,0.5,0.5,0.5,genetic,stochastic,stochastic,0.05,10
952,466,1082,0.5236234814289247,0.8481321115354358,0.7948625622237038,6.516806722689076,4.937768240343348,8.601663585951941,131,0,50,0.5,0.5,0.5,genetic,stochastic,stochastic,0.05,10
978,462,1060,0.5243754203952498,0.8443629220896937,0.7956471678631222,6.6094069529652355,4.891774891774892,8.61320754716981,132,0,50,0.5,0.5,0.5,genetic,stochastic,stochastic,0.05,10
983,476,1041,0.5250453741042482,0.8443141247757059,0.7956768754009023,6.667344862665311,4.703781512605042,8.720461095100864,133,0,50,0.5,0.5,0.5,genetic,stochastic,stochastic,0.05,10
1020,449,1031,0.5259068407949278,0.8498471349603341,0.7931459613364275,6.873529411764705,4.6236080178173715,8.827352085354025,134,0,50,0.5,0.5,0.5,genetic,stochastic,stochastic,0.05,10
1035,477,988,0.5274390670296811,0.8488141405758804,0.7929377890478455,6.865700483091787,4.387840670859539,9.073886639676113,135,0,50,0.5,0.5,0.5,genetic,stochastic,stochastic,0.05,10
1053,504,943,0.5296595017222022,0.8530128214433378,0.7927369819756095,6.8670465337132,4.253968253968254,9.120890774125133,136,0,50,0.5,0.5,0.5,genetic,stochastic,stochastic,0.05,10
1043,546,911,0.5301071999435034,0.8551306463042707,0.7944903028995457,7.021093000958773,4.206959706959707,9.334796926454446,137,0,50,0.5,0.5,0.5,genetic,stochastic,stochastic,0.05,10
1024,581,895,0.5321559146945296,0.8611762413071642,0.7987088924686202,7.1904296875,4.235800344234079,9.19217877094972,138,0,50,0.5,0.5,0.5,genetic,stochastic,stochastic,0.05,10
1016,609,875,0.5331623273404317,0.8605693837061633,0.8047914909733154,7.200787401574803,4.2282430213464695,8.88342857142857,139,0,50,0.5,0.5,0.5,genetic,stochastic,stochastic,0.05,10
994,631,875,0.5344227379517021,0.8588818436136525,0.810654670678403,7.26056338028169,4.302694136291601,8.617142857142857,140,0,50,0.5,0.5,0.5,genetic,stochastic,stochastic,0.05,10
958,645,897,0.5368185993632799,0.8607814175534984,0.8168745949915537,7.04384133611691,4.1286821705426355,8.085841694537347,141,0,50,0.5,0.5,0.5,genetic,stochastic,stochastic,0.05,10
968,631,901,0.5383798584350864,0.8574877509885883,0.8245674194354046,6.929752066115703,4.19175911251981,7.786903440621532,142,0,50,0.5,0.5,0.5,genetic,stochastic,stochastic,0.05,10
946,620,934,0.5372560945297886,0.8549713863723437,0.8342098851622264,6.920718816067653,4.167741935483871,7.450749464668094,143,0,50,0.5,0.5,0.5,genetic,stochastic,stochastic,0.05,10
936,609,955,0.5374659510790123,0.8524889014289032,0.8410376692582082,6.967948717948718,4.213464696223317,7.233507853403141,144,0,50,0.5,0.5,0.5,genetic,stochastic,stochastic,0.05,10
928,585,987,0.5356282687912204,0.8509026197784115,0.8483302382641171,7.023706896551724,4.203418803418804,7.0476190476190474,145,0,50,0.5,0.5,0.5,genetic,stochastic,stochastic,0.05,10
936,622,942,0.53588459552323,0.8524679500221298,0.8511965154036086,6.909188034188034,4.409967845659164,7.088110403397027,146,0,50,0.5,0.5,0.5,genetic,stochastic,stochastic,0.05,10
945,610,945,0.5366580092581775,0.8582412645772812,0.854440960330561,6.95978835978836,4.50983606557377,6.852910052910053,147,0,50,0.5,0.5,0.5,genetic,stochastic,stochastic,0.05,10
938,604,958,0.5354849112032372,0.8623949636857228,0.8576942180347109,7.066098081023454,4.582781456953643,6.815240083507307,148,0,50,0.5,0.5,0.5,genetic,stochastic,stochastic,0.05,10
928,597,975,0.5344815353094574,0.8691905829246587,0.8605969510347029,7.28125,4.649916247906198,6.903589743589744,149,0,50,0.5,0.5,0.5,genetic,stochastic,stochastic,0.05,10
910,601,989,0.5353000449043521,0.8715854540677198,0.8640428500979603,7.163736263736264,4.62063227953411,7.010111223458038,150,0,50,0.5,0.5,0.5,genetic,stochastic,stochastic,0.05,10
925,593,982,0.5338401657663012,0.8738999770347871,0.869038813749296,7.132972972972973,4.655986509274873,7.040733197556008,151,0,50,0.5,0.5,0.5,genetic,stochastic,stochastic,0.05,10
918,572,1010,0.5317044896768349,0.8771011005947134,0.8666652876852385,7.212418300653595,4.536713286713287,7.0029702970297025,152,0,50,0.5,0.5,0.5,genetic,stochastic,stochastic,0.05,10
916,593,991,0.5307683020305072,0.8742999442629793,0.8666363540503794,7.010917030567685,4.6070826306914,7.1907164480322905,153,0,50,0.5,0.5,0.5,genetic,stochastic,stochastic,0.05,10
937,607,956,0.529181724465539,0.8689870395814708,0.8647827791378373,6.92102454642476,4.640856672158155,7.370292887029288,154,0,50,0.5,0.5,0.5,genetic,stochastic,stochastic,0.05,10
945,624,931,0.5289752381714863,0.8662748212808057,0.8589156828958538,6.770370370370371,4.727564102564102,7.455424274973147,155,0,50,0.5,0.5,0.5,genetic,stochastic,stochastic,0.05,10
959,623,918,0.5295279789119354,0.8617491926114009,0.853753100079049,6.489051094890511,4.841091492776886,7.444444444444445,156,0,50,0.5,0.5,0.5,genetic,stochastic,stochastic,0.05,10
955,640,905,0.5315659215334243,0.8647687056785369,0.8487915769313089,6.436649214659686,4.7625,7.386740331491713,157,0,50,0.5,0.5,0.5,genetic,stochastic,stochastic,0.05,10
959,637,904,0.5315647090189366,0.8655103916094222,0.8470202518244159,6.592283628779979,4.828885400313972,7.248893805309734,158,0,50,0.5,0.5,0.5,genetic,stochastic,stochastic,0.05,10
968,629,903,0.531280782970414,0.8604148093164127,0.8428000614018878,6.827479338842975,4.976152623211447,7.2048726467331115,159,0,50,0.5,0.5,0.5,genetic,stochastic,stochastic,0.05,10
971,605,924,0.532197397329739,0.8563394520588535,0.8431010234940156,7.2306900102986615,5.249586776859504,7.0768398268398265,160,0,50,0.5,0.5,0.5,genetic,stochastic,stochastic,0.05,10
988,549,963,0.5330131148031607,0.8505255371397296,0.8417237093687819,7.52834008097166,5.48087431693989,6.840083073727934,161,0,50,0.5,0.5,0.5,genetic,stochastic,stochastic,0.05,10
985,525,990,0.5329985977026195,0.8492832546834744,0.8392559434442636,7.668020304568528,5.3028571428571425,6.679797979797979,162,0,50,0.5,0.5,0.5,genetic,stochastic,stochastic,0.05,10
988,498,1014,0.5345505497947162,0.8522124297592909,0.8401098352791729,8.026315789473685,5.28714859437751,6.605522682445759,163,0,50,0.5,0.5,0.5,genetic,stochastic,stochastic,0.05,10
961,488,1051,0.5333176829264689,0.8556731431639933,0.8386243051653008,8.23621227887617,4.948770491803279,6.571836346336822,164,0,50,0.5,0.5,0.5,genetic,stochastic,stochastic,0.05,10
950,493,1057,0.5332598619315418,0.862201875983643,0.8391609641299513,8.25157894736842,4.622718052738337,6.665089877010407,165,0,50,0.5,0.5,0.5,genetic,stochastic,stochastic,0.05,10
965,486,1049,0.5344323029906515,0.8652607886547057,0.840354045391419,8.360621761658031,4.549382716049383,6.739752144899905,166,0,50,0.5,0.5,0.5,genetic,stochastic,stochastic,0.05,10
946,489,1065,0.5353312323842666,0.8647994590088971,0.8415999692785124,8.389006342494715,4.2024539877300615,6.898591549295775,167,0,50,0.5,0.5,0.5,genetic,stochastic,stochastic,0.05,10
948,501,1051,0.5342747618692967,0.8613604332979107,0.841159804802221,8.279535864978904,4.2315369261477045,7.32825880114177,168,0,50,0.5,0.5,0.5,genetic,stochastic,stochastic,0.05,10
956,517,1027,0.5359374446227833,0.8624877723828379,0.8448900823030723,8.225941422594142,4.392649903288201,7.697176241480039,169,0,50,0.5,0.5,0.5,genetic,stochastic,stochastic,0.05,10
963,540,997,0.5359467147291871,0.864176155124369,0.8443926248807633,8.175493250259606,4.483333333333333,8.034102306920762,170,0,50,0.5,0.5,0.5,genetic,stochastic,stochastic,0.05,10
974,546,980,0.534897090220355,0.8614895301059278,0.8400087689821067,8.219712525667351,4.633699633699634,8.221428571428572,171,0,50,0.5,0.5,0.5,genetic,stochastic,stochastic,0.05,10
973,575,952,0.5348554810044431,0.8654182073946437,0.8378595467571854,8.089414182939363,4.75304347826087,8.353991596638656,172,0,50,0.5,0.5,0.5,genetic,stochastic,stochastic,0.05,10
982,608,910,0.5347513130430598,0.8743863351591862,0.838275328962654,8.039714867617107,4.8667763157894735,8.523076923076923,173,0,50,0.5,0.5,0.5,genetic,stochastic,stochastic,0.05,10
974,626,900,0.5339480534759568,0.8712595891227856,0.8394918181962173,7.873716632443532,4.9297124600638975,8.41,174,0,50,0.5,0.5,0.5,genetic,stochastic,stochastic,0.05,10
962,648,890,0.5346447200605521,0.8722717474265175,0.8360077427399487,7.781704781704781,5.012345679012346,8.473033707865168,175,0,50,0.5,0.5,0.5,genetic,stochastic,stochastic,0.05,10
945,648,907,0.5359098898392791,0.8677446870218749,0.836735041214614,7.855026455026455,5.106481481481482,8.329658213891951,176,0,50,0.5,0.5,0.5,genetic,stochastic,stochastic,0.05,10
949,623,928,0.5368381665769116,0.862799128479663,0.8390974236323856,7.866174920969441,5.232744783306581,8.06573275862069,177,0,50,0.5,0.5,0.5,genetic,stochastic,stochastic,0.05,10
958,602,940,0.5380701598377398,0.8581276013300994,0.8384133665271002,8.01670146137787,5.3604651162790695,7.889361702127659,178,0,50,0.5,0.5,0.5,genetic,stochastic,stochastic,0.05,10
956,595,949,0.5393237413261566,0.8598083814865065,0.8407514325244632,7.872384937238493,5.1798319327731095,7.518440463645943,179,0,50,0.5,0.5,0.5,genetic,stochastic,stochastic,0.05,10
957,566,977,0.5398609523881596,0.8578383935102476,0.8439321995466351,7.830721003134796,5.049469964664311,7.103377686796315,180,0,50,0.5,0.5,0.5,genetic,stochastic,stochastic,0.05,10
947,580,973,0.541959625816825,0.8532902382454737,0.8440861027679664,7.8447729672650475,4.977586206896552,7.096608427543679,181,0,50,0.5,0.5,0.5,genetic,stochastic,stochastic,0.05,10
972,537,991,0.5419620645021354,0.8439918369154633,0.8447234200372459,7.838477366255144,4.778398510242086,6.749747729566095,182,0,50,0.5,0.5,0.5,genetic,stochastic,stochastic,0.05,10
972,545,983,0.541138806691338,0.8399484826842005,0.8452941979609676,7.9146090534979425,4.7394495412844035,6.8382502543234995,183,0,50,0.5,0.5,0.5,genetic,stochastic,stochastic,0.05,10
939,566,995,0.5392555331388528,0.8356237255389074,0.8444465255969651,8.002129925452609,4.455830388692579,6.981909547738693,184,0,50,0.5,0.5,0.5,genetic,stochastic,stochastic,0.05,10
936,564,1000,0.5385085515201982,0.8296944163468817,0.8439780004715969,8.068376068376068,4.636524822695035,7.133,185,0,50,0.5,0.5,0.5,genetic,stochastic,stochastic,0.05,10
924,561,1015,0.53928291116943,0.8282964785108426,0.846852801103654,8.11147186147186,4.57397504456328,7.243349753694582,186,0,50,0.5,0.5,0.5,genetic,stochastic,stochastic,0.05,10
915,587,998,0.5398197231780504,0.8316850885429733,0.8464823524701133,7.987978142076503,4.606473594548552,7.577154308617234,187,0,50,0.5,0.5,0.5,genetic,stochastic,stochastic,0.05,10
930,590,980,0.5410951574825181,0.8412417815165619,0.8481141081823729,7.8043010752688176,4.610169491525424,7.63265306122449,188,0,50,0.5,0.5,0.5,genetic,stochastic,stochastic,0.05,10
900,618,982,0.5409166667513803,0.8478088513988958,0.8476591559727874,7.754444444444444,4.546925566343042,7.726069246435845,189,0,50,0.5,0.5,0.5,genetic,stochastic,stochastic,0.05,10
909,601,990,0.5406125965624375,0.85063130934639,0.8495048082961574,7.680968096809681,4.678868552412646,7.714141414141414,190,0,50,0.5,0.5,0.5,genetic,stochastic,stochastic,0.05,10
905,603,992,0.5415545051363836,0.8605866298269488,0.8521849787121654,7.54696132596685,4.679933665008292,7.731854838709677,191,0,50,0.5,0.5,0.5,genetic,stochastic,stochastic,0.05,10
912,605,983,0.5408159253243867,0.8674503145928363,0.84907750608287,7.282894736842105,4.6909090909090905,7.728382502543235,192,0,50,0.5,0.5,0.5,genetic,stochastic,stochastic,0.05,10
903,597,1000,0.5430410087051437,0.8704468926512523,0.8495328340251809,7.081949058693245,4.800670016750419,7.771,193,0,50,0.5,0.5,0.5,genetic,stochastic,stochastic,0.05,10
936,604,960,0.5445231376241203,0.8725269333536319,0.8542948936093421,6.90491452991453,4.996688741721854,8.026041666666666,194,0,50,0.5,0.5,0.5,genetic,stochastic,stochastic,0.05,10
941,626,933,0.5453910859384359,0.876693213839867,0.8533600814646487,6.738575982996812,4.998402555910543,8.120042872454448,195,0,50,0.5,0.5,0.5,genetic,stochastic,stochastic,0.05,10
936,644,920,0.5450204974591691,0.8826078407558737,0.8498771146006695,6.743589743589744,5.0062111801242235,8.034782608695652,196,0,50,0.5,0.5,0.5,genetic,stochastic,stochastic,0.05,10
952,628,920,0.5490179448666848,0.8844581402757761,0.8496672505830541,6.811974789915967,5.197452229299363,7.765217391304348,197,0,50,0.5,0.5,0.5,genetic,stochastic,stochastic,0.05,10
955,639,906,0.5504891078531573,0.8876472144293577,0.8522888551331784,6.815706806282723,5.197183098591549,7.838852097130243,198,0,50,0.5,0.5,0.5,genetic,stochastic,stochastic,0.05,10
956,625,919,0.5500765838907338,0.8841709545749913,0.8505975786026518,6.871338912133891,5.1184,7.622415669205658,199,0,50,0.5,0.5,0.5,genetic,stochastic,stochastic,0.05,10
940,600,960,0.5500592870305729,0.8838712279528272,0.8497178011546336,7.122340425531915,4.941666666666666,7.245833333333334,200,0,50,0.5,0.5,0.5,genetic,stochastic,stochastic,0.05,10
946,581,973,0.5516985353152712,0.8840505463105103,0.8537010472592718,7.346723044397463,4.967297762478485,7.115107913669065,201,0,50,0.5,0.5,0.5,genetic,stochastic,stochastic,0.05,10
908,585,1007,0.5538332736265714,0.8823994833100086,0.8564127922381277,7.383259911894273,4.617094017094017,6.938430983118173,202,0,50,0.5,0.5,0.5,genetic,stochastic,stochastic,0.05,10
861,619,1020,0.5547246362467704,0.879607731785606,0.8570369272191076,7.394889663182346,4.318255250403877,7.079411764705882,203,0,50,0.5,0.5,0.5,genetic,stochastic,stochastic,0.05,10
829,631,1040,0.5549005856113624,0.8805719339665841,0.8582586274007693,7.440289505428227,4.234548335974644,7.006730769230769,204,0,50,0.5,0.5,0.5,genetic,stochastic,stochastic,0.05,10
790,646,1064,0.5548753514361837,0.8772630749925155,0.8588111503092345,7.384810126582279,4.2291021671826625,7.139097744360902,205,0,50,0.5,0.5,0.5,genetic,stochastic,stochastic,0.05,10
755,650,1095,0.5545658270190699,0.8798816472365346,0.858867608255685,7.259602649006623,4.355384615384615,7.264840182648402,206,0,50,0.5,0.5,0.5,genetic,stochastic,stochastic,0.05,10
739,671,1090,0.5540160348336671,0.8804331500056224,0.8584942157297807,7.040595399188092,4.5931445603576755,7.577981651376147,207,0,50,0.5,0.5,0.5,genetic,stochastic,stochastic,0.05,10
740,651,1109,0.5530018905146454,0.877601500838144,0.8592330885020787,6.891891891891892,4.85099846390169,7.6501352569882775,208,0,50,0.5,0.5,0.5,genetic,stochastic,stochastic,0.05,10
746,625,1129,0.5507702008789818,0.8779533442317213,0.8555697935653823,6.7117962466487935,5.0576,7.6970770593445526,209,0,50,0.5,0.5,0.5,genetic,stochastic,stochastic,0.05,10
742,619,1139,0.5485519620411731,0.8736865286771777,0.8512950632184069,6.618598382749326,5.1260096930533114,7.895522388059701,210,0,50,0.5,0.5,0.5,genetic,stochastic,stochastic,0.05,10
764,592,1144,0.5455107646903573,0.876262339380649,0.8475545954785464,6.475130890052356,5.197635135135135,7.999125874125874,211,0,50,0.5,0.5,0.5,genetic,stochastic,stochastic,0.05,10
801,566,1133,0.5444482184366227,0.8752946644216681,0.8445286164461043,6.3083645443196,5.369257950530035,8.157105030891438,212,0,50,0.5,0.5,0.5,genetic,stochastic,stochastic,0.05,10
857,546,1097,0.5449511169448764,0.8744717660020099,0.8394402397013205,6.315052508751458,5.717948717948718,8.388331814038287,213,0,50,0.5,0.5,0.5,genetic,stochastic,stochastic,0.05,10
883,526,1091,0.5428602147554852,0.8706765088874385,0.8347475717662222,6.477916194790487,5.821292775665399,8.560036663611365,214,0,50,0.5,0.5,0.5,genetic,stochastic,stochastic,0.05,10
891,519,1090,0.5432119861963451,0.8721907040575846,0.8343106227781709,6.643097643097643,5.788053949903661,8.911009174311927,215,0,50,0.5,0.5,0.5,genetic,stochastic,stochastic,0.05,10
914,527,1059,0.5442817057771958,0.872447116511387,0.8353178871911864,6.708971553610503,5.759013282732448,9.104815864022664,216,0,50,0.5,0.5,0.5,genetic,stochastic,stochastic,0.05,10
946,514,1040,0.5429868782825539,0.8769642289669795,0.8357189224772806,6.9048625792811835,5.879377431906615,9.288461538461538,217,0,50,0.5,0.5,0.5,genetic,stochastic,stochastic,0.05,10
1012,472,1016,0.5429488140516977,0.8832102990198052,0.8347790280710299,6.9940711462450595,5.851694915254237,9.288385826771654,218,0,50,0.5,0.5,0.5,genetic,stochastic,stochastic,0.05,10
1027,453,1020,0.5431366869638192,0.8883754429612345,0.837742829052271,7.33398247322298,5.686534216335541,9.33921568627451,219,0,50,0.5,0.5,0.5,genetic,stochastic,stochastic,0.05,10
1036,452,1012,0.5425744275756805,0.8857303437454968,0.8358064749505608,7.395752895752896,5.241150442477876,9.295454545454545,220,0,50,0.5,0.5,0.5,genetic,stochastic,stochastic,0.05,10
1041,454,1005,0.5422925022213473,0.8891385961715255,0.838193800625689,7.595581171950048,4.814977973568282,9.475621890547263,221,0,50,0.5,0.5,0.5,genetic,stochastic,stochastic,0.05,10
1070,446,984,0.5424868696924801,0.8875147508203387,0.8406870895231652,7.807476635514019,4.766816143497758,9.45630081300813,222,0,50,0.5,0.5,0.5,genetic,stochastic,stochastic,0.05,10
1052,427,1021,0.542247353135825,0.8909969822915714,0.8426556683428333,8.144486692015208,4.46135831381733,9.29285014691479,223,0,50,0.5,0.5,0.5,genetic,stochastic,stochastic,0.05,10
1068,418,1014,0.5419765813535424,0.8836043086550812,0.8475396280057826,8.19943820224719,4.5311004784688995,9.338264299802761,224,0,50,0.5,0.5,0.5,genetic,stochastic,stochastic,0.05,10
1081,417,1002,0.5403213350072411,0.8862592170797025,0.8511005787465141,8.369102682701202,4.628297362110311,9.317365269461078,225,0,50,0.5,0.5,0.5,genetic,stochastic,stochastic,0.05,10
1106,394,1000,0.5415563383922121,0.8858207242290145,0.8500675186846604,8.689873417721518,4.563451776649746,9.272,226,0,50,0.5,0.5,0.5,genetic,stochastic,stochastic,0.05,10
1142,390,968,0.5435209418985069,0.8869154048499042,0.8550336414692944,8.71891418563923,4.423076923076923,9.262396694214877,227,0,50,0.5,0.5,0.5,genetic,stochastic,stochastic,0.05,10
1160,400,940,0.5445985878795853,0.8812735016695978,0.8524535500467151,8.735344827586207,4.2875,9.215957446808511,228,0,50,0.5,0.5,0.5,genetic,stochastic,stochastic,0.05,10
1167,433,900,0.5419219370045755,0.8749272754646219,0.8548116151504944,8.85432733504713,4.228637413394919,9.46888888888889,229,0,50,0.5,0.5,0.5,genetic,stochastic,stochastic,0.05,10
1180,475,845,0.5417446143188651,0.8750196918668732,0.8545824382396754,9.004237288135593,4.326315789473684,9.63905325443787,230,0,50,0.5,0.5,0.5,genetic,stochastic,stochastic,0.05,10
1163,520,817,0.5415221342546135,0.8746569829635167,0.8582881014033799,8.94067067927773,4.244230769230769,9.440636474908201,231,0,50,0.5,0.5,0.5,genetic,stochastic,stochastic,0.05,10
1159,558,783,0.5414226365845867,0.875621094135776,0.8595883978438045,8.810181190681622,4.333333333333333,9.302681992337165,232,0,50,0.5,0.5,0.5,genetic,stochastic,stochastic,0.05,10
1125,604,771,0.5421656167491504,0.8766025290103849,0.8614635965881868,8.773333333333333,4.370860927152318,9.299610894941635,233,0,50,0.5,0.5,0.5,genetic,stochastic,stochastic,0.05,10
1095,637,768,0.5450627010135914,0.8736249618775749,0.8671119847690528,8.792694063926941,4.328100470957613,8.822916666666666,234,0,50,0.5,0.5,0.5,genetic,stochastic,stochastic,0.05,10
1038,684,778,0.5429616989635214,0.8736707783692513,0.8708808738445533,8.738921001926782,4.273391812865497,8.546272493573264,235,0,50,0.5,0.5,0.5,genetic,stochastic,stochastic,0.05,10
976,748,776,0.5435461629136062,0.877748328873637,0.8747201461033923,8.711065573770492,4.2994652406417115,8.347938144329897,236,0,50,0.5,0.5,0.5,genetic,stochastic,stochastic,0.05,10
878,781,841,0.5439982606952782,0.8752642300331991,0.8764210040297562,8.65375854214123,4.180537772087068,7.824019024970274,237,0,50,0.5,0.5,0.5,genetic,stochastic,stochastic,0.05,10
819,776,905,0.5444599919511338,0.8729036873280867,0.8794445812913612,8.422466422466423,4.268041237113402,7.374585635359116,238,0,50,0.5,0.5,0.5,genetic,stochastic,stochastic,0.05,10
763,787,950,0.5444652429835259,0.8732116010797062,0.8806184680046216,8.36697247706422,4.40279542566709,7.296842105263158,239,0,50,0.5,0.5,0.5,genetic,stochastic,stochastic,0.05,10
715,786,999,0.5439828584839187,0.8735835840062552,0.8816190279577032,8.243356643356643,4.577608142493639,7.351351351351352,240,0,50,0.5,0.5,0.5,genetic,stochastic,stochastic,0.05,10
667,792,1041,0.5427086686599739,0.8777660247345952,0.8829930382186689,8.035982008995502,4.6893939393939394,7.266090297790586,241,0,50,0.5,0.5,0.5,genetic,stochastic,stochastic,0.05,10
638,790,1072,0.5419491265621873,0.875599921389899,0.8859644064419075,7.564263322884012,4.845569620253165,7.209888059701493,242,0,50,0.5,0.5,0.5,genetic,stochastic,stochastic,0.05,10
613,755,1132,0.5418916455230265,0.8730338746567885,0.8855736462483849,7.184339314845024,4.994701986754967,7.178445229681979,243,0,50,0.5,0.5,0.5,genetic,stochastic,stochastic,0.05,10
599,716,1185,0.5391609835515374,0.874883089822523,0.8860128993924682,7.076794657762938,5.2025139664804465,7.266666666666667,244,0,50,0.5,0.5,0.5,genetic,stochastic,stochastic,0.05,10
592,673,1235,0.5419479690431724,0.8712987031767625,0.8857887136517136,7.027027027027027,5.395245170876672,7.398380566801619,245,0,50,0.5,0.5,0.5,genetic,stochastic,stochastic,0.05,10
580,646,1274,0.5444262279307095,0.8679539559788554,0.8875084728673037,6.610344827586207,5.506191950464396,7.57221350078493,246,0,50,0.5,0.5,0.5,genetic,stochastic,stochastic,0.05,10
600,599,1301,0.5465603733168263,0.8646586794611312,0.8832462451673032,6.2316666666666665,5.59432387312187,7.833205226748655,247,0,50,0.5,0.5,0.5,genetic,stochastic,stochastic,0.05,10
626,541,1333,0.547837424421255,0.8600657378538571,0.8827983407924043,5.968051118210862,5.868761552680222,8.003750937734434,248,0,50,0.5,0.5,0.5,genetic,stochastic,stochastic,0.05,10
660,475,1365,0.5500487823632595,0.8593936442813729,0.8812483408506113,5.819696969696969,5.705263157894737,8.111355311355311,249,0,50,0.5,0.5,0.5,genetic,stochastic,stochastic,0.05,10
709,441,1350,0.551175032752722,0.8576997457796192,0.878333766294064,5.81805359661495,5.5646258503401365,8.413333333333334,250,0,50,0.5,0.5,0.5,genetic,stochastic,stochastic,0.05,10
770,379,1351,0.5529495668336674,0.8559945172363507,0.8745640308457125,5.863636363636363,5.678100263852243,8.535159141376758,251,0,50,0.5,0.5,0.5,genetic,stochastic,stochastic,0.05,10
819,365,1316,0.5538275580164862,0.8502250342491918,0.8712374549348004,5.915750915750916,5.424657534246576,8.974164133738602,252,0,50,0.5,0.5,0.5,genetic,stochastic,stochastic,0.05,10
911,346,1243,0.5558826696406519,0.8507539939979404,0.8718603019631233,5.9758507135016465,5.471098265895954,9.35076427996782,253,0,50,0.5,0.5,0.5,genetic,stochastic,stochastic,0.05,10
985,315,1200,0.5557426340359303,0.8484084389486886,0.87180366237044,6.103553299492386,5.396825396825397,9.508333333333333,254,0,50,0.5,0.5,0.5,genetic,stochastic,stochastic,0.05,10
1046,313,1141,0.5533974739420509,0.8481635646568761,0.8703517084003524,6.216061185468451,4.8690095846645365,9.740578439964944,255,0,50,0.5,0.5,0.5,genetic,stochastic,stochastic,0.05,10
1111,318,1071,0.554043194643176,0.8448411414918148,0.8680953220118445,6.424842484248424,4.430817610062893,9.969187675070028,256,0,50,0.5,0.5,0.5,genetic,stochastic,stochastic,0.05,10
1149,324,1027,0.5558738452049,0.8495776740138645,0.867354638031953,6.693646649260226,4.262345679012346,10.20253164556962,257,0,50,0.5,0.5,0.5,genetic,stochastic,stochastic,0.05,10
1192,336,972,0.5570761942971458,0.8472346297577205,0.8692769328493686,6.918624161073826,4.002976190476191,10.37448559670782,258,0,50,0.5,0.5,0.5,genetic,stochastic,stochastic,0.05,10
1236,368,896,0.5579460920913244,0.8292562979001555,0.8698470727150551,6.991909385113269,3.779891304347826,10.510044642857142,259,0,50,0.5,0.5,0.5,genetic,stochastic,stochastic,0.05,10
1260,423,817,0.5573303778090942,0.824904894960401,0.8723677831648023,7.134920634920635,3.6950354609929077,10.951040391676866,260,0,50,0.5,0.5,0.5,genetic,stochastic,stochastic,0.05,10
1267,474,759,0.5562132227832812,0.821682872521917,0.8734173773789624,7.295185477505919,3.789029535864979,11.092226613965744,261,0,50,0.5,0.5,0.5,genetic,stochastic,stochastic,0.05,10
1264,535,701,0.5569645183150395,0.8125593960347894,0.8732066841787978,7.3030063291139244,3.770093457943925,11.038516405135521,262,0,50,0.5,0.5,0.5,genetic,stochastic,stochastic,0.05,10
1254,597,649,0.5560896464914626,0.8140477634792933,0.8811305709408367,7.461722488038277,3.9045226130653266,10.633281972265022,263,0,50,0.5,0.5,0.5,genetic,stochastic,stochastic,0.05,10
1223,660,617,0.5548917753325747,0.8167692663118263,0.8888357485454385,7.717089125102207,4.090909090909091,10.319286871961102,264,0,50,0.5,0.5,0.5,genetic,stochastic,stochastic,0.05,10
1193,721,586,0.5559735061002795,0.8160862878616615,0.8912926221242964,7.919530595138307,4.305131761442441,9.863481228668942,265,0,50,0.5,0.5,0.5,genetic,stochastic,stochastic,0.05,10
1140,818,542,0.5553301585325177,0.8173561055730157,0.8919156058614289,7.9070175438596495,4.441320293398533,9.11070110701107,266,0,50,0.5,0.5,0.5,genetic,stochastic,stochastic,0.05,10
1076,871,553,0.5534618568731136,0.8186880817539294,0.8931205717663521,8.235130111524164,4.711825487944891,8.446654611211573,267,0,50,0.5,0.5,0.5,genetic,stochastic,stochastic,0.05,10
1006,906,588,0.5517942816772913,0.8205089757059622,0.8942741977062649,8.527833001988071,4.924944812362031,7.591836734693878,268,0,50,0.5,0.5,0.5,genetic,stochastic,stochastic,0.05,10
952,902,646,0.5527786170785324,0.8250993074596643,0.8952672188955404,8.762605042016807,5.05210643015521,6.767801857585139,269,0,50,0.5,0.5,0.5,genetic,stochastic,stochastic,0.05,10
890,893,717,0.5529862183326163,0.8246117898558367,0.8964700227068516,9.096629213483146,5.191489361702128,6.266387726638773,270,0,50,0.5,0.5,0.5,genetic,stochastic,stochastic,0.05,10
816,891,793,0.5534926582131343,0.8255491492323901,0.8957557536020753,9.438725490196079,5.347923681257015,6.045397225725095,271,0,50,0.5,0.5,0.5,genetic,stochastic,stochastic,0.05,10
748,890,862,0.5514340549376797,0.8249074489215839,0.8964017843447203,9.482620320855615,5.398876404494382,5.958236658932715,272,0,50,0.5,0.5,0.5,genetic,stochastic,stochastic,0.05,10
686,864,950,0.5513550147397988,0.8291620887121999,0.8976273837631377,9.348396501457726,5.424768518518518,5.921052631578948,273,0,50,0.5,0.5,0.5,genetic,stochastic,stochastic,0.05,10
641,827,1032,0.5543779776728742,0.8300136919631814,0.8978339961272669,9.290171606864275,5.570737605804111,5.910852713178294,274,0,50,0.5,0.5,0.5,genetic,stochastic,stochastic,0.05,10
593,799,1108,0.5557078769259693,0.8280583126604991,0.8997230764754991,8.932546374367622,5.448060075093867,6.135379061371841,275,0,50,0.5,0.5,0.5,genetic,stochastic,stochastic,0.05,10
558,777,1165,0.5594291354746672,0.832324371764039,0.8997726875659368,8.311827956989248,5.517374517374518,6.348497854077253,276,0,50,0.5,0.5,0.5,genetic,stochastic,stochastic,0.05,10
545,736,1219,0.5576367477484606,0.8275826955897366,0.8993628788873957,7.328440366972477,5.414402173913044,6.610336341263331,277,0,50,0.5,0.5,0.5,genetic,stochastic,stochastic,0.05,10
521,726,1253,0.5599401092158666,0.8298530669264269,0.8990395091196695,6.733205374280231,5.5523415977961434,6.932162809257782,278,0,50,0.5,0.5,0.5,genetic,stochastic,stochastic,0.05,10
558,681,1261,0.5587507355042303,0.8304077853901703,0.897013127033665,6.259856630824372,5.979441997063143,7.1776367961934975,279,0,50,0.5,0.5,0.5,genetic,stochastic,stochastic,0.05,10
584,629,1287,0.5583501685003264,0.8372765144704729,0.8994714893176177,5.928082191780822,6.119236883942766,7.3931623931623935,280,0,50,0.5,0.5,0.5,genetic,stochastic,stochastic,0.05,10
634,578,1288,0.557383941931987,0.8387444100870999,0.8996050137619309,5.847003154574132,6.491349480968858,7.72360248447205,281,0,50,0.5,0.5,0.5,genetic,stochastic,stochastic,0.05,10
683,498,1319,0.5563617803974915,0.8460052585196534,0.8983702973846712,5.857979502196193,6.7028112449799195,7.909021986353298,282,0,50,0.5,0.5,0.5,genetic,stochastic,stochastic,0.05,10
734,437,1329,0.5552579653092199,0.8471972349025807,0.895291212287389,5.9114441416893735,6.7070938215102975,8.104589917231001,283,0,50,0.5,0.5,0.5,genetic,stochastic,stochastic,0.05,10
812,378,1310,0.5554371446112011,0.8552413456776685,0.893479572498495,5.695812807881773,6.613756613756614,8.372519083969467,284,0,50,0.5,0.5,0.5,genetic,stochastic,stochastic,0.05,10
874,336,1290,0.556887059368972,0.8571505406325775,0.8912986272297417,5.804347826086956,6.336309523809524,8.673643410852714,285,0,50,0.5,0.5,0.5,genetic,stochastic,stochastic,0.05,10
949,300,1251,0.5590707574999425,0.856775381905389,0.8909486366457537,5.893572181243414,6.01,8.980015987210232,286,0,50,0.5,0.5,0.5,genetic,stochastic,stochastic,0.05,10
1005,278,1217,0.5589647185560789,0.8471473435046785,0.8904613904884313,6.205970149253731,5.820143884892087,9.315529991783073,287,0,50,0.5,0.5,0.5,genetic,stochastic,stochastic,0.05,10
1066,255,1179,0.5585138600943856,0.8469737331146351,0.8905721750782947,6.334896810506566,5.137254901960785,9.396946564885496,288,0,50,0.5,0.5,0.5,genetic,stochastic,stochastic,0.05,10
1142,268,1090,0.5588717442524551,0.842564266298945,0.8895794382557378,6.439579684763573,4.552238805970149,9.637614678899082,289,0,50,0.5,0.5,0.5,genetic,stochastic,stochastic,0.05,10
1220,266,1014,0.5553111057052722,0.8432190897363985,0.8903713892790571,6.640163934426229,4.567669172932331,9.908284023668639,290,0,50,0.5,0.5,0.5,genetic,stochastic,stochastic,0.05,10
1273,271,956,0.5545765521246743,0.8385359142320157,0.8885234163950437,7.018067556952082,4.306273062730627,10.25,291,0,50,0.5,0.5,0.5,genetic,stochastic,stochastic,0.05,10
1322,289,889,0.555110831141087,0.8506438535914015,0.8868810701326022,7.354765506807867,4.190311418685121,10.601799775028121,292,0,50,0.5,0.5,0.5,genetic,stochastic,stochastic,0.05,10
1359,328,813,0.5540505567308316,0.848319994277911,0.8865478022980554,7.565857247976453,3.801829268292683,10.851168511685117,293,0,50,0.5,0.5,0.5,genetic,stochastic,stochastic,0.05,10
1378,339,783,0.5537672566796764,0.8548033285879642,0.8869801209568123,7.985486211901306,3.7109144542772863,10.666666666666666,294,0,50,0.5,0.5,0.5,genetic,stochastic,stochastic,0.05,10
1436,362,702,0.5540516222058546,0.8542711360818469,0.8854366136345512,8.220752089136491,3.81767955801105,10.579772079772079,295,0,50,0.5,0.5,0.5,genetic,stochastic,stochastic,0.05,10
1435,417,648,0.5540422395732582,0.8552822226840902,0.8849822188028021,8.498954703832753,3.7314148681055155,10.578703703703704,296,0,50,0.5,0.5,0.5,genetic,stochastic,stochastic,0.05,10
1447,450,603,0.5516190324417968,0.8538263152831439,0.8878691244212313,8.762957843814789,3.9355555555555557,10.35323383084577,297,0,50,0.5,0.5,0.5,genetic,stochastic,stochastic,0.05,10
1444,493,563,0.5506316589258831,0.8526415669770627,0.8851634167586951,9.186980609418283,3.892494929006085,9.909413854351687,298,0,50,0.5,0.5,0.5,genetic,stochastic,stochastic,0.05,10
1426,560,514,0.5498037686422317,0.8550396614916524,0.8861720197673248,9.395511921458626,3.8964285714285714,9.710116731517509,299,0,50,0.5,0.5,0.5,genetic,stochastic,stochastic,0.05,10
1376,631,493,0.5484895857160269,0.8564440643236124,0.8845777123154188,9.752180232558139,3.911251980982567,9.060851926977687,300,0,50,0.5,0.5,0.5,genetic,stochastic,stochastic,0.05,10
1276,714,510,0.5473981921397025,0.8619535026931449,0.8789279278585075,10.11833855799373,3.8529411764705883,8.184313725490195,301,0,50,0.5,0.5,0.5,genetic,stochastic,stochastic,0.05,10
1212,743,545,0.5465521143874416,0.8577563999971536,0.8755336931046364,10.433168316831683,3.939434724091521,7.271559633027523,302,0,50,0.5,0.5,0.5,genetic,stochastic,stochastic,0.05,10
1138,774,588,0.546629598562597,0.8664517760250625,0.8737728185063453,10.730228471001757,4.069767441860465,6.670068027210885,303,0,50,0.5,0.5,0.5,genetic,stochastic,stochastic,0.05,10
1047,831,622,0.5444334409743175,0.8689435367580576,0.8706358536428542,10.907354345749761,4.262334536702768,6.257234726688103,304,0,50,0.5,0.5,0.5,genetic,stochastic,stochastic,0.05,10
954,862,684,0.5441184150578724,0.8725178635648663,0.8669874050750667,10.90251572327044,4.364269141531323,5.932748538011696,305,0,50,0.5,0.5,0.5,genetic,stochastic,stochastic,0.05,10
863,871,766,0.5447468013251057,0.873502481543102,0.8635485522032553,10.974507531865585,4.43398392652124,5.613577023498695,306,0,50,0.5,0.5,0.5,genetic,stochastic,stochastic,0.05,10
800,866,834,0.5453671857827412,0.8749677747993875,0.8627385714437787,11.0925,4.676674364896074,5.615107913669065,307,0,50,0.5,0.5,0.5,genetic,stochastic,stochastic,0.05,10
724,881,895,0.5474462344734399,0.8765368042875146,0.8632871157355925,10.588397790055248,4.70261066969353,5.660335195530727,308,0,50,0.5,0.5,0.5,genetic,stochastic,stochastic,0.05,10
675,877,948,0.5473270738837941,0.8765643331832098,0.8649897600984126,10.49925925925926,4.9372862029646525,5.839662447257384,309,0,50,0.5,0.5,0.5,genetic,stochastic,stochastic,0.05,10
647,845,1008,0.5519092149149328,0.8802230319704619,0.8665828040229484,9.585780525502319,5.112426035502959,5.929563492063492,310,0,50,0.5,0.5,0.5,genetic,stochastic,stochastic,0.05,10
629,806,1065,0.555498001054151,0.8833187135610204,0.8689042294197005,8.858505564387917,5.352357320099256,6.009389671361502,311,0,50,0.5,0.5,0.5,genetic,stochastic,stochastic,0.05,10
629,752,1119,0.5579402304153777,0.8894647172608483,0.8707002508035099,8.151033386327503,5.534574468085107,6.18319928507596,312,0,50,0.5,0.5,0.5,genetic,stochastic,stochastic,0.05,10
649,722,1129,0.5592927411641531,0.8922386204105176,0.8691201932826641,7.200308166409862,5.728531855955679,6.4074402125775025,313,0,50,0.5,0.5,0.5,genetic,stochastic,stochastic,0.05,10
648,679,1173,0.5588427522825806,0.8937580851516149,0.8680651370987972,6.771604938271605,5.670103092783505,6.557544757033248,314,0,50,0.5,0.5,0.5,genetic,stochastic,stochastic,0.05,10
654,648,1198,0.5593671891267245,0.8945220324931521,0.867685239993761,6.192660550458716,5.669753086419753,6.747913188647746,315,0,50,0.5,0.5,0.5,genetic,stochastic,stochastic,0.05,10
675,580,1245,0.5578348987100107,0.8875325871046118,0.8696644073991165,5.906666666666666,5.63448275862069,6.831325301204819,316,0,50,0.5,0.5,0.5,genetic,stochastic,stochastic,0.05,10
707,510,1283,0.5588168426054969,0.8858628106063695,0.8695194565319031,5.944837340876945,5.672549019607843,7.083398285268901,317,0,50,0.5,0.5,0.5,genetic,stochastic,stochastic,0.05,10
737,449,1314,0.557288284307317,0.8830012462302205,0.8721737948636029,6.020352781546811,5.363028953229398,7.249619482496195,318,0,50,0.5,0.5,0.5,genetic,stochastic,stochastic,0.05,10
764,425,1311,0.5561667866967771,0.8750211729321822,0.8725981417069594,6.0811518324607325,4.988235294117647,7.511060259344013,319,0,50,0.5,0.5,0.5,genetic,stochastic,stochastic,0.05,10
841,384,1275,0.5568337896635783,0.8683019262016791,0.8736848588773671,6.0915576694411415,4.846354166666667,7.832156862745098,320,0,50,0.5,0.5,0.5,genetic,stochastic,stochastic,0.05,10
909,348,1243,0.5552327869890958,0.8720422872889092,0.8725693538687602,6.156215621562156,4.695402298850575,8.082059533386968,321,0,50,0.5,0.5,0.5,genetic,stochastic,stochastic,0.05,10
941,329,1230,0.5538411292482454,0.8743330393198211,0.8708652672518175,6.411264612114771,4.25531914893617,8.310569105691057,322,0,50,0.5,0.5,0.5,genetic,stochastic,stochastic,0.05,10
987,343,1170,0.5560454733228458,0.8787084036793545,0.8687063470991654,6.603850050658561,4.093294460641399,8.744444444444444,323,0,50,0.5,0.5,0.5,genetic,stochastic,stochastic,0.05,10
1034,368,1098,0.5544014295046796,0.873284470732048,0.8671168302361764,6.78046421663443,4.141304347826087,9.269581056466302,324,0,50,0.5,0.5,0.5,genetic,stochastic,stochastic,0.05,10
1070,386,1044,0.5529657450046742,0.8852510364196882,0.8694944641752256,6.890654205607476,4.038860103626943,9.439655172413794,325,0,50,0.5,0.5,0.5,genetic,stochastic,stochastic,0.05,10
1104,423,973,0.5513244219089816,0.8837889592704143,0.8707585163752927,6.913043478260869,4.035460992907802,9.741007194244604,326,0,50,0.5,0.5,0.5,genetic,stochastic,stochastic,0.05,10
1134,445,921,0.5501947539427642,0.8850804978534113,0.8686533204918911,7.12962962962963,4.143820224719101,9.98371335504886,327,0,50,0.5,0.5,0.5,genetic,stochastic,stochastic,0.05,10
1134,481,885,0.5496995523089826,0.883772874896859,0.869656057731749,7.411816578483245,4.239085239085239,10.225988700564972,328,0,50,0.5,0.5,0.5,genetic,stochastic,stochastic,0.05,10
1129,500,871,0.5498599276967568,0.8805441597564507,0.8686650824507551,7.604960141718335,4.228,10.202066590126291,329,0,50,0.5,0.5,0.5,genetic,stochastic,stochastic,0.05,10
1114,528,858,0.5486049335199736,0.8816999627197779,0.8690455761451535,7.865350089766607,4.225378787878788,10.201631701631701,330,0,50,0.5,0.5,0.5,genetic,stochastic,stochastic,0.05,10
1125,537,838,0.5479599740051543,0.8779955268853266,0.8656684390139235,7.956444444444444,4.301675977653631,10.047732696897375,331,0,50,0.5,0.5,0.5,genetic,stochastic,stochastic,0.05,10
1152,554,794,0.5481850969245348,0.8761205794596332,0.8676828046369072,8.050347222222221,4.366425992779783,9.875314861460957,332,0,50,0.5,0.5,0.5,genetic,stochastic,stochastic,0.05,10
1157,584,759,0.5493139370624149,0.8791517353875208,0.8696113121792914,8.059636992221263,4.553082191780822,9.768115942028986,333,0,50,0.5,0.5,0.5,genetic,stochastic,stochastic,0.05,10
1166,595,739,0.5500112966363248,0.878022077718526,0.8698205822045172,8.067753001715266,4.739495798319328,9.410013531799729,334,0,50,0.5,0.5,0.5,genetic,stochastic,stochastic,0.05,10
1147,624,729,0.5498081749273989,0.8831368185753862,0.8695940401707803,8.158674803836094,4.717948717948718,8.914951989026063,335,0,50,0.5,0.5,0.5,genetic,stochastic,stochastic,0.05,10
1137,656,707,0.5484800627999522,0.8828523481067165,0.8719030496535783,8.29815303430079,4.836890243902439,8.371994342291371,336,0,50,0.5,0.5,0.5,genetic,stochastic,stochastic,0.05,10
1094,701,705,0.5491873926135495,0.8821922493333307,0.8757344660540486,8.263254113345521,4.727532097004279,7.849645390070922,337,0,50,0.5,0.5,0.5,genetic,stochastic,stochastic,0.05,10
1051,725,724,0.5508643581892229,0.8828853380230929,0.8764191465003583,8.316841103710752,4.713103448275862,7.37292817679558,338,0,50,0.5,0.5,0.5,genetic,stochastic,stochastic,0.05,10
1004,733,763,0.5507568030632184,0.8863787923021031,0.8814917768242251,8.173306772908367,4.684856753069577,6.938401048492792,339,0,50,0.5,0.5,0.5,genetic,stochastic,stochastic,0.05,10
967,759,774,0.5500363373308446,0.8857486437362675,0.8859703900989315,8.024819027921406,4.749670619235837,6.744186046511628,340,0,50,0.5,0.5,0.5,genetic,stochastic,stochastic,0.05,10
949,762,789,0.5517215728132204,0.8874393022563203,0.8878763816926026,7.975763962065332,4.783464566929134,6.321926489226869,341,0,50,0.5,0.5,0.5,genetic,stochastic,stochastic,0.05,10
916,770,814,0.5520807288459947,0.8873356197405455,0.8886226642652372,8.017467248908297,4.876623376623376,6.378378378378378,342,0,50,0.5,0.5,0.5,genetic,stochastic,stochastic,0.05,10
850,783,867,0.5517395578797843,0.8883038529864243,0.8895162229314324,8.14,4.947637292464878,6.4521337946943484,343,0,50,0.5,0.5,0.5,genetic,stochastic,stochastic,0.05,10
795,778,927,0.5536021582808652,0.8877819475482006,0.8891105790034708,8.257861635220126,4.984575835475578,6.395900755124056,344,0,50,0.5,0.5,0.5,genetic,stochastic,stochastic,0.05,10
789,762,949,0.5565369204987772,0.8872893502182229,0.8881270137074152,8.097591888466413,5.091863517060368,6.322444678609062,345,0,50,0.5,0.5,0.5,genetic,stochastic,stochastic,0.05,10
747,752,1001,0.557190041385177,0.8863344925201401,0.8903579600196426,7.991967871485944,5.17686170212766,6.368631368631369,346,0,50,0.5,0.5,0.5,genetic,stochastic,stochastic,0.05,10
731,719,1050,0.5581825749927213,0.8856205076295931,0.8915581957848131,7.7701778385772915,5.109874826147427,6.286666666666667,347,0,50,0.5,0.5,0.5,genetic,stochastic,stochastic,0.05,10
691,688,1121,0.5597469332796667,0.8841868922224159,0.8919918237458124,7.719247467438495,5.002906976744186,6.446030330062444,348,0,50,0.5,0.5,0.5,genetic,stochastic,stochastic,0.05,10
681,658,1161,0.5581155479906679,0.8778147194621668,0.8919638988111817,7.474302496328928,5.050151975683891,6.6468561584840655,349,0,50,0.5,0.5,0.5,genetic,stochastic,stochastic,0.05,10
670,633,1197,0.5614835404145491,0.8811759079498517,0.8891912723040643,7.101492537313433,4.884676145339652,6.719298245614035,350,0,50,0.5,0.5,0.5,genetic,stochastic,stochastic,0.05,10
674,596,1230,0.5605578398429722,0.8801190249949947,0.8878518820121942,6.813056379821958,5.023489932885906,6.828455284552845,351,0,50,0.5,0.5,0.5,genetic,stochastic,stochastic,0.05,10
703,552,1245,0.5613512294645886,0.8795521619859378,0.8865529263643794,6.483641536273115,5.153985507246377,6.943775100401607,352,0,50,0.5,0.5,0.5,genetic,stochastic,stochastic,0.05,10
748,494,1258,0.563735481154871,0.872694691504859,0.8861329390540303,6.220588235294118,5.309716599190283,7.220190779014309,353,0,50,0.5,0.5,0.5,genetic,stochastic,stochastic,0.05,10
813,457,1230,0.5641333987437022,0.8648574347231661,0.885035590156451,6.097170971709717,5.336980306345733,7.457723577235773,354,0,50,0.5,0.5,0.5,genetic,stochastic,stochastic,0.05,10
876,424,1200,0.5618259089749792,0.8657227331347146,0.886085154768017,5.901826484018265,5.386792452830188,7.685,355,0,50,0.5,0.5,0.5,genetic,stochastic,stochastic,0.05,10
911,401,1188,0.5632692536372117,0.8665501978847668,0.8864845677018443,5.98463227222832,5.334164588528679,7.78956228956229,356,0,50,0.5,0.5,0.5,genetic,stochastic,stochastic,0.05,10
974,391,1135,0.5638289184983973,0.8651035825437108,0.8859859961633941,6.034907597535934,5.245524296675192,8.023788546255506,357,0,50,0.5,0.5,0.5,genetic,stochastic,stochastic,0.05,10
1036,371,1093,0.5635255227500638,0.8686973126695523,0.8857567516434007,6.178571428571429,5.153638814016173,8.125343092406222,358,0,50,0.5,0.5,0.5,genetic,stochastic,stochastic,0.05,10
1081,366,1053,0.564422415630736,0.8815626874145701,0.8856055803401758,6.411655874190564,4.66120218579235,8.360873694207028,359,0,50,0.5,0.5,0.5,genetic,stochastic,stochastic,0.05,10
1119,378,1003,0.562611144267354,0.8856078592732034,0.885964266541862,6.703306523681859,4.306878306878307,8.663010967098703,360,0,50,0.5,0.5,0.5,genetic,stochastic,stochastic,0.05,10
1162,378,960,0.5627138550841794,0.8865799005364661,0.8885169097611176,6.909638554216867,4.2936507936507935,8.746875,361,0,50,0.5,0.5,0.5,genetic,stochastic,stochastic,0.05,10
1217,391,892,0.5627132480595688,0.8901204978772416,0.8925179889931883,7.068200493015612,4.161125319693094,8.570627802690582,362,0,50,0.5,0.5,0.5,genetic,stochastic,stochastic,0.05,10
1224,424,852,0.5622693757862245,0.8947397307029116,0.8956884232880733,7.430555555555555,3.9410377358490565,8.326291079812206,363,0,50,0.5,0.5,0.5,genetic,stochastic,stochastic,0.05,10
1216,463,821,0.5622865838869346,0.89391812965761,0.897966205706212,7.8100328947368425,3.8293736501079914,8.207064555420219,364,0,50,0.5,0.5,0.5,genetic,stochastic,stochastic,0.05,10
1209,504,787,0.5622808245567167,0.892740439712035,0.8971293225640907,8.062034739454095,3.9543650793650795,8.40279542566709,365,0,50,0.5,0.5,0.5,genetic,stochastic,stochastic,0.05,10
1212,538,750,0.5607469403014241,0.890740392890957,0.8985841600009473,8.266501650165017,4.152416356877324,8.362666666666666,366,0,50,0.5,0.5,0.5,genetic,stochastic,stochastic,0.05,10
1190,583,727,0.5609140439902347,0.8890149799661727,0.8978814478300001,8.51764705882353,4.176672384219554,8.3232462173315,367,0,50,0.5,0.5,0.5,genetic,stochastic,stochastic,0.05,10
1155,637,708,0.560378896250798,0.8921329461251388,0.9007702593318926,8.52987012987013,4.210361067503925,8.173728813559322,368,0,50,0.5,0.5,0.5,genetic,stochastic,stochastic,0.05,10
1092,701,707,0.5622565125675483,0.8915820060184437,0.9011499710224651,8.722527472527473,4.291012838801712,7.932107496463932,369,0,50,0.5,0.5,0.5,genetic,stochastic,stochastic,0.05,10
1022,748,730,0.5611099484749544,0.8872383924364319,0.9028150646633689,8.83463796477495,4.334224598930481,7.3931506849315065,370,0,50,0.5,0.5,0.5,genetic,stochastic,stochastic,0.05,10
969,755,776,0.5608473308830022,0.8819903028088389,0.900183925160607,8.894736842105264,4.369536423841059,6.930412371134021,371,0,50,0.5,0.5,0.5,genetic,stochastic,stochastic,0.05,10
892,793,815,0.5598725623797242,0.8808212188379,0.8990019266546277,8.594170403587444,4.363177805800756,6.478527607361963,372,0,50,0.5,0.5,0.5,genetic,stochastic,stochastic,0.05,10
850,797,853,0.559111336255245,0.8769659641678328,0.8975181079409534,8.303529411764705,4.479297365119197,6.375146541617819,373,0,50,0.5,0.5,0.5,genetic,stochastic,stochastic,0.05,10
821,754,925,0.5583611078455524,0.8759974216483115,0.8957614491949853,8.151035322777101,4.570291777188329,6.152432432432432,374,0,50,0.5,0.5,0.5,genetic,stochastic,stochastic,0.05,10
803,746,951,0.5596423702305079,0.8782709159165987,0.8940221415055933,7.7982565379825655,4.831099195710456,6.200841219768664,375,0,50,0.5,0.5,0.5,genetic,stochastic,stochastic,0.05,10
773,717,1010,0.5592699463511693,0.8797199911467608,0.8940308723772227,7.611901681759379,4.827057182705718,6.159405940594059,376,0,50,0.5,0.5,0.5,genetic,stochastic,stochastic,0.05,10
776,713,1011,0.5596579870871191,0.8794253910753671,0.8922596994576036,7.431701030927835,5.141654978962132,6.458951533135509,377,0,50,0.5,0.5,0.5,genetic,stochastic,stochastic,0.05,10
804,681,1015,0.5610820611411755,0.8805298404664239,0.8894456245928238,7.138059701492537,5.488986784140969,6.5704433497536945,378,0,50,0.5,0.5,0.5,genetic,stochastic,stochastic,0.05,10
830,652,1018,0.5616838387937987,0.8830145120512211,0.8868470335756357,6.879518072289157,5.480061349693251,6.410609037328094,379,0,50,0.5,0.5,0.5,genetic,stochastic,stochastic,0.05,10
825,638,1037,0.5630227494088916,0.8810122886511476,0.8862118210880161,6.74060606060606,5.4043887147335425,6.567984570877531,380,0,50,0.5,0.5,0.5,genetic,stochastic,stochastic,0.05,10
856,580,1064,0.5650747386573827,0.883740377122468,0.8863059861891667,6.614485981308412,5.482758620689655,6.581766917293233,381,0,50,0.5,0.5,0.5,genetic,stochastic,stochastic,0.05,10
879,571,1050,0.5674098703188188,0.8832704398621787,0.8859288120669692,6.375426621160409,5.2907180385288965,6.681904761904762,382,0,50,0.5,0.5,0.5,genetic,stochastic,stochastic,0.05,10
926,538,1036,0.5673908546675575,0.8838119910850556,0.8843648600755087,6.456803455723542,5.340148698884758,6.782818532818533,383,0,50,0.5,0.5,0.5,genetic,stochastic,stochastic,0.05,10
967,526,1007,0.5689904805307802,0.8880823723900145,0.8843675293392823,6.418821096173733,5.365019011406844,6.927507447864945,384,0,50,0.5,0.5,0.5,genetic,stochastic,stochastic,0.05,10
1013,498,989,0.5705318512558977,0.8885612292518646,0.8839570601807689,6.461006910167819,5.168674698795181,6.910010111223458,385,0,50,0.5,0.5,0.5,genetic,stochastic,stochastic,0.05,10
1062,483,955,0.5732702257499579,0.8900324701436519,0.8823474975357154,6.501883239171375,5.113871635610766,7.017801047120419,386,0,50,0.5,0.5,0.5,genetic,stochastic,stochastic,0.05,10
1085,504,911,0.5724650328846703,0.8937288478285857,0.881221662115922,6.734562211981567,4.924603174603175,7.244785949506038,387,0,50,0.5,0.5,0.5,genetic,stochastic,stochastic,0.05,10
1102,490,908,0.5735124805862601,0.8943985616104109,0.8810577487784468,6.907441016333938,4.677551020408163,7.288546255506608,388,0,50,0.5,0.5,0.5,genetic,stochastic,stochastic,0.05,10
1093,515,892,0.5743260087743826,0.8936462812488698,0.8767578526716908,6.960658737419945,4.5106796116504855,7.460762331838565,389,0,50,0.5,0.5,0.5,genetic,stochastic,stochastic,0.05,10
1091,515,894,0.5739475352321458,0.8901286887814702,0.8753887316581778,7.196150320806599,4.551456310679612,7.371364653243848,390,0,50,0.5,0.5,0.5,genetic,stochastic,stochastic,0.05,10
1098,550,852,0.5739742065530937,0.8877441858194082,0.8754037883463328,7.2349726775956285,4.458181818181818,7.442488262910798,391,0,50,0.5,0.5,0.5,genetic,stochastic,stochastic,0.05,10
1101,564,835,0.5725726379661851,0.8876520280197528,0.8765087508982947,7.4069028156221615,4.50709219858156,7.383233532934132,392,0,50,0.5,0.5,0.5,genetic,stochastic,stochastic,0.05,10
1092,613,795,0.5738591248214383,0.8846355387945376,0.8792781436609006,7.535714285714286,4.4698205546492655,7.49811320754717,393,0,50,0.5,0.5,0.5,genetic,stochastic,stochastic,0.05,10
1072,626,802,0.5746712590523295,0.8795456365694725,0.8760264806026551,7.777985074626866,4.487220447284345,7.395261845386534,394,0,50,0.5,0.5,0.5,genetic,stochastic,stochastic,0.05,10
1035,636,829,0.5742920326482382,0.8741007206565315,0.8769372863635373,8.028985507246377,4.485849056603773,7.150784077201448,395,0,50,0.5,0.5,0.5,genetic,stochastic,stochastic,0.05,10
1007,644,849,0.5747890632911256,0.8736354989882311,0.8746820254421944,8.246276067527308,4.608695652173913,6.936395759717315,396,0,50,0.5,0.5,0.5,genetic,stochastic,stochastic,0.05,10
980,663,857,0.5760244508231478,0.868491803287465,0.87902402309447,8.387755102040817,4.7345399698340875,6.900816802800467,397,0,50,0.5,0.5,0.5,genetic,stochastic,stochastic,0.05,10
938,685,877,0.5741215109348305,0.8647623378140707,0.8805828037847956,8.539445628997868,4.721167883211679,6.91448118586089,398,0,50,0.5,0.5,0.5,genetic,stochastic,stochastic,0.05,10
910,685,905,0.5739709338598876,0.8664022832283452,0.8840809362786273,8.592307692307692,4.798540145985402,6.946961325966851,399,0,50,0.5,0.5,0.5,genetic,stochastic,stochastic,0.05,10
865,708,927,0.5735194894260419,0.868091085865599,0.8882450484061521,8.567630057803468,4.878531073446328,7.0431499460625675,400,0,50,0.5,0.5,0.5,genetic,stochastic,stochastic,0.05,10
830,710,960,0.5744285217383093,0.8699704085715897,0.8901180101921892,8.56144578313253,5.026760563380281,7.067708333333333,401,0,50,0.5,0.5,0.5,genetic,stochastic,stochastic,0.05,10
830,674,996,0.5747799052353,0.8740168773930742,0.8918133774733508,8.656626506024097,5.21513353115727,7.139558232931727,402,0,50,0.5,0.5,0.5,genetic,stochastic,stochastic,0.05,10
842,652,1006,0.5769784806447907,0.8757327224876296,0.8934941902942029,8.71852731591449,5.493865030674846,7.379721669980119,403,0,50,0.5,0.5,0.5,genetic,stochastic,stochastic,0.05,10
865,610,1025,0.5788650483189653,0.8794830631040517,0.8937398072497919,8.4878612716763,5.536065573770492,7.360975609756098,404,0,50,0.5,0.5,0.5,genetic,stochastic,stochastic,0.05,10
871,624,1005,0.5781316416273484,0.8745450183244083,0.8949792749278906,8.264064293915041,5.596153846153846,7.549253731343284,405,0,50,0.5,0.5,0.5,genetic,stochastic,stochastic,0.05,10
873,592,1035,0.5781067934925227,0.8644417276683815,0.893637945347759,8.316151202749142,5.641891891891892,7.585507246376811,406,0,50,0.5,0.5,0.5,genetic,stochastic,stochastic,0.05,10
897,580,1023,0.5794830534634915,0.852980294717402,0.8918983819903569,8.101449275362318,5.841379310344828,7.681329423264907,407,0,50,0.5,0.5,0.5,genetic,stochastic,stochastic,0.05,10
910,560,1030,0.5814472582511696,0.8504575242654097,0.8912633841266452,7.781318681318681,5.753571428571429,7.781553398058253,408,0,50,0.5,0.5,0.5,genetic,stochastic,stochastic,0.05,10
917,533,1050,0.5807611318499293,0.8499115472179395,0.8895490372578863,7.797164667393675,5.682926829268292,7.850476190476191,409,0,50,0.5,0.5,0.5,genetic,stochastic,stochastic,0.05,10
932,517,1051,0.5825749974832815,0.847414820672836,0.8867404380335369,7.663090128755365,5.541586073500967,8.039961941008563,410,0,50,0.5,0.5,0.5,genetic,stochastic,stochastic,0.05,10
941,509,1050,0.5838616405813586,0.8458061852664004,0.8837670998071544,7.763018065887354,5.481335952848723,8.088571428571429,411,0,50,0.5,0.5,0.5,genetic,stochastic,stochastic,0.05,10
959,491,1050,0.584417017506037,0.8463973108277246,0.883017456130149,7.774765380604797,5.274949083503055,8.09142857142857,412,0,50,0.5,0.5,0.5,genetic,stochastic,stochastic,0.05,10
983,471,1046,0.5854742924060327,0.8428412752833742,0.8775856625739961,7.715157680569685,5.144373673036093,8.038240917782026,413,0,50,0.5,0.5,0.5,genetic,stochastic,stochastic,0.05,10
1007,467,1026,0.5879221134897132,0.8427390833850044,0.8736121464081419,7.773584905660377,5.100642398286938,8.181286549707602,414,0,50,0.5,0.5,0.5,genetic,stochastic,stochastic,0.05,10
1023,469,1008,0.5878498814215274,0.8435290876024196,0.8708518604983215,7.836754643206256,4.929637526652452,8.330357142857142,415,0,50,0.5,0.5,0.5,genetic,stochastic,stochastic,0.05,10
1021,498,981,0.5862511859507628,0.8427587640581135,0.8685350952206181,7.897159647404505,4.815261044176707,8.597349643221202,416,0,50,0.5,0.5,0.5,genetic,stochastic,stochastic,0.05,10
1038,514,948,0.5858556085792603,0.8465613447296348,0.8655112909665532,7.96242774566474,4.830739299610895,8.611814345991561,417,0,50,0.5,0.5,0.5,genetic,stochastic,stochastic,0.05,10
1030,554,916,0.5857835413727964,0.8404759373091109,0.8633403383372121,8.148543689320388,4.96028880866426,8.774017467248909,418,0,50,0.5,0.5,0.5,genetic,stochastic,stochastic,0.05,10
1027,568,905,0.584531255710544,0.8428055812175599,0.8619145313123256,8.262901655306718,4.76056338028169,8.590055248618784,419,0,50,0.5,0.5,0.5,genetic,stochastic,stochastic,0.05,10
994,607,899,0.583638837031438,0.8484960535920032,0.8632303101971567,8.38430583501006,4.728171334431631,8.60622914349277,420,0,50,0.5,0.5,0.5,genetic,stochastic,stochastic,0.05,10
976,632,892,0.5809572750254584,0.8506682652307037,0.8633582207275973,8.53688524590164,4.859177215189874,8.566143497757848,421,0,50,0.5,0.5,0.5,genetic,stochastic,stochastic,0.05,10
942,676,882,0.5781313175364369,0.8520383114174939,0.8639879880181105,8.536093418259023,4.767751479289941,8.488662131519275,422,0,50,0.5,0.5,0.5,genetic,stochastic,stochastic,0.05,10
924,730,846,0.5727155638278427,0.8523175146626006,0.8631737235493646,7.981601731601732,4.826027397260274,8.622931442080379,423,0,50,0.5,0.5,0.5,genetic,stochastic,stochastic,0.05,10
902,734,864,0.5703006670660203,0.8534031114582816,0.8667095687340811,8.10088691796009,5.053133514986376,8.577546296296296,424,0,50,0.5,0.5,0.5,genetic,stochastic,stochastic,0.05,10
904,740,856,0.5684613091865174,0.8505803436103674,0.8672570645854939,7.978982300884955,5.385135135135135,8.617990654205608,425,0,50,0.5,0.5,0.5,genetic,stochastic,stochastic,0.05,10
911,754,835,0.5668734580280654,0.8518716069415663,0.8692001220334905,7.909989023051591,5.718832891246684,8.492215568862276,426,0,50,0.5,0.5,0.5,genetic,stochastic,stochastic,0.05,10
898,762,840,0.5660865796128642,0.848710109832008,0.8721663379120725,7.801781737193764,5.9619422572178475,8.476190476190476,427,0,50,0.5,0.5,0.5,genetic,stochastic,stochastic,0.05,10
887,764,849,0.5646349042802223,0.8489102426124955,0.8736028547958148,7.859075535512965,6.170157068062827,8.34864546525324,428,0,50,0.5,0.5,0.5,genetic,stochastic,stochastic,0.05,10
897,759,844,0.5612621581461001,0.8470561781250991,0.8759672089683977,7.727982162764771,6.281949934123847,8.191943127962086,429,0,50,0.5,0.5,0.5,genetic,stochastic,stochastic,0.05,10
876,751,873,0.5600979734766375,0.8504605885177846,0.8776655604739437,7.657534246575342,6.183754993342211,7.765177548682703,430,0,50,0.5,0.5,0.5,genetic,stochastic,stochastic,0.05,10
874,712,914,0.5587764637959561,0.8540665585615499,0.8816482884973819,7.842105263157895,6.116573033707865,7.294310722100657,431,0,50,0.5,0.5,0.5,genetic,stochastic,stochastic,0.05,10
852,707,941,0.5581845839808323,0.8562919961769642,0.8858626369671372,7.724178403755869,6.035360678925035,7.061636556854411,432,0,50,0.5,0.5,0.5,genetic,stochastic,stochastic,0.05,10
872,660,968,0.5587474094999737,0.861795580097903,0.8881190458099211,7.594036697247707,6.007575757575758,6.616735537190083,433,0,50,0.5,0.5,0.5,genetic,stochastic,stochastic,0.05,10
840,625,1035,0.5578432920139761,0.8648352712099643,0.8900575658820403,7.666666666666667,5.8176,6.578743961352657,434,0,50,0.5,0.5,0.5,genetic,stochastic,stochastic,0.05,10
822,617,1061,0.5589082990149699,0.8675895588361064,0.8921965544232241,7.492700729927007,5.66288492706645,6.721017907634307,435,0,50,0.5,0.5,0.5,genetic,stochastic,stochastic,0.05,10
832,584,1084,0.559700418862844,0.8700043505032313,0.8940035982126714,7.403846153846154,5.414383561643835,6.78690036900369,436,0,50,0.5,0.5,0.5,genetic,stochastic,stochastic,0.05,10
854,564,1082,0.561468234314719,0.87315175481284,0.8939020962403552,7.292740046838407,5.310283687943262,6.83086876155268,437,0,50,0.5,0.5,0.5,genetic,stochastic,stochastic,0.05,10
874,549,1077,0.563769168629469,0.8661019691654207,0.8931378591704355,7.193363844393593,5.276867030965391,7.04828226555246,438,0,50,0.5,0.5,0.5,genetic,stochastic,stochastic,0.05,10
911,524,1065,0.5651743792293894,0.8581473347691108,0.8930915055309065,7.141602634467618,5.366412213740458,7.135211267605634,439,0,50,0.5,0.5,0.5,genetic,stochastic,stochastic,0.05,10
939,511,1050,0.5696849360825212,0.8494415302797621,0.8916179697889071,6.970181043663472,5.367906066536204,7.277142857142858,440,0,50,0.5,0.5,0.5,genetic,stochastic,stochastic,0.05,10
977,497,1026,0.5720241806218807,0.8412600273827984,0.8897148343945123,6.945752302968271,5.3561368209255535,7.480506822612086,441,0,50,0.5,0.5,0.5,genetic,stochastic,stochastic,0.05,10
1025,477,998,0.5726673199896297,0.8304709362154933,0.8880526189606889,6.811707317073171,5.276729559748428,7.565130260521042,442,0,50,0.5,0.5,0.5,genetic,stochastic,stochastic,0.05,10
1014,496,990,0.5736896177581929,0.8344314900495253,0.8874345771452211,6.8599605522682445,4.967741935483871,7.706060606060606,443,0,50,0.5,0.5,0.5,genetic,stochastic,stochastic,0.05,10
1055,501,944,0.5744727974794648,0.8389783710177204,0.8855367784756895,6.728909952606635,4.990019960079841,7.8400423728813555,444,0,50,0.5,0.5,0.5,genetic,stochastic,stochastic,0.05,10
1111,502,887,0.574708981840458,0.8407654710617362,0.8845546712135114,6.872187218721872,5.268924302788845,8.0,445,0,50,0.5,0.5,0.5,genetic,stochastic,stochastic,0.05,10
1148,507,845,0.5743953098965954,0.8460202530053946,0.8835805467808667,6.958188153310105,5.218934911242603,8.03076923076923,446,0,50,0.5,0.5,0.5,genetic,stochastic,stochastic,0.05,10
1164,507,829,0.5758155346859353,0.8481771271061602,0.8819126395111281,7.121993127147766,4.810650887573964,7.904704463208685,447,0,50,0.5,0.5,0.5,genetic,stochastic,stochastic,0.05,10
1201,538,761,0.5763045375180329,0.8548944027804732,0.8771321635874074,7.217318900915903,4.888475836431227,7.930354796320631,448,0,50,0.5,0.5,0.5,genetic,stochastic,stochastic,0.05,10
1198,561,741,0.5772900856870677,0.8588508996442696,0.8772282900677681,7.474958263772955,4.750445632798574,7.669365721997301,449,0,50,0.5,0.5,0.5,genetic,stochastic,stochastic,0.05,10
1194,581,725,0.5769741652020429,0.8612154602051424,0.8754320805261098,7.818257956448911,4.738382099827883,7.5889655172413795,450,0,50,0.5,0.5,0.5,genetic,stochastic,stochastic,0.05,10
1169,637,694,0.577595921430105,0.8662304719616094,0.8730982293859127,7.791274593669804,4.463108320251178,7.25792507204611,451,0,50,0.5,0.5,0.5,genetic,stochastic,stochastic,0.05,10
1130,677,693,0.5788796606362989,0.8678490575489233,0.8766828018657103,8.220353982300885,4.605612998522895,7.236652236652237,452,0,50,0.5,0.5,0.5,genetic,stochastic,stochastic,0.05,10
1084,711,705,0.5795837016439114,0.8664465544652388,0.8801482498754684,8.26660516605166,4.514767932489452,6.822695035460993,453,0,50,0.5,0.5,0.5,genetic,stochastic,stochastic,0.05,10
1025,748,727,0.5791640607752472,0.8619223356331273,0.8854731545979739,8.549268292682926,4.517379679144385,6.598349381017882,454,0,50,0.5,0.5,0.5,genetic,stochastic,stochastic,0.05,10
959,799,742,0.5782819060687903,0.8616727198791272,0.8874301406119919,8.628779979144943,4.518147684605757,6.559299191374663,455,0,50,0.5,0.5,0.5,genetic,stochastic,stochastic,0.05,10
890,836,774,0.5793797425812534,0.8701579367987099,0.890953949027661,8.856179775280898,4.638755980861244,6.381136950904393,456,0,50,0.5,0.5,0.5,genetic,stochastic,stochastic,0.05,10
831,852,817,0.5782861593458986,0.8718120419880961,0.8946267144372329,8.932611311672684,4.764084507042254,6.248470012239902,457,0,50,0.5,0.5,0.5,genetic,stochastic,stochastic,0.05,10
759,875,866,0.5793869750343708,0.8742058989648649,0.8967260803161997,8.895915678524375,4.849142857142857,6.220554272517321,458,0,50,0.5,0.5,0.5,genetic,stochastic,stochastic,0.05,10
688,905,907,0.576488229828518,0.8731847651434189,0.8990317773226378,8.5,4.996685082872928,6.299889746416759,459,0,50,0.5,0.5,0.5,genetic,stochastic,stochastic,0.05,10
625,911,964,0.576113001150266,0.8750199284584251,0.8984690212531025,8.4688,5.18880351262349,6.556016597510373,460,0,50,0.5,0.5,0.5,genetic,stochastic,stochastic,0.05,10
604,892,1004,0.5755568287503049,0.8755389210145967,0.898365564240058,8.332781456953642,5.512331838565022,6.820717131474104,461,0,50,0.5,0.5,0.5,genetic,stochastic,stochastic,0.05,10
592,860,1048,0.576064540098843,0.8756088725888486,0.8986885577207744,7.829391891891892,5.839534883720931,6.942748091603053,462,0,50,0.5,0.5,0.5,genetic,stochastic,stochastic,0.05,10
575,815,1110,0.5761099218351742,0.8740975007547673,0.8976354248413995,7.549565217391304,6.0110429447852765,7.010810810810811,463,0,50,0.5,0.5,0.5,genetic,stochastic,stochastic,0.05,10
574,743,1183,0.5745590584149297,0.8691490991658624,0.8991353357338294,7.235191637630662,6.164199192462988,7.011834319526627,464,0,50,0.5,0.5,0.5,genetic,stochastic,stochastic,0.05,10
568,689,1243,0.5723167015729931,0.8629883966966666,0.9004038642086944,6.755281690140845,6.314949201741655,7.102976669348351,465,0,50,0.5,0.5,0.5,genetic,stochastic,stochastic,0.05,10
603,605,1292,0.5746362786879132,0.8577272366850094,0.9021969689815547,6.270315091210613,6.571900826446281,7.143962848297214,466,0,50,0.5,0.5,0.5,genetic,stochastic,stochastic,0.05,10
631,529,1340,0.5770191040035234,0.8517430137814053,0.9023359019732513,5.882725832012678,6.478260869565218,7.215671641791045,467,0,50,0.5,0.5,0.5,genetic,stochastic,stochastic,0.05,10
689,497,1314,0.5793214069218504,0.8513977751639875,0.9013906920163403,5.555878084179971,6.344064386317908,7.443683409436834,468,0,50,0.5,0.5,0.5,genetic,stochastic,stochastic,0.05,10
737,442,1321,0.5801691575687206,0.8521271940327788,0.9001553537981908,5.385345997286295,6.346153846153846,7.588947766843301,469,0,50,0.5,0.5,0.5,genetic,stochastic,stochastic,0.05,10
803,393,1304,0.5789517513542123,0.8483400972062345,0.899320375033758,5.4582814445828145,6.307888040712468,7.765337423312883,470,0,50,0.5,0.5,0.5,genetic,stochastic,stochastic,0.05,10
879,373,1248,0.582097120708775,0.847302315531094,0.8969949566500006,5.474402730375426,6.305630026809651,8.095352564102564,471,0,50,0.5,0.5,0.5,genetic,stochastic,stochastic,0.05,10
899,357,1244,0.5829814664124786,0.8517590014843185,0.8963101462649359,5.789766407119021,5.652661064425771,8.289389067524116,472,0,50,0.5,0.5,0.5,genetic,stochastic,stochastic,0.05,10
960,323,1217,0.58477126832557,0.8503209754715165,0.897536647418721,5.964583333333334,5.43343653250774,8.557107641741988,473,0,50,0.5,0.5,0.5,genetic,stochastic,stochastic,0.05,10
1012,324,1164,0.5844098883774286,0.8502238212120564,0.899270738141468,6.053359683794467,4.919753086419753,8.926975945017182,474,0,50,0.5,0.5,0.5,genetic,stochastic,stochastic,0.05,10
1075,331,1094,0.5871463828625823,0.8555720326370037,0.9037040368350914,6.196279069767442,4.444108761329305,9.129798903107861,475,0,50,0.5,0.5,0.5,genetic,stochastic,stochastic,0.05,10
1106,369,1025,0.5873406888603867,0.8591138421851673,0.9035094478623796,6.333634719710669,4.173441734417344,9.439024390243903,476,0,50,0.5,0.5,0.5,genetic,stochastic,stochastic,0.05,10
1158,408,934,0.5880823228939216,0.8627128603101955,0.9027130149167206,6.343696027633851,3.767156862745098,9.69593147751606,477,0,50,0.5,0.5,0.5,genetic,stochastic,stochastic,0.05,10
1200,445,855,0.5889662340164213,0.8660956623341439,0.9047300964922281,6.4158333333333335,3.7393258426966294,9.814035087719299,478,0,50,0.5,0.5,0.5,genetic,stochastic,stochastic,0.05,10
1229,490,781,0.5915333405519547,0.8720334974810952,0.9027430348262679,6.622457282343369,3.773469387755102,9.97695262483995,479,0,50,0.5,0.5,0.5,genetic,stochastic,stochastic,0.05,10
1252,546,702,0.59135123040734,0.8710382222400924,0.9060883107473925,6.803514376996805,3.8974358974358974,9.904558404558404,480,0,50,0.5,0.5,0.5,genetic,stochastic,stochastic,0.05,10
1280,574,646,0.5917595282406105,0.8720489793939904,0.9049694159082989,6.93125,4.038327526132404,9.309597523219814,481,0,50,0.5,0.5,0.5,genetic,stochastic,stochastic,0.05,10
1281,602,617,0.5930021073931016,0.8738227817427817,0.905020839526625,7.1389539422326305,4.421926910299003,8.73743922204214,482,0,50,0.5,0.5,0.5,genetic,stochastic,stochastic,0.05,10
1278,614,608,0.5937658442893616,0.872411387631004,0.9086095045144108,7.346635367762128,4.462540716612378,7.8569078947368425,483,0,50,0.5,0.5,0.5,genetic,stochastic,stochastic,0.05,10
1255,635,610,0.5932375817048525,0.8703024730692408,0.9050623615674671,7.6788844621513945,4.631496062992126,7.18360655737705,484,0,50,0.5,0.5,0.5,genetic,stochastic,stochastic,0.05,10
1241,669,590,0.5928321782956659,0.8764705812638682,0.8995394484131163,7.915390813859791,4.741405082212257,6.576271186440678,485,0,50,0.5,0.5,0.5,genetic,stochastic,stochastic,0.05,10
1197,692,611,0.5922533181718284,0.879043136864929,0.8985837996136341,8.308270676691729,4.8468208092485545,6.355155482815057,486,0,50,0.5,0.5,0.5,genetic,stochastic,stochastic,0.05,10
1151,726,623,0.5909426935947444,0.8810355170621862,0.8985844279046605,8.492615117289313,4.943526170798898,6.14446227929374,487,0,50,0.5,0.5,0.5,genetic,stochastic,stochastic,0.05,10
1111,758,631,0.5907573908823428,0.8858745775071278,0.8949992648463655,8.657965796579658,4.980211081794195,5.901743264659271,488,0,50,0.5,0.5,0.5,genetic,stochastic,stochastic,0.05,10
1044,796,660,0.5903000690407822,0.8895520869150144,0.8866666160018554,9.068965517241379,4.983668341708543,5.8530303030303035,489,0,50,0.5,0.5,0.5,genetic,stochastic,stochastic,0.05,10
958,835,707,0.587928020499737,0.8897390575600121,0.8792750926202153,9.148225469728601,4.947305389221557,5.62942008486563,490,0,50,0.5,0.5,0.5,genetic,stochastic,stochastic,0.05,10
898,859,743,0.5850619621615584,0.8940110913413648,0.8736078314872909,9.192650334075724,4.9406286379511055,5.469717362045761,491,0,50,0.5,0.5,0.5,genetic,stochastic,stochastic,0.05,10
822,864,814,0.5840868302852611,0.8970169288616868,0.8694023695801116,9.181265206812652,4.939814814814815,5.442260442260443,492,0,50,0.5,0.5,0.5,genetic,stochastic,stochastic,0.05,10
756,879,865,0.5808060977806527,0.898135856821548,0.8616755351939142,8.961640211640212,5.010238907849829,5.53757225433526,493,0,50,0.5,0.5,0.5,genetic,stochastic,stochastic,0.05,10
713,878,909,0.5770156203740411,0.8973882578878286,0.8589586135196884,8.626928471248247,5.158314350797267,5.633663366336633,494,0,50,0.5,0.5,0.5,genetic,stochastic,stochastic,0.05,10
677,872,951,0.5814842849725549,0.8973399696677649,0.8564836510598065,8.273264401772526,5.44151376146789,5.882229232386961,495,0,50,0.5,0.5,0.5,genetic,stochastic,stochastic,0.05,10
655,852,993,0.584737015037083,0.898115071606124,0.8510884286576581,7.8274809160305345,5.507042253521127,5.909365558912387,496,0,50,0.5,0.5,0.5,genetic,stochastic,stochastic,0.05,10
635,793,1072,0.5852261225355955,0.899483871391671,0.8517790352503097,7.256692913385827,5.648171500630517,5.939365671641791,497,0,50,0.5,0.5,0.5,genetic,stochastic,stochastic,0.05,10
617,766,1117,0.5866244446505996,0.9026373222483106,0.849409860866881,6.808752025931929,5.737597911227154,6.17905102954342,498,0,50,0.5,0.5,0.5,genetic,stochastic,stochastic,0.05,10
644,716,1140,0.5888882470117958,0.9064000724418747,0.8501666756793607,6.593167701863354,5.89245810055866,6.280701754385965,499,0,50,0.5,0.5,0.5,genetic,stochastic,stochastic,0.05,10
823,855,822,0.5,0.5,0.5,0.0,0.0,0.0,0,1,50,0.5,0.5,0.5,genetic,stochastic,stochastic,0.05,10
794,875,831,0.5002521460449194,0.5011514017846306,0.4997614830118899,1.0,1.0,1.0,1,1,50,0.5,0.5,0.5,genetic,stochastic,stochastic,0.05,10
795,867,838,0.4999648844561061,0.5015021933099378,0.49991648274626804,1.840251572327044,1.8604382929642445,1.8460620525059666,2,1,50,0.5,0.5,0.5,genetic,stochastic,stochastic,0.05,10
793,850,857,0.5011530204407966,0.5002873976341002,0.500726387788286,2.58890290037831,2.6270588235294117,2.5810968494749127,3,1,50,0.5,0.5,0.5,genetic,stochastic,stochastic,0.05,10
781,857,862,0.5029529695223068,0.5008382149627966,0.5013467614644195,3.2253521126760565,3.280046674445741,3.2587006960556844,4,1,50,0.5,0.5,0.5,genetic,stochastic,stochastic,0.05,10
769,847,884,0.5041147601808273,0.5014000521060206,0.4996845848089587,3.812743823146944,3.8394332939787486,3.8065610859728505,5,1,50,0.5,0.5,0.5,genetic,stochastic,stochastic,0.05,10
789,826,885,0.5048405492843401,0.5020158066167705,0.49988805029301325,4.283903675538657,4.38861985472155,4.329943502824859,6,1,50,0.5,0.5,0.5,genetic,stochastic,stochastic,0.05,10
800,812,888,0.5058954256739742,0.5037212475545539,0.4992024886284484,4.6375,4.815270935960591,4.739864864864865,7,1,50,0.5,0.5,0.5,genetic,stochastic,stochastic,0.05,10
815,780,905,0.5046249962070575,0.5036976373085595,0.500966295780227,4.998773006134969,5.221794871794872,5.12707182320442,8,1,50,0.5,0.5,0.5,genetic,stochastic,stochastic,0.05,10
822,775,903,0.5054904959920243,0.5054513634193278,0.5030871798088528,5.354014598540146,5.486451612903226,5.507198228128461,9,1,50,0.5,0.5,0.5,genetic,stochastic,stochastic,0.05,10
839,759,902,0.504092958803581,0.5040187208797854,0.5046662944896858,5.6758045292014305,5.826086956521739,5.814855875831485,10,1,50,0.5,0.5,0.5,genetic,stochastic,stochastic,0.05,10
845,751,904,0.5046203541978367,0.5071124537016732,0.5059779406863955,5.928994082840236,5.972037283621837,6.0984513274336285,11,1,50,0.5,0.5,0.5,genetic,stochastic,stochastic,0.05,10
854,761,885,0.5059921742379195,0.5046786096838297,0.5078996713593642,6.053864168618267,6.098554533508541,6.388700564971751,12,1,50,0.5,0.5,0.5,genetic,stochastic,stochastic,0.05,10
877,755,868,0.5057759511894587,0.504016200764497,0.5098571036493673,6.1710376282782216,6.22251655629139,6.565668202764977,13,1,50,0.5,0.5,0.5,genetic,stochastic,stochastic,0.05,10
907,756,837,0.5057019416877606,0.5039321609555535,0.5100561384902139,6.208379272326351,6.365079365079365,6.660692951015531,14,1,50,0.5,0.5,0.5,genetic,stochastic,stochastic,0.05,10
900,767,833,0.506281913385161,0.5059437126082403,0.5093984761914825,6.488888888888889,6.453715775749674,6.819927971188475,15,1,50,0.5,0.5,0.5,genetic,stochastic,stochastic,0.05,10
893,801,806,0.506121856031553,0.5080041201545025,0.5103452095731705,6.569988801791713,6.413233458177278,6.921836228287841,16,1,50,0.5,0.5,0.5,genetic,stochastic,stochastic,0.05,10
891,809,800,0.506834164482535,0.5090528746534447,0.512301656397277,6.6419753086419755,6.506798516687268,6.97125,17,1,50,0.5,0.5,0.5,genetic,stochastic,stochastic,0.05,10
860,826,814,0.50709760495056,0.5078590813067164,0.5126163301806433,6.988372093023256,6.575060532687651,7.144963144963145,18,1,50,0.5,0.5,0.5,genetic,stochastic,stochastic,0.05,10
834,853,813,0.5073900930235384,0.5091807552069031,0.5108091645185253,7.262589928057554,6.661195779601407,7.431734317343174,19,1,50,0.5,0.5,0.5,genetic,stochastic,stochastic,0.05,10
832,856,812,0.5069713424262106,0.5147984564902891,0.5118727915782654,7.360576923076923,6.844626168224299,7.539408866995074,20,1,50,0.5,0.5,0.5,genetic,stochastic,stochastic,0.05,10
798,883,819,0.5091595897068548,0.5218663294642069,0.5128170173056279,7.552631578947368,6.842582106455266,7.605616605616605,21,1,50,0.5,0.5,0.5,genetic,stochastic,stochastic,0.05,10
759,901,840,0.5108071779081903,0.5236837494169145,0.5147885105597344,7.729907773386034,6.992230854605993,7.647619047619048,22,1,50,0.5,0.5,0.5,genetic,stochastic,stochastic,0.05,10
758,898,844,0.5116620193464092,0.5258934843103796,0.5138025721328828,7.635883905013193,7.10913140311804,7.766587677725118,23,1,50,0.5,0.5,0.5,genetic,stochastic,stochastic,0.05,10
741,910,849,0.5159352176975011,0.5307166951034997,0.5171489474140145,7.465587044534413,7.179120879120879,7.876325088339223,24,1,50,0.5,0.5,0.5,genetic,stochastic,stochastic,0.05,10
752,898,850,0.5172131400544794,0.5330875160687171,0.5167960364052085,7.299202127659575,7.50445434298441,7.832941176470588,25,1,50,0.5,0.5,0.5,genetic,stochastic,stochastic,0.05,10
771,888,841,0.5208117985725808,0.5346749394547465,0.5211859656329598,7.123216601815823,7.661036036036036,7.979785969084423,26,1,50,0.5,0.5,0.5,genetic,stochastic,stochastic,0.05,10
778,868,854,0.5209534185251206,0.532099253219209,0.5262013692256273,7.276349614395887,8.070276497695852,7.989461358313817,27,1,50,0.5,0.5,0.5,genetic,stochastic,stochastic,0.05,10
816,845,839,0.5231031939541179,0.533321135331547,0.5282875445259735,7.177696078431373,8.192899408284024,7.715137067938022,28,1,50,0.5,0.5,0.5,genetic,stochastic,stochastic,0.05,10
832,837,831,0.5242714787992664,0.5345418001749014,0.5312555385850215,7.262019230769231,8.21863799283154,7.611311672683514,29,1,50,0.5,0.5,0.5,genetic,stochastic,stochastic,0.05,10
849,828,823,0.5251620775172989,0.5361074182610912,0.5352407759689872,7.103651354534747,8.233091787439614,7.571081409477522,30,1,50,0.5,0.5,0.5,genetic,stochastic,stochastic,0.05,10
862,792,846,0.5254294069904304,0.536135264594755,0.535166369245796,7.3399071925754065,8.108585858585858,7.439716312056738,31,1,50,0.5,0.5,0.5,genetic,stochastic,stochastic,0.05,10
854,796,850,0.5258077334541186,0.537008097322417,0.5369090039912372,7.556206088992974,7.792713567839196,7.429411764705883,32,1,50,0.5,0.5,0.5,genetic,stochastic,stochastic,0.05,10
878,791,831,0.5248986506514431,0.5420718292345991,0.5387184236556826,7.617312072892939,7.891276864728193,7.703971119133574,33,1,50,0.5,0.5,0.5,genetic,stochastic,stochastic,0.05,10
894,795,811,0.5223288984923842,0.5423348684716917,0.5394309792841526,7.567114093959732,8.054088050314466,7.712700369913687,34,1,50,0.5,0.5,0.5,genetic,stochastic,stochastic,0.05,10
870,802,828,0.5231644437240855,0.549129633641088,0.5445455940216551,7.880459770114943,7.980049875311721,7.769323671497585,35,1,50,0.5,0.5,0.5,genetic,stochastic,stochastic,0.05,10
850,810,840,0.5241180883406276,0.5533091464196824,0.5421081887471386,8.1,7.807407407407408,7.754761904761905,36,1,50,0.5,0.5,0.5,genetic,stochastic,stochastic,0.05,10
851,804,845,0.5247743670731692,0.5546036999727431,0.5442473870306641,8.320799059929495,8.028606965174129,7.9502958579881655,37,1,50,0.5,0.5,0.5,genetic,stochastic,stochastic,0.05,10
847,795,858,0.5263979522950035,0.5571441641186365,0.5478422919310995,8.279811097992916,8.036477987421383,7.916083916083916,38,1,50,0.5,0.5,0.5,genetic,stochastic,stochastic,0.05,10
842,775,883,0.5266113915898616,0.5620127799218265,0.5511618987607264,8.307600950118765,7.975483870967742,7.810872027180068,39,1,50,0.5,0.5,0.5,genetic,stochastic,stochastic,0.05,10
838,778,884,0.5258054894334528,0.5660269725382683,0.5564586283950641,8.264916467780429,7.946015424164524,7.852941176470588,40,1,50,0.5,0.5,0.5,genetic,stochastic,stochastic,0.05,10
833,774,893,0.5262994681608294,0.5695285790233339,0.5614609417963106,8.309723889555823,7.832041343669251,7.862262038073908,41,1,50,0.5,0.5,0.5,genetic,stochastic,stochastic,0.05,10
843,756,901,0.5260571962522447,0.5739408216340866,0.5706951135956884,8.15658362989324,7.458994708994709,7.663706992230854,42,1,50,0.5,0.5,0.5,genetic,stochastic,stochastic,0.05,10
844,743,913,0.5273349102868119,0.5763635439332204,0.5776193905661692,8.257109004739336,7.244952893674293,7.64841182913472,43,1,50,0.5,0.5,0.5,genetic,stochastic,stochastic,0.05,10
848,737,915,0.5286470678042904,0.5722054522472381,0.5823049184682556,8.214622641509434,7.05427408412483,7.636065573770492,44,1,50,0.5,0.5,0.5,genetic,stochastic,stochastic,0.05,10
867,715,918,0.5295807951211438,0.5762525762496578,0.5841185715093542,8.098039215686274,6.917482517482518,7.323529411764706,45,1,50,0.5,0.5,0.5,genetic,stochastic,stochastic,0.05,10
859,729,912,0.530408672941228,0.5836626656835419,0.5879388877527844,7.935972060535506,6.814814814814815,7.400219298245614,46,1,50,0.5,0.5,0.5,genetic,stochastic,stochastic,0.05,10
850,727,923,0.5308339536068263,0.5879502951153595,0.5889373050505251,8.003529411764706,6.889958734525447,7.488624052004334,47,1,50,0.5,0.5,0.5,genetic,stochastic,stochastic,0.05,10
843,737,920,0.5342616749226692,0.5874297569245436,0.5962608238830788,7.919335705812574,6.7611940298507465,7.628260869565217,48,1,50,0.5,0.5,0.5,genetic,stochastic,stochastic,0.05,10
866,731,903,0.5358941840348553,0.5896231584646253,0.6026410661904295,7.628175519630485,6.838577291381669,7.6544850498338874,49,1,50,0.5,0.5,0.5,genetic,stochastic,stochastic,0.05,10
867,729,904,0.5359202135651773,0.6020296747509997,0.6057600646008782,7.614763552479816,6.658436213991769,7.615044247787611,50,1,50,0.5,0.5,0.5,genetic,stochastic,stochastic,0.05,10
872,734,894,0.5379315055540256,0.6150769023681681,0.6114338138762937,7.545871559633028,6.6035422343324255,7.805369127516778,51,1,50,0.5,0.5,0.5,genetic,stochastic,stochastic,0.05,10
881,748,871,0.5375079197341192,0.6223002685418513,0.6146827743436687,7.43927355278093,6.732620320855615,7.908151549942595,52,1,50,0.5,0.5,0.5,genetic,stochastic,stochastic,0.05,10
847,782,871,0.5384598601988667,0.6345644196649756,0.6228429513079596,7.434474616292798,6.540920716112532,7.973593570608496,53,1,50,0.5,0.5,0.5,genetic,stochastic,stochastic,0.05,10
875,778,847,0.5378820991957715,0.6418130893565553,0.6267216455840358,7.460571428571429,6.786632390745501,7.965761511216057,54,1,50,0.5,0.5,0.5,genetic,stochastic,stochastic,0.05,10
891,771,838,0.5381140887801086,0.6427253543805141,0.6328483373257022,7.4713804713804715,6.856031128404669,7.9618138424821,55,1,50,0.5,0.5,0.5,genetic,stochastic,stochastic,0.05,10
899,766,835,0.5363929684656559,0.6464752909494289,0.6356958315556285,7.708565072302559,7.092689295039165,7.992814371257485,56,1,50,0.5,0.5,0.5,genetic,stochastic,stochastic,0.05,10
921,744,835,0.5372919880402236,0.6489361135237884,0.6373049320779911,7.782844733984799,7.248655913978495,7.8562874251497,57,1,50,0.5,0.5,0.5,genetic,stochastic,stochastic,0.05,10
932,753,815,0.5355763281660012,0.657535992003986,0.6403024265886803,7.757510729613734,7.306772908366534,7.904294478527607,58,1,50,0.5,0.5,0.5,genetic,stochastic,stochastic,0.05,10
956,731,813,0.5349794020646802,0.6610319492023338,0.646111509233963,7.906903765690377,7.357045143638851,7.833948339483395,59,1,50,0.5,0.5,0.5,genetic,stochastic,stochastic,0.05,10
959,722,819,0.5344121269871307,0.6631723321808388,0.6464790899232167,8.103232533889468,7.339335180055402,7.805860805860806,60,1,50,0.5,0.5,0.5,genetic,stochastic,stochastic,0.05,10
968,714,818,0.5356873449330134,0.6628510322230142,0.6487530845119317,8.204545454545455,7.372549019607843,7.7200488997555015,61,1,50,0.5,0.5,0.5,genetic,stochastic,stochastic,0.05,10
990,710,800,0.536926494347625,0.6636627568149905,0.6466696589866993,8.254545454545454,7.469014084507042,7.69375,62,1,50,0.5,0.5,0.5,genetic,stochastic,stochastic,0.05,10
1038,683,779,0.5365915321530045,0.6754867064166789,0.6491855008735855,8.213872832369942,7.43484626647145,7.509627727856226,63,1,50,0.5,0.5,0.5,genetic,stochastic,stochastic,0.05,10
1041,687,772,0.5364497072774014,0.671088251699325,0.6509956299341575,8.3342939481268,7.331877729257642,7.387305699481865,64,1,50,0.5,0.5,0.5,genetic,stochastic,stochastic,0.05,10
1042,682,776,0.5371325245903438,0.6761568262482164,0.6589239640642253,8.432821497120921,7.1627565982404695,7.288659793814433,65,1,50,0.5,0.5,0.5,genetic,stochastic,stochastic,0.05,10
1037,700,763,0.5379046974376908,0.6766367791433413,0.6597669041744092,8.458052073288332,7.031428571428571,7.381389252948886,66,1,50,0.5,0.5,0.5,genetic,stochastic,stochastic,0.05,10
1031,709,760,0.5377869197409904,0.6810251937997401,0.6661931277121405,8.718719689621727,7.064880112834979,7.480263157894737,67,1,50,0.5,0.5,0.5,genetic,stochastic,stochastic,0.05,10
996,730,774,0.5394982071565304,0.6860435219966606,0.6749753442597924,8.950803212851406,6.756164383561644,7.496124031007752,68,1,50,0.5,0.5,0.5,genetic,stochastic,stochastic,0.05,10
982,741,777,0.5407661753429265,0.6920839774270469,0.6774607478098224,9.119144602851323,6.732793522267206,7.583011583011583,69,1,50,0.5,0.5,0.5,genetic,stochastic,stochastic,0.05,10
950,787,763,0.5414133862793917,0.6958811062945996,0.6779747402114884,9.09578947368421,6.637865311308768,7.63302752293578,70,1,50,0.5,0.5,0.5,genetic,stochastic,stochastic,0.05,10
943,795,762,0.5422275353586141,0.6988162473330605,0.6812603804138149,9.242841993637327,6.680503144654088,7.607611548556431,71,1,50,0.5,0.5,0.5,genetic,stochastic,stochastic,0.05,10
922,803,775,0.5425583781080437,0.7018075751912064,0.6830868122106952,9.338394793926247,6.592777085927771,7.574193548387097,72,1,50,0.5,0.5,0.5,genetic,stochastic,stochastic,0.05,10
914,816,770,0.5442091935280744,0.7091465754792026,0.6885117594308342,9.228665207877462,6.5661764705882355,7.662337662337662,73,1,50,0.5,0.5,0.5,genetic,stochastic,stochastic,0.05,10
900,833,767,0.5451447449433342,0.710460037033273,0.6949618244044315,9.194444444444445,6.7683073229291715,7.688396349413298,74,1,50,0.5,0.5,0.5,genetic,stochastic,stochastic,0.05,10
878,878,744,0.5448137316729326,0.7098529078998758,0.702397297599193,9.143507972665148,6.8223234624145785,8.03494623655914,75,1,50,0.5,0.5,0.5,genetic,stochastic,stochastic,0.05,10
842,894,764,0.5480773727206083,0.7156943284896022,0.7044496361341267,9.235154394299288,6.855704697986577,7.973821989528796,76,1,50,0.5,0.5,0.5,genetic,stochastic,stochastic,0.05,10
850,901,749,0.5504992584949399,0.714648943731075,0.7110512753896006,9.22,7.2530521642619314,7.834445927903872,77,1,50,0.5,0.5,0.5,genetic,stochastic,stochastic,0.05,10
792,907,801,0.5518212736609263,0.7095992276344744,0.7108257530701658,9.452020202020202,7.293274531422271,7.523096129837703,78,1,50,0.5,0.5,0.5,genetic,stochastic,stochastic,0.05,10
759,898,843,0.5518623682036604,0.7097491194944348,0.7146738535851953,9.657444005270092,7.383073496659243,7.474495848161329,79,1,50,0.5,0.5,0.5,genetic,stochastic,stochastic,0.05,10
772,866,862,0.5524394538595743,0.7060622512647241,0.7210160922570515,9.339378238341968,7.688221709006928,7.196055684454756,80,1,50,0.5,0.5,0.5,genetic,stochastic,stochastic,0.05,10
782,863,855,0.5527590214608024,0.7053804178002637,0.7214423785608103,9.10613810741688,7.904982618771727,7.136842105263158,81,1,50,0.5,0.5,0.5,genetic,stochastic,stochastic,0.05,10
775,846,879,0.5545079494872912,0.7005440672275245,0.7198606284448031,8.98967741935484,8.156028368794326,7.023890784982935,82,1,50,0.5,0.5,0.5,genetic,stochastic,stochastic,0.05,10
784,818,898,0.554182082612412,0.6964192589466236,0.7187678043097371,8.678571428571429,8.17726161369193,6.748329621380846,83,1,50,0.5,0.5,0.5,genetic,stochastic,stochastic,0.05,10
786,775,939,0.5556707918361121,0.6943091949711915,0.7195272151198661,8.535623409669212,8.276129032258064,6.633652822151225,84,1,50,0.5,0.5,0.5,genetic,stochastic,stochastic,0.05,10
804,735,961,0.5565907162508343,0.6911877881755327,0.7168983525017747,8.35820895522388,8.406802721088436,6.765868886576483,85,1,50,0.5,0.5,0.5,genetic,stochastic,stochastic,0.05,10
846,685,969,0.5580068984734472,0.6894763520941335,0.7183440322209331,8.289598108747045,8.71094890510949,6.82249742002064,86,1,50,0.5,0.5,0.5,genetic,stochastic,stochastic,0.05,10
861,688,951,0.5588655279030736,0.6914274541030646,0.7183553580658447,7.991869918699187,8.565406976744185,6.930599369085174,87,1,50,0.5,0.5,0.5,genetic,stochastic,stochastic,0.05,10
875,694,931,0.5605694340409568,0.7016426779103843,0.7197837708433386,7.7211428571428575,8.629682997118156,7.288936627282492,88,1,50,0.5,0.5,0.5,genetic,stochastic,stochastic,0.05,10
867,709,924,0.5601309666005289,0.7158003867218199,0.7228374056655507,7.314878892733564,8.331452750352609,7.3982683982683985,89,1,50,0.5,0.5,0.5,genetic,stochastic,stochastic,0.05,10
865,691,944,0.5602525867587481,0.7264367739293606,0.7234271831810504,7.5352601156069365,8.314037626628075,7.491525423728813,90,1,50,0.5,0.5,0.5,genetic,stochastic,stochastic,0.05,10
856,667,977,0.5601393135142126,0.7340396236388204,0.7248550955016295,7.566588785046729,7.871064467766117,7.43193449334698,91,1,50,0.5,0.5,0.5,genetic,stochastic,stochastic,0.05,10
845,631,1024,0.5610356246505616,0.7406388766603866,0.7288263333774574,7.753846153846154,7.5340729001584785,7.2822265625,92,1,50,0.5,0.5,0.5,genetic,stochastic,stochastic,0.05,10
859,627,1014,0.5618299274876757,0.7465158662391036,0.7354771834231367,7.49708963911525,7.21371610845295,7.5256410256410255,93,1,50,0.5,0.5,0.5,genetic,stochastic,stochastic,0.05,10
860,613,1027,0.5622176505888865,0.7598086916025762,0.7379524424299592,7.709302325581396,6.942903752039152,7.710808179162609,94,1,50,0.5,0.5,0.5,genetic,stochastic,stochastic,0.05,10
850,614,1036,0.5616820135094044,0.7616539781469525,0.7453324816729688,7.767058823529411,6.649837133550489,7.8301158301158305,95,1,50,0.5,0.5,0.5,genetic,stochastic,stochastic,0.05,10
851,586,1063,0.560761639774537,0.7727476658039198,0.7522491226328626,7.72737955346651,6.075085324232082,7.923800564440263,96,1,50,0.5,0.5,0.5,genetic,stochastic,stochastic,0.05,10
848,587,1065,0.5606178399072776,0.7860237914281987,0.7518044498505835,7.814858490566038,5.7580919931856895,8.1981220657277,97,1,50,0.5,0.5,0.5,genetic,stochastic,stochastic,0.05,10
829,599,1072,0.5606762593155843,0.7910865649309137,0.7551298075761261,7.814234016887816,5.472454090150251,8.379664179104477,98,1,50,0.5,0.5,0.5,genetic,stochastic,stochastic,0.05,10
828,619,1053,0.5617558919825768,0.7945401774014023,0.7538499582905105,7.748792270531401,5.444264943457189,8.654320987654321,99,1,50,0.5,0.5,0.5,genetic,stochastic,stochastic,0.05,10
830,611,1059,0.5613850915184657,0.8047364442584892,0.7575826051062234,7.696385542168675,5.500818330605565,8.806421152030218,100,1,50,0.5,0.5,0.5,genetic,stochastic,stochastic,0.05,10
813,650,1037,0.5607299428425669,0.8131206654462424,0.7553727963004868,7.720787207872078,5.472307692307692,9.030858244937319,101,1,50,0.5,0.5,0.5,genetic,stochastic,stochastic,0.05,10
818,661,1021,0.5632069347752922,0.8143575823575393,0.7545976468439789,7.56601466992665,5.659606656580938,9.258570029382957,102,1,50,0.5,0.5,0.5,genetic,stochastic,stochastic,0.05,10
839,663,998,0.5647421171279995,0.8166509673114497,0.7544430848339851,7.3539928486293205,5.817496229260935,9.438877755511022,103,1,50,0.5,0.5,0.5,genetic,stochastic,stochastic,0.05,10
841,656,1003,0.5671504147103933,0.8205301760012026,0.7589400139925578,7.1200951248513675,5.9375,9.371884346959122,104,1,50,0.5,0.5,0.5,genetic,stochastic,stochastic,0.05,10
847,640,1013,0.5685403863427496,0.8217754177411745,0.7611395368859437,7.2762691853600945,6.1140625,9.426456071076013,105,1,50,0.5,0.5,0.5,genetic,stochastic,stochastic,0.05,10
863,630,1007,0.572247843484718,0.8334118823551103,0.7661134074749592,7.215527230590962,6.152380952380953,9.289970208540218,106,1,50,0.5,0.5,0.5,genetic,stochastic,stochastic,0.05,10
893,609,998,0.5725180265437109,0.8394186014971728,0.7680866884983977,7.310190369540874,6.287356321839081,9.164328657314629,107,1,50,0.5,0.5,0.5,genetic,stochastic,stochastic,0.05,10
927,597,976,0.5734656626646149,0.8469216069590884,0.7703812665536749,7.207119741100324,6.115577889447236,9.077868852459016,108,1,50,0.5,0.5,0.5,genetic,stochastic,stochastic,0.05,10
917,645,938,0.5720053898151523,0.8478567466906716,0.7727864289477275,7.032715376226826,5.888372093023256,9.17910447761194,109,1,50,0.5,0.5,0.5,genetic,stochastic,stochastic,0.05,10
920,656,924,0.5742423612915867,0.846454385022228,0.7768588392177889,6.960869565217391,5.8323170731707314,9.0508658008658,110,1,50,0.5,0.5,0.5,genetic,stochastic,stochastic,0.05,10
920,668,912,0.5753057752204866,0.8452048254691402,0.7835254619411609,6.971739130434782,5.699101796407185,8.775219298245615,111,1,50,0.5,0.5,0.5,genetic,stochastic,stochastic,0.05,10
923,662,915,0.5749265551646829,0.8569078247892334,0.7906429006884015,6.937161430119176,5.564954682779456,8.401092896174863,112,1,50,0.5,0.5,0.5,genetic,stochastic,stochastic,0.05,10
950,663,887,0.5768322025180058,0.8603000160693021,0.8035657818344975,6.794736842105263,5.627450980392157,7.95152198421646,113,1,50,0.5,0.5,0.5,genetic,stochastic,stochastic,0.05,10
936,658,906,0.574993100955267,0.8683536388309104,0.8081001820627093,6.930555555555555,5.425531914893617,7.584988962472406,114,1,50,0.5,0.5,0.5,genetic,stochastic,stochastic,0.05,10
944,649,907,0.5753560903731345,0.8698169701531596,0.8136906323448371,6.9650423728813555,5.311248073959939,7.4796030871003305,115,1,50,0.5,0.5,0.5,genetic,stochastic,stochastic,0.05,10
938,632,930,0.574405998122618,0.8670580666629862,0.8201323332789036,6.992537313432836,5.234177215189874,7.248387096774193,116,1,50,0.5,0.5,0.5,genetic,stochastic,stochastic,0.05,10
945,620,935,0.573139714810853,0.8701186110141131,0.8210707367000635,7.039153439153439,5.104838709677419,7.109090909090909,117,1,50,0.5,0.5,0.5,genetic,stochastic,stochastic,0.05,10
944,627,929,0.5741190590016717,0.8707778921892265,0.8216907079674445,7.098516949152542,4.960127591706539,7.103336921420882,118,1,50,0.5,0.5,0.5,genetic,stochastic,stochastic,0.05,10
924,641,935,0.5748352505007179,0.8692451953720887,0.8200829132612705,7.17965367965368,4.755070202808112,7.104812834224599,119,1,50,0.5,0.5,0.5,genetic,stochastic,stochastic,0.05,10
919,661,920,0.5741735838419054,0.8703567798310866,0.8188870540930366,7.099020674646355,4.813918305597579,7.153260869565218,120,1,50,0.5,0.5,0.5,genetic,stochastic,stochastic,0.05,10
898,678,924,0.5756831032904737,0.8730819025133615,0.8165997914551885,7.022271714922049,4.725663716814159,7.29004329004329,121,1,50,0.5,0.5,0.5,genetic,stochastic,stochastic,0.05,10
888,691,921,0.5770589882964253,0.8784715551461707,0.8204950654764377,6.8524774774774775,4.732272069464544,7.357220412595005,122,1,50,0.5,0.5,0.5,genetic,stochastic,stochastic,0.05,10
860,695,945,0.579907256966775,0.876471706971515,0.8282736730792207,6.883720930232558,4.8,7.343915343915344,123,1,50,0.5,0.5,0.5,genetic,stochastic,stochastic,0.05,10
851,684,965,0.5795634079347765,0.8752165131204065,0.8341509677019636,6.746180963572268,4.9108187134502925,7.347150259067358,124,1,50,0.5,0.5,0.5,genetic,stochastic,stochastic,0.05,10
849,650,1001,0.5793314116639591,0.8799013442628241,0.8409520984809388,6.652532391048292,4.969230769230769,7.187812187812188,125,1,50,0.5,0.5,0.5,genetic,stochastic,stochastic,0.05,10
877,610,1013,0.5833942170554336,0.8800585143404713,0.8410649243471605,6.5974914481185865,4.914754098360656,7.15004935834156,126,1,50,0.5,0.5,0.5,genetic,stochastic,stochastic,0.05,10
917,579,1004,0.5819028006429038,0.8788993393415,0.8453478962957737,6.472191930207197,4.8929188255613125,6.979083665338646,127,1,50,0.5,0.5,0.5,genetic,stochastic,stochastic,0.05,10
939,544,1017,0.5825019616318752,0.8783008936057004,0.8482059843365001,6.603833865814696,4.931985294117647,7.0855457227138645,128,1,50,0.5,0.5,0.5,genetic,stochastic,stochastic,0.05,10
978,513,1009,0.5830669326103531,0.8783283855422496,0.8469448873917231,6.607361963190184,4.846003898635478,7.113974231912785,129,1,50,0.5,0.5,0.5,genetic,stochastic,stochastic,0.05,10
1022,493,985,0.5833949416323537,0.8814254181806085,0.8454177351916581,6.673189823874756,4.9371196754563895,7.296446700507614,130,1,50,0.5,0.5,0.5,genetic,stochastic,stochastic,0.05,10
1051,470,979,0.5819818267366217,0.8827724913141697,0.849137905902813,6.827783063748811,4.957446808510638,7.290091930541369,131,1,50,0.5,0.5,0.5,genetic,stochastic,stochastic,0.05,10
1093,451,956,0.5804130523590931,0.8791787116756452,0.8500762883837389,6.922232387923147,4.878048780487805,7.325313807531381,132,1,50,0.5,0.5,0.5,genetic,stochastic,stochastic,0.05,10
1128,449,923,0.5795727480822066,0.8755479350843024,0.8545384015322013,7.023049645390071,4.661469933184855,7.297941495124594,133,1,50,0.5,0.5,0.5,genetic,stochastic,stochastic,0.05,10
1160,448,892,0.5804718522198564,0.8716601386670579,0.8590003797285084,7.120689655172414,4.540178571428571,7.336322869955157,134,1,50,0.5,0.5,0.5,genetic,stochastic,stochastic,0.05,10
1163,478,859,0.5821335664241228,0.8715140818554372,0.8579494930366682,7.3456577815993125,4.322175732217573,7.452852153667055,135,1,50,0.5,0.5,0.5,genetic,stochastic,stochastic,0.05,10
1143,515,842,0.580883806122298,0.8763917517955823,0.8556382892388806,7.405949256342957,3.9728155339805826,7.503562945368171,136,1,50,0.5,0.5,0.5,genetic,stochastic,stochastic,0.05,10
1124,565,811,0.5799615865974593,0.8730681071617273,0.8543745474330373,7.463523131672598,3.8690265486725663,7.531442663378545,137,1,50,0.5,0.5,0.5,genetic,stochastic,stochastic,0.05,10
1082,639,779,0.5798981211403823,0.8748507814026263,0.8546761041180672,7.707024029574861,3.888888888888889,7.666238767650834,138,1,50,0.5,0.5,0.5,genetic,stochastic,stochastic,0.05,10
1064,662,774,0.5808072473833464,0.8767679699233373,0.8566985135739463,7.843984962406015,3.990936555891239,7.431524547803617,139,1,50,0.5,0.5,0.5,genetic,stochastic,stochastic,0.05,10
1029,702,769,0.5823287534187374,0.8708347839489463,0.8566007751107383,7.8794946550048595,3.948717948717949,7.204161248374512,140,1,50,0.5,0.5,0.5,genetic,stochastic,stochastic,0.05,10
1005,721,774,0.580962290453509,0.8717444682781718,0.854644100474969,8.082587064676616,4.262135922330097,7.015503875968992,141,1,50,0.5,0.5,0.5,genetic,stochastic,stochastic,0.05,10
981,721,798,0.5794925211941413,0.8668903486128413,0.8479739945920891,8.198776758409785,4.4674063800277395,6.802005012531328,142,1,50,0.5,0.5,0.5,genetic,stochastic,stochastic,0.05,10
946,752,802,0.5811828404931948,0.8726956601691518,0.8433769705515675,8.218816067653277,4.525265957446808,6.522443890274314,143,1,50,0.5,0.5,0.5,genetic,stochastic,stochastic,0.05,10
887,749,864,0.5839459702708018,0.8767513868428507,0.8399348172425107,8.421645997745209,4.618157543391188,6.480324074074074,144,1,50,0.5,0.5,0.5,genetic,stochastic,stochastic,0.05,10
892,733,875,0.5865215015727602,0.8780201183367861,0.8360698085601208,8.13116591928251,4.784447476125512,6.273142857142857,145,1,50,0.5,0.5,0.5,genetic,stochastic,stochastic,0.05,10
885,712,903,0.5909329339723421,0.8809071172871107,0.8319589569906461,7.984180790960452,4.827247191011236,6.213732004429679,146,1,50,0.5,0.5,0.5,genetic,stochastic,stochastic,0.05,10
885,718,897,0.5914871946164746,0.8792868459422997,0.8307974081441114,7.672316384180791,4.949860724233983,6.207357859531773,147,1,50,0.5,0.5,0.5,genetic,stochastic,stochastic,0.05,10
868,683,949,0.5924605994077139,0.8816270548991856,0.8277306484259623,7.6463133640553,4.976573938506589,6.193888303477345,148,1,50,0.5,0.5,0.5,genetic,stochastic,stochastic,0.05,10
872,664,964,0.5920917376630601,0.8788787601332084,0.8241517729975293,7.620412844036697,5.073795180722891,6.1462655601659755,149,1,50,0.5,0.5,0.5,genetic,stochastic,stochastic,0.05,10
841,686,973,0.5937338544692999,0.8809536442558935,0.8190752161291567,7.329369797859691,4.909620991253644,6.398766700924974,150,1,50,0.5,0.5,0.5,genetic,stochastic,stochastic,0.05,10
852,712,936,0.5935568312877026,0.8837092071318515,0.8182836731447658,7.062206572769953,5.058988764044944,6.601495726495727,151,1,50,0.5,0.5,0.5,genetic,stochastic,stochastic,0.05,10
825,713,962,0.5958357373953848,0.886719836948202,0.8215710651748405,6.8521212121212125,5.0673211781206176,6.6923076923076925,152,1,50,0.5,0.5,0.5,genetic,stochastic,stochastic,0.05,10
848,691,961,0.5949480809543438,0.8887372838096556,0.8190755192581544,6.606132075471698,5.211287988422576,6.714880332986472,153,1,50,0.5,0.5,0.5,genetic,stochastic,stochastic,0.05,10
847,668,985,0.5953505695156128,0.8862723398226564,0.8179265670932558,6.584415584415584,5.125748502994012,6.826395939086295,154,1,50,0.5,0.5,0.5,genetic,stochastic,stochastic,0.05,10
838,664,998,0.59630751568567,0.8916456035373046,0.8191665293471689,6.601431980906921,5.085843373493976,6.900801603206413,155,1,50,0.5,0.5,0.5,genetic,stochastic,stochastic,0.05,10
829,646,1025,0.5960152124917478,0.891585683448193,0.8222246768200516,6.702050663449939,5.145510835913313,6.795121951219512,156,1,50,0.5,0.5,0.5,genetic,stochastic,stochastic,0.05,10
852,634,1014,0.597428714315522,0.8927137201998041,0.8237145062510877,6.61150234741784,5.247634069400631,6.794871794871795,157,1,50,0.5,0.5,0.5,genetic,stochastic,stochastic,0.05,10
860,618,1022,0.5969621895922128,0.8860403682800331,0.8275816594285621,6.691860465116279,5.482200647249191,6.87573385518591,158,1,50,0.5,0.5,0.5,genetic,stochastic,stochastic,0.05,10
870,594,1036,0.5988531214275633,0.8819901113852077,0.8305665469054696,6.862068965517241,5.595959595959596,7.007722007722008,159,1,50,0.5,0.5,0.5,genetic,stochastic,stochastic,0.05,10
902,574,1024,0.5981770722361691,0.8775142530450302,0.8319579828410926,6.811529933481153,5.601045296167247,7.138671875,160,1,50,0.5,0.5,0.5,genetic,stochastic,stochastic,0.05,10
924,574,1002,0.5991193986848975,0.8733801636576612,0.8362884988144124,6.872294372294372,5.559233449477352,7.258483033932135,161,1,50,0.5,0.5,0.5,genetic,stochastic,stochastic,0.05,10
924,567,1009,0.5979536693903212,0.8693402583138435,0.8400257330131601,7.009740259740259,5.414462081128748,7.358771060455897,162,1,50,0.5,0.5,0.5,genetic,stochastic,stochastic,0.05,10
940,567,993,0.5977321730921069,0.870557755731454,0.842656608984064,7.036170212765957,5.2663139329806,7.525679758308157,163,1,50,0.5,0.5,0.5,genetic,stochastic,stochastic,0.05,10
945,582,973,0.5975847591616699,0.87022215921241,0.8462118819016823,6.915343915343915,4.927835051546392,7.578622816032888,164,1,50,0.5,0.5,0.5,genetic,stochastic,stochastic,0.05,10
954,566,980,0.5956443622593609,0.874726348485032,0.8536137552465831,7.028301886792453,4.876325088339223,7.374489795918367,165,1,50,0.5,0.5,0.5,genetic,stochastic,stochastic,0.05,10
965,553,982,0.5978687880164477,0.884832634097722,0.8596181175781664,6.861139896373057,4.613019891500904,7.228105906313646,166,1,50,0.5,0.5,0.5,genetic,stochastic,stochastic,0.05,10
953,566,981,0.5983048913617036,0.8839786057275653,0.8646614679318224,6.840503672612802,4.480565371024735,7.237512742099898,167,1,50,0.5,0.5,0.5,genetic,stochastic,stochastic,0.05,10
947,588,965,0.59813283312203,0.8896290875555757,0.8686409717424844,6.816261879619852,4.562925170068027,7.5461139896373055,168,1,50,0.5,0.5,0.5,genetic,stochastic,stochastic,0.05,10
947,582,971,0.6000078012603773,0.8926304083635489,0.8742496488509237,6.763463569165786,4.6116838487972505,7.546858908341916,169,1,50,0.5,0.5,0.5,genetic,stochastic,stochastic,0.05,10
929,607,964,0.5998561987596052,0.8939491404447573,0.875347343613973,6.609257265877288,4.4118616144975284,7.662863070539419,170,1,50,0.5,0.5,0.5,genetic,stochastic,stochastic,0.05,10
931,607,962,0.5987110313880755,0.899128508063231,0.8761810334010462,6.618689581095596,4.533772652388797,7.726611226611227,171,1,50,0.5,0.5,0.5,genetic,stochastic,stochastic,0.05,10
944,578,978,0.5979150904558252,0.9062836395334863,0.8767328798872523,6.641949152542373,4.505190311418685,7.468302658486707,172,1,50,0.5,0.5,0.5,genetic,stochastic,stochastic,0.05,10
974,567,959,0.5995106676951591,0.906156735473312,0.8727104488263533,6.712525667351129,4.853615520282187,7.559958289885297,173,1,50,0.5,0.5,0.5,genetic,stochastic,stochastic,0.05,10
1002,559,939,0.5965013314996768,0.901285975683522,0.8724725524935277,6.797405189620759,5.01252236135957,7.649627263045794,174,1,50,0.5,0.5,0.5,genetic,stochastic,stochastic,0.05,10
1019,570,911,0.596865086145806,0.9027936154375336,0.8662610860792618,6.8606476938174685,5.0701754385964914,7.782656421514819,175,1,50,0.5,0.5,0.5,genetic,stochastic,stochastic,0.05,10
1056,587,857,0.5963882171181184,0.897572880956173,0.8609613661562572,6.868371212121212,5.221465076660988,7.752625437572929,176,1,50,0.5,0.5,0.5,genetic,stochastic,stochastic,0.05,10
1068,600,832,0.5980208113669075,0.8942439298484021,0.8564481172984393,7.0065543071161045,5.15,7.627403846153846,177,1,50,0.5,0.5,0.5,genetic,stochastic,stochastic,0.05,10
1095,608,797,0.5969911147781239,0.8948142442497014,0.8489041070101867,7.1726027397260275,5.167763157894737,7.599749058971142,178,1,50,0.5,0.5,0.5,genetic,stochastic,stochastic,0.05,10
1094,620,786,0.5996268273686673,0.8885059880719282,0.8470542413091152,7.344606946983546,5.185483870967742,7.202290076335878,179,1,50,0.5,0.5,0.5,genetic,stochastic,stochastic,0.05,10
1083,653,764,0.6005876560751384,0.8862868648362184,0.8439519111453724,7.321329639889196,4.863705972434916,6.9109947643979055,180,1,50,0.5,0.5,0.5,genetic,stochastic,stochastic,0.05,10
1056,687,757,0.6010716419019698,0.880132028050661,0.8379595628071389,7.569128787878788,4.749636098981077,6.8507265521796565,181,1,50,0.5,0.5,0.5,genetic,stochastic,stochastic,0.05,10
1024,736,740,0.600165207168504,0.8742265546303772,0.8360011958526289,7.724609375,4.846467391304348,6.897297297297297,182,1,50,0.5,0.5,0.5,genetic,stochastic,stochastic,0.05,10
1002,749,749,0.6003356542183219,0.8709220818068418,0.8327535065722085,7.877245508982036,5.020026702269693,6.70894526034713,183,1,50,0.5,0.5,0.5,genetic,stochastic,stochastic,0.05,10
970,772,758,0.599297292888044,0.8626179111427622,0.8287089488171192,8.014432989690722,5.1619170984455955,6.680738786279683,184,1,50,0.5,0.5,0.5,genetic,stochastic,stochastic,0.05,10
935,793,772,0.598226811353645,0.8601326832673047,0.8255955538552435,8.162566844919786,5.261034047919294,6.639896373056994,185,1,50,0.5,0.5,0.5,genetic,stochastic,stochastic,0.05,10
935,795,770,0.5970257990037731,0.8564851160190718,0.827710768141167,8.220320855614974,5.334591194968554,6.5,186,1,50,0.5,0.5,0.5,genetic,stochastic,stochastic,0.05,10
914,796,790,0.5948651238224195,0.8551944970731745,0.8328510340638366,8.361050328227572,5.305276381909548,6.310126582278481,187,1,50,0.5,0.5,0.5,genetic,stochastic,stochastic,0.05,10
863,830,807,0.5948417206810944,0.8559326184969556,0.8340283306815851,8.545770567786791,5.332530120481928,6.343246592317224,188,1,50,0.5,0.5,0.5,genetic,stochastic,stochastic,0.05,10
827,841,832,0.5950270610734067,0.8549121420184382,0.8316047751027745,8.638452237001209,5.511296076099881,6.424278846153846,189,1,50,0.5,0.5,0.5,genetic,stochastic,stochastic,0.05,10
794,844,862,0.5976439250914348,0.853633484893126,0.8285016604216302,8.35264483627204,5.665876777251185,6.544083526682135,190,1,50,0.5,0.5,0.5,genetic,stochastic,stochastic,0.05,10
753,832,915,0.5960757821926197,0.8543221499969392,0.8280848385114657,8.52456839309429,5.8858173076923075,6.655737704918033,191,1,50,0.5,0.5,0.5,genetic,stochastic,stochastic,0.05,10
750,805,945,0.5986190949230147,0.8555609555225855,0.8271100066253002,8.18,5.926708074534162,6.691005291005291,192,1,50,0.5,0.5,0.5,genetic,stochastic,stochastic,0.05,10
753,760,987,0.5969996177683337,0.8509113125497795,0.8247017930223275,8.01460823373174,6.065789473684211,6.683890577507599,193,1,50,0.5,0.5,0.5,genetic,stochastic,stochastic,0.05,10
757,702,1041,0.5992576042950087,0.8452716183457225,0.8258129916505698,8.043593130779392,6.217948717948718,6.716618635926993,194,1,50,0.5,0.5,0.5,genetic,stochastic,stochastic,0.05,10
772,644,1084,0.5995405112389469,0.8421948404155244,0.826648067992631,7.949481865284974,6.1770186335403725,6.736162361623617,195,1,50,0.5,0.5,0.5,genetic,stochastic,stochastic,0.05,10
800,616,1084,0.6012074297049523,0.8376504086383241,0.8275595094908769,7.75375,6.035714285714286,6.828413284132841,196,1,50,0.5,0.5,0.5,genetic,stochastic,stochastic,0.05,10
824,564,1112,0.6020513189200587,0.8350279846131897,0.8298630754517878,7.782766990291262,5.98936170212766,7.075539568345324,197,1,50,0.5,0.5,0.5,genetic,stochastic,stochastic,0.05,10
844,518,1138,0.6002136885130728,0.8321276273070392,0.8304753785333373,7.731042654028436,5.866795366795367,7.23286467486819,198,1,50,0.5,0.5,0.5,genetic,stochastic,stochastic,0.05,10
903,454,1143,0.5987519708546204,0.8312111494370303,0.831891369400601,7.739756367663344,5.828193832599119,7.223972003499562,199,1,50,0.5,0.5,0.5,genetic,stochastic,stochastic,0.05,10
956,414,1130,0.6000039761210458,0.8265421727683642,0.8308716883061307,7.630753138075314,5.582125603864735,7.313274336283186,200,1,50,0.5,0.5,0.5,genetic,stochastic,stochastic,0.05,10
995,393,1112,0.6011943778861105,0.8205408478690072,0.8293653103120273,7.675376884422111,5.198473282442748,7.420863309352518,201,1,50,0.5,0.5,0.5,genetic,stochastic,stochastic,0.05,10
1032,411,1057,0.6013872828486536,0.8278461772578742,0.8306772490529453,7.7810077519379846,5.009732360097324,7.583727530747399,202,1,50,0.5,0.5,0.5,genetic,stochastic,stochastic,0.05,10
1076,438,986,0.6017176494408762,0.8273892134885126,0.8302301783713961,7.618029739776952,4.769406392694064,7.883367139959432,203,1,50,0.5,0.5,0.5,genetic,stochastic,stochastic,0.05,10
1086,466,948,0.6037058889819666,0.8197142606206519,0.8310099503677566,7.476058931860037,4.515021459227468,8.176160337552743,204,1,50,0.5,0.5,0.5,genetic,stochastic,stochastic,0.05,10
1077,522,901,0.6039657285606435,0.8173215407475878,0.8338281701023311,7.396471680594243,4.509578544061303,8.559378468368479,205,1,50,0.5,0.5,0.5,genetic,stochastic,stochastic,0.05,10
1073,551,876,0.6053207766702816,0.8221156894815121,0.8356883082354452,7.491146318732525,4.577132486388384,8.684931506849315,206,1,50,0.5,0.5,0.5,genetic,stochastic,stochastic,0.05,10
1086,556,858,0.6056630746983577,0.8259608664541574,0.8380736181621526,7.661141804788214,4.701438848920863,8.900932400932401,207,1,50,0.5,0.5,0.5,genetic,stochastic,stochastic,0.05,10
1136,566,798,0.6050948032414788,0.8334429574504573,0.8366845965066448,7.631161971830986,4.863957597173145,8.86591478696742,208,1,50,0.5,0.5,0.5,genetic,stochastic,stochastic,0.05,10
1148,586,766,0.6046740014029416,0.8354018192127597,0.8416430687210154,7.673344947735192,5.032423208191126,8.882506527415144,209,1,50,0.5,0.5,0.5,genetic,stochastic,stochastic,0.05,10
1178,627,695,0.6035714505850148,0.8402178180736477,0.8460987872957785,7.709677419354839,5.221690590111643,8.984172661870504,210,1,50,0.5,0.5,0.5,genetic,stochastic,stochastic,0.05,10
1186,648,666,0.6056106079299405,0.8417812243252084,0.8497972702210663,7.81956155143339,5.404320987654321,8.824324324324325,211,1,50,0.5,0.5,0.5,genetic,stochastic,stochastic,0.05,10
1183,660,657,0.6056522139490401,0.8422191871192908,0.8509896196814679,8.087912087912088,5.58030303030303,8.333333333333334,212,1,50,0.5,0.5,0.5,genetic,stochastic,stochastic,0.05,10
1175,712,613,0.6064336917848375,0.8447518987318304,0.8480909542377804,8.06468085106383,5.554775280898877,8.0163132137031,213,1,50,0.5,0.5,0.5,genetic,stochastic,stochastic,0.05,10
1127,763,610,0.6056570362141361,0.845702499747919,0.8495947975994691,8.175687666370896,5.525557011795544,7.554098360655738,214,1,50,0.5,0.5,0.5,genetic,stochastic,stochastic,0.05,10
1084,811,605,0.607354585115411,0.8476338033747897,0.8494549131240015,8.142066420664207,5.401972872996301,6.573553719008265,215,1,50,0.5,0.5,0.5,genetic,stochastic,stochastic,0.05,10
1004,867,629,0.6070427071271575,0.8489311880170619,0.8518605014695606,8.407370517928287,5.311418685121107,6.041335453100159,216,1,50,0.5,0.5,0.5,genetic,stochastic,stochastic,0.05,10
886,935,679,0.607412257658024,0.8521763439462461,0.8556548505829582,8.325056433408578,5.156149732620321,5.811487481590574,217,1,50,0.5,0.5,0.5,genetic,stochastic,stochastic,0.05,10
815,946,739,0.6076701078216492,0.8542180519098188,0.8579138744274093,8.187730061349694,5.136363636363637,5.399188092016238,218,1,50,0.5,0.5,0.5,genetic,stochastic,stochastic,0.05,10
752,953,795,0.607854057382512,0.8540014502109214,0.8583852904748829,8.014627659574469,5.14900314795383,5.327044025157233,219,1,50,0.5,0.5,0.5,genetic,stochastic,stochastic,0.05,10
647,985,868,0.6082198318882108,0.8545484812926651,0.860661229849563,7.871715610510046,5.148223350253807,5.444700460829493,220,1,50,0.5,0.5,0.5,genetic,stochastic,stochastic,0.05,10
605,953,942,0.6054161074077632,0.8559967051101685,0.864119251382615,7.829752066115702,5.389296956977964,5.492569002123142,221,1,50,0.5,0.5,0.5,genetic,stochastic,stochastic,0.05,10
569,921,1010,0.6041799008144818,0.8576065418629607,0.8642486492346516,7.697715289982425,5.741585233441911,5.661386138613861,222,1,50,0.5,0.5,0.5,genetic,stochastic,stochastic,0.05,10
536,879,1085,0.6069122412768558,0.8554954290108588,0.8653225183160248,7.358208955223881,6.001137656427759,5.9152073732718895,223,1,50,0.5,0.5,0.5,genetic,stochastic,stochastic,0.05,10
525,821,1154,0.6071822321531708,0.8579746073069711,0.8645224745587939,6.811428571428571,6.18026796589525,6.074523396880416,224,1,50,0.5,0.5,0.5,genetic,stochastic,stochastic,0.05,10
543,755,1202,0.6120807742042429,0.8603259634909033,0.8628620063485166,6.349907918968692,6.398675496688742,6.25540765391015,225,1,50,0.5,0.5,0.5,genetic,stochastic,stochastic,0.05,10
580,693,1227,0.6143536665876997,0.8610928534721107,0.8651684775182386,6.051724137931035,6.584415584415584,6.5175224123879385,226,1,50,0.5,0.5,0.5,genetic,stochastic,stochastic,0.05,10
619,642,1239,0.6141014186082239,0.8659744965710028,0.8677805268765562,5.840064620355412,6.64797507788162,6.619854721549637,227,1,50,0.5,0.5,0.5,genetic,stochastic,stochastic,0.05,10
654,582,1264,0.6133814765991307,0.8674370923345242,0.8703127077949051,5.659021406727828,6.823024054982818,6.8924050632911396,228,1,50,0.5,0.5,0.5,genetic,stochastic,stochastic,0.05,10
693,521,1286,0.6135512414993607,0.8720207488887158,0.8730918502438844,5.708513708513708,6.758157389635317,7.181181959564541,229,1,50,0.5,0.5,0.5,genetic,stochastic,stochastic,0.05,10
741,461,1298,0.6166305096990875,0.8671471167593058,0.8762907697611444,5.614035087719298,6.724511930585683,7.418335901386749,230,1,50,0.5,0.5,0.5,genetic,stochastic,stochastic,0.05,10
811,407,1282,0.6184537826398386,0.8686308858540974,0.8794437113625887,5.561035758323058,6.228501228501228,7.595163806552262,231,1,50,0.5,0.5,0.5,genetic,stochastic,stochastic,0.05,10
868,388,1244,0.6188893077262062,0.8617675342610753,0.882889134043211,5.65668202764977,5.871134020618556,7.881028938906752,232,1,50,0.5,0.5,0.5,genetic,stochastic,stochastic,0.05,10
922,380,1198,0.6199350332467852,0.8568708121666834,0.8854878743161169,5.754880694143167,5.378947368421053,8.085141903171953,233,1,50,0.5,0.5,0.5,genetic,stochastic,stochastic,0.05,10
964,377,1159,0.6206934874873737,0.8509335668438636,0.8851617965712799,5.9979253112033195,5.071618037135279,8.397756686798965,234,1,50,0.5,0.5,0.5,genetic,stochastic,stochastic,0.05,10
1008,361,1131,0.6212143051151559,0.8602230929803955,0.886422493306362,6.189484126984127,4.556786703601108,8.540229885057471,235,1,50,0.5,0.5,0.5,genetic,stochastic,stochastic,0.05,10
1038,379,1083,0.6213451314094512,0.8649683809833514,0.8865169071767819,6.257225433526012,4.174142480211081,8.776546629732225,236,1,50,0.5,0.5,0.5,genetic,stochastic,stochastic,0.05,10
1108,400,992,0.6204100805136303,0.8706875407337177,0.887806683071062,6.2048736462093865,3.8225,8.798387096774194,237,1,50,0.5,0.5,0.5,genetic,stochastic,stochastic,0.05,10
1148,431,921,0.619890919673468,0.8709711841927525,0.8893859387550352,6.308362369337979,3.719257540603248,8.838219326818676,238,1,50,0.5,0.5,0.5,genetic,stochastic,stochastic,0.05,10
1195,439,866,0.6197700005206156,0.8758934789926205,0.8920954586044682,6.43765690376569,3.8952164009111616,8.66974595842956,239,1,50,0.5,0.5,0.5,genetic,stochastic,stochastic,0.05,10
1217,483,800,0.6212586845311258,0.8810961672292644,0.8941032528404159,6.608874281018899,4.01656314699793,8.66,240,1,50,0.5,0.5,0.5,genetic,stochastic,stochastic,0.05,10
1269,493,738,0.6213974955561717,0.8839778912383989,0.896121179944156,6.855003940110323,4.286004056795131,8.621951219512194,241,1,50,0.5,0.5,0.5,genetic,stochastic,stochastic,0.05,10
1267,547,686,0.6220989390462153,0.8837862899638319,0.8994921841355407,7.071033938437253,4.2413162705667276,8.479591836734693,242,1,50,0.5,0.5,0.5,genetic,stochastic,stochastic,0.05,10
1247,602,651,0.622130216210987,0.8814441267680645,0.8978564169862493,7.44747393744988,4.277408637873754,8.287250384024578,243,1,50,0.5,0.5,0.5,genetic,stochastic,stochastic,0.05,10
1229,627,644,0.6221330211316723,0.881286599566121,0.8945761350372214,7.6989422294548415,4.379585326953748,7.87111801242236,244,1,50,0.5,0.5,0.5,genetic,stochastic,stochastic,0.05,10
1203,647,650,0.6223523176938721,0.8813870145881342,0.892597065139055,8.006650041562759,4.437403400309119,7.321538461538461,245,1,50,0.5,0.5,0.5,genetic,stochastic,stochastic,0.05,10
1170,662,668,0.6246206286528745,0.8812542748340593,0.894389177196813,8.384615384615385,4.424471299093655,6.763473053892215,246,1,50,0.5,0.5,0.5,genetic,stochastic,stochastic,0.05,10
1106,716,678,0.624491574037923,0.8804095026623323,0.8880809488956459,8.773960216998193,4.342178770949721,6.331858407079646,247,1,50,0.5,0.5,0.5,genetic,stochastic,stochastic,0.05,10
1081,717,702,0.6212302939933019,0.8801716758033254,0.88534852273981,9.105457909343201,4.488145048814505,6.145299145299146,248,1,50,0.5,0.5,0.5,genetic,stochastic,stochastic,0.05,10
1022,744,734,0.622142771098198,0.8811654810450172,0.8828966311356101,9.637964774951076,4.649193548387097,6.1498637602179835,249,1,50,0.5,0.5,0.5,genetic,stochastic,stochastic,0.05,10
978,730,792,0.6212214686337587,0.8778097077984888,0.8859779437521834,10.081799591002046,4.786301369863014,5.987373737373737,250,1,50,0.5,0.5,0.5,genetic,stochastic,stochastic,0.05,10
926,745,829,0.6214991414676451,0.8831962340332025,0.8863723715538467,10.311015118790497,4.791946308724833,6.127864897466828,251,1,50,0.5,0.5,0.5,genetic,stochastic,stochastic,0.05,10
891,732,877,0.6176507559570448,0.8779580765966365,0.8845898047261502,10.47699214365881,4.870218579234972,6.058152793614595,252,1,50,0.5,0.5,0.5,genetic,stochastic,stochastic,0.05,10
879,729,892,0.620134954945365,0.8769066388319681,0.88469086431721,10.213879408418657,5.0246913580246915,6.098654708520179,253,1,50,0.5,0.5,0.5,genetic,stochastic,stochastic,0.05,10
887,708,905,0.6189945658796414,0.8782584869797465,0.8815374548301301,10.045095828635851,5.175141242937853,6.071823204419889,254,1,50,0.5,0.5,0.5,genetic,stochastic,stochastic,0.05,10
836,718,946,0.619185941879708,0.8819265957935469,0.8834706209999342,10.078947368421053,5.110027855153203,6.255813953488372,255,1,50,0.5,0.5,0.5,genetic,stochastic,stochastic,0.05,10
845,712,943,0.6200521861636799,0.8841959654162905,0.8794616731499361,9.669822485207101,5.352528089887641,6.448568398727465,256,1,50,0.5,0.5,0.5,genetic,stochastic,stochastic,0.05,10
836,730,934,0.6191632337774929,0.8809290278533335,0.8752359167253285,8.826555023923445,5.2972602739726025,6.529978586723769,257,1,50,0.5,0.5,0.5,genetic,stochastic,stochastic,0.05,10
837,722,941,0.6198452549906087,0.884293264807425,0.8741769450182555,8.41457586618877,5.437673130193906,6.579171094580234,258,1,50,0.5,0.5,0.5,genetic,stochastic,stochastic,0.05,10
841,724,935,0.6229370644810943,0.887748779642041,0.8707066748245833,7.417360285374554,5.515193370165746,6.5732620320855615,259,1,50,0.5,0.5,0.5,genetic,stochastic,stochastic,0.05,10
861,733,906,0.6233074357203783,0.8893197244962106,0.8663019937896472,6.902439024390244,5.65075034106412,6.6302428256070645,260,1,50,0.5,0.5,0.5,genetic,stochastic,stochastic,0.05,10
893,738,869,0.6249231965605235,0.8890073433745199,0.8635575362606261,6.471444568868981,5.8983739837398375,6.7215189873417724,261,1,50,0.5,0.5,0.5,genetic,stochastic,stochastic,0.05,10
889,704,907,0.6281924189811521,0.8881430615323951,0.8649107502375573,6.463442069741283,6.184659090909091,6.714443219404631,262,1,50,0.5,0.5,0.5,genetic,stochastic,stochastic,0.05,10
912,669,919,0.6297791679055891,0.8874452080772958,0.8675250757376046,6.345394736842105,6.336322869955157,6.618063112078346,263,1,50,0.5,0.5,0.5,genetic,stochastic,stochastic,0.05,10
948,636,916,0.6311959311803785,0.8881219304299273,0.8669164035066531,6.505274261603375,6.666666666666667,6.687772925764192,264,1,50,0.5,0.5,0.5,genetic,stochastic,stochastic,0.05,10
979,606,915,0.631767748109193,0.8829427312598694,0.8656746422224408,6.5250255362614915,6.8283828382838285,6.5704918032786885,265,1,50,0.5,0.5,0.5,genetic,stochastic,stochastic,0.05,10
1009,603,888,0.6341334979635309,0.8861737340038025,0.8627275120648753,6.606541129831516,6.8059701492537314,6.71509009009009,266,1,50,0.5,0.5,0.5,genetic,stochastic,stochastic,0.05,10
1042,600,858,0.6329062930054488,0.8844781857920507,0.8623096122752925,6.72936660268714,6.766666666666667,6.731934731934732,267,1,50,0.5,0.5,0.5,genetic,stochastic,stochastic,0.05,10
1055,587,858,0.6337542349012661,0.880349476192523,0.8640680048666337,6.89478672985782,6.354344122657581,6.694638694638694,268,1,50,0.5,0.5,0.5,genetic,stochastic,stochastic,0.05,10
1054,600,846,0.6347935502207346,0.8829901378661881,0.8665176272076783,7.082542694497154,5.79,6.723404255319149,269,1,50,0.5,0.5,0.5,genetic,stochastic,stochastic,0.05,10
1052,617,831,0.6340405069457048,0.8743787692171219,0.8662009596780972,7.064638783269962,5.014586709886548,6.6558363417569195,270,1,50,0.5,0.5,0.5,genetic,stochastic,stochastic,0.05,10
1012,645,843,0.632671966938497,0.870784689200595,0.8666513544883514,7.3606719367588935,4.8,6.749703440094899,271,1,50,0.5,0.5,0.5,genetic,stochastic,stochastic,0.05,10
986,647,867,0.6313551557579743,0.8704125684474883,0.8688536667209856,7.5141987829614605,4.680061823802164,6.658592848904267,272,1,50,0.5,0.5,0.5,genetic,stochastic,stochastic,0.05,10
977,669,854,0.632324124941821,0.8690454021967651,0.8693268272361211,7.571136131013306,4.76831091180867,6.688524590163935,273,1,50,0.5,0.5,0.5,genetic,stochastic,stochastic,0.05,10
958,705,837,0.633508018993458,0.8660072252179761,0.8681279552610014,7.54070981210856,4.778723404255319,6.862604540023895,274,1,50,0.5,0.5,0.5,genetic,stochastic,stochastic,0.05,10
925,732,843,0.6342104828741684,0.861012118258229,0.8673774955252594,7.495135135135135,4.8469945355191255,6.952550415183867,275,1,50,0.5,0.5,0.5,genetic,stochastic,stochastic,0.05,10
899,759,842,0.6340745694909582,0.8592898398361619,0.867178087322123,7.46384872080089,4.953886693017128,7.157957244655582,276,1,50,0.5,0.5,0.5,genetic,stochastic,stochastic,0.05,10
874,799,827,0.6328218944139589,0.8555615354360695,0.8680078962087513,7.517162471395881,5.086357947434293,7.384522370012092,277,1,50,0.5,0.5,0.5,genetic,stochastic,stochastic,0.05,10
850,831,819,0.6352422181294695,0.8536197136554602,0.8663215592098726,7.516470588235294,5.166064981949458,7.517704517704518,278,1,50,0.5,0.5,0.5,genetic,stochastic,stochastic,0.05,10
836,854,810,0.6340978705481907,0.8567119862102153,0.8663333370820783,7.4952153110047846,5.290398126463701,7.337037037037037,279,1,50,0.5,0.5,0.5,genetic,stochastic,stochastic,0.05,10
816,854,830,0.635007908929405,0.8546020604621127,0.8654890227413893,7.427696078431373,5.453161592505855,7.11566265060241,280,1,50,0.5,0.5,0.5,genetic,stochastic,stochastic,0.05,10
805,856,839,0.6326985495945251,0.8540523858412342,0.8618880341983978,7.3130434782608695,5.68107476635514,7.0786650774731825,281,1,50,0.5,0.5,0.5,genetic,stochastic,stochastic,0.05,10
813,819,868,0.6352394666318578,0.8589553084784771,0.8592106391523582,7.185731857318573,5.873015873015873,6.79147465437788,282,1,50,0.5,0.5,0.5,genetic,stochastic,stochastic,0.05,10
802,788,910,0.6355249376742167,0.8591168485992998,0.8579534195135331,7.271820448877805,5.950507614213198,6.70989010989011,283,1,50,0.5,0.5,0.5,genetic,stochastic,stochastic,0.05,10
796,742,962,0.6369395359706813,0.8604221039757027,0.8558765273254234,7.271356783919598,6.080862533692723,6.423076923076923,284,1,50,0.5,0.5,0.5,genetic,stochastic,stochastic,0.05,10
793,717,990,0.6363272953869374,0.8640182783371317,0.8537987283778634,6.918032786885246,5.894002789400279,6.201010101010101,285,1,50,0.5,0.5,0.5,genetic,stochastic,stochastic,0.05,10
783,669,1048,0.6374850654833274,0.8686974867501064,0.8500540976694305,7.052362707535122,5.693572496263079,6.122137404580153,286,1,50,0.5,0.5,0.5,genetic,stochastic,stochastic,0.05,10
744,654,1102,0.6379148987424765,0.8680788844994224,0.8512005586200152,7.043010752688172,5.293577981651376,6.221415607985481,287,1,50,0.5,0.5,0.5,genetic,stochastic,stochastic,0.05,10
735,661,1104,0.6368256588666333,0.8754360583698523,0.8477695951340131,6.976870748299319,5.264750378214826,6.482789855072464,288,1,50,0.5,0.5,0.5,genetic,stochastic,stochastic,0.05,10
718,665,1117,0.6353814241896691,0.881227387592497,0.845884204517871,7.116991643454039,5.251127819548872,6.837958818263205,289,1,50,0.5,0.5,0.5,genetic,stochastic,stochastic,0.05,10
710,659,1131,0.6351814861512296,0.8880551094562438,0.8413344242549256,7.1112676056338024,5.227617602427921,7.19893899204244,290,1,50,0.5,0.5,0.5,genetic,stochastic,stochastic,0.05,10
689,676,1135,0.6331921232937316,0.8866620994431587,0.8393317804330942,6.844702467343977,5.155325443786983,7.523348017621146,291,1,50,0.5,0.5,0.5,genetic,stochastic,stochastic,0.05,10
702,667,1131,0.6332065473515921,0.8869072718684586,0.8362066744650798,6.482905982905983,5.212893553223388,7.773651635720602,292,1,50,0.5,0.5,0.5,genetic,stochastic,stochastic,0.05,10
699,693,1108,0.6341964737732242,0.8883151823410442,0.8323481469383712,6.190271816881259,5.229437229437229,8.105595667870036,293,1,50,0.5,0.5,0.5,genetic,stochastic,stochastic,0.05,10
705,697,1098,0.6336090627043988,0.8945106953453519,0.8282626414761004,5.960283687943263,5.338593974175036,8.2959927140255,294,1,50,0.5,0.5,0.5,genetic,stochastic,stochastic,0.05,10
746,673,1081,0.6353228026457706,0.8972194721922003,0.8248412241916927,5.7828418230563,5.603268945022288,8.469010175763183,295,1,50,0.5,0.5,0.5,genetic,stochastic,stochastic,0.05,10
775,663,1062,0.6363945597358296,0.8974044698979041,0.8184579942089103,5.554838709677419,5.710407239819005,8.419020715630886,296,1,50,0.5,0.5,0.5,genetic,stochastic,stochastic,0.05,10
807,639,1054,0.6348396816374066,0.8967611523364318,0.8176560859605865,5.587360594795539,5.912363067292644,8.400379506641366,297,1,50,0.5,0.5,0.5,genetic,stochastic,stochastic,0.05,10
850,583,1067,0.6372438198704051,0.8934808931318924,0.8202254538303414,5.651764705882353,6.176672384219554,8.13589503280225,298,1,50,0.5,0.5,0.5,genetic,stochastic,stochastic,0.05,10
893,565,1042,0.6378784309380584,0.8922075778546542,0.8222973269762786,5.696528555431131,6.127433628318584,7.974088291746641,299,1,50,0.5,0.5,0.5,genetic,stochastic,stochastic,0.05,10
958,537,1005,0.6392708343138083,0.88393799156568,0.8233570970965965,5.775574112734864,6.249534450651769,7.876616915422885,300,1,50,0.5,0.5,0.5,genetic,stochastic,stochastic,0.05,10
1037,497,966,0.642811283361277,0.8842217985387824,0.8209402855065108,5.898746383799422,6.454728370221328,7.86231884057971,301,1,50,0.5,0.5,0.5,genetic,stochastic,stochastic,0.05,10
1087,479,934,0.6432027963273299,0.8787246873378015,0.8248852623713703,6.243790248390065,6.281837160751566,7.5610278372591,302,1,50,0.5,0.5,0.5,genetic,stochastic,stochastic,0.05,10
1107,442,951,0.6443322260124309,0.8750799437220396,0.8286683287798301,6.697380307136405,5.821266968325792,7.541535226077813,303,1,50,0.5,0.5,0.5,genetic,stochastic,stochastic,0.05,10
1115,429,956,0.6447743667909407,0.8724661521963054,0.8327661562633695,7.0511210762331835,5.177156177156177,7.502092050209205,304,1,50,0.5,0.5,0.5,genetic,stochastic,stochastic,0.05,10
1144,418,938,0.6474548319609557,0.8683315928012327,0.8334205479986933,7.301573426573427,4.770334928229665,7.4211087420042645,305,1,50,0.5,0.5,0.5,genetic,stochastic,stochastic,0.05,10
1135,404,961,0.6478673109243086,0.867589080026433,0.8396174321283165,7.7162995594713655,4.24009900990099,7.301768990634756,306,1,50,0.5,0.5,0.5,genetic,stochastic,stochastic,0.05,10
1122,427,951,0.647783063968194,0.8716457056368454,0.839638342930795,7.904634581105169,3.693208430913349,7.330178759200841,307,1,50,0.5,0.5,0.5,genetic,stochastic,stochastic,0.05,10
1128,468,904,0.6482251988598843,0.8634440681655349,0.8431044503372972,8.09840425531915,3.7094017094017095,7.632743362831858,308,1,50,0.5,0.5,0.5,genetic,stochastic,stochastic,0.05,10
1158,482,860,0.6468746306638599,0.8591501284955035,0.8462298561169754,8.221934369602764,3.9190871369294604,7.838372093023255,309,1,50,0.5,0.5,0.5,genetic,stochastic,stochastic,0.05,10
1171,506,823,0.6460210065442563,0.8586236568518272,0.846392823141718,8.363791631084544,3.9901185770750986,7.953827460510328,310,1,50,0.5,0.5,0.5,genetic,stochastic,stochastic,0.05,10
1182,528,790,0.6471107281869549,0.8531596395807627,0.8500844848841728,8.505922165820643,3.929924242424242,7.869620253164557,311,1,50,0.5,0.5,0.5,genetic,stochastic,stochastic,0.05,10
1201,563,736,0.6465856489166873,0.8523931394559114,0.8502679814068533,8.58368026644463,4.1154529307282415,7.9375,312,1,50,0.5,0.5,0.5,genetic,stochastic,stochastic,0.05,10
1183,602,715,0.6457003795776457,0.8543607773450841,0.8544385336870113,8.8385460693153,4.222591362126246,7.883916083916084,313,1,50,0.5,0.5,0.5,genetic,stochastic,stochastic,0.05,10
1145,652,703,0.6464142898857181,0.8590227322133416,0.8560440054828381,8.806986899563318,4.357361963190184,7.941678520625889,314,1,50,0.5,0.5,0.5,genetic,stochastic,stochastic,0.05,10
1159,671,670,0.645622164586978,0.8567293010342824,0.8595041569058612,8.483175150992235,4.554396423248882,7.45223880597015,315,1,50,0.5,0.5,0.5,genetic,stochastic,stochastic,0.05,10
1172,691,637,0.6454152270317098,0.8588033331757093,0.8675916135587425,8.316552901023892,4.671490593342981,7.116169544740973,316,1,50,0.5,0.5,0.5,genetic,stochastic,stochastic,0.05,10
1162,721,617,0.6450566371983684,0.8586203467180225,0.8724037069804245,8.185886402753873,4.68377253814147,6.52998379254457,317,1,50,0.5,0.5,0.5,genetic,stochastic,stochastic,0.05,10
1131,764,605,0.6444357011125781,0.8548633945379339,0.8710147547507253,7.984969053934571,4.729057591623037,6.067768595041322,318,1,50,0.5,0.5,0.5,genetic,stochastic,stochastic,0.05,10
1042,833,625,0.6443581374195438,0.8552995756607361,0.8734623182637533,7.942418426103647,4.594237695078031,5.6976,319,1,50,0.5,0.5,0.5,genetic,stochastic,stochastic,0.05,10
985,880,635,0.6439789124322993,0.8510821825564939,0.8758086991111127,7.784771573604061,4.5875,5.245669291338583,320,1,50,0.5,0.5,0.5,genetic,stochastic,stochastic,0.05,10
887,938,675,0.644480162124822,0.8495632978000126,0.875394203675234,7.988726042841037,4.711087420042644,5.302222222222222,321,1,50,0.5,0.5,0.5,genetic,stochastic,stochastic,0.05,10
822,948,730,0.6431159979013096,0.8482230278836838,0.8731054671464646,7.989051094890511,4.8691983122362865,5.1438356164383565,322,1,50,0.5,0.5,0.5,genetic,stochastic,stochastic,0.05,10
777,972,751,0.6414761993074418,0.8478321683370604,0.870399089442856,7.777348777348777,5.083333333333333,5.177097203728362,323,1,50,0.5,0.5,0.5,genetic,stochastic,stochastic,0.05,10
733,1008,759,0.638461387041848,0.851033876982798,0.8683294329641474,7.3860845839017735,5.288690476190476,5.230566534914361,324,1,50,0.5,0.5,0.5,genetic,stochastic,stochastic,0.05,10
716,987,797,0.6387806629388348,0.8493835278774442,0.8639993362654098,7.384078212290503,5.612968591691996,5.304893350062735,325,1,50,0.5,0.5,0.5,genetic,stochastic,stochastic,0.05,10
678,977,845,0.638288374276635,0.8455238775979851,0.8615101464713856,7.256637168141593,5.812691914022518,5.461538461538462,326,1,50,0.5,0.5,0.5,genetic,stochastic,stochastic,0.05,10
641,966,893,0.6372213294511871,0.8406620547984286,0.8590787613844484,7.049921996879875,5.917184265010352,5.516237402015678,327,1,50,0.5,0.5,0.5,genetic,stochastic,stochastic,0.05,10
597,925,978,0.6371262648592456,0.8441021386808193,0.8587991856582958,6.941373534338358,6.060540540540541,5.574642126789366,328,1,50,0.5,0.5,0.5,genetic,stochastic,stochastic,0.05,10
604,857,1039,0.6369925642958165,0.843519555612056,0.8561527334009793,6.688741721854305,6.252042007001167,5.623676612127046,329,1,50,0.5,0.5,0.5,genetic,stochastic,stochastic,0.05,10
584,810,1106,0.6381663149665577,0.8443332139794224,0.8550030581849711,6.347602739726027,6.280246913580247,5.719710669077758,330,1,50,0.5,0.5,0.5,genetic,stochastic,stochastic,0.05,10
617,750,1133,0.6382437972140408,0.846378848529727,0.8506795892940422,6.06482982171799,6.410666666666667,5.909973521624007,331,1,50,0.5,0.5,0.5,genetic,stochastic,stochastic,0.05,10
630,686,1184,0.6404128275378634,0.8474939824203602,0.8506036686076407,6.050793650793651,6.424198250728863,6.1266891891891895,332,1,50,0.5,0.5,0.5,genetic,stochastic,stochastic,0.05,10
681,605,1214,0.6407466154118755,0.8453279896544438,0.8528573775275676,6.013215859030837,6.614876033057851,6.348434925864909,333,1,50,0.5,0.5,0.5,genetic,stochastic,stochastic,0.05,10
711,566,1223,0.6427317585911284,0.8471279646886015,0.8570269379532469,5.776371308016878,6.469964664310954,6.653311529026983,334,1,50,0.5,0.5,0.5,genetic,stochastic,stochastic,0.05,10
759,517,1224,0.643785409295231,0.8552561415307472,0.8589521042865974,5.573122529644269,6.338491295938105,6.840686274509804,335,1,50,0.5,0.5,0.5,genetic,stochastic,stochastic,0.05,10
833,445,1222,0.6440567110321099,0.8573531622649727,0.8604061590485882,5.65546218487395,6.1617977528089884,7.025368248772504,336,1,50,0.5,0.5,0.5,genetic,stochastic,stochastic,0.05,10
925,393,1182,0.6434772185299372,0.86773826506499,0.8615217769246182,5.598918918918919,5.849872773536895,7.264805414551607,337,1,50,0.5,0.5,0.5,genetic,stochastic,stochastic,0.05,10
1014,381,1105,0.642989167727134,0.8659566063343183,0.8627453677656494,5.59861932938856,5.553805774278215,7.53393665158371,338,1,50,0.5,0.5,0.5,genetic,stochastic,stochastic,0.05,10
1067,361,1072,0.6424406042782503,0.8560670703857326,0.8649839116151937,5.878163074039363,5.224376731301939,7.708955223880597,339,1,50,0.5,0.5,0.5,genetic,stochastic,stochastic,0.05,10
1136,361,1003,0.6420135698725109,0.8562119720197013,0.8661208810192126,6.049295774647887,4.986149584487535,7.985044865403789,340,1,50,0.5,0.5,0.5,genetic,stochastic,stochastic,0.05,10
1202,383,915,0.6436533866171997,0.8619944413642368,0.8665543818854481,6.21630615640599,4.582245430809399,8.091803278688525,341,1,50,0.5,0.5,0.5,genetic,stochastic,stochastic,0.05,10
1261,413,826,0.6439669030080348,0.8652345649151928,0.8675341976068306,6.398096748612213,4.365617433414044,8.186440677966102,342,1,50,0.5,0.5,0.5,genetic,stochastic,stochastic,0.05,10
1285,459,756,0.6456300884455082,0.8693855813306041,0.8672240451850469,6.673151750972763,4.10239651416122,8.23015873015873,343,1,50,0.5,0.5,0.5,genetic,stochastic,stochastic,0.05,10
1270,533,697,0.6449899713135198,0.8760399703630655,0.870434463804494,6.948031496062992,3.810506566604128,8.055954088952655,344,1,50,0.5,0.5,0.5,genetic,stochastic,stochastic,0.05,10
1243,599,658,0.6457553902035824,0.8781270205687899,0.8694815093235713,7.2727272727272725,3.8030050083472453,8.05775075987842,345,1,50,0.5,0.5,0.5,genetic,stochastic,stochastic,0.05,10
1222,641,637,0.6458136036738332,0.8787995660323502,0.8734521685303405,7.710310965630114,4.040561622464899,8.006279434850864,346,1,50,0.5,0.5,0.5,genetic,stochastic,stochastic,0.05,10
1175,707,618,0.6462243318933225,0.8801908996738711,0.8842639962477037,7.868936170212766,4.032531824611032,7.3462783171521036,347,1,50,0.5,0.5,0.5,genetic,stochastic,stochastic,0.05,10
1108,764,628,0.6449466112860033,0.8767848486524227,0.8809446375836322,8.260830324909747,4.1767015706806285,6.920382165605096,348,1,50,0.5,0.5,0.5,genetic,stochastic,stochastic,0.05,10
1050,779,671,0.6471353927008658,0.8759688866435965,0.8799935330654609,8.585714285714285,4.293966623876765,6.332339791356185,349,1,50,0.5,0.5,0.5,genetic,stochastic,stochastic,0.05,10
968,801,731,0.6492670580246028,0.8740743776553175,0.8833959908061588,8.880165289256198,4.395755305867666,5.978112175102599,350,1,50,0.5,0.5,0.5,genetic,stochastic,stochastic,0.05,10
920,825,755,0.6502495389887654,0.8732397713618151,0.8828867358171948,8.789130434782608,4.584242424242424,5.903311258278146,351,1,50,0.5,0.5,0.5,genetic,stochastic,stochastic,0.05,10
838,846,816,0.6522261893140675,0.8755926624912757,0.8822108489885745,8.747016706443913,4.455082742316785,5.724264705882353,352,1,50,0.5,0.5,0.5,genetic,stochastic,stochastic,0.05,10
793,868,839,0.652099181640762,0.8732335481846005,0.8795994979478139,8.528373266078184,4.53110599078341,5.6758045292014305,353,1,50,0.5,0.5,0.5,genetic,stochastic,stochastic,0.05,10
780,872,848,0.6519725496203957,0.8723655658181635,0.88052967191064,8.164102564102564,4.708715596330276,5.713443396226415,354,1,50,0.5,0.5,0.5,genetic,stochastic,stochastic,0.05,10
738,849,913,0.6521345340828933,0.8721240441013431,0.8776681190387127,7.9105691056910565,4.830388692579505,5.67907995618839,355,1,50,0.5,0.5,0.5,genetic,stochastic,stochastic,0.05,10
733,848,919,0.6513260609868285,0.8683838185074275,0.8751815267605111,7.373806275579809,5.120283018867925,5.788900979325354,356,1,50,0.5,0.5,0.5,genetic,stochastic,stochastic,0.05,10
713,836,951,0.6496912353329954,0.8657748389628304,0.8726654419717076,7.2187938288920055,5.302631578947368,5.96950578338591,357,1,50,0.5,0.5,0.5,genetic,stochastic,stochastic,0.05,10
695,834,971,0.6519397276114208,0.8626425422414699,0.8701118233787978,6.8589928057553955,5.537170263788969,6.2193614830072095,358,1,50,0.5,0.5,0.5,genetic,stochastic,stochastic,0.05,10
665,839,996,0.654906953028924,0.861411694207689,0.8673578381556325,6.431578947368421,5.599523241954708,6.438755020080321,359,1,50,0.5,0.5,0.5,genetic,stochastic,stochastic,0.05,10
640,802,1058,0.653806445955664,0.8578622026237045,0.8675887564729541,6.346875,5.653366583541147,6.55765595463138,360,1,50,0.5,0.5,0.5,genetic,stochastic,stochastic,0.05,10
659,740,1101,0.6523452795974468,0.858308312653117,0.8692280311618852,5.937784522003035,5.731081081081081,6.560399636693915,361,1,50,0.5,0.5,0.5,genetic,stochastic,stochastic,0.05,10
672,677,1151,0.6502795262115167,0.8545112386516799,0.8700674196706178,5.654761904761905,5.74741506646972,6.60642919200695,362,1,50,0.5,0.5,0.5,genetic,stochastic,stochastic,0.05,10
701,632,1167,0.6489620204953616,0.8573759842268622,0.8739820087390666,5.763195435092725,5.737341772151899,6.827763496143959,363,1,50,0.5,0.5,0.5,genetic,stochastic,stochastic,0.05,10
731,580,1189,0.6488010262794366,0.8570631226447898,0.8743454994221665,5.805745554035568,5.63448275862069,7.019343986543314,364,1,50,0.5,0.5,0.5,genetic,stochastic,stochastic,0.05,10
778,547,1175,0.6491796074893855,0.8568254864510844,0.8759839788323811,5.768637532133676,5.645338208409506,7.226382978723405,365,1,50,0.5,0.5,0.5,genetic,stochastic,stochastic,0.05,10
788,539,1173,0.6503234077884529,0.8558715312788325,0.8793580910930126,5.852791878172589,5.564007421150278,7.402387041773231,366,1,50,0.5,0.5,0.5,genetic,stochastic,stochastic,0.05,10
813,529,1158,0.6508600247430962,0.8513234586193149,0.8789617052526641,5.96309963099631,5.533081285444235,7.637305699481865,367,1,50,0.5,0.5,0.5,genetic,stochastic,stochastic,0.05,10
853,503,1144,0.6513058857699209,0.8486163290926122,0.8807305977658635,6.0644783118405625,5.594433399602385,7.819055944055944,368,1,50,0.5,0.5,0.5,genetic,stochastic,stochastic,0.05,10
887,495,1118,0.651767528168124,0.8459347998347838,0.8818083959599359,6.111612175873732,5.305050505050505,7.9865831842576025,369,1,50,0.5,0.5,0.5,genetic,stochastic,stochastic,0.05,10
946,480,1074,0.6521245424839748,0.8479716908417774,0.8816702698750601,6.1543340380549685,5.4,8.155493482309124,370,1,50,0.5,0.5,0.5,genetic,stochastic,stochastic,0.05,10
1008,477,1015,0.6527023517602909,0.849993914636054,0.879240180621659,6.137896825396825,5.329140461215933,8.079802955665025,371,1,50,0.5,0.5,0.5,genetic,stochastic,stochastic,0.05,10
1046,474,980,0.6544157690060424,0.84432053472352,0.8819252872995362,6.248565965583174,5.293248945147679,8.120408163265306,372,1,50,0.5,0.5,0.5,genetic,stochastic,stochastic,0.05,10
1079,492,929,0.6567085544155321,0.8446080411279784,0.8840814213088845,6.31047265987025,5.138211382113822,8.230355220667384,373,1,50,0.5,0.5,0.5,genetic,stochastic,stochastic,0.05,10
1119,508,873,0.6565749663098868,0.8460193970415739,0.8848747261209213,6.408400357462019,5.269685039370079,8.266895761741123,374,1,50,0.5,0.5,0.5,genetic,stochastic,stochastic,0.05,10
1139,535,826,0.6577984728348313,0.8497894182926997,0.886551315389461,6.622475856014048,5.132710280373832,8.12590799031477,375,1,50,0.5,0.5,0.5,genetic,stochastic,stochastic,0.05,10
1139,562,799,0.6590467837202834,0.8507047149273052,0.8849727418503021,6.952589991220369,5.085409252669039,8.32290362953692,376,1,50,0.5,0.5,0.5,genetic,stochastic,stochastic,0.05,10
1147,564,789,0.6587611726519843,0.8577673283432059,0.8861778836517378,7.239755884917175,4.964539007092198,8.316856780735108,377,1,50,0.5,0.5,0.5,genetic,stochastic,stochastic,0.05,10
1122,615,763,0.66010174288395,0.861336749562385,0.8884256273594718,7.376114081996435,4.876422764227642,8.326343381389252,378,1,50,0.5,0.5,0.5,genetic,stochastic,stochastic,0.05,10
1108,666,726,0.6607746041503567,0.8668873686367832,0.8887623989386914,7.472924187725631,4.7807807807807805,8.148760330578513,379,1,50,0.5,0.5,0.5,genetic,stochastic,stochastic,0.05,10
1082,726,692,0.6625651311622274,0.8712838856729666,0.8872452632809632,7.644177449168207,4.910468319559229,7.976878612716763,380,1,50,0.5,0.5,0.5,genetic,stochastic,stochastic,0.05,10
1055,772,673,0.664158298343574,0.8736245603179084,0.8868390352851422,7.8303317535545025,4.967616580310881,7.9153046062407135,381,1,50,0.5,0.5,0.5,genetic,stochastic,stochastic,0.05,10
1049,813,638,0.6670302717139774,0.8737103230759078,0.8851604211635612,7.69208770257388,5.079950799507995,7.620689655172414,382,1,50,0.5,0.5,0.5,genetic,stochastic,stochastic,0.05,10
1031,842,627,0.6674149510787992,0.876177428817179,0.8849020513387332,7.762366634335597,5.1912114014251785,7.133971291866029,383,1,50,0.5,0.5,0.5,genetic,stochastic,stochastic,0.05,10
999,883,618,0.6677889043307524,0.8792031685833446,0.8825509431394222,7.677677677677678,5.3408833522083805,6.783171521035599,384,1,50,0.5,0.5,0.5,genetic,stochastic,stochastic,0.05,10
949,905,646,0.6690349398767425,0.8832324779300532,0.8825620779392116,7.594309799789252,5.297237569060774,6.41795665634675,385,1,50,0.5,0.5,0.5,genetic,stochastic,stochastic,0.05,10
886,956,658,0.6677090625762584,0.8863971370858029,0.8806681965374183,7.496613995485327,5.2196652719665275,6.11854103343465,386,1,50,0.5,0.5,0.5,genetic,stochastic,stochastic,0.05,10
812,994,694,0.6689247128957229,0.881700132198215,0.8818346856564544,7.470443349753695,5.269617706237424,5.949567723342939,387,1,50,0.5,0.5,0.5,genetic,stochastic,stochastic,0.05,10
763,1029,708,0.6668116976167923,0.8823477960223094,0.8847934596127635,7.083879423328964,5.439261418853255,5.720338983050848,388,1,50,0.5,0.5,0.5,genetic,stochastic,stochastic,0.05,10
722,1013,765,0.6665292743689387,0.8769857022336509,0.8838167807486449,7.051246537396122,5.654491609081935,5.458823529411765,389,1,50,0.5,0.5,0.5,genetic,stochastic,stochastic,0.05,10
681,1017,802,0.6651199828824675,0.8769245623015034,0.8841650351745431,6.81057268722467,5.703048180924287,5.321695760598503,390,1,50,0.5,0.5,0.5,genetic,stochastic,stochastic,0.05,10
634,1008,858,0.6646048114318194,0.8752141260421136,0.8786897158548588,6.629337539432177,5.840277777777778,5.355477855477855,391,1,50,0.5,0.5,0.5,genetic,stochastic,stochastic,0.05,10
631,937,932,0.664896789124201,0.8746290525369224,0.8739348474090984,6.266244057052298,5.945570971184631,5.170600858369099,392,1,50,0.5,0.5,0.5,genetic,stochastic,stochastic,0.05,10
599,919,982,0.6676068120086128,0.8723355499175645,0.8728614658820668,6.095158597662771,5.90968443960827,5.326883910386965,393,1,50,0.5,0.5,0.5,genetic,stochastic,stochastic,0.05,10
596,859,1045,0.6699592228875499,0.8661249940854499,0.8734538210371493,5.817114093959732,6.073341094295692,5.371291866028709,394,1,50,0.5,0.5,0.5,genetic,stochastic,stochastic,0.05,10
631,796,1073,0.6694455701647717,0.8633506598191187,0.8731898395892084,5.657686212361331,6.190954773869347,5.562907735321528,395,1,50,0.5,0.5,0.5,genetic,stochastic,stochastic,0.05,10
669,731,1100,0.6690907403162785,0.862314274962299,0.8688925830214025,5.618834080717488,6.454172366621067,5.734545454545454,396,1,50,0.5,0.5,0.5,genetic,stochastic,stochastic,0.05,10
679,688,1133,0.6706455202525872,0.8587205375706339,0.8691590027621265,5.786450662739322,6.457848837209302,5.967343336275375,397,1,50,0.5,0.5,0.5,genetic,stochastic,stochastic,0.05,10
732,636,1132,0.6715784425952092,0.8561874895397212,0.868549056545759,5.621584699453552,6.5062893081761,6.1174911660777385,398,1,50,0.5,0.5,0.5,genetic,stochastic,stochastic,0.05,10
754,626,1120,0.6727512997483265,0.8516532218233172,0.8646083437992206,5.70026525198939,6.468051118210862,6.496428571428571,399,1,50,0.5,0.5,0.5,genetic,stochastic,stochastic,0.05,10
807,608,1085,0.6760449961356144,0.8497483672740485,0.8595503049510069,5.691449814126394,6.671052631578948,6.742857142857143,400,1,50,0.5,0.5,0.5,genetic,stochastic,stochastic,0.05,10
830,606,1064,0.6750892328299766,0.8445676558562064,0.8551821491272306,5.828915662650602,6.50990099009901,7.015977443609023,401,1,50,0.5,0.5,0.5,genetic,stochastic,stochastic,0.05,10
875,603,1022,0.6751512495981344,0.8444892761568016,0.8534293252345291,5.776,6.306799336650083,7.126223091976517,402,1,50,0.5,0.5,0.5,genetic,stochastic,stochastic,0.05,10
898,574,1028,0.6738215390091612,0.8471252164660377,0.8529624950695208,5.966592427616926,5.937282229965157,7.182879377431907,403,1,50,0.5,0.5,0.5,genetic,stochastic,stochastic,0.05,10
923,543,1034,0.6703483618171098,0.8495572394877394,0.8517563707136722,6.112676056338028,5.530386740331492,7.166344294003869,404,1,50,0.5,0.5,0.5,genetic,stochastic,stochastic,0.05,10
961,523,1016,0.6708363496996831,0.8445232477435144,0.8498888464222395,6.145681581685744,5.51434034416826,7.143700787401575,405,1,50,0.5,0.5,0.5,genetic,stochastic,stochastic,0.05,10
1022,515,963,0.6717296798095742,0.8393942540307006,0.8509277912135101,6.232876712328767,5.56504854368932,7.327102803738318,406,1,50,0.5,0.5,0.5,genetic,stochastic,stochastic,0.05,10
1044,510,946,0.6710400311461101,0.8374985460775214,0.8525814176893141,6.425287356321839,5.333333333333333,7.408033826638478,407,1,50,0.5,0.5,0.5,genetic,stochastic,stochastic,0.05,10
1056,507,937,0.6697550928064191,0.8437207968159158,0.853921618795695,6.819128787878788,5.355029585798817,7.510138740661686,408,1,50,0.5,0.5,0.5,genetic,stochastic,stochastic,0.05,10
1087,499,914,0.6709291802581141,0.8506225196600681,0.8582476113386206,7.042318307267709,5.212424849699399,7.601750547045952,409,1,50,0.5,0.5,0.5,genetic,stochastic,stochastic,0.05,10
1089,544,867,0.6721062841464884,0.8479450355074025,0.8586981961397155,7.078971533516988,4.875,7.596309111880046,410,1,50,0.5,0.5,0.5,genetic,stochastic,stochastic,0.05,10
1080,582,838,0.6722897744078958,0.8553581608506068,0.8619867478329429,7.267592592592592,4.762886597938144,7.556085918854415,411,1,50,0.5,0.5,0.5,genetic,stochastic,stochastic,0.05,10
1064,619,817,0.6721092069052047,0.8546594449578705,0.8583929571415961,7.5169172932330826,4.79967689822294,7.716034271725826,412,1,50,0.5,0.5,0.5,genetic,stochastic,stochastic,0.05,10
1013,691,796,0.6734041727318943,0.86195711980771,0.8585493567469378,7.753208292201382,4.590448625180898,7.846733668341709,413,1,50,0.5,0.5,0.5,genetic,stochastic,stochastic,0.05,10
983,736,781,0.6739085401056563,0.861440575757576,0.8547121802837837,7.721261444557477,4.559782608695652,7.8924455825864275,414,1,50,0.5,0.5,0.5,genetic,stochastic,stochastic,0.05,10
942,791,767,0.6755988139914557,0.866717216605148,0.8548660127201558,7.713375796178344,4.572692793931732,7.801825293350717,415,1,50,0.5,0.5,0.5,genetic,stochastic,stochastic,0.05,10
886,858,756,0.6788760701445864,0.8672068029698068,0.8483903209656477,7.6343115124153496,4.65034965034965,7.66005291005291,416,1,50,0.5,0.5,0.5,genetic,stochastic,stochastic,0.05,10
846,888,766,0.68240526886545,0.8677867651381863,0.8451132446723253,7.491725768321513,4.849099099099099,7.430809399477806,417,1,50,0.5,0.5,0.5,genetic,stochastic,stochastic,0.05,10
814,899,787,0.6831189856075379,0.86701588523714,0.8471506551751773,7.1683046683046685,5.03559510567297,6.978398983481576,418,1,50,0.5,0.5,0.5,genetic,stochastic,stochastic,0.05,10
778,886,836,0.684776767147577,0.869764705378614,0.8496614988896881,6.874035989717224,5.143340857787811,6.580143540669856,419,1,50,0.5,0.5,0.5,genetic,stochastic,stochastic,0.05,10
758,870,872,0.687904340657995,0.8712097580036904,0.8487668421662026,6.642480211081794,5.271264367816092,6.276376146788991,420,1,50,0.5,0.5,0.5,genetic,stochastic,stochastic,0.05,10
764,835,901,0.6884725238458552,0.8701332347742936,0.8534117328892478,6.238219895287958,5.473053892215569,6.064372918978912,421,1,50,0.5,0.5,0.5,genetic,stochastic,stochastic,0.05,10
760,798,942,0.6884064145302556,0.8678041166168474,0.8530179497673706,6.219736842105263,5.541353383458647,6.06900212314225,422,1,50,0.5,0.5,0.5,genetic,stochastic,stochastic,0.05,10
745,778,977,0.6900403355290428,0.8678444711447507,0.8539326585702195,6.260402684563759,5.596401028277635,6.166837256908905,423,1,50,0.5,0.5,0.5,genetic,stochastic,stochastic,0.05,10
744,742,1014,0.6915135634807544,0.8694633491688093,0.8525200578862414,6.200268817204301,5.669811320754717,6.056213017751479,424,1,50,0.5,0.5,0.5,genetic,stochastic,stochastic,0.05,10
727,715,1058,0.6915566258103457,0.8748757783322872,0.8547620987746659,6.383768913342504,5.671328671328672,6.104914933837429,425,1,50,0.5,0.5,0.5,genetic,stochastic,stochastic,0.05,10
746,694,1060,0.6934479104795411,0.8772412031870438,0.8534940420117408,6.257372654155496,5.685878962536023,6.3669811320754715,426,1,50,0.5,0.5,0.5,genetic,stochastic,stochastic,0.05,10
753,645,1102,0.6935988864604128,0.8813100226437096,0.8543427241277716,6.304116865869854,5.5922480620155035,6.442831215970962,427,1,50,0.5,0.5,0.5,genetic,stochastic,stochastic,0.05,10
764,597,1139,0.6945850079982016,0.8867570408668245,0.8520867431069031,6.378272251308901,5.373534338358459,6.535557506584723,428,1,50,0.5,0.5,0.5,genetic,stochastic,stochastic,0.05,10
787,560,1153,0.694883375156611,0.8901762314950259,0.8511516395227345,6.252858958068615,5.2125,6.605377276669557,429,1,50,0.5,0.5,0.5,genetic,stochastic,stochastic,0.05,10
820,538,1142,0.6950532928544099,0.8915750754770181,0.8515177780771596,6.318292682926829,5.111524163568773,6.830998248686515,430,1,50,0.5,0.5,0.5,genetic,stochastic,stochastic,0.05,10
826,526,1148,0.6959627944012389,0.8922075893684691,0.8479632683615401,6.380145278450363,4.893536121673004,7.029616724738676,431,1,50,0.5,0.5,0.5,genetic,stochastic,stochastic,0.05,10
831,541,1128,0.6987046165367418,0.8911761540716796,0.848154658613665,6.30806257521059,4.839186691312385,7.198581560283688,432,1,50,0.5,0.5,0.5,genetic,stochastic,stochastic,0.05,10
851,541,1108,0.7018308669892653,0.8888784952040758,0.8455230550629214,6.331374853113983,4.842883548983364,7.531588447653429,433,1,50,0.5,0.5,0.5,genetic,stochastic,stochastic,0.05,10
859,542,1099,0.7017320056789982,0.8834558485658266,0.8475569859985316,6.447031431897555,4.850553505535055,7.657870791628754,434,1,50,0.5,0.5,0.5,genetic,stochastic,stochastic,0.05,10
907,537,1056,0.7013251782694476,0.8776291923493869,0.8472947392384381,6.256890848952591,4.8975791433891995,7.757575757575758,435,1,50,0.5,0.5,0.5,genetic,stochastic,stochastic,0.05,10
922,560,1018,0.7025599758724065,0.8705307997026759,0.848919680092693,6.227765726681128,4.932142857142857,7.915520628683693,436,1,50,0.5,0.5,0.5,genetic,stochastic,stochastic,0.05,10
949,562,989,0.7052111069922603,0.868443362802426,0.8510745520065117,6.255005268703899,4.880782918149467,7.96562184024267,437,1,50,0.5,0.5,0.5,genetic,stochastic,stochastic,0.05,10
951,575,974,0.7048959253355739,0.8618429966843719,0.8517687158362804,6.400630914826499,4.857391304347826,7.990759753593429,438,1,50,0.5,0.5,0.5,genetic,stochastic,stochastic,0.05,10
960,587,953,0.7079246623384712,0.8567082251349826,0.8543788787636002,6.4375,4.792163543441227,8.057712486883526,439,1,50,0.5,0.5,0.5,genetic,stochastic,stochastic,0.05,10
992,586,922,0.7076092798496664,0.8570760302626107,0.8531272119753821,6.579637096774194,4.80716723549488,8.103036876355748,440,1,50,0.5,0.5,0.5,genetic,stochastic,stochastic,0.05,10
998,593,909,0.7113365717413341,0.8566636141089008,0.8539359395248207,6.785571142284569,4.834738617200674,8.102310231023102,441,1,50,0.5,0.5,0.5,genetic,stochastic,stochastic,0.05,10
1003,601,896,0.7118387913742624,0.8502910968038405,0.8562011402237044,6.9102691924227315,4.875207986688852,8.004464285714286,442,1,50,0.5,0.5,0.5,genetic,stochastic,stochastic,0.05,10
1026,605,869,0.712499181259471,0.849889578970626,0.8537961717789219,6.846978557504873,4.983471074380165,7.772151898734177,443,1,50,0.5,0.5,0.5,genetic,stochastic,stochastic,0.05,10
1044,629,827,0.7117690556740948,0.8509506437893503,0.8530948020767622,6.790229885057471,5.033386327503974,7.639661426844015,444,1,50,0.5,0.5,0.5,genetic,stochastic,stochastic,0.05,10
1050,662,788,0.7128967871285468,0.8459026950815631,0.8522285727213106,6.74952380952381,4.978851963746224,7.322335025380711,445,1,50,0.5,0.5,0.5,genetic,stochastic,stochastic,0.05,10
1036,694,770,0.7120836228832073,0.8443740150880861,0.8490497140082026,6.822393822393822,5.044668587896253,7.274025974025974,446,1,50,0.5,0.5,0.5,genetic,stochastic,stochastic,0.05,10
1027,736,737,0.7117730873404486,0.8421267975829226,0.8455963807312442,6.770204479065239,4.959239130434782,7.040705563093622,447,1,50,0.5,0.5,0.5,genetic,stochastic,stochastic,0.05,10
1000,776,724,0.7121502546582379,0.8446321244165576,0.8478735542546091,6.813,4.983247422680412,6.748618784530387,448,1,50,0.5,0.5,0.5,genetic,stochastic,stochastic,0.05,10
981,808,711,0.7129194090278,0.8441089103419117,0.8450392217020757,6.708460754332314,5.02970297029703,6.637130801687764,449,1,50,0.5,0.5,0.5,genetic,stochastic,stochastic,0.05,10
949,818,733,0.7143546777955186,0.8427828379555813,0.8496167983546562,6.869336143308746,5.202933985330073,6.455661664392906,450,1,50,0.5,0.5,0.5,genetic,stochastic,stochastic,0.05,10
946,789,765,0.7143915561325901,0.8415651619316437,0.853856482250872,6.975687103594081,5.429657794676806,6.254901960784314,451,1,50,0.5,0.5,0.5,genetic,stochastic,stochastic,0.05,10
967,751,782,0.7173352593289903,0.8477535476883312,0.8579061242817821,7.003102378490175,5.572569906790945,6.145780051150895,452,1,50,0.5,0.5,0.5,genetic,stochastic,stochastic,0.05,10
951,737,812,0.7197233558938905,0.8481311703349321,0.8591585280345292,7.058885383806519,5.592944369063772,6.036945812807882,453,1,50,0.5,0.5,0.5,genetic,stochastic,stochastic,0.05,10
972,680,848,0.7192054252439819,0.8523743310278105,0.8567686838284692,7.055555555555555,5.651470588235294,5.831367924528302,454,1,50,0.5,0.5,0.5,genetic,stochastic,stochastic,0.05,10
984,683,833,0.7208322620356894,0.8536414446767089,0.8616321705799104,6.931910569105691,5.506588579795022,5.805522208883554,455,1,50,0.5,0.5,0.5,genetic,stochastic,stochastic,0.05,10
997,665,838,0.7197111190217779,0.8531638861416364,0.8668732720911534,7.019057171514544,5.4225563909774435,5.677804295942721,456,1,50,0.5,0.5,0.5,genetic,stochastic,stochastic,0.05,10
987,668,845,0.7195352225008237,0.8561499768619021,0.8700557034297476,6.975683890577508,5.2140718562874255,5.620118343195267,457,1,50,0.5,0.5,0.5,genetic,stochastic,stochastic,0.05,10
993,675,832,0.718687238438642,0.8554410264330966,0.8715613384423194,6.891238670694864,5.082962962962963,5.703125,458,1,50,0.5,0.5,0.5,genetic,stochastic,stochastic,0.05,10
1004,696,800,0.719038230658572,0.8537575232158461,0.8731317112732364,7.0129482071713145,5.103448275862069,5.8225,459,1,50,0.5,0.5,0.5,genetic,stochastic,stochastic,0.05,10
1012,728,760,0.7183563372218037,0.8509855832442859,0.8752836518893673,6.966403162055336,5.201923076923077,5.992105263157895,460,1,50,0.5,0.5,0.5,genetic,stochastic,stochastic,0.05,10
1006,755,739,0.7172836565978715,0.8538917958603284,0.8732075721741238,7.0,5.127152317880794,6.074424898511502,461,1,50,0.5,0.5,0.5,genetic,stochastic,stochastic,0.05,10
995,798,707,0.717855614254985,0.8534244993297283,0.8741322818878977,6.8924623115577885,5.184210526315789,6.3592644978783595,462,1,50,0.5,0.5,0.5,genetic,stochastic,stochastic,0.05,10
959,843,698,0.7161298342018032,0.8521169842015184,0.8726958385170971,6.821689259645464,5.264531435349941,6.429799426934097,463,1,50,0.5,0.5,0.5,genetic,stochastic,stochastic,0.05,10
908,886,706,0.716670231225731,0.851305835423683,0.8692131434977276,6.787444933920705,5.196388261851016,6.270538243626063,464,1,50,0.5,0.5,0.5,genetic,stochastic,stochastic,0.05,10
868,902,730,0.7175529224838801,0.8520981109561149,0.865785417914148,6.850230414746544,5.363636363636363,6.13013698630137,465,1,50,0.5,0.5,0.5,genetic,stochastic,stochastic,0.05,10
834,901,765,0.7151225486012533,0.8510400303833919,0.8631568186950612,6.934052757793765,5.481687014428413,6.023529411764706,466,1,50,0.5,0.5,0.5,genetic,stochastic,stochastic,0.05,10
809,890,801,0.7154744294667702,0.8501618362240523,0.8611370276984648,6.974042027194066,5.724719101123595,5.908863920099876,467,1,50,0.5,0.5,0.5,genetic,stochastic,stochastic,0.05,10
798,869,833,0.7144922695508809,0.850968789676308,0.858012796257662,6.909774436090226,5.903337169159954,5.692677070828331,468,1,50,0.5,0.5,0.5,genetic,stochastic,stochastic,0.05,10
770,850,880,0.711624529836238,0.8448726671433073,0.8596535390106581,7.046753246753247,5.931764705882353,5.653409090909091,469,1,50,0.5,0.5,0.5,genetic,stochastic,stochastic,0.05,10
753,813,934,0.7100748223277725,0.8414894069091879,0.8607489609885806,7.239043824701195,6.04920049200492,5.71306209850107,470,1,50,0.5,0.5,0.5,genetic,stochastic,stochastic,0.05,10
749,747,1004,0.7116105748288087,0.831876932962825,0.8617982407762806,7.248331108144193,6.144578313253012,5.717131474103586,471,1,50,0.5,0.5,0.5,genetic,stochastic,stochastic,0.05,10
755,707,1038,0.7101827546435502,0.8242424624586209,0.8627940036149424,6.9801324503311255,6.115983026874116,5.779383429672447,472,1,50,0.5,0.5,0.5,genetic,stochastic,stochastic,0.05,10
784,664,1052,0.7112187542771166,0.8178348507626001,0.8659893534890658,6.957908163265306,6.061746987951807,6.053231939163498,473,1,50,0.5,0.5,0.5,genetic,stochastic,stochastic,0.05,10
780,654,1066,0.7130634557296719,0.8114423698597223,0.867787278238061,6.969230769230769,5.91131498470948,6.281425891181989,474,1,50,0.5,0.5,0.5,genetic,stochastic,stochastic,0.05,10
785,639,1076,0.7126972346966535,0.8088608463555387,0.8713384631762336,6.971974522292993,5.771517996870109,6.619888475836431,475,1,50,0.5,0.5,0.5,genetic,stochastic,stochastic,0.05,10
811,618,1071,0.7127051996595093,0.8064522277822577,0.8716283089461088,7.0813810110974105,5.681229773462783,6.866479925303454,476,1,50,0.5,0.5,0.5,genetic,stochastic,stochastic,0.05,10
799,638,1063,0.7112148615769963,0.8038572004737524,0.8718874123803492,7.026282853566959,5.556426332288401,7.225776105362183,477,1,50,0.5,0.5,0.5,genetic,stochastic,stochastic,0.05,10
808,658,1034,0.7106139803652086,0.8066512897518464,0.8720640341964775,7.08539603960396,5.604863221884498,7.5145067698259185,478,1,50,0.5,0.5,0.5,genetic,stochastic,stochastic,0.05,10
825,674,1001,0.7125502558270587,0.8045169943261246,0.8723493182386998,7.006060606060606,5.692878338278931,7.905094905094905,479,1,50,0.5,0.5,0.5,genetic,stochastic,stochastic,0.05,10
849,675,976,0.7135399127103076,0.8065588250007736,0.8715042035702774,6.74793875147232,5.832592592592593,8.09733606557377,480,1,50,0.5,0.5,0.5,genetic,stochastic,stochastic,0.05,10
808,740,952,0.7168250662666844,0.8143355479328304,0.8717119984337003,6.724009900990099,5.722972972972973,8.440126050420169,481,1,50,0.5,0.5,0.5,genetic,stochastic,stochastic,0.05,10
820,742,938,0.7195029333307531,0.8230473553521878,0.8697700521478567,6.634146341463414,5.7196765498652296,8.291044776119403,482,1,50,0.5,0.5,0.5,genetic,stochastic,stochastic,0.05,10
841,730,929,0.7225520146033672,0.8270765159711548,0.8711034624034227,6.413793103448276,5.854794520547945,8.060279870828849,483,1,50,0.5,0.5,0.5,genetic,stochastic,stochastic,0.05,10
842,733,925,0.7239313479585142,0.8364324176847572,0.8725479821450075,6.356294536817102,5.893587994542974,7.970810810810811,484,1,50,0.5,0.5,0.5,genetic,stochastic,stochastic,0.05,10
855,739,906,0.7226792810265229,0.8436041642846157,0.8689968460009277,6.142690058479532,6.051420838971583,7.860927152317881,485,1,50,0.5,0.5,0.5,genetic,stochastic,stochastic,0.05,10
875,722,903,0.7249482446807965,0.8475043353076499,0.8670321512499014,6.190857142857143,6.178670360110804,7.739756367663344,486,1,50,0.5,0.5,0.5,genetic,stochastic,stochastic,0.05,10
856,725,919,0.7263520803841351,0.8561187334587365,0.8684856089925684,6.239485981308412,5.937931034482759,7.539717083786725,487,1,50,0.5,0.5,0.5,genetic,stochastic,stochastic,0.05,10
830,735,935,0.7251705377092501,0.8590122621376359,0.8701079023669399,6.289156626506024,5.906122448979592,7.46951871657754,488,1,50,0.5,0.5,0.5,genetic,stochastic,stochastic,0.05,10
799,701,1000,0.7257956977310153,0.8615758718031852,0.8719086253943542,6.380475594493117,5.640513552068474,7.076,489,1,50,0.5,0.5,0.5,genetic,stochastic,stochastic,0.05,10
809,670,1021,0.7259132041952774,0.8633559342139513,0.8705354782506457,6.3213844252163165,5.561194029850746,6.9608227228207635,490,1,50,0.5,0.5,0.5,genetic,stochastic,stochastic,0.05,10
816,654,1030,0.7249827378068944,0.8679569188217371,0.8695866948238489,6.185049019607843,5.134556574923548,6.996116504854369,491,1,50,0.5,0.5,0.5,genetic,stochastic,stochastic,0.05,10
801,640,1059,0.7231160297695729,0.8734181503533787,0.8690541722259583,6.237203495630462,4.9796875,6.923512747875354,492,1,50,0.5,0.5,0.5,genetic,stochastic,stochastic,0.05,10
829,617,1054,0.722314885712529,0.8799313659483755,0.8719414818295625,6.363088057901086,5.13290113452188,7.111954459203036,493,1,50,0.5,0.5,0.5,genetic,stochastic,stochastic,0.05,10
822,605,1073,0.7214145389654618,0.8858773657180291,0.8716975080221139,6.299270072992701,4.790082644628099,7.005591798695247,494,1,50,0.5,0.5,0.5,genetic,stochastic,stochastic,0.05,10
825,603,1072,0.7191483131314299,0.888253840176747,0.8694283843196028,6.40969696969697,4.7611940298507465,7.177238805970149,495,1,50,0.5,0.5,0.5,genetic,stochastic,stochastic,0.05,10
833,603,1064,0.7210489904530618,0.8891036991990664,0.8697888493605789,6.402160864345738,4.696517412935323,7.474624060150376,496,1,50,0.5,0.5,0.5,genetic,stochastic,stochastic,0.05,10
841,586,1073,0.7206864821093705,0.889287135124808,0.8709277308637586,6.495838287752675,4.684300341296928,7.526561043802423,497,1,50,0.5,0.5,0.5,genetic,stochastic,stochastic,0.05,10
891,577,1032,0.7224111198960512,0.8885738932694293,0.8670877009529154,6.316498316498317,4.745233968804159,7.65406976744186,498,1,50,0.5,0.5,0.5,genetic,stochastic,stochastic,0.05,10
932,576,992,0.7244796863645581,0.8859330751313074,0.8632571472650065,6.371244635193133,4.819444444444445,7.846774193548387,499,1,50,0.5,0.5,0.5,genetic,stochastic,stochastic,0.05,10
804,847,849,0.5,0.5,0.5,0.0,0.0,0.0,0,2,50,0.5,0.5,0.5,genetic,stochastic,stochastic,0.05,10
804,840,856,0.499981009517275,0.5006473017746816,0.5005486364083643,1.0,1.0,1.0,1,2,50,0.5,0.5,0.5,genetic,stochastic,stochastic,0.05,10
824,830,846,0.49903087272179997,0.5008806011334517,0.5006004623486305,1.8385922330097086,1.8650602409638555,1.8557919621749408,2,2,50,0.5,0.5,0.5,genetic,stochastic,stochastic,0.05,10
811,874,815,0.49837478206937547,0.5002413804078897,0.5010988520336201,2.574599260172626,2.5652173913043477,2.629447852760736,3,2,50,0.5,0.5,0.5,genetic,stochastic,stochastic,0.05,10
831,861,808,0.4988948693838439,0.5010754851870051,0.5005768158820455,3.1612515042117932,3.224157955865273,3.2017326732673266,4,2,50,0.5,0.5,0.5,genetic,stochastic,stochastic,0.05,10
826,865,809,0.4980771707950242,0.5018814127233504,0.49977593886519456,3.734866828087167,3.7988439306358384,3.737948084054388,5,2,50,0.5,0.5,0.5,genetic,stochastic,stochastic,0.05,10
845,867,788,0.4989914948276327,0.5033843406358292,0.4987829821586361,4.196449704142012,4.346020761245675,4.246192893401015,6,2,50,0.5,0.5,0.5,genetic,stochastic,stochastic,0.05,10
815,877,808,0.4997028340048189,0.504125423950909,0.49965355551449553,4.76441717791411,4.794754846066135,4.7388613861386135,7,2,50,0.5,0.5,0.5,genetic,stochastic,stochastic,0.05,10
803,899,798,0.49808786303545166,0.5055129466750223,0.4972616011632707,5.173100871731009,5.1590656284760845,5.18796992481203,8,2,50,0.5,0.5,0.5,genetic,stochastic,stochastic,0.05,10
820,894,786,0.4976498273577172,0.50475429145097,0.49800727494618324,5.491463414634146,5.612975391498882,5.543256997455471,9,2,50,0.5,0.5,0.5,genetic,stochastic,stochastic,0.05,10
808,906,786,0.49645712798201524,0.5064966082630472,0.4989925138837482,5.823019801980198,5.958057395143488,5.830788804071247,10,2,50,0.5,0.5,0.5,genetic,stochastic,stochastic,0.05,10
804,887,809,0.49778015190702385,0.5068792587350478,0.49846934549424327,6.156716417910448,6.215332581736189,5.954264524103832,11,2,50,0.5,0.5,0.5,genetic,stochastic,stochastic,0.05,10
763,919,818,0.49801944208054694,0.508517179310179,0.49835958370201133,6.348623853211009,6.400435255712731,6.228606356968215,12,2,50,0.5,0.5,0.5,genetic,stochastic,stochastic,0.05,10
755,896,849,0.49743614730101204,0.5102746750818101,0.5002300828822577,6.658278145695364,6.787946428571429,6.396937573616019,13,2,50,0.5,0.5,0.5,genetic,stochastic,stochastic,0.05,10
704,923,873,0.4970181673247253,0.5117773723040796,0.5009704519410856,6.931818181818182,6.8894907908992415,6.706758304696449,14,2,50,0.5,0.5,0.5,genetic,stochastic,stochastic,0.05,10
698,906,896,0.49746786998406484,0.5119610825919592,0.5018330665495131,7.018624641833811,7.2196467991169975,6.8984375,15,2,50,0.5,0.5,0.5,genetic,stochastic,stochastic,0.05,10
697,880,923,0.49765666899125666,0.5104048696153137,0.5035854803348306,7.110473457675753,7.413636363636364,7.09534127843987,16,2,50,0.5,0.5,0.5,genetic,stochastic,stochastic,0.05,10
671,854,975,0.49915296166840784,0.5119354318915124,0.5051624444360839,7.400894187779434,7.490632318501171,7.174358974358975,17,2,50,0.5,0.5,0.5,genetic,stochastic,stochastic,0.05,10
701,826,973,0.5006293148916439,0.5131236785212151,0.5074825255175882,7.1997146932952925,7.699757869249395,7.367934224049332,18,2,50,0.5,0.5,0.5,genetic,stochastic,stochastic,0.05,10
704,820,976,0.4989929633047839,0.51485479065168,0.5076933824507855,7.126420454545454,7.751219512195122,7.584016393442623,19,2,50,0.5,0.5,0.5,genetic,stochastic,stochastic,0.05,10
730,803,967,0.49965301629935893,0.5161618391190749,0.5106846002164125,7.06027397260274,8.073474470734745,7.857290589451913,20,2,50,0.5,0.5,0.5,genetic,stochastic,stochastic,0.05,10
744,774,982,0.4992302377231498,0.516681820908155,0.5122009602845085,6.889784946236559,8.160206718346254,7.9215885947046845,21,2,50,0.5,0.5,0.5,genetic,stochastic,stochastic,0.05,10
764,758,978,0.499138222804656,0.5212638415826848,0.5133687120609323,6.882198952879581,8.33245382585752,8.130879345603272,22,2,50,0.5,0.5,0.5,genetic,stochastic,stochastic,0.05,10
826,701,973,0.4979010490178748,0.5227268682687432,0.5139829816245249,6.891041162227603,8.606276747503566,8.151079136690647,23,2,50,0.5,0.5,0.5,genetic,stochastic,stochastic,0.05,10
849,673,978,0.4982629489819456,0.521709786218057,0.5152534577492252,7.083627797408716,8.753343239227341,8.196319018404909,24,2,50,0.5,0.5,0.5,genetic,stochastic,stochastic,0.05,10
880,652,968,0.49914855828579985,0.5239520016946682,0.5133309613063584,7.2875,8.791411042944786,8.335743801652892,25,2,50,0.5,0.5,0.5,genetic,stochastic,stochastic,0.05,10
913,624,963,0.49980059789559284,0.5252857327119587,0.5142628367728906,7.47316538882804,8.623397435897436,8.32191069574247,26,2,50,0.5,0.5,0.5,genetic,stochastic,stochastic,0.05,10
907,630,963,0.5012593082082087,0.5308950242466398,0.5154133018793575,7.7673649393605295,8.25873015873016,8.609553478712357,27,2,50,0.5,0.5,0.5,genetic,stochastic,stochastic,0.05,10
899,651,950,0.4994602838877084,0.5374683663488663,0.516272048171353,7.886540600667408,7.811059907834101,8.705263157894738,28,2,50,0.5,0.5,0.5,genetic,stochastic,stochastic,0.05,10
914,673,913,0.5022830566875734,0.539825665526141,0.5157609053144968,7.8708971553610505,7.5037147102526,8.829134720700985,29,2,50,0.5,0.5,0.5,genetic,stochastic,stochastic,0.05,10
911,667,922,0.5027101610247865,0.5421779408370788,0.5167762608743434,7.98463227222832,7.374812593703148,8.911062906724512,30,2,50,0.5,0.5,0.5,genetic,stochastic,stochastic,0.05,10
905,668,927,0.5023999427069924,0.542725991963248,0.5172985905631147,8.16243093922652,7.3068862275449105,9.102481121898597,31,2,50,0.5,0.5,0.5,genetic,stochastic,stochastic,0.05,10
928,665,907,0.5038438985533793,0.547836782144802,0.5158883548034866,8.203663793103448,7.2180451127819545,9.267916207276736,32,2,50,0.5,0.5,0.5,genetic,stochastic,stochastic,0.05,10
953,662,885,0.5035038028483272,0.5493051595496995,0.5169727422457786,8.282266526757608,7.288519637462236,9.505084745762712,33,2,50,0.5,0.5,0.5,genetic,stochastic,stochastic,0.05,10
965,679,856,0.5032692342420365,0.5536884087952751,0.5164045152012421,8.156476683937823,7.035346097201767,9.49766355140187,34,2,50,0.5,0.5,0.5,genetic,stochastic,stochastic,0.05,10
995,674,831,0.503234287944591,0.5576194164448451,0.5169727711043537,8.219095477386935,7.15727002967359,9.51985559566787,35,2,50,0.5,0.5,0.5,genetic,stochastic,stochastic,0.05,10
1012,695,793,0.5033792318428228,0.5656641760481411,0.5173087742085121,8.207509881422926,6.952517985611511,9.329129886506935,36,2,50,0.5,0.5,0.5,genetic,stochastic,stochastic,0.05,10
1031,718,751,0.5043126746013523,0.5683336383079745,0.5176624978213449,8.404461687681863,7.125348189415042,9.48202396804261,37,2,50,0.5,0.5,0.5,genetic,stochastic,stochastic,0.05,10
1045,725,730,0.5041498704791718,0.5742840000466473,0.517524796875676,8.50909090909091,7.113103448275862,9.345205479452055,38,2,50,0.5,0.5,0.5,genetic,stochastic,stochastic,0.05,10
1039,769,692,0.5054357958525659,0.5767520217199036,0.5200107005929168,8.578440808469683,7.133940182054617,9.410404624277456,39,2,50,0.5,0.5,0.5,genetic,stochastic,stochastic,0.05,10
1052,791,657,0.5059322913769242,0.5816997085908554,0.5251826026955713,8.592205323193916,7.107458912768648,9.10958904109589,40,2,50,0.5,0.5,0.5,genetic,stochastic,stochastic,0.05,10
1046,800,654,0.5053822123841337,0.5868660701194565,0.5293551015123342,8.7868068833652,7.2125,8.743119266055047,41,2,50,0.5,0.5,0.5,genetic,stochastic,stochastic,0.05,10
1033,841,626,0.5070699211647499,0.5930505925286896,0.533578508473625,8.704743465634076,7.053507728894173,8.557507987220447,42,2,50,0.5,0.5,0.5,genetic,stochastic,stochastic,0.05,10
1010,864,626,0.5075784838544255,0.5933180658868309,0.5399921943759565,8.867326732673268,7.142361111111111,8.126198083067093,43,2,50,0.5,0.5,0.5,genetic,stochastic,stochastic,0.05,10
971,904,625,0.5084528697649796,0.5967782178186988,0.549245877305793,8.983522142121524,7.191371681415929,7.9488,44,2,50,0.5,0.5,0.5,genetic,stochastic,stochastic,0.05,10
965,944,591,0.5077660030220885,0.598027739889689,0.5551278669234855,8.797927461139896,7.371822033898305,7.646362098138748,45,2,50,0.5,0.5,0.5,genetic,stochastic,stochastic,0.05,10
935,961,604,0.5093642714095439,0.5957410979638685,0.5650151798108507,9.149732620320856,7.45993756503642,7.420529801324503,46,2,50,0.5,0.5,0.5,genetic,stochastic,stochastic,0.05,10
897,978,625,0.5091912874713602,0.5940130816875808,0.5710432901774909,9.225195094760313,7.724948875255624,7.3264,47,2,50,0.5,0.5,0.5,genetic,stochastic,stochastic,0.05,10
855,984,661,0.5088931624682391,0.595661720086525,0.578924898870232,9.631578947368421,7.876016260162602,7.1346444780635405,48,2,50,0.5,0.5,0.5,genetic,stochastic,stochastic,0.05,10
781,991,728,0.5078258186879554,0.5928990786222978,0.5885686035894907,10.015364916773368,7.8678102926337035,7.038461538461538,49,2,50,0.5,0.5,0.5,genetic,stochastic,stochastic,0.05,10
754,976,770,0.5068509123341535,0.5876789222837447,0.5921919983146486,10.039787798408488,7.965163934426229,6.890909090909091,50,2,50,0.5,0.5,0.5,genetic,stochastic,stochastic,0.05,10
700,976,824,0.5058515366610757,0.5832905408941322,0.5960684031713208,10.274285714285714,8.038934426229508,7.008495145631068,51,2,50,0.5,0.5,0.5,genetic,stochastic,stochastic,0.05,10
696,941,863,0.5034402667948296,0.5783812600489845,0.6039226896039857,10.051724137931034,8.187035069075451,6.926998841251448,52,2,50,0.5,0.5,0.5,genetic,stochastic,stochastic,0.05,10
672,917,911,0.5025423231452628,0.5845613416682987,0.6108534865204155,10.206845238095237,8.234460196292257,6.9725576289791436,53,2,50,0.5,0.5,0.5,genetic,stochastic,stochastic,0.05,10
674,883,943,0.5014301846110553,0.585753722258016,0.6155441031987564,9.839762611275964,8.148357870894678,6.994697773064687,54,2,50,0.5,0.5,0.5,genetic,stochastic,stochastic,0.05,10
697,860,943,0.5029046330192483,0.5858235017612118,0.6177750805163573,9.142037302725969,8.211627906976744,7.064687168610816,55,2,50,0.5,0.5,0.5,genetic,stochastic,stochastic,0.05,10
699,854,947,0.5019250617347416,0.5856258031339202,0.6176531571467208,8.733905579399142,8.320843091334895,7.392819429778247,56,2,50,0.5,0.5,0.5,genetic,stochastic,stochastic,0.05,10
701,836,963,0.5007025741544202,0.5851855661091122,0.6187521406159299,8.372325249643367,8.357655502392344,7.479750778816199,57,2,50,0.5,0.5,0.5,genetic,stochastic,stochastic,0.05,10
705,823,972,0.5019526244920829,0.5849935145270694,0.617713840501805,8.217021276595744,8.349939246658566,7.716049382716049,58,2,50,0.5,0.5,0.5,genetic,stochastic,stochastic,0.05,10
737,783,980,0.5004208612860748,0.587103659614778,0.6180941074162027,7.905020352781547,8.574712643678161,7.911224489795918,59,2,50,0.5,0.5,0.5,genetic,stochastic,stochastic,0.05,10
768,755,977,0.49969106502554655,0.5943993846001177,0.6176466836844914,7.7578125,8.809271523178808,8.120777891504606,60,2,50,0.5,0.5,0.5,genetic,stochastic,stochastic,0.05,10
818,725,957,0.5017154807571143,0.5961643073069929,0.6209239398321247,7.572127139364303,9.052413793103447,8.251828631138975,61,2,50,0.5,0.5,0.5,genetic,stochastic,stochastic,0.05,10
856,684,960,0.5012104042288058,0.5917282552064109,0.6190273625555739,7.575934579439252,9.096491228070175,8.248958333333333,62,2,50,0.5,0.5,0.5,genetic,stochastic,stochastic,0.05,10
890,656,954,0.5002138443404721,0.5903279435511408,0.619780026711264,7.567415730337078,9.085365853658537,8.135220125786164,63,2,50,0.5,0.5,0.5,genetic,stochastic,stochastic,0.05,10
916,638,946,0.5012318150088266,0.599233671000167,0.6204930419959612,7.776200873362446,9.090909090909092,8.275898520084567,64,2,50,0.5,0.5,0.5,genetic,stochastic,stochastic,0.05,10
955,605,940,0.503165797965922,0.6004667768112163,0.6163322908954098,7.896335078534031,9.046280991735538,8.284042553191489,65,2,50,0.5,0.5,0.5,genetic,stochastic,stochastic,0.05,10
973,579,948,0.5030877556808474,0.6040224564328927,0.6170943690877903,8.052415210688592,9.015544041450777,8.296413502109704,66,2,50,0.5,0.5,0.5,genetic,stochastic,stochastic,0.05,10
986,585,929,0.5022850879523963,0.5989311491905596,0.6162482916712763,8.179513184584179,8.593162393162393,8.506996770721205,67,2,50,0.5,0.5,0.5,genetic,stochastic,stochastic,0.05,10
1009,602,889,0.5032708309550238,0.5935580240455419,0.6130694341357131,8.27651139742319,8.227574750830565,8.635545556805399,68,2,50,0.5,0.5,0.5,genetic,stochastic,stochastic,0.05,10
1017,593,890,0.5036824109022244,0.5948972705158555,0.6127399201254294,8.630285152409046,8.104553119730186,8.764044943820224,69,2,50,0.5,0.5,0.5,genetic,stochastic,stochastic,0.05,10
1028,577,895,0.5047580034317309,0.5973336952464666,0.6139656272235978,8.710116731517509,7.459272097053726,8.650279329608939,70,2,50,0.5,0.5,0.5,genetic,stochastic,stochastic,0.05,10
1049,581,870,0.5057378019853466,0.6028423564625531,0.6191495604221925,8.57578646329838,6.9156626506024095,8.432183908045976,71,2,50,0.5,0.5,0.5,genetic,stochastic,stochastic,0.05,10
1013,620,867,0.5067743877623387,0.6068433193935672,0.6213966267265357,8.777887462981244,6.285483870967742,8.667820069204152,72,2,50,0.5,0.5,0.5,genetic,stochastic,stochastic,0.05,10
995,644,861,0.5071151956463859,0.6197102110052316,0.6285465829352709,8.716582914572864,6.25,8.830429732868756,73,2,50,0.5,0.5,0.5,genetic,stochastic,stochastic,0.05,10
980,662,858,0.507494770721977,0.6389629597029332,0.6350208091176894,8.685714285714285,5.919939577039275,8.71911421911422,74,2,50,0.5,0.5,0.5,genetic,stochastic,stochastic,0.05,10
956,678,866,0.5085186575135617,0.6519555792193806,0.6402503903608049,8.747907949790795,5.883480825958702,8.697459584295611,75,2,50,0.5,0.5,0.5,genetic,stochastic,stochastic,0.05,10
942,693,865,0.5075701884527867,0.6746247097276784,0.6452240756792512,8.682590233545648,5.818181818181818,8.743352601156069,76,2,50,0.5,0.5,0.5,genetic,stochastic,stochastic,0.05,10
927,730,843,0.5092960790167546,0.6862663142701096,0.6509592641194819,8.54153182308522,5.835616438356165,8.998813760379596,77,2,50,0.5,0.5,0.5,genetic,stochastic,stochastic,0.05,10
916,746,838,0.5106994804691936,0.6974469819916961,0.6582632920303958,8.59061135371179,5.7882037533512065,8.918854415274463,78,2,50,0.5,0.5,0.5,genetic,stochastic,stochastic,0.05,10
899,741,860,0.5103043166209084,0.6981410081847234,0.6590343117359604,8.71301446051168,6.016194331983805,8.79186046511628,79,2,50,0.5,0.5,0.5,genetic,stochastic,stochastic,0.05,10
886,737,877,0.5103187372994862,0.6955857840504014,0.6632504658466304,8.871331828442438,6.162822252374491,8.709236031927023,80,2,50,0.5,0.5,0.5,genetic,stochastic,stochastic,0.05,10
897,737,866,0.511899413795269,0.7002141523111838,0.6682735435563865,8.622073578595318,6.325644504748983,8.70554272517321,81,2,50,0.5,0.5,0.5,genetic,stochastic,stochastic,0.05,10
886,741,873,0.5128521991998417,0.7033770145217846,0.6743253989612015,8.594808126410836,6.42914979757085,8.50171821305842,82,2,50,0.5,0.5,0.5,genetic,stochastic,stochastic,0.05,10
898,725,877,0.512678069015958,0.7089154180353191,0.6754770718594758,8.42761692650334,6.557241379310345,8.269099201824401,83,2,50,0.5,0.5,0.5,genetic,stochastic,stochastic,0.05,10
903,708,889,0.5159191627000496,0.7082857272448866,0.6736042148614728,8.406423034330011,6.731638418079096,8.053993250843645,84,2,50,0.5,0.5,0.5,genetic,stochastic,stochastic,0.05,10
896,721,883,0.5158406947808568,0.7165769114248419,0.6772492098818698,8.441964285714286,6.6629680998613035,7.971687429218573,85,2,50,0.5,0.5,0.5,genetic,stochastic,stochastic,0.05,10
903,719,878,0.5170734784092333,0.7192277539918794,0.6794143016383319,8.40420819490587,6.716272600834492,7.831435079726652,86,2,50,0.5,0.5,0.5,genetic,stochastic,stochastic,0.05,10
861,726,913,0.517486954276156,0.7248459902376225,0.680910425266136,8.484320557491289,6.327823691460055,7.708652792990143,87,2,50,0.5,0.5,0.5,genetic,stochastic,stochastic,0.05,10
847,727,926,0.517671869313829,0.7287468270211306,0.6834667820323788,8.358913813459267,6.070151306740027,7.672786177105832,88,2,50,0.5,0.5,0.5,genetic,stochastic,stochastic,0.05,10
830,756,914,0.5153503327601096,0.73643607204778,0.6841627022369838,8.080722891566266,5.824074074074074,7.785557986870897,89,2,50,0.5,0.5,0.5,genetic,stochastic,stochastic,0.05,10
817,759,924,0.5132112472427164,0.7384194658274152,0.6882255351558232,8.015911872705018,5.97364953886693,7.908008658008658,90,2,50,0.5,0.5,0.5,genetic,stochastic,stochastic,0.05,10
782,779,939,0.5108640290610064,0.7434393138626791,0.6902331692439262,7.868286445012788,5.862644415917844,7.98828541001065,91,2,50,0.5,0.5,0.5,genetic,stochastic,stochastic,0.05,10
749,820,931,0.5093726686052877,0.7434059720474224,0.6927351496494234,7.881174899866489,5.8341463414634145,8.2234156820623,92,2,50,0.5,0.5,0.5,genetic,stochastic,stochastic,0.05,10
719,858,923,0.5068314677631839,0.7420060136658715,0.6970416111555672,7.8247566063977745,5.962703962703963,8.48104008667389,93,2,50,0.5,0.5,0.5,genetic,stochastic,stochastic,0.05,10
691,860,949,0.5057852701513246,0.7409656372409248,0.699683870950634,7.892908827785818,6.1686046511627906,8.513171759747102,94,2,50,0.5,0.5,0.5,genetic,stochastic,stochastic,0.05,10
665,850,985,0.5027821938808079,0.7398510549557187,0.7042397587193244,7.981954887218045,6.32,8.473096446700508,95,2,50,0.5,0.5,0.5,genetic,stochastic,stochastic,0.05,10
664,818,1018,0.5017149631127688,0.7364512008128621,0.7099360987924666,7.643072289156627,6.676039119804401,8.333988212180747,96,2,50,0.5,0.5,0.5,genetic,stochastic,stochastic,0.05,10
677,792,1031,0.5022809192145906,0.7361767689026136,0.7108383014591456,7.31314623338257,6.890151515151516,8.381183317167798,97,2,50,0.5,0.5,0.5,genetic,stochastic,stochastic,0.05,10
680,760,1060,0.501800075584441,0.733550340780525,0.71294586004236,7.001470588235295,7.096052631578948,8.38679245283019,98,2,50,0.5,0.5,0.5,genetic,stochastic,stochastic,0.05,10
696,728,1076,0.5015165702236188,0.7298036971214109,0.7224395881352428,6.9655172413793105,7.251373626373627,8.423791821561338,99,2,50,0.5,0.5,0.5,genetic,stochastic,stochastic,0.05,10
699,697,1104,0.5042785318429854,0.7255699157811426,0.7262943174156589,6.989985693848355,7.39454806312769,8.427536231884059,100,2,50,0.5,0.5,0.5,genetic,stochastic,stochastic,0.05,10
714,667,1119,0.5043905477017813,0.7237317946541677,0.7240116128346283,6.906162464985995,7.527736131934033,8.439678284182305,101,2,50,0.5,0.5,0.5,genetic,stochastic,stochastic,0.05,10
727,631,1142,0.5048217211470296,0.7339387760269357,0.7228386680799265,6.936726272352132,7.521394611727417,8.474605954465849,102,2,50,0.5,0.5,0.5,genetic,stochastic,stochastic,0.05,10
748,616,1136,0.506647089924352,0.7443669031961296,0.724078732155491,6.782085561497326,7.425324675324675,8.54225352112676,103,2,50,0.5,0.5,0.5,genetic,stochastic,stochastic,0.05,10
767,588,1145,0.5074314797438345,0.7502374714685611,0.7272970392515122,6.833116036505867,7.343537414965986,8.524017467248909,104,2,50,0.5,0.5,0.5,genetic,stochastic,stochastic,0.05,10
777,561,1162,0.5086739615974082,0.7540528875440424,0.7264704166730229,6.915057915057915,7.183600713012478,8.437177280550774,105,2,50,0.5,0.5,0.5,genetic,stochastic,stochastic,0.05,10
792,540,1168,0.5090624893078568,0.767340477949721,0.727443734662902,6.914141414141414,7.038888888888889,8.624143835616438,106,2,50,0.5,0.5,0.5,genetic,stochastic,stochastic,0.05,10
812,520,1168,0.5094818513927624,0.7887587423964105,0.7250062621531003,6.811576354679803,6.8,8.745719178082192,107,2,50,0.5,0.5,0.5,genetic,stochastic,stochastic,0.05,10
832,489,1179,0.5118696982560577,0.7945000723187627,0.7260694486173541,6.883413461538462,6.7975460122699385,8.882951653944021,108,2,50,0.5,0.5,0.5,genetic,stochastic,stochastic,0.05,10
875,438,1187,0.5122439770834192,0.8067115961679713,0.7283838296215247,7.010285714285715,6.378995433789954,8.930075821398484,109,2,50,0.5,0.5,0.5,genetic,stochastic,stochastic,0.05,10
927,396,1177,0.5147374045406246,0.8153993239895924,0.7309205367628788,7.065803667745415,5.782828282828283,9.023789294817332,110,2,50,0.5,0.5,0.5,genetic,stochastic,stochastic,0.05,10
964,391,1145,0.5139870672798207,0.8198927282761973,0.7342721172412463,7.072614107883817,5.127877237851663,9.193886462882096,111,2,50,0.5,0.5,0.5,genetic,stochastic,stochastic,0.05,10
990,395,1115,0.5165242925558522,0.8223794374832425,0.7354335536773944,7.138383838383838,4.936708860759493,9.521076233183857,112,2,50,0.5,0.5,0.5,genetic,stochastic,stochastic,0.05,10
1024,404,1072,0.5160661832105651,0.8153991595549801,0.7344735652385226,7.412109375,5.061881188118812,10.020522388059701,113,2,50,0.5,0.5,0.5,genetic,stochastic,stochastic,0.05,10
1074,398,1028,0.516872212691467,0.8164994421164743,0.7346433369695244,7.557728119180633,5.35678391959799,10.165369649805447,114,2,50,0.5,0.5,0.5,genetic,stochastic,stochastic,0.05,10
1129,397,974,0.5171526721932571,0.8198129723127416,0.7392796903752091,7.649247121346324,5.246851385390428,10.354209445585216,115,2,50,0.5,0.5,0.5,genetic,stochastic,stochastic,0.05,10
1154,408,938,0.5170606980833847,0.8246277886576759,0.7401680635257277,7.91421143847487,5.120098039215686,10.59594882729211,116,2,50,0.5,0.5,0.5,genetic,stochastic,stochastic,0.05,10
1152,434,914,0.5181769624795165,0.8248323077010536,0.7428964965347584,8.256944444444445,4.859447004608295,10.815098468271335,117,2,50,0.5,0.5,0.5,genetic,stochastic,stochastic,0.05,10
1144,476,880,0.5186344426295166,0.818124129255517,0.7455728329596208,8.481643356643357,4.697478991596639,10.972727272727273,118,2,50,0.5,0.5,0.5,genetic,stochastic,stochastic,0.05,10
1153,481,866,0.5187369766623843,0.8256353622328467,0.7494861709588018,8.809193408499567,4.64033264033264,10.931870669745958,119,2,50,0.5,0.5,0.5,genetic,stochastic,stochastic,0.05,10
1124,536,840,0.5201402977147693,0.8318666101477904,0.7518988571257313,8.911921708185053,4.447761194029851,10.971428571428572,120,2,50,0.5,0.5,0.5,genetic,stochastic,stochastic,0.05,10
1122,559,819,0.5196895183152599,0.8298714640634495,0.7556221114505363,9.146167557932264,4.597495527728086,10.791208791208792,121,2,50,0.5,0.5,0.5,genetic,stochastic,stochastic,0.05,10
1096,589,815,0.5191255574087161,0.8282071674857266,0.7572783515057058,9.304744525547445,4.713073005093379,10.661349693251534,122,2,50,0.5,0.5,0.5,genetic,stochastic,stochastic,0.05,10
1080,628,792,0.518838488845308,0.8216387363451211,0.7610053718823283,9.275925925925925,4.804140127388535,10.376262626262626,123,2,50,0.5,0.5,0.5,genetic,stochastic,stochastic,0.05,10
1040,678,782,0.5208310498951304,0.8244822860884767,0.7633010157911798,9.278846153846153,4.772861356932153,10.01918158567775,124,2,50,0.5,0.5,0.5,genetic,stochastic,stochastic,0.05,10
995,703,802,0.5209265774137188,0.8264481329290879,0.7695396496404125,9.32462311557789,4.839260312944523,9.5785536159601,125,2,50,0.5,0.5,0.5,genetic,stochastic,stochastic,0.05,10
962,744,794,0.5216562761954905,0.832117245904446,0.7729901027389183,9.284823284823284,4.920698924731183,9.541561712846347,126,2,50,0.5,0.5,0.5,genetic,stochastic,stochastic,0.05,10
905,806,789,0.521614452289552,0.8375002818791554,0.7826015915824501,9.068508287292818,4.864764267990075,9.152091254752852,127,2,50,0.5,0.5,0.5,genetic,stochastic,stochastic,0.05,10
860,856,784,0.5222249530201419,0.8403529616331208,0.784448527013312,8.476744186046512,4.871495327102804,8.693877551020408,128,2,50,0.5,0.5,0.5,genetic,stochastic,stochastic,0.05,10
838,856,806,0.5211947659860469,0.8384107875509579,0.7910569877349082,8.186157517899762,5.114485981308412,8.26923076923077,129,2,50,0.5,0.5,0.5,genetic,stochastic,stochastic,0.05,10
800,837,863,0.521287334831129,0.8445129024141715,0.7977500429141752,7.97375,5.2592592592592595,7.677867902665121,130,2,50,0.5,0.5,0.5,genetic,stochastic,stochastic,0.05,10
758,837,905,0.5200526897808745,0.8489436633566873,0.7991989586796417,8.027704485488126,5.4504181600955794,7.3900552486187845,131,2,50,0.5,0.5,0.5,genetic,stochastic,stochastic,0.05,10
755,815,930,0.5194745967300218,0.8517546412805078,0.8023424228285039,7.76953642384106,5.656441717791411,7.032258064516129,132,2,50,0.5,0.5,0.5,genetic,stochastic,stochastic,0.05,10
758,811,931,0.5211332915711865,0.8563853859493635,0.8052728967683448,7.201846965699208,5.76078914919852,6.874328678839957,133,2,50,0.5,0.5,0.5,genetic,stochastic,stochastic,0.05,10
728,787,985,0.5195191510107277,0.8557594948257172,0.8044067405197474,7.2554945054945055,5.944091486658196,6.888324873096447,134,2,50,0.5,0.5,0.5,genetic,stochastic,stochastic,0.05,10
726,748,1026,0.5220403727907234,0.8616614492251371,0.807267773657974,7.179063360881543,6.053475935828877,6.769980506822612,135,2,50,0.5,0.5,0.5,genetic,stochastic,stochastic,0.05,10
710,695,1095,0.5230416308970729,0.8654432155519256,0.809741307874165,7.150704225352112,6.158273381294964,6.6876712328767125,136,2,50,0.5,0.5,0.5,genetic,stochastic,stochastic,0.05,10
704,638,1158,0.5230447461936081,0.8664986887758298,0.8076391754043274,7.205965909090909,6.117554858934169,6.786701208981002,137,2,50,0.5,0.5,0.5,genetic,stochastic,stochastic,0.05,10
708,608,1184,0.5232970550480956,0.8639862698621595,0.8104881988312306,6.971751412429379,6.03125,6.958614864864865,138,2,50,0.5,0.5,0.5,genetic,stochastic,stochastic,0.05,10
732,527,1241,0.5249369781044065,0.8625480626788811,0.8058189961053426,6.8756830601092895,6.136622390891841,6.9911361804995975,139,2,50,0.5,0.5,0.5,genetic,stochastic,stochastic,0.05,10
726,483,1291,0.5258026569897805,0.8636747693536042,0.8037927713533549,6.915977961432507,5.848861283643893,7.225406661502711,140,2,50,0.5,0.5,0.5,genetic,stochastic,stochastic,0.05,10
738,471,1291,0.5246890409481927,0.8669261985861972,0.8041371227808195,6.845528455284553,5.312101910828026,7.5747482571649885,141,2,50,0.5,0.5,0.5,genetic,stochastic,stochastic,0.05,10
723,461,1316,0.5296014914952355,0.8659246680017454,0.7999751331796712,6.9529737206085755,4.8221258134490235,7.807750759878419,142,2,50,0.5,0.5,0.5,genetic,stochastic,stochastic,0.05,10
720,463,1317,0.527280648402181,0.8681331886336038,0.7960940037338472,6.858333333333333,4.6457883369330455,8.158694001518603,143,2,50,0.5,0.5,0.5,genetic,stochastic,stochastic,0.05,10
739,467,1294,0.52845682470104,0.8672202526585511,0.7931448703773112,6.756427604871448,4.449678800856531,8.56336939721793,144,2,50,0.5,0.5,0.5,genetic,stochastic,stochastic,0.05,10
742,485,1273,0.5319492885005138,0.8711980331904015,0.7932112735299867,6.599730458221024,4.360824742268041,8.998428908091123,145,2,50,0.5,0.5,0.5,genetic,stochastic,stochastic,0.05,10
778,479,1243,0.5342115243150405,0.8710746647794569,0.7906991917598049,6.408740359897172,4.674321503131524,9.39903459372486,146,2,50,0.5,0.5,0.5,genetic,stochastic,stochastic,0.05,10
810,462,1228,0.5357494335313797,0.8723083518364957,0.7882492431606042,6.428395061728395,4.783549783549783,9.680781758957655,147,2,50,0.5,0.5,0.5,genetic,stochastic,stochastic,0.05,10
856,434,1210,0.534863401732749,0.8733255228893968,0.7868951414522971,6.34696261682243,4.7373271889400925,9.72809917355372,148,2,50,0.5,0.5,0.5,genetic,stochastic,stochastic,0.05,10
885,418,1197,0.5332472370763588,0.8717872078859485,0.7902577925366077,6.367231638418079,4.655502392344498,9.776942355889725,149,2,50,0.5,0.5,0.5,genetic,stochastic,stochastic,0.05,10
930,396,1174,0.5346729679843594,0.8629512178160963,0.7921973660792221,6.43763440860215,4.691919191919192,9.801533219761499,150,2,50,0.5,0.5,0.5,genetic,stochastic,stochastic,0.05,10
1006,369,1125,0.5367919504718395,0.8553231836215794,0.798576977077401,6.359840954274354,4.791327913279133,9.642666666666667,151,2,50,0.5,0.5,0.5,genetic,stochastic,stochastic,0.05,10
1071,333,1096,0.5378767353948165,0.8485392207806393,0.8003207822254971,6.483660130718954,4.798798798798799,9.716240875912408,152,2,50,0.5,0.5,0.5,genetic,stochastic,stochastic,0.05,10
1107,329,1064,0.5387323020847589,0.8523160969649535,0.8038791627405698,6.8102981029810294,4.434650455927052,9.847744360902256,153,2,50,0.5,0.5,0.5,genetic,stochastic,stochastic,0.05,10
1152,334,1014,0.5401514730445276,0.847784448084539,0.8072335137451777,6.967013888888889,4.12874251497006,9.85897435897436,154,2,50,0.5,0.5,0.5,genetic,stochastic,stochastic,0.05,10
1163,382,955,0.5398974467149246,0.8554963277451427,0.8041672286482654,7.189165950128976,3.8272251308900525,9.934031413612566,155,2,50,0.5,0.5,0.5,genetic,stochastic,stochastic,0.05,10
1160,439,901,0.5398424047467337,0.8681970447684546,0.8064021531130239,7.4206896551724135,3.640091116173121,10.142064372918979,156,2,50,0.5,0.5,0.5,genetic,stochastic,stochastic,0.05,10
1148,486,866,0.5409562126286316,0.8666151664059156,0.808780162868066,7.641114982578397,3.6790123456790123,10.078521939953811,157,2,50,0.5,0.5,0.5,genetic,stochastic,stochastic,0.05,10
1164,509,827,0.5412051982494648,0.8706318573949242,0.8160396536024518,7.664948453608248,3.931237721021611,9.755743651753326,158,2,50,0.5,0.5,0.5,genetic,stochastic,stochastic,0.05,10
1173,537,790,0.5402067366960935,0.8685205180365255,0.8212591728366133,7.797953964194374,4.143389199255121,9.59620253164557,159,2,50,0.5,0.5,0.5,genetic,stochastic,stochastic,0.05,10
1175,574,751,0.53931505535987,0.8749488302894123,0.8212031629725919,7.9285106382978725,4.337979094076655,9.703062583222371,160,2,50,0.5,0.5,0.5,genetic,stochastic,stochastic,0.05,10
1151,621,728,0.5400897855324049,0.8791646495840096,0.8259283010564822,8.05125977410947,4.431561996779388,9.351648351648352,161,2,50,0.5,0.5,0.5,genetic,stochastic,stochastic,0.05,10
1134,642,724,0.5413174550819944,0.8840436745718079,0.8314776083288309,8.133156966490299,4.451713395638629,8.9792817679558,162,2,50,0.5,0.5,0.5,genetic,stochastic,stochastic,0.05,10
1125,675,700,0.543663227212499,0.8835089525233366,0.8274377209551556,8.149333333333333,4.558518518518518,8.412857142857144,163,2,50,0.5,0.5,0.5,genetic,stochastic,stochastic,0.05,10
1104,689,707,0.5446957467624551,0.887263099899809,0.8322902969512316,8.291666666666666,4.609579100145138,7.926449787835926,164,2,50,0.5,0.5,0.5,genetic,stochastic,stochastic,0.05,10
1078,697,725,0.5453944068451929,0.8944821814870036,0.8342327770821462,8.411873840445269,4.783357245337159,7.4110344827586205,165,2,50,0.5,0.5,0.5,genetic,stochastic,stochastic,0.05,10
1038,729,733,0.5470372692168176,0.892883902515951,0.8353881888227905,8.423892100192678,4.7818930041152266,6.935879945429741,166,2,50,0.5,0.5,0.5,genetic,stochastic,stochastic,0.05,10
977,736,787,0.5490718745246577,0.8912735918530852,0.8359131013520232,8.461617195496418,4.899456521739131,6.438373570520966,167,2,50,0.5,0.5,0.5,genetic,stochastic,stochastic,0.05,10
938,701,861,0.54942039982428,0.8890906108466218,0.8391857937992054,8.498933901918976,4.900142653352354,6.13472706155633,168,2,50,0.5,0.5,0.5,genetic,stochastic,stochastic,0.05,10
887,717,896,0.5497678612628327,0.8866671736933741,0.8368338689668535,8.583990980834272,4.873082287308229,6.155133928571429,169,2,50,0.5,0.5,0.5,genetic,stochastic,stochastic,0.05,10
860,729,911,0.549257562680762,0.8863897808490597,0.8379070827684796,8.44767441860465,5.004115226337449,6.305159165751921,170,2,50,0.5,0.5,0.5,genetic,stochastic,stochastic,0.05,10
808,735,957,0.5467936156167346,0.8827687897884825,0.837479756809736,8.332920792079207,5.0639455782312925,6.464994775339603,171,2,50,0.5,0.5,0.5,genetic,stochastic,stochastic,0.05,10
739,761,1000,0.5479947173400087,0.8717266570548062,0.8404191615455605,8.044654939106902,4.900131406044678,6.46,172,2,50,0.5,0.5,0.5,genetic,stochastic,stochastic,0.05,10
713,759,1028,0.5458112690571837,0.8713413151781724,0.8404838165406914,7.803646563814866,5.023715415019763,6.642023346303502,173,2,50,0.5,0.5,0.5,genetic,stochastic,stochastic,0.05,10
702,722,1076,0.5455627544385023,0.8670653916961827,0.8441189833496523,7.576923076923077,5.04016620498615,6.601301115241636,174,2,50,0.5,0.5,0.5,genetic,stochastic,stochastic,0.05,10
715,707,1078,0.5441876095304503,0.8664375354197716,0.840468201776473,7.127272727272727,5.121640735502122,6.752319109461967,175,2,50,0.5,0.5,0.5,genetic,stochastic,stochastic,0.05,10
750,686,1064,0.5404320747715792,0.8657532428475782,0.8400571297261116,6.6546666666666665,5.198250728862973,6.905075187969925,176,2,50,0.5,0.5,0.5,genetic,stochastic,stochastic,0.05,10
770,641,1089,0.5410156545695348,0.8692854479157437,0.8422921032331729,6.428571428571429,5.299531981279251,6.890725436179982,177,2,50,0.5,0.5,0.5,genetic,stochastic,stochastic,0.05,10
799,623,1078,0.5433637579497909,0.8760753711420962,0.8385234499819542,6.127659574468085,5.487961476725522,7.1103896103896105,178,2,50,0.5,0.5,0.5,genetic,stochastic,stochastic,0.05,10
796,603,1101,0.5444009190017423,0.8781294555699805,0.8383104528696957,6.089195979899498,5.441127694859039,7.146230699364215,179,2,50,0.5,0.5,0.5,genetic,stochastic,stochastic,0.05,10
834,582,1084,0.5469107737055111,0.8819549848781901,0.8404582216527199,6.010791366906475,5.441580756013746,7.212177121771218,180,2,50,0.5,0.5,0.5,genetic,stochastic,stochastic,0.05,10
878,544,1078,0.5481430381179176,0.8814979844714861,0.8429558245966179,5.985193621867881,5.670955882352941,7.276437847866419,181,2,50,0.5,0.5,0.5,genetic,stochastic,stochastic,0.05,10
964,504,1032,0.5512780296234939,0.8791433712043948,0.8404386739847445,5.980290456431535,5.73015873015873,7.313953488372093,182,2,50,0.5,0.5,0.5,genetic,stochastic,stochastic,0.05,10
1020,497,983,0.5536203661477601,0.8843058450678595,0.8399145408312666,6.023529411764706,5.551307847082495,7.505595116988809,183,2,50,0.5,0.5,0.5,genetic,stochastic,stochastic,0.05,10
1075,456,969,0.552229424913894,0.8824403457344955,0.8388413442477219,6.093023255813954,5.232456140350878,7.276573787409701,184,2,50,0.5,0.5,0.5,genetic,stochastic,stochastic,0.05,10
1083,446,971,0.5517408751328248,0.8812195392991731,0.8419856896619644,6.3988919667590025,4.966367713004484,7.267765190525232,185,2,50,0.5,0.5,0.5,genetic,stochastic,stochastic,0.05,10
1097,464,939,0.5521690843221514,0.8907441601776253,0.8437527926648472,6.477666362807657,4.407327586206897,7.179978700745474,186,2,50,0.5,0.5,0.5,genetic,stochastic,stochastic,0.05,10
1111,486,903,0.5531922563595387,0.8912920162567983,0.846082342826538,6.740774077407741,4.341563786008231,7.260243632336656,187,2,50,0.5,0.5,0.5,genetic,stochastic,stochastic,0.05,10
1103,525,872,0.5519432469110711,0.8933186842781552,0.8466370694008057,6.953762466001813,4.4,7.469036697247707,188,2,50,0.5,0.5,0.5,genetic,stochastic,stochastic,0.05,10
1117,566,817,0.5518695539681208,0.895868654311039,0.8463812286655275,7.043867502238138,4.295053003533569,7.712362301101591,189,2,50,0.5,0.5,0.5,genetic,stochastic,stochastic,0.05,10
1106,593,801,0.5516436860189043,0.8950581563901514,0.844666378810132,7.219710669077758,4.337268128161889,7.710362047440699,190,2,50,0.5,0.5,0.5,genetic,stochastic,stochastic,0.05,10
1084,629,787,0.5520211493796716,0.8942802689283754,0.8473535755775711,7.405904059040591,4.352941176470588,7.672172808132148,191,2,50,0.5,0.5,0.5,genetic,stochastic,stochastic,0.05,10
1069,656,775,0.5506053397181485,0.8928239280437974,0.8491809975866926,7.5696913002806365,4.464939024390244,7.630967741935484,192,2,50,0.5,0.5,0.5,genetic,stochastic,stochastic,0.05,10
1060,653,787,0.5498679604636193,0.8952333974764616,0.8529935218055649,7.702830188679245,4.617151607963247,7.432020330368488,193,2,50,0.5,0.5,0.5,genetic,stochastic,stochastic,0.05,10
1013,680,807,0.5474291303266108,0.9010550129472366,0.8557591147145434,7.790720631786772,4.519117647058824,7.091697645600991,194,2,50,0.5,0.5,0.5,genetic,stochastic,stochastic,0.05,10
949,710,841,0.5474653546495638,0.9003102872427635,0.8606378983237135,8.0695468914647,4.5084507042253525,6.967895362663496,195,2,50,0.5,0.5,0.5,genetic,stochastic,stochastic,0.05,10
895,735,870,0.5474312232844762,0.8990449968428901,0.8656172030901529,7.873743016759777,4.480272108843537,6.889655172413793,196,2,50,0.5,0.5,0.5,genetic,stochastic,stochastic,0.05,10
866,725,909,0.5482077189880449,0.8890041345137982,0.8689526226521671,7.71824480369515,4.562758620689655,6.793179317931793,197,2,50,0.5,0.5,0.5,genetic,stochastic,stochastic,0.05,10
831,696,973,0.5512987744127971,0.8825363580988421,0.8699329055476683,7.701564380264741,4.580459770114943,6.6279547790339155,198,2,50,0.5,0.5,0.5,genetic,stochastic,stochastic,0.05,10
827,688,985,0.552771241352387,0.8763471001499439,0.8742526305435578,7.81136638452237,4.799418604651163,6.660913705583757,199,2,50,0.5,0.5,0.5,genetic,stochastic,stochastic,0.05,10
836,665,999,0.5547473430744778,0.8684639837173963,0.8723172068014251,7.650717703349282,4.990977443609022,6.87987987987988,200,2,50,0.5,0.5,0.5,genetic,stochastic,stochastic,0.05,10
836,617,1047,0.5559288576559669,0.866300744332444,0.8730336903076242,7.937799043062201,5.210696920583469,6.843361986628462,201,2,50,0.5,0.5,0.5,genetic,stochastic,stochastic,0.05,10
849,586,1065,0.5579197517576937,0.8559881192894111,0.8754284719676679,7.836277974087161,5.303754266211604,6.916431924882629,202,2,50,0.5,0.5,0.5,genetic,stochastic,stochastic,0.05,10
852,571,1077,0.5569595442413028,0.8552443874703172,0.8760102252231727,7.954225352112676,5.271453590192644,7.089136490250697,203,2,50,0.5,0.5,0.5,genetic,stochastic,stochastic,0.05,10
816,559,1125,0.5586183563368722,0.8491954514267266,0.8728563075369556,8.123774509803921,5.1234347048300535,7.264888888888889,204,2,50,0.5,0.5,0.5,genetic,stochastic,stochastic,0.05,10
812,519,1169,0.5598607519382133,0.8444195515862588,0.8721522270001676,8.057881773399014,5.077071290944123,7.3464499572284,205,2,50,0.5,0.5,0.5,genetic,stochastic,stochastic,0.05,10
802,519,1179,0.5602049777924566,0.8432195285516287,0.8720072508363991,7.770573566084788,4.664739884393064,7.474130619168787,206,2,50,0.5,0.5,0.5,genetic,stochastic,stochastic,0.05,10
779,522,1199,0.5632117057984335,0.8415734751095457,0.8757082765129983,7.544287548138639,4.390804597701149,7.613844870725605,207,2,50,0.5,0.5,0.5,genetic,stochastic,stochastic,0.05,10
777,513,1210,0.5626657936413724,0.8442836255398118,0.8762334830665277,7.552123552123552,4.389863547758285,7.838016528925619,208,2,50,0.5,0.5,0.5,genetic,stochastic,stochastic,0.05,10
783,487,1230,0.5630665763394159,0.8411829482769544,0.8787067181528652,7.424010217113666,4.386036960985626,7.920325203252032,209,2,50,0.5,0.5,0.5,genetic,stochastic,stochastic,0.05,10
830,447,1223,0.5630242374564745,0.838042519549894,0.8795308435797511,7.2614457831325305,4.472035794183445,8.105478331970565,210,2,50,0.5,0.5,0.5,genetic,stochastic,stochastic,0.05,10
859,417,1224,0.5622581377091457,0.8382868068205909,0.8788872960361692,7.152502910360885,4.616306954436451,8.232843137254902,211,2,50,0.5,0.5,0.5,genetic,stochastic,stochastic,0.05,10
913,394,1193,0.5617934095002854,0.8414834684825628,0.8773750820390129,7.0350492880613364,4.725888324873097,8.461860854987426,212,2,50,0.5,0.5,0.5,genetic,stochastic,stochastic,0.05,10
971,391,1138,0.5612277306226204,0.8444557000476322,0.8754648005572067,6.888774459320288,4.751918158567775,8.725834797891038,213,2,50,0.5,0.5,0.5,genetic,stochastic,stochastic,0.05,10
1006,374,1120,0.5634577747456935,0.8479997928920705,0.8738167818503354,6.992047713717694,4.5828877005347595,8.958035714285714,214,2,50,0.5,0.5,0.5,genetic,stochastic,stochastic,0.05,10
1054,368,1078,0.5632992048989596,0.8420956628247206,0.8742944350831142,7.024667931688804,4.396739130434782,9.143784786641929,215,2,50,0.5,0.5,0.5,genetic,stochastic,stochastic,0.05,10
1066,397,1037,0.5645336696133488,0.8454026356707666,0.8752875843825177,7.101313320825516,3.9420654911838793,9.203471552555449,216,2,50,0.5,0.5,0.5,genetic,stochastic,stochastic,0.05,10
1128,414,958,0.5631060852783405,0.8535202798642936,0.8800655314990665,6.927304964539007,3.9347826086956523,9.332985386221294,217,2,50,0.5,0.5,0.5,genetic,stochastic,stochastic,0.05,10
1139,423,938,0.5621108043624575,0.8595217483961158,0.8813185385347911,7.173836698858648,3.8203309692671397,9.367803837953092,218,2,50,0.5,0.5,0.5,genetic,stochastic,stochastic,0.05,10
1159,461,880,0.5613422607367314,0.8621905359203754,0.8830418229508346,7.2105263157894735,3.8633405639913234,9.601136363636364,219,2,50,0.5,0.5,0.5,genetic,stochastic,stochastic,0.05,10
1184,501,815,0.5612135298759899,0.8641805875731543,0.8836271884016266,7.025337837837838,3.7904191616766467,9.577914110429449,220,2,50,0.5,0.5,0.5,genetic,stochastic,stochastic,0.05,10
1181,536,783,0.5594620404763855,0.8676462268872467,0.883324075779114,7.188823031329382,3.8694029850746268,9.243933588761175,221,2,50,0.5,0.5,0.5,genetic,stochastic,stochastic,0.05,10
1200,562,738,0.5585454883311879,0.8635711969051809,0.8847892082886518,7.214166666666666,4.190391459074733,9.113821138211382,222,2,50,0.5,0.5,0.5,genetic,stochastic,stochastic,0.05,10
1193,608,699,0.5582593332832534,0.8663261184870898,0.8883987569350071,7.32523051131601,4.3305921052631575,8.606580829756796,223,2,50,0.5,0.5,0.5,genetic,stochastic,stochastic,0.05,10
1184,637,679,0.5585205111016098,0.872218359310986,0.8900035219753311,7.394425675675675,4.345368916797488,8.030927835051546,224,2,50,0.5,0.5,0.5,genetic,stochastic,stochastic,0.05,10
1136,687,677,0.5596341509391651,0.8787596499676195,0.8912370257589979,7.579225352112676,4.294032023289665,7.6912850812407685,225,2,50,0.5,0.5,0.5,genetic,stochastic,stochastic,0.05,10
1119,699,682,0.5604445265292504,0.8817156248077979,0.8923090346309058,7.767649687220733,4.407725321888412,6.9340175953079175,226,2,50,0.5,0.5,0.5,genetic,stochastic,stochastic,0.05,10
1079,700,721,0.5588131752028151,0.8867318171041622,0.8896502674044025,8.067655236329935,4.444285714285714,6.23994452149792,227,2,50,0.5,0.5,0.5,genetic,stochastic,stochastic,0.05,10
1036,700,764,0.5601134653083525,0.8865135302359647,0.8877212270015905,8.27992277992278,4.5685714285714285,5.992146596858639,228,2,50,0.5,0.5,0.5,genetic,stochastic,stochastic,0.05,10
970,720,810,0.55907547681402,0.8855940647948145,0.8831259243510793,8.476288659793815,4.570833333333334,5.909876543209877,229,2,50,0.5,0.5,0.5,genetic,stochastic,stochastic,0.05,10
919,714,867,0.5593149891347362,0.889590671389429,0.8813873801517522,8.80195865070729,4.658263305322129,5.961937716262976,230,2,50,0.5,0.5,0.5,genetic,stochastic,stochastic,0.05,10
855,732,913,0.5594868542283263,0.8886766472169557,0.879691496869387,8.666666666666666,4.703551912568306,5.906900328587075,231,2,50,0.5,0.5,0.5,genetic,stochastic,stochastic,0.05,10
828,722,950,0.5638393089416052,0.8905566433575897,0.8819112950124066,8.602657004830919,4.7770083102493075,6.127368421052632,232,2,50,0.5,0.5,0.5,genetic,stochastic,stochastic,0.05,10
810,752,938,0.5666186920680149,0.8899038307378733,0.8828476747810143,8.485185185185186,4.855053191489362,6.541577825159915,233,2,50,0.5,0.5,0.5,genetic,stochastic,stochastic,0.05,10
779,809,912,0.5693854866828734,0.8863217086677203,0.8814882899582974,8.106546854942234,4.868974042027194,6.933114035087719,234,2,50,0.5,0.5,0.5,genetic,stochastic,stochastic,0.05,10
776,797,927,0.5700729316340291,0.8811730780115518,0.883832605531057,7.619845360824742,5.117942283563362,6.809061488673139,235,2,50,0.5,0.5,0.5,genetic,stochastic,stochastic,0.05,10
777,803,920,0.5692997716228902,0.878680423716146,0.8841606796373911,7.306306306306307,5.300124533001245,6.921739130434783,236,2,50,0.5,0.5,0.5,genetic,stochastic,stochastic,0.05,10
742,814,944,0.5717285657397054,0.8811730497020797,0.8834512116502466,7.03099730458221,5.513513513513513,6.952330508474576,237,2,50,0.5,0.5,0.5,genetic,stochastic,stochastic,0.05,10
724,797,979,0.5740557764341551,0.8789678338477975,0.8847412534548807,6.6740331491712706,5.604767879548306,6.980592441266599,238,2,50,0.5,0.5,0.5,genetic,stochastic,stochastic,0.05,10
692,769,1039,0.57616013185551,0.8806258277168818,0.8814157728074843,6.47543352601156,5.715214564369311,6.843118383060635,239,2,50,0.5,0.5,0.5,genetic,stochastic,stochastic,0.05,10
697,702,1101,0.5747135405371819,0.8812717472118022,0.8826524417251937,6.074605451936872,5.743589743589744,6.671207992733878,240,2,50,0.5,0.5,0.5,genetic,stochastic,stochastic,0.05,10
708,635,1157,0.5722253674225893,0.8844925307433857,0.8800219421615044,6.001412429378531,5.636220472440945,6.52895419187554,241,2,50,0.5,0.5,0.5,genetic,stochastic,stochastic,0.05,10
706,587,1207,0.571479273081495,0.8808126899790029,0.8783711294725219,6.084985835694051,5.6269165247018735,6.594863297431648,242,2,50,0.5,0.5,0.5,genetic,stochastic,stochastic,0.05,10
750,536,1214,0.5694164666077186,0.8823037834475893,0.8786806979440009,6.125333333333334,5.619402985074627,6.697693574958814,243,2,50,0.5,0.5,0.5,genetic,stochastic,stochastic,0.05,10
801,479,1220,0.5693737210146804,0.8832439031101846,0.8764976539842777,6.210986267166042,5.674321503131524,6.919672131147541,244,2,50,0.5,0.5,0.5,genetic,stochastic,stochastic,0.05,10
834,466,1200,0.5680707207085772,0.8792711678882235,0.8760379810552954,6.308153477218226,5.381974248927039,7.0808333333333335,245,2,50,0.5,0.5,0.5,genetic,stochastic,stochastic,0.05,10
833,474,1193,0.5694252083588138,0.8815444562976801,0.8776572887072766,6.356542617046819,4.8164556962025316,7.412405699916178,246,2,50,0.5,0.5,0.5,genetic,stochastic,stochastic,0.05,10
877,466,1157,0.5703613900530419,0.8804999780267124,0.8808261383757051,6.43557582668187,4.753218884120171,7.653414001728608,247,2,50,0.5,0.5,0.5,genetic,stochastic,stochastic,0.05,10
885,468,1147,0.5696860893908877,0.8812357751181651,0.8798543124949061,6.580790960451977,4.497863247863248,7.882301656495205,248,2,50,0.5,0.5,0.5,genetic,stochastic,stochastic,0.05,10
913,466,1121,0.5690333684536042,0.8848292435109374,0.8794851056921555,6.673603504928806,4.4034334763948495,8.136485280999107,249,2,50,0.5,0.5,0.5,genetic,stochastic,stochastic,0.05,10
968,469,1063,0.5680580897742612,0.8795548651105733,0.8779837723017033,6.470041322314049,4.430703624733476,8.326434619002821,250,2,50,0.5,0.5,0.5,genetic,stochastic,stochastic,0.05,10
996,478,1026,0.5686900446193655,0.8680745009582721,0.8799619067717668,6.514056224899599,4.472803347280335,8.439571150097466,251,2,50,0.5,0.5,0.5,genetic,stochastic,stochastic,0.05,10
1019,469,1012,0.5693968662441444,0.8623122214267165,0.8798865994976132,6.673209028459274,4.535181236673774,8.42588932806324,252,2,50,0.5,0.5,0.5,genetic,stochastic,stochastic,0.05,10
1063,468,969,0.5691752635876507,0.8560057802806976,0.877226800232997,6.676387582314205,4.583333333333333,8.456140350877194,253,2,50,0.5,0.5,0.5,genetic,stochastic,stochastic,0.05,10
1090,492,918,0.5700626277131745,0.853792917504038,0.8752210445030195,6.511009174311926,4.5426829268292686,8.462962962962964,254,2,50,0.5,0.5,0.5,genetic,stochastic,stochastic,0.05,10
1106,521,873,0.570278261015291,0.8543100167736033,0.8745658286787922,6.491862567811935,4.347408829174664,8.43413516609393,255,2,50,0.5,0.5,0.5,genetic,stochastic,stochastic,0.05,10
1109,554,837,0.5710179969938654,0.8558240623324502,0.8732661971989273,6.640216411181244,4.458483754512636,8.446833930704898,256,2,50,0.5,0.5,0.5,genetic,stochastic,stochastic,0.05,10
1134,578,788,0.5713044436095897,0.8635000439301049,0.8720921099991855,6.756613756613756,4.551903114186851,8.319796954314722,257,2,50,0.5,0.5,0.5,genetic,stochastic,stochastic,0.05,10
1109,599,792,0.5721050761844753,0.8657987966561498,0.8683170892834187,7.015329125338143,4.67779632721202,8.2739898989899,258,2,50,0.5,0.5,0.5,genetic,stochastic,stochastic,0.05,10
1087,649,764,0.5720478685695709,0.8668247996803521,0.8622454292935722,7.375344986200552,4.765793528505393,8.301047120418849,259,2,50,0.5,0.5,0.5,genetic,stochastic,stochastic,0.05,10
1068,677,755,0.5733657143131544,0.8676127464264689,0.858906562582801,7.623595505617978,4.757754800590842,7.944370860927152,260,2,50,0.5,0.5,0.5,genetic,stochastic,stochastic,0.05,10
1009,719,772,0.5727717310131583,0.8724143573170884,0.8560139890344108,7.831516352824579,4.677329624478443,7.711139896373057,261,2,50,0.5,0.5,0.5,genetic,stochastic,stochastic,0.05,10
959,757,784,0.5721213562881313,0.8747124339980628,0.8503110491382502,7.847758081334724,4.705416116248348,7.3125,262,2,50,0.5,0.5,0.5,genetic,stochastic,stochastic,0.05,10
912,772,816,0.5730446294347659,0.8764765151004668,0.8491712867985206,7.921052631578948,4.800518134715026,6.909313725490196,263,2,50,0.5,0.5,0.5,genetic,stochastic,stochastic,0.05,10
865,769,866,0.5725078413956258,0.8764564195534404,0.8513868905790103,8.027745664739884,4.950585175552666,6.744803695150115,264,2,50,0.5,0.5,0.5,genetic,stochastic,stochastic,0.05,10
832,772,896,0.5729035483464282,0.8742157524119542,0.852917129218285,8.039663461538462,5.0880829015544045,6.643973214285714,265,2,50,0.5,0.5,0.5,genetic,stochastic,stochastic,0.05,10
800,754,946,0.5733256836601427,0.8769526738086546,0.851983412301006,7.8625,5.23474801061008,6.461945031712474,266,2,50,0.5,0.5,0.5,genetic,stochastic,stochastic,0.05,10
778,699,1023,0.5730736302696119,0.8724222770945625,0.8493906711245703,7.852185089974293,5.283261802575107,6.375366568914956,267,2,50,0.5,0.5,0.5,genetic,stochastic,stochastic,0.05,10
771,653,1076,0.5751158040813238,0.871923475082613,0.8454106437033599,7.582360570687419,5.223583460949464,6.278810408921933,268,2,50,0.5,0.5,0.5,genetic,stochastic,stochastic,0.05,10
754,646,1100,0.5743456370914447,0.8665935116580044,0.8391279446049815,7.159151193633952,4.96594427244582,6.339090909090909,269,2,50,0.5,0.5,0.5,genetic,stochastic,stochastic,0.05,10
760,592,1148,0.5737235315292559,0.8675961478415123,0.8360649868895705,7.057894736842106,4.907094594594595,6.477351916376307,270,2,50,0.5,0.5,0.5,genetic,stochastic,stochastic,0.05,10
777,559,1164,0.5729689319598753,0.8677923620341665,0.8337011569245971,6.925353925353925,5.057245080500895,6.662371134020619,271,2,50,0.5,0.5,0.5,genetic,stochastic,stochastic,0.05,10
806,523,1171,0.5746410148814649,0.8700049067093506,0.8335682753413303,6.935483870967742,5.108986615678776,7.003415883859949,272,2,50,0.5,0.5,0.5,genetic,stochastic,stochastic,0.05,10
820,502,1178,0.5767996234979688,0.8673632020761323,0.8307374849910465,6.824390243902439,5.292828685258964,7.315789473684211,273,2,50,0.5,0.5,0.5,genetic,stochastic,stochastic,0.05,10
875,481,1144,0.5763984356579471,0.8746696184630781,0.8313743628278522,6.644571428571428,5.205821205821206,7.643356643356643,274,2,50,0.5,0.5,0.5,genetic,stochastic,stochastic,0.05,10
922,456,1122,0.5758032239133927,0.8764789044078771,0.8288155874027977,6.459869848156182,5.046052631578948,7.7976827094474155,275,2,50,0.5,0.5,0.5,genetic,stochastic,stochastic,0.05,10
970,437,1093,0.5750231885929227,0.8735892652077597,0.8270129104008318,6.528865979381443,5.091533180778032,7.967978042086002,276,2,50,0.5,0.5,0.5,genetic,stochastic,stochastic,0.05,10
1024,433,1043,0.5753294701650497,0.8758085686844022,0.8246204379850487,6.58984375,5.023094688221709,8.17066155321189,277,2,50,0.5,0.5,0.5,genetic,stochastic,stochastic,0.05,10
1074,411,1015,0.5764728265748327,0.8706892656765046,0.826555963063361,6.73463687150838,4.922141119221411,8.40591133004926,278,2,50,0.5,0.5,0.5,genetic,stochastic,stochastic,0.05,10
1124,418,958,0.5760778250305308,0.8726239676714921,0.8281207228968798,6.838078291814947,4.76555023923445,8.545929018789144,279,2,50,0.5,0.5,0.5,genetic,stochastic,stochastic,0.05,10
1125,457,918,0.5754114314911342,0.8774296374901629,0.8310078142178106,6.9688888888888885,4.461706783369803,8.739651416122005,280,2,50,0.5,0.5,0.5,genetic,stochastic,stochastic,0.05,10
1136,488,876,0.5750359859430725,0.8760357799109071,0.8332741155649477,7.15580985915493,4.227459016393443,8.785388127853881,281,2,50,0.5,0.5,0.5,genetic,stochastic,stochastic,0.05,10
1157,508,835,0.5746243494858586,0.8736594702667486,0.8377337121675487,7.372515125324114,4.27755905511811,8.665868263473055,282,2,50,0.5,0.5,0.5,genetic,stochastic,stochastic,0.05,10
1138,538,824,0.5724372641444071,0.8764834523809948,0.8404941804559777,7.650263620386643,4.262081784386617,8.49757281553398,283,2,50,0.5,0.5,0.5,genetic,stochastic,stochastic,0.05,10
1167,518,815,0.5719687005660004,0.8733502862176016,0.8458597115819201,7.809768637532134,4.277992277992278,8.170552147239263,284,2,50,0.5,0.5,0.5,genetic,stochastic,stochastic,0.05,10
1124,542,834,0.5709627421956427,0.8706976946760342,0.8520366279131094,8.053380782918149,4.125461254612546,8.025179856115107,285,2,50,0.5,0.5,0.5,genetic,stochastic,stochastic,0.05,10
1089,582,829,0.5727689735683767,0.8665464493166043,0.856716756274151,8.124885215794306,4.152920962199313,7.896260554885404,286,2,50,0.5,0.5,0.5,genetic,stochastic,stochastic,0.05,10
1079,591,830,0.5735138140508603,0.8655447222943387,0.8583357001670303,8.386468952734013,4.3367174280879865,7.7626506024096384,287,2,50,0.5,0.5,0.5,genetic,stochastic,stochastic,0.05,10
1080,585,835,0.5728524674739818,0.8624433694734914,0.8613991479134909,8.575925925925926,4.488888888888889,7.620359281437126,288,2,50,0.5,0.5,0.5,genetic,stochastic,stochastic,0.05,10
1068,576,856,0.5725099005156236,0.8609099195012624,0.859700474894469,8.780898876404494,4.694444444444445,7.65303738317757,289,2,50,0.5,0.5,0.5,genetic,stochastic,stochastic,0.05,10
1069,577,854,0.5742160333537495,0.8590594660523684,0.8644848345470367,8.903648269410665,4.835355285961872,7.730679156908665,290,2,50,0.5,0.5,0.5,genetic,stochastic,stochastic,0.05,10
1034,606,860,0.574429292709628,0.8566391117720313,0.8683643659419451,9.090909090909092,4.759075907590759,7.7011627906976745,291,2,50,0.5,0.5,0.5,genetic,stochastic,stochastic,0.05,10
1005,619,876,0.5750354094587721,0.855008073422218,0.8681531611850728,9.093532338308458,4.759289176090468,7.737442922374429,292,2,50,0.5,0.5,0.5,genetic,stochastic,stochastic,0.05,10
967,644,889,0.5744466244706727,0.8543568587859888,0.8703035882919792,9.144777662874871,4.687888198757764,7.600674915635546,293,2,50,0.5,0.5,0.5,genetic,stochastic,stochastic,0.05,10
923,669,908,0.5753664770006331,0.8536194711961484,0.8760183567215084,9.173347778981581,4.724962630792227,7.526431718061674,294,2,50,0.5,0.5,0.5,genetic,stochastic,stochastic,0.05,10
908,690,902,0.5742698201371866,0.8537164879709485,0.8755330816068919,8.83920704845815,4.752173913043478,7.402439024390244,295,2,50,0.5,0.5,0.5,genetic,stochastic,stochastic,0.05,10
869,742,889,0.5741674130818385,0.8561053481308006,0.8750939163377889,8.654775604142692,4.800539083557951,7.589426321709786,296,2,50,0.5,0.5,0.5,genetic,stochastic,stochastic,0.05,10
835,791,874,0.5752062141018183,0.8613954530118452,0.8739151537927956,8.304191616766467,4.820480404551201,7.725400457665904,297,2,50,0.5,0.5,0.5,genetic,stochastic,stochastic,0.05,10
823,770,907,0.5770922136488184,0.8626495322238462,0.8741929617497187,8.17861482381531,5.015584415584415,7.527012127894157,298,2,50,0.5,0.5,0.5,genetic,stochastic,stochastic,0.05,10
809,758,933,0.5765292036375387,0.8611325083504461,0.8735827829837551,7.715698393077874,5.1569920844327175,7.339764201500536,299,2,50,0.5,0.5,0.5,genetic,stochastic,stochastic,0.05,10
809,742,949,0.577996648402627,0.8650408994605714,0.8727305281393035,7.600741656365884,5.370619946091645,7.477344573234984,300,2,50,0.5,0.5,0.5,genetic,stochastic,stochastic,0.05,10
796,726,978,0.5804271705378969,0.866131658700985,0.8684701514926291,7.4120603015075375,5.402203856749312,7.438650306748467,301,2,50,0.5,0.5,0.5,genetic,stochastic,stochastic,0.05,10
788,706,1006,0.5819642030919037,0.8726836952032263,0.8673077244156315,7.208121827411167,5.31586402266289,7.330019880715706,302,2,50,0.5,0.5,0.5,genetic,stochastic,stochastic,0.05,10
810,698,992,0.5850876220892985,0.8749044524535478,0.867586909958775,6.822222222222222,5.369627507163324,7.307459677419355,303,2,50,0.5,0.5,0.5,genetic,stochastic,stochastic,0.05,10
832,683,985,0.5860697876075555,0.8770424649112529,0.8676575380239556,6.538461538461538,5.3953147877013174,7.420304568527919,304,2,50,0.5,0.5,0.5,genetic,stochastic,stochastic,0.05,10
837,671,992,0.5868811801654661,0.8769973638766544,0.8635580907332172,6.338112305854241,5.2935916542473915,7.401209677419355,305,2,50,0.5,0.5,0.5,genetic,stochastic,stochastic,0.05,10
831,674,995,0.5875371870627522,0.8747446276381047,0.8639144291460468,6.358604091456077,5.259643916913946,7.335678391959799,306,2,50,0.5,0.5,0.5,genetic,stochastic,stochastic,0.05,10
860,652,988,0.5882744796322762,0.8766337917365823,0.8599170913205452,6.315116279069767,5.492331288343558,7.324898785425101,307,2,50,0.5,0.5,0.5,genetic,stochastic,stochastic,0.05,10
853,654,993,0.5878544587885228,0.8731966795523931,0.8594862737125256,6.465416178194607,5.507645259938838,7.518630412890231,308,2,50,0.5,0.5,0.5,genetic,stochastic,stochastic,0.05,10
871,617,1012,0.5865238411327744,0.8741065225684076,0.856093942426658,6.538461538461538,5.5008103727714746,7.433794466403162,309,2,50,0.5,0.5,0.5,genetic,stochastic,stochastic,0.05,10
880,625,995,0.5877392754563135,0.8738512609255426,0.8564183497216116,6.6284090909090905,5.5616,7.593969849246231,310,2,50,0.5,0.5,0.5,genetic,stochastic,stochastic,0.05,10
869,624,1007,0.5900228677000176,0.8697320886381368,0.8525888397865272,6.676639815880322,5.30448717948718,7.519364448857994,311,2,50,0.5,0.5,0.5,genetic,stochastic,stochastic,0.05,10
833,630,1037,0.5877658638148122,0.8649129116281404,0.8512553734798209,6.951980792316927,5.261904761904762,7.537126325940212,312,2,50,0.5,0.5,0.5,genetic,stochastic,stochastic,0.05,10
829,613,1058,0.5886232064067607,0.8602870875015195,0.8478469226139881,6.884197828709288,5.283849918433932,7.513232514177694,313,2,50,0.5,0.5,0.5,genetic,stochastic,stochastic,0.05,10
814,618,1068,0.5873592714991799,0.8599913600048895,0.8441444280480995,6.966830466830467,5.142394822006472,7.617977528089888,314,2,50,0.5,0.5,0.5,genetic,stochastic,stochastic,0.05,10
810,616,1074,0.5890787125910996,0.8632027109145032,0.8431073081129429,7.006172839506172,5.084415584415584,7.527001862197393,315,2,50,0.5,0.5,0.5,genetic,stochastic,stochastic,0.05,10
773,632,1095,0.5894690283838608,0.8642447352933703,0.844862559267002,6.754204398447607,4.8275316455696204,7.644748858447489,316,2,50,0.5,0.5,0.5,genetic,stochastic,stochastic,0.05,10
740,628,1132,0.5893050325629837,0.8658289385671478,0.8447802380984692,6.82027027027027,4.764331210191083,7.714664310954063,317,2,50,0.5,0.5,0.5,genetic,stochastic,stochastic,0.05,10
705,609,1186,0.5900301001740593,0.8677646587431521,0.8456667563116,6.853900709219858,4.832512315270936,7.867622259696459,318,2,50,0.5,0.5,0.5,genetic,stochastic,stochastic,0.05,10
715,598,1187,0.5893343087108376,0.8677868625440767,0.8492496931021116,6.752447552447553,4.7675585284280935,7.97893850042123,319,2,50,0.5,0.5,0.5,genetic,stochastic,stochastic,0.05,10
722,600,1178,0.5910664328037629,0.8666471708530097,0.8494521986171812,6.4390581717451525,4.8116666666666665,8.134974533106961,320,2,50,0.5,0.5,0.5,genetic,stochastic,stochastic,0.05,10
731,590,1179,0.5920966315373415,0.8711996840665329,0.849717825792269,6.162790697674419,4.7677966101694915,8.344359626802374,321,2,50,0.5,0.5,0.5,genetic,stochastic,stochastic,0.05,10
752,569,1179,0.5931643287632439,0.8700956190573989,0.8513237851165468,6.110372340425532,4.8558875219683655,8.440203562340967,322,2,50,0.5,0.5,0.5,genetic,stochastic,stochastic,0.05,10
762,542,1196,0.5942888034490122,0.8697409755641066,0.8517885179860973,6.288713910761155,4.985239852398524,8.623745819397993,323,2,50,0.5,0.5,0.5,genetic,stochastic,stochastic,0.05,10
785,544,1171,0.5951229492157587,0.8667106905659817,0.8521393743079799,6.1528662420382165,4.873161764705882,8.84201537147737,324,2,50,0.5,0.5,0.5,genetic,stochastic,stochastic,0.05,10
832,496,1172,0.5934994447575919,0.855574649130899,0.8526060662075742,6.1875,5.070564516129032,8.802901023890785,325,2,50,0.5,0.5,0.5,genetic,stochastic,stochastic,0.05,10
873,464,1163,0.5937634669942568,0.8462440155584476,0.8544235967559181,6.150057273768614,4.987068965517241,8.938091143594153,326,2,50,0.5,0.5,0.5,genetic,stochastic,stochastic,0.05,10
909,471,1120,0.5967401996438599,0.8445022333094555,0.8567286172663728,6.058305830583058,4.9384288747346075,9.175,327,2,50,0.5,0.5,0.5,genetic,stochastic,stochastic,0.05,10
933,463,1104,0.595510775295261,0.8380853698724188,0.8559390051843384,6.137191854233655,4.8120950323974085,9.303442028985508,328,2,50,0.5,0.5,0.5,genetic,stochastic,stochastic,0.05,10
965,457,1078,0.5970502641534506,0.8317817447636846,0.8584804475061197,6.3129533678756475,4.842450765864332,9.552875695732839,329,2,50,0.5,0.5,0.5,genetic,stochastic,stochastic,0.05,10
1000,452,1048,0.5979143764943301,0.8270701229986792,0.8587046614070836,6.503,4.752212389380531,9.588740458015268,330,2,50,0.5,0.5,0.5,genetic,stochastic,stochastic,0.05,10
1045,447,1008,0.5997379309279963,0.8276176651437873,0.8617359864941373,6.5799043062200955,4.469798657718121,9.500992063492063,331,2,50,0.5,0.5,0.5,genetic,stochastic,stochastic,0.05,10
1054,478,968,0.6006410577281498,0.8292640866487673,0.8640099395780173,6.875711574952562,4.46652719665272,9.576446280991735,332,2,50,0.5,0.5,0.5,genetic,stochastic,stochastic,0.05,10
1099,498,903,0.6018988295895641,0.8379706562501188,0.8683455865783112,7.029117379435851,4.644578313253012,9.682170542635658,333,2,50,0.5,0.5,0.5,genetic,stochastic,stochastic,0.05,10
1101,536,863,0.6021791707164105,0.8336252796563914,0.8721470630988789,7.25794732061762,4.744402985074627,9.706836616454229,334,2,50,0.5,0.5,0.5,genetic,stochastic,stochastic,0.05,10
1123,561,816,0.6026834420130763,0.8307351574575061,0.8779104455032904,7.416740872662511,4.750445632798574,9.511029411764707,335,2,50,0.5,0.5,0.5,genetic,stochastic,stochastic,0.05,10
1148,560,792,0.6025244831275783,0.832311674116307,0.8826640701052187,7.575783972125436,4.771428571428571,8.857323232323232,336,2,50,0.5,0.5,0.5,genetic,stochastic,stochastic,0.05,10
1167,552,781,0.6016563937466002,0.827966823179728,0.8820717242570725,7.850899742930591,4.8731884057971016,8.558258642765685,337,2,50,0.5,0.5,0.5,genetic,stochastic,stochastic,0.05,10
1194,513,793,0.6023088702192854,0.8248600034454185,0.8835842784786325,8.068676716917922,4.87719298245614,7.920554854981084,338,2,50,0.5,0.5,0.5,genetic,stochastic,stochastic,0.05,10
1208,500,792,0.6022607663361232,0.829246266216057,0.8832807823394052,8.403973509933774,4.85,7.575757575757576,339,2,50,0.5,0.5,0.5,genetic,stochastic,stochastic,0.05,10
1207,510,783,0.6025318605247834,0.8337893569560693,0.8859649311253214,8.56172328086164,4.692156862745098,7.237547892720307,340,2,50,0.5,0.5,0.5,genetic,stochastic,stochastic,0.05,10
1203,511,786,0.6023825449014356,0.8339169876534085,0.886442991190969,8.903574397339984,4.6614481409001955,6.993638676844784,341,2,50,0.5,0.5,0.5,genetic,stochastic,stochastic,0.05,10
1209,526,765,0.6012457498867935,0.8361978781550088,0.8874589006503114,8.747725392886684,4.4600760456273765,6.734640522875817,342,2,50,0.5,0.5,0.5,genetic,stochastic,stochastic,0.05,10
1194,559,747,0.6029720429169475,0.8402446400718279,0.885400233507256,8.899497487437186,4.305903398926655,6.5595716198125835,343,2,50,0.5,0.5,0.5,genetic,stochastic,stochastic,0.05,10
1166,577,757,0.6035470616891463,0.8471985766491501,0.8834969488063559,9.214408233276158,4.211438474870017,6.533685601056803,344,2,50,0.5,0.5,0.5,genetic,stochastic,stochastic,0.05,10
1132,611,757,0.604686898094114,0.8506657726636593,0.8840897574245478,9.38250883392226,4.212765957446808,6.574636723910172,345,2,50,0.5,0.5,0.5,genetic,stochastic,stochastic,0.05,10
1110,644,746,0.604720169563691,0.854268667146694,0.884728054505018,9.434234234234234,4.361801242236025,6.837801608579088,346,2,50,0.5,0.5,0.5,genetic,stochastic,stochastic,0.05,10
1031,678,791,0.6050678112960902,0.8612081982805126,0.886292315703269,9.799224054316198,4.311209439528024,6.700379266750948,347,2,50,0.5,0.5,0.5,genetic,stochastic,stochastic,0.05,10
1012,673,815,0.6064257940688363,0.8634696018103801,0.8872428759666262,9.792490118577074,4.315007429420505,6.595092024539877,348,2,50,0.5,0.5,0.5,genetic,stochastic,stochastic,0.05,10
955,736,809,0.6077867399960931,0.8637278190969951,0.8870975892219218,9.61675392670157,4.230978260869565,6.859085290482077,349,2,50,0.5,0.5,0.5,genetic,stochastic,stochastic,0.05,10
894,766,840,0.6090489911268835,0.8638717335547705,0.8852256931759169,9.599552572706935,4.293733681462141,6.9,350,2,50,0.5,0.5,0.5,genetic,stochastic,stochastic,0.05,10
848,775,877,0.6079855333290894,0.8632365167884458,0.8862941039467513,9.443396226415095,4.516129032258065,6.997719498289624,351,2,50,0.5,0.5,0.5,genetic,stochastic,stochastic,0.05,10
801,814,885,0.6068393184348974,0.8593772954065299,0.8827713635791998,8.935081148564295,4.542997542997543,7.214689265536723,352,2,50,0.5,0.5,0.5,genetic,stochastic,stochastic,0.05,10
764,818,918,0.6044535923711838,0.8605175851941672,0.8809439870419205,8.55497382198953,4.685819070904645,7.203703703703703,353,2,50,0.5,0.5,0.5,genetic,stochastic,stochastic,0.05,10
739,828,933,0.6020748504327466,0.8595725764520382,0.8753169937590024,8.273342354533153,4.8478260869565215,7.266881028938907,354,2,50,0.5,0.5,0.5,genetic,stochastic,stochastic,0.05,10
744,787,969,0.6012344058162805,0.8575767335543846,0.8774215608359285,7.895161290322581,5.118170266836087,7.03405572755418,355,2,50,0.5,0.5,0.5,genetic,stochastic,stochastic,0.05,10
777,758,965,0.6013615685301347,0.858844408059425,0.87657221112492,7.175032175032175,5.336411609498681,6.94300518134715,356,2,50,0.5,0.5,0.5,genetic,stochastic,stochastic,0.05,10
770,744,986,0.6038793699496081,0.8609092658792656,0.8742519350693283,6.820779220779221,5.560483870967742,7.060851926977688,357,2,50,0.5,0.5,0.5,genetic,stochastic,stochastic,0.05,10
831,694,975,0.6062400011328879,0.865825950897648,0.8732583545348682,6.475330926594465,5.867435158501441,6.78051282051282,358,2,50,0.5,0.5,0.5,genetic,stochastic,stochastic,0.05,10
840,663,997,0.6055022323822914,0.8661462253097867,0.8746926337010286,6.389285714285714,5.8431372549019605,6.5837512537612835,359,2,50,0.5,0.5,0.5,genetic,stochastic,stochastic,0.05,10
850,628,1022,0.6065357018892877,0.8657114013761368,0.8753523225341907,6.2564705882352944,5.848726114649682,6.463796477495108,360,2,50,0.5,0.5,0.5,genetic,stochastic,stochastic,0.05,10
899,579,1022,0.6066798503665153,0.8609666105549617,0.8771931590376886,6.364849833147942,6.07426597582038,6.511741682974559,361,2,50,0.5,0.5,0.5,genetic,stochastic,stochastic,0.05,10
941,547,1012,0.6062179975826795,0.8586910854300874,0.8734913598635478,6.615302869287992,6.03473491773309,6.5978260869565215,362,2,50,0.5,0.5,0.5,genetic,stochastic,stochastic,0.05,10
965,520,1015,0.6064518975859997,0.8583921191423549,0.8687328833792191,6.763730569948186,5.869230769230769,6.706403940886699,363,2,50,0.5,0.5,0.5,genetic,stochastic,stochastic,0.05,10
998,480,1022,0.6078700391716465,0.8547831614866624,0.869191230133623,6.945891783567134,5.739583333333333,6.636007827788649,364,2,50,0.5,0.5,0.5,genetic,stochastic,stochastic,0.05,10
1018,486,996,0.60879621345889,0.8453546123564455,0.86572945282675,7.097249508840864,5.450617283950617,6.9417670682730925,365,2,50,0.5,0.5,0.5,genetic,stochastic,stochastic,0.05,10
1055,484,961,0.6111631648336779,0.8443861609943728,0.8656173300551983,7.155450236966825,5.090909090909091,7.043704474505724,366,2,50,0.5,0.5,0.5,genetic,stochastic,stochastic,0.05,10
1031,508,961,0.6122092962836256,0.8448253815297744,0.862451205030204,7.397672162948593,4.468503937007874,7.126951092611862,367,2,50,0.5,0.5,0.5,genetic,stochastic,stochastic,0.05,10
1043,532,925,0.6132802854811051,0.8497519998357577,0.8631493054079685,7.313518696069032,4.077067669172933,7.282162162162162,368,2,50,0.5,0.5,0.5,genetic,stochastic,stochastic,0.05,10
1027,606,867,0.614475361911157,0.8417782134199467,0.8656160011585129,7.286270691333982,3.8993399339933994,7.462514417531718,369,2,50,0.5,0.5,0.5,genetic,stochastic,stochastic,0.05,10
1016,640,844,0.6165501843486223,0.8481553621787696,0.8607117833346295,7.1387795275590555,3.9796875,7.507109004739337,370,2,50,0.5,0.5,0.5,genetic,stochastic,stochastic,0.05,10
994,681,825,0.6204204985464244,0.8460038712475441,0.8619298260305207,6.9678068410462775,4.227606461086637,7.574545454545454,371,2,50,0.5,0.5,0.5,genetic,stochastic,stochastic,0.05,10
1007,679,814,0.6222463193088379,0.8449839615796391,0.8613372105560455,6.82720953326713,4.488954344624448,7.287469287469287,372,2,50,0.5,0.5,0.5,genetic,stochastic,stochastic,0.05,10
1026,690,784,0.6227361170287036,0.8448603512049672,0.8610390720087584,6.76803118908382,4.665217391304348,7.191326530612245,373,2,50,0.5,0.5,0.5,genetic,stochastic,stochastic,0.05,10
1032,704,764,0.6236401469921239,0.8464512193936756,0.8694790353761289,6.7936046511627906,4.779829545454546,7.121727748691099,374,2,50,0.5,0.5,0.5,genetic,stochastic,stochastic,0.05,10
1026,727,747,0.6231345577298781,0.847169312071118,0.870659949205133,6.932748538011696,4.995873452544704,6.867469879518072,375,2,50,0.5,0.5,0.5,genetic,stochastic,stochastic,0.05,10
1016,720,764,0.6234290131353228,0.8467856852648613,0.8727197443549436,7.080708661417323,5.0152777777777775,6.4856020942408374,376,2,50,0.5,0.5,0.5,genetic,stochastic,stochastic,0.05,10
995,709,796,0.6230728823941607,0.8501292113316368,0.8710520629415222,7.165829145728643,4.946403385049365,5.991206030150754,377,2,50,0.5,0.5,0.5,genetic,stochastic,stochastic,0.05,10
953,732,815,0.6262207390150167,0.847740002347881,0.8749328833999394,7.322140608604407,4.905737704918033,5.850306748466258,378,2,50,0.5,0.5,0.5,genetic,stochastic,stochastic,0.05,10
905,737,858,0.6261684374881465,0.8486836282704693,0.877053219727281,7.432044198895028,4.87516960651289,5.82983682983683,379,2,50,0.5,0.5,0.5,genetic,stochastic,stochastic,0.05,10
875,726,899,0.6262182595497107,0.850840261804655,0.8756871008954358,7.454857142857143,4.8911845730027546,5.860956618464961,380,2,50,0.5,0.5,0.5,genetic,stochastic,stochastic,0.05,10
852,718,930,0.6280754326641367,0.8546833946211501,0.8752986099445179,7.339201877934272,4.938718662952646,5.927956989247312,381,2,50,0.5,0.5,0.5,genetic,stochastic,stochastic,0.05,10
837,722,941,0.6266421763728574,0.8562857623659486,0.8736641327222813,7.17921146953405,4.919667590027701,6.106269925611052,382,2,50,0.5,0.5,0.5,genetic,stochastic,stochastic,0.05,10
820,717,963,0.6297374543046628,0.8541820496652104,0.8752881792657412,6.984146341463415,4.9428172942817294,6.107995846313603,383,2,50,0.5,0.5,0.5,genetic,stochastic,stochastic,0.05,10
813,698,989,0.6324427443722621,0.8532307422209126,0.8781874478972105,6.851168511685117,5.1461318051575935,6.202224469160768,384,2,50,0.5,0.5,0.5,genetic,stochastic,stochastic,0.05,10
824,676,1000,0.6329035199861424,0.8506797311689929,0.8789046846905431,6.747572815533981,5.4985207100591715,6.398,385,2,50,0.5,0.5,0.5,genetic,stochastic,stochastic,0.05,10
831,651,1018,0.6331016875132828,0.845663501986373,0.8769405613832055,6.675090252707581,5.546850998463902,6.593320235756385,386,2,50,0.5,0.5,0.5,genetic,stochastic,stochastic,0.05,10
879,613,1008,0.6335795554548235,0.8468432237769904,0.8736293081393073,6.693970420932878,5.67699836867863,6.721230158730159,387,2,50,0.5,0.5,0.5,genetic,stochastic,stochastic,0.05,10
933,591,976,0.6342844597329933,0.8461232559296488,0.8730802037988592,6.457663451232583,5.683587140439933,6.843237704918033,388,2,50,0.5,0.5,0.5,genetic,stochastic,stochastic,0.05,10
963,595,942,0.6325031823674997,0.8421242620015268,0.8748301282324387,6.358255451713395,5.61344537815126,6.943736730360934,389,2,50,0.5,0.5,0.5,genetic,stochastic,stochastic,0.05,10
988,612,900,0.6298790783252061,0.8433384318070931,0.870061380339584,6.365384615384615,5.439542483660131,7.176666666666667,390,2,50,0.5,0.5,0.5,genetic,stochastic,stochastic,0.05,10
1008,616,876,0.6311175568286028,0.8381652654362575,0.8728091837802737,6.3313492063492065,5.413961038961039,7.001141552511416,391,2,50,0.5,0.5,0.5,genetic,stochastic,stochastic,0.05,10
1048,612,840,0.6331825876754037,0.8378346826982258,0.8716075145750859,6.4284351145038165,5.393790849673203,6.920238095238095,392,2,50,0.5,0.5,0.5,genetic,stochastic,stochastic,0.05,10
1077,609,814,0.6347548893616042,0.8353002977238719,0.8717688338604939,6.450324976787372,5.444991789819376,6.608108108108108,393,2,50,0.5,0.5,0.5,genetic,stochastic,stochastic,0.05,10
1075,628,797,0.6366795801084956,0.8423022444552055,0.8712661911320773,6.793488372093023,5.39171974522293,6.614805520702635,394,2,50,0.5,0.5,0.5,genetic,stochastic,stochastic,0.05,10
1085,633,782,0.6357643099828628,0.8420466996733124,0.8742567604213372,6.908755760368663,5.472353870458136,6.448849104859335,395,2,50,0.5,0.5,0.5,genetic,stochastic,stochastic,0.05,10
1092,647,761,0.6366415948354378,0.8424672053615286,0.874948662825385,6.985347985347985,5.497681607418857,6.513797634691196,396,2,50,0.5,0.5,0.5,genetic,stochastic,stochastic,0.05,10
1101,655,744,0.6388689110276785,0.8467898615663657,0.87265253011469,7.1244323342415985,5.345038167938931,6.434139784946237,397,2,50,0.5,0.5,0.5,genetic,stochastic,stochastic,0.05,10
1066,687,747,0.6383267710789182,0.8535030058633274,0.873793190242103,7.26266416510319,5.250363901018923,6.443105756358769,398,2,50,0.5,0.5,0.5,genetic,stochastic,stochastic,0.05,10
1052,694,754,0.638079364803764,0.8510997357684997,0.8749999177131508,7.5893536121673,5.314121037463977,6.4190981432360745,399,2,50,0.5,0.5,0.5,genetic,stochastic,stochastic,0.05,10
1043,652,805,0.6376198640220365,0.8505407627940387,0.8775519503254089,7.850431447746884,5.21319018404908,6.120496894409938,400,2,50,0.5,0.5,0.5,genetic,stochastic,stochastic,0.05,10
1032,637,831,0.639964108643567,0.851926684118454,0.8767982597969889,8.1734496124031,5.2904238618524335,6.1985559566787005,401,2,50,0.5,0.5,0.5,genetic,stochastic,stochastic,0.05,10
994,618,888,0.6405761912331759,0.8494452391893978,0.8821075183396082,8.579476861167002,5.061488673139158,6.162162162162162,402,2,50,0.5,0.5,0.5,genetic,stochastic,stochastic,0.05,10
961,611,928,0.6418448618599837,0.8488040706354373,0.8865659056344374,8.9105098855359,5.121112929623568,6.336206896551724,403,2,50,0.5,0.5,0.5,genetic,stochastic,stochastic,0.05,10
928,610,962,0.641526725472133,0.8515977325389419,0.891298906701268,8.948275862068966,4.99344262295082,6.479209979209979,404,2,50,0.5,0.5,0.5,genetic,stochastic,stochastic,0.05,10
925,594,981,0.6414473366166311,0.8547100502348266,0.8946512449675282,8.989189189189188,4.890572390572391,6.532110091743119,405,2,50,0.5,0.5,0.5,genetic,stochastic,stochastic,0.05,10
937,585,978,0.6413464697011744,0.8518164966713804,0.8971030762622815,8.924226254002134,4.883760683760684,6.708588957055214,406,2,50,0.5,0.5,0.5,genetic,stochastic,stochastic,0.05,10
939,586,975,0.6400482878669819,0.855654154612753,0.8996566940479609,8.8136315228967,4.931740614334471,6.92,407,2,50,0.5,0.5,0.5,genetic,stochastic,stochastic,0.05,10
911,606,983,0.6413023703247467,0.8584279420456448,0.8992774845751909,8.792535675082327,4.87953795379538,7.238046795523906,408,2,50,0.5,0.5,0.5,genetic,stochastic,stochastic,0.05,10
915,624,961,0.6427353388646011,0.8674988438052571,0.8993905643929274,8.676502732240436,4.919871794871795,7.45993756503642,409,2,50,0.5,0.5,0.5,genetic,stochastic,stochastic,0.05,10
918,643,939,0.6433340788178628,0.8796683137253635,0.8998351244408063,8.312636165577342,4.7947122861586315,7.494142705005324,410,2,50,0.5,0.5,0.5,genetic,stochastic,stochastic,0.05,10
950,626,924,0.6424426833932694,0.8898083889157181,0.8999388439297447,8.265263157894736,4.936102236421725,7.619047619047619,411,2,50,0.5,0.5,0.5,genetic,stochastic,stochastic,0.05,10
1005,609,886,0.639920570519141,0.8917293626169669,0.8982500369458943,8.05771144278607,5.200328407224959,7.618510158013544,412,2,50,0.5,0.5,0.5,genetic,stochastic,stochastic,0.05,10
1018,604,878,0.6407017192590274,0.895492208391118,0.8962794555309955,7.906679764243615,5.216887417218543,7.44874715261959,413,2,50,0.5,0.5,0.5,genetic,stochastic,stochastic,0.05,10
1005,625,870,0.6399797114723789,0.89439455998692,0.8986258747789254,7.848756218905472,5.0272,7.258620689655173,414,2,50,0.5,0.5,0.5,genetic,stochastic,stochastic,0.05,10
1024,622,854,0.6416686383922019,0.898749232796901,0.8968969833812455,7.767578125,5.133440514469453,6.868852459016393,415,2,50,0.5,0.5,0.5,genetic,stochastic,stochastic,0.05,10
999,644,857,0.6400481116872346,0.8974415545188451,0.8971853797436544,7.734734734734735,4.891304347826087,6.842473745624271,416,2,50,0.5,0.5,0.5,genetic,stochastic,stochastic,0.05,10
970,667,863,0.6383718935128413,0.8921986044746003,0.8989284173057707,7.965979381443299,4.839580209895052,6.820393974507532,417,2,50,0.5,0.5,0.5,genetic,stochastic,stochastic,0.05,10
978,639,883,0.6378865825649306,0.8920582783870019,0.8987595503490534,8.212678936605316,4.987480438184663,6.578708946772367,418,2,50,0.5,0.5,0.5,genetic,stochastic,stochastic,0.05,10
981,628,891,0.6400332610566879,0.888281424175544,0.8983803924900252,8.109072375127422,4.931528662420382,6.572390572390573,419,2,50,0.5,0.5,0.5,genetic,stochastic,stochastic,0.05,10
989,625,886,0.6423309481608674,0.8806626826714039,0.8974185840260586,7.922143579373104,4.9728,6.586907449209932,420,2,50,0.5,0.5,0.5,genetic,stochastic,stochastic,0.05,10
967,649,884,0.6427021757203457,0.8799088505995261,0.8923100305270413,8.033092037228542,4.936825885978428,6.740950226244344,421,2,50,0.5,0.5,0.5,genetic,stochastic,stochastic,0.05,10
952,664,884,0.6437633830493724,0.8757585247834496,0.8904630402598069,7.908613445378151,4.838855421686747,6.826923076923077,422,2,50,0.5,0.5,0.5,genetic,stochastic,stochastic,0.05,10
930,704,866,0.6421875157271533,0.8706884329396836,0.890413995824244,7.72258064516129,4.698863636363637,6.8637413394919164,423,2,50,0.5,0.5,0.5,genetic,stochastic,stochastic,0.05,10
921,749,830,0.6435004752237177,0.8713230703144096,0.8892914866773443,7.516829533116178,4.7930574098798395,6.86144578313253,424,2,50,0.5,0.5,0.5,genetic,stochastic,stochastic,0.05,10
898,773,829,0.6432020117615694,0.8727994741156258,0.8904983150711523,7.251670378619154,4.851228978007762,6.774427020506635,425,2,50,0.5,0.5,0.5,genetic,stochastic,stochastic,0.05,10
914,786,800,0.6444483417853686,0.8758119793960624,0.8881427177150849,6.986870897155361,5.087786259541985,6.865,426,2,50,0.5,0.5,0.5,genetic,stochastic,stochastic,0.05,10
902,812,786,0.6478152312227071,0.8700469736862522,0.8831257685242093,6.709534368070954,5.213054187192118,6.955470737913486,427,2,50,0.5,0.5,0.5,genetic,stochastic,stochastic,0.05,10
890,834,776,0.6471421466842741,0.8660968876821719,0.8815077303676402,6.402247191011236,5.191846522781774,6.555412371134021,428,2,50,0.5,0.5,0.5,genetic,stochastic,stochastic,0.05,10
889,847,764,0.647074642046116,0.8615319290248197,0.8829874691411833,6.359955005624297,5.408500590318772,6.451570680628272,429,2,50,0.5,0.5,0.5,genetic,stochastic,stochastic,0.05,10
887,822,791,0.6460822609402754,0.8531075041692735,0.8839115167044079,6.28184892897407,5.64720194647202,6.049304677623262,430,2,50,0.5,0.5,0.5,genetic,stochastic,stochastic,0.05,10
866,785,849,0.6442897487917557,0.8428345082183551,0.8889272136758538,6.5080831408775985,5.803821656050955,5.833922261484099,431,2,50,0.5,0.5,0.5,genetic,stochastic,stochastic,0.05,10
877,711,912,0.6426978879267138,0.8381887062111655,0.8933447588451333,6.7730900798175595,5.850914205344585,5.640350877192983,432,2,50,0.5,0.5,0.5,genetic,stochastic,stochastic,0.05,10
880,649,971,0.642000622831377,0.834704569551566,0.8960778824529191,7.075,6.0416024653312785,5.6745623069001025,433,2,50,0.5,0.5,0.5,genetic,stochastic,stochastic,0.05,10
900,607,993,0.6443384163949218,0.8326155944549649,0.894846331822807,7.097777777777778,5.733113673805601,5.657603222557905,434,2,50,0.5,0.5,0.5,genetic,stochastic,stochastic,0.05,10
882,605,1013,0.6431735102022509,0.8288322694617567,0.8965442122669075,7.365079365079365,5.464462809917356,5.816386969397828,435,2,50,0.5,0.5,0.5,genetic,stochastic,stochastic,0.05,10
870,596,1034,0.6448249401139434,0.8279979131099245,0.8965113270775364,7.3517241379310345,5.184563758389261,5.963249516441006,436,2,50,0.5,0.5,0.5,genetic,stochastic,stochastic,0.05,10
850,617,1033,0.6472961933290453,0.8315476074303314,0.8955264285460885,7.395294117647059,4.977309562398704,6.223620522749274,437,2,50,0.5,0.5,0.5,genetic,stochastic,stochastic,0.05,10
859,616,1025,0.6473576117638767,0.8301684749922041,0.8962892402117685,7.218859138533178,4.810064935064935,6.438048780487805,438,2,50,0.5,0.5,0.5,genetic,stochastic,stochastic,0.05,10
867,619,1014,0.6460024805834031,0.829336631367365,0.8950988350269378,7.064590542099193,4.79967689822294,6.703155818540434,439,2,50,0.5,0.5,0.5,genetic,stochastic,stochastic,0.05,10
874,640,986,0.6487310526502448,0.8348891751222132,0.8978272448562217,6.617848970251716,4.809375,6.930020283975659,440,2,50,0.5,0.5,0.5,genetic,stochastic,stochastic,0.05,10
894,639,967,0.6497734450285676,0.83872520914238,0.8983770133452733,6.487695749440716,4.852895148669797,7.005170630816959,441,2,50,0.5,0.5,0.5,genetic,stochastic,stochastic,0.05,10
911,634,955,0.6498991745889028,0.8340017376267252,0.8994010647940819,6.261251372118551,5.009463722397476,7.064921465968586,442,2,50,0.5,0.5,0.5,genetic,stochastic,stochastic,0.05,10
906,638,956,0.6509336022940774,0.8373175904790111,0.898839313668468,6.210816777041942,4.929467084639499,7.0198744769874475,443,2,50,0.5,0.5,0.5,genetic,stochastic,stochastic,0.05,10
939,608,953,0.6506308306349037,0.8496760569183504,0.8966476551630569,6.267305644302449,4.947368421052632,6.924449108079748,444,2,50,0.5,0.5,0.5,genetic,stochastic,stochastic,0.05,10
931,618,951,0.6510596464065805,0.8562995664820043,0.8952618991423349,6.163265306122449,4.7540453074433655,6.817034700315458,445,2,50,0.5,0.5,0.5,genetic,stochastic,stochastic,0.05,10
914,632,954,0.6504604081964827,0.8592899894322373,0.8938771267302721,6.193654266958425,4.582278481012659,6.933962264150943,446,2,50,0.5,0.5,0.5,genetic,stochastic,stochastic,0.05,10
924,617,959,0.6510663661558305,0.8602320048824955,0.893782492503725,6.086580086580087,4.648298217179903,6.685088633993743,447,2,50,0.5,0.5,0.5,genetic,stochastic,stochastic,0.05,10
949,588,963,0.6521395644058737,0.8598232730412019,0.8965926434518012,6.0231822971549,4.6020408163265305,6.522326064382139,448,2,50,0.5,0.5,0.5,genetic,stochastic,stochastic,0.05,10
964,581,955,0.6518849123407531,0.8579854331715525,0.8975745236181853,6.127593360995851,4.741824440619621,6.518324607329843,449,2,50,0.5,0.5,0.5,genetic,stochastic,stochastic,0.05,10
975,558,967,0.6522690354651312,0.857995868564172,0.8963171931959203,6.33948717948718,4.969534050179211,6.501551189245088,450,2,50,0.5,0.5,0.5,genetic,stochastic,stochastic,0.05,10
1007,533,960,0.6526202060985965,0.8556389005570317,0.8954218020515576,6.441906653426018,5.00187617260788,6.357291666666667,451,2,50,0.5,0.5,0.5,genetic,stochastic,stochastic,0.05,10
1017,518,965,0.655055194313874,0.8536795255607974,0.892542610379217,6.734513274336283,4.94980694980695,6.539896373056995,452,2,50,0.5,0.5,0.5,genetic,stochastic,stochastic,0.05,10
1012,520,968,0.6566780178438608,0.8572838535272485,0.8931193425317453,6.972332015810276,4.7288461538461535,6.68904958677686,453,2,50,0.5,0.5,0.5,genetic,stochastic,stochastic,0.05,10
1035,522,943,0.6578902409854513,0.8575484628317994,0.8920146438505802,6.977777777777778,4.662835249042145,6.934252386002121,454,2,50,0.5,0.5,0.5,genetic,stochastic,stochastic,0.05,10
1076,531,893,0.6573613149827487,0.8593347598657664,0.8901625924125633,6.993494423791821,4.489642184557439,7.109742441209407,455,2,50,0.5,0.5,0.5,genetic,stochastic,stochastic,0.05,10
1092,537,871,0.657627754381803,0.867155077872909,0.889574655808075,7.095238095238095,4.577281191806332,7.222732491389208,456,2,50,0.5,0.5,0.5,genetic,stochastic,stochastic,0.05,10
1111,547,842,0.6587242390419603,0.8660411296275613,0.8886113778617284,7.104410441044104,4.676416819012797,7.300475059382423,457,2,50,0.5,0.5,0.5,genetic,stochastic,stochastic,0.05,10
1126,572,802,0.6599004195099129,0.8669794246115948,0.8925172361826578,7.106571936056838,4.739510489510489,7.420199501246882,458,2,50,0.5,0.5,0.5,genetic,stochastic,stochastic,0.05,10
1135,581,784,0.6622623786699917,0.8640523825129192,0.8944680809478196,7.201762114537445,4.74526678141136,7.364795918367347,459,2,50,0.5,0.5,0.5,genetic,stochastic,stochastic,0.05,10
1129,596,775,0.6637169746918546,0.8608342912321251,0.8959456004902433,7.4348981399468554,4.8389261744966445,7.3187096774193545,460,2,50,0.5,0.5,0.5,genetic,stochastic,stochastic,0.05,10
1131,585,784,0.6642980894234682,0.8595358111328263,0.897184793593038,7.628647214854111,4.863247863247863,7.145408163265306,461,2,50,0.5,0.5,0.5,genetic,stochastic,stochastic,0.05,10
1119,605,776,0.6659396292738935,0.8605981614605613,0.8996954524936457,7.758713136729223,4.938842975206612,7.225515463917525,462,2,50,0.5,0.5,0.5,genetic,stochastic,stochastic,0.05,10
1124,598,778,0.6665641051424338,0.8640054109405347,0.9046360001022329,7.943060498220641,5.090301003344481,7.1015424164524426,463,2,50,0.5,0.5,0.5,genetic,stochastic,stochastic,0.05,10
1109,645,746,0.667664129281413,0.8642844334678979,0.9049706464160782,7.927862939585212,4.972093023255814,7.180965147453083,464,2,50,0.5,0.5,0.5,genetic,stochastic,stochastic,0.05,10
1103,662,735,0.6676019659586413,0.8669746778245063,0.9036602812133162,7.942883046237534,4.854984894259819,7.0476190476190474,465,2,50,0.5,0.5,0.5,genetic,stochastic,stochastic,0.05,10
1055,697,748,0.670219188637133,0.8660781467324474,0.9008665205103111,7.96303317535545,4.700143472022956,6.800802139037433,466,2,50,0.5,0.5,0.5,genetic,stochastic,stochastic,0.05,10
1013,740,747,0.6720892013823717,0.8662993144823774,0.9033810334083449,8.091806515301085,4.667567567567567,6.9410977242302545,467,2,50,0.5,0.5,0.5,genetic,stochastic,stochastic,0.05,10
995,767,738,0.6710352748268663,0.8664186868020288,0.9046612190756714,7.983919597989949,4.8213820078226854,6.684281842818428,468,2,50,0.5,0.5,0.5,genetic,stochastic,stochastic,0.05,10
985,806,709,0.6708884588760728,0.8664261104690745,0.9035600611575549,7.695431472081219,4.811414392059554,6.502115655853315,469,2,50,0.5,0.5,0.5,genetic,stochastic,stochastic,0.05,10
983,839,678,0.6704825508784298,0.8683817536651527,0.903244715674553,7.494404883011191,5.0631704410011915,6.464601769911504,470,2,50,0.5,0.5,0.5,genetic,stochastic,stochastic,0.05,10
959,877,664,0.6718251553265069,0.8653810724856428,0.9007118445501713,7.21689259645464,5.19042189281642,6.368975903614458,471,2,50,0.5,0.5,0.5,genetic,stochastic,stochastic,0.05,10
917,946,637,0.6708263749517948,0.8636011945627295,0.8934295772749028,6.919302071973828,5.281183932346723,6.260596546310832,472,2,50,0.5,0.5,0.5,genetic,stochastic,stochastic,0.05,10
909,951,640,0.6703397160214978,0.8624844178480868,0.8889322616919078,6.871287128712871,5.532071503680337,6.0375,473,2,50,0.5,0.5,0.5,genetic,stochastic,stochastic,0.05,10
880,963,657,0.67278888566546,0.8585292918031197,0.885090301285179,6.7102272727272725,5.697819314641745,5.634703196347032,474,2,50,0.5,0.5,0.5,genetic,stochastic,stochastic,0.05,10
861,980,659,0.6732821582158507,0.8563850942124991,0.8832267365248454,6.630662020905923,5.866326530612245,5.458270106221548,475,2,50,0.5,0.5,0.5,genetic,stochastic,stochastic,0.05,10
829,978,693,0.6732380721759544,0.8528681435287359,0.8838509687503462,6.496984318455971,5.950920245398773,5.0476190476190474,476,2,50,0.5,0.5,0.5,genetic,stochastic,stochastic,0.05,10
803,930,767,0.6736769396240045,0.8550668589959702,0.8845365178072341,6.523038605230386,6.155913978494624,4.835723598435463,477,2,50,0.5,0.5,0.5,genetic,stochastic,stochastic,0.05,10
788,912,800,0.6765285506270122,0.8557083508496789,0.8827993762900668,6.445431472081219,6.233552631578948,4.7875,478,2,50,0.5,0.5,0.5,genetic,stochastic,stochastic,0.05,10
769,879,852,0.6777318052665474,0.8628036050874759,0.8820710338349579,6.263979193758128,6.251422070534699,4.71830985915493,479,2,50,0.5,0.5,0.5,genetic,stochastic,stochastic,0.05,10
746,849,905,0.6776531680643743,0.8695430447997545,0.8812409830269643,6.100536193029491,6.179034157832745,4.8397790055248615,480,2,50,0.5,0.5,0.5,genetic,stochastic,stochastic,0.05,10
710,826,964,0.6822024447196927,0.8763375858282197,0.8813087080439078,6.002816901408451,5.932203389830509,4.936721991701245,481,2,50,0.5,0.5,0.5,genetic,stochastic,stochastic,0.05,10
703,783,1014,0.6834942324596434,0.8822987879788874,0.8802569603882173,6.0625889046941674,5.945083014048532,5.151873767258382,482,2,50,0.5,0.5,0.5,genetic,stochastic,stochastic,0.05,10
734,726,1040,0.6870868453518496,0.888281525732263,0.8783103014079491,5.950953678474114,6.0,5.3307692307692305,483,2,50,0.5,0.5,0.5,genetic,stochastic,stochastic,0.05,10
756,706,1038,0.6896265983503772,0.886951343388408,0.8770082051774978,5.849206349206349,5.919263456090651,5.621387283236994,484,2,50,0.5,0.5,0.5,genetic,stochastic,stochastic,0.05,10
769,677,1054,0.689117212647126,0.886032219020125,0.8756702208957327,5.64629388816645,5.816838995568685,5.8007590132827325,485,2,50,0.5,0.5,0.5,genetic,stochastic,stochastic,0.05,10
801,647,1052,0.6882897391029789,0.8796102109611977,0.8742539656704177,5.722846441947565,5.959814528593508,6.153992395437262,486,2,50,0.5,0.5,0.5,genetic,stochastic,stochastic,0.05,10
839,597,1064,0.6886465827858275,0.8734276092435744,0.8732836113246524,5.812872467222884,6.008375209380235,6.243421052631579,487,2,50,0.5,0.5,0.5,genetic,stochastic,stochastic,0.05,10
844,584,1072,0.6903415810265824,0.8658830293622846,0.8757784826701757,5.898104265402844,5.779109589041096,6.499067164179104,488,2,50,0.5,0.5,0.5,genetic,stochastic,stochastic,0.05,10
900,549,1051,0.6896167590572257,0.8628875369392738,0.8772125593769182,5.914444444444444,5.7249544626593805,6.628924833491912,489,2,50,0.5,0.5,0.5,genetic,stochastic,stochastic,0.05,10
929,534,1037,0.6912475738919234,0.8520594975527547,0.879675114140258,6.054897739504844,5.49812734082397,6.793635486981678,490,2,50,0.5,0.5,0.5,genetic,stochastic,stochastic,0.05,10
918,539,1043,0.6911037939677143,0.8354182221276366,0.8812275464512429,6.323529411764706,5.326530612244898,6.956855225311601,491,2,50,0.5,0.5,0.5,genetic,stochastic,stochastic,0.05,10
940,543,1017,0.6918766494117319,0.8224887286589554,0.8805190240920467,6.285106382978723,5.112338858195212,7.109144542772861,492,2,50,0.5,0.5,0.5,genetic,stochastic,stochastic,0.05,10
979,510,1011,0.691127672019918,0.810365537988718,0.8820934651002805,6.303370786516854,4.921568627450981,7.142433234421365,493,2,50,0.5,0.5,0.5,genetic,stochastic,stochastic,0.05,10
990,517,993,0.6917002676468251,0.7957357776838144,0.8828782373294612,6.344444444444444,4.7369439071566735,7.294058408862035,494,2,50,0.5,0.5,0.5,genetic,stochastic,stochastic,0.05,10
999,518,983,0.6908701228827532,0.7867136130880219,0.8835084292722131,6.406406406406407,4.664092664092664,7.328585961342828,495,2,50,0.5,0.5,0.5,genetic,stochastic,stochastic,0.05,10
1043,538,919,0.6890082550755955,0.7902432289566891,0.8809646492715887,6.270373921380632,4.5427509293680295,7.309031556039173,496,2,50,0.5,0.5,0.5,genetic,stochastic,stochastic,0.05,10
1053,585,862,0.6894344601382343,0.7866641740846516,0.8792468682421112,6.3076923076923075,4.584615384615384,7.583526682134571,497,2,50,0.5,0.5,0.5,genetic,stochastic,stochastic,0.05,10
1057,623,820,0.6914184648693357,0.7916943520275812,0.8764410803217328,6.289498580889309,4.654895666131621,7.785365853658536,498,2,50,0.5,0.5,0.5,genetic,stochastic,stochastic,0.05,10
1042,630,828,0.6930590199755957,0.7962966646314128,0.8730744479008277,6.490403071017274,4.682539682539683,7.582125603864735,499,2,50,0.5,0.5,0.5,genetic,stochastic,stochastic,0.05,10
845,834,821,0.5,0.5,0.5,0.0,0.0,0.0,0,3,50,0.5,0.5,0.5,genetic,stochastic,stochastic,0.05,10
842,844,814,0.5000128799519294,0.5001269609188488,0.4992009373729232,1.0,1.0,1.0,1,3,50,0.5,0.5,0.5,genetic,stochastic,stochastic,0.05,10
845,840,815,0.5012163521142781,0.5013607854609121,0.49859513760061913,1.8650887573964496,1.8654761904761905,1.863803680981595,2,3,50,0.5,0.5,0.5,genetic,stochastic,stochastic,0.05,10
835,844,821,0.5001938740220918,0.50115407388464,0.4980504682282847,2.6335329341317366,2.612559241706161,2.6187576126674785,3,3,50,0.5,0.5,0.5,genetic,stochastic,stochastic,0.05,10
818,853,829,0.49992550075514264,0.49988271607332635,0.49983516481386514,3.2860635696821516,3.2368112543962484,3.2533172496984317,4,3,50,0.5,0.5,0.5,genetic,stochastic,stochastic,0.05,10
819,859,822,0.500517842272402,0.49933380071808076,0.5005705580679374,3.821733821733822,3.7857974388824216,3.82360097323601,5,3,50,0.5,0.5,0.5,genetic,stochastic,stochastic,0.05,10
777,889,834,0.5008403385855139,0.5009583452953501,0.5001267414497009,4.36036036036036,4.224971878515186,4.303357314148681,6,3,50,0.5,0.5,0.5,genetic,stochastic,stochastic,0.05,10
755,885,860,0.4997377992021919,0.502565792126988,0.5023899836989854,4.819867549668874,4.651977401129943,4.730232558139535,7,3,50,0.5,0.5,0.5,genetic,stochastic,stochastic,0.05,10
741,907,852,0.5020404884214724,0.5038665272472143,0.5032752900343417,5.190283400809717,5.042998897464168,5.212441314553991,8,3,50,0.5,0.5,0.5,genetic,stochastic,stochastic,0.05,10
738,872,890,0.5028401774658651,0.5046217662272348,0.5036088345673546,5.489159891598916,5.462155963302752,5.491011235955056,9,3,50,0.5,0.5,0.5,genetic,stochastic,stochastic,0.05,10
747,861,892,0.5027970950884517,0.5028194372474085,0.506495047834807,5.680053547523427,5.7839721254355405,5.797085201793722,10,3,50,0.5,0.5,0.5,genetic,stochastic,stochastic,0.05,10
765,822,913,0.5056069838522887,0.5031022440581944,0.5077395016880321,5.849673202614379,6.17639902676399,5.928806133625411,11,3,50,0.5,0.5,0.5,genetic,stochastic,stochastic,0.05,10
768,798,934,0.5065445959241676,0.504676375487396,0.5076198703445711,6.071614583333333,6.461152882205514,6.241970021413276,12,3,50,0.5,0.5,0.5,genetic,stochastic,stochastic,0.05,10
791,760,949,0.505888719113739,0.5047871375281049,0.510386407919413,6.1896333754740835,6.718421052631579,6.402528977871444,13,3,50,0.5,0.5,0.5,genetic,stochastic,stochastic,0.05,10
825,753,922,0.5066450073016984,0.5056887146588144,0.5118864932398749,6.136969696969697,6.852589641434263,6.681127982646421,14,3,50,0.5,0.5,0.5,genetic,stochastic,stochastic,0.05,10
866,730,904,0.5071649264616787,0.505559069730382,0.514124667475823,6.188221709006928,6.987671232876712,6.753318584070796,15,3,50,0.5,0.5,0.5,genetic,stochastic,stochastic,0.05,10
886,720,894,0.5075700387263016,0.5054847185147572,0.5148846944229738,6.3487584650112865,7.006944444444445,6.903803131991052,16,3,50,0.5,0.5,0.5,genetic,stochastic,stochastic,0.05,10
917,730,853,0.5067931544409904,0.5059194181477618,0.5173391477994203,6.3413304252998905,6.852054794520548,7.173505275498242,17,3,50,0.5,0.5,0.5,genetic,stochastic,stochastic,0.05,10
925,733,842,0.5067039334687315,0.5074197588540105,0.5190653136950399,6.594594594594595,6.911323328785811,7.328978622327791,18,3,50,0.5,0.5,0.5,genetic,stochastic,stochastic,0.05,10
930,746,824,0.508391639574004,0.5089791923388383,0.5211878114902213,6.813978494623656,6.902144772117962,7.62621359223301,19,3,50,0.5,0.5,0.5,genetic,stochastic,stochastic,0.05,10
937,747,816,0.5072743423084585,0.5101883216975467,0.5259876394752726,7.08324439701174,6.982597054886211,7.602941176470588,20,3,50,0.5,0.5,0.5,genetic,stochastic,stochastic,0.05,10
947,760,793,0.5068070042122156,0.5127248435564199,0.5270734651103739,7.254487856388596,7.060526315789474,7.765447667087011,21,3,50,0.5,0.5,0.5,genetic,stochastic,stochastic,0.05,10
946,755,799,0.5062679861054881,0.5130611619982551,0.5265589459752976,7.563424947145878,7.091390728476822,7.847309136420526,22,3,50,0.5,0.5,0.5,genetic,stochastic,stochastic,0.05,10
931,767,802,0.5066036620086467,0.5171142656145107,0.5262820882352096,7.791621911922664,6.889178617992178,7.815461346633416,23,3,50,0.5,0.5,0.5,genetic,stochastic,stochastic,0.05,10
919,807,774,0.5055902769957706,0.5175387694152463,0.5250070107080803,7.810663764961915,6.799256505576208,8.031007751937985,24,3,50,0.5,0.5,0.5,genetic,stochastic,stochastic,0.05,10
911,828,761,0.505898891944141,0.5170216153005979,0.5227529238962172,7.967069154774973,6.853864734299517,8.028909329829172,25,3,50,0.5,0.5,0.5,genetic,stochastic,stochastic,0.05,10
874,867,759,0.5066583867249527,0.5175559724841515,0.5244322836900418,8.175057208237986,6.988465974625144,8.189723320158103,26,3,50,0.5,0.5,0.5,genetic,stochastic,stochastic,0.05,10
842,910,748,0.5072243579471271,0.520871917977132,0.5242388089833228,8.239904988123515,7.065934065934066,8.344919786096257,27,3,50,0.5,0.5,0.5,genetic,stochastic,stochastic,0.05,10
836,920,744,0.5073081037269898,0.5211258644430122,0.524942418090891,8.161483253588516,7.252173913043478,8.290322580645162,28,3,50,0.5,0.5,0.5,genetic,stochastic,stochastic,0.05,10
830,927,743,0.5097701987579415,0.519994086680259,0.5281017196944242,8.050602409638554,7.41747572815534,8.139973082099596,29,3,50,0.5,0.5,0.5,genetic,stochastic,stochastic,0.05,10
854,927,719,0.5101517973564498,0.5249656151144271,0.5284031674873025,7.796252927400468,7.763754045307444,7.966620305980529,30,3,50,0.5,0.5,0.5,genetic,stochastic,stochastic,0.05,10
844,898,758,0.5091862737287131,0.5238712843659552,0.5314256152959401,8.033175355450236,7.880846325167038,7.713720316622691,31,3,50,0.5,0.5,0.5,genetic,stochastic,stochastic,0.05,10
859,870,771,0.5090409274110691,0.5237960260238222,0.5336648767651205,8.240977881257276,8.196551724137931,7.512321660181582,32,3,50,0.5,0.5,0.5,genetic,stochastic,stochastic,0.05,10
875,841,784,0.510491443402023,0.5277295895070345,0.5313494149719813,8.366857142857143,8.47205707491082,7.482142857142857,33,3,50,0.5,0.5,0.5,genetic,stochastic,stochastic,0.05,10
872,835,793,0.5107778096226475,0.5310747414954092,0.5339848087418181,8.489678899082568,8.44311377245509,7.554854981084489,34,3,50,0.5,0.5,0.5,genetic,stochastic,stochastic,0.05,10
867,831,802,0.5105396497480748,0.5303088884537788,0.5379338352000976,8.57439446366782,8.401925391095066,7.58852867830424,35,3,50,0.5,0.5,0.5,genetic,stochastic,stochastic,0.05,10
863,802,835,0.5097280830305608,0.5331394566197962,0.5418660845903622,8.783314020857475,8.447630922693266,7.461077844311378,36,3,50,0.5,0.5,0.5,genetic,stochastic,stochastic,0.05,10
840,794,866,0.5084494109319327,0.532775232034486,0.5455645299868633,8.90952380952381,8.3727959697733,7.568129330254042,37,3,50,0.5,0.5,0.5,genetic,stochastic,stochastic,0.05,10
829,790,881,0.508361678269008,0.5339407379061136,0.5503429470861321,8.934861278648974,8.30379746835443,7.591373439273553,38,3,50,0.5,0.5,0.5,genetic,stochastic,stochastic,0.05,10
801,777,922,0.5089327941536295,0.5288873422148896,0.5531006220775292,8.927590511860174,8.13127413127413,7.543383947939263,39,3,50,0.5,0.5,0.5,genetic,stochastic,stochastic,0.05,10
793,791,916,0.5074357830081082,0.5330971665582358,0.5584783021326438,8.790668348045397,7.871049304677623,7.7325327510917035,40,3,50,0.5,0.5,0.5,genetic,stochastic,stochastic,0.05,10
761,817,922,0.507970651572628,0.5331043118834408,0.5592005801905637,8.78186596583443,7.708690330477356,7.979392624728851,41,3,50,0.5,0.5,0.5,genetic,stochastic,stochastic,0.05,10
770,797,933,0.5085638728260448,0.5345192675016825,0.5636304883414514,8.687012987012986,7.974905897114178,8.038585209003216,42,3,50,0.5,0.5,0.5,genetic,stochastic,stochastic,0.05,10
773,767,960,0.5089711579130705,0.5389585997855869,0.5690904936281623,8.609314359637775,7.971316818774446,7.966666666666667,43,3,50,0.5,0.5,0.5,genetic,stochastic,stochastic,0.05,10
780,769,951,0.5091787219855218,0.537198972136352,0.5733622122940879,8.54102564102564,8.137841352405722,8.29863301787592,44,3,50,0.5,0.5,0.5,genetic,stochastic,stochastic,0.05,10
801,753,946,0.5103843643731496,0.5389388941990751,0.5784543892949903,8.439450686641697,8.290836653386455,8.490486257928119,45,3,50,0.5,0.5,0.5,genetic,stochastic,stochastic,0.05,10
806,746,948,0.5121689348501113,0.5410652628938468,0.5832681922914925,8.271712158808933,8.245308310991957,8.59915611814346,46,3,50,0.5,0.5,0.5,genetic,stochastic,stochastic,0.05,10
823,727,950,0.5125450634962733,0.5476632920173365,0.5899357986720093,8.061968408262455,8.298486932599724,8.632631578947368,47,3,50,0.5,0.5,0.5,genetic,stochastic,stochastic,0.05,10
837,692,971,0.5144078507917328,0.5519531670388114,0.5900227297296642,8.065710872162486,8.197976878612717,8.532440782698249,48,3,50,0.5,0.5,0.5,genetic,stochastic,stochastic,0.05,10
869,676,955,0.516470409503818,0.5548839371652894,0.5921725572150207,8.03337169159954,8.338757396449704,8.710994764397906,49,3,50,0.5,0.5,0.5,genetic,stochastic,stochastic,0.05,10
901,667,932,0.5175148063422679,0.5582603403008267,0.5981295969181144,8.106548279689234,8.458770614692654,8.829399141630901,50,3,50,0.5,0.5,0.5,genetic,stochastic,stochastic,0.05,10
922,678,900,0.5175929082283018,0.5659464452883646,0.6025969944740395,8.070498915401302,8.333333333333334,8.91,51,3,50,0.5,0.5,0.5,genetic,stochastic,stochastic,0.05,10
937,666,897,0.518241374433138,0.5718550566300993,0.6041090011311856,8.305229455709712,8.15015015015015,8.925306577480491,52,3,50,0.5,0.5,0.5,genetic,stochastic,stochastic,0.05,10
937,664,899,0.5189517800983816,0.5701158760249859,0.6093790384313881,8.432230522945572,8.100903614457831,8.840934371523915,53,3,50,0.5,0.5,0.5,genetic,stochastic,stochastic,0.05,10
933,667,900,0.5172315031963873,0.5766125081233598,0.6098195612891203,8.588424437299036,7.9610194902548725,8.931111111111111,54,3,50,0.5,0.5,0.5,genetic,stochastic,stochastic,0.05,10
966,650,884,0.5165658970875847,0.5828200795622973,0.6129792140295253,8.646997929606625,7.884615384615385,8.964932126696832,55,3,50,0.5,0.5,0.5,genetic,stochastic,stochastic,0.05,10
982,648,870,0.5168464240224754,0.5880647290814921,0.6158412173507796,8.842158859470468,7.834876543209877,9.072413793103449,56,3,50,0.5,0.5,0.5,genetic,stochastic,stochastic,0.05,10
963,680,857,0.5164345311234962,0.59671564181183,0.6122055736394644,9.049844236760125,7.444117647058824,9.172695449241541,57,3,50,0.5,0.5,0.5,genetic,stochastic,stochastic,0.05,10
983,669,848,0.5163769250058315,0.5979766132521875,0.6122257710390312,9.08443540183113,7.2541106128550075,8.911556603773585,58,3,50,0.5,0.5,0.5,genetic,stochastic,stochastic,0.05,10
1000,687,813,0.5163279945500988,0.6011224625267158,0.6127627795125736,9.088,7.4104803493449785,9.120541205412055,59,3,50,0.5,0.5,0.5,genetic,stochastic,stochastic,0.05,10
1017,703,780,0.5165031972746521,0.6052915099881466,0.6170505650759742,9.141592920353983,7.490753911806544,9.274358974358975,60,3,50,0.5,0.5,0.5,genetic,stochastic,stochastic,0.05,10
1024,721,755,0.514232110923174,0.6071171558392917,0.6207123201152077,9.0673828125,7.411927877947296,9.143046357615894,61,3,50,0.5,0.5,0.5,genetic,stochastic,stochastic,0.05,10
1025,726,749,0.5131380176017584,0.6102952855105184,0.627049322885793,9.16780487804878,7.440771349862259,8.746328437917223,62,3,50,0.5,0.5,0.5,genetic,stochastic,stochastic,0.05,10
1004,748,748,0.51226362193306,0.6196538298648172,0.6275371650003241,9.377490039840637,7.300802139037433,8.566844919786096,63,3,50,0.5,0.5,0.5,genetic,stochastic,stochastic,0.05,10
967,778,755,0.5135528380497371,0.6255269603326395,0.6335707719012736,9.41261633919338,7.150385604113111,8.513907284768212,64,3,50,0.5,0.5,0.5,genetic,stochastic,stochastic,0.05,10
944,795,761,0.5125445819386,0.6330207328807971,0.6360577244463209,9.577330508474576,7.240251572327044,8.492772667542708,65,3,50,0.5,0.5,0.5,genetic,stochastic,stochastic,0.05,10
903,828,769,0.5135720509451729,0.6442011158503976,0.6412526093908787,9.763012181616833,7.11231884057971,8.560468140442133,66,3,50,0.5,0.5,0.5,genetic,stochastic,stochastic,0.05,10
862,856,782,0.5128427790087388,0.6506532170060205,0.6484388515129228,9.592807424593968,7.205607476635514,8.567774936061381,67,3,50,0.5,0.5,0.5,genetic,stochastic,stochastic,0.05,10
841,845,814,0.5133537443535328,0.6600160208599477,0.6529962906770608,9.741973840665874,7.300591715976331,8.399262899262899,68,3,50,0.5,0.5,0.5,genetic,stochastic,stochastic,0.05,10
818,854,828,0.5138928182896211,0.6664251739283962,0.657512659641918,9.623471882640587,7.434426229508197,8.602657004830919,69,3,50,0.5,0.5,0.5,genetic,stochastic,stochastic,0.05,10
785,845,870,0.5133580399322607,0.6689280606387905,0.6555068312205845,9.6828025477707,7.498224852071006,8.573563218390804,70,3,50,0.5,0.5,0.5,genetic,stochastic,stochastic,0.05,10
770,823,907,0.5162938926028323,0.6684465834385964,0.6568146617433266,9.577922077922079,7.679222357229648,8.412348401323044,71,3,50,0.5,0.5,0.5,genetic,stochastic,stochastic,0.05,10
755,802,943,0.515970134354211,0.6609749540667655,0.6610429090037574,9.541721854304635,7.826683291770574,8.427359490986214,72,3,50,0.5,0.5,0.5,genetic,stochastic,stochastic,0.05,10
753,758,989,0.5159989752907675,0.6580991927974816,0.6588842805525483,9.557768924302788,7.839050131926121,8.470171890798786,73,3,50,0.5,0.5,0.5,genetic,stochastic,stochastic,0.05,10
708,761,1031,0.517033535926262,0.6505139788571103,0.6617313186870726,9.279661016949152,7.587385019710907,8.495635305528612,74,3,50,0.5,0.5,0.5,genetic,stochastic,stochastic,0.05,10
700,723,1077,0.5184360966597881,0.6412377118187423,0.6672881012148826,8.895714285714286,7.406639004149378,8.113277623026926,75,3,50,0.5,0.5,0.5,genetic,stochastic,stochastic,0.05,10
710,692,1098,0.518801931855959,0.6361139527086951,0.6684147906392158,8.680281690140845,7.491329479768786,8.28415300546448,76,3,50,0.5,0.5,0.5,genetic,stochastic,stochastic,0.05,10
709,685,1106,0.5196373912392083,0.6319827622465244,0.6702495389233187,8.324400564174894,7.343065693430657,8.49367088607595,77,3,50,0.5,0.5,0.5,genetic,stochastic,stochastic,0.05,10
725,665,1110,0.521668167759513,0.6259359211692315,0.6709348484573382,7.979310344827586,7.254135338345865,8.579279279279278,78,3,50,0.5,0.5,0.5,genetic,stochastic,stochastic,0.05,10
734,640,1126,0.5210907722714497,0.6261044337143487,0.6718978866162945,7.713896457765667,6.984375,8.587921847246891,79,3,50,0.5,0.5,0.5,genetic,stochastic,stochastic,0.05,10
768,603,1129,0.519048417856485,0.6183363997706169,0.6773660018207887,7.677083333333333,7.227197346600332,8.680248007085916,80,3,50,0.5,0.5,0.5,genetic,stochastic,stochastic,0.05,10
812,579,1109,0.5183965436125018,0.6111886721907557,0.678004512614936,7.286945812807882,7.167530224525043,8.87015329125338,81,3,50,0.5,0.5,0.5,genetic,stochastic,stochastic,0.05,10
840,564,1096,0.5171254984583199,0.6040260924152222,0.6803111275619945,7.117857142857143,7.124113475177305,9.099452554744525,82,3,50,0.5,0.5,0.5,genetic,stochastic,stochastic,0.05,10
878,555,1067,0.5158633469587127,0.602073769070089,0.6842160883789317,6.831435079726652,6.8684684684684685,9.279287722586691,83,3,50,0.5,0.5,0.5,genetic,stochastic,stochastic,0.05,10
911,521,1068,0.5163157611288812,0.5993459364746287,0.6881870777198354,6.88364434687157,6.809980806142034,9.28183520599251,84,3,50,0.5,0.5,0.5,genetic,stochastic,stochastic,0.05,10
958,499,1043,0.5164201656965811,0.5966611950041075,0.689214956914981,6.900835073068894,6.521042084168337,9.317353787152445,85,3,50,0.5,0.5,0.5,genetic,stochastic,stochastic,0.05,10
1001,480,1019,0.5156673023754751,0.5972085114517126,0.6962038291893614,6.979020979020979,6.504166666666666,9.309126594700688,86,3,50,0.5,0.5,0.5,genetic,stochastic,stochastic,0.05,10
1032,482,986,0.5164728590592357,0.6106613587505381,0.7030067666358318,6.8895348837209305,6.172199170124482,9.315415821501015,87,3,50,0.5,0.5,0.5,genetic,stochastic,stochastic,0.05,10
1068,471,961,0.5165927031816655,0.6177033361311802,0.7073278225091288,6.984082397003745,5.978768577494692,9.302809573361083,88,3,50,0.5,0.5,0.5,genetic,stochastic,stochastic,0.05,10
1117,471,912,0.5166436405004683,0.6199946039164244,0.711076868312965,7.1047448522829,5.745222929936306,9.275219298245615,89,3,50,0.5,0.5,0.5,genetic,stochastic,stochastic,0.05,10
1164,470,866,0.5177607408267989,0.6190790996200705,0.7218952335562099,7.288659793814433,5.94468085106383,9.108545034642033,90,3,50,0.5,0.5,0.5,genetic,stochastic,stochastic,0.05,10
1182,491,827,0.5175031916730589,0.6264838075746268,0.7294733871539548,7.648054145516075,5.8146639511201625,9.065296251511487,91,3,50,0.5,0.5,0.5,genetic,stochastic,stochastic,0.05,10
1202,508,790,0.5167014633468617,0.643482925369126,0.7278449549014985,7.999168053244592,5.816929133858268,9.036708860759493,92,3,50,0.5,0.5,0.5,genetic,stochastic,stochastic,0.05,10
1241,519,740,0.5168865776958044,0.6495239859200036,0.732608310657928,8.207896857373086,5.872832369942197,9.004054054054054,93,3,50,0.5,0.5,0.5,genetic,stochastic,stochastic,0.05,10
1262,543,695,0.5177146487641753,0.6588167305023521,0.734851488042057,8.385895404120443,5.906077348066298,8.867625899280576,94,3,50,0.5,0.5,0.5,genetic,stochastic,stochastic,0.05,10
1279,572,649,0.5186946781224591,0.6663240738830597,0.73772341838225,8.6591086786552,5.90034965034965,8.676425269645609,95,3,50,0.5,0.5,0.5,genetic,stochastic,stochastic,0.05,10
1278,584,638,0.520034927130447,0.6685043386978147,0.7414377088292873,8.967136150234742,6.035958904109589,8.117554858934168,96,3,50,0.5,0.5,0.5,genetic,stochastic,stochastic,0.05,10
1256,620,624,0.5203778717334623,0.6715323403662435,0.7469076701735133,9.164808917197453,5.830645161290323,7.753205128205129,97,3,50,0.5,0.5,0.5,genetic,stochastic,stochastic,0.05,10
1215,659,626,0.5208405701310836,0.6774661509836892,0.7495754693829214,9.472427983539095,5.625189681335357,7.527156549520766,98,3,50,0.5,0.5,0.5,genetic,stochastic,stochastic,0.05,10
1197,670,633,0.5219192238297111,0.6845681134420075,0.7490457665842528,9.832915622389306,5.7432835820895525,7.306477093206951,99,3,50,0.5,0.5,0.5,genetic,stochastic,stochastic,0.05,10
1167,688,645,0.5203752834668932,0.6871396197947387,0.7534842865171177,10.02656383890317,5.763081395348837,7.209302325581396,100,3,50,0.5,0.5,0.5,genetic,stochastic,stochastic,0.05,10
1110,729,661,0.5199062962672233,0.6901427729196334,0.7490166983029984,10.309009009009008,5.732510288065844,7.18910741301059,101,3,50,0.5,0.5,0.5,genetic,stochastic,stochastic,0.05,10
1073,741,686,0.5206913566453637,0.6953454299379359,0.7474177409263153,10.550792171481827,5.7354925775978405,6.814868804664723,102,3,50,0.5,0.5,0.5,genetic,stochastic,stochastic,0.05,10
1070,752,678,0.5219419425525954,0.7030604120016963,0.7480853748806642,10.508411214953272,5.902925531914893,6.825958702064897,103,3,50,0.5,0.5,0.5,genetic,stochastic,stochastic,0.05,10
1049,751,700,0.5228369624271304,0.709797436139265,0.7474148764560644,10.702573879885605,5.8774966711051935,6.722857142857142,104,3,50,0.5,0.5,0.5,genetic,stochastic,stochastic,0.05,10
1007,770,723,0.5252744628388023,0.7231802613658149,0.7456882794668945,10.860973187686197,5.897402597402597,6.643153526970955,105,3,50,0.5,0.5,0.5,genetic,stochastic,stochastic,0.05,10
968,787,745,0.5252895665316338,0.7332389735159924,0.7419481832786233,10.887396694214877,5.9428208386277,6.794630872483221,106,3,50,0.5,0.5,0.5,genetic,stochastic,stochastic,0.05,10
944,776,780,0.5254788581126081,0.7369629078172432,0.7436714123966957,10.858050847457626,5.972938144329897,6.794871794871795,107,3,50,0.5,0.5,0.5,genetic,stochastic,stochastic,0.05,10
915,776,809,0.5255418468124358,0.7384233393749978,0.7439636397161061,10.902732240437158,6.038659793814433,6.92459826946848,108,3,50,0.5,0.5,0.5,genetic,stochastic,stochastic,0.05,10
871,789,840,0.5268068675584184,0.7352432166419959,0.7447789941446058,10.538461538461538,6.103929024081116,6.9904761904761905,109,3,50,0.5,0.5,0.5,genetic,stochastic,stochastic,0.05,10
850,786,864,0.5270434797431544,0.7332938096151951,0.7435198897293189,10.235294117647058,6.188295165394402,6.97337962962963,110,3,50,0.5,0.5,0.5,genetic,stochastic,stochastic,0.05,10
864,774,862,0.5289268606539098,0.7259133229883904,0.7485904294370466,9.96875,6.445736434108527,7.0974477958236655,111,3,50,0.5,0.5,0.5,genetic,stochastic,stochastic,0.05,10
829,787,884,0.5295044095795493,0.7291865367834703,0.7465355460968605,9.728588661037394,6.294790343074968,7.036199095022624,112,3,50,0.5,0.5,0.5,genetic,stochastic,stochastic,0.05,10
840,767,893,0.5301043000965626,0.7308422108718272,0.7450268773832031,9.53452380952381,6.367666232073011,7.07390817469205,113,3,50,0.5,0.5,0.5,genetic,stochastic,stochastic,0.05,10
824,731,945,0.5309330050050455,0.7350329742520516,0.7468665921899028,9.58373786407767,6.435020519835842,7.133333333333334,114,3,50,0.5,0.5,0.5,genetic,stochastic,stochastic,0.05,10
810,711,979,0.5300875121813149,0.7349907666148505,0.7464254636187605,9.329629629629629,6.50773558368495,7.176710929519918,115,3,50,0.5,0.5,0.5,genetic,stochastic,stochastic,0.05,10
773,719,1008,0.5279078804937821,0.7391837933848063,0.7462412216164007,9.376455368693403,6.297635605006954,7.342261904761905,116,3,50,0.5,0.5,0.5,genetic,stochastic,stochastic,0.05,10
763,696,1041,0.5298996813940593,0.7349250758711071,0.7474445210693381,9.104849279161206,6.275862068965517,7.475504322766571,117,3,50,0.5,0.5,0.5,genetic,stochastic,stochastic,0.05,10
749,677,1074,0.5295444329014418,0.7352964274714245,0.7525247692948681,8.688918558077436,6.277695716395864,7.5251396648044695,118,3,50,0.5,0.5,0.5,genetic,stochastic,stochastic,0.05,10
758,637,1105,0.5287638884612759,0.734208963359656,0.7506351393927259,8.4155672823219,6.406593406593407,7.663348416289593,119,3,50,0.5,0.5,0.5,genetic,stochastic,stochastic,0.05,10
755,633,1112,0.5279653066304284,0.7382952393026652,0.7525711752741007,8.271523178807946,6.429699842022117,7.944244604316546,120,3,50,0.5,0.5,0.5,genetic,stochastic,stochastic,0.05,10
777,596,1127,0.5300331291565712,0.7409220136789664,0.755039960111336,7.839124839124839,6.429530201342282,7.8562555456965395,121,3,50,0.5,0.5,0.5,genetic,stochastic,stochastic,0.05,10
814,549,1137,0.5300576780796041,0.7381411146060332,0.7581835161778779,7.617936117936118,6.182149362477231,7.986807387862797,122,3,50,0.5,0.5,0.5,genetic,stochastic,stochastic,0.05,10
844,528,1128,0.5314301965636922,0.7427776136896911,0.7612666089766829,7.369668246445498,6.041666666666667,8.13918439716312,123,3,50,0.5,0.5,0.5,genetic,stochastic,stochastic,0.05,10
878,522,1100,0.5322901204435666,0.7461930349964029,0.7627867121180529,7.269931662870159,5.980842911877395,8.384545454545455,124,3,50,0.5,0.5,0.5,genetic,stochastic,stochastic,0.05,10
907,510,1083,0.5317856501728688,0.7402205151738097,0.7639742084167231,7.3891951488423375,5.976470588235294,8.541089566020315,125,3,50,0.5,0.5,0.5,genetic,stochastic,stochastic,0.05,10
916,500,1084,0.5309568863487066,0.7406919591913337,0.7667178485039274,7.679039301310044,5.914,8.681734317343173,126,3,50,0.5,0.5,0.5,genetic,stochastic,stochastic,0.05,10
957,478,1065,0.5312489969293054,0.7442232554208774,0.7701043620129028,7.823406478578892,5.943514644351464,8.818779342723005,127,3,50,0.5,0.5,0.5,genetic,stochastic,stochastic,0.05,10
977,466,1057,0.5302168622437196,0.7425222819998851,0.7734622538137658,7.958034800409417,5.74892703862661,8.800378429517503,128,3,50,0.5,0.5,0.5,genetic,stochastic,stochastic,0.05,10
990,478,1032,0.5286245533363462,0.7452458250501675,0.7799027813079095,7.966666666666667,5.560669456066946,8.9234496124031,129,3,50,0.5,0.5,0.5,genetic,stochastic,stochastic,0.05,10
1034,458,1008,0.528616780028767,0.7403965699071947,0.7824160788954492,8.012572533849129,5.600436681222708,9.033730158730158,130,3,50,0.5,0.5,0.5,genetic,stochastic,stochastic,0.05,10
1033,490,977,0.5269846469987242,0.7390551440886437,0.7827858486524569,8.08325266214908,5.359183673469388,9.230296827021494,131,3,50,0.5,0.5,0.5,genetic,stochastic,stochastic,0.05,10
1050,498,952,0.5273154198787868,0.7458096800300003,0.7832906515607501,8.14,5.220883534136546,9.144957983193278,132,3,50,0.5,0.5,0.5,genetic,stochastic,stochastic,0.05,10
1066,517,917,0.5265737091327809,0.7580733289253712,0.7826364060943634,8.25234521575985,5.1353965183752415,9.339149400218103,133,3,50,0.5,0.5,0.5,genetic,stochastic,stochastic,0.05,10
1097,549,854,0.5264130334454216,0.7609247232214894,0.7805592069762061,8.267092069279855,5.174863387978142,9.48360655737705,134,3,50,0.5,0.5,0.5,genetic,stochastic,stochastic,0.05,10
1105,594,801,0.5247328012430776,0.7667636540189224,0.7824094226214882,8.395475113122172,5.215488215488215,9.644194756554308,135,3,50,0.5,0.5,0.5,genetic,stochastic,stochastic,0.05,10
1104,624,772,0.5261063045503787,0.7729960782392461,0.776086663951209,8.523550724637682,5.346153846153846,9.66580310880829,136,3,50,0.5,0.5,0.5,genetic,stochastic,stochastic,0.05,10
1089,681,730,0.525494392780099,0.777718284196423,0.7678637685985055,8.530762167125804,5.368575624082232,9.686301369863013,137,3,50,0.5,0.5,0.5,genetic,stochastic,stochastic,0.05,10
1066,729,705,0.5260127371923531,0.7738272939104219,0.7648481671203042,8.455909943714822,5.4526748971193415,9.348936170212767,138,3,50,0.5,0.5,0.5,genetic,stochastic,stochastic,0.05,10
1056,765,679,0.5273707169434192,0.7808981433634069,0.7592474310201183,8.382575757575758,5.4562091503267975,9.023564064801178,139,3,50,0.5,0.5,0.5,genetic,stochastic,stochastic,0.05,10
1022,779,699,0.5264676049857562,0.7914307613017743,0.7533486431172344,8.686888454011742,5.594351732991014,8.433476394849786,140,3,50,0.5,0.5,0.5,genetic,stochastic,stochastic,0.05,10
993,785,722,0.5281675578448568,0.7931810202729483,0.7514823071748693,8.963746223564955,5.77452229299363,7.89612188365651,141,3,50,0.5,0.5,0.5,genetic,stochastic,stochastic,0.05,10
947,806,747,0.528340992920918,0.7985580655522816,0.748351118128296,9.166842661034847,5.718362282878412,7.768406961178045,142,3,50,0.5,0.5,0.5,genetic,stochastic,stochastic,0.05,10
900,816,784,0.52833563474143,0.7974448338374528,0.7475725672086285,9.325555555555555,5.785539215686274,7.548469387755102,143,3,50,0.5,0.5,0.5,genetic,stochastic,stochastic,0.05,10
875,823,802,0.5285435925232752,0.7987329916432423,0.7491579539553925,9.531428571428572,5.956257594167679,7.491271820448878,144,3,50,0.5,0.5,0.5,genetic,stochastic,stochastic,0.05,10
817,838,845,0.528746768497504,0.7988181958843836,0.7514770707510852,9.49326805385557,5.977326968973747,7.371597633136095,145,3,50,0.5,0.5,0.5,genetic,stochastic,stochastic,0.05,10
789,838,873,0.5317669917723821,0.8010646979801828,0.7526241511709145,9.280101394169835,6.115751789976134,7.452462772050401,146,3,50,0.5,0.5,0.5,genetic,stochastic,stochastic,0.05,10
746,823,931,0.5325215306291536,0.8012553299740144,0.7546620895017331,9.315013404825738,6.150668286755772,7.3791621911922665,147,3,50,0.5,0.5,0.5,genetic,stochastic,stochastic,0.05,10
726,781,993,0.5315816486400725,0.7991738914147155,0.7535700586289031,9.173553719008265,6.227912932138285,7.280966767371601,148,3,50,0.5,0.5,0.5,genetic,stochastic,stochastic,0.05,10
709,754,1037,0.5329089255560546,0.7998109320798208,0.7512582595616075,9.00423131170663,6.2387267904509285,7.325940212150434,149,3,50,0.5,0.5,0.5,genetic,stochastic,stochastic,0.05,10
680,743,1077,0.5320071730230895,0.7995003570227577,0.752660982456455,8.727941176470589,6.121130551816958,7.443825441039926,150,3,50,0.5,0.5,0.5,genetic,stochastic,stochastic,0.05,10
650,713,1137,0.5338569676186061,0.8052729713958923,0.7582657265265169,8.726153846153846,5.980364656381487,7.541776605101143,151,3,50,0.5,0.5,0.5,genetic,stochastic,stochastic,0.05,10
613,703,1184,0.5352810544476407,0.8018545950635131,0.7617455349747128,8.115823817292007,5.770981507823613,7.502533783783784,152,3,50,0.5,0.5,0.5,genetic,stochastic,stochastic,0.05,10
593,680,1227,0.533522416201911,0.8004000327947625,0.7631286920641381,7.5210792580101185,5.719117647058823,7.551752241238794,153,3,50,0.5,0.5,0.5,genetic,stochastic,stochastic,0.05,10
580,655,1265,0.5358220881886343,0.8017967498574942,0.7636684535659288,7.055172413793104,5.5038167938931295,7.720948616600791,154,3,50,0.5,0.5,0.5,genetic,stochastic,stochastic,0.05,10
583,651,1266,0.5350991393918862,0.8050017665927164,0.764201930017932,6.384219554030874,5.678955453149001,7.916271721958926,155,3,50,0.5,0.5,0.5,genetic,stochastic,stochastic,0.05,10
608,626,1266,0.5361064784181082,0.8095022870112558,0.7652607594829482,6.144736842105263,5.7699680511182105,8.166666666666666,156,3,50,0.5,0.5,0.5,genetic,stochastic,stochastic,0.05,10
644,594,1262,0.5368422267321751,0.8143516696749108,0.7671688176285978,5.9394409937888195,5.835016835016835,8.258320126782884,157,3,50,0.5,0.5,0.5,genetic,stochastic,stochastic,0.05,10
659,527,1314,0.5365518944041482,0.8172745958288552,0.7681394940044634,6.145675265553869,5.874762808349146,8.431506849315069,158,3,50,0.5,0.5,0.5,genetic,stochastic,stochastic,0.05,10
683,486,1331,0.5378358464721406,0.8229873646270105,0.7706472681615304,6.178623718887262,5.8559670781893,8.691209616829452,159,3,50,0.5,0.5,0.5,genetic,stochastic,stochastic,0.05,10
745,436,1319,0.5393959716921901,0.8234764413858505,0.7705937091052288,6.183892617449664,5.9036697247706424,8.780894617134193,160,3,50,0.5,0.5,0.5,genetic,stochastic,stochastic,0.05,10
793,397,1310,0.5404519359689338,0.8285463003180262,0.7724199173326138,6.30390920554855,5.753148614609572,9.029007633587787,161,3,50,0.5,0.5,0.5,genetic,stochastic,stochastic,0.05,10
838,383,1279,0.5392884608181014,0.8267853398327945,0.7730205012545087,6.486873508353222,5.595300261096606,9.415168100078185,162,3,50,0.5,0.5,0.5,genetic,stochastic,stochastic,0.05,10
909,360,1231,0.5399816419450209,0.8236514057060794,0.7753587590661494,6.49064906490649,5.486111111111111,9.52315190901706,163,3,50,0.5,0.5,0.5,genetic,stochastic,stochastic,0.05,10
958,335,1207,0.5400677882810191,0.8284054059299234,0.7732524010784376,6.767223382045929,5.722388059701492,9.84009942004971,164,3,50,0.5,0.5,0.5,genetic,stochastic,stochastic,0.05,10
1038,335,1127,0.5400033184039722,0.8375514081869124,0.7773543112395679,6.788053949903661,5.483582089552239,10.213842058562555,165,3,50,0.5,0.5,0.5,genetic,stochastic,stochastic,0.05,10
1076,336,1088,0.5395974284282028,0.8438894555056691,0.7769333240238282,7.044609665427509,5.151785714285714,10.424632352941176,166,3,50,0.5,0.5,0.5,genetic,stochastic,stochastic,0.05,10
1109,342,1049,0.5409465497409522,0.8456048533683378,0.7746306023528433,7.315599639314698,5.055555555555555,10.676835081029552,167,3,50,0.5,0.5,0.5,genetic,stochastic,stochastic,0.05,10
1173,343,984,0.5405369494920271,0.85495897309376,0.7732380242655917,7.499573742540495,4.979591836734694,10.896341463414634,168,3,50,0.5,0.5,0.5,genetic,stochastic,stochastic,0.05,10
1223,368,909,0.538995104214486,0.8588228195877079,0.7749890075253586,7.566639411283728,4.769021739130435,10.88008800880088,169,3,50,0.5,0.5,0.5,genetic,stochastic,stochastic,0.05,10
1264,373,863,0.538630568480871,0.8545792854066252,0.7731441324163117,7.801424050632911,5.013404825737266,10.979142526071842,170,3,50,0.5,0.5,0.5,genetic,stochastic,stochastic,0.05,10
1285,403,812,0.538471498049835,0.8608457367698862,0.7739252285677718,8.055252918287938,4.813895781637717,11.240147783251231,171,3,50,0.5,0.5,0.5,genetic,stochastic,stochastic,0.05,10
1287,458,755,0.5390973700414959,0.8651386987620814,0.7777012877345352,8.072261072261073,4.524017467248909,11.052980132450331,172,3,50,0.5,0.5,0.5,genetic,stochastic,stochastic,0.05,10
1273,529,698,0.5394650758127901,0.8636867592754949,0.7817219994693446,8.191673212882954,4.294896030245747,11.034383954154729,173,3,50,0.5,0.5,0.5,genetic,stochastic,stochastic,0.05,10
1252,596,652,0.5394099435967833,0.8613573584484395,0.7847921038718456,8.192492012779553,4.2885906040268456,10.719325153374234,174,3,50,0.5,0.5,0.5,genetic,stochastic,stochastic,0.05,10
1222,637,641,0.5384790237222521,0.8550515591917177,0.7929091606027299,8.34860883797054,4.32182103610675,10.287051482059283,175,3,50,0.5,0.5,0.5,genetic,stochastic,stochastic,0.05,10
1190,671,639,0.5388026730462518,0.8567149035859265,0.7979127002471127,8.505882352941176,4.309985096870343,9.336463223787167,176,3,50,0.5,0.5,0.5,genetic,stochastic,stochastic,0.05,10
1143,702,655,0.537798076576578,0.8602107345765279,0.8077420827294945,8.692913385826772,4.3091168091168095,8.67175572519084,177,3,50,0.5,0.5,0.5,genetic,stochastic,stochastic,0.05,10
1054,783,663,0.5379213053906127,0.8615941373256555,0.8181235291860369,8.742884250474383,4.3971902937420175,7.865761689291101,178,3,50,0.5,0.5,0.5,genetic,stochastic,stochastic,0.05,10
997,812,691,0.5388361942143624,0.8594195130637462,0.819974297769221,8.942828485456369,4.575123152709359,7.260492040520984,179,3,50,0.5,0.5,0.5,genetic,stochastic,stochastic,0.05,10
919,843,738,0.5371676234973263,0.854438117025245,0.8198346914384448,9.161044613710555,4.875444839857651,7.247967479674797,180,3,50,0.5,0.5,0.5,genetic,stochastic,stochastic,0.05,10
851,853,796,0.5366476373730249,0.8510363324723771,0.8217784427021727,9.267920094007051,5.056271981242673,7.066582914572864,181,3,50,0.5,0.5,0.5,genetic,stochastic,stochastic,0.05,10
796,861,843,0.5378706435670677,0.8503105040043659,0.8239919523024398,9.27638190954774,5.162601626016261,6.864768683274021,182,3,50,0.5,0.5,0.5,genetic,stochastic,stochastic,0.05,10
755,842,903,0.5377871448093883,0.8464974936710887,0.8258445442245159,9.058278145695365,5.334916864608076,6.730897009966777,183,3,50,0.5,0.5,0.5,genetic,stochastic,stochastic,0.05,10
706,799,995,0.5366441953379579,0.8407631654137614,0.8298941564812516,8.913597733711049,5.3892365456821025,6.441206030150754,184,3,50,0.5,0.5,0.5,genetic,stochastic,stochastic,0.05,10
665,769,1066,0.5390497800765955,0.8393751345171441,0.8338905929221535,9.02406015037594,5.4967490247074124,6.588180112570356,185,3,50,0.5,0.5,0.5,genetic,stochastic,stochastic,0.05,10
666,716,1118,0.5398973540770869,0.8388213823798905,0.8312348265315647,8.645645645645645,5.761173184357542,6.631484794275492,186,3,50,0.5,0.5,0.5,genetic,stochastic,stochastic,0.05,10
661,675,1164,0.5365787349253798,0.8388210086548915,0.828212897453967,8.177004538577913,5.9037037037037035,6.7946735395189,187,3,50,0.5,0.5,0.5,genetic,stochastic,stochastic,0.05,10
647,667,1186,0.5401957800710788,0.8379922364160304,0.8269747212393508,7.414219474497681,5.8365817091454275,6.960370994940978,188,3,50,0.5,0.5,0.5,genetic,stochastic,stochastic,0.05,10
686,620,1194,0.5414064945209428,0.8452441437574418,0.825338006467232,6.900874635568513,5.870967741935484,7.159966499162479,189,3,50,0.5,0.5,0.5,genetic,stochastic,stochastic,0.05,10
745,590,1165,0.5434107000265193,0.847160865914327,0.8258750802247725,6.464429530201342,5.976271186440678,7.475536480686695,190,3,50,0.5,0.5,0.5,genetic,stochastic,stochastic,0.05,10
808,536,1156,0.5435122721153841,0.8559882865693098,0.8252677640758588,6.409653465346534,6.167910447761194,7.728373702422146,191,3,50,0.5,0.5,0.5,genetic,stochastic,stochastic,0.05,10
841,516,1143,0.5451455679145077,0.85663800598353,0.825997558202192,6.565992865636147,6.395348837209302,7.9921259842519685,192,3,50,0.5,0.5,0.5,genetic,stochastic,stochastic,0.05,10
913,446,1141,0.5480741311019413,0.8622134903761811,0.8270747547058098,6.674698795180723,6.65695067264574,7.977212971078002,193,3,50,0.5,0.5,0.5,genetic,stochastic,stochastic,0.05,10
959,400,1141,0.5483530833434315,0.8599335918993912,0.8299614020119515,6.744525547445256,6.39,7.919368974583699,194,3,50,0.5,0.5,0.5,genetic,stochastic,stochastic,0.05,10
1035,343,1122,0.5502953431861934,0.8649972433896714,0.8305062116208326,6.909178743961353,6.2507288629737605,7.936720142602495,195,3,50,0.5,0.5,0.5,genetic,stochastic,stochastic,0.05,10
1099,328,1073,0.5511209340485489,0.8745326111644992,0.8304542325508575,7.048225659690628,5.661585365853658,8.12022367194781,196,3,50,0.5,0.5,0.5,genetic,stochastic,stochastic,0.05,10
1155,321,1024,0.5525416366385072,0.8734323283392953,0.8311532646160662,7.223376623376623,5.255451713395638,8.4287109375,197,3,50,0.5,0.5,0.5,genetic,stochastic,stochastic,0.05,10
1188,350,962,0.5523998390846319,0.8775603889944416,0.8322295041946727,7.3813131313131315,4.6257142857142854,8.587318087318087,198,3,50,0.5,0.5,0.5,genetic,stochastic,stochastic,0.05,10
1253,368,879,0.5530105992017815,0.8822640371532519,0.8356553553546063,7.5363128491620115,4.298913043478261,8.746302616609784,199,3,50,0.5,0.5,0.5,genetic,stochastic,stochastic,0.05,10
1297,385,818,0.5532931870423112,0.8830334652520933,0.8391541887108255,7.76946800308404,4.1558441558441555,8.797066014669927,200,3,50,0.5,0.5,0.5,genetic,stochastic,stochastic,0.05,10
1320,409,771,0.5558410664492671,0.8839095131225224,0.8375823049543012,7.990151515151515,4.154034229828851,8.819714656290532,201,3,50,0.5,0.5,0.5,genetic,stochastic,stochastic,0.05,10
1347,444,709,0.5567170601141033,0.8924016985353792,0.8374468644298466,8.233110616184113,4.261261261261262,8.964739069111424,202,3,50,0.5,0.5,0.5,genetic,stochastic,stochastic,0.05,10
1329,487,684,0.5570494655277509,0.8949900145705012,0.8395510972388563,8.517682468021068,4.092402464065708,8.68859649122807,203,3,50,0.5,0.5,0.5,genetic,stochastic,stochastic,0.05,10
1307,535,658,0.5573225736510028,0.8961834353493797,0.8435868714353562,8.706962509563887,3.960747663551402,8.317629179331307,204,3,50,0.5,0.5,0.5,genetic,stochastic,stochastic,0.05,10
1283,571,646,0.5585907393604221,0.8931185968636495,0.8464253030727836,8.983632112236945,3.998248686514886,7.8343653250774,205,3,50,0.5,0.5,0.5,genetic,stochastic,stochastic,0.05,10
1221,649,630,0.5601970683971628,0.8907539358495279,0.8491958200383665,9.171990171990172,3.938366718027735,7.6682539682539685,206,3,50,0.5,0.5,0.5,genetic,stochastic,stochastic,0.05,10
1166,698,636,0.5598694912411737,0.8901959972970144,0.849064576157185,9.402229845626072,4.114613180515759,7.536163522012578,207,3,50,0.5,0.5,0.5,genetic,stochastic,stochastic,0.05,10
1134,727,639,0.5604695013638666,0.8853537586618229,0.8609591289425856,9.528218694885362,4.429160935350756,7.25508607198748,208,3,50,0.5,0.5,0.5,genetic,stochastic,stochastic,0.05,10
1080,778,642,0.5604719324442151,0.8810348062888262,0.8638347415771078,9.63425925925926,4.643958868894601,6.925233644859813,209,3,50,0.5,0.5,0.5,genetic,stochastic,stochastic,0.05,10
1012,831,657,0.560939495705132,0.8765726023429139,0.8646172608324645,9.678853754940711,4.803850782190132,6.879756468797565,210,3,50,0.5,0.5,0.5,genetic,stochastic,stochastic,0.05,10
964,842,694,0.5600745555846568,0.875636313960606,0.8655474569932093,9.698132780082988,5.005938242280285,6.587896253602305,211,3,50,0.5,0.5,0.5,genetic,stochastic,stochastic,0.05,10
931,807,762,0.5602347628810722,0.8704451977805099,0.8720653241151674,9.686358754027927,5.096654275092937,6.043307086614173,212,3,50,0.5,0.5,0.5,genetic,stochastic,stochastic,0.05,10
909,795,796,0.561993828265453,0.8663949240412584,0.872149990150258,9.616061606160615,5.2578616352201255,5.853015075376884,213,3,50,0.5,0.5,0.5,genetic,stochastic,stochastic,0.05,10
884,762,854,0.5603324517911858,0.8672899733327184,0.8748339914655529,9.633484162895927,5.389763779527559,5.625292740046838,214,3,50,0.5,0.5,0.5,genetic,stochastic,stochastic,0.05,10
844,756,900,0.5574940179853514,0.8618474866616456,0.8804177345560258,9.292654028436019,5.238095238095238,5.507777777777778,215,3,50,0.5,0.5,0.5,genetic,stochastic,stochastic,0.05,10
811,721,968,0.5578389723914852,0.8574947173040152,0.8835236982304553,9.284833538840937,5.257975034674064,5.516528925619835,216,3,50,0.5,0.5,0.5,genetic,stochastic,stochastic,0.05,10
795,685,1020,0.55713599714602,0.8587783802474632,0.8846146113263976,9.081761006289309,5.3459854014598545,5.642156862745098,217,3,50,0.5,0.5,0.5,genetic,stochastic,stochastic,0.05,10
795,642,1063,0.5584318278191329,0.8617707822018165,0.8855195919781553,8.620125786163522,5.235202492211838,5.763875823142051,218,3,50,0.5,0.5,0.5,genetic,stochastic,stochastic,0.05,10
780,585,1135,0.5596694920386928,0.8654913329723373,0.8852767366443459,8.28974358974359,5.273504273504273,5.828193832599119,219,3,50,0.5,0.5,0.5,genetic,stochastic,stochastic,0.05,10
820,561,1119,0.558481856383162,0.8676869384309754,0.8842472187611263,7.64390243902439,5.279857397504457,6.048257372654155,220,3,50,0.5,0.5,0.5,genetic,stochastic,stochastic,0.05,10
859,541,1100,0.5579540994309901,0.8619309859865668,0.8852635813513562,7.209545983701979,5.258780036968576,6.245454545454545,221,3,50,0.5,0.5,0.5,genetic,stochastic,stochastic,0.05,10
855,530,1115,0.5606015552599276,0.8565214907785188,0.8832260705802991,6.96374269005848,4.958490566037736,6.565919282511211,222,3,50,0.5,0.5,0.5,genetic,stochastic,stochastic,0.05,10
901,517,1082,0.5605507410966208,0.8591824485272275,0.8850044047536164,6.7158712541620424,4.8839458413926495,6.805914972273568,223,3,50,0.5,0.5,0.5,genetic,stochastic,stochastic,0.05,10
947,503,1050,0.5601301636139843,0.8531930323175798,0.883379958624771,6.62090813093981,4.9840954274353875,7.132380952380952,224,3,50,0.5,0.5,0.5,genetic,stochastic,stochastic,0.05,10
989,490,1021,0.5618976371129166,0.842463540939278,0.8840534898644158,6.515672396359959,4.936734693877551,7.198824681684623,225,3,50,0.5,0.5,0.5,genetic,stochastic,stochastic,0.05,10
1022,479,999,0.5641649271753907,0.8354026887700632,0.8832289700362161,6.546966731898239,5.035490605427975,7.555555555555555,226,3,50,0.5,0.5,0.5,genetic,stochastic,stochastic,0.05,10
1061,500,939,0.5652339701101907,0.8373968342503469,0.8838515189031121,6.722902921771913,4.944,7.757188498402556,227,3,50,0.5,0.5,0.5,genetic,stochastic,stochastic,0.05,10
1111,509,880,0.5668622487170445,0.8354619333150762,0.883965055872052,6.774077407740774,4.99607072691552,7.8113636363636365,228,3,50,0.5,0.5,0.5,genetic,stochastic,stochastic,0.05,10
1106,537,857,0.5655773734996873,0.8321144394814755,0.8847554012914848,7.0153707052441225,4.951582867783985,7.847141190198366,229,3,50,0.5,0.5,0.5,genetic,stochastic,stochastic,0.05,10
1108,550,842,0.5662650410288269,0.831679450694689,0.8865740086611451,7.233754512635379,4.738181818181818,7.7042755344418055,230,3,50,0.5,0.5,0.5,genetic,stochastic,stochastic,0.05,10
1133,579,788,0.5656142691961514,0.8353153237354357,0.8845378455214248,7.314210061782878,4.68566493955095,7.741116751269035,231,3,50,0.5,0.5,0.5,genetic,stochastic,stochastic,0.05,10
1110,599,791,0.5649429836962739,0.8388675218607229,0.8883017448732563,7.638738738738739,4.639398998330551,7.7724399494311,232,3,50,0.5,0.5,0.5,genetic,stochastic,stochastic,0.05,10
1078,646,776,0.5637029090615416,0.8343463461699309,0.889450785543995,7.862708719851577,4.643962848297214,7.842783505154639,233,3,50,0.5,0.5,0.5,genetic,stochastic,stochastic,0.05,10
1018,691,791,0.5637951554887202,0.8287528035274997,0.8912054526066426,8.156188605108055,4.756874095513748,7.77117572692794,234,3,50,0.5,0.5,0.5,genetic,stochastic,stochastic,0.05,10
962,747,791,0.5630439623354592,0.8326287944479742,0.8934494453653807,8.312889812889813,4.829986613119143,7.888748419721871,235,3,50,0.5,0.5,0.5,genetic,stochastic,stochastic,0.05,10
918,766,816,0.5638239419875681,0.8332733229285394,0.8940600617033643,8.369281045751634,4.996083550913838,7.512254901960785,236,3,50,0.5,0.5,0.5,genetic,stochastic,stochastic,0.05,10
903,774,823,0.5628325682143782,0.8339228471790676,0.8967469363357738,8.287929125138428,5.183462532299742,7.3365735115431345,237,3,50,0.5,0.5,0.5,genetic,stochastic,stochastic,0.05,10
878,759,863,0.5647246121512967,0.8336739771985919,0.897436741272633,8.199316628701595,5.363636363636363,6.977983777520278,238,3,50,0.5,0.5,0.5,genetic,stochastic,stochastic,0.05,10
870,741,889,0.5630289632973038,0.8310490657609442,0.8981316425055311,7.995402298850575,5.407557354925776,6.7390326209223845,239,3,50,0.5,0.5,0.5,genetic,stochastic,stochastic,0.05,10
869,710,921,0.5642425679326012,0.8332429456996198,0.8990486326705684,7.790563866513233,5.363380281690141,6.418023887079261,240,3,50,0.5,0.5,0.5,genetic,stochastic,stochastic,0.05,10
840,696,964,0.5652814264950523,0.8314285171289243,0.8981469326995273,7.744047619047619,5.271551724137931,6.331950207468879,241,3,50,0.5,0.5,0.5,genetic,stochastic,stochastic,0.05,10
838,671,991,0.5644750997576335,0.8312435097526313,0.8997177856124694,7.682577565632458,5.305514157973175,6.306760847628658,242,3,50,0.5,0.5,0.5,genetic,stochastic,stochastic,0.05,10
841,651,1008,0.5683697822897323,0.8324629432350625,0.901784344026906,7.329369797859691,5.218125960061444,6.375992063492063,243,3,50,0.5,0.5,0.5,genetic,stochastic,stochastic,0.05,10
840,640,1020,0.5705337395089568,0.8300058068359404,0.9032303599955125,7.1988095238095235,5.128125,6.354901960784313,244,3,50,0.5,0.5,0.5,genetic,stochastic,stochastic,0.05,10
832,598,1070,0.5711837857067104,0.8340694290748492,0.9031939252150673,7.179086538461538,4.973244147157191,6.398130841121495,245,3,50,0.5,0.5,0.5,genetic,stochastic,stochastic,0.05,10
834,579,1087,0.5718484772503968,0.8402257863591208,0.9021856051984397,7.113908872901678,4.839378238341969,6.39374425022999,246,3,50,0.5,0.5,0.5,genetic,stochastic,stochastic,0.05,10
834,563,1103,0.5726812775561382,0.8485375484743997,0.8999567730045035,7.101918465227818,4.792184724689165,6.58023572076156,247,3,50,0.5,0.5,0.5,genetic,stochastic,stochastic,0.05,10
827,584,1089,0.5741379456957492,0.85830022127707,0.8994354236147425,6.844014510278114,4.553082191780822,6.929292929292929,248,3,50,0.5,0.5,0.5,genetic,stochastic,stochastic,0.05,10
813,566,1121,0.575041783553641,0.8631228665467513,0.8965279076506331,6.645756457564576,4.434628975265018,6.991971454058876,249,3,50,0.5,0.5,0.5,genetic,stochastic,stochastic,0.05,10
843,536,1121,0.5776879519882598,0.8621339790391988,0.8943813622235569,6.73902728351127,4.606343283582089,7.167707404103479,250,3,50,0.5,0.5,0.5,genetic,stochastic,stochastic,0.05,10
865,530,1105,0.5794916760274967,0.8597834849947393,0.8924915045741721,6.58728323699422,4.667924528301887,7.419004524886878,251,3,50,0.5,0.5,0.5,genetic,stochastic,stochastic,0.05,10
896,483,1121,0.5818013365679169,0.8585525406162168,0.8891393066817659,6.456473214285714,4.619047619047619,7.289919714540589,252,3,50,0.5,0.5,0.5,genetic,stochastic,stochastic,0.05,10
944,470,1086,0.582872076503796,0.8571628084757557,0.885960066051175,6.34957627118644,4.625531914893617,7.3812154696132595,253,3,50,0.5,0.5,0.5,genetic,stochastic,stochastic,0.05,10
982,467,1051,0.5834360578108054,0.8606767288023404,0.8835020130001761,6.3044806517311605,4.601713062098501,7.537583254043768,254,3,50,0.5,0.5,0.5,genetic,stochastic,stochastic,0.05,10
1035,448,1017,0.5821386071516976,0.8570683231214188,0.8818229196736332,6.366183574879227,4.508928571428571,7.6234021632251725,255,3,50,0.5,0.5,0.5,genetic,stochastic,stochastic,0.05,10
1074,454,972,0.5827459945160707,0.8572067490934637,0.882880551910563,6.436685288640596,4.5176211453744495,7.799382716049383,256,3,50,0.5,0.5,0.5,genetic,stochastic,stochastic,0.05,10
1087,477,936,0.581750820865505,0.8521519661344895,0.8802329879614093,6.639374425022999,4.482180293501048,7.930555555555555,257,3,50,0.5,0.5,0.5,genetic,stochastic,stochastic,0.05,10
1099,483,918,0.5809827688768342,0.8473828998003357,0.8798883314082674,6.89080982711556,4.511387163561077,7.931372549019608,258,3,50,0.5,0.5,0.5,genetic,stochastic,stochastic,0.05,10
1125,487,888,0.5819351874322447,0.8437498856920207,0.8806770033820341,7.030222222222222,4.507186858316222,7.827702702702703,259,3,50,0.5,0.5,0.5,genetic,stochastic,stochastic,0.05,10
1153,492,855,0.5808816112962225,0.8448834006928176,0.8788876961530112,7.264527320034692,4.713414634146342,7.941520467836257,260,3,50,0.5,0.5,0.5,genetic,stochastic,stochastic,0.05,10
1206,490,804,0.5798172418937753,0.8433393841890117,0.8778824045925919,7.356550580431177,4.704081632653061,7.690298507462686,261,3,50,0.5,0.5,0.5,genetic,stochastic,stochastic,0.05,10
1237,494,769,0.5807396308809389,0.8430394380339298,0.8764137752140232,7.512530315278901,4.6437246963562755,7.635890767230169,262,3,50,0.5,0.5,0.5,genetic,stochastic,stochastic,0.05,10
1225,513,762,0.5796623253103261,0.8534104734908291,0.8765824882342157,7.888163265306122,4.405458089668616,7.639107611548557,263,3,50,0.5,0.5,0.5,genetic,stochastic,stochastic,0.05,10
1232,529,739,0.5790136470571078,0.8580838257350722,0.8775556520902476,8.06737012987013,4.4366729678638945,7.548037889039242,264,3,50,0.5,0.5,0.5,genetic,stochastic,stochastic,0.05,10
1213,557,730,0.5792289577554699,0.8650019805943712,0.8819907854378581,8.303380049464138,4.400359066427289,7.36027397260274,265,3,50,0.5,0.5,0.5,genetic,stochastic,stochastic,0.05,10
1187,602,711,0.5796542605839629,0.8705111217171285,0.8833747303780335,8.561920808761585,4.397009966777409,7.3980309423347395,266,3,50,0.5,0.5,0.5,genetic,stochastic,stochastic,0.05,10
1150,632,718,0.5766825909380076,0.8689789733860339,0.883387360191816,8.84086956521739,4.386075949367089,7.1016713091922,267,3,50,0.5,0.5,0.5,genetic,stochastic,stochastic,0.05,10
1137,645,718,0.5771895003920819,0.8686372830896846,0.8882439296170318,8.956904133685136,4.2775193798449616,6.644846796657381,268,3,50,0.5,0.5,0.5,genetic,stochastic,stochastic,0.05,10
1133,648,719,0.5782923998555651,0.8695444103973183,0.8913216221605473,8.985878199470433,4.347222222222222,6.354659248956884,269,3,50,0.5,0.5,0.5,genetic,stochastic,stochastic,0.05,10
1089,694,717,0.578140218646323,0.865240971971417,0.892650437299083,9.15977961432507,4.337175792507205,6.2803347280334725,270,3,50,0.5,0.5,0.5,genetic,stochastic,stochastic,0.05,10
1039,719,742,0.5785824549364486,0.8644015171154252,0.8939567609416803,9.24446583253128,4.401947148817802,6.3652291105121295,271,3,50,0.5,0.5,0.5,genetic,stochastic,stochastic,0.05,10
974,744,782,0.5774668779088006,0.8616677300325939,0.892758729854114,9.330595482546201,4.603494623655914,6.235294117647059,272,3,50,0.5,0.5,0.5,genetic,stochastic,stochastic,0.05,10
920,761,819,0.5785217624117516,0.8571766256057708,0.8880328651786563,9.119565217391305,4.646517739816032,6.03052503052503,273,3,50,0.5,0.5,0.5,genetic,stochastic,stochastic,0.05,10
894,747,859,0.5812127413258684,0.8517425254772147,0.8864380277767505,8.953020134228188,4.829986613119143,5.960419091967404,274,3,50,0.5,0.5,0.5,genetic,stochastic,stochastic,0.05,10
872,722,906,0.5831217644072035,0.8471273006276636,0.8826159613642691,8.869266055045872,4.854570637119114,5.9260485651214125,275,3,50,0.5,0.5,0.5,genetic,stochastic,stochastic,0.05,10
845,732,923,0.5829378185919425,0.8421719890800619,0.8782622075956876,8.371597633136094,4.904371584699454,6.0,276,3,50,0.5,0.5,0.5,genetic,stochastic,stochastic,0.05,10
834,714,952,0.5853528699695876,0.8441436208655391,0.8760150690250877,7.9844124700239805,5.008403361344538,6.105042016806722,277,3,50,0.5,0.5,0.5,genetic,stochastic,stochastic,0.05,10
809,721,970,0.5860444556658341,0.8397445520671757,0.8707103035279854,7.644004944375773,5.083217753120666,6.387628865979382,278,3,50,0.5,0.5,0.5,genetic,stochastic,stochastic,0.05,10
828,674,998,0.5891280544108858,0.8418168708542239,0.867925714189322,7.368357487922705,5.421364985163205,6.342685370741483,279,3,50,0.5,0.5,0.5,genetic,stochastic,stochastic,0.05,10
851,643,1006,0.5925819774777547,0.8405606895320638,0.8669381177523694,7.257344300822561,5.590979782270606,6.414512922465208,280,3,50,0.5,0.5,0.5,genetic,stochastic,stochastic,0.05,10
895,589,1016,0.5938862635527993,0.8393909406715319,0.8655858009862992,7.035754189944134,5.689303904923599,6.530511811023622,281,3,50,0.5,0.5,0.5,genetic,stochastic,stochastic,0.05,10
891,572,1037,0.5946122152584982,0.8388245296029049,0.8677004237704959,6.864197530864198,5.486013986013986,6.545805207328833,282,3,50,0.5,0.5,0.5,genetic,stochastic,stochastic,0.05,10
933,561,1006,0.5939884102790287,0.8335538067612033,0.8660336736132228,6.667738478027867,5.383244206773618,6.692842942345925,283,3,50,0.5,0.5,0.5,genetic,stochastic,stochastic,0.05,10
970,523,1007,0.5935434700479179,0.8324888987040504,0.8641291320554927,6.71340206185567,5.2007648183556405,6.681231380337636,284,3,50,0.5,0.5,0.5,genetic,stochastic,stochastic,0.05,10
988,524,988,0.5935838417154026,0.8232043257350767,0.8648091316705696,6.769230769230769,4.980916030534351,6.782388663967612,285,3,50,0.5,0.5,0.5,genetic,stochastic,stochastic,0.05,10
1020,534,946,0.5933130393020147,0.817232565272904,0.8610349755586897,6.609803921568627,4.882022471910112,6.7431289640591965,286,3,50,0.5,0.5,0.5,genetic,stochastic,stochastic,0.05,10
997,586,917,0.5924123312508234,0.816508576089087,0.8614089685552254,6.553660982948847,4.6552901023890785,6.974918211559433,287,3,50,0.5,0.5,0.5,genetic,stochastic,stochastic,0.05,10
991,618,891,0.5912232704970505,0.8241912365455194,0.8624087476261229,6.658930373360242,4.533980582524272,7.058361391694725,288,3,50,0.5,0.5,0.5,genetic,stochastic,stochastic,0.05,10
968,634,898,0.592008277300708,0.8341063170913979,0.8669874913492207,6.839876033057851,4.55993690851735,6.919821826280623,289,3,50,0.5,0.5,0.5,genetic,stochastic,stochastic,0.05,10
930,657,913,0.5916246277378984,0.8380603353267715,0.8698012052127899,6.950537634408602,4.58751902587519,6.92223439211391,290,3,50,0.5,0.5,0.5,genetic,stochastic,stochastic,0.05,10
918,662,920,0.5888230946051553,0.8432589161788437,0.8735125684735275,7.007625272331155,4.7009063444108765,6.971739130434782,291,3,50,0.5,0.5,0.5,genetic,stochastic,stochastic,0.05,10
912,669,919,0.5879108032790684,0.8418149577585817,0.8753250147214048,6.926535087719298,4.647234678624813,6.801958650707291,292,3,50,0.5,0.5,0.5,genetic,stochastic,stochastic,0.05,10
907,664,929,0.5876320513565039,0.8410012156158022,0.8749658489209614,6.941565600882028,4.700301204819277,6.813778256189451,293,3,50,0.5,0.5,0.5,genetic,stochastic,stochastic,0.05,10
906,671,923,0.5882867081049054,0.8439785579412992,0.8760582310815773,6.886313465783664,4.771982116244411,6.869989165763814,294,3,50,0.5,0.5,0.5,genetic,stochastic,stochastic,0.05,10
942,661,897,0.5882974506868803,0.8435496191669924,0.8753226136850751,6.75796178343949,4.886535552193646,6.816053511705686,295,3,50,0.5,0.5,0.5,genetic,stochastic,stochastic,0.05,10
975,635,890,0.5879280350340441,0.8430605819383796,0.8739750119005937,6.627692307692308,5.001574803149606,6.7561797752808985,296,3,50,0.5,0.5,0.5,genetic,stochastic,stochastic,0.05,10
976,637,887,0.5880739365296278,0.8438483388346124,0.8781652888276971,6.714139344262295,5.054945054945055,6.7395715896279595,297,3,50,0.5,0.5,0.5,genetic,stochastic,stochastic,0.05,10
1021,613,866,0.5881881264983844,0.8425744529359022,0.8771714074130993,6.775710088148873,5.319738988580751,6.6639722863741335,298,3,50,0.5,0.5,0.5,genetic,stochastic,stochastic,0.05,10
1052,609,839,0.5879904889655196,0.842576963268259,0.8773495038458856,6.8393536121673,5.405582922824302,6.743742550655543,299,3,50,0.5,0.5,0.5,genetic,stochastic,stochastic,0.05,10
1050,616,834,0.5886041822101279,0.8381000980155708,0.8765218699150539,7.071428571428571,5.517857142857143,6.865707434052758,300,3,50,0.5,0.5,0.5,genetic,stochastic,stochastic,0.05,10
1048,629,823,0.5880184357212392,0.8354963140285593,0.8776279200509417,7.392175572519084,5.4499205087440385,6.922235722964763,301,3,50,0.5,0.5,0.5,genetic,stochastic,stochastic,0.05,10
1052,609,839,0.588461752188765,0.8328660051264816,0.878356300113422,7.5465779467680605,5.234811165845649,6.618593563766389,302,3,50,0.5,0.5,0.5,genetic,stochastic,stochastic,0.05,10
1037,622,841,0.5887293494034678,0.8344020193354131,0.8788944750512432,7.745419479267117,4.969453376205788,6.436385255648038,303,3,50,0.5,0.5,0.5,genetic,stochastic,stochastic,0.05,10
989,655,856,0.5878465419222336,0.8380354281424666,0.8763446776640026,7.839231547017189,4.635114503816794,6.385514018691588,304,3,50,0.5,0.5,0.5,genetic,stochastic,stochastic,0.05,10
978,686,836,0.5893224889516469,0.8342855335816782,0.8766418774421625,7.712678936605317,4.775510204081633,6.462918660287081,305,3,50,0.5,0.5,0.5,genetic,stochastic,stochastic,0.05,10
981,683,836,0.5916674435824947,0.8296943912820071,0.8800709763503444,7.581039755351682,4.751098096632504,6.41866028708134,306,3,50,0.5,0.5,0.5,genetic,stochastic,stochastic,0.05,10
983,709,808,0.5943530820470153,0.82825528931384,0.8791755590157352,7.511698880976602,4.858956276445698,6.5495049504950495,307,3,50,0.5,0.5,0.5,genetic,stochastic,stochastic,0.05,10
956,714,830,0.5929968435330257,0.8249963958288801,0.8800509748060266,7.2803347280334725,4.890756302521009,6.406024096385543,308,3,50,0.5,0.5,0.5,genetic,stochastic,stochastic,0.05,10
910,743,847,0.5945496303184334,0.8211093873074562,0.8811779903972661,7.207692307692308,4.843876177658142,6.482880755608028,309,3,50,0.5,0.5,0.5,genetic,stochastic,stochastic,0.05,10
913,740,847,0.595633395051367,0.8216618054738113,0.8799922591052449,6.979189485213581,5.010810810810811,6.363636363636363,310,3,50,0.5,0.5,0.5,genetic,stochastic,stochastic,0.05,10
895,737,868,0.5971872734279738,0.8218758141674317,0.8777608486673127,6.968715083798883,5.1831750339213025,6.36520737327189,311,3,50,0.5,0.5,0.5,genetic,stochastic,stochastic,0.05,10
889,699,912,0.596293633439129,0.8195580685211437,0.8743216317075829,7.112485939257593,5.361945636623748,6.280701754385965,312,3,50,0.5,0.5,0.5,genetic,stochastic,stochastic,0.05,10
897,686,917,0.5982186495036844,0.8223283919312594,0.870957908589388,6.969899665551839,5.228862973760933,6.181025081788441,313,3,50,0.5,0.5,0.5,genetic,stochastic,stochastic,0.05,10
881,673,946,0.5990034128658176,0.829205793394265,0.866453065463744,6.953461975028377,5.199108469539376,6.16384778012685,314,3,50,0.5,0.5,0.5,genetic,stochastic,stochastic,0.05,10
868,653,979,0.5990407193756447,0.8252965419650591,0.8659914684542458,7.11520737327189,5.136294027565084,6.22267620020429,315,3,50,0.5,0.5,0.5,genetic,stochastic,stochastic,0.05,10
829,676,995,0.5971561908491541,0.8300255723150314,0.864990859262092,7.04583835946924,4.9423076923076925,6.350753768844221,316,3,50,0.5,0.5,0.5,genetic,stochastic,stochastic,0.05,10
821,674,1005,0.5960749729276266,0.8287255848220739,0.8660014220328537,6.771010962241169,4.792284866468843,6.375124378109453,317,3,50,0.5,0.5,0.5,genetic,stochastic,stochastic,0.05,10
849,620,1031,0.5970705624695295,0.8293351604771865,0.8672378411203671,6.65959952885748,4.879032258064516,6.219204655674103,318,3,50,0.5,0.5,0.5,genetic,stochastic,stochastic,0.05,10
875,627,998,0.5987701201633152,0.8309326983526378,0.8704057509757946,6.469714285714286,4.92822966507177,6.316633266533066,319,3,50,0.5,0.5,0.5,genetic,stochastic,stochastic,0.05,10
878,616,1006,0.5998860302477987,0.8485608194814316,0.8725164358979667,6.417995444191344,4.857142857142857,6.562624254473161,320,3,50,0.5,0.5,0.5,genetic,stochastic,stochastic,0.05,10
933,595,972,0.6006570915580784,0.8565087307598576,0.8739928327749514,6.242229367631297,4.957983193277311,6.594650205761317,321,3,50,0.5,0.5,0.5,genetic,stochastic,stochastic,0.05,10
979,562,959,0.6014939147840919,0.8645380827696574,0.8745201954444879,6.305413687436159,4.9537366548042705,6.655891553701773,322,3,50,0.5,0.5,0.5,genetic,stochastic,stochastic,0.05,10
1008,573,919,0.6036795777319016,0.8655752330424291,0.8738788697206927,6.41765873015873,5.184991273996509,6.85310119695321,323,3,50,0.5,0.5,0.5,genetic,stochastic,stochastic,0.05,10
1026,562,912,0.6054868754711322,0.8699455487606582,0.8749365179999626,6.535087719298246,5.094306049822064,6.839912280701754,324,3,50,0.5,0.5,0.5,genetic,stochastic,stochastic,0.05,10
1073,555,872,0.6073734605606749,0.8726596390160477,0.8767337778234412,6.700838769804287,5.25045045045045,6.979357798165138,325,3,50,0.5,0.5,0.5,genetic,stochastic,stochastic,0.05,10
1083,568,849,0.6076732778044108,0.8728465059848548,0.8730995930283779,6.903047091412742,5.117957746478873,7.04829210836278,326,3,50,0.5,0.5,0.5,genetic,stochastic,stochastic,0.05,10
1080,589,831,0.6080539013723557,0.8679607743358808,0.8717588346047583,6.955555555555556,4.9083191850594226,6.88086642599278,327,3,50,0.5,0.5,0.5,genetic,stochastic,stochastic,0.05,10
1092,577,831,0.6099935788297262,0.8679316448553295,0.8700812753971897,7.141025641025641,4.906412478336222,6.78820697954272,328,3,50,0.5,0.5,0.5,genetic,stochastic,stochastic,0.05,10
1117,586,797,0.6129710682883615,0.867126761614129,0.8678681776865845,7.270367054610564,4.955631399317406,6.858218318695107,329,3,50,0.5,0.5,0.5,genetic,stochastic,stochastic,0.05,10
1123,604,773,0.6144581023725187,0.8626262140070283,0.8642797005771305,7.4603739982190564,4.897350993377484,6.754204398447607,330,3,50,0.5,0.5,0.5,genetic,stochastic,stochastic,0.05,10
1118,619,763,0.6170504337771552,0.8618989167664234,0.8606756614033384,7.667262969588551,4.809369951534733,6.714285714285714,331,3,50,0.5,0.5,0.5,genetic,stochastic,stochastic,0.05,10
1116,631,753,0.6185783385170441,0.8559603177598162,0.8604190370895777,7.842293906810036,4.729001584786054,6.51394422310757,332,3,50,0.5,0.5,0.5,genetic,stochastic,stochastic,0.05,10
1097,632,771,0.6183118725687133,0.8535688313100828,0.8627585107935372,8.002734731084777,4.555379746835443,6.255512321660182,333,3,50,0.5,0.5,0.5,genetic,stochastic,stochastic,0.05,10
1053,671,776,0.6193768034525927,0.8548144587164194,0.8606401498718037,8.266856600189934,4.5201192250372575,6.158505154639175,334,3,50,0.5,0.5,0.5,genetic,stochastic,stochastic,0.05,10
1003,685,812,0.6190725925559826,0.8535425430053556,0.8654708192787463,8.502492522432702,4.484671532846716,5.997536945812808,335,3,50,0.5,0.5,0.5,genetic,stochastic,stochastic,0.05,10
975,687,838,0.6195975818635244,0.8511243090290338,0.864333379419501,8.594871794871795,4.464337700145561,5.947494033412887,336,3,50,0.5,0.5,0.5,genetic,stochastic,stochastic,0.05,10
924,684,892,0.6194137518839663,0.8490172896544109,0.8708244741526044,8.791125541125542,4.4298245614035086,5.940582959641255,337,3,50,0.5,0.5,0.5,genetic,stochastic,stochastic,0.05,10
893,712,895,0.6194160493183873,0.846500260669249,0.873245296111466,8.555431131019036,4.450842696629214,6.093854748603352,338,3,50,0.5,0.5,0.5,genetic,stochastic,stochastic,0.05,10
840,750,910,0.6189907060838876,0.8406410073196179,0.8774084814080072,8.333333333333334,4.376,6.242857142857143,339,3,50,0.5,0.5,0.5,genetic,stochastic,stochastic,0.05,10
802,777,921,0.620478326503187,0.8351055153491969,0.8824864735683837,7.975062344139651,4.427284427284428,6.423452768729642,340,3,50,0.5,0.5,0.5,genetic,stochastic,stochastic,0.05,10
769,799,932,0.6204634213152936,0.8379907691346766,0.8877996780467876,7.417425227568271,4.478097622027534,6.368025751072961,341,3,50,0.5,0.5,0.5,genetic,stochastic,stochastic,0.05,10
738,808,954,0.6225125035666743,0.8336078791231795,0.8907690253221732,6.720867208672087,4.731435643564357,6.461215932914046,342,3,50,0.5,0.5,0.5,genetic,stochastic,stochastic,0.05,10
758,783,959,0.6239854274977336,0.8287758628452014,0.8949379717306561,6.412928759894459,4.968071519795657,6.507820646506778,343,3,50,0.5,0.5,0.5,genetic,stochastic,stochastic,0.05,10
764,762,974,0.6243650242596874,0.8257395590701904,0.8994549433581043,6.037958115183246,5.183727034120735,6.386036960985626,344,3,50,0.5,0.5,0.5,genetic,stochastic,stochastic,0.05,10
785,723,992,0.6241198498803401,0.8259053948772672,0.8977230223068062,5.873885350318472,5.431535269709544,6.342741935483871,345,3,50,0.5,0.5,0.5,genetic,stochastic,stochastic,0.05,10
825,661,1014,0.6262434647414303,0.8220051144029271,0.8978104157282466,5.941818181818181,5.691376701966717,6.260355029585799,346,3,50,0.5,0.5,0.5,genetic,stochastic,stochastic,0.05,10
876,592,1032,0.6276756038265434,0.813511287115994,0.898209388034219,6.062785388127854,6.047297297297297,6.202519379844961,347,3,50,0.5,0.5,0.5,genetic,stochastic,stochastic,0.05,10
939,510,1051,0.6254600362852482,0.8141138728003209,0.8953511701329937,6.171458998935037,6.078431372549019,6.1236917221693625,348,3,50,0.5,0.5,0.5,genetic,stochastic,stochastic,0.05,10
983,460,1057,0.6257413959297559,0.81610843269201,0.8942944082071541,6.355035605289928,5.804347826086956,6.106906338694418,349,3,50,0.5,0.5,0.5,genetic,stochastic,stochastic,0.05,10
1044,425,1031,0.6275633406244802,0.8127582896746662,0.8948319614410332,6.422413793103448,5.701176470588235,6.073714839961203,350,3,50,0.5,0.5,0.5,genetic,stochastic,stochastic,0.05,10
1075,396,1029,0.6275253453981385,0.8201513264106809,0.8941623712914196,6.766511627906977,5.409090909090909,6.313896987366375,351,3,50,0.5,0.5,0.5,genetic,stochastic,stochastic,0.05,10
1101,401,998,0.6282953767318727,0.8316590747466367,0.8957320845074949,6.940962761126249,4.670822942643391,6.569138276553106,352,3,50,0.5,0.5,0.5,genetic,stochastic,stochastic,0.05,10
1105,440,955,0.6286486252427778,0.8377616804595984,0.8962630198761756,7.127601809954752,4.218181818181818,6.887958115183246,353,3,50,0.5,0.5,0.5,genetic,stochastic,stochastic,0.05,10
1098,471,931,0.62936047038264,0.8382908225126506,0.8955417637665617,7.2923497267759565,4.014861995753716,7.091299677765843,354,3,50,0.5,0.5,0.5,genetic,stochastic,stochastic,0.05,10
1077,503,920,0.6304775323385822,0.8427922625309602,0.8983211042081635,7.432683379758589,3.9403578528827037,7.23695652173913,355,3,50,0.5,0.5,0.5,genetic,stochastic,stochastic,0.05,10
1061,553,886,0.6316240748006514,0.8418469743919785,0.8981736117864071,7.442035815268614,3.9258589511754067,7.40744920993228,356,3,50,0.5,0.5,0.5,genetic,stochastic,stochastic,0.05,10
1047,603,850,0.6306962175476877,0.8454557318948411,0.8961161204254983,7.423113658070678,4.008291873963516,7.436470588235294,357,3,50,0.5,0.5,0.5,genetic,stochastic,stochastic,0.05,10
1041,643,816,0.6299406108963728,0.8516721163721378,0.8937756958466028,7.413064361191163,4.171073094867807,7.631127450980392,358,3,50,0.5,0.5,0.5,genetic,stochastic,stochastic,0.05,10
1016,701,783,0.6303726692706327,0.8561881448321691,0.8923496435270619,7.250984251968504,4.265335235378031,7.558109833971903,359,3,50,0.5,0.5,0.5,genetic,stochastic,stochastic,0.05,10
989,743,768,0.6291712118744811,0.8563388416329748,0.8900683322487026,7.080889787664307,4.375504710632571,7.408854166666667,360,3,50,0.5,0.5,0.5,genetic,stochastic,stochastic,0.05,10
950,803,747,0.6292245102981853,0.8599006806811513,0.8865946489813615,6.877894736842105,4.514321295143213,7.27710843373494,361,3,50,0.5,0.5,0.5,genetic,stochastic,stochastic,0.05,10
923,807,770,0.6303154888284838,0.8573870892958402,0.8861447866610324,6.828819068255688,4.690210656753408,6.828571428571428,362,3,50,0.5,0.5,0.5,genetic,stochastic,stochastic,0.05,10
892,820,788,0.6286615998479851,0.8564337104686508,0.8878022756665246,6.7152466367713,4.791463414634146,6.659898477157361,363,3,50,0.5,0.5,0.5,genetic,stochastic,stochastic,0.05,10
872,802,826,0.6308141423333151,0.8617877259545292,0.8851018850624015,6.783256880733945,4.938902743142145,6.237288135593221,364,3,50,0.5,0.5,0.5,genetic,stochastic,stochastic,0.05,10
838,805,857,0.6318819614283616,0.8644682759822914,0.8820750824932277,6.762529832935561,4.888198757763975,6.033838973162194,365,3,50,0.5,0.5,0.5,genetic,stochastic,stochastic,0.05,10
830,772,898,0.63073633897663,0.8676353726425741,0.8811960969895842,6.692771084337349,4.86139896373057,5.665924276169265,366,3,50,0.5,0.5,0.5,genetic,stochastic,stochastic,0.05,10
848,728,924,0.6338621816562324,0.8689680769216048,0.8770876161274886,6.702830188679245,5.135989010989011,5.390692640692641,367,3,50,0.5,0.5,0.5,genetic,stochastic,stochastic,0.05,10
828,719,953,0.6331655317779249,0.8739030834150119,0.8781389968955842,6.644927536231884,5.027816411682893,5.523609653725079,368,3,50,0.5,0.5,0.5,genetic,stochastic,stochastic,0.05,10
822,698,980,0.6347514932741346,0.8742942993033855,0.8783108316893413,6.658150851581508,5.2206303724928365,5.5928571428571425,369,3,50,0.5,0.5,0.5,genetic,stochastic,stochastic,0.05,10
830,679,991,0.6336870068849324,0.8764066019138321,0.8785441956326488,6.746987951807229,5.326951399116347,5.6881937436932395,370,3,50,0.5,0.5,0.5,genetic,stochastic,stochastic,0.05,10
821,684,995,0.6329681974610496,0.8737405289903564,0.8771286908915871,6.707673568818514,5.387426900584796,5.94070351758794,371,3,50,0.5,0.5,0.5,genetic,stochastic,stochastic,0.05,10
840,668,992,0.6314877569222138,0.8724593047226912,0.8763392376479388,6.5928571428571425,5.505988023952096,6.196572580645161,372,3,50,0.5,0.5,0.5,genetic,stochastic,stochastic,0.05,10
823,666,1011,0.6320767638642854,0.8698880788367817,0.8746945743095069,6.506682867557716,5.352852852852853,6.354104846686449,373,3,50,0.5,0.5,0.5,genetic,stochastic,stochastic,0.05,10
832,656,1012,0.633217950011394,0.870458357431936,0.8765810023798672,6.268028846153846,5.196646341463414,6.479249011857707,374,3,50,0.5,0.5,0.5,genetic,stochastic,stochastic,0.05,10
875,624,1001,0.633482892576637,0.8685806869531846,0.877555330272938,6.219428571428572,5.326923076923077,6.618381618381618,375,3,50,0.5,0.5,0.5,genetic,stochastic,stochastic,0.05,10
895,586,1019,0.634685011533184,0.8697380415549365,0.8778128351227134,6.360893854748603,5.401023890784983,6.528949950932287,376,3,50,0.5,0.5,0.5,genetic,stochastic,stochastic,0.05,10
942,564,994,0.6359235843147022,0.8720750326565815,0.8768974785055137,6.356687898089172,5.450354609929078,6.43158953722334,377,3,50,0.5,0.5,0.5,genetic,stochastic,stochastic,0.05,10
955,571,974,0.6384987086969226,0.8724830379728783,0.8766362674635527,6.306806282722513,5.218914185639229,6.519507186858316,378,3,50,0.5,0.5,0.5,genetic,stochastic,stochastic,0.05,10
979,571,950,0.6407942007763823,0.8790011652225026,0.8782215046457342,6.227783452502553,5.008756567425569,6.478947368421053,379,3,50,0.5,0.5,0.5,genetic,stochastic,stochastic,0.05,10
1016,555,929,0.6416936808927384,0.8843291602522059,0.8797888916520278,6.144685039370079,4.90990990990991,6.3928955866523145,380,3,50,0.5,0.5,0.5,genetic,stochastic,stochastic,0.05,10
1040,563,897,0.6428343587988131,0.8857948291500038,0.8827524935033294,6.232692307692307,4.841918294849023,6.517279821627648,381,3,50,0.5,0.5,0.5,genetic,stochastic,stochastic,0.05,10
1033,593,874,0.6429060277410827,0.8823409435337666,0.8823216316931927,6.452081316553727,4.639123102866779,6.655606407322654,382,3,50,0.5,0.5,0.5,genetic,stochastic,stochastic,0.05,10
1041,603,856,0.6442306836708799,0.8807924764025432,0.8810858390856842,6.630163304514889,4.6716417910447765,6.627336448598131,383,3,50,0.5,0.5,0.5,genetic,stochastic,stochastic,0.05,10
1016,631,853,0.6447266608494603,0.8820574190451353,0.8783885148585052,6.812992125984252,4.646592709984152,6.651817116060961,384,3,50,0.5,0.5,0.5,genetic,stochastic,stochastic,0.05,10
971,692,837,0.6446021524236552,0.8815779024195687,0.8737595603360061,6.866117404737384,4.41907514450867,6.8482676224611705,385,3,50,0.5,0.5,0.5,genetic,stochastic,stochastic,0.05,10
950,734,816,0.6464114655350208,0.8817261308564902,0.8716816425258193,6.832631578947368,4.302452316076295,6.807598039215686,386,3,50,0.5,0.5,0.5,genetic,stochastic,stochastic,0.05,10
884,791,825,0.647886186266156,0.8840270443360979,0.8691146751893903,6.830316742081448,4.180783817951959,6.526060606060606,387,3,50,0.5,0.5,0.5,genetic,stochastic,stochastic,0.05,10
846,838,816,0.6519719313616014,0.8811504293102709,0.8686895265691453,6.51063829787234,4.252983293556086,6.348039215686274,388,3,50,0.5,0.5,0.5,genetic,stochastic,stochastic,0.05,10
816,828,856,0.6533942794809217,0.8804896644217678,0.8703954018372407,6.370098039215686,4.336956521739131,6.102803738317757,389,3,50,0.5,0.5,0.5,genetic,stochastic,stochastic,0.05,10
766,845,889,0.6525418259499257,0.8782221704086255,0.867683052794826,6.197127937336814,4.446153846153846,5.942632170978627,390,3,50,0.5,0.5,0.5,genetic,stochastic,stochastic,0.05,10
791,798,911,0.6518037728703846,0.8720594400378484,0.8661982057372793,6.0745891276864725,4.768170426065163,5.7200878155872665,391,3,50,0.5,0.5,0.5,genetic,stochastic,stochastic,0.05,10
760,813,927,0.6503426433699467,0.8641488018553694,0.8671226981320238,5.943421052631579,4.813038130381304,5.696871628910464,392,3,50,0.5,0.5,0.5,genetic,stochastic,stochastic,0.05,10
727,803,970,0.6490094527862263,0.8622546969524019,0.8646982425313131,5.9119669876203575,4.911581569115816,5.750515463917526,393,3,50,0.5,0.5,0.5,genetic,stochastic,stochastic,0.05,10
713,755,1032,0.6466478771612834,0.8597891164856115,0.8649137804857235,5.973352033660589,4.982781456953642,5.718023255813954,394,3,50,0.5,0.5,0.5,genetic,stochastic,stochastic,0.05,10
712,723,1065,0.6448144389457684,0.8603788299895013,0.8640564471382453,6.014044943820225,4.962655601659751,5.785915492957747,395,3,50,0.5,0.5,0.5,genetic,stochastic,stochastic,0.05,10
695,716,1089,0.6443854050334301,0.8556277369119095,0.8639916841266827,6.005755395683453,5.100558659217877,6.01010101010101,396,3,50,0.5,0.5,0.5,genetic,stochastic,stochastic,0.05,10
696,695,1109,0.6427313302335705,0.8571047897809826,0.8671292908981777,5.949712643678161,5.2892086330935255,6.221821460775473,397,3,50,0.5,0.5,0.5,genetic,stochastic,stochastic,0.05,10
730,657,1113,0.6427584844711661,0.8584880301955752,0.8688850175806196,5.7904109589041095,5.395738203957382,6.3764600179694515,398,3,50,0.5,0.5,0.5,genetic,stochastic,stochastic,0.05,10
733,619,1148,0.6436024672197493,0.8593051286779029,0.8667613095425712,5.874488403819918,5.405492730210016,6.539198606271777,399,3,50,0.5,0.5,0.5,genetic,stochastic,stochastic,0.05,10
753,606,1141,0.6433251591703442,0.853665108261607,0.8687108685862265,5.8326693227091635,5.483498349834983,6.840490797546012,400,3,50,0.5,0.5,0.5,genetic,stochastic,stochastic,0.05,10
796,581,1123,0.6431813664880595,0.8464475922642852,0.8710901663154701,5.849246231155779,5.628227194492255,7.035618878005343,401,3,50,0.5,0.5,0.5,genetic,stochastic,stochastic,0.05,10
838,566,1096,0.6424399017358164,0.843990498293979,0.8718755611138287,5.843675417661098,5.6978798586572434,7.219890510948905,402,3,50,0.5,0.5,0.5,genetic,stochastic,stochastic,0.05,10
875,554,1071,0.6424468890742984,0.8444671372506692,0.8721370256146374,5.905142857142857,5.662454873646209,7.46311858076564,403,3,50,0.5,0.5,0.5,genetic,stochastic,stochastic,0.05,10
892,559,1049,0.6415410084641521,0.8461095300368551,0.8676477340556645,5.928251121076233,5.420393559928444,7.7302192564347,404,3,50,0.5,0.5,0.5,genetic,stochastic,stochastic,0.05,10
932,559,1009,0.6401752758565272,0.8383664864581939,0.8681240321826849,5.885193133047211,5.474060822898032,7.793855302279485,405,3,50,0.5,0.5,0.5,genetic,stochastic,stochastic,0.05,10
961,562,977,0.6387823766416881,0.8385473597430145,0.8698833129637362,6.0135275754422475,5.494661921708185,7.916069600818833,406,3,50,0.5,0.5,0.5,genetic,stochastic,stochastic,0.05,10
973,586,941,0.639707729358948,0.8378011660701762,0.8711638025918654,6.135662898252827,5.302047781569966,8.157279489904358,407,3,50,0.5,0.5,0.5,genetic,stochastic,stochastic,0.05,10
1010,600,890,0.6428691892937193,0.8378068801956533,0.8737705008171436,6.123762376237623,5.263333333333334,8.124719101123596,408,3,50,0.5,0.5,0.5,genetic,stochastic,stochastic,0.05,10
1028,602,870,0.6438194794259532,0.8389209515849939,0.8749731890687305,6.3005836575875485,5.340531561461794,7.942528735632184,409,3,50,0.5,0.5,0.5,genetic,stochastic,stochastic,0.05,10
1043,598,859,0.6420955966938701,0.8409127934487326,0.8785537725614748,6.445829338446788,5.40133779264214,7.793946449359721,410,3,50,0.5,0.5,0.5,genetic,stochastic,stochastic,0.05,10
1048,592,860,0.6425826754870625,0.8424969562498256,0.8766395903318907,6.500954198473282,5.33445945945946,7.654651162790698,411,3,50,0.5,0.5,0.5,genetic,stochastic,stochastic,0.05,10
1056,580,864,0.6433157270694498,0.8474996593240612,0.878715746029406,6.715909090909091,5.325862068965518,7.266203703703703,412,3,50,0.5,0.5,0.5,genetic,stochastic,stochastic,0.05,10
1057,590,853,0.6435738890142755,0.8500532264523668,0.8758531906268178,6.729422894985809,5.172881355932203,6.921453692848769,413,3,50,0.5,0.5,0.5,genetic,stochastic,stochastic,0.05,10
1056,582,862,0.6440277497656005,0.8585903112360347,0.8757953785565458,6.862689393939394,4.9553264604811,6.68677494199536,414,3,50,0.5,0.5,0.5,genetic,stochastic,stochastic,0.05,10
1076,569,855,0.6442751835793351,0.8656714067246872,0.8728826231062528,6.909851301115242,4.731107205623902,6.47719298245614,415,3,50,0.5,0.5,0.5,genetic,stochastic,stochastic,0.05,10
1059,606,835,0.6446323296213075,0.8668706028123342,0.8679198268939773,7.0576015108593015,4.475247524752476,6.516167664670658,416,3,50,0.5,0.5,0.5,genetic,stochastic,stochastic,0.05,10
1019,658,823,0.6455101640675461,0.8712632141859665,0.8659178521989829,7.240431795878312,4.291793313069909,6.544349939246659,417,3,50,0.5,0.5,0.5,genetic,stochastic,stochastic,0.05,10
954,737,809,0.6468403380905916,0.8697492986791431,0.8664851977485736,7.2914046121593294,4.1723202170963365,6.7478368355995055,418,3,50,0.5,0.5,0.5,genetic,stochastic,stochastic,0.05,10
901,806,793,0.6494148551184442,0.8670224112507431,0.866026343059213,7.215316315205327,4.239454094292804,6.786885245901639,419,3,50,0.5,0.5,0.5,genetic,stochastic,stochastic,0.05,10
851,849,800,0.6515731592496785,0.8660010535738657,0.8672015734904958,7.0951821386604,4.360424028268551,6.71,420,3,50,0.5,0.5,0.5,genetic,stochastic,stochastic,0.05,10
811,871,818,0.6545067118473177,0.8653503741881121,0.8664656866017254,7.0147965474722564,4.632606199770379,6.667481662591687,421,3,50,0.5,0.5,0.5,genetic,stochastic,stochastic,0.05,10
763,889,848,0.658238689169405,0.8673269636076613,0.8665498369506448,6.925294888597641,4.849268841394825,6.568396226415095,422,3,50,0.5,0.5,0.5,genetic,stochastic,stochastic,0.05,10
761,862,877,0.6562508531895478,0.868938005920887,0.866823271878517,6.78712220762155,5.199535962877031,6.555302166476625,423,3,50,0.5,0.5,0.5,genetic,stochastic,stochastic,0.05,10
755,832,913,0.6571674242174357,0.8714823461906361,0.8706530126730596,6.647682119205298,5.311298076923077,6.180722891566265,424,3,50,0.5,0.5,0.5,genetic,stochastic,stochastic,0.05,10
736,770,994,0.6567235774898217,0.8719895983378994,0.8712988859202117,6.512228260869565,5.444155844155844,5.968812877263582,425,3,50,0.5,0.5,0.5,genetic,stochastic,stochastic,0.05,10
758,707,1035,0.6563997228040624,0.8697708929373015,0.8694588374498776,6.295514511873351,5.499292786421499,5.751690821256038,426,3,50,0.5,0.5,0.5,genetic,stochastic,stochastic,0.05,10
791,646,1063,0.6548352916455857,0.8662487743133264,0.8711004153566613,6.236409608091024,5.585139318885449,5.646284101599248,427,3,50,0.5,0.5,0.5,genetic,stochastic,stochastic,0.05,10
804,599,1097,0.6539260088684536,0.8636238233798835,0.8750129202274008,6.349502487562189,5.515859766277129,5.725615314494075,428,3,50,0.5,0.5,0.5,genetic,stochastic,stochastic,0.05,10
822,573,1105,0.6529924206138767,0.858308586008849,0.8736974797275869,6.346715328467154,5.191972076788831,5.876923076923077,429,3,50,0.5,0.5,0.5,genetic,stochastic,stochastic,0.05,10
841,536,1123,0.6509672520732823,0.8542147704343628,0.8706193073723517,6.418549346016647,5.117537313432836,6.090828138913624,430,3,50,0.5,0.5,0.5,genetic,stochastic,stochastic,0.05,10
857,548,1095,0.6518473155779936,0.8528116272319893,0.8668875391922701,6.498249708284714,5.072992700729927,6.409132420091324,431,3,50,0.5,0.5,0.5,genetic,stochastic,stochastic,0.05,10
875,538,1087,0.6511749981103924,0.8491175211051025,0.8625420440052479,6.553142857142857,4.845724907063197,6.632934682612696,432,3,50,0.5,0.5,0.5,genetic,stochastic,stochastic,0.05,10
890,543,1067,0.6514047736710515,0.8501450008649657,0.858700623292198,6.419101123595506,4.736648250460405,6.87535145267104,433,3,50,0.5,0.5,0.5,genetic,stochastic,stochastic,0.05,10
905,548,1047,0.6515483988036208,0.8511525200316158,0.8509033996835772,6.422099447513812,4.728102189781022,7.0983763132760265,434,3,50,0.5,0.5,0.5,genetic,stochastic,stochastic,0.05,10
942,570,988,0.6534560259614652,0.8524105885350787,0.8449449093976765,6.233545647558387,4.578947368421052,7.238866396761134,435,3,50,0.5,0.5,0.5,genetic,stochastic,stochastic,0.05,10
978,578,944,0.6550847506467976,0.854031816942053,0.8437767587481803,6.106339468302658,4.659169550173011,7.262711864406779,436,3,50,0.5,0.5,0.5,genetic,stochastic,stochastic,0.05,10
992,594,914,0.6591486203559291,0.8510917453774461,0.8439651537392837,6.179435483870968,4.713804713804714,7.4901531728665205,437,3,50,0.5,0.5,0.5,genetic,stochastic,stochastic,0.05,10
995,614,891,0.661207058069073,0.8520595964051628,0.8441405241093416,6.278391959798995,4.731270358306189,7.56341189674523,438,3,50,0.5,0.5,0.5,genetic,stochastic,stochastic,0.05,10
1008,626,866,0.6625713962063998,0.8507764879802138,0.8415884748000253,6.400793650793651,4.773162939297125,7.498845265588915,439,3,50,0.5,0.5,0.5,genetic,stochastic,stochastic,0.05,10
1016,621,863,0.6638048238934342,0.8466276057238227,0.8420665912246345,6.596456692913386,4.9549114331723025,7.501738122827346,440,3,50,0.5,0.5,0.5,genetic,stochastic,stochastic,0.05,10
1020,618,862,0.6653445107763069,0.8505798003437038,0.8414666998323796,6.686274509803922,5.08252427184466,7.392111368909513,441,3,50,0.5,0.5,0.5,genetic,stochastic,stochastic,0.05,10
1009,616,875,0.6670601519388352,0.8474371074874414,0.8437845342919071,6.912784935579782,5.0519480519480515,7.2708571428571425,442,3,50,0.5,0.5,0.5,genetic,stochastic,stochastic,0.05,10
1002,628,870,0.6698818553410902,0.8450949927814636,0.8473926502711387,7.036926147704591,4.942675159235669,7.202298850574713,443,3,50,0.5,0.5,0.5,genetic,stochastic,stochastic,0.05,10
995,649,856,0.6723341528517665,0.8407311925023025,0.8507960134292631,7.154773869346734,4.961479198767335,7.163551401869159,444,3,50,0.5,0.5,0.5,genetic,stochastic,stochastic,0.05,10
997,666,837,0.6737921470996442,0.8400744499735243,0.8530585789381427,7.148445336008024,4.885885885885886,7.137395459976105,445,3,50,0.5,0.5,0.5,genetic,stochastic,stochastic,0.05,10
1009,648,843,0.6742294091265392,0.8327577851238298,0.8500149509474157,7.031714568880079,4.867283950617284,6.907473309608541,446,3,50,0.5,0.5,0.5,genetic,stochastic,stochastic,0.05,10
996,681,823,0.6743854487049546,0.8344722070221444,0.8537051759825428,6.854417670682731,4.844346549192364,6.93681652490887,447,3,50,0.5,0.5,0.5,genetic,stochastic,stochastic,0.05,10
1001,708,791,0.674710307227164,0.8382196690476422,0.856762541974932,6.814185814185814,4.8559322033898304,6.994943109987358,448,3,50,0.5,0.5,0.5,genetic,stochastic,stochastic,0.05,10
994,738,768,0.6759406515443457,0.8378744505606794,0.8607978911151232,6.8561368209255535,4.97289972899729,6.9921875,449,3,50,0.5,0.5,0.5,genetic,stochastic,stochastic,0.05,10
989,730,781,0.6763688120286304,0.8327346298942649,0.862600634743425,6.915065722952478,4.973972602739726,6.549295774647887,450,3,50,0.5,0.5,0.5,genetic,stochastic,stochastic,0.05,10
990,710,800,0.6761731469059645,0.8345159880363943,0.8596963735358948,6.996969696969697,5.009859154929577,6.36125,451,3,50,0.5,0.5,0.5,genetic,stochastic,stochastic,0.05,10
990,715,795,0.6768292967010742,0.8362829464882493,0.8561679568112979,7.165656565656565,5.027972027972028,6.329559748427673,452,3,50,0.5,0.5,0.5,genetic,stochastic,stochastic,0.05,10
963,726,811,0.6755609342660738,0.8381135958431855,0.8558989712233142,7.268951194184839,4.980716253443526,6.203452527743527,453,3,50,0.5,0.5,0.5,genetic,stochastic,stochastic,0.05,10
917,774,809,0.6761841577690005,0.8461854983176464,0.8528141670755959,7.309705561613958,4.897932816537468,6.180469715698393,454,3,50,0.5,0.5,0.5,genetic,stochastic,stochastic,0.05,10
886,785,829,0.6740840019971098,0.845592126305984,0.8519375631594385,7.12979683972912,4.9019108280254775,6.223160434258142,455,3,50,0.5,0.5,0.5,genetic,stochastic,stochastic,0.05,10
860,813,827,0.6736662392941137,0.8449772053581958,0.8510136657928765,6.941860465116279,4.92619926199262,6.18863361547763,456,3,50,0.5,0.5,0.5,genetic,stochastic,stochastic,0.05,10
866,806,828,0.6747738646449029,0.8461260737858445,0.8535407287011213,6.827944572748268,5.11166253101737,5.926328502415459,457,3,50,0.5,0.5,0.5,genetic,stochastic,stochastic,0.05,10
849,803,848,0.6712389511273067,0.8466317597102241,0.8481541697930324,6.9493521790341575,5.312577833125778,5.929245283018868,458,3,50,0.5,0.5,0.5,genetic,stochastic,stochastic,0.05,10
861,793,846,0.6701098434474014,0.8486807661298161,0.8460076038396542,7.011614401858305,5.551071878940731,6.057919621749409,459,3,50,0.5,0.5,0.5,genetic,stochastic,stochastic,0.05,10
858,779,863,0.6706581098982881,0.8506894938645366,0.8443212693413583,7.108391608391608,5.636713735558408,6.0637311703360375,460,3,50,0.5,0.5,0.5,genetic,stochastic,stochastic,0.05,10
885,744,871,0.6713847516706315,0.8551102949614764,0.841559583104936,7.231638418079096,6.036290322580645,6.1320321469575205,461,3,50,0.5,0.5,0.5,genetic,stochastic,stochastic,0.05,10
884,711,905,0.6700384681297824,0.8530442891665578,0.8389353953223017,7.4389140271493215,6.171589310829817,6.141436464088398,462,3,50,0.5,0.5,0.5,genetic,stochastic,stochastic,0.05,10
895,646,959,0.6692939067815734,0.8523628533894764,0.8366348799507687,7.622346368715084,6.239938080495356,6.08133472367049,463,3,50,0.5,0.5,0.5,genetic,stochastic,stochastic,0.05,10
897,599,1004,0.6713648433778378,0.8517257993051959,0.8324702080992874,7.704570791527313,6.332220367278798,6.218127490039841,464,3,50,0.5,0.5,0.5,genetic,stochastic,stochastic,0.05,10
916,540,1044,0.6724196068494933,0.8511468848339442,0.8265827020080444,7.830786026200873,6.35,6.277777777777778,465,3,50,0.5,0.5,0.5,genetic,stochastic,stochastic,0.05,10
960,506,1034,0.6734060800576962,0.8520476569757216,0.8235958534762701,7.769791666666666,6.24901185770751,6.366537717601547,466,3,50,0.5,0.5,0.5,genetic,stochastic,stochastic,0.05,10
964,497,1039,0.6735610099186821,0.8592429810917257,0.8250294173888595,7.596473029045643,5.559356136820925,6.53897978825794,467,3,50,0.5,0.5,0.5,genetic,stochastic,stochastic,0.05,10
972,498,1030,0.6758314673762966,0.8586708559898206,0.8242186016087019,7.563786008230453,5.184738955823293,6.742718446601942,468,3,50,0.5,0.5,0.5,genetic,stochastic,stochastic,0.05,10
1000,490,1010,0.6762328207956804,0.8563043672179642,0.8212300844892308,7.385,4.6571428571428575,6.862376237623763,469,3,50,0.5,0.5,0.5,genetic,stochastic,stochastic,0.05,10
1025,522,953,0.6771851062964619,0.8519492466140528,0.8191168816285964,7.2058536585365855,4.431034482758621,7.104931794333683,470,3,50,0.5,0.5,0.5,genetic,stochastic,stochastic,0.05,10
1022,578,900,0.676396907916257,0.855396543206434,0.8165265018040059,7.111545988258317,4.340830449826989,7.457777777777777,471,3,50,0.5,0.5,0.5,genetic,stochastic,stochastic,0.05,10
1010,641,849,0.6768464460812791,0.8540395990304628,0.8188788355375661,6.881188118811881,4.226209048361935,7.593639575971731,472,3,50,0.5,0.5,0.5,genetic,stochastic,stochastic,0.05,10
1028,674,798,0.6774078526690713,0.8592128628310314,0.8199887108748761,6.641050583657588,4.29673590504451,7.7180451127819545,473,3,50,0.5,0.5,0.5,genetic,stochastic,stochastic,0.05,10
1009,731,760,0.6789919665193609,0.8542281895046834,0.8249353340774023,6.669970267591675,4.47469220246238,7.838157894736842,474,3,50,0.5,0.5,0.5,genetic,stochastic,stochastic,0.05,10
1021,775,704,0.6789893553376812,0.8530488571480367,0.8312063337531751,6.504407443682664,4.621935483870968,7.627840909090909,475,3,50,0.5,0.5,0.5,genetic,stochastic,stochastic,0.05,10
1029,817,654,0.6802397570731993,0.8496353958568736,0.8397842079107095,6.506316812439262,4.899632802937576,7.466360856269113,476,3,50,0.5,0.5,0.5,genetic,stochastic,stochastic,0.05,10
1038,844,618,0.6775226136766628,0.8451159277398329,0.8413949523946862,6.52504816955684,5.161137440758294,7.033980582524272,477,3,50,0.5,0.5,0.5,genetic,stochastic,stochastic,0.05,10
993,896,611,0.678487941889777,0.8402167691547149,0.8447174740656836,6.638469284994965,5.219866071428571,6.716857610474632,478,3,50,0.5,0.5,0.5,genetic,stochastic,stochastic,0.05,10
947,925,628,0.6786644587903914,0.8348014653794704,0.8467739388987711,6.950369588173179,5.391351351351352,6.35828025477707,479,3,50,0.5,0.5,0.5,genetic,stochastic,stochastic,0.05,10
919,935,646,0.6796371548503375,0.8287238333840388,0.8524160251338119,7.032644178454842,5.552941176470588,5.815789473684211,480,3,50,0.5,0.5,0.5,genetic,stochastic,stochastic,0.05,10
882,918,700,0.6807843581431963,0.8260630882770089,0.8547280666051893,7.192743764172335,5.760348583877995,5.617142857142857,481,3,50,0.5,0.5,0.5,genetic,stochastic,stochastic,0.05,10
849,882,769,0.6798319863695302,0.8183314242737927,0.8569583255258174,7.500588928150766,5.964852607709751,5.29778933680104,482,3,50,0.5,0.5,0.5,genetic,stochastic,stochastic,0.05,10
816,832,852,0.6796738418178402,0.8098401647681178,0.8565952804452782,7.863970588235294,6.0889423076923075,5.264084507042254,483,3,50,0.5,0.5,0.5,genetic,stochastic,stochastic,0.05,10
811,781,908,0.6801840422013883,0.80416536155932,0.8578395065201988,8.141800246609124,6.384122919334187,5.297356828193832,484,3,50,0.5,0.5,0.5,genetic,stochastic,stochastic,0.05,10
819,740,941,0.6796820355129908,0.7964869218681315,0.8545689054303918,8.17094017094017,6.535135135135135,5.468650371944739,485,3,50,0.5,0.5,0.5,genetic,stochastic,stochastic,0.05,10
821,716,963,0.6800517782401024,0.7908829087083127,0.8515730624359835,8.190012180267965,6.512569832402234,5.712357217030114,486,3,50,0.5,0.5,0.5,genetic,stochastic,stochastic,0.05,10
801,717,982,0.6790190915786739,0.792126552123258,0.8476548089748818,8.233458177278402,6.408647140864714,5.924643584521385,487,3,50,0.5,0.5,0.5,genetic,stochastic,stochastic,0.05,10
800,713,987,0.6775099577689181,0.7907793765484825,0.8448619162021507,8.09375,6.340813464235624,6.180344478216819,488,3,50,0.5,0.5,0.5,genetic,stochastic,stochastic,0.05,10
819,700,981,0.6775490941388496,0.7921384497340572,0.842253820367673,7.695970695970696,6.305714285714286,6.378185524974516,489,3,50,0.5,0.5,0.5,genetic,stochastic,stochastic,0.05,10
863,682,955,0.6769629453083752,0.7936349603663564,0.8421184701271114,7.46234067207416,6.209677419354839,6.6,490,3,50,0.5,0.5,0.5,genetic,stochastic,stochastic,0.05,10
865,690,945,0.6786623713923962,0.7948532905308926,0.8467141981804078,7.247398843930636,5.9855072463768115,6.688888888888889,491,3,50,0.5,0.5,0.5,genetic,stochastic,stochastic,0.05,10
884,687,929,0.679122324431749,0.8023415006575689,0.8445945764826046,7.0622171945701355,5.950509461426492,6.815931108719052,492,3,50,0.5,0.5,0.5,genetic,stochastic,stochastic,0.05,10
909,676,915,0.6792508942469345,0.8049557276192622,0.8425839348392941,7.053905390539054,5.96301775147929,6.954098360655737,493,3,50,0.5,0.5,0.5,genetic,stochastic,stochastic,0.05,10
949,654,897,0.6766506655587433,0.8073496140931045,0.8405272440141534,6.916754478398314,5.862385321100917,6.866220735785953,494,3,50,0.5,0.5,0.5,genetic,stochastic,stochastic,0.05,10
1001,649,850,0.6764069033136484,0.8155556621788667,0.8385481680519602,6.825174825174825,5.859784283513097,6.932941176470588,495,3,50,0.5,0.5,0.5,genetic,stochastic,stochastic,0.05,10
1020,657,823,0.6780038491800673,0.8195652106137405,0.8401061626244869,6.776470588235294,5.6697108066971085,6.867557715674362,496,3,50,0.5,0.5,0.5,genetic,stochastic,stochastic,0.05,10
1020,663,817,0.6786205992979661,0.8234873905118822,0.840072331684941,6.866666666666666,5.574660633484163,6.784577723378213,497,3,50,0.5,0.5,0.5,genetic,stochastic,stochastic,0.05,10
1015,649,836,0.6782256275360956,0.8264917315999606,0.8376892866441795,7.016748768472906,5.520801232665639,6.570574162679426,498,3,50,0.5,0.5,0.5,genetic,stochastic,stochastic,0.05,10
1013,626,861,0.6768926436180901,0.8299199263023084,0.8341466268489602,7.198420533070089,5.544728434504792,6.435540069686411,499,3,50,0.5,0.5,0.5,genetic,stochastic,stochastic,0.05,10
