R_density,P_density,S_density,R_invasion,P_invasion,S_invasion,R_age,P_age,S_age,epoch,seed,grid_dim,R_init_invasion,P_init_invasion,S_init_invasion,R_policy,P_policy,S_policy,sigma,radius
799,863,838,0.5,0.5,0.5,0.0,0.0,0.0,0,0,50,0.5,0.5,0.5,genetic,genetic,genetic,0.05,20
773,869,858,0.4996988750885535,0.49988898636868556,0.5005957060876365,1.0,1.0,1.0,1,0,50,0.5,0.5,0.5,genetic,genetic,genetic,0.05,20
785,843,872,0.5008728063232731,0.4997328245797708,0.5015004749644854,1.8420382165605096,1.8659549228944248,1.8451834862385321,2,0,50,0.5,0.5,0.5,genetic,genetic,genetic,0.05,20
784,823,893,0.5008000125719057,0.5000003524746522,0.5018696436227221,2.5676020408163267,2.5990279465370594,2.5699888017917134,3,0,50,0.5,0.5,0.5,genetic,genetic,genetic,0.05,20
826,807,867,0.5006449232649751,0.49878498554096523,0.5024104697744297,3.1840193704600486,3.314745972738538,3.2560553633217992,4,0,50,0.5,0.5,0.5,genetic,genetic,genetic,0.05,20
838,804,858,0.5000971748320839,0.49994843700047226,0.501884047529782,3.7708830548926016,3.904228855721393,3.882284382284382,5,0,50,0.5,0.5,0.5,genetic,genetic,genetic,0.05,20
832,821,847,0.4994560724396553,0.5000512864963362,0.5001535314612922,4.215144230769231,4.33373934226553,4.404958677685951,6,0,50,0.5,0.5,0.5,genetic,genetic,genetic,0.05,20
843,823,834,0.49993358441315106,0.5006579567127541,0.500788991651122,4.644128113879003,4.789793438639125,4.857314148681056,7,0,50,0.5,0.5,0.5,genetic,genetic,genetic,0.05,20
867,824,809,0.49893734406243306,0.4992132047438698,0.5003546719823497,4.965397923875432,5.194174757281553,5.264524103831891,8,0,50,0.5,0.5,0.5,genetic,genetic,genetic,0.05,20
888,849,763,0.49953380168971934,0.4986098038130646,0.5001024007512422,5.243243243243243,5.5842167255594815,5.676277850589777,9,0,50,0.5,0.5,0.5,genetic,genetic,genetic,0.05,20
908,846,746,0.4991441961690416,0.4981008211686607,0.4982315701409239,5.475770925110132,5.891252955082742,5.831099195710456,10,0,50,0.5,0.5,0.5,genetic,genetic,genetic,0.05,20
902,850,748,0.4997105891891617,0.5001184546690473,0.4989343966287261,5.904656319290465,6.254117647058823,6.147058823529412,11,0,50,0.5,0.5,0.5,genetic,genetic,genetic,0.05,20
902,838,760,0.4996722996392764,0.5005561430134021,0.497519176635002,6.362527716186253,6.5966587112171835,6.307894736842106,12,0,50,0.5,0.5,0.5,genetic,genetic,genetic,0.05,20
888,853,759,0.4995118372858681,0.5009077775412187,0.49833142856782997,6.628378378378378,6.698710433763189,6.544137022397892,13,0,50,0.5,0.5,0.5,genetic,genetic,genetic,0.05,20
848,880,772,0.498071684154372,0.5019148093010591,0.4993027102907115,6.971698113207547,6.676136363636363,6.703367875647668,14,0,50,0.5,0.5,0.5,genetic,genetic,genetic,0.05,20
843,885,772,0.5012189560135116,0.501878928194887,0.49915792388796465,7.183867141162515,6.793220338983051,6.848445595854923,15,0,50,0.5,0.5,0.5,genetic,genetic,genetic,0.05,20
826,870,804,0.5032912660595031,0.5020352716855653,0.49991988819220196,7.5024213075060535,7.082758620689655,6.847014925373134,16,0,50,0.5,0.5,0.5,genetic,genetic,genetic,0.05,20
822,862,816,0.5032857032382623,0.5027220890991541,0.5004011856073101,7.557177615571776,7.230858468677495,6.947303921568627,17,0,50,0.5,0.5,0.5,genetic,genetic,genetic,0.05,20
826,875,799,0.5035852384545215,0.5036964555754859,0.5030058788694665,7.634382566585956,7.293714285714286,7.1013767209011265,18,0,50,0.5,0.5,0.5,genetic,genetic,genetic,0.05,20
788,889,823,0.5039221079766689,0.5036589459634118,0.504498652317392,7.605329949238579,7.165354330708661,6.986634264884569,19,0,50,0.5,0.5,0.5,genetic,genetic,genetic,0.05,20
781,892,827,0.505427380170895,0.5036627420070324,0.5053649581062524,7.573623559539053,7.288116591928251,7.185006045949214,20,0,50,0.5,0.5,0.5,genetic,genetic,genetic,0.05,20
760,914,826,0.5059125554540556,0.5027886803216695,0.5074517426930891,7.546052631578948,7.37308533916849,7.403147699757869,21,0,50,0.5,0.5,0.5,genetic,genetic,genetic,0.05,20
722,935,843,0.506123924710664,0.5008202056292488,0.5081485275751789,7.570637119113574,7.401069518716578,7.486358244365362,22,0,50,0.5,0.5,0.5,genetic,genetic,genetic,0.05,20
714,954,832,0.507381237020255,0.5017632047381299,0.5100870181860988,7.491596638655462,7.483228511530398,7.427884615384615,23,0,50,0.5,0.5,0.5,genetic,genetic,genetic,0.05,20
698,940,862,0.5078867386170529,0.5022734818799895,0.5121217737143311,7.392550143266476,7.4,7.269141531322505,24,0,50,0.5,0.5,0.5,genetic,genetic,genetic,0.05,20
698,933,869,0.5111372644690275,0.502012063163413,0.5130516126959156,7.289398280802292,7.607717041800643,7.37054085155351,25,0,50,0.5,0.5,0.5,genetic,genetic,genetic,0.05,20
695,942,863,0.5113520412825837,0.5019054759684828,0.5132568962652135,7.175539568345323,7.754777070063694,7.391657010428737,26,0,50,0.5,0.5,0.5,genetic,genetic,genetic,0.05,20
700,919,881,0.5093855030104196,0.5010520216637911,0.5135914005329042,7.145714285714286,7.838955386289445,7.414301929625426,27,0,50,0.5,0.5,0.5,genetic,genetic,genetic,0.05,20
690,916,894,0.5068471331533854,0.5021148582493625,0.5130617883085071,7.005797101449275,8.010917030567686,7.480984340044743,28,0,50,0.5,0.5,0.5,genetic,genetic,genetic,0.05,20
724,896,880,0.5101333370831287,0.5009234855706894,0.5142671121654029,7.00828729281768,8.373883928571429,7.578409090909091,29,0,50,0.5,0.5,0.5,genetic,genetic,genetic,0.05,20
739,888,873,0.5099599726309981,0.5007922811061201,0.5174925366898007,6.7740189445196215,8.427927927927929,7.619702176403207,30,0,50,0.5,0.5,0.5,genetic,genetic,genetic,0.05,20
753,866,881,0.5084976607259895,0.5012050058838429,0.5143497386225804,6.816733067729084,8.54849884526559,7.608399545970488,31,0,50,0.5,0.5,0.5,genetic,genetic,genetic,0.05,20
783,830,887,0.5097152994346897,0.5018054085170168,0.513288604903749,6.923371647509579,8.673493975903614,7.6324689966178125,32,0,50,0.5,0.5,0.5,genetic,genetic,genetic,0.05,20
816,804,880,0.5112424327672295,0.5024991487408879,0.5135477764122391,6.952205882352941,8.786069651741293,7.6215909090909095,33,0,50,0.5,0.5,0.5,genetic,genetic,genetic,0.05,20
841,797,862,0.510258314775775,0.5035614379513619,0.5125171051915581,7.035671819262783,8.8168130489335,7.890951276102088,34,0,50,0.5,0.5,0.5,genetic,genetic,genetic,0.05,20
861,794,845,0.5098883872931976,0.5038882459161566,0.5123297767399838,7.319396051103368,9.007556675062972,8.027218934911243,35,0,50,0.5,0.5,0.5,genetic,genetic,genetic,0.05,20
881,793,826,0.5106439148131289,0.504970938108367,0.5127124099426127,7.505107832009081,9.039092055485499,8.115012106537531,36,0,50,0.5,0.5,0.5,genetic,genetic,genetic,0.05,20
893,789,818,0.5100622353362592,0.5055681873733362,0.5141236227243118,7.711086226203808,9.008871989860584,8.2200488997555,37,0,50,0.5,0.5,0.5,genetic,genetic,genetic,0.05,20
877,792,831,0.5106892204806213,0.5060596097706889,0.5156274934585106,7.961231470923603,8.768939393939394,8.293622141997593,38,0,50,0.5,0.5,0.5,genetic,genetic,genetic,0.05,20
885,803,812,0.5119182761283162,0.505804844140597,0.5153080768253286,8.065536723163842,8.666251556662516,8.366995073891626,39,0,50,0.5,0.5,0.5,genetic,genetic,genetic,0.05,20
912,817,771,0.5101107800606924,0.5061078358667623,0.5140411776482049,8.013157894736842,8.605875152998776,8.444876783398184,40,0,50,0.5,0.5,0.5,genetic,genetic,genetic,0.05,20
894,818,788,0.5099884362724696,0.5057854382838923,0.5138623403903048,8.357941834451902,8.569682151589243,8.428934010152284,41,0,50,0.5,0.5,0.5,genetic,genetic,genetic,0.05,20
886,830,784,0.5098812020414194,0.5053306520268143,0.5133180458874739,8.325056433408578,8.556626506024097,8.571428571428571,42,0,50,0.5,0.5,0.5,genetic,genetic,genetic,0.05,20
907,815,778,0.510375761744083,0.5049140420267447,0.513116656874759,8.485115766262403,8.658895705521472,8.58611825192802,43,0,50,0.5,0.5,0.5,genetic,genetic,genetic,0.05,20
899,814,787,0.5115037119865659,0.5062699531873709,0.5132878098547887,8.661846496106785,8.604422604422604,8.372299872935196,44,0,50,0.5,0.5,0.5,genetic,genetic,genetic,0.05,20
900,820,780,0.5146111350811796,0.507660586003609,0.5146184929653296,8.617777777777778,8.519512195121951,8.38076923076923,45,0,50,0.5,0.5,0.5,genetic,genetic,genetic,0.05,20
883,836,781,0.5163906378570522,0.5076147074685723,0.5151320443298129,8.83352208380521,8.258373205741627,8.512163892445583,46,0,50,0.5,0.5,0.5,genetic,genetic,genetic,0.05,20
872,834,794,0.5169904626051007,0.508901783339114,0.5161724591838561,8.966743119266056,8.245803357314148,8.566750629722922,47,0,50,0.5,0.5,0.5,genetic,genetic,genetic,0.05,20
847,861,792,0.5173541520254531,0.5084898892072873,0.5160127575012146,9.035419126328216,8.059233449477352,8.64520202020202,48,0,50,0.5,0.5,0.5,genetic,genetic,genetic,0.05,20
843,883,774,0.5177283827520336,0.5086169721043948,0.5177109303815657,9.0355871886121,8.132502831257078,8.702842377260982,49,0,50,0.5,0.5,0.5,genetic,genetic,genetic,0.05,20
837,920,743,0.5186854923267852,0.5092772777544979,0.5169210520636905,8.790919952210276,8.259782608695652,8.783310901749664,50,0,50,0.5,0.5,0.5,genetic,genetic,genetic,0.05,20
828,930,742,0.5182709575225605,0.509871232817614,0.5177583590993264,8.71135265700483,8.234408602150538,8.609164420485175,51,0,50,0.5,0.5,0.5,genetic,genetic,genetic,0.05,20
824,935,741,0.5193470354366573,0.5096976473765475,0.5187312540415627,8.811893203883495,8.390374331550802,8.342780026990553,52,0,50,0.5,0.5,0.5,genetic,genetic,genetic,0.05,20
818,941,741,0.521365266498408,0.5095010744901193,0.5201943933354287,8.601466992665037,8.291179596174283,8.210526315789474,53,0,50,0.5,0.5,0.5,genetic,genetic,genetic,0.05,20
811,955,734,0.522641863013593,0.5104245152758651,0.5199693609226573,8.475955610357584,8.317277486910994,8.19482288828338,54,0,50,0.5,0.5,0.5,genetic,genetic,genetic,0.05,20
827,953,720,0.5232235918018254,0.5112892734025813,0.5192921920045314,8.476420798065297,8.606505771248688,8.334722222222222,55,0,50,0.5,0.5,0.5,genetic,genetic,genetic,0.05,20
826,950,724,0.523506305227883,0.5123547882919837,0.5214497884577111,8.334140435835351,8.84,8.048342541436464,56,0,50,0.5,0.5,0.5,genetic,genetic,genetic,0.05,20
827,946,727,0.5243790921205159,0.5111470600041738,0.521384264870014,8.331318016928657,8.970401691331924,7.7262723521320495,57,0,50,0.5,0.5,0.5,genetic,genetic,genetic,0.05,20
803,967,730,0.5248073806737441,0.5106279517338663,0.5214632204191093,8.4719800747198,9.081695966907963,7.810958904109589,58,0,50,0.5,0.5,0.5,genetic,genetic,genetic,0.05,20
795,961,744,0.5253083953441848,0.5094448555748778,0.5214320618658111,8.39748427672956,9.109261186264307,7.497311827956989,59,0,50,0.5,0.5,0.5,genetic,genetic,genetic,0.05,20
794,940,766,0.5245865658934423,0.5112516275066352,0.5210491631759445,8.517632241813603,9.442553191489361,7.449086161879896,60,0,50,0.5,0.5,0.5,genetic,genetic,genetic,0.05,20
802,919,779,0.5233432966521925,0.5107839548712174,0.5204990745869594,8.553615960099751,9.65614798694233,7.365853658536586,61,0,50,0.5,0.5,0.5,genetic,genetic,genetic,0.05,20
779,917,804,0.522493174614438,0.5115094851300854,0.521386548583286,8.871630295250322,9.660850599781897,7.487562189054726,62,0,50,0.5,0.5,0.5,genetic,genetic,genetic,0.05,20
778,896,826,0.5219587918846249,0.5120083566793948,0.5205351823584609,9.007712082262211,9.627232142857142,7.593220338983051,63,0,50,0.5,0.5,0.5,genetic,genetic,genetic,0.05,20
781,849,870,0.522430950803534,0.5133811302304047,0.5201857319268622,9.329065300896287,9.719670200235571,7.672413793103448,64,0,50,0.5,0.5,0.5,genetic,genetic,genetic,0.05,20
770,824,906,0.5214971942051172,0.5135543311145606,0.5205814940545795,9.233766233766234,9.41383495145631,7.636865342163356,65,0,50,0.5,0.5,0.5,genetic,genetic,genetic,0.05,20
740,837,923,0.5215550811290101,0.5147046295507526,0.5214729080937206,9.377027027027028,9.183990442054958,7.856988082340195,66,0,50,0.5,0.5,0.5,genetic,genetic,genetic,0.05,20
744,824,932,0.5208170804727509,0.5154024672218132,0.5217587332539949,9.262096774193548,9.120145631067961,8.031115879828326,67,0,50,0.5,0.5,0.5,genetic,genetic,genetic,0.05,20
748,795,957,0.5203284511063593,0.5169442532142221,0.5224059066898571,9.195187165775401,9.00377358490566,8.049111807732498,68,0,50,0.5,0.5,0.5,genetic,genetic,genetic,0.05,20
760,765,975,0.5203799438697274,0.5163403820366621,0.5237471891146634,9.115789473684211,8.860130718954249,8.164102564102564,69,0,50,0.5,0.5,0.5,genetic,genetic,genetic,0.05,20
768,750,982,0.5192813652617919,0.5150812329352777,0.5241446665468646,8.98828125,8.784,8.325865580448065,70,0,50,0.5,0.5,0.5,genetic,genetic,genetic,0.05,20
766,750,984,0.5188036364793023,0.5141011190549873,0.5249687598198,8.780678851174935,8.636,8.49390243902439,71,0,50,0.5,0.5,0.5,genetic,genetic,genetic,0.05,20
772,759,969,0.5169302179236032,0.5156727555101704,0.5237076228799329,8.404145077720207,8.52437417654809,8.83797729618163,72,0,50,0.5,0.5,0.5,genetic,genetic,genetic,0.05,20
796,768,936,0.5168762961674646,0.5160249187465308,0.5234247791035479,8.075376884422111,8.453125,9.14423076923077,73,0,50,0.5,0.5,0.5,genetic,genetic,genetic,0.05,20
799,773,928,0.5182940861946552,0.5156782957993168,0.5239618897693277,7.949937421777221,8.22509702457956,9.137931034482758,74,0,50,0.5,0.5,0.5,genetic,genetic,genetic,0.05,20
828,763,909,0.5188912423764654,0.517798895060238,0.5228998399856517,8.16304347826087,8.416775884665793,9.20902090209021,75,0,50,0.5,0.5,0.5,genetic,genetic,genetic,0.05,20
865,765,870,0.5189704296332628,0.519376791912953,0.5230934247260876,7.879768786127167,8.481045751633987,9.367816091954023,76,0,50,0.5,0.5,0.5,genetic,genetic,genetic,0.05,20
913,745,842,0.518520144712953,0.5200957742503687,0.524071973030487,7.88828039430449,8.736912751677853,9.34560570071259,77,0,50,0.5,0.5,0.5,genetic,genetic,genetic,0.05,20
928,759,813,0.5186538898165926,0.5213851696464961,0.5242168816942653,7.991379310344827,8.772068511198945,9.564575645756458,78,0,50,0.5,0.5,0.5,genetic,genetic,genetic,0.05,20
916,781,803,0.5210585037719826,0.5239850232142675,0.5228478980852638,8.054585152838428,8.560819462227913,9.716064757160648,79,0,50,0.5,0.5,0.5,genetic,genetic,genetic,0.05,20
936,802,762,0.5207445713973957,0.5245383067656152,0.5237688503563614,8.040598290598291,8.457605985037407,9.686351706036746,80,0,50,0.5,0.5,0.5,genetic,genetic,genetic,0.05,20
945,811,744,0.5207462680160158,0.5238552566228197,0.5241179964876677,8.281481481481482,8.355117139334155,9.619623655913978,81,0,50,0.5,0.5,0.5,genetic,genetic,genetic,0.05,20
945,851,704,0.5201299164531619,0.5235784552468933,0.523981231243062,8.16931216931217,8.304347826086957,9.661931818181818,82,0,50,0.5,0.5,0.5,genetic,genetic,genetic,0.05,20
956,850,694,0.5169987610870566,0.5237015248207194,0.5264680023106634,8.30439330543933,8.327058823529411,9.432276657060518,83,0,50,0.5,0.5,0.5,genetic,genetic,genetic,0.05,20
957,862,681,0.5157659063376064,0.5229810236406981,0.5262116228827687,8.400208986415883,8.41183294663573,9.13215859030837,84,0,50,0.5,0.5,0.5,genetic,genetic,genetic,0.05,20
942,863,695,0.5161914549981313,0.5225442432011191,0.5280144143910994,8.567940552016985,8.345307068366164,8.755395683453237,85,0,50,0.5,0.5,0.5,genetic,genetic,genetic,0.05,20
944,852,704,0.5173384230124181,0.5234346218246348,0.5308588802623727,8.688559322033898,8.501173708920188,8.401988636363637,86,0,50,0.5,0.5,0.5,genetic,genetic,genetic,0.05,20
926,855,719,0.5164513946799014,0.5259906181052315,0.5310438570224899,8.857451403887689,8.494736842105263,8.2336578581363,87,0,50,0.5,0.5,0.5,genetic,genetic,genetic,0.05,20
910,856,734,0.5161017545341026,0.5259710130628027,0.5314908415574677,9.024175824175824,8.40070093457944,8.155313351498638,88,0,50,0.5,0.5,0.5,genetic,genetic,genetic,0.05,20
903,856,741,0.5152644478805827,0.525513388327497,0.5327769063907267,8.99889258028793,8.189252336448599,7.970310391363023,89,0,50,0.5,0.5,0.5,genetic,genetic,genetic,0.05,20
914,870,716,0.5141877147139972,0.5265477883278434,0.5331606011574729,8.795404814004376,8.048275862068966,7.639664804469274,90,0,50,0.5,0.5,0.5,genetic,genetic,genetic,0.05,20
899,903,698,0.5135018253799342,0.5273911866870743,0.5339392268971862,8.89432703003337,8.12624584717608,7.674785100286533,91,0,50,0.5,0.5,0.5,genetic,genetic,genetic,0.05,20
859,919,722,0.5128916172022279,0.529956932534861,0.5338385027555727,9.037252619324796,8.023939064200217,7.56786703601108,92,0,50,0.5,0.5,0.5,genetic,genetic,genetic,0.05,20
850,914,736,0.5139526267137404,0.5301404989076045,0.5332380489625178,8.983529411764707,8.044857768052516,7.457880434782608,93,0,50,0.5,0.5,0.5,genetic,genetic,genetic,0.05,20
828,917,755,0.5135020585623611,0.5306256324250829,0.5308079163917484,8.960144927536232,8.051254089422029,7.459602649006623,94,0,50,0.5,0.5,0.5,genetic,genetic,genetic,0.05,20
826,928,746,0.5142211524038989,0.5310006625462403,0.5294479015962822,8.63317191283293,8.09698275862069,7.379356568364611,95,0,50,0.5,0.5,0.5,genetic,genetic,genetic,0.05,20
803,916,781,0.5124901505247912,0.530904185308228,0.5312393658989054,8.76587795765878,8.170305676855895,7.270166453265045,96,0,50,0.5,0.5,0.5,genetic,genetic,genetic,0.05,20
806,918,776,0.5109782189470199,0.5307329755694644,0.5319845430708521,8.834987593052109,8.430283224400872,7.515463917525773,97,0,50,0.5,0.5,0.5,genetic,genetic,genetic,0.05,20
810,914,776,0.5115970136291634,0.529647209551501,0.5333567382488249,8.612345679012346,8.532822757111598,7.493556701030927,98,0,50,0.5,0.5,0.5,genetic,genetic,genetic,0.05,20
820,914,766,0.5115223914539633,0.5302202785111992,0.532636456778364,8.397560975609757,8.62472647702407,7.402088772845953,99,0,50,0.5,0.5,0.5,genetic,genetic,genetic,0.05,20
805,905,790,0.5110242846538358,0.529884663143826,0.5314827829243189,8.411180124223602,8.699447513812155,7.349367088607595,100,0,50,0.5,0.5,0.5,genetic,genetic,genetic,0.05,20
815,883,802,0.5116134967368536,0.5304757143183942,0.531343833900746,8.47484662576687,8.866364665911664,7.239401496259352,101,0,50,0.5,0.5,0.5,genetic,genetic,genetic,0.05,20
830,859,811,0.5120376079792802,0.5312296202665588,0.5322556573358345,8.637349397590361,9.051222351571594,7.31442663378545,102,0,50,0.5,0.5,0.5,genetic,genetic,genetic,0.05,20
827,844,829,0.5125354799867217,0.5310934064299326,0.5294816494629015,8.764207980652962,9.109004739336493,7.352231604342581,103,0,50,0.5,0.5,0.5,genetic,genetic,genetic,0.05,20
819,814,867,0.5139046574868513,0.5308778679822203,0.5309076397602625,8.962148962148962,9.195331695331696,7.372549019607843,104,0,50,0.5,0.5,0.5,genetic,genetic,genetic,0.05,20
804,803,893,0.5141849316678803,0.5301608723697786,0.5329867424400963,9.237562189054726,9.0560398505604,7.468085106382978,105,0,50,0.5,0.5,0.5,genetic,genetic,genetic,0.05,20
784,819,897,0.511633594410458,0.5327718349462455,0.5336133533222513,9.25765306122449,8.914529914529915,7.826086956521739,106,0,50,0.5,0.5,0.5,genetic,genetic,genetic,0.05,20
799,801,900,0.5122457859439286,0.5324062718281966,0.5312121005175382,9.190237797246558,8.953807740324594,7.905555555555556,107,0,50,0.5,0.5,0.5,genetic,genetic,genetic,0.05,20
780,821,899,0.5124751043411853,0.5319939686168749,0.5297519674387032,9.216666666666667,8.79780755176614,8.170189098998888,108,0,50,0.5,0.5,0.5,genetic,genetic,genetic,0.05,20
752,831,917,0.5116087422588932,0.532005833704383,0.5296375287137999,9.175531914893616,8.655836341756919,8.388222464558343,109,0,50,0.5,0.5,0.5,genetic,genetic,genetic,0.05,20
753,823,924,0.5109352152188681,0.5346289459583132,0.5309397965075158,9.00132802124834,8.425273390036452,8.418831168831169,110,0,50,0.5,0.5,0.5,genetic,genetic,genetic,0.05,20
758,815,927,0.5114910076843449,0.5337789286301948,0.5298004475705069,8.901055408970976,8.576687116564417,8.580366774541531,111,0,50,0.5,0.5,0.5,genetic,genetic,genetic,0.05,20
777,807,916,0.511137244542837,0.535755966867352,0.5293789315898734,8.50836550836551,8.371747211895912,8.615720524017467,112,0,50,0.5,0.5,0.5,genetic,genetic,genetic,0.05,20
787,801,912,0.5115618027564949,0.5366754265785978,0.5296867553539145,8.348157560355782,8.352059925093632,8.68969298245614,113,0,50,0.5,0.5,0.5,genetic,genetic,genetic,0.05,20
809,802,889,0.5113991804485352,0.5390282673140774,0.5297715097772256,8.142150803461064,8.497506234413965,8.90888638920135,114,0,50,0.5,0.5,0.5,genetic,genetic,genetic,0.05,20
814,792,894,0.5078880324965152,0.5423154301848467,0.5304789234425286,8.11916461916462,8.414141414141413,8.761744966442953,115,0,50,0.5,0.5,0.5,genetic,genetic,genetic,0.05,20
822,806,872,0.5054290934372039,0.5426061857001749,0.5292103511235611,8.206812652068127,8.462779156327544,8.955275229357799,116,0,50,0.5,0.5,0.5,genetic,genetic,genetic,0.05,20
856,797,847,0.5077409318334223,0.5438353840858875,0.5305928993012784,8.038551401869158,8.760351317440401,9.133412042502952,117,0,50,0.5,0.5,0.5,genetic,genetic,genetic,0.05,20
871,797,832,0.5061979702574898,0.5448662900633054,0.5313486428735208,8.115958668197473,8.843161856963613,9.35576923076923,118,0,50,0.5,0.5,0.5,genetic,genetic,genetic,0.05,20
874,803,823,0.5057585265993738,0.5434537574084427,0.5336887841325691,8.295194508009153,8.855541718555417,9.509113001215066,119,0,50,0.5,0.5,0.5,genetic,genetic,genetic,0.05,20
891,808,801,0.5067353488563523,0.5431356557299447,0.5353067928122353,8.310886644219977,8.94059405940594,9.50187265917603,120,0,50,0.5,0.5,0.5,genetic,genetic,genetic,0.05,20
898,815,787,0.5072617867651519,0.5420337122933291,0.535438509710006,8.523385300668151,9.066257668711657,9.742058449809402,121,0,50,0.5,0.5,0.5,genetic,genetic,genetic,0.05,20
902,814,784,0.5069448562071103,0.5418461034705198,0.5330331841745897,8.835920177383592,9.245700245700245,9.720663265306122,122,0,50,0.5,0.5,0.5,genetic,genetic,genetic,0.05,20
867,837,796,0.5039282270568766,0.5434450401974524,0.5312306651862512,8.898500576701268,9.108721624850658,9.586683417085426,123,0,50,0.5,0.5,0.5,genetic,genetic,genetic,0.05,20
870,862,768,0.5025096121980499,0.5436574752755221,0.5304978226311574,8.833333333333334,9.109048723897912,9.569010416666666,124,0,50,0.5,0.5,0.5,genetic,genetic,genetic,0.05,20
870,854,776,0.5021419421970775,0.5420669410961902,0.5318260695711374,8.982758620689655,9.217798594847775,9.552835051546392,125,0,50,0.5,0.5,0.5,genetic,genetic,genetic,0.05,20
863,868,769,0.5034842937436459,0.5413459698954861,0.530898216140218,9.198146002317497,9.222350230414747,9.594278283485046,126,0,50,0.5,0.5,0.5,genetic,genetic,genetic,0.05,20
858,873,769,0.503540362582389,0.5428026741130022,0.5312570400188104,9.135198135198134,9.143184421534936,9.620286085825748,127,0,50,0.5,0.5,0.5,genetic,genetic,genetic,0.05,20
842,881,777,0.5030652019026831,0.54366567836401,0.5309640232724622,9.100950118764846,8.976163450624291,9.512226512226512,128,0,50,0.5,0.5,0.5,genetic,genetic,genetic,0.05,20
812,895,793,0.503875064564761,0.542189882519258,0.5343690293353393,9.118226600985222,8.950837988826816,9.332912988650694,129,0,50,0.5,0.5,0.5,genetic,genetic,genetic,0.05,20
804,900,796,0.5021394592501247,0.5418960981588177,0.5343745058251005,8.99502487562189,8.905555555555555,9.202261306532664,130,0,50,0.5,0.5,0.5,genetic,genetic,genetic,0.05,20
805,895,800,0.5029127579289602,0.5425884114875239,0.5345396060550216,8.98136645962733,8.934078212290503,9.12375,131,0,50,0.5,0.5,0.5,genetic,genetic,genetic,0.05,20
783,918,799,0.5039479326626504,0.5426729378231214,0.5327196730894773,8.796934865900383,8.657952069716776,9.158948685857322,132,0,50,0.5,0.5,0.5,genetic,genetic,genetic,0.05,20
785,923,792,0.5037315973104919,0.5447976407521306,0.5327210965556298,8.54267515923567,8.850487540628386,9.047979797979798,133,0,50,0.5,0.5,0.5,genetic,genetic,genetic,0.05,20
803,912,785,0.5052321668050228,0.545619041719249,0.5331044783833293,8.646326276463263,9.116228070175438,8.880254777070064,134,0,50,0.5,0.5,0.5,genetic,genetic,genetic,0.05,20
787,910,803,0.5062730423813123,0.5440606172505776,0.5328236798476044,8.607369758576874,9.047252747252747,8.774595267745953,135,0,50,0.5,0.5,0.5,genetic,genetic,genetic,0.05,20
773,928,799,0.5036952944178568,0.543377033609916,0.5335466479518015,8.499353169469599,8.923491379310345,8.730913642052565,136,0,50,0.5,0.5,0.5,genetic,genetic,genetic,0.05,20
766,942,792,0.5031320707032519,0.5425683406776817,0.5351287548868123,8.163185378590079,8.84819532908705,8.659090909090908,137,0,50,0.5,0.5,0.5,genetic,genetic,genetic,0.05,20
779,935,786,0.5043454150449317,0.5411402246921285,0.5350443645637272,8.151476251604622,8.956149732620322,8.407124681933842,138,0,50,0.5,0.5,0.5,genetic,genetic,genetic,0.05,20
759,967,774,0.5066176898646647,0.5405150578907899,0.5355128724741044,8.100131752305666,8.88210961737332,8.481912144702843,139,0,50,0.5,0.5,0.5,genetic,genetic,genetic,0.05,20
759,973,768,0.5080271660936183,0.5413300839095805,0.5366711933897167,7.988142292490118,8.94141829393628,8.529947916666666,140,0,50,0.5,0.5,0.5,genetic,genetic,genetic,0.05,20
762,977,761,0.508452581566962,0.5406076707607708,0.5361850501013481,7.900262467191601,9.104401228249744,8.658344283837057,141,0,50,0.5,0.5,0.5,genetic,genetic,genetic,0.05,20
752,990,758,0.5092264453225711,0.5403779403283722,0.5374886453209923,7.93218085106383,9.293939393939393,8.474934036939313,142,0,50,0.5,0.5,0.5,genetic,genetic,genetic,0.05,20
746,983,771,0.507484855469508,0.5412792488830407,0.5384760210299149,8.037533512064343,9.365208545269583,8.507133592736706,143,0,50,0.5,0.5,0.5,genetic,genetic,genetic,0.05,20
738,977,785,0.5072228747847902,0.5416944129287873,0.5387113373387034,8.265582655826558,9.381780962128966,8.354140127388535,144,0,50,0.5,0.5,0.5,genetic,genetic,genetic,0.05,20
742,963,795,0.5077389392367893,0.5435995260302358,0.539319953010417,8.222371967654986,9.188992731048806,8.20125786163522,145,0,50,0.5,0.5,0.5,genetic,genetic,genetic,0.05,20
728,951,821,0.5070762219680769,0.5423136479070981,0.5422565656773631,8.127747252747254,9.107255520504731,8.04993909866017,146,0,50,0.5,0.5,0.5,genetic,genetic,genetic,0.05,20
687,974,839,0.508627468895278,0.542603286166157,0.5427498337817603,8.075691411935953,9.029774127310061,8.241954707985697,147,0,50,0.5,0.5,0.5,genetic,genetic,genetic,0.05,20
689,973,838,0.5082571464227821,0.5417746181350263,0.5423817976362912,8.036284470246734,9.158273381294965,8.355608591885442,148,0,50,0.5,0.5,0.5,genetic,genetic,genetic,0.05,20
655,999,846,0.5071859401117985,0.5407032571361968,0.5410144557651916,8.061068702290076,9.148148148148149,8.44562647754137,149,0,50,0.5,0.5,0.5,genetic,genetic,genetic,0.05,20
656,1013,831,0.5074354370539659,0.5398410250414118,0.5409400353116145,7.766768292682927,9.340572556762092,8.636582430806257,150,0,50,0.5,0.5,0.5,genetic,genetic,genetic,0.05,20
653,1013,834,0.5101790696924069,0.541516256307507,0.5427401602605841,7.8284839203675345,9.537018756169793,8.682254196642686,151,0,50,0.5,0.5,0.5,genetic,genetic,genetic,0.05,20
663,978,859,0.5098071706400189,0.5415628985445892,0.543490941800803,7.773755656108597,9.908997955010225,8.579743888242142,152,0,50,0.5,0.5,0.5,genetic,genetic,genetic,0.05,20
644,975,881,0.5126714082639218,0.5408421472691085,0.5439580862666559,7.3354037267080745,9.946666666666667,8.459704880817252,153,0,50,0.5,0.5,0.5,genetic,genetic,genetic,0.05,20
651,951,898,0.5149117201940733,0.5426887252115494,0.5464154083474786,7.2626728110599075,10.050473186119874,8.389755011135858,154,0,50,0.5,0.5,0.5,genetic,genetic,genetic,0.05,20
673,898,929,0.5154935908606666,0.541180042724057,0.5473576953785406,7.264487369985141,10.255011135857462,8.116254036598493,155,0,50,0.5,0.5,0.5,genetic,genetic,genetic,0.05,20
694,851,955,0.5178861593481461,0.5415610814602007,0.5481812428292069,7.276657060518732,10.27262044653349,7.969633507853403,156,0,50,0.5,0.5,0.5,genetic,genetic,genetic,0.05,20
709,799,992,0.5182541567625685,0.5420028446425195,0.549900058191925,7.324400564174894,10.419274092615769,7.825604838709677,157,0,50,0.5,0.5,0.5,genetic,genetic,genetic,0.05,20
754,755,991,0.5202728339196101,0.5440592210153566,0.5516572846493525,7.225464190981432,10.23841059602649,7.60443995963673,158,0,50,0.5,0.5,0.5,genetic,genetic,genetic,0.05,20
789,709,1002,0.5192715603902498,0.5446164301935988,0.5528337282697964,7.41318124207858,10.424541607898448,7.733532934131737,159,0,50,0.5,0.5,0.5,genetic,genetic,genetic,0.05,20
818,673,1009,0.5183813214551205,0.5453220525371245,0.554136630993304,7.5623471882640585,10.457652303120357,7.753221010901883,160,0,50,0.5,0.5,0.5,genetic,genetic,genetic,0.05,20
816,662,1022,0.5191249516942115,0.5433899618212364,0.5546084639717904,7.768382352941177,9.753776435045317,7.966731898238748,161,0,50,0.5,0.5,0.5,genetic,genetic,genetic,0.05,20
821,662,1017,0.5198873602664712,0.544586827300492,0.5530178142456696,7.904993909866017,9.663141993957703,8.191740412979351,162,0,50,0.5,0.5,0.5,genetic,genetic,genetic,0.05,20
857,654,989,0.5180584025503556,0.5459624032523979,0.5532816385545718,7.980163360560093,9.691131498470948,8.466127401415571,163,0,50,0.5,0.5,0.5,genetic,genetic,genetic,0.05,20
861,661,978,0.5187937291583867,0.5469422964563226,0.5534836231607515,8.139372822299652,9.22087745839637,8.639059304703476,164,0,50,0.5,0.5,0.5,genetic,genetic,genetic,0.05,20
886,676,938,0.5196898267229669,0.5478633206365845,0.5546172215816343,7.996613995485327,8.66715976331361,8.844349680170575,165,0,50,0.5,0.5,0.5,genetic,genetic,genetic,0.05,20
892,695,913,0.5197885228505317,0.5483785414754834,0.5539335082078198,8.090807174887892,8.525179856115107,9.088718510405258,166,0,50,0.5,0.5,0.5,genetic,genetic,genetic,0.05,20
902,707,891,0.520719419566333,0.5496805081876173,0.5555625128962749,8.172949002217296,7.991513437057992,9.300785634118968,167,0,50,0.5,0.5,0.5,genetic,genetic,genetic,0.05,20
918,729,853,0.5186223313334487,0.5476453740019728,0.5555840391570217,8.18082788671024,7.765432098765432,9.417350527549823,168,0,50,0.5,0.5,0.5,genetic,genetic,genetic,0.05,20
932,736,832,0.5181673583702278,0.5489283924819999,0.555471340331038,8.305793991416309,7.737771739130435,9.646634615384615,169,0,50,0.5,0.5,0.5,genetic,genetic,genetic,0.05,20
911,762,827,0.5198200624710015,0.550570563607566,0.5550482600283796,8.430296377607025,7.581364829396326,9.69528415961306,170,0,50,0.5,0.5,0.5,genetic,genetic,genetic,0.05,20
907,771,822,0.5194485129439257,0.5499961086443131,0.5579278961084089,8.590959206174201,7.561608300907912,9.767639902676398,171,0,50,0.5,0.5,0.5,genetic,genetic,genetic,0.05,20
908,790,802,0.5185624480473485,0.5499340921972702,0.5577533899557223,8.618942731277533,7.591139240506329,9.809226932668329,172,0,50,0.5,0.5,0.5,genetic,genetic,genetic,0.05,20
902,804,794,0.5168096079817195,0.5510763954884982,0.5572464573596435,8.545454545454545,7.689054726368159,9.65617128463476,173,0,50,0.5,0.5,0.5,genetic,genetic,genetic,0.05,20
913,817,770,0.5162412576722059,0.551092788782124,0.5566294603428554,8.428258488499452,7.739290085679315,9.457142857142857,174,0,50,0.5,0.5,0.5,genetic,genetic,genetic,0.05,20
894,829,777,0.5159696412331632,0.5527532442311115,0.556053425497237,8.45413870246085,7.726176115802171,9.308880308880308,175,0,50,0.5,0.5,0.5,genetic,genetic,genetic,0.05,20
903,814,783,0.5156829072780037,0.5534655743873432,0.5555252555216956,8.46843853820598,7.804668304668304,9.031928480204343,176,0,50,0.5,0.5,0.5,genetic,genetic,genetic,0.05,20
892,808,800,0.5151976321738294,0.552869279187622,0.5569156578559759,8.460762331838565,7.803217821782178,8.6625,177,0,50,0.5,0.5,0.5,genetic,genetic,genetic,0.05,20
901,805,794,0.5153663975756764,0.554972590357151,0.5573710348854292,8.48834628190899,7.946583850931677,8.561712846347607,178,0,50,0.5,0.5,0.5,genetic,genetic,genetic,0.05,20
920,790,790,0.516877458247773,0.5538336853747884,0.5550999379620515,8.56195652173913,8.08860759493671,8.432911392405064,179,0,50,0.5,0.5,0.5,genetic,genetic,genetic,0.05,20
919,808,773,0.5179768021260774,0.5554717388413546,0.5564223092788442,8.454842219804135,7.861386138613861,8.113842173350582,180,0,50,0.5,0.5,0.5,genetic,genetic,genetic,0.05,20
889,827,784,0.517487817480785,0.5570216826456689,0.5553491917982679,8.656917885264342,7.802902055622733,8.182397959183673,181,0,50,0.5,0.5,0.5,genetic,genetic,genetic,0.05,20
881,819,800,0.5187854666998074,0.5578213814517583,0.5563797594291838,8.930760499432463,7.941391941391942,8.1825,182,0,50,0.5,0.5,0.5,genetic,genetic,genetic,0.05,20
877,806,817,0.5182502487590978,0.5592801961483385,0.5560955904789603,9.055872291904219,7.967741935483871,8.090575275397796,183,0,50,0.5,0.5,0.5,genetic,genetic,genetic,0.05,20
868,801,831,0.5182045453326485,0.5606826952557566,0.5574837340325121,9.09447004608295,8.008739076154807,8.09265944645006,184,0,50,0.5,0.5,0.5,genetic,genetic,genetic,0.05,20
867,778,855,0.5173801023187791,0.5627961617534283,0.5588717796232431,9.1280276816609,8.026992287917738,7.8807017543859645,185,0,50,0.5,0.5,0.5,genetic,genetic,genetic,0.05,20
879,761,860,0.5188245455315952,0.5647725741659506,0.5600392474535856,9.034129692832764,7.871222076215506,7.865116279069768,186,0,50,0.5,0.5,0.5,genetic,genetic,genetic,0.05,20
883,749,868,0.5181514490133738,0.5640667367027784,0.5634235276378612,9.237825594563986,8.04539385847797,7.961981566820277,187,0,50,0.5,0.5,0.5,genetic,genetic,genetic,0.05,20
882,741,877,0.5195965205274574,0.5635075190490247,0.5640855676218589,9.250566893424036,8.074224021592443,7.873432155074116,188,0,50,0.5,0.5,0.5,genetic,genetic,genetic,0.05,20
885,707,908,0.5192704538646732,0.5642723045523735,0.5655208238090517,9.47909604519774,8.111739745403112,7.8381057268722465,189,0,50,0.5,0.5,0.5,genetic,genetic,genetic,0.05,20
870,711,919,0.519073572353526,0.5643613400803956,0.5665775763917238,9.452873563218391,7.817158931082981,7.829162132752993,190,0,50,0.5,0.5,0.5,genetic,genetic,genetic,0.05,20
874,713,913,0.5207107683068836,0.5648536304981,0.5687277234379846,9.200228832951945,7.622720897615708,7.87185104052574,191,0,50,0.5,0.5,0.5,genetic,genetic,genetic,0.05,20
858,729,913,0.5204869811154395,0.5634292057849842,0.5716186436449434,9.044289044289044,7.30315500685871,7.997809419496167,192,0,50,0.5,0.5,0.5,genetic,genetic,genetic,0.05,20
865,716,919,0.522502712732806,0.5627140427432218,0.5716466533224844,8.954913294797688,7.307262569832402,8.011969532100109,193,0,50,0.5,0.5,0.5,genetic,genetic,genetic,0.05,20
867,741,892,0.5238413518422325,0.5636675230185637,0.57141669028819,8.860438292964245,7.371120107962213,8.272421524663677,194,0,50,0.5,0.5,0.5,genetic,genetic,genetic,0.05,20
854,746,900,0.5241617318863016,0.5638777852581085,0.5721419416921766,8.844262295081966,7.166219839142091,8.4,195,0,50,0.5,0.5,0.5,genetic,genetic,genetic,0.05,20
845,759,896,0.5243034456871778,0.5661255904762729,0.5737846021395051,8.815384615384616,7.119894598155468,8.46875,196,0,50,0.5,0.5,0.5,genetic,genetic,genetic,0.05,20
856,764,880,0.5242613595897332,0.5662612648174783,0.5744805457720322,8.839953271028037,7.400523560209424,8.781818181818181,197,0,50,0.5,0.5,0.5,genetic,genetic,genetic,0.05,20
852,799,849,0.5209537867400156,0.5668739086109396,0.5750682012629194,8.805164319248826,7.44305381727159,8.996466431095406,198,0,50,0.5,0.5,0.5,genetic,genetic,genetic,0.05,20
855,792,853,0.5220842280251496,0.5677950098862077,0.5752379648990519,8.55906432748538,7.51010101010101,8.777256740914419,199,0,50,0.5,0.5,0.5,genetic,genetic,genetic,0.05,20
837,824,839,0.5221004975256165,0.5660781340522191,0.5755649019398406,8.452807646356034,7.513349514563107,8.892729439809298,200,0,50,0.5,0.5,0.5,genetic,genetic,genetic,0.05,20
836,825,839,0.5234324004296979,0.5648076719221665,0.5759380190531338,8.355263157894736,7.66060606060606,8.891537544696067,201,0,50,0.5,0.5,0.5,genetic,genetic,genetic,0.05,20
832,838,830,0.5234600937214222,0.5627931769616693,0.5765900132595498,8.334134615384615,7.725536992840095,8.93012048192771,202,0,50,0.5,0.5,0.5,genetic,genetic,genetic,0.05,20
827,855,818,0.5218426312366695,0.5617996760614672,0.5756986852567478,8.383313180169287,7.87953216374269,9.15036674816626,203,0,50,0.5,0.5,0.5,genetic,genetic,genetic,0.05,20
803,889,808,0.5219023055606868,0.5597074082874227,0.5753392881919936,8.24906600249066,7.813273340832396,9.034653465346535,204,0,50,0.5,0.5,0.5,genetic,genetic,genetic,0.05,20
819,890,791,0.5228084933179082,0.5602239674201984,0.5760330466134383,8.067155067155067,7.957303370786517,8.934260429835652,205,0,50,0.5,0.5,0.5,genetic,genetic,genetic,0.05,20
824,877,799,0.5236754303040899,0.5605823393071161,0.5783818801498692,8.044902912621358,8.035347776510832,8.730913642052565,206,0,50,0.5,0.5,0.5,genetic,genetic,genetic,0.05,20
827,851,822,0.524471318243451,0.5598276482424189,0.5777196316362685,7.891172914147521,8.061104582843713,8.440389294403893,207,0,50,0.5,0.5,0.5,genetic,genetic,genetic,0.05,20
861,835,804,0.5259208899197878,0.5604133836034413,0.5777644332439532,7.7560975609756095,8.192814371257485,8.289800995024876,208,0,50,0.5,0.5,0.5,genetic,genetic,genetic,0.05,20
871,838,791,0.5274028105127581,0.5597872013268147,0.5778969146506999,7.662456946039035,8.269689737470166,8.106194690265486,209,0,50,0.5,0.5,0.5,genetic,genetic,genetic,0.05,20
886,835,779,0.5280547007837832,0.5600945638280076,0.5770692412600977,7.646726862302483,8.292215568862275,7.946084724005135,210,0,50,0.5,0.5,0.5,genetic,genetic,genetic,0.05,20
908,838,754,0.5307851023153224,0.5607529467531448,0.577483262260586,7.697136563876652,8.288782816229118,7.8063660477453585,211,0,50,0.5,0.5,0.5,genetic,genetic,genetic,0.05,20
931,818,751,0.53072160217436,0.5612293959189436,0.5793825396773677,7.856068743286788,8.49877750611247,7.545938748335552,212,0,50,0.5,0.5,0.5,genetic,genetic,genetic,0.05,20
930,828,742,0.5316525037106128,0.5615263134212758,0.5809346861507343,7.98494623655914,8.38647342995169,7.487870619946092,213,0,50,0.5,0.5,0.5,genetic,genetic,genetic,0.05,20
934,831,735,0.5322474810716459,0.5598401174659725,0.5814039418411725,8.17558886509636,8.376654632972322,7.463945578231293,214,0,50,0.5,0.5,0.5,genetic,genetic,genetic,0.05,20
910,858,732,0.532766919646833,0.5585187469103118,0.5814030595607126,8.465934065934066,8.15034965034965,7.640710382513661,215,0,50,0.5,0.5,0.5,genetic,genetic,genetic,0.05,20
898,868,734,0.5349767914761434,0.5585514401193538,0.5819231193166706,8.61804008908686,8.070276497695852,7.583106267029973,216,0,50,0.5,0.5,0.5,genetic,genetic,genetic,0.05,20
887,849,764,0.5353607690075656,0.5578485331162195,0.5829841889185514,8.741826381059752,8.003533568904594,7.276178010471204,217,0,50,0.5,0.5,0.5,genetic,genetic,genetic,0.05,20
846,861,793,0.535175130852244,0.5568824941070857,0.5845321118805473,8.98936170212766,7.94541231126597,7.433795712484237,218,0,50,0.5,0.5,0.5,genetic,genetic,genetic,0.05,20
797,880,823,0.5345763725633175,0.5576199739831316,0.5847948358473827,8.971141781681306,7.771590909090909,7.544349939246659,219,0,50,0.5,0.5,0.5,genetic,genetic,genetic,0.05,20
762,896,842,0.5371719403974315,0.5563559272512703,0.5853837356074052,8.94488188976378,7.669642857142857,7.51187648456057,220,0,50,0.5,0.5,0.5,genetic,genetic,genetic,0.05,20
755,869,876,0.5360590760611861,0.5563899429506969,0.5861121760293456,8.992052980132451,7.844649021864211,7.5285388127853885,221,0,50,0.5,0.5,0.5,genetic,genetic,genetic,0.05,20
735,881,884,0.5345595780599574,0.5586306657329589,0.5881236003327843,8.70204081632653,7.8774120317820655,7.632352941176471,222,0,50,0.5,0.5,0.5,genetic,genetic,genetic,0.05,20
718,880,902,0.5330917998028455,0.5581215328353184,0.5886218158470958,8.383008356545961,7.764772727272727,7.67960088691796,223,0,50,0.5,0.5,0.5,genetic,genetic,genetic,0.05,20
719,883,898,0.534572062038771,0.5586431019318401,0.5868911557029085,8.097357440890125,7.826727066817667,7.850779510022272,224,0,50,0.5,0.5,0.5,genetic,genetic,genetic,0.05,20
721,908,871,0.5361376680274136,0.5580467801873179,0.5858201091388903,7.743411927877947,7.72136563876652,8.128587830080367,225,0,50,0.5,0.5,0.5,genetic,genetic,genetic,0.05,20
727,892,881,0.537015783090784,0.5568906355736453,0.5860671856964619,7.751031636863824,7.884529147982063,8.219069239500568,226,0,50,0.5,0.5,0.5,genetic,genetic,genetic,0.05,20
723,882,895,0.5379080865091471,0.5589793287602737,0.5853720018945361,7.496542185338866,7.936507936507937,8.348603351955306,227,0,50,0.5,0.5,0.5,genetic,genetic,genetic,0.05,20
754,854,892,0.5397933523942889,0.5593171044551293,0.5869869206500989,7.428381962864721,8.113583138173302,8.31390134529148,228,0,50,0.5,0.5,0.5,genetic,genetic,genetic,0.05,20
756,852,892,0.5405624216909901,0.5600470666216087,0.5869999623688139,7.309523809523809,8.061032863849766,8.274663677130045,229,0,50,0.5,0.5,0.5,genetic,genetic,genetic,0.05,20
798,819,883,0.542271724818529,0.5610239244490725,0.5866558852078162,7.171679197994988,8.45909645909646,8.161947904869763,230,0,50,0.5,0.5,0.5,genetic,genetic,genetic,0.05,20
817,782,901,0.542868290380984,0.5611740970237923,0.5858711160583582,7.216646266829866,8.68542199488491,8.033296337402886,231,0,50,0.5,0.5,0.5,genetic,genetic,genetic,0.05,20
845,739,916,0.5449037122117346,0.559100857373135,0.5857761376032065,7.18698224852071,8.71447902571042,7.925764192139738,232,0,50,0.5,0.5,0.5,genetic,genetic,genetic,0.05,20
886,692,922,0.5455632562606711,0.5589359133369788,0.5835052951509455,7.2686230248307,8.781791907514451,7.664859002169197,233,0,50,0.5,0.5,0.5,genetic,genetic,genetic,0.05,20
918,676,906,0.5446576540752184,0.5593745581143424,0.5845067494115573,7.360566448801743,8.724852071005918,7.597130242825607,234,0,50,0.5,0.5,0.5,genetic,genetic,genetic,0.05,20
937,680,883,0.546504137201942,0.5592236787310585,0.5844653850636957,7.449306296691569,8.555882352941177,7.838052095130238,235,0,50,0.5,0.5,0.5,genetic,genetic,genetic,0.05,20
940,661,899,0.5464408215726655,0.5580876173413819,0.5840653595632521,7.709574468085107,8.32375189107413,7.75083426028921,236,0,50,0.5,0.5,0.5,genetic,genetic,genetic,0.05,20
951,684,865,0.5475608789006216,0.5569203848274403,0.5822756756938704,7.873817034700315,8.267543859649123,8.046242774566474,237,0,50,0.5,0.5,0.5,genetic,genetic,genetic,0.05,20
965,666,869,0.5485201009209953,0.5569355016432042,0.580958834442837,8.095336787564767,8.14114114114114,8.048331415420023,238,0,50,0.5,0.5,0.5,genetic,genetic,genetic,0.05,20
974,687,839,0.5482789587244861,0.5575109257247576,0.5839206760701066,8.252566735112936,7.7685589519650655,8.168057210965435,239,0,50,0.5,0.5,0.5,genetic,genetic,genetic,0.05,20
980,698,822,0.5491347201352905,0.5600119633199169,0.5842913664745024,8.333673469387755,7.581661891117479,8.38199513381995,240,0,50,0.5,0.5,0.5,genetic,genetic,genetic,0.05,20
1000,698,802,0.5512456233197468,0.5596834432816487,0.5830159254434619,8.414,7.4756446991404015,8.331670822942643,241,0,50,0.5,0.5,0.5,genetic,genetic,genetic,0.05,20
1004,702,794,0.550085897626355,0.5589921077587736,0.5831841553212913,8.49003984063745,7.183760683760684,8.302267002518892,242,0,50,0.5,0.5,0.5,genetic,genetic,genetic,0.05,20
990,726,784,0.5502079832272495,0.5593674553699826,0.5852236685250796,8.792929292929292,7.1170798898071626,8.408163265306122,243,0,50,0.5,0.5,0.5,genetic,genetic,genetic,0.05,20
988,737,775,0.5506066418705913,0.5587593169641261,0.5852284956873675,8.90991902834008,6.986431478968792,8.486451612903226,244,0,50,0.5,0.5,0.5,genetic,genetic,genetic,0.05,20
986,754,760,0.551723520669103,0.5579011522293352,0.5874911302101846,8.93002028397566,6.985411140583555,8.352631578947369,245,0,50,0.5,0.5,0.5,genetic,genetic,genetic,0.05,20
982,751,767,0.5526405341718114,0.5590659418257282,0.5871011963303711,8.89714867617108,7.0652463382157125,8.157757496740548,246,0,50,0.5,0.5,0.5,genetic,genetic,genetic,0.05,20
987,775,738,0.5539147870121397,0.5594862340537403,0.5868489250746448,9.0,7.1651612903225805,8.373983739837398,247,0,50,0.5,0.5,0.5,genetic,genetic,genetic,0.05,20
1013,755,732,0.5532388599234412,0.5599472393886444,0.5879729918736216,8.802566633761106,7.1483443708609276,8.032786885245901,248,0,50,0.5,0.5,0.5,genetic,genetic,genetic,0.05,20
1025,751,724,0.553723978646528,0.5581305036560467,0.5889565103169362,8.70829268292683,7.33155792276964,7.926795580110498,249,0,50,0.5,0.5,0.5,genetic,genetic,genetic,0.05,20
1019,773,708,0.5547519740393178,0.5558835185612645,0.5898732453418922,8.727183513248283,7.314359637774903,7.88135593220339,250,0,50,0.5,0.5,0.5,genetic,genetic,genetic,0.05,20
1017,800,683,0.5529440666017592,0.5575016789782036,0.5903241955293617,8.737463126843657,7.2525,7.799414348462665,251,0,50,0.5,0.5,0.5,genetic,genetic,genetic,0.05,20
1004,836,660,0.5548610497727225,0.5599369998716038,0.5917459692337618,8.638446215139442,7.248803827751196,7.881818181818182,252,0,50,0.5,0.5,0.5,genetic,genetic,genetic,0.05,20
988,864,648,0.5530843617095401,0.56328973749088,0.5936098398545943,8.596153846153847,7.342592592592593,7.672839506172839,253,0,50,0.5,0.5,0.5,genetic,genetic,genetic,0.05,20
970,909,621,0.5533349931518202,0.5631197734544979,0.592594314381059,8.489690721649485,7.381738173817382,7.747181964573269,254,0,50,0.5,0.5,0.5,genetic,genetic,genetic,0.05,20
937,936,627,0.5533612176710978,0.5632101193133695,0.5926484827245773,8.499466382070437,7.4006410256410255,7.409888357256778,255,0,50,0.5,0.5,0.5,genetic,genetic,genetic,0.05,20
938,921,641,0.5522783372745392,0.5634219714967836,0.5930858832704118,8.748400852878465,7.5515743756786105,7.09984399375975,256,0,50,0.5,0.5,0.5,genetic,genetic,genetic,0.05,20
919,923,658,0.5517670852903712,0.5637253454975117,0.5960307091789676,8.822633297062024,7.5373781148429035,6.907294832826747,257,0,50,0.5,0.5,0.5,genetic,genetic,genetic,0.05,20
894,924,682,0.551358303445273,0.5641097424923954,0.5980678989470829,9.052572706935123,7.667748917748917,6.725806451612903,258,0,50,0.5,0.5,0.5,genetic,genetic,genetic,0.05,20
891,930,679,0.5509136001566832,0.5645527532348414,0.5991022660784158,9.098765432098766,7.850537634408602,6.74079528718704,259,0,50,0.5,0.5,0.5,genetic,genetic,genetic,0.05,20
844,955,701,0.5506339296708778,0.5652284365829595,0.6001050077323482,9.350710900473933,7.7591623036649215,6.750356633380885,260,0,50,0.5,0.5,0.5,genetic,genetic,genetic,0.05,20
808,971,721,0.551467400230522,0.5632787783270337,0.6018323348617679,9.301980198019802,7.70648815653965,6.660194174757281,261,0,50,0.5,0.5,0.5,genetic,genetic,genetic,0.05,20
784,987,729,0.5510807543168903,0.5643252389732792,0.6023866583800866,8.97576530612245,7.680851063829787,6.58161865569273,262,0,50,0.5,0.5,0.5,genetic,genetic,genetic,0.05,20
762,987,751,0.5514892125039166,0.5641800019129852,0.6051704398198999,8.826771653543307,7.689969604863222,6.359520639147803,263,0,50,0.5,0.5,0.5,genetic,genetic,genetic,0.05,20
733,1006,761,0.5526618774351394,0.5615705306642855,0.6038291747369253,8.684856753069576,7.78131212723658,6.293035479632063,264,0,50,0.5,0.5,0.5,genetic,genetic,genetic,0.05,20
729,992,779,0.5539275688841869,0.5603577815811187,0.6062054425643408,8.5281207133059,7.943548387096774,6.270860077021823,265,0,50,0.5,0.5,0.5,genetic,genetic,genetic,0.05,20
745,965,790,0.5514559277985311,0.5597009927493422,0.6048354172316942,8.11275167785235,7.962694300518135,6.2126582278481015,266,0,50,0.5,0.5,0.5,genetic,genetic,genetic,0.05,20
721,953,826,0.5539889209468483,0.5608422018283409,0.6039891161946895,7.9375866851595,7.992654774396642,6.36319612590799,267,0,50,0.5,0.5,0.5,genetic,genetic,genetic,0.05,20
721,938,841,0.5560725991707541,0.5620610701103423,0.6046111093733765,7.660194174757281,8.022388059701493,6.535077288941736,268,0,50,0.5,0.5,0.5,genetic,genetic,genetic,0.05,20
716,921,863,0.5556874346329127,0.5634756711129187,0.6049677784739174,7.42877094972067,7.88599348534202,6.6454229432213205,269,0,50,0.5,0.5,0.5,genetic,genetic,genetic,0.05,20
718,877,905,0.5537448595019858,0.5649653863660699,0.6062372971585693,7.284122562674095,7.8677309007981755,6.613259668508287,270,0,50,0.5,0.5,0.5,genetic,genetic,genetic,0.05,20
720,843,937,0.5513270781239111,0.5651536016558362,0.6076782229767793,7.1402777777777775,7.935943060498221,6.732123799359658,271,0,50,0.5,0.5,0.5,genetic,genetic,genetic,0.05,20
728,809,963,0.5500071843552833,0.5656499337767644,0.6083890351190822,7.0989010989010985,7.950556242274413,6.844236760124611,272,0,50,0.5,0.5,0.5,genetic,genetic,genetic,0.05,20
758,762,980,0.5483378243351473,0.5660515511296997,0.6093371644144737,7.155672823218997,8.270341207349082,6.953061224489796,273,0,50,0.5,0.5,0.5,genetic,genetic,genetic,0.05,20
799,719,982,0.5472581645529115,0.565264139169816,0.6099475501016574,7.071339173967459,8.616133518776078,7.09979633401222,274,0,50,0.5,0.5,0.5,genetic,genetic,genetic,0.05,20
833,670,997,0.5467583362211711,0.5650116233499175,0.6112659875794623,7.224489795918367,8.655223880597015,7.184553660982949,275,0,50,0.5,0.5,0.5,genetic,genetic,genetic,0.05,20
860,653,987,0.5459193938076228,0.5657278582956338,0.6108987357472899,7.337209302325581,8.418070444104135,7.174265450861196,276,0,50,0.5,0.5,0.5,genetic,genetic,genetic,0.05,20
899,626,975,0.5453603700631178,0.5657103866239185,0.61200010490368,7.345939933259177,8.292332268370608,7.308717948717948,277,0,50,0.5,0.5,0.5,genetic,genetic,genetic,0.05,20
927,607,966,0.5447092607367294,0.5645003927032349,0.6128851417283082,7.580366774541532,8.148270181219111,7.512422360248447,278,0,50,0.5,0.5,0.5,genetic,genetic,genetic,0.05,20
943,599,958,0.5464477745129337,0.562553680849424,0.6133959402945917,7.773064687168611,7.839732888146911,7.61169102296451,279,0,50,0.5,0.5,0.5,genetic,genetic,genetic,0.05,20
967,608,925,0.547552131546609,0.5611683895367545,0.6137176807133667,7.801447776628748,7.699013157894737,7.848648648648648,280,0,50,0.5,0.5,0.5,genetic,genetic,genetic,0.05,20
974,637,889,0.5475485827351046,0.560772240507059,0.6150824854517033,8.008213552361397,7.397174254317111,8.175478065241844,281,0,50,0.5,0.5,0.5,genetic,genetic,genetic,0.05,20
992,627,881,0.5480787488230608,0.5610596201926027,0.6159490877270442,8.108870967741936,7.414673046251994,8.24744608399546,282,0,50,0.5,0.5,0.5,genetic,genetic,genetic,0.05,20
1022,643,835,0.5488624258498879,0.5571599283764826,0.6160288152985406,8.104696673189824,7.066874027993779,8.402395209580838,283,0,50,0.5,0.5,0.5,genetic,genetic,genetic,0.05,20
1051,650,799,0.5489746029822982,0.5555554557162065,0.6169751356109036,8.099904852521409,6.915384615384616,8.436795994993743,284,0,50,0.5,0.5,0.5,genetic,genetic,genetic,0.05,20
1071,657,772,0.5483228915303445,0.5532051703715204,0.6174247070637433,8.067226890756302,6.993911719939117,8.537564766839377,285,0,50,0.5,0.5,0.5,genetic,genetic,genetic,0.05,20
1089,696,715,0.549560488063512,0.5540106616818101,0.6164987070063659,8.015610651974288,6.875,8.711888111888111,286,0,50,0.5,0.5,0.5,genetic,genetic,genetic,0.05,20
1071,750,679,0.5483755526629776,0.5534008949030622,0.6178146508923975,7.938375350140056,6.7026666666666666,8.761413843888072,287,0,50,0.5,0.5,0.5,genetic,genetic,genetic,0.05,20
1064,807,629,0.5507926222239121,0.5527396711384873,0.6173431115216698,7.893796992481203,6.679058240396531,8.777424483306836,288,0,50,0.5,0.5,0.5,genetic,genetic,genetic,0.05,20
1076,829,595,0.5508399541504589,0.5533877023118723,0.6196743497400119,7.849442379182156,6.95416164053076,8.519327731092437,289,0,50,0.5,0.5,0.5,genetic,genetic,genetic,0.05,20
1071,828,601,0.5509143323487052,0.5532899255317361,0.6177381360105636,8.082166199813258,7.155797101449275,7.775374376039934,290,0,50,0.5,0.5,0.5,genetic,genetic,genetic,0.05,20
1048,865,587,0.5509413845610897,0.5553070436045247,0.6171062491340584,8.206106870229007,7.180346820809248,7.5945485519591145,291,0,50,0.5,0.5,0.5,genetic,genetic,genetic,0.05,20
1039,876,585,0.5513580082216205,0.5541993609297399,0.6172531139498765,8.500481231953803,7.331050228310502,7.254700854700855,292,0,50,0.5,0.5,0.5,genetic,genetic,genetic,0.05,20
989,897,614,0.5513255040692271,0.5549649760544331,0.6154862543952141,8.906976744186046,7.279821627647714,7.190553745928339,293,0,50,0.5,0.5,0.5,genetic,genetic,genetic,0.05,20
975,909,616,0.5530930489016508,0.5539850983418496,0.6124876669700827,8.976410256410256,7.418041804180418,7.0811688311688314,294,0,50,0.5,0.5,0.5,genetic,genetic,genetic,0.05,20
953,883,664,0.5544652772474381,0.5541965925039065,0.6131787215816173,9.313746065057712,7.600226500566252,6.724397590361446,295,0,50,0.5,0.5,0.5,genetic,genetic,genetic,0.05,20
933,874,693,0.5545316947010384,0.5523421663740951,0.613898679347764,9.484458735262594,7.521739130434782,6.673881673881674,296,0,50,0.5,0.5,0.5,genetic,genetic,genetic,0.05,20
891,887,722,0.5515797577205673,0.5527126237235459,0.6147413642784748,9.709315375982042,7.547914317925592,6.81994459833795,297,0,50,0.5,0.5,0.5,genetic,genetic,genetic,0.05,20
868,911,721,0.5525621958559606,0.5523020346192737,0.6139382080393955,9.715437788018432,7.521405049396268,7.058252427184466,298,0,50,0.5,0.5,0.5,genetic,genetic,genetic,0.05,20
852,917,731,0.5515911548387977,0.55262521436666,0.6147694014509476,9.828638497652582,7.68484187568157,7.102599179206567,299,0,50,0.5,0.5,0.5,genetic,genetic,genetic,0.05,20
825,911,764,0.5531439591169064,0.5541262904915063,0.6152878710914442,9.926060606060606,7.867178924259056,7.19109947643979,300,0,50,0.5,0.5,0.5,genetic,genetic,genetic,0.05,20
827,882,791,0.551912014300152,0.5556982822717413,0.6127537059874932,9.863361547762999,7.9523809523809526,7.11251580278129,301,0,50,0.5,0.5,0.5,genetic,genetic,genetic,0.05,20
838,847,815,0.5512452482295583,0.5574618953913943,0.6129665090310276,9.701670644391408,8.122786304604487,7.039263803680981,302,0,50,0.5,0.5,0.5,genetic,genetic,genetic,0.05,20
805,838,857,0.5536574060610969,0.558522848666756,0.6137716891740049,9.370186335403726,7.959427207637232,7.101516919486581,303,0,50,0.5,0.5,0.5,genetic,genetic,genetic,0.05,20
804,826,870,0.552401737328586,0.5607125150449885,0.6140980431977332,8.958955223880597,7.9358353510895885,7.0793103448275865,304,0,50,0.5,0.5,0.5,genetic,genetic,genetic,0.05,20
806,813,881,0.5506112976578764,0.5612747326269226,0.6140869754634184,8.495037220843672,7.739237392373924,7.136208853575482,305,0,50,0.5,0.5,0.5,genetic,genetic,genetic,0.05,20
802,822,876,0.5513315505675455,0.5633225455247135,0.6140693904290502,8.341645885286782,7.666666666666667,7.3812785388127855,306,0,50,0.5,0.5,0.5,genetic,genetic,genetic,0.05,20
816,783,901,0.5501110723931453,0.564406115226902,0.6158114109669539,8.107843137254902,7.549169859514687,7.142064372918979,307,0,50,0.5,0.5,0.5,genetic,genetic,genetic,0.05,20
855,753,892,0.5509606530270871,0.5630746027137276,0.6162976951228791,7.95672514619883,7.557768924302789,7.1491031390134525,308,0,50,0.5,0.5,0.5,genetic,genetic,genetic,0.05,20
870,721,909,0.5494204886138492,0.5638186862902038,0.616432686476787,7.858620689655172,7.636615811373093,7.121012101210121,309,0,50,0.5,0.5,0.5,genetic,genetic,genetic,0.05,20
889,721,890,0.5500740032366022,0.5634319109645567,0.6175346404481699,7.884139482564679,7.600554785020805,7.402247191011236,310,0,50,0.5,0.5,0.5,genetic,genetic,genetic,0.05,20
894,711,895,0.5506006894863282,0.5641621655314283,0.6195233245117366,8.085011185682326,7.60478199718706,7.624581005586593,311,0,50,0.5,0.5,0.5,genetic,genetic,genetic,0.05,20
917,718,865,0.5480617548437747,0.5645590639488918,0.6203354060893994,8.153762268266085,7.600278551532034,7.841618497109827,312,0,50,0.5,0.5,0.5,genetic,genetic,genetic,0.05,20
924,705,871,0.5488983440922917,0.562096746863747,0.6216080923283457,8.272727272727273,7.487943262411347,7.888633754305396,313,0,50,0.5,0.5,0.5,genetic,genetic,genetic,0.05,20
943,693,864,0.5492442839784062,0.5610670938935842,0.6236106115246541,8.344644750795334,7.522366522366522,7.969907407407407,314,0,50,0.5,0.5,0.5,genetic,genetic,genetic,0.05,20
956,675,869,0.548680481107164,0.5582035722872419,0.6235242237333948,8.383891213389122,7.407407407407407,7.906789413118527,315,0,50,0.5,0.5,0.5,genetic,genetic,genetic,0.05,20
934,683,883,0.5470708666019579,0.5569593700758113,0.625231159311553,8.613490364025695,7.153733528550513,8.002265005662514,316,0,50,0.5,0.5,0.5,genetic,genetic,genetic,0.05,20
939,678,883,0.5475343782374555,0.5565743102603714,0.6249072008784605,8.617678381256656,7.116519174041298,8.177802944507361,317,0,50,0.5,0.5,0.5,genetic,genetic,genetic,0.05,20
950,680,870,0.5470615272789622,0.5561817723346532,0.6252756338231396,8.603157894736842,7.04264705882353,8.193103448275862,318,0,50,0.5,0.5,0.5,genetic,genetic,genetic,0.05,20
969,699,832,0.5483328997194475,0.5550433325717099,0.6269699505558811,8.578947368421053,7.2260371959942775,8.397836538461538,319,0,50,0.5,0.5,0.5,genetic,genetic,genetic,0.05,20
986,697,817,0.5474756122560476,0.5547306427460353,0.6285666301613787,8.523326572008113,7.159253945480631,8.412484700122398,320,0,50,0.5,0.5,0.5,genetic,genetic,genetic,0.05,20
1008,718,774,0.5483921104950024,0.5537137723649521,0.6305648629907731,8.360119047619047,7.096100278551532,8.434108527131784,321,0,50,0.5,0.5,0.5,genetic,genetic,genetic,0.05,20
1024,728,748,0.5481114501612087,0.553295704904742,0.6310059329311201,8.451171875,7.2032967032967035,8.63903743315508,322,0,50,0.5,0.5,0.5,genetic,genetic,genetic,0.05,20
1016,733,751,0.5477301853356454,0.5518648874550904,0.6303063494403236,8.598425196850394,7.2360163710777625,8.529960053262316,323,0,50,0.5,0.5,0.5,genetic,genetic,genetic,0.05,20
1021,742,737,0.5481322795580204,0.5520238255028211,0.6322539668762359,8.747306562193927,7.3059299191374665,8.459972862957937,324,0,50,0.5,0.5,0.5,genetic,genetic,genetic,0.05,20
1010,736,754,0.5467725327006557,0.5502800342121699,0.6335096437726654,8.971287128712872,7.326086956521739,8.282493368700266,325,0,50,0.5,0.5,0.5,genetic,genetic,genetic,0.05,20
1032,748,720,0.5457285924025407,0.5494454344675901,0.633274822572653,9.018410852713178,7.521390374331551,8.305555555555555,326,0,50,0.5,0.5,0.5,genetic,genetic,genetic,0.05,20
1014,767,719,0.546161173676724,0.5486824453021444,0.6333038459794864,9.291913214990139,7.5371577574967406,8.239221140472878,327,0,50,0.5,0.5,0.5,genetic,genetic,genetic,0.05,20
1030,759,711,0.5456509931590967,0.5481057674994961,0.6339158071627754,9.320388349514563,7.570487483530962,7.946554149085794,328,0,50,0.5,0.5,0.5,genetic,genetic,genetic,0.05,20
1018,770,712,0.5455530609260874,0.5472763946270497,0.6349909532108591,9.503929273084479,7.55064935064935,7.860955056179775,329,0,50,0.5,0.5,0.5,genetic,genetic,genetic,0.05,20
1001,806,693,0.545141513630507,0.5477509173150856,0.6346428354663964,9.597402597402597,7.395781637717121,7.88023088023088,330,0,50,0.5,0.5,0.5,genetic,genetic,genetic,0.05,20
1001,817,682,0.5451117868515166,0.5470252804101272,0.6359472400796183,9.778221778221779,7.594859241126071,7.882697947214076,331,0,50,0.5,0.5,0.5,genetic,genetic,genetic,0.05,20
971,847,682,0.5453333311854286,0.5439372825701658,0.6366599139908378,9.735324407826983,7.558441558441558,7.832844574780059,332,0,50,0.5,0.5,0.5,genetic,genetic,genetic,0.05,20
968,851,681,0.5458807775380063,0.5439369596826945,0.6381086229788056,9.678719008264462,7.616921269095182,7.759177679882526,333,0,50,0.5,0.5,0.5,genetic,genetic,genetic,0.05,20
952,892,656,0.5444391839840804,0.544289849785976,0.6376815385300109,9.536764705882353,7.742152466367713,7.771341463414634,334,0,50,0.5,0.5,0.5,genetic,genetic,genetic,0.05,20
967,894,639,0.5429471622732885,0.5449699451899264,0.637353721855466,9.43329886246122,7.97427293064877,7.569640062597809,335,0,50,0.5,0.5,0.5,genetic,genetic,genetic,0.05,20
957,892,651,0.5436440770017575,0.5452638336333837,0.6367496475484566,9.506792058516197,8.003363228699552,7.402457757296467,336,0,50,0.5,0.5,0.5,genetic,genetic,genetic,0.05,20
953,891,656,0.5434831391870067,0.5455907744605484,0.6359501297814594,9.525708289611753,8.097643097643097,7.283536585365853,337,0,50,0.5,0.5,0.5,genetic,genetic,genetic,0.05,20
942,893,665,0.5428177710555223,0.5459482938368413,0.6341692812863882,9.598726114649681,8.161254199328107,7.258646616541354,338,0,50,0.5,0.5,0.5,genetic,genetic,genetic,0.05,20
932,899,669,0.5416968019586849,0.547180189892376,0.6323518609177928,9.438841201716738,8.077864293659621,6.855007473841555,339,0,50,0.5,0.5,0.5,genetic,genetic,genetic,0.05,20
939,878,683,0.5423772572204854,0.5473749745275236,0.6317119529072027,9.653887113951011,8.274487471526196,6.796486090775988,340,0,50,0.5,0.5,0.5,genetic,genetic,genetic,0.05,20
920,881,699,0.5421263777434668,0.5484355362077138,0.6295459121050977,9.564130434782609,8.387060158910328,6.839771101573676,341,0,50,0.5,0.5,0.5,genetic,genetic,genetic,0.05,20
910,887,703,0.5432308586996483,0.5489911857754763,0.631927649313476,9.715384615384615,8.552423900789178,6.891891891891892,342,0,50,0.5,0.5,0.5,genetic,genetic,genetic,0.05,20
884,863,753,0.5421864494722024,0.5493632200234322,0.631451010209383,9.800904977375566,8.589803012746234,6.99070385126162,343,0,50,0.5,0.5,0.5,genetic,genetic,genetic,0.05,20
861,860,779,0.5426547349080596,0.5498682954530454,0.6300887641395145,9.826945412311266,8.565116279069768,7.047496790757381,344,0,50,0.5,0.5,0.5,genetic,genetic,genetic,0.05,20
819,878,803,0.5420308135243045,0.5530672870941168,0.6296903736173103,9.765567765567766,8.24487471526196,7.139476961394769,345,0,50,0.5,0.5,0.5,genetic,genetic,genetic,0.05,20
810,859,831,0.5410398382672668,0.553356570224037,0.6296595436260688,9.792592592592593,8.165308498253783,6.9422382671480145,346,0,50,0.5,0.5,0.5,genetic,genetic,genetic,0.05,20
797,832,871,0.5409507943181906,0.5529268249008095,0.6295874747894958,9.766624843161857,8.05889423076923,6.8266360505166475,347,0,50,0.5,0.5,0.5,genetic,genetic,genetic,0.05,20
815,807,878,0.5413207091983702,0.5524178732363444,0.6297439015229233,9.4920245398773,8.15365551425031,6.848519362186789,348,0,50,0.5,0.5,0.5,genetic,genetic,genetic,0.05,20
810,776,914,0.5417685977047265,0.5523321962162109,0.6289040240255802,9.360493827160493,8.006443298969073,6.980306345733042,349,0,50,0.5,0.5,0.5,genetic,genetic,genetic,0.05,20
800,763,937,0.5426457805486506,0.5519881490325583,0.6290158496988022,9.2475,7.931847968545216,7.109925293489861,350,0,50,0.5,0.5,0.5,genetic,genetic,genetic,0.05,20
805,752,943,0.5421377365597793,0.5518724482574447,0.6289524146327623,9.055900621118013,7.836436170212766,7.234358430540827,351,0,50,0.5,0.5,0.5,genetic,genetic,genetic,0.05,20
815,746,939,0.5419512627584346,0.5511619542888795,0.6298997339631547,8.865030674846626,7.7560321715817695,7.390841320553781,352,0,50,0.5,0.5,0.5,genetic,genetic,genetic,0.05,20
799,754,947,0.5428866892856696,0.5534774950912252,0.6301170630108412,8.688360450563204,7.5795755968169765,7.607180570221753,353,0,50,0.5,0.5,0.5,genetic,genetic,genetic,0.05,20
811,736,953,0.5437517062470503,0.5546834898452587,0.6316839921000643,8.508014796547473,7.475543478260869,7.74816369359916,354,0,50,0.5,0.5,0.5,genetic,genetic,genetic,0.05,20
808,724,968,0.5434169764176316,0.5566315441197477,0.6327777821903883,8.503712871287128,7.531767955801105,7.952479338842975,355,0,50,0.5,0.5,0.5,genetic,genetic,genetic,0.05,20
799,697,1004,0.5443751819682697,0.5583458288875601,0.6354340305752721,8.499374217772216,7.535150645624103,8.070717131474103,356,0,50,0.5,0.5,0.5,genetic,genetic,genetic,0.05,20
803,672,1025,0.5448955637729226,0.5599654156497117,0.6357035607751779,8.491905354919053,7.254464285714286,8.138536585365854,357,0,50,0.5,0.5,0.5,genetic,genetic,genetic,0.05,20
812,676,1012,0.5466524048087519,0.5611160728386819,0.6345127098604822,8.437192118226601,7.121301775147929,8.400197628458498,358,0,50,0.5,0.5,0.5,genetic,genetic,genetic,0.05,20
817,680,1003,0.5451225463805716,0.5609048531626941,0.6345355760984638,8.252141982864137,6.823529411764706,8.613160518444666,359,0,50,0.5,0.5,0.5,genetic,genetic,genetic,0.05,20
853,685,962,0.5459209911926047,0.5625071745010224,0.6340120183848542,8.113716295427901,7.024817518248176,8.904365904365905,360,0,50,0.5,0.5,0.5,genetic,genetic,genetic,0.05,20
878,688,934,0.5439634237675631,0.5630306010739017,0.6333583373808559,7.928246013667426,7.069767441860465,9.127408993576017,361,0,50,0.5,0.5,0.5,genetic,genetic,genetic,0.05,20
909,676,915,0.5441401953061317,0.5642224420123028,0.6344248975216065,7.993399339933993,7.35207100591716,9.356284153005465,362,0,50,0.5,0.5,0.5,genetic,genetic,genetic,0.05,20
934,681,885,0.5427066918237391,0.5626601335048266,0.6354407394519211,8.035331905781584,7.491923641703377,9.427118644067797,363,0,50,0.5,0.5,0.5,genetic,genetic,genetic,0.05,20
957,689,854,0.5430326449711375,0.5648504223378488,0.6377004629498685,7.928944618599791,7.654571843251088,9.544496487119439,364,0,50,0.5,0.5,0.5,genetic,genetic,genetic,0.05,20
976,695,829,0.5431216557817231,0.5658242295282758,0.635683624255184,8.096311475409836,7.896402877697842,9.733413751507841,365,0,50,0.5,0.5,0.5,genetic,genetic,genetic,0.05,20
977,708,815,0.5442927287110173,0.5661539737958058,0.634692920647626,8.088024564994882,7.7358757062146895,9.801226993865031,366,0,50,0.5,0.5,0.5,genetic,genetic,genetic,0.05,20
967,722,811,0.5442127435070014,0.5663223471741502,0.6348645782729103,8.354705274043432,7.677285318559557,9.847102342786684,367,0,50,0.5,0.5,0.5,genetic,genetic,genetic,0.05,20
977,711,812,0.5435979269163694,0.5683074061523203,0.6349729257949178,8.544524053224155,7.756680731364276,9.69704433497537,368,0,50,0.5,0.5,0.5,genetic,genetic,genetic,0.05,20
978,711,811,0.5417439027677146,0.5730372647836546,0.6347322774249425,8.600204498977504,7.531645569620253,9.453760789149198,369,0,50,0.5,0.5,0.5,genetic,genetic,genetic,0.05,20
986,729,785,0.5406960995337659,0.5739781779170178,0.6359832472792293,8.552738336713995,7.5473251028806585,9.30063694267516,370,0,50,0.5,0.5,0.5,genetic,genetic,genetic,0.05,20
988,754,758,0.5405608395902033,0.5746714744359653,0.6376761490205328,8.483805668016194,7.576923076923077,9.506596306068602,371,0,50,0.5,0.5,0.5,genetic,genetic,genetic,0.05,20
979,738,783,0.539691927450137,0.5750274741185918,0.6385280319388403,8.709908069458631,7.380758807588076,9.03448275862069,372,0,50,0.5,0.5,0.5,genetic,genetic,genetic,0.05,20
976,726,798,0.5382067877899406,0.5756710790376796,0.639552546753781,8.920081967213115,7.128099173553719,8.522556390977444,373,0,50,0.5,0.5,0.5,genetic,genetic,genetic,0.05,20
970,737,793,0.539278029701869,0.5739060480624869,0.6392454971622261,8.960824742268041,7.025780189959295,8.35813366960908,374,0,50,0.5,0.5,0.5,genetic,genetic,genetic,0.05,20
983,723,794,0.5395391081355237,0.573809838456322,0.639329446609416,9.001017293997965,7.012448132780083,8.212846347607053,375,0,50,0.5,0.5,0.5,genetic,genetic,genetic,0.05,20
997,722,781,0.5380522438703799,0.5746225818911814,0.640429605181381,9.003009027081244,7.188365650969529,8.192061459667093,376,0,50,0.5,0.5,0.5,genetic,genetic,genetic,0.05,20
1001,739,760,0.5377889432823144,0.5734045720904021,0.6401123734445732,8.91008991008991,7.2151556156968875,8.144736842105264,377,0,50,0.5,0.5,0.5,genetic,genetic,genetic,0.05,20
992,759,749,0.5387790483814086,0.5744118919219856,0.6414556277344886,9.008064516129032,7.317523056653491,7.929238985313751,378,0,50,0.5,0.5,0.5,genetic,genetic,genetic,0.05,20
1003,755,742,0.5403941277013671,0.5729088111653057,0.6418636937664229,9.05284147557328,7.540397350993377,7.908355795148248,379,0,50,0.5,0.5,0.5,genetic,genetic,genetic,0.05,20
1010,779,711,0.5397698934346057,0.5725374579237476,0.6413394553579778,8.98019801980198,7.559691912708601,7.928270042194093,380,0,50,0.5,0.5,0.5,genetic,genetic,genetic,0.05,20
989,800,711,0.5390101766626682,0.5729339379982901,0.64202817343916,8.82912032355915,7.39,7.654008438818566,381,0,50,0.5,0.5,0.5,genetic,genetic,genetic,0.05,20
991,810,699,0.5399161209870623,0.5719961464324764,0.6443006640078486,8.768920282542886,7.380246913580247,7.67381974248927,382,0,50,0.5,0.5,0.5,genetic,genetic,genetic,0.05,20
980,814,706,0.5405753304958764,0.5707160461593571,0.6439971206724839,8.718367346938775,7.464373464373464,7.419263456090651,383,0,50,0.5,0.5,0.5,genetic,genetic,genetic,0.05,20
965,823,712,0.540142290760059,0.5705048684293157,0.6455433301240362,8.958549222797927,7.47509113001215,7.338483146067416,384,0,50,0.5,0.5,0.5,genetic,genetic,genetic,0.05,20
955,835,710,0.5416377212425413,0.5683410362320614,0.643966484342583,8.90890052356021,7.456287425149701,7.307042253521127,385,0,50,0.5,0.5,0.5,genetic,genetic,genetic,0.05,20
924,866,710,0.5416791130465822,0.5688043892344675,0.6447251940476232,8.742424242424242,7.311778290993072,7.273239436619718,386,0,50,0.5,0.5,0.5,genetic,genetic,genetic,0.05,20
911,888,701,0.5425503619886409,0.5691776474438226,0.6431279912188429,8.702524698133919,7.22972972972973,7.108416547788873,387,0,50,0.5,0.5,0.5,genetic,genetic,genetic,0.05,20
905,886,709,0.5423395178882815,0.5690225515779198,0.6432045815427359,8.730386740331491,7.262979683972912,6.995768688293371,388,0,50,0.5,0.5,0.5,genetic,genetic,genetic,0.05,20
907,897,696,0.542648152573013,0.5698367406260577,0.6431281977475066,8.83020948180816,7.604236343366778,7.254310344827586,389,0,50,0.5,0.5,0.5,genetic,genetic,genetic,0.05,20
888,916,696,0.5438410742474677,0.5706940334646269,0.6448166082526746,8.864864864864865,7.754366812227074,7.225574712643678,390,0,50,0.5,0.5,0.5,genetic,genetic,genetic,0.05,20
884,947,669,0.5440030638955328,0.5706583915051128,0.6440402963352643,8.917420814479637,8.027455121436114,7.43796711509716,391,0,50,0.5,0.5,0.5,genetic,genetic,genetic,0.05,20
878,948,674,0.5436583267983085,0.5705861338564509,0.644583676217257,8.937357630979498,8.229957805907173,7.286350148367952,392,0,50,0.5,0.5,0.5,genetic,genetic,genetic,0.05,20
885,944,671,0.5434491406834211,0.5709544866471147,0.6427017168253711,8.981920903954803,8.484110169491526,7.323397913561848,393,0,50,0.5,0.5,0.5,genetic,genetic,genetic,0.05,20
877,966,657,0.5434466071526927,0.5715458009021301,0.6424083411290756,8.936145952109465,8.692546583850932,7.313546423135464,394,0,50,0.5,0.5,0.5,genetic,genetic,genetic,0.05,20
882,956,662,0.5434499507991241,0.5716501650358042,0.6430627420998969,8.965986394557824,8.990585774058577,7.216012084592145,395,0,50,0.5,0.5,0.5,genetic,genetic,genetic,0.05,20
841,974,685,0.5428072768580222,0.5729141615528222,0.6431083693349545,9.133174791914387,9.039014373716633,7.426277372262773,396,0,50,0.5,0.5,0.5,genetic,genetic,genetic,0.05,20
839,966,695,0.5420010206238358,0.574959042036552,0.6439065041096849,8.958283671036948,9.195652173913043,7.330935251798561,397,0,50,0.5,0.5,0.5,genetic,genetic,genetic,0.05,20
808,982,710,0.5409648840356895,0.5759974685151023,0.6444804940128932,9.089108910891088,9.125254582484725,7.350704225352112,398,0,50,0.5,0.5,0.5,genetic,genetic,genetic,0.05,20
811,957,732,0.5408025561386296,0.5761825147008728,0.646182447088576,8.960542540073982,9.03448275862069,7.14344262295082,399,0,50,0.5,0.5,0.5,genetic,genetic,genetic,0.05,20
808,942,750,0.5376185588448424,0.5778365766640848,0.6476321711549621,9.029702970297029,9.059447983014863,7.050666666666666,400,0,50,0.5,0.5,0.5,genetic,genetic,genetic,0.05,20
817,931,752,0.5376471490954021,0.5776710071046371,0.6474854926999585,9.067319461444308,9.007518796992482,7.05186170212766,401,0,50,0.5,0.5,0.5,genetic,genetic,genetic,0.05,20
790,929,781,0.5378921540653754,0.578641122693869,0.6478542558042312,9.082278481012658,8.846071044133478,6.9244558258642765,402,0,50,0.5,0.5,0.5,genetic,genetic,genetic,0.05,20
779,929,792,0.5378898542373601,0.5801263362921946,0.6483202631841586,8.946084724005134,8.791173304628632,6.917929292929293,403,0,50,0.5,0.5,0.5,genetic,genetic,genetic,0.05,20
768,917,815,0.5384328060826682,0.5802647883460061,0.6499344230642614,9.09765625,8.788440567066521,6.916564417177914,404,0,50,0.5,0.5,0.5,genetic,genetic,genetic,0.05,20
759,886,855,0.5381122611255706,0.5809995611318686,0.6505028438656226,9.101449275362318,8.81941309255079,6.901754385964912,405,0,50,0.5,0.5,0.5,genetic,genetic,genetic,0.05,20
737,885,878,0.5368002197399757,0.5819633937173662,0.6526794541502541,9.054274084124831,8.937853107344633,6.896355353075171,406,0,50,0.5,0.5,0.5,genetic,genetic,genetic,0.05,20
720,859,921,0.5373140889668627,0.5831293861467942,0.6547364789420747,9.056944444444444,8.89522700814901,7.024972855591748,407,0,50,0.5,0.5,0.5,genetic,genetic,genetic,0.05,20
745,825,930,0.536453393038352,0.5830209621994801,0.6578639531621492,8.718120805369127,9.077575757575758,6.943010752688172,408,0,50,0.5,0.5,0.5,genetic,genetic,genetic,0.05,20
724,813,963,0.537085336556398,0.5821273561343354,0.6586875012190213,8.367403314917127,8.74169741697417,7.1100726895119415,409,0,50,0.5,0.5,0.5,genetic,genetic,genetic,0.05,20
711,767,1022,0.5374312142428038,0.5830569566858822,0.6586935273499718,8.165963431786217,8.558018252933508,7.0195694716242665,410,0,50,0.5,0.5,0.5,genetic,genetic,genetic,0.05,20
706,724,1070,0.5371077817596018,0.5846660049773692,0.6587622597787484,8.043909348441927,8.395027624309392,7.188785046728972,411,0,50,0.5,0.5,0.5,genetic,genetic,genetic,0.05,20
716,688,1096,0.5382345499333788,0.584291388582546,0.6584311171996663,7.920391061452514,7.9854651162790695,7.313868613138686,412,0,50,0.5,0.5,0.5,genetic,genetic,genetic,0.05,20
724,636,1140,0.5391219311478482,0.5839235697198609,0.6566541848756584,7.664364640883978,7.6415094339622645,7.4149122807017545,413,0,50,0.5,0.5,0.5,genetic,genetic,genetic,0.05,20
751,617,1132,0.5388323992783054,0.5829493764439955,0.6567799367303977,7.415446071904128,7.5591572123176665,7.806537102473499,414,0,50,0.5,0.5,0.5,genetic,genetic,genetic,0.05,20
773,594,1133,0.5392834071595785,0.5838033145242303,0.6572016012275255,7.222509702457956,7.18013468013468,8.071491615180935,415,0,50,0.5,0.5,0.5,genetic,genetic,genetic,0.05,20
803,584,1113,0.5390703984295934,0.5855638131198811,0.6582640665528456,6.9962640099626405,6.885273972602739,8.442946990116802,416,0,50,0.5,0.5,0.5,genetic,genetic,genetic,0.05,20
834,567,1099,0.5392105687800787,0.5863636039983873,0.6598450943371627,6.9700239808153475,6.8165784832451495,8.614194722474977,417,0,50,0.5,0.5,0.5,genetic,genetic,genetic,0.05,20
875,547,1078,0.540505674626536,0.5890389921636215,0.6606125631380173,7.065142857142857,6.9451553930530165,8.86734693877551,418,0,50,0.5,0.5,0.5,genetic,genetic,genetic,0.05,20
924,529,1047,0.5421549433528373,0.5914323944743793,0.6619723613960091,7.1645021645021645,6.977315689981096,9.096466093600764,419,0,50,0.5,0.5,0.5,genetic,genetic,genetic,0.05,20
993,517,990,0.5426649872557285,0.5903541370693166,0.6626899369891825,7.138972809667674,7.02321083172147,9.327272727272728,420,0,50,0.5,0.5,0.5,genetic,genetic,genetic,0.05,20
1038,501,961,0.5417030543270596,0.5899850936325519,0.6631752518588127,7.3111753371868975,7.06187624750499,9.432882414151925,421,0,50,0.5,0.5,0.5,genetic,genetic,genetic,0.05,20
1117,478,905,0.5412461635536966,0.5923257657739848,0.6605656389648153,7.285586392121755,7.046025104602511,9.498342541436465,422,0,50,0.5,0.5,0.5,genetic,genetic,genetic,0.05,20
1180,477,843,0.5400768423284712,0.5944696446445918,0.6604318331791182,7.372033898305085,6.89727463312369,9.72479240806643,423,0,50,0.5,0.5,0.5,genetic,genetic,genetic,0.05,20
1224,465,811,0.5395086834764233,0.5908802916106625,0.6616794022115248,7.691993464052287,6.767741935483871,9.727496917385944,424,0,50,0.5,0.5,0.5,genetic,genetic,genetic,0.05,20
1266,473,761,0.5384507253498272,0.5929558072116913,0.6622806862256571,7.8420221169036335,6.429175475687104,9.660972404730618,425,0,50,0.5,0.5,0.5,genetic,genetic,genetic,0.05,20
1274,500,726,0.5379260520414403,0.5927530370748655,0.6638769597444276,8.113029827315541,5.986,9.505509641873278,426,0,50,0.5,0.5,0.5,genetic,genetic,genetic,0.05,20
1301,518,681,0.5386742731701993,0.5951857976891071,0.6646837537273034,8.31206764027671,5.953667953667954,9.364170337738619,427,0,50,0.5,0.5,0.5,genetic,genetic,genetic,0.05,20
1354,530,616,0.5401922241003825,0.5943951439819628,0.6628972158911497,8.426883308714919,6.009433962264151,8.954545454545455,428,0,50,0.5,0.5,0.5,genetic,genetic,genetic,0.05,20
1378,554,568,0.5412934688295983,0.59286679115185,0.6620518927481948,8.742380261248186,6.090252707581228,8.538732394366198,429,0,50,0.5,0.5,0.5,genetic,genetic,genetic,0.05,20
1384,566,550,0.5418940221999944,0.593589842221501,0.6644716522142279,9.113439306358382,6.044169611307421,8.474545454545455,430,0,50,0.5,0.5,0.5,genetic,genetic,genetic,0.05,20
1366,578,556,0.541540604306115,0.5935479412029118,0.6659077906553295,9.612737920937043,5.977508650519031,8.01978417266187,431,0,50,0.5,0.5,0.5,genetic,genetic,genetic,0.05,20
1369,587,544,0.5404027842801763,0.5914333058579436,0.6673911127668307,9.975164353542732,6.1107325383304945,7.761029411764706,432,0,50,0.5,0.5,0.5,genetic,genetic,genetic,0.05,20
1353,619,528,0.5408307687209576,0.5933418253120372,0.6652410553590269,10.300073909830008,6.035541195476575,7.568181818181818,433,0,50,0.5,0.5,0.5,genetic,genetic,genetic,0.05,20
1310,678,512,0.5401797028402584,0.5935303646742917,0.6654319214368061,10.542748091603054,5.834808259587021,7.2578125,434,0,50,0.5,0.5,0.5,genetic,genetic,genetic,0.05,20
1263,738,499,0.5395875705014553,0.5943292755504915,0.664431465917734,10.941409342834522,5.814363143631437,7.298597194388778,435,0,50,0.5,0.5,0.5,genetic,genetic,genetic,0.05,20
1204,811,485,0.5401635247043391,0.5954551297030173,0.662140064455594,11.235880398671096,5.828606658446363,7.546391752577319,436,0,50,0.5,0.5,0.5,genetic,genetic,genetic,0.05,20
1130,882,488,0.5408161209926554,0.596217942817644,0.6625987895877362,11.48938053097345,5.759637188208616,7.508196721311475,437,0,50,0.5,0.5,0.5,genetic,genetic,genetic,0.05,20
1069,944,487,0.5410275656869892,0.5969773701440293,0.6604762562521794,11.757717492984098,5.888771186440678,7.186858316221766,438,0,50,0.5,0.5,0.5,genetic,genetic,genetic,0.05,20
1000,1001,499,0.5404954781661434,0.5985340144096666,0.6600804107562964,12.059,6.042957042957043,7.1462925851703405,439,0,50,0.5,0.5,0.5,genetic,genetic,genetic,0.05,20
926,1058,516,0.5412284020217106,0.6006600439849625,0.6600594418127766,12.203023758099352,6.237240075614367,7.308139534883721,440,0,50,0.5,0.5,0.5,genetic,genetic,genetic,0.05,20
863,1130,507,0.5413244897006814,0.6020907689400379,0.6599110186759722,12.133256083429895,6.522123893805309,7.289940828402367,441,0,50,0.5,0.5,0.5,genetic,genetic,genetic,0.05,20
792,1183,525,0.5423577815162224,0.6040649588021871,0.6596298323225459,12.04040404040404,6.758241758241758,7.093333333333334,442,0,50,0.5,0.5,0.5,genetic,genetic,genetic,0.05,20
716,1246,538,0.541908397828019,0.6045234940314478,0.6614483737117313,11.840782122905027,7.008828250401284,6.897769516728625,443,0,50,0.5,0.5,0.5,genetic,genetic,genetic,0.05,20
676,1264,560,0.5423976430612761,0.6047567018074718,0.6633219333207638,11.264792899408285,7.386867088607595,6.758928571428571,444,0,50,0.5,0.5,0.5,genetic,genetic,genetic,0.05,20
634,1295,571,0.5432332720579549,0.6038928081770248,0.6657089572734356,10.700315457413248,7.795366795366795,6.700525394045534,445,0,50,0.5,0.5,0.5,genetic,genetic,genetic,0.05,20
595,1305,600,0.5418080396477396,0.6049786762019506,0.6675329001352966,10.272268907563026,8.206130268199233,6.623333333333333,446,0,50,0.5,0.5,0.5,genetic,genetic,genetic,0.05,20
575,1300,625,0.5412131893953963,0.6055493871622897,0.6697501761868004,9.72,8.706923076923077,6.5824,447,0,50,0.5,0.5,0.5,genetic,genetic,genetic,0.05,20
550,1281,669,0.5417218467075295,0.6065832731678236,0.6702079182651361,9.58,9.19984387197502,6.6158445440956655,448,0,50,0.5,0.5,0.5,genetic,genetic,genetic,0.05,20
515,1250,735,0.5425220925819514,0.6078640563835626,0.6697947202514837,9.392233009708738,9.572,6.579591836734694,449,0,50,0.5,0.5,0.5,genetic,genetic,genetic,0.05,20
475,1191,834,0.5397148838300873,0.6084291475511543,0.6717975111925211,9.256842105263157,9.979009235936187,6.406474820143885,450,0,50,0.5,0.5,0.5,genetic,genetic,genetic,0.05,20
449,1135,916,0.5403649457174725,0.6094429222875088,0.6729946529057309,9.069042316258352,10.4784140969163,6.4847161572052405,451,0,50,0.5,0.5,0.5,genetic,genetic,genetic,0.05,20
428,1084,988,0.5427729892995715,0.6102102494278705,0.6744974014084806,8.52803738317757,10.675276752767529,6.5242914979757085,452,0,50,0.5,0.5,0.5,genetic,genetic,genetic,0.05,20
407,1015,1078,0.5444340167117769,0.6085939285634833,0.6767767140058951,8.35135135135135,11.016748768472906,6.634508348794063,453,0,50,0.5,0.5,0.5,genetic,genetic,genetic,0.05,20
414,935,1151,0.5471136464405681,0.6099815756284435,0.6758607034229714,8.002415458937199,11.396791443850267,6.775847089487402,454,0,50,0.5,0.5,0.5,genetic,genetic,genetic,0.05,20
426,856,1218,0.5443711942049565,0.6097481176572481,0.6750120576785397,7.877934272300469,11.783878504672897,7.022988505747127,455,0,50,0.5,0.5,0.5,genetic,genetic,genetic,0.05,20
436,778,1286,0.5464568796580886,0.60810021750803,0.6743326944037586,7.444954128440367,11.919023136246787,7.290824261275272,456,0,50,0.5,0.5,0.5,genetic,genetic,genetic,0.05,20
464,693,1343,0.5451365373483705,0.6079934223047982,0.6741219781837071,7.243534482758621,12.079365079365079,7.511541325390916,457,0,50,0.5,0.5,0.5,genetic,genetic,genetic,0.05,20
477,632,1391,0.5471470363317469,0.6084536511542634,0.6752488622875138,6.962264150943396,11.969936708860759,7.772106398274622,458,0,50,0.5,0.5,0.5,genetic,genetic,genetic,0.05,20
510,564,1426,0.547992991059273,0.6071563124422561,0.6745255667919631,6.823529411764706,11.558510638297872,8.002103786816269,459,0,50,0.5,0.5,0.5,genetic,genetic,genetic,0.05,20
583,496,1421,0.5494625463104955,0.605868986528963,0.6746830425802796,6.487135506003431,11.15524193548387,8.223082336382829,460,0,50,0.5,0.5,0.5,genetic,genetic,genetic,0.05,20
618,436,1446,0.5495183019509556,0.608064050268604,0.6749487234601912,6.5,10.162844036697248,8.565698478561549,461,0,50,0.5,0.5,0.5,genetic,genetic,genetic,0.05,20
670,404,1426,0.5506112457772845,0.606378739240075,0.6750016274940526,6.235820895522388,9.287128712871286,8.96704067321178,462,0,50,0.5,0.5,0.5,genetic,genetic,genetic,0.05,20
716,377,1407,0.5503605887119245,0.6060522394843567,0.6754095549769029,6.2136871508379885,8.23607427055703,9.326936744847192,463,0,50,0.5,0.5,0.5,genetic,genetic,genetic,0.05,20
770,357,1373,0.5514376436825688,0.609550276745415,0.6763624763444102,6.28961038961039,7.523809523809524,9.858703568827385,464,0,50,0.5,0.5,0.5,genetic,genetic,genetic,0.05,20
807,358,1335,0.5530327955518142,0.6097603271813902,0.6780812302507737,6.4944237918215615,7.20391061452514,10.417228464419475,465,0,50,0.5,0.5,0.5,genetic,genetic,genetic,0.05,20
856,358,1286,0.5528785819784081,0.6088413859535391,0.676823684860503,6.565420560747664,6.70391061452514,10.902799377916018,466,0,50,0.5,0.5,0.5,genetic,genetic,genetic,0.05,20
884,367,1249,0.5528949104127517,0.6075431797301585,0.6786761065111723,6.673076923076923,6.0272479564032695,11.313050440352281,467,0,50,0.5,0.5,0.5,genetic,genetic,genetic,0.05,20
939,360,1201,0.5524921553175212,0.6076507579139748,0.6783807847061544,6.875399361022364,6.019444444444445,11.664446294754372,468,0,50,0.5,0.5,0.5,genetic,genetic,genetic,0.05,20
987,365,1148,0.5531955572605596,0.6050917783182346,0.6784497487391836,7.073961499493414,5.76986301369863,12.116724738675957,469,0,50,0.5,0.5,0.5,genetic,genetic,genetic,0.05,20
1034,365,1101,0.5528110518842202,0.6049617938918715,0.6792505668262981,7.261121856866538,5.6,12.377838328792008,470,0,50,0.5,0.5,0.5,genetic,genetic,genetic,0.05,20
1090,380,1030,0.5546924332152787,0.6045052565195194,0.681156486218092,7.352293577981651,5.676315789473684,12.821359223300972,471,0,50,0.5,0.5,0.5,genetic,genetic,genetic,0.05,20
1133,393,974,0.5549332996426899,0.6053397740150841,0.6828874538337929,7.599293909973522,5.569974554707379,13.3870636550308,472,0,50,0.5,0.5,0.5,genetic,genetic,genetic,0.05,20
1188,411,901,0.5566803026816294,0.6071544209665392,0.6839435992518532,7.820707070707071,5.639902676399027,13.780244173140954,473,0,50,0.5,0.5,0.5,genetic,genetic,genetic,0.05,20
1241,437,822,0.5571458850970881,0.6070016079742238,0.6830516600457257,7.947622884770347,5.581235697940503,14.139902676399027,474,0,50,0.5,0.5,0.5,genetic,genetic,genetic,0.05,20
1244,489,767,0.5575535458939279,0.6101885025781079,0.6841555353884824,8.29903536977492,5.288343558282208,14.269882659713168,475,0,50,0.5,0.5,0.5,genetic,genetic,genetic,0.05,20
1244,537,719,0.5573985351785987,0.6098798756042488,0.685210867131801,8.59807073954984,5.160148975791434,14.315716272600834,476,0,50,0.5,0.5,0.5,genetic,genetic,genetic,0.05,20
1256,582,662,0.5570158791449864,0.6095449419270441,0.6847041770061176,8.726114649681529,5.130584192439863,14.157099697885196,477,0,50,0.5,0.5,0.5,genetic,genetic,genetic,0.05,20
1255,620,625,0.558241569985283,0.6099260792038437,0.685926071525008,9.068525896414343,5.279032258064516,14.1312,478,0,50,0.5,0.5,0.5,genetic,genetic,genetic,0.05,20
1269,652,579,0.5580967571503446,0.6111631394081057,0.6857514530253049,9.193065405831364,5.50920245398773,13.849740932642487,479,0,50,0.5,0.5,0.5,genetic,genetic,genetic,0.05,20
1257,702,541,0.5586006605241631,0.6126920328253197,0.6838616046977387,9.37788385043755,5.710826210826211,13.336414048059149,480,0,50,0.5,0.5,0.5,genetic,genetic,genetic,0.05,20
1227,764,509,0.5571627419535257,0.6130205703254296,0.6820190048742585,9.646291768541158,5.892670157068062,13.18467583497053,481,0,50,0.5,0.5,0.5,genetic,genetic,genetic,0.05,20
1164,844,492,0.5571793855150341,0.6138113548039054,0.6832359990567483,9.940721649484535,5.889810426540285,12.721544715447154,482,0,50,0.5,0.5,0.5,genetic,genetic,genetic,0.05,20
1122,896,482,0.5572119692942237,0.6139100918397892,0.6819315709764303,10.292335115864528,6.123883928571429,11.894190871369295,483,0,50,0.5,0.5,0.5,genetic,genetic,genetic,0.05,20
1086,946,468,0.5563724697497633,0.614331675926168,0.6811677969222428,10.35267034990792,6.361522198731501,10.732905982905983,484,0,50,0.5,0.5,0.5,genetic,genetic,genetic,0.05,20
1027,984,489,0.5559842876027336,0.6165454986913612,0.6814326278791415,10.518013631937682,6.426829268292683,9.83435582822086,485,0,50,0.5,0.5,0.5,genetic,genetic,genetic,0.05,20
958,1013,529,0.5555572486542958,0.6177057431783263,0.6813149429062711,10.69937369519833,6.38400789733465,8.47069943289225,486,0,50,0.5,0.5,0.5,genetic,genetic,genetic,0.05,20
901,1033,566,0.5547945928884593,0.6173400900952476,0.6806556209257807,10.85904550499445,6.637947725072604,7.586572438162544,487,0,50,0.5,0.5,0.5,genetic,genetic,genetic,0.05,20
852,1028,620,0.5563059506508922,0.6188028026300676,0.6814267741124294,10.87206572769953,6.762645914396887,6.948387096774193,488,0,50,0.5,0.5,0.5,genetic,genetic,genetic,0.05,20
791,1023,686,0.5551019116748025,0.6176022909336302,0.6817524336791098,11.085967130214918,6.817204301075269,6.631195335276968,489,0,50,0.5,0.5,0.5,genetic,genetic,genetic,0.05,20
745,1013,742,0.5526397209352069,0.6187031642184871,0.6819485298913993,10.931543624161074,6.902270483711748,6.401617250673854,490,0,50,0.5,0.5,0.5,genetic,genetic,genetic,0.05,20
721,1005,774,0.5526763558642147,0.6205484640983963,0.6836467320615892,10.565880721220527,7.064676616915423,6.325581395348837,491,0,50,0.5,0.5,0.5,genetic,genetic,genetic,0.05,20
721,968,811,0.5524804581389339,0.6211701995557504,0.6855515581659836,10.453536754507628,7.463842975206612,6.133168927250308,492,0,50,0.5,0.5,0.5,genetic,genetic,genetic,0.05,20
672,955,873,0.5512604739581345,0.6227066677152125,0.6864549375484059,10.200892857142858,7.484816753926702,6.0778923253150055,493,0,50,0.5,0.5,0.5,genetic,genetic,genetic,0.05,20
654,902,944,0.5536013257345256,0.6211515137423944,0.6865515518912381,9.98776758409786,7.549889135254989,6.179025423728813,494,0,50,0.5,0.5,0.5,genetic,genetic,genetic,0.05,20
643,887,970,0.5521105961334397,0.6221297773575045,0.6865021758842187,9.553654743390357,7.687711386696731,6.4,495,0,50,0.5,0.5,0.5,genetic,genetic,genetic,0.05,20
653,830,1017,0.5538572138665332,0.6215589988968605,0.6855441038306224,9.154670750382849,7.828915662650602,6.554572271386431,496,0,50,0.5,0.5,0.5,genetic,genetic,genetic,0.05,20
664,809,1027,0.5542194267617198,0.6204604348155625,0.6850972322334172,8.80421686746988,7.917181705809641,6.8539435248296,497,0,50,0.5,0.5,0.5,genetic,genetic,genetic,0.05,20
662,784,1054,0.554424651455741,0.6193732555232938,0.6857452039179274,8.638972809667674,7.957908163265306,7.09392789373814,498,0,50,0.5,0.5,0.5,genetic,genetic,genetic,0.05,20
698,753,1049,0.5531856307795896,0.619780476081786,0.6868529544033474,8.216332378223496,8.110225763612219,7.373689227836034,499,0,50,0.5,0.5,0.5,genetic,genetic,genetic,0.05,20
823,855,822,0.5,0.5,0.5,0.0,0.0,0.0,0,1,50,0.5,0.5,0.5,genetic,genetic,genetic,0.05,20
795,869,836,0.500785201506371,0.4998621047717355,0.5017115403472177,1.0,1.0,1.0,1,1,50,0.5,0.5,0.5,genetic,genetic,genetic,0.05,20
779,864,857,0.5007975470793629,0.5007155992147994,0.5011766418544522,1.8639281129653402,1.8587962962962963,1.8483080513418904,2,1,50,0.5,0.5,0.5,genetic,genetic,genetic,0.05,20
759,851,890,0.5015254622111206,0.5008796801716111,0.5003574672890849,2.656126482213439,2.6345475910693303,2.595505617977528,3,1,50,0.5,0.5,0.5,genetic,genetic,genetic,0.05,20
733,833,934,0.5007266513860161,0.5021787742107612,0.5020837746322652,3.3328785811732606,3.283313325330132,3.253747323340471,4,1,50,0.5,0.5,0.5,genetic,genetic,genetic,0.05,20
720,800,980,0.5022372601183563,0.5036359381278992,0.5030872317417037,3.8652777777777776,3.82125,3.7510204081632654,5,1,50,0.5,0.5,0.5,genetic,genetic,genetic,0.05,20
703,789,1008,0.503949385815873,0.5031196315675578,0.5033503080259448,4.372688477951636,4.287705956907478,4.319444444444445,6,1,50,0.5,0.5,0.5,genetic,genetic,genetic,0.05,20
740,734,1026,0.5051584074778328,0.5044461728211542,0.5046654771951739,4.681081081081081,4.798365122615804,4.717348927875244,7,1,50,0.5,0.5,0.5,genetic,genetic,genetic,0.05,20
791,701,1008,0.5069425623883914,0.506398828038994,0.504335516817762,4.835651074589128,5.181169757489301,5.2063492063492065,8,1,50,0.5,0.5,0.5,genetic,genetic,genetic,0.05,20
802,688,1010,0.5072508217744004,0.5071705450242137,0.5039132327075202,5.194513715710723,5.398255813953488,5.616831683168317,9,1,50,0.5,0.5,0.5,genetic,genetic,genetic,0.05,20
832,666,1002,0.5058234829214379,0.5067421753520028,0.5051650144036872,5.455528846153846,5.711711711711712,6.005988023952096,10,1,50,0.5,0.5,0.5,genetic,genetic,genetic,0.05,20
870,639,991,0.5067844435540827,0.5072875977217014,0.5060337413369537,5.604597701149426,5.915492957746479,6.316851664984863,11,1,50,0.5,0.5,0.5,genetic,genetic,genetic,0.05,20
913,619,968,0.5072743522892155,0.5081425293693613,0.5058553237800075,5.784227820372399,6.117932148626817,6.615702479338843,12,1,50,0.5,0.5,0.5,genetic,genetic,genetic,0.05,20
959,597,944,0.5071486118490403,0.5067691692824801,0.5043388685633654,6.003128258602711,6.254606365159129,6.924788135593221,13,1,50,0.5,0.5,0.5,genetic,genetic,genetic,0.05,20
967,599,934,0.506977825590303,0.5080714424470222,0.5059117195183603,6.300930713547053,6.173622704507513,7.155246252676659,14,1,50,0.5,0.5,0.5,genetic,genetic,genetic,0.05,20
1008,607,885,0.5071261200049612,0.5103579175622937,0.5059414810435638,6.501984126984127,6.205930807248764,7.374011299435028,15,1,50,0.5,0.5,0.5,genetic,genetic,genetic,0.05,20
1020,643,837,0.5074851996703434,0.5131248291438373,0.5053923289651552,6.665686274509804,6.023328149300156,7.599761051373955,16,1,50,0.5,0.5,0.5,genetic,genetic,genetic,0.05,20
1039,668,793,0.5079908808363393,0.512644679870731,0.5046915589757809,7.023099133782483,6.12874251497006,7.899117276166456,17,1,50,0.5,0.5,0.5,genetic,genetic,genetic,0.05,20
1057,677,766,0.5078811383787463,0.5115757559032571,0.5066907588730858,7.330179754020814,6.261447562776957,8.036553524804178,18,1,50,0.5,0.5,0.5,genetic,genetic,genetic,0.05,20
1071,702,727,0.5076770341748141,0.5124458696090838,0.5067250984954939,7.602240896358543,6.451566951566951,8.376891334250343,19,1,50,0.5,0.5,0.5,genetic,genetic,genetic,0.05,20
1086,722,692,0.5071877100333912,0.5123047134551797,0.5059527209617454,7.791896869244936,6.588642659279778,8.410404624277456,20,1,50,0.5,0.5,0.5,genetic,genetic,genetic,0.05,20
1084,761,655,0.5070573409131456,0.5117203641689946,0.5059860177166993,7.9335793357933575,6.684625492772668,8.541984732824428,21,1,50,0.5,0.5,0.5,genetic,genetic,genetic,0.05,20
1049,805,646,0.5055929057218618,0.5122722527092105,0.5041818875528687,8.243088655862726,6.678260869565217,8.512383900928793,22,1,50,0.5,0.5,0.5,genetic,genetic,genetic,0.05,20
1005,860,635,0.5052139659967515,0.5128727341942123,0.5063238630385516,8.485572139303482,6.680232558139535,8.467716535433071,23,1,50,0.5,0.5,0.5,genetic,genetic,genetic,0.05,20
986,897,617,0.5057831150339961,0.513373134895193,0.5069552992288249,8.693711967545639,6.76365663322185,8.489465153970826,24,1,50,0.5,0.5,0.5,genetic,genetic,genetic,0.05,20
956,925,619,0.5053838904139887,0.5134421494833048,0.5065673419713976,8.913179916317992,6.896216216216216,8.135702746365105,25,1,50,0.5,0.5,0.5,genetic,genetic,genetic,0.05,20
947,959,594,0.5047079111981785,0.512756415476467,0.504474249663766,8.728616684266104,7.0479666319082375,7.641414141414141,26,1,50,0.5,0.5,0.5,genetic,genetic,genetic,0.05,20
935,980,585,0.5033235556930434,0.5139380032420167,0.5045210676006454,8.572192513368984,7.229591836734694,6.912820512820513,27,1,50,0.5,0.5,0.5,genetic,genetic,genetic,0.05,20
903,1003,594,0.5037241247700744,0.5150713196076507,0.504308960196507,8.80952380952381,7.400797607178465,6.877104377104377,28,1,50,0.5,0.5,0.5,genetic,genetic,genetic,0.05,20
859,1025,616,0.5034462155480331,0.5161615584770601,0.506792781470683,8.925494761350407,7.602926829268292,6.738636363636363,29,1,50,0.5,0.5,0.5,genetic,genetic,genetic,0.05,20
827,1048,625,0.5026310979438781,0.5157925633688178,0.5079010021109832,8.812575574365175,7.864503816793893,6.7424,30,1,50,0.5,0.5,0.5,genetic,genetic,genetic,0.05,20
801,1063,636,0.503117541498548,0.5156117288314208,0.5069555466700838,8.85892634207241,8.064910630291628,6.595911949685535,31,1,50,0.5,0.5,0.5,genetic,genetic,genetic,0.05,20
772,1094,634,0.5052704725914112,0.5153526593530736,0.5058540129579442,8.954663212435234,8.238574040219378,6.832807570977918,32,1,50,0.5,0.5,0.5,genetic,genetic,genetic,0.05,20
750,1091,659,0.5061819376919494,0.5155306871270378,0.5050627564120524,9.058666666666667,8.339138405132905,6.828528072837633,33,1,50,0.5,0.5,0.5,genetic,genetic,genetic,0.05,20
700,1106,694,0.5084072299757746,0.5152334188045504,0.504757824846642,9.125714285714286,8.374321880650994,6.68299711815562,34,1,50,0.5,0.5,0.5,genetic,genetic,genetic,0.05,20
668,1100,732,0.5077913745299083,0.5153145797662373,0.503870600035525,9.247005988023952,8.665454545454546,6.698087431693989,35,1,50,0.5,0.5,0.5,genetic,genetic,genetic,0.05,20
628,1090,782,0.5092240187567816,0.5174255247687389,0.5042338658779043,9.089171974522293,8.722018348623854,6.734015345268542,36,1,50,0.5,0.5,0.5,genetic,genetic,genetic,0.05,20
593,1076,831,0.5093527418296511,0.5178840229790104,0.5037069066009507,9.050590219224283,8.854089219330856,6.78459687123947,37,1,50,0.5,0.5,0.5,genetic,genetic,genetic,0.05,20
595,1042,863,0.5113138042626326,0.5182441261698189,0.5058783258368114,9.031932773109244,9.165067178502879,6.968713789107763,38,1,50,0.5,0.5,0.5,genetic,genetic,genetic,0.05,20
569,1029,902,0.5110174426589842,0.5188578463126181,0.5053015473033138,9.156414762741653,9.365403304178814,7.188470066518847,39,1,50,0.5,0.5,0.5,genetic,genetic,genetic,0.05,20
557,1016,927,0.5119936056108172,0.5185268842147507,0.5044202198718728,8.854578096947936,9.39271653543307,7.27076591154261,40,1,50,0.5,0.5,0.5,genetic,genetic,genetic,0.05,20
549,1000,951,0.5113723364375239,0.5173766820439751,0.5046705688396275,8.499089253187615,9.581,7.5678233438485805,41,1,50,0.5,0.5,0.5,genetic,genetic,genetic,0.05,20
574,965,961,0.5129949685943461,0.5177045548188806,0.5026378874421651,8.0801393728223,10.002072538860103,7.738813735691988,42,1,50,0.5,0.5,0.5,genetic,genetic,genetic,0.05,20
582,936,982,0.5127725613804176,0.5192524313868672,0.5029293491286613,7.649484536082475,10.107905982905983,7.8370672097759675,43,1,50,0.5,0.5,0.5,genetic,genetic,genetic,0.05,20
613,904,983,0.5116877157966212,0.5189405461295907,0.5034994101972793,7.535073409461664,10.382743362831858,8.026449643947101,44,1,50,0.5,0.5,0.5,genetic,genetic,genetic,0.05,20
622,864,1014,0.5119157123517173,0.5197871415704322,0.5050616218652751,7.40032154340836,10.559027777777779,8.148915187376726,45,1,50,0.5,0.5,0.5,genetic,genetic,genetic,0.05,20
625,832,1043,0.5113221086859229,0.521483753768464,0.5046490366454827,7.5264,10.842548076923077,8.35953978906999,46,1,50,0.5,0.5,0.5,genetic,genetic,genetic,0.05,20
660,788,1052,0.5111869922354175,0.520383375691788,0.503184795200376,7.318181818181818,10.817258883248732,8.499049429657795,47,1,50,0.5,0.5,0.5,genetic,genetic,genetic,0.05,20
691,743,1066,0.5130261857360968,0.5189939441623439,0.5039249999553841,7.38205499276411,10.838492597577389,8.544090056285178,48,1,50,0.5,0.5,0.5,genetic,genetic,genetic,0.05,20
707,717,1076,0.5117667444914915,0.5183239034930097,0.5038245578422637,7.615275813295615,10.895397489539748,8.758364312267657,49,1,50,0.5,0.5,0.5,genetic,genetic,genetic,0.05,20
732,686,1082,0.511485869857561,0.5167735437256871,0.5020320043926403,7.644808743169399,10.887755102040817,8.963955637707949,50,1,50,0.5,0.5,0.5,genetic,genetic,genetic,0.05,20
731,676,1093,0.5118878171149649,0.517106907892487,0.5005241211467041,7.712722298221614,10.585798816568047,9.181152790484903,51,1,50,0.5,0.5,0.5,genetic,genetic,genetic,0.05,20
758,650,1092,0.5086450124159418,0.5164777986987041,0.5010383745657746,7.627968337730871,10.135384615384615,9.287545787545788,52,1,50,0.5,0.5,0.5,genetic,genetic,genetic,0.05,20
787,629,1084,0.5102789015978906,0.5159000635614518,0.5012815805076284,7.570520965692503,9.941176470588236,9.399446494464945,53,1,50,0.5,0.5,0.5,genetic,genetic,genetic,0.05,20
812,598,1090,0.5108690290002617,0.5127363451232688,0.49973296889826035,7.727832512315271,9.533444816053512,9.558715596330275,54,1,50,0.5,0.5,0.5,genetic,genetic,genetic,0.05,20
832,583,1085,0.5107680774874825,0.5112047884938244,0.4987384455652439,7.850961538461538,9.022298456260721,9.68110599078341,55,1,50,0.5,0.5,0.5,genetic,genetic,genetic,0.05,20
883,538,1079,0.5093877134680159,0.5095952360083574,0.49857278292710605,8.005662514156285,8.962825278810408,9.74050046339203,56,1,50,0.5,0.5,0.5,genetic,genetic,genetic,0.05,20
923,542,1035,0.5100322659669771,0.5092212087271042,0.49821370872853415,8.072589382448538,8.699261992619926,9.97391304347826,57,1,50,0.5,0.5,0.5,genetic,genetic,genetic,0.05,20
963,547,990,0.5100206826958574,0.5076500742431312,0.4958224909207359,8.11318795430945,8.489945155393054,10.261616161616162,58,1,50,0.5,0.5,0.5,genetic,genetic,genetic,0.05,20
954,566,980,0.5090406793354522,0.5057298904322948,0.4957924786839936,8.527253668763104,7.9946996466431095,10.519387755102041,59,1,50,0.5,0.5,0.5,genetic,genetic,genetic,0.05,20
966,598,936,0.507243999725028,0.5041970694282641,0.4943724359704917,8.620082815734989,7.6404682274247495,10.875,60,1,50,0.5,0.5,0.5,genetic,genetic,genetic,0.05,20
1008,608,884,0.5068909052727002,0.50324146103475,0.49292624881292085,8.639880952380953,7.7319078947368425,11.093891402714933,61,1,50,0.5,0.5,0.5,genetic,genetic,genetic,0.05,20
1040,616,844,0.5071812354688385,0.503094937163162,0.49305057207814396,8.71923076923077,7.6688311688311686,11.195497630331754,62,1,50,0.5,0.5,0.5,genetic,genetic,genetic,0.05,20
1050,643,807,0.5068851448457368,0.5042860609547534,0.49321021294510786,8.768571428571429,7.49144634525661,11.44361833952912,63,1,50,0.5,0.5,0.5,genetic,genetic,genetic,0.05,20
1053,679,768,0.5088669579520697,0.5030337005318191,0.49240837251025343,8.851851851851851,7.3460972017673045,11.71484375,64,1,50,0.5,0.5,0.5,genetic,genetic,genetic,0.05,20
1064,698,738,0.509371474571202,0.5046560460587389,0.4950984614129907,9.056390977443609,7.339541547277937,11.617886178861788,65,1,50,0.5,0.5,0.5,genetic,genetic,genetic,0.05,20
1076,716,708,0.5092341435986889,0.5062680826495508,0.49408134805904663,9.218401486988848,7.351955307262569,11.614406779661017,66,1,50,0.5,0.5,0.5,genetic,genetic,genetic,0.05,20
1104,734,662,0.507556753810677,0.5072854664670983,0.49386173184398735,9.095108695652174,7.381471389645776,11.03323262839879,67,1,50,0.5,0.5,0.5,genetic,genetic,genetic,0.05,20
1104,786,610,0.5083347452614075,0.507455530041413,0.4933021929144021,9.195652173913043,7.239185750636132,10.537704918032787,68,1,50,0.5,0.5,0.5,genetic,genetic,genetic,0.05,20
1105,782,613,0.5094317524809276,0.5101647883624008,0.4938729353395515,9.396380090497738,7.410485933503836,9.9836867862969,69,1,50,0.5,0.5,0.5,genetic,genetic,genetic,0.05,20
1090,826,584,0.5102365600322617,0.508996330303544,0.49117397640030036,9.473394495412844,7.467312348668281,9.76541095890411,70,1,50,0.5,0.5,0.5,genetic,genetic,genetic,0.05,20
1078,836,586,0.5095836319554459,0.5094109846028567,0.49322017017209147,9.796846011131725,7.619617224880383,9.156996587030717,71,1,50,0.5,0.5,0.5,genetic,genetic,genetic,0.05,20
1065,844,591,0.5095464457383146,0.5099330206189597,0.4940451333421915,10.088262910798122,7.678909952606635,8.519458544839255,72,1,50,0.5,0.5,0.5,genetic,genetic,genetic,0.05,20
1022,873,605,0.5093920795849227,0.5106307040341915,0.49228604624558675,10.472602739726028,7.675830469644903,8.320661157024793,73,1,50,0.5,0.5,0.5,genetic,genetic,genetic,0.05,20
978,889,633,0.5102574635727626,0.5110732264004444,0.4936788830245971,10.83435582822086,7.713160854893139,8.063191153238547,74,1,50,0.5,0.5,0.5,genetic,genetic,genetic,0.05,20
940,903,657,0.51109921253006,0.5121362546932583,0.49469831147291055,10.986170212765957,7.584717607973422,7.831050228310502,75,1,50,0.5,0.5,0.5,genetic,genetic,genetic,0.05,20
894,941,665,0.5127373929816562,0.5114934234830272,0.49118011106244913,11.14876957494407,7.657810839532412,7.984962406015038,76,1,50,0.5,0.5,0.5,genetic,genetic,genetic,0.05,20
852,965,683,0.5133875336132302,0.5108924903989761,0.4901482222022537,11.160798122065728,7.73160621761658,8.117130307467058,77,1,50,0.5,0.5,0.5,genetic,genetic,genetic,0.05,20
812,982,706,0.5135738642330752,0.5112575055227911,0.49084081828908593,11.19088669950739,7.8991853360488795,8.148725212464589,78,1,50,0.5,0.5,0.5,genetic,genetic,genetic,0.05,20
773,1011,716,0.5149583527557434,0.5108801517243786,0.48900322393265266,11.072445019404915,8.032640949554896,8.378491620111731,79,1,50,0.5,0.5,0.5,genetic,genetic,genetic,0.05,20
748,1032,720,0.5149825633862818,0.5117709111759889,0.4894731491618377,11.02139037433155,8.224806201550388,8.433333333333334,80,1,50,0.5,0.5,0.5,genetic,genetic,genetic,0.05,20
714,1050,736,0.513995428094517,0.5114803512195143,0.4892020668886956,10.939775910364146,8.378095238095238,8.525815217391305,81,1,50,0.5,0.5,0.5,genetic,genetic,genetic,0.05,20
677,1080,743,0.5154577221558199,0.5118714644599189,0.48940736321393374,10.66765140324963,8.596296296296297,8.806191117092867,82,1,50,0.5,0.5,0.5,genetic,genetic,genetic,0.05,20
644,1102,754,0.5168117885107426,0.5117707435310307,0.4901655224700632,10.147515527950311,8.763157894736842,8.962864721485412,83,1,50,0.5,0.5,0.5,genetic,genetic,genetic,0.05,20
628,1119,753,0.5197781532396597,0.5130157712504944,0.48903925044736357,9.613057324840764,9.071492403932082,9.366533864541832,84,1,50,0.5,0.5,0.5,genetic,genetic,genetic,0.05,20
623,1111,766,0.520318557909917,0.5135734046044031,0.4865882135545343,9.284109149277688,9.384338433843384,9.463446475195822,85,1,50,0.5,0.5,0.5,genetic,genetic,genetic,0.05,20
614,1118,768,0.5219134932688917,0.5132883826862047,0.4861717356999928,9.063517915309447,9.665474060822898,9.73828125,86,1,50,0.5,0.5,0.5,genetic,genetic,genetic,0.05,20
618,1120,762,0.5207914271020021,0.5138820552156685,0.48539129217010457,8.731391585760518,9.91875,9.84514435695538,87,1,50,0.5,0.5,0.5,genetic,genetic,genetic,0.05,20
611,1106,783,0.5202364878828308,0.5147397909418264,0.4848204833657063,8.566284779050736,10.273056057866185,9.879948914431672,88,1,50,0.5,0.5,0.5,genetic,genetic,genetic,0.05,20
612,1088,800,0.5207029022271255,0.5151577877897852,0.4830671693842433,8.367647058823529,10.532169117647058,9.84875,89,1,50,0.5,0.5,0.5,genetic,genetic,genetic,0.05,20
633,1076,791,0.5215073609235578,0.5157576931863175,0.48292667800367,8.202211690363349,10.988847583643123,9.969658659924146,90,1,50,0.5,0.5,0.5,genetic,genetic,genetic,0.05,20
631,1058,811,0.522455647874669,0.5155528522953683,0.48289529642467127,7.898573692551506,11.237240075614366,9.850801479654747,91,1,50,0.5,0.5,0.5,genetic,genetic,genetic,0.05,20
668,1014,818,0.523579082357289,0.5157897382571602,0.48420044143500646,7.7619760479041915,11.58777120315582,9.52444987775061,92,1,50,0.5,0.5,0.5,genetic,genetic,genetic,0.05,20
684,968,848,0.5229862895776057,0.5156567484880306,0.4835961741243648,7.837719298245614,11.834710743801653,9.26061320754717,93,1,50,0.5,0.5,0.5,genetic,genetic,genetic,0.05,20
687,939,874,0.5233590876092902,0.5151365879568505,0.481649282970063,7.915574963609898,12.022364217252397,9.093821510297483,94,1,50,0.5,0.5,0.5,genetic,genetic,genetic,0.05,20
697,904,899,0.523470510142245,0.514468614723085,0.47986035531370225,8.15638450502152,12.311946902654867,8.961067853170189,95,1,50,0.5,0.5,0.5,genetic,genetic,genetic,0.05,20
697,889,914,0.5256601040921303,0.5147488523392221,0.4791389174235305,8.101865136298422,12.148481439820022,8.898249452954047,96,1,50,0.5,0.5,0.5,genetic,genetic,genetic,0.05,20
721,852,927,0.5275268727337808,0.5153879948367188,0.47990651874019236,8.230235783633843,12.339201877934272,9.042071197411003,97,1,50,0.5,0.5,0.5,genetic,genetic,genetic,0.05,20
729,843,928,0.5279169368580278,0.5144799972404714,0.48023107800436904,8.21673525377229,12.419928825622776,9.251077586206897,98,1,50,0.5,0.5,0.5,genetic,genetic,genetic,0.05,20
761,816,923,0.52819635382775,0.5156642327725565,0.47937297284583147,8.222076215505913,12.479166666666666,9.326110509209101,99,1,50,0.5,0.5,0.5,genetic,genetic,genetic,0.05,20
773,802,925,0.5294138580986276,0.5177127959595822,0.4794248047860336,8.209573091849935,12.306733167082294,9.125405405405406,100,1,50,0.5,0.5,0.5,genetic,genetic,genetic,0.05,20
782,790,928,0.5293417965440947,0.5198405565051007,0.48113005518339713,8.179028132992327,11.825316455696203,8.935344827586206,101,1,50,0.5,0.5,0.5,genetic,genetic,genetic,0.05,20
786,786,928,0.5286823473397655,0.5213275975053188,0.4824563117418195,8.229007633587786,11.335877862595419,8.949353448275861,102,1,50,0.5,0.5,0.5,genetic,genetic,genetic,0.05,20
790,780,930,0.5296831197077305,0.5219813512543423,0.48369905293411636,8.359493670886076,11.03076923076923,8.933333333333334,103,1,50,0.5,0.5,0.5,genetic,genetic,genetic,0.05,20
789,781,930,0.5282964641289314,0.522219851407053,0.482526161767548,8.567807351077313,10.68629961587708,9.047311827956989,104,1,50,0.5,0.5,0.5,genetic,genetic,genetic,0.05,20
761,807,932,0.5296937381020952,0.5230979682017864,0.48258023669454697,8.637319316688568,10.244114002478314,9.410944206008583,105,1,50,0.5,0.5,0.5,genetic,genetic,genetic,0.05,20
763,817,920,0.5280970698735485,0.5239802563806444,0.481562740451748,8.681520314547837,10.030599755201958,9.643478260869566,106,1,50,0.5,0.5,0.5,genetic,genetic,genetic,0.05,20
749,823,928,0.5259849806248267,0.5227576253778029,0.4800804910119792,8.923898531375167,9.789793438639125,9.856681034482758,107,1,50,0.5,0.5,0.5,genetic,genetic,genetic,0.05,20
738,806,956,0.525199716802477,0.5218249747051403,0.47942360209480245,9.143631436314363,9.741935483870968,9.97489539748954,108,1,50,0.5,0.5,0.5,genetic,genetic,genetic,0.05,20
753,798,949,0.5227820727320996,0.5213858728399887,0.4796927070973892,8.930942895086321,9.778195488721805,10.048472075869336,109,1,50,0.5,0.5,0.5,genetic,genetic,genetic,0.05,20
747,813,940,0.5228373241949742,0.5210302707376161,0.47919837627124456,8.81392235609103,9.525215252152522,10.202127659574469,110,1,50,0.5,0.5,0.5,genetic,genetic,genetic,0.05,20
766,821,913,0.526233729734029,0.5211192540724282,0.47934378219873935,8.571801566579634,9.453105968331304,10.328587075575028,111,1,50,0.5,0.5,0.5,genetic,genetic,genetic,0.05,20
784,829,887,0.5262167341384413,0.5218091628173873,0.4793401301634994,8.389030612244898,9.256936067551267,10.363021420518603,112,1,50,0.5,0.5,0.5,genetic,genetic,genetic,0.05,20
782,830,888,0.5278554771429287,0.522400474794895,0.48005350703868166,8.273657289002557,9.03855421686747,10.230855855855856,113,1,50,0.5,0.5,0.5,genetic,genetic,genetic,0.05,20
797,828,875,0.5302900412823951,0.5241469398687089,0.4808956126242538,8.169385194479297,8.920289855072463,10.252571428571429,114,1,50,0.5,0.5,0.5,genetic,genetic,genetic,0.05,20
788,829,883,0.5313869928439252,0.5255708754387098,0.4820275938167618,8.16243654822335,8.886610373944512,10.15175537938845,115,1,50,0.5,0.5,0.5,genetic,genetic,genetic,0.05,20
814,799,887,0.5341470360100588,0.5264108033894296,0.482971826549113,8.067567567567568,9.038798498122654,9.975197294250282,116,1,50,0.5,0.5,0.5,genetic,genetic,genetic,0.05,20
814,803,883,0.5336393749834627,0.5285767889702091,0.4824995571393361,8.168304668304668,9.10211706102117,9.975084937712344,117,1,50,0.5,0.5,0.5,genetic,genetic,genetic,0.05,20
829,818,853,0.5344444889524869,0.5285414794324278,0.4845077816806921,8.127864897466827,9.234718826405867,9.873388042203986,118,1,50,0.5,0.5,0.5,genetic,genetic,genetic,0.05,20
822,823,855,0.5345862749829353,0.5286257943104188,0.484408663729426,8.249391727493917,9.094775212636694,9.676023391812866,119,1,50,0.5,0.5,0.5,genetic,genetic,genetic,0.05,20
842,822,836,0.536417965094326,0.5275215905474353,0.4855993221597206,8.252969121140142,9.104622871046228,9.549043062200957,120,1,50,0.5,0.5,0.5,genetic,genetic,genetic,0.05,20
859,820,821,0.5367447936720519,0.5277389781364578,0.4878450899608881,8.153667054714784,9.189024390243903,9.40925700365408,121,1,50,0.5,0.5,0.5,genetic,genetic,genetic,0.05,20
866,817,817,0.5392874938883369,0.5288894164405918,0.4893575996433468,8.289838337182449,9.268053855569155,9.155446756425949,122,1,50,0.5,0.5,0.5,genetic,genetic,genetic,0.05,20
845,848,807,0.5404011300635225,0.52882214959293,0.4903591521127385,8.390532544378699,9.036556603773585,9.288723667905824,123,1,50,0.5,0.5,0.5,genetic,genetic,genetic,0.05,20
845,862,793,0.5421971246440975,0.5301761317196949,0.48879363230242784,8.259171597633136,8.958236658932714,9.136191677175283,124,1,50,0.5,0.5,0.5,genetic,genetic,genetic,0.05,20
849,894,757,0.5420562066220361,0.5302362180474821,0.49116127315487584,8.200235571260306,8.93288590604027,9.141347424042273,125,1,50,0.5,0.5,0.5,genetic,genetic,genetic,0.05,20
844,923,733,0.5433987905726748,0.5317136690139029,0.49245661365173776,8.193127962085308,8.86457204767064,8.953615279672578,126,1,50,0.5,0.5,0.5,genetic,genetic,genetic,0.05,20
813,955,732,0.5442620853485033,0.530315743026336,0.49366917420486606,8.216482164821649,8.745549738219895,9.01639344262295,127,1,50,0.5,0.5,0.5,genetic,genetic,genetic,0.05,20
804,974,722,0.544139579029074,0.5316197552425542,0.49525068573089354,8.109452736318408,8.654004106776181,8.867036011080332,128,1,50,0.5,0.5,0.5,genetic,genetic,genetic,0.05,20
804,988,708,0.544324378830017,0.5319340852677019,0.4966267288046665,8.077114427860696,8.765182186234817,8.655367231638419,129,1,50,0.5,0.5,0.5,genetic,genetic,genetic,0.05,20
773,1021,706,0.544494650739312,0.5311742454852825,0.4988437670014191,8.322121604139715,8.670910871694417,8.643059490084985,130,1,50,0.5,0.5,0.5,genetic,genetic,genetic,0.05,20
748,1033,719,0.5447901984417678,0.5313222635834045,0.49863675555228515,8.54144385026738,8.612778315585674,8.536856745479833,131,1,50,0.5,0.5,0.5,genetic,genetic,genetic,0.05,20
747,1030,723,0.5450873178412402,0.5316435330508273,0.498811250468086,8.471218206157966,8.845631067961165,8.432918395573997,132,1,50,0.5,0.5,0.5,genetic,genetic,genetic,0.05,20
731,1032,737,0.5441232504728833,0.5300378842583592,0.49988988625631164,8.555403556771546,8.991279069767442,8.113975576662144,133,1,50,0.5,0.5,0.5,genetic,genetic,genetic,0.05,20
698,1033,769,0.5449291942700867,0.5305058762934575,0.5008245257221563,8.699140401146131,9.041626331074541,8.041612483745123,134,1,50,0.5,0.5,0.5,genetic,genetic,genetic,0.05,20
691,1022,787,0.5457656279644665,0.5307815945361207,0.5021394779829179,8.791606367583213,9.224070450097848,7.90851334180432,135,1,50,0.5,0.5,0.5,genetic,genetic,genetic,0.05,20
686,1016,798,0.5451666491202201,0.5307771100891213,0.5025603156514091,8.52332361516035,9.246062992125983,7.674185463659148,136,1,50,0.5,0.5,0.5,genetic,genetic,genetic,0.05,20
700,980,820,0.5440202403084533,0.5311625933501877,0.5031889963243048,8.508571428571429,9.423469387755102,7.3951219512195125,137,1,50,0.5,0.5,0.5,genetic,genetic,genetic,0.05,20
704,964,832,0.5451019528264862,0.5330528904662305,0.5027862272796407,8.284090909090908,9.592323651452283,7.4266826923076925,138,1,50,0.5,0.5,0.5,genetic,genetic,genetic,0.05,20
684,939,877,0.5459144360249536,0.5324073867147983,0.502386230657224,8.304093567251462,9.715654952076678,7.437856328392246,139,1,50,0.5,0.5,0.5,genetic,genetic,genetic,0.05,20
680,925,895,0.5436197037815181,0.5324645663888814,0.5038292486894168,8.355882352941176,9.788108108108108,7.5039106145251395,140,1,50,0.5,0.5,0.5,genetic,genetic,genetic,0.05,20
699,875,926,0.5439193276329838,0.532530945336326,0.5037529765506953,8.243204577968527,9.811428571428571,7.506479481641469,141,1,50,0.5,0.5,0.5,genetic,genetic,genetic,0.05,20
715,845,940,0.545860718741898,0.5325812801510964,0.5040295411026654,8.163636363636364,9.736094674556213,7.578723404255319,142,1,50,0.5,0.5,0.5,genetic,genetic,genetic,0.05,20
714,849,937,0.5449968126671649,0.5341076989458918,0.5040590355267419,8.210084033613445,9.859835100117786,7.890074706510139,143,1,50,0.5,0.5,0.5,genetic,genetic,genetic,0.05,20
717,827,956,0.5447870420943269,0.5346232081796646,0.5032300358871025,8.149232914923292,9.66142684401451,8.061715481171548,144,1,50,0.5,0.5,0.5,genetic,genetic,genetic,0.05,20
705,802,993,0.5443944943800616,0.5354055744240308,0.5042984753771355,8.336170212765957,9.654613466334165,8.19436052366566,145,1,50,0.5,0.5,0.5,genetic,genetic,genetic,0.05,20
717,782,1001,0.5454918746915001,0.5373839816289198,0.5052840993402581,8.263598326359833,9.528132992327366,8.405594405594405,146,1,50,0.5,0.5,0.5,genetic,genetic,genetic,0.05,20
709,770,1021,0.5448910539645396,0.5369259600395697,0.5050431143560887,8.183356840620592,9.366233766233766,8.560235063663075,147,1,50,0.5,0.5,0.5,genetic,genetic,genetic,0.05,20
716,770,1014,0.5445777435111467,0.5395990827755711,0.5058085678198477,7.9748603351955305,9.276623376623377,8.731755424063117,148,1,50,0.5,0.5,0.5,genetic,genetic,genetic,0.05,20
718,769,1013,0.5458468166110725,0.5413294359057428,0.5062128714677164,8.057103064066853,9.075422626788036,8.844027640671273,149,1,50,0.5,0.5,0.5,genetic,genetic,genetic,0.05,20
721,757,1022,0.5463882405249421,0.5413018145769634,0.5059521616029594,7.880721220527046,8.910171730515192,9.073385518590998,150,1,50,0.5,0.5,0.5,genetic,genetic,genetic,0.05,20
727,779,994,0.5470398532029394,0.5404949417086216,0.5056817350137702,7.529573590096286,8.707317073170731,9.415492957746478,151,1,50,0.5,0.5,0.5,genetic,genetic,genetic,0.05,20
731,784,985,0.5483746950382017,0.5404445969966952,0.5073251008740471,7.517099863201095,8.479591836734693,9.613197969543148,152,1,50,0.5,0.5,0.5,genetic,genetic,genetic,0.05,20
765,772,963,0.5491490681879512,0.5397405972063442,0.505723967087352,7.364705882352941,8.637305699481866,9.755970924195223,153,1,50,0.5,0.5,0.5,genetic,genetic,genetic,0.05,20
791,766,943,0.5510980375028248,0.5404032641011356,0.5061266279423947,7.201011378002528,8.494778067885118,9.674443266171792,154,1,50,0.5,0.5,0.5,genetic,genetic,genetic,0.05,20
816,771,913,0.5523456210211868,0.5416799283439442,0.5048928296293537,7.049019607843137,8.30869001297017,9.665936473165388,155,1,50,0.5,0.5,0.5,genetic,genetic,genetic,0.05,20
845,760,895,0.5518891964822674,0.5413539862324788,0.5045150708904964,7.136094674556213,8.419736842105262,9.71508379888268,156,1,50,0.5,0.5,0.5,genetic,genetic,genetic,0.05,20
868,761,871,0.5511453866944194,0.5412030317882469,0.5043202168471416,7.1336405529953915,8.270696452036793,9.502870264064294,157,1,50,0.5,0.5,0.5,genetic,genetic,genetic,0.05,20
882,756,862,0.550731295079995,0.5399942007999755,0.5046682979509167,7.2482993197278915,8.248677248677248,9.43155452436195,158,1,50,0.5,0.5,0.5,genetic,genetic,genetic,0.05,20
899,756,845,0.5510073059148268,0.5404302086153748,0.5037930106761636,7.331479421579533,8.279100529100528,9.50059171597633,159,1,50,0.5,0.5,0.5,genetic,genetic,genetic,0.05,20
907,777,816,0.5518218780493537,0.5388228664944449,0.5022633178770805,7.452039691289967,8.257400257400258,9.432598039215685,160,1,50,0.5,0.5,0.5,genetic,genetic,genetic,0.05,20
901,804,795,0.5540622150993946,0.5393774253345338,0.4997142703748949,7.550499445061043,8.062189054726367,9.470440251572327,161,1,50,0.5,0.5,0.5,genetic,genetic,genetic,0.05,20
892,831,777,0.5542235092949311,0.5368914789783414,0.5005097250384937,7.614349775784754,7.874849578820698,9.567567567567568,162,1,50,0.5,0.5,0.5,genetic,genetic,genetic,0.05,20
877,869,754,0.5551370527300831,0.5369510569761226,0.5018067453189318,7.627137970353478,7.604142692750288,9.689655172413794,163,1,50,0.5,0.5,0.5,genetic,genetic,genetic,0.05,20
884,900,716,0.5550935523006996,0.5348417881523162,0.5022264303787939,7.538461538461538,7.6033333333333335,9.51536312849162,164,1,50,0.5,0.5,0.5,genetic,genetic,genetic,0.05,20
899,910,691,0.5534854132751881,0.5315131148380271,0.5027646026870752,7.489432703003337,7.731868131868132,9.212735166425471,165,1,50,0.5,0.5,0.5,genetic,genetic,genetic,0.05,20
899,928,673,0.5533067345981368,0.5295645629985951,0.5032073300549581,7.761957730812013,7.988146551724138,9.355126300148589,166,1,50,0.5,0.5,0.5,genetic,genetic,genetic,0.05,20
900,953,647,0.5528471187042788,0.5286885719173606,0.5020538896307656,7.917777777777777,8.213011542497377,9.114374034003092,167,1,50,0.5,0.5,0.5,genetic,genetic,genetic,0.05,20
900,966,634,0.553237430248051,0.5271787323595292,0.5001962001794706,7.821111111111111,8.394409937888199,8.416403785488958,168,1,50,0.5,0.5,0.5,genetic,genetic,genetic,0.05,20
897,990,613,0.553277470282062,0.5249903741005896,0.5012654906997073,7.829431438127091,8.507070707070707,7.9820554649265905,169,1,50,0.5,0.5,0.5,genetic,genetic,genetic,0.05,20
884,999,617,0.5531514757751763,0.524022527599534,0.49944456650154506,8.037330316742082,8.545545545545545,7.672609400324149,170,1,50,0.5,0.5,0.5,genetic,genetic,genetic,0.05,20
845,1027,628,0.5543661885238415,0.5251151124195164,0.4994955454979993,8.268639053254438,8.563777994157741,7.578025477707007,171,1,50,0.5,0.5,0.5,genetic,genetic,genetic,0.05,20
825,1023,652,0.5556386182264488,0.5247757158424442,0.49899149003782534,8.392727272727273,8.688172043010752,7.2530674846625764,172,1,50,0.5,0.5,0.5,genetic,genetic,genetic,0.05,20
829,1016,655,0.5572396619524583,0.5251499006272753,0.4997926070701573,8.448733413751508,8.928149606299213,7.152671755725191,173,1,50,0.5,0.5,0.5,genetic,genetic,genetic,0.05,20
821,1005,674,0.5596689719558754,0.5254931619995352,0.5002928351975938,8.64190012180268,9.072636815920397,6.956973293768546,174,1,50,0.5,0.5,0.5,genetic,genetic,genetic,0.05,20
783,1019,698,0.5611198149854264,0.5252560217772212,0.5039832733771676,8.647509578544062,8.901864573110894,6.7908309455587395,175,1,50,0.5,0.5,0.5,genetic,genetic,genetic,0.05,20
759,1021,720,0.5610833408918182,0.5250544646014883,0.5065350817922767,8.735177865612648,8.885406464250735,6.730555555555555,176,1,50,0.5,0.5,0.5,genetic,genetic,genetic,0.05,20
718,1038,744,0.5614470675284402,0.525877459350204,0.5076279719583514,8.831476323119777,8.927745664739884,6.876344086021505,177,1,50,0.5,0.5,0.5,genetic,genetic,genetic,0.05,20
695,1012,793,0.563756190039586,0.5251570294451972,0.5110507660382698,8.93956834532374,9.003952569169961,6.89281210592686,178,1,50,0.5,0.5,0.5,genetic,genetic,genetic,0.05,20
697,1012,791,0.5666459720434578,0.525227029275311,0.5129487851529786,8.662840746054519,9.061264822134387,7.04551201011378,179,1,50,0.5,0.5,0.5,genetic,genetic,genetic,0.05,20
678,1005,817,0.5667448405582912,0.525387515777496,0.5123288197433348,8.544247787610619,9.155223880597015,7.070991432068544,180,1,50,0.5,0.5,0.5,genetic,genetic,genetic,0.05,20
686,1004,810,0.5670888152507254,0.5264273252628001,0.5113493430110115,8.276967930029155,9.302788844621514,7.3160493827160495,181,1,50,0.5,0.5,0.5,genetic,genetic,genetic,0.05,20
698,973,829,0.5689252383244443,0.5275908661947647,0.5117555380172193,8.103151862464184,9.46043165467626,7.247285886610374,182,1,50,0.5,0.5,0.5,genetic,genetic,genetic,0.05,20
704,973,823,0.5682902406247853,0.5280272928425488,0.5128222736613319,8.069602272727273,9.77492291880781,7.4896719319562575,183,1,50,0.5,0.5,0.5,genetic,genetic,genetic,0.05,20
708,948,844,0.567595260969366,0.5257138204803133,0.5150441247782074,8.186440677966102,9.926160337552743,7.7274881516587675,184,1,50,0.5,0.5,0.5,genetic,genetic,genetic,0.05,20
726,931,843,0.5662970957111334,0.5253330660570508,0.5149959016264954,8.06473829201102,10.038668098818475,7.6785290628707,185,1,50,0.5,0.5,0.5,genetic,genetic,genetic,0.05,20
755,908,837,0.565835714934284,0.5271789142493452,0.5152345388431527,7.978807947019868,10.288546255506608,7.765830346475508,186,1,50,0.5,0.5,0.5,genetic,genetic,genetic,0.05,20
784,879,837,0.5657569499952836,0.5281095283078042,0.5201069916605181,7.886479591836735,10.113765642775881,7.6117084826762245,187,1,50,0.5,0.5,0.5,genetic,genetic,genetic,0.05,20
789,870,841,0.5647704299437195,0.5270570086601597,0.5220449416413117,7.808618504435995,10.035632183908046,7.678953626634958,188,1,50,0.5,0.5,0.5,genetic,genetic,genetic,0.05,20
803,872,825,0.5631024557451446,0.5288498211698016,0.5238726182951856,7.636363636363637,9.962155963302752,7.613333333333333,189,1,50,0.5,0.5,0.5,genetic,genetic,genetic,0.05,20
818,877,805,0.5629079899191217,0.5313172222130794,0.5243405735407228,7.4486552567237165,9.877993158494869,7.6894409937888195,190,1,50,0.5,0.5,0.5,genetic,genetic,genetic,0.05,20
830,842,828,0.5617736956228352,0.5339382414513109,0.5252815450199063,7.608433734939759,9.71377672209026,7.458937198067633,191,1,50,0.5,0.5,0.5,genetic,genetic,genetic,0.05,20
838,827,835,0.5614267255775756,0.5370621869209524,0.5260931176603996,7.717183770883055,9.668681983071343,7.487425149700599,192,1,50,0.5,0.5,0.5,genetic,genetic,genetic,0.05,20
846,820,834,0.5623820856281144,0.5383976425505885,0.5277239778572685,7.724586288416075,9.424390243902439,7.633093525179856,193,1,50,0.5,0.5,0.5,genetic,genetic,genetic,0.05,20
852,818,830,0.5621038265918261,0.539477651216967,0.5283262897834352,7.699530516431925,9.30073349633252,7.653012048192771,194,1,50,0.5,0.5,0.5,genetic,genetic,genetic,0.05,20
862,816,822,0.5615695142874029,0.5383677005547773,0.5299875237413731,7.651972157772621,9.077205882352942,7.861313868613139,195,1,50,0.5,0.5,0.5,genetic,genetic,genetic,0.05,20
853,847,800,0.5602190996985207,0.5389316121927923,0.5306899394686391,7.617819460726847,8.820543093270366,7.84,196,1,50,0.5,0.5,0.5,genetic,genetic,genetic,0.05,20
853,828,819,0.5605400018898704,0.538006148905883,0.5289088712834711,7.793669402110199,8.746376811594203,7.717948717948718,197,1,50,0.5,0.5,0.5,genetic,genetic,genetic,0.05,20
855,807,838,0.5593197732674386,0.5397704681824662,0.5291699632587052,8.105263157894736,8.796778190830235,7.799522673031026,198,1,50,0.5,0.5,0.5,genetic,genetic,genetic,0.05,20
877,801,822,0.5567067129678372,0.5407214867371879,0.5276087531329874,8.052451539338655,8.67665418227216,7.928223844282239,199,1,50,0.5,0.5,0.5,genetic,genetic,genetic,0.05,20
898,790,812,0.5562196147132215,0.54057748384281,0.5270761540008483,8.051224944320714,8.525316455696203,7.766009852216749,200,1,50,0.5,0.5,0.5,genetic,genetic,genetic,0.05,20
890,783,827,0.5539133338498491,0.5412989158746181,0.5270832277209365,8.07865168539326,8.306513409961687,7.799274486094316,201,1,50,0.5,0.5,0.5,genetic,genetic,genetic,0.05,20
898,792,810,0.5539735826324267,0.5412733171776267,0.5257643569744286,8.180400890868597,8.075757575757576,7.885185185185185,202,1,50,0.5,0.5,0.5,genetic,genetic,genetic,0.05,20
893,814,793,0.5520671576137628,0.5404543300830813,0.5244966521564363,8.227323628219485,8.098280098280098,8.061790668348046,203,1,50,0.5,0.5,0.5,genetic,genetic,genetic,0.05,20
895,809,796,0.551735836014627,0.5407332663491103,0.5242369056442299,8.251396648044693,8.00370828182942,7.92713567839196,204,1,50,0.5,0.5,0.5,genetic,genetic,genetic,0.05,20
888,816,796,0.5517566087423047,0.5423417223209451,0.5223925185427298,8.43018018018018,7.908088235294118,7.88819095477387,205,1,50,0.5,0.5,0.5,genetic,genetic,genetic,0.05,20
868,809,823,0.5527668211425167,0.5423027979172094,0.520945421054818,8.5,7.721878862793572,7.753341433778858,206,1,50,0.5,0.5,0.5,genetic,genetic,genetic,0.05,20
856,827,817,0.5536125444251279,0.5415487686131855,0.521138641213397,8.585280373831775,7.700120918984281,7.813953488372093,207,1,50,0.5,0.5,0.5,genetic,genetic,genetic,0.05,20
840,854,806,0.5556179139036701,0.5416979262433946,0.519671718856096,8.545238095238096,7.531615925058548,7.8213399503722085,208,1,50,0.5,0.5,0.5,genetic,genetic,genetic,0.05,20
842,846,812,0.5570128851093322,0.5421945525119896,0.5180061403991482,8.420427553444181,7.501182033096927,7.566502463054187,209,1,50,0.5,0.5,0.5,genetic,genetic,genetic,0.05,20
813,852,835,0.5584632653656072,0.5409923664511768,0.5187291970500714,8.407134071340714,7.347417840375587,7.62874251497006,210,1,50,0.5,0.5,0.5,genetic,genetic,genetic,0.05,20
797,861,842,0.558478757796296,0.5396250688300452,0.5191098178050875,8.382685069008783,7.304297328687572,7.754156769596199,211,1,50,0.5,0.5,0.5,genetic,genetic,genetic,0.05,20
788,888,824,0.5592803865032778,0.5388692824977754,0.5210453859106113,8.281725888324873,7.443693693693693,7.974514563106796,212,1,50,0.5,0.5,0.5,genetic,genetic,genetic,0.05,20
786,893,821,0.556928064311582,0.5390419766727217,0.5209413817574322,8.174300254452927,7.590145576707727,8.045066991473812,213,1,50,0.5,0.5,0.5,genetic,genetic,genetic,0.05,20
766,895,839,0.5564881067405061,0.5396582550115488,0.521859492286398,8.078328981723237,7.644692737430168,7.953516090584029,214,1,50,0.5,0.5,0.5,genetic,genetic,genetic,0.05,20
742,933,825,0.557830562498834,0.53821462745151,0.5207985981500471,8.00943396226415,7.819935691318328,8.264242424242424,215,1,50,0.5,0.5,0.5,genetic,genetic,genetic,0.05,20
741,953,806,0.5559335868153736,0.5404786342290937,0.5201606603834246,7.7881241565452095,7.972717733473242,8.423076923076923,216,1,50,0.5,0.5,0.5,genetic,genetic,genetic,0.05,20
723,989,788,0.5542079243760902,0.5428677357058003,0.5198534466537481,7.539419087136929,8.04954499494439,8.620558375634518,217,1,50,0.5,0.5,0.5,genetic,genetic,genetic,0.05,20
702,1012,786,0.5572449133409194,0.5423098569990034,0.5190858320107707,7.327635327635328,8.140316205533598,8.736641221374045,218,1,50,0.5,0.5,0.5,genetic,genetic,genetic,0.05,20
691,1014,795,0.5559269298085736,0.544171361088698,0.5197055125920104,7.38205499276411,8.263313609467456,8.729559748427674,219,1,50,0.5,0.5,0.5,genetic,genetic,genetic,0.05,20
701,993,806,0.5542969076541808,0.545186986391188,0.5179639315630066,7.18830242510699,8.321248741188318,8.38213399503722,220,1,50,0.5,0.5,0.5,genetic,genetic,genetic,0.05,20
698,994,808,0.5528703026012335,0.5447327255910638,0.518659158185596,7.134670487106018,8.420523138832998,8.290841584158416,221,1,50,0.5,0.5,0.5,genetic,genetic,genetic,0.05,20
703,975,822,0.5542063506424021,0.546009185494111,0.5188320750805601,7.068278805120911,8.68,8.238442822384428,222,1,50,0.5,0.5,0.5,genetic,genetic,genetic,0.05,20
686,982,832,0.5554165074513727,0.5488597567496315,0.5191883832833005,6.85131195335277,8.716904276985744,8.278846153846153,223,1,50,0.5,0.5,0.5,genetic,genetic,genetic,0.05,20
711,960,829,0.5555125550391318,0.5483151127850407,0.5188064544178959,6.850914205344585,8.875,8.036188178528347,224,1,50,0.5,0.5,0.5,genetic,genetic,genetic,0.05,20
745,925,830,0.5559041627731252,0.5475980369279765,0.5182531389262378,6.85503355704698,9.13945945945946,7.903614457831325,225,1,50,0.5,0.5,0.5,genetic,genetic,genetic,0.05,20
789,899,812,0.5546306860142302,0.5464283028548583,0.5191617838251094,7.032953105196452,9.488320355951057,7.938423645320197,226,1,50,0.5,0.5,0.5,genetic,genetic,genetic,0.05,20
826,878,796,0.5551185984678608,0.5464064073701999,0.5201362648505502,7.061743341404358,9.681093394077449,7.842964824120603,227,1,50,0.5,0.5,0.5,genetic,genetic,genetic,0.05,20
851,870,779,0.5542655408301832,0.5467912503507109,0.518964008593077,7.149236192714453,9.779310344827586,8.119383825417202,228,1,50,0.5,0.5,0.5,genetic,genetic,genetic,0.05,20
897,842,761,0.5538898379745529,0.546043954221654,0.519314142518788,7.109253065774805,9.997624703087887,8.00131406044678,229,1,50,0.5,0.5,0.5,genetic,genetic,genetic,0.05,20
908,844,748,0.5529783055153519,0.545890099232487,0.5205441898133198,7.280837004405286,10.046208530805687,7.915775401069519,230,1,50,0.5,0.5,0.5,genetic,genetic,genetic,0.05,20
923,840,737,0.5524657639634407,0.5457390171738682,0.5218403129709114,7.43228602383532,10.054761904761905,7.846675712347354,231,1,50,0.5,0.5,0.5,genetic,genetic,genetic,0.05,20
927,825,748,0.5523101188891947,0.5448823272605462,0.5206822071265459,7.47680690399137,9.648484848484848,7.478609625668449,232,1,50,0.5,0.5,0.5,genetic,genetic,genetic,0.05,20
925,817,758,0.5505077834804487,0.544805716840163,0.521887065234677,7.64,9.386780905752754,7.440633245382585,233,1,50,0.5,0.5,0.5,genetic,genetic,genetic,0.05,20
939,831,730,0.5508730500593643,0.5452943961837757,0.5219247249145693,7.793397231096912,9.30445246690734,7.538356164383561,234,1,50,0.5,0.5,0.5,genetic,genetic,genetic,0.05,20
931,840,729,0.5522908823340958,0.5449957578513004,0.5221502798172467,8.009667024704619,9.121428571428572,7.632373113854595,235,1,50,0.5,0.5,0.5,genetic,genetic,genetic,0.05,20
914,864,722,0.5525383568945866,0.5456557143536765,0.524415179380337,8.095185995623632,8.83449074074074,7.78393351800554,236,1,50,0.5,0.5,0.5,genetic,genetic,genetic,0.05,20
894,882,724,0.5517434355096696,0.5464447767547734,0.5260448734605082,8.28523489932886,8.628117913832199,7.95303867403315,237,1,50,0.5,0.5,0.5,genetic,genetic,genetic,0.05,20
859,910,731,0.5512228646201686,0.5469369797114917,0.5263182667138987,8.456344586728754,8.238461538461538,7.978112175102599,238,1,50,0.5,0.5,0.5,genetic,genetic,genetic,0.05,20
817,945,738,0.5519891197624499,0.5476335980300757,0.526562263941325,8.450428396572827,8.05079365079365,8.084010840108402,239,1,50,0.5,0.5,0.5,genetic,genetic,genetic,0.05,20
774,979,747,0.5519963085360473,0.5477398186198319,0.5263682510302783,8.545219638242894,7.883554647599591,8.250334672021419,240,1,50,0.5,0.5,0.5,genetic,genetic,genetic,0.05,20
738,1025,737,0.55336624980855,0.5488052775676185,0.5278006776936873,8.512195121951219,7.918048780487805,8.442333785617368,241,1,50,0.5,0.5,0.5,genetic,genetic,genetic,0.05,20
715,1048,737,0.5540933617203481,0.54852482897719,0.5278840716936767,8.538461538461538,8.062977099236642,8.588873812754409,242,1,50,0.5,0.5,0.5,genetic,genetic,genetic,0.05,20
686,1056,758,0.5548245670933655,0.54817021074975,0.5291460332472171,8.622448979591837,8.361742424242424,8.536939313984169,243,1,50,0.5,0.5,0.5,genetic,genetic,genetic,0.05,20
677,1029,794,0.5534393655041916,0.5500314016641709,0.5298820481761214,8.581979320531758,8.665694849368318,8.580604534005039,244,1,50,0.5,0.5,0.5,genetic,genetic,genetic,0.05,20
675,1033,792,0.5546138137313587,0.5506117163728657,0.5303983956367337,8.438518518518519,8.90513068731849,8.643939393939394,245,1,50,0.5,0.5,0.5,genetic,genetic,genetic,0.05,20
681,1036,783,0.5540769445296193,0.5497612633096522,0.5313846285097523,8.224669603524228,9.161196911196912,8.784163473818646,246,1,50,0.5,0.5,0.5,genetic,genetic,genetic,0.05,20
687,1048,765,0.5535037993112266,0.5491818694018349,0.5319965580900466,8.072780203784571,9.478053435114504,8.722875816993463,247,1,50,0.5,0.5,0.5,genetic,genetic,genetic,0.05,20
699,1064,737,0.553137358928435,0.549174678646798,0.5326812400609608,7.801144492131616,9.710526315789474,8.725915875169607,248,1,50,0.5,0.5,0.5,genetic,genetic,genetic,0.05,20
709,1068,723,0.5542897490328883,0.5485909047657166,0.533650338780119,7.689703808180536,10.077715355805243,8.661134163208851,249,1,50,0.5,0.5,0.5,genetic,genetic,genetic,0.05,20
715,1052,733,0.5533746921824642,0.5480787054494545,0.5317569813945782,7.627972027972028,10.249049429657795,8.336971350613915,250,1,50,0.5,0.5,0.5,genetic,genetic,genetic,0.05,20
719,1039,742,0.5538596689494516,0.5476307678058565,0.5286429853464515,7.563282336578581,10.459095283926853,8.10377358490566,251,1,50,0.5,0.5,0.5,genetic,genetic,genetic,0.05,20
698,1049,753,0.5526212245073441,0.5493213331334159,0.5272225017619923,7.656160458452722,10.612011439466158,8.142098273572378,252,1,50,0.5,0.5,0.5,genetic,genetic,genetic,0.05,20
685,1031,784,0.5522660644225728,0.5498257647853935,0.5290817713995016,7.693430656934306,10.63627546071775,7.82780612244898,253,1,50,0.5,0.5,0.5,genetic,genetic,genetic,0.05,20
681,1022,797,0.5527814683972072,0.54890693461855,0.5285581575376379,7.826725403817915,10.772015655577299,7.803011292346299,254,1,50,0.5,0.5,0.5,genetic,genetic,genetic,0.05,20
681,987,832,0.5529204402342615,0.5507326573810135,0.5290379791147178,7.961820851688693,10.894630192502532,7.766826923076923,255,1,50,0.5,0.5,0.5,genetic,genetic,genetic,0.05,20
659,975,866,0.5519191311827637,0.5502019581430099,0.5285656965004656,8.100151745068285,10.72,7.724018475750578,256,1,50,0.5,0.5,0.5,genetic,genetic,genetic,0.05,20
653,943,904,0.5520862210533167,0.5486060807765236,0.529469807520927,8.257274119448699,10.766702014846235,7.785398230088496,257,1,50,0.5,0.5,0.5,genetic,genetic,genetic,0.05,20
625,933,942,0.5530905826970436,0.550241313266371,0.5313558276972493,8.4256,10.591639871382636,7.857749469214437,258,1,50,0.5,0.5,0.5,genetic,genetic,genetic,0.05,20
633,893,974,0.555501708293245,0.5525071848601566,0.5333203420416136,8.07740916271722,10.209406494960806,7.7217659137577,259,1,50,0.5,0.5,0.5,genetic,genetic,genetic,0.05,20
645,852,1003,0.5554984950382063,0.5540271714941539,0.5324992321081616,7.8604651162790695,10.17018779342723,7.609172482552343,260,1,50,0.5,0.5,0.5,genetic,genetic,genetic,0.05,20
657,811,1032,0.5540493583803648,0.5549840982898763,0.5340938857276218,7.799086757990867,10.147965474722564,7.625968992248062,261,1,50,0.5,0.5,0.5,genetic,genetic,genetic,0.05,20
663,786,1051,0.5543255474193296,0.556677050599388,0.5357076802495935,7.633484162895928,9.987277353689567,7.789724072312084,262,1,50,0.5,0.5,0.5,genetic,genetic,genetic,0.05,20
678,757,1065,0.5543316322642416,0.5581270114762156,0.5367506053769868,7.449852507374631,9.665785997357991,8.11924882629108,263,1,50,0.5,0.5,0.5,genetic,genetic,genetic,0.05,20
706,733,1061,0.5523502425902346,0.5589711001229031,0.5381495955817291,7.38243626062323,9.296043656207367,8.177191328934967,264,1,50,0.5,0.5,0.5,genetic,genetic,genetic,0.05,20
742,706,1052,0.551351925594554,0.5618975010941739,0.5382353380672418,7.268194070080862,9.155807365439093,8.414448669201521,265,1,50,0.5,0.5,0.5,genetic,genetic,genetic,0.05,20
772,694,1034,0.5501880332363694,0.5608004044436959,0.5399597417885407,7.341968911917099,9.178674351585014,8.773694390715667,266,1,50,0.5,0.5,0.5,genetic,genetic,genetic,0.05,20
794,682,1024,0.5511413123105636,0.5623578529612901,0.5431665202328785,7.2292191435768265,9.22434017595308,8.974609375,267,1,50,0.5,0.5,0.5,genetic,genetic,genetic,0.05,20
830,656,1014,0.5524802597214763,0.5646947082958369,0.5429130786971968,7.156626506024097,8.998475609756097,9.104536489151874,268,1,50,0.5,0.5,0.5,genetic,genetic,genetic,0.05,20
855,655,990,0.5524324746218565,0.5675371979238488,0.5438127059662209,7.167251461988304,8.948091603053435,9.264646464646464,269,1,50,0.5,0.5,0.5,genetic,genetic,genetic,0.05,20
886,640,974,0.551964370574744,0.5664957292886583,0.5425897233058649,7.239277652370204,8.7859375,9.200205338809035,270,1,50,0.5,0.5,0.5,genetic,genetic,genetic,0.05,20
945,625,930,0.5531578202262029,0.5659713073415401,0.5431481881155749,7.2518518518518515,9.0544,9.096774193548388,271,1,50,0.5,0.5,0.5,genetic,genetic,genetic,0.05,20
981,607,912,0.5539070054606968,0.5645094164144895,0.5437255199156069,7.423037716615698,8.831960461285009,8.987938596491228,272,1,50,0.5,0.5,0.5,genetic,genetic,genetic,0.05,20
1035,591,874,0.5553140374836563,0.5649909558974089,0.5442448761126512,7.599033816425121,8.758037225042301,8.909610983981693,273,1,50,0.5,0.5,0.5,genetic,genetic,genetic,0.05,20
1057,612,831,0.5552290357575439,0.5648144773923758,0.5455968176310104,7.750236518448439,8.452614379084967,8.945848375451263,274,1,50,0.5,0.5,0.5,genetic,genetic,genetic,0.05,20
1063,621,816,0.5558228557785214,0.5640095546186245,0.5448778654590783,8.083725305738476,8.31400966183575,9.093137254901961,275,1,50,0.5,0.5,0.5,genetic,genetic,genetic,0.05,20
1067,641,792,0.5549893766528021,0.563112746344934,0.5449593587197334,8.155576382380506,7.800312012480499,9.011363636363637,276,1,50,0.5,0.5,0.5,genetic,genetic,genetic,0.05,20
1058,668,774,0.5554055203588645,0.5629225828948372,0.5462976590292704,8.311909262759924,7.381736526946108,9.001291989664082,277,1,50,0.5,0.5,0.5,genetic,genetic,genetic,0.05,20
1062,683,755,0.5551276816188399,0.564299800233051,0.546120621712847,8.595103578154426,7.389458272327965,8.964238410596026,278,1,50,0.5,0.5,0.5,genetic,genetic,genetic,0.05,20
1044,697,759,0.5558123195621962,0.5642196356881618,0.5447937148102366,8.833333333333334,7.242467718794835,8.988142292490119,279,1,50,0.5,0.5,0.5,genetic,genetic,genetic,0.05,20
1034,708,758,0.5556789581820322,0.5655042499888601,0.5437867669591111,9.10348162475822,7.059322033898305,9.067282321899736,280,1,50,0.5,0.5,0.5,genetic,genetic,genetic,0.05,20
1013,734,753,0.5542622388704737,0.5669919158297998,0.5436070455160426,9.402764067127345,7.044959128065395,9.274900398406375,281,1,50,0.5,0.5,0.5,genetic,genetic,genetic,0.05,20
1013,761,726,0.553748164997932,0.5681527912611415,0.542939091781601,9.586377097729516,7.2720105124835746,9.447658402203857,282,1,50,0.5,0.5,0.5,genetic,genetic,genetic,0.05,20
994,795,711,0.5537954231303956,0.5664225036985073,0.5443650996850418,9.932595573440643,7.29937106918239,9.516174402250352,283,1,50,0.5,0.5,0.5,genetic,genetic,genetic,0.05,20
958,830,712,0.5541845807195567,0.5655955462543327,0.5421572083411927,10.08768267223382,7.263855421686747,9.5,284,1,50,0.5,0.5,0.5,genetic,genetic,genetic,0.05,20
924,869,707,0.5539173498269439,0.5651382868005382,0.5402744930194733,10.512987012987013,7.430379746835443,9.786421499292786,285,1,50,0.5,0.5,0.5,genetic,genetic,genetic,0.05,20
911,906,683,0.5533888626996308,0.5642283342701184,0.5412466976092919,10.631174533479692,7.578366445916115,9.818448023426061,286,1,50,0.5,0.5,0.5,genetic,genetic,genetic,0.05,20
875,947,678,0.5523279448405807,0.5643396380703902,0.5411609726260994,10.843428571428571,7.866948257655755,10.091445427728614,287,1,50,0.5,0.5,0.5,genetic,genetic,genetic,0.05,20
827,987,686,0.5517876316784017,0.5644646409257643,0.5392317085582117,10.858524788391778,7.948328267477204,9.787172011661808,288,1,50,0.5,0.5,0.5,genetic,genetic,genetic,0.05,20
796,1011,693,0.5507498483771953,0.5641217600912816,0.5404285443658164,10.658291457286433,8.152324431256181,9.66089466089466,289,1,50,0.5,0.5,0.5,genetic,genetic,genetic,0.05,20
769,1019,712,0.5516412652838159,0.5635094945353288,0.5399067234554537,10.525357607282185,8.381746810598626,9.349719101123595,290,1,50,0.5,0.5,0.5,genetic,genetic,genetic,0.05,20
746,1008,746,0.5526791738704853,0.5636178182132333,0.5378190421415558,10.455764075067025,8.624007936507937,9.243967828418231,291,1,50,0.5,0.5,0.5,genetic,genetic,genetic,0.05,20
727,1020,753,0.5526014718339116,0.5635988973895802,0.5367562048209088,10.356258596973865,8.802941176470588,9.220451527224435,292,1,50,0.5,0.5,0.5,genetic,genetic,genetic,0.05,20
707,1008,785,0.5526510193565717,0.5647668819562697,0.5385348184991324,10.093352192362094,8.999007936507937,9.028025477707006,293,1,50,0.5,0.5,0.5,genetic,genetic,genetic,0.05,20
682,1008,810,0.5524526848883464,0.5654565508701572,0.53913655468648,10.0,9.046626984126984,8.890123456790123,294,1,50,0.5,0.5,0.5,genetic,genetic,genetic,0.05,20
661,992,847,0.5528851449645558,0.5683266534193989,0.5407690397963951,9.579425113464447,9.074596774193548,8.619834710743802,295,1,50,0.5,0.5,0.5,genetic,genetic,genetic,0.05,20
686,975,839,0.5505574120087648,0.5695154672732587,0.5413841611822959,9.056851311953352,9.339487179487179,8.510131108462454,296,1,50,0.5,0.5,0.5,genetic,genetic,genetic,0.05,20
694,960,846,0.5508236681897395,0.572257114280341,0.5423032044289231,8.613832853025936,9.519791666666666,8.394799054373522,297,1,50,0.5,0.5,0.5,genetic,genetic,genetic,0.05,20
706,953,841,0.5504417701432662,0.5722834308543359,0.5444024074448014,8.53399433427762,9.603357817418678,8.29845422116528,298,1,50,0.5,0.5,0.5,genetic,genetic,genetic,0.05,20
714,935,851,0.550488484366635,0.5706692759540972,0.5450427548808323,8.173669467787114,9.698395721925134,8.138660399529964,299,1,50,0.5,0.5,0.5,genetic,genetic,genetic,0.05,20
736,908,856,0.5511829913309138,0.5692056555240479,0.5451126043563405,8.11413043478261,9.875550660792952,8.01051401869159,300,1,50,0.5,0.5,0.5,genetic,genetic,genetic,0.05,20
730,894,876,0.5501896657357424,0.5701646674112543,0.5462725064660767,8.128767123287671,9.75503355704698,7.948630136986301,301,1,50,0.5,0.5,0.5,genetic,genetic,genetic,0.05,20
710,890,900,0.5493710928535924,0.5698958590113568,0.5465306536890278,7.995774647887324,9.5438202247191,7.986666666666666,302,1,50,0.5,0.5,0.5,genetic,genetic,genetic,0.05,20
724,874,902,0.5493282085173947,0.5692253207413349,0.5481259610184139,7.948895027624309,9.439359267734554,7.840354767184036,303,1,50,0.5,0.5,0.5,genetic,genetic,genetic,0.05,20
729,844,927,0.5499052719991869,0.5687158108600782,0.5469774654728198,7.91358024691358,9.471563981042655,7.887810140237325,304,1,50,0.5,0.5,0.5,genetic,genetic,genetic,0.05,20
755,815,930,0.550344376646969,0.56965102209676,0.5485964945904194,7.8158940397351,9.620858895705522,7.895698924731183,305,1,50,0.5,0.5,0.5,genetic,genetic,genetic,0.05,20
762,797,941,0.5504058957439915,0.5695641909507368,0.5484950866320855,7.68241469816273,9.401505646173149,8.003188097768332,306,1,50,0.5,0.5,0.5,genetic,genetic,genetic,0.05,20
772,781,947,0.5510891294432698,0.5710817147070786,0.5474481380774502,7.694300518134715,9.439180537772087,8.126715945089757,307,1,50,0.5,0.5,0.5,genetic,genetic,genetic,0.05,20
767,795,938,0.5494477544638867,0.5718714958801778,0.5482390802067091,7.66883963494133,9.242767295597485,8.254797441364605,308,1,50,0.5,0.5,0.5,genetic,genetic,genetic,0.05,20
777,783,940,0.5485768576873254,0.572411384899222,0.5498452627656741,7.638352638352639,9.08301404853129,8.367021276595745,309,1,50,0.5,0.5,0.5,genetic,genetic,genetic,0.05,20
772,805,923,0.5484017209750671,0.5732972986459054,0.5501884384395593,7.550518134715026,8.950310559006212,8.52546045503792,310,1,50,0.5,0.5,0.5,genetic,genetic,genetic,0.05,20
788,776,936,0.5504748836565433,0.5736971737212737,0.550506441172006,7.33248730964467,8.675257731958762,8.317307692307692,311,1,50,0.5,0.5,0.5,genetic,genetic,genetic,0.05,20
793,790,917,0.5492689679229407,0.5729778155023285,0.55026357869196,7.2257250945775535,8.534177215189873,8.474372955288986,312,1,50,0.5,0.5,0.5,genetic,genetic,genetic,0.05,20
834,774,892,0.5493192236351948,0.5725946922549948,0.5477829070107169,7.224220623501199,8.666666666666666,8.57847533632287,313,1,50,0.5,0.5,0.5,genetic,genetic,genetic,0.05,20
844,783,873,0.5489422940531269,0.5739508951652922,0.5497929440572145,7.359004739336493,8.469987228607918,8.61397479954181,314,1,50,0.5,0.5,0.5,genetic,genetic,genetic,0.05,20
856,780,864,0.5490127927788757,0.5733647127119589,0.5498423230834953,7.376168224299065,8.48076923076923,8.600694444444445,315,1,50,0.5,0.5,0.5,genetic,genetic,genetic,0.05,20
863,805,832,0.5498360624783512,0.5732227930383564,0.5500267256851719,7.2317497103128625,8.337888198757764,8.673076923076923,316,1,50,0.5,0.5,0.5,genetic,genetic,genetic,0.05,20
887,811,802,0.5512410232425913,0.5734205111627232,0.5484165438170479,7.143179255918827,8.134401972872997,8.476309226932669,317,1,50,0.5,0.5,0.5,genetic,genetic,genetic,0.05,20
867,835,798,0.5519521908084667,0.5735268634527277,0.5491246491064982,7.14878892733564,8.053892215568862,8.491228070175438,318,1,50,0.5,0.5,0.5,genetic,genetic,genetic,0.05,20
878,833,789,0.5505995661432701,0.5729360690892779,0.5506952710380734,7.242596810933941,8.180072028811525,8.313054499366286,319,1,50,0.5,0.5,0.5,genetic,genetic,genetic,0.05,20
902,818,780,0.5501844462504181,0.5726134202672233,0.5502689543731912,7.481152993348116,8.32762836185819,8.023076923076923,320,1,50,0.5,0.5,0.5,genetic,genetic,genetic,0.05,20
897,796,807,0.5504682468534611,0.5729244774921438,0.5506621918509724,7.808249721293199,8.07286432160804,7.9021065675340765,321,1,50,0.5,0.5,0.5,genetic,genetic,genetic,0.05,20
903,813,784,0.5498379721172396,0.574671181944406,0.5532385327681563,7.850498338870432,7.92619926199262,7.7895408163265305,322,1,50,0.5,0.5,0.5,genetic,genetic,genetic,0.05,20
858,846,796,0.5506098667376154,0.5735262897924056,0.5556808356013943,7.970862470862471,7.663120567375887,7.776381909547739,323,1,50,0.5,0.5,0.5,genetic,genetic,genetic,0.05,20
846,843,811,0.5509056017992306,0.5747320232415885,0.5560559662483896,8.056737588652481,7.740213523131673,7.583230579531443,324,1,50,0.5,0.5,0.5,genetic,genetic,genetic,0.05,20
810,866,824,0.5524965642243534,0.5762022804000377,0.5577565972451329,8.196296296296296,7.754041570438799,7.803398058252427,325,1,50,0.5,0.5,0.5,genetic,genetic,genetic,0.05,20
786,862,852,0.5531646139166014,0.5763912679438924,0.5572848152583367,8.249363867684478,7.738979118329467,7.632629107981221,326,1,50,0.5,0.5,0.5,genetic,genetic,genetic,0.05,20
780,863,857,0.5538154537086853,0.5756855092333323,0.5584036585492334,8.214102564102564,7.7288528389339515,7.632438739789965,327,1,50,0.5,0.5,0.5,genetic,genetic,genetic,0.05,20
771,862,867,0.5542329602577484,0.5776912286143828,0.5589250072075465,8.302204928664073,7.788863109048724,7.8431372549019605,328,1,50,0.5,0.5,0.5,genetic,genetic,genetic,0.05,20
747,867,886,0.5538049461416668,0.5755091504862357,0.5600518016376692,8.275769745649264,7.665513264129181,7.829571106094808,329,1,50,0.5,0.5,0.5,genetic,genetic,genetic,0.05,20
749,880,871,0.5543069294491915,0.5779433152415872,0.5610921018308155,8.058744993324433,7.663636363636364,7.994259471871412,330,1,50,0.5,0.5,0.5,genetic,genetic,genetic,0.05,20
747,885,868,0.5566064260237247,0.5790916217515898,0.5603652569460869,7.907630522088353,7.748022598870056,8.004608294930875,331,1,50,0.5,0.5,0.5,genetic,genetic,genetic,0.05,20
767,848,885,0.5583942854863895,0.5815882659629864,0.5608163552356483,7.764015645371577,7.841981132075472,7.9785310734463275,332,1,50,0.5,0.5,0.5,genetic,genetic,genetic,0.05,20
764,838,898,0.5615393864194818,0.5818367405897472,0.5629495990312275,7.616492146596858,7.807875894988067,7.9832962138084635,333,1,50,0.5,0.5,0.5,genetic,genetic,genetic,0.05,20
787,831,882,0.5632501350185497,0.5827150614790886,0.5625857294711488,7.4180432020330365,7.815884476534296,7.989795918367347,334,1,50,0.5,0.5,0.5,genetic,genetic,genetic,0.05,20
801,824,875,0.5629422821812688,0.582676697257669,0.5638372711495271,7.239700374531835,7.843446601941747,8.083428571428572,335,1,50,0.5,0.5,0.5,genetic,genetic,genetic,0.05,20
810,805,885,0.5642238426878465,0.583082099768853,0.5646034692504526,7.472839506172839,8.106832298136647,8.271186440677965,336,1,50,0.5,0.5,0.5,genetic,genetic,genetic,0.05,20
828,800,872,0.5628407188481092,0.583569952595949,0.5627070459437404,7.391304347826087,8.29,8.395642201834862,337,1,50,0.5,0.5,0.5,genetic,genetic,genetic,0.05,20
857,789,854,0.563267854486348,0.5837275253757211,0.564015744139105,7.442240373395566,8.307984790874524,8.255269320843091,338,1,50,0.5,0.5,0.5,genetic,genetic,genetic,0.05,20
853,791,856,0.5636067545330576,0.581700085029526,0.5637036045882071,7.497069167643611,8.247787610619469,8.29322429906542,339,1,50,0.5,0.5,0.5,genetic,genetic,genetic,0.05,20
886,786,828,0.5638037843418257,0.583531655178241,0.5642122760607594,7.427765237020316,8.365139949109414,8.259661835748792,340,1,50,0.5,0.5,0.5,genetic,genetic,genetic,0.05,20
891,775,834,0.5617863245311541,0.5842283812329099,0.5648952771066154,7.5499438832772165,8.292903225806452,7.986810551558753,341,1,50,0.5,0.5,0.5,genetic,genetic,genetic,0.05,20
913,759,828,0.5637215605426441,0.584530110589782,0.5650457325753043,7.446878422782037,8.225296442687746,7.8478260869565215,342,1,50,0.5,0.5,0.5,genetic,genetic,genetic,0.05,20
936,732,832,0.5643753705896292,0.5834659718554228,0.5667749655125928,7.575854700854701,8.274590163934427,7.552884615384615,343,1,50,0.5,0.5,0.5,genetic,genetic,genetic,0.05,20
943,718,839,0.5645612043782168,0.5834616174150185,0.5678388116012252,7.885471898197243,8.090529247910863,7.520858164481526,344,1,50,0.5,0.5,0.5,genetic,genetic,genetic,0.05,20
965,698,837,0.5643273126634131,0.5823144176566099,0.5679410135244083,8.03937823834197,7.989971346704871,7.332138590203106,345,1,50,0.5,0.5,0.5,genetic,genetic,genetic,0.05,20
964,689,847,0.5661123876485735,0.5817349900074311,0.5685290550057168,8.225103734439834,7.6908563134978225,7.420306965761511,346,1,50,0.5,0.5,0.5,genetic,genetic,genetic,0.05,20
976,696,828,0.5638232806441299,0.5809855468203232,0.5689762348967538,8.359631147540984,7.655172413793103,7.492753623188406,347,1,50,0.5,0.5,0.5,genetic,genetic,genetic,0.05,20
970,721,809,0.5624569918528096,0.5838038980422353,0.5700517216066678,8.3659793814433,7.411927877947296,7.6069221260815825,348,1,50,0.5,0.5,0.5,genetic,genetic,genetic,0.05,20
961,740,799,0.5622804706942999,0.5834236035330302,0.5716740991003645,8.571279916753381,7.4324324324324325,7.832290362953692,349,1,50,0.5,0.5,0.5,genetic,genetic,genetic,0.05,20
958,753,789,0.5624544805992411,0.5825785186652555,0.5721256138725889,8.48643006263048,7.130146082337317,7.656527249683143,350,1,50,0.5,0.5,0.5,genetic,genetic,genetic,0.05,20
961,773,766,0.5620441013162497,0.5809251678079033,0.5728867196100467,8.496357960457857,6.981888745148771,7.714099216710183,351,1,50,0.5,0.5,0.5,genetic,genetic,genetic,0.05,20
926,808,766,0.5608103666467924,0.5811117813819551,0.571097367646242,8.762419006479481,6.7995049504950495,7.787206266318538,352,1,50,0.5,0.5,0.5,genetic,genetic,genetic,0.05,20
890,838,772,0.5616203181335195,0.5831917505454423,0.5711962052059784,8.810112359550562,6.597852028639618,7.7810880829015545,353,1,50,0.5,0.5,0.5,genetic,genetic,genetic,0.05,20
890,872,738,0.5597710008699927,0.5850279486323584,0.5723093503617925,8.635955056179775,6.677752293577981,7.96070460704607,354,1,50,0.5,0.5,0.5,genetic,genetic,genetic,0.05,20
888,886,726,0.5590639107460178,0.5857261966956355,0.5720609067554298,8.663288288288289,6.888261851015802,8.089531680440771,355,1,50,0.5,0.5,0.5,genetic,genetic,genetic,0.05,20
880,886,734,0.5592669113120451,0.5852288456349718,0.5720781518135328,8.489772727272728,6.915349887133183,7.784741144414169,356,1,50,0.5,0.5,0.5,genetic,genetic,genetic,0.05,20
867,905,728,0.5607800917954332,0.5842841655724254,0.572157825846746,8.487889273356402,7.124861878453038,7.652472527472527,357,1,50,0.5,0.5,0.5,genetic,genetic,genetic,0.05,20
855,920,725,0.559830049337355,0.5831448461637115,0.5724832609489475,8.341520467836258,7.310869565217391,7.546206896551724,358,1,50,0.5,0.5,0.5,genetic,genetic,genetic,0.05,20
845,910,745,0.5586969142126541,0.5829236764225768,0.5698482043773111,8.311242603550296,7.502197802197802,7.3436241610738255,359,1,50,0.5,0.5,0.5,genetic,genetic,genetic,0.05,20
800,922,778,0.5552924201173272,0.5800188565654045,0.5702554851099698,8.59,7.5,7.363753213367609,360,1,50,0.5,0.5,0.5,genetic,genetic,genetic,0.05,20
789,930,781,0.5554720579033651,0.5793815994023764,0.570990586608038,8.432192648922687,7.812903225806451,7.3751600512163895,361,1,50,0.5,0.5,0.5,genetic,genetic,genetic,0.05,20
785,937,778,0.5565476287926581,0.5800052324442925,0.5694765276292422,8.415286624203821,7.96478121664888,7.467866323907455,362,1,50,0.5,0.5,0.5,genetic,genetic,genetic,0.05,20
784,953,763,0.5571497637785205,0.5793061392732232,0.5696816229165126,8.028061224489797,7.966421825813222,7.420707732634338,363,1,50,0.5,0.5,0.5,genetic,genetic,genetic,0.05,20
758,989,753,0.5558617767176619,0.5776698761458386,0.5692781358130964,7.881266490765172,8.036400404448939,7.604249667994688,364,1,50,0.5,0.5,0.5,genetic,genetic,genetic,0.05,20
722,1010,768,0.5565678783452878,0.5782309180203252,0.5690645489950245,7.880886426592798,8.121782178217822,7.734375,365,1,50,0.5,0.5,0.5,genetic,genetic,genetic,0.05,20
711,1017,772,0.5574526163024334,0.5785959791260326,0.5673551096772361,7.89873417721519,8.338249754178957,7.80699481865285,366,1,50,0.5,0.5,0.5,genetic,genetic,genetic,0.05,20
687,1022,791,0.55705133743264,0.5783463191116986,0.5682840557284999,7.918486171761281,8.486301369863014,7.895069532237674,367,1,50,0.5,0.5,0.5,genetic,genetic,genetic,0.05,20
666,1028,806,0.5564587148334283,0.5779088819019654,0.5677809087514476,7.8993993993994,8.543774319066149,7.923076923076923,368,1,50,0.5,0.5,0.5,genetic,genetic,genetic,0.05,20
660,1017,823,0.5558120756753003,0.5761476326837588,0.5655165900538839,7.88939393939394,8.562438544739429,7.9501822600243015,369,1,50,0.5,0.5,0.5,genetic,genetic,genetic,0.05,20
634,996,870,0.5541987230092577,0.5750636549979781,0.5621803709679773,7.944794952681388,8.73995983935743,7.903448275862069,370,1,50,0.5,0.5,0.5,genetic,genetic,genetic,0.05,20
622,969,909,0.5520174070863976,0.575587952347724,0.5626166863580775,7.871382636655949,8.868937048503613,7.796479647964796,371,1,50,0.5,0.5,0.5,genetic,genetic,genetic,0.05,20
617,960,923,0.5523857821533802,0.5749992371009781,0.5632231842515123,7.583468395461913,9.205208333333333,7.908992416034669,372,1,50,0.5,0.5,0.5,genetic,genetic,genetic,0.05,20
628,931,941,0.5500871086967375,0.5753714106253864,0.5639841239585252,7.35828025477707,9.373791621911923,7.951115834218916,373,1,50,0.5,0.5,0.5,genetic,genetic,genetic,0.05,20
652,913,935,0.5499116390560421,0.5736259754862905,0.5639197321970632,7.248466257668712,9.44249726177437,8.088770053475935,374,1,50,0.5,0.5,0.5,genetic,genetic,genetic,0.05,20
652,877,971,0.5493681754413716,0.5743992624100341,0.5651695908101935,7.274539877300613,9.340935005701255,7.9340885684860964,375,1,50,0.5,0.5,0.5,genetic,genetic,genetic,0.05,20
657,846,997,0.549429133003754,0.574420988683966,0.5641214083795221,6.942161339421613,9.148936170212766,7.889669007021063,376,1,50,0.5,0.5,0.5,genetic,genetic,genetic,0.05,20
663,819,1018,0.54957413636529,0.5741460872615092,0.5662097201447037,7.018099547511312,9.08058608058608,7.884086444007859,377,1,50,0.5,0.5,0.5,genetic,genetic,genetic,0.05,20
666,788,1046,0.5500053452423613,0.5753492927435534,0.5665017366709277,7.04954954954955,8.878172588832488,7.77151051625239,378,1,50,0.5,0.5,0.5,genetic,genetic,genetic,0.05,20
676,755,1069,0.5513681248337973,0.5783225592581336,0.56644943241103,6.933431952662722,8.847682119205299,7.7530402245088865,379,1,50,0.5,0.5,0.5,genetic,genetic,genetic,0.05,20
697,712,1091,0.5514329946283216,0.5792227763372856,0.5660119993452223,6.7560975609756095,8.786516853932584,7.748854262144821,380,1,50,0.5,0.5,0.5,genetic,genetic,genetic,0.05,20
704,685,1111,0.5510880959119514,0.5805233914424215,0.5663306110368205,6.8522727272727275,8.46131386861314,7.976597659765977,381,1,50,0.5,0.5,0.5,genetic,genetic,genetic,0.05,20
723,683,1094,0.5502000262920489,0.5798687595268909,0.5661939864923815,6.925311203319502,8.320644216691068,8.153564899451554,382,1,50,0.5,0.5,0.5,genetic,genetic,genetic,0.05,20
744,642,1114,0.5499124352694958,0.5787685441880878,0.56569099284191,7.032258064516129,8.222741433021806,8.246858168761221,383,1,50,0.5,0.5,0.5,genetic,genetic,genetic,0.05,20
753,634,1113,0.5500679557795416,0.5813286122206142,0.5673141652239415,7.0239043824701195,8.004731861198739,8.483378256963162,384,1,50,0.5,0.5,0.5,genetic,genetic,genetic,0.05,20
774,617,1109,0.5503230968581206,0.5804744555731721,0.5664367882784805,7.01937984496124,7.80226904376013,8.688908926961226,385,1,50,0.5,0.5,0.5,genetic,genetic,genetic,0.05,20
802,621,1077,0.5523294005878134,0.5807394857944989,0.5669776766191356,6.859102244389027,7.797101449275362,9.0297121634169,386,1,50,0.5,0.5,0.5,genetic,genetic,genetic,0.05,20
786,642,1072,0.5514061900644316,0.5827752423585263,0.5665387088856917,7.085241730279898,7.484423676012461,9.323694029850746,387,1,50,0.5,0.5,0.5,genetic,genetic,genetic,0.05,20
811,629,1060,0.5519783684886036,0.5824086458974016,0.5660668032052619,7.221948212083847,7.421303656597774,9.600943396226414,388,1,50,0.5,0.5,0.5,genetic,genetic,genetic,0.05,20
823,632,1045,0.553731431427252,0.5819899392608955,0.5659796761244658,7.388821385176184,7.438291139240507,9.823923444976076,389,1,50,0.5,0.5,0.5,genetic,genetic,genetic,0.05,20
859,638,1003,0.5525523582116636,0.5828974808649239,0.566380370342082,7.30616996507567,7.3808777429467085,10.034895314057826,390,1,50,0.5,0.5,0.5,genetic,genetic,genetic,0.05,20
881,653,966,0.5520529182867933,0.5859384442097524,0.5661805603512082,7.149829738933031,7.208269525267994,10.337474120082815,391,1,50,0.5,0.5,0.5,genetic,genetic,genetic,0.05,20
915,663,922,0.5530803241024083,0.5870505174997916,0.5645922510720435,7.219672131147541,7.306184012066365,10.621475054229935,392,1,50,0.5,0.5,0.5,genetic,genetic,genetic,0.05,20
951,663,886,0.5531409793775549,0.5869507727808126,0.5649072251829841,7.260778128286015,7.32579185520362,10.744920993227991,393,1,50,0.5,0.5,0.5,genetic,genetic,genetic,0.05,20
983,654,863,0.5529100949158383,0.5870828721494459,0.5643073249158244,7.243133265513733,7.444954128440367,10.602549246813442,394,1,50,0.5,0.5,0.5,genetic,genetic,genetic,0.05,20
1011,656,833,0.5532134890810925,0.5885704640424686,0.5645493769576416,7.28486646884273,7.397865853658536,10.356542617046818,395,1,50,0.5,0.5,0.5,genetic,genetic,genetic,0.05,20
1053,635,812,0.5535533669150564,0.5897068624755752,0.5669679428158094,7.481481481481482,7.511811023622047,10.014778325123153,396,1,50,0.5,0.5,0.5,genetic,genetic,genetic,0.05,20
1106,650,744,0.5546360495428941,0.5878938429870433,0.5682426069955986,7.608499095840868,7.693846153846154,9.733870967741936,397,1,50,0.5,0.5,0.5,genetic,genetic,genetic,0.05,20
1098,696,706,0.5536923222030349,0.5862528200984927,0.5679348514620901,7.741347905282331,7.287356321839081,9.338526912181303,398,1,50,0.5,0.5,0.5,genetic,genetic,genetic,0.05,20
1093,715,692,0.5528808709077081,0.5865614535372029,0.5680932256230242,8.04117108874657,7.2027972027972025,8.949421965317919,399,1,50,0.5,0.5,0.5,genetic,genetic,genetic,0.05,20
1062,758,680,0.5542729095331318,0.5884839478994108,0.5686046953592485,8.227871939736346,6.898416886543536,8.686764705882354,400,1,50,0.5,0.5,0.5,genetic,genetic,genetic,0.05,20
1038,799,663,0.5551154152449559,0.5897175376914596,0.5700646107209038,8.360308285163777,6.823529411764706,8.318250377073907,401,1,50,0.5,0.5,0.5,genetic,genetic,genetic,0.05,20
1018,812,670,0.5547772908070963,0.5912758235311855,0.5706661733362587,8.666011787819253,6.708128078817734,7.995522388059701,402,1,50,0.5,0.5,0.5,genetic,genetic,genetic,0.05,20
996,841,663,0.5555731118201741,0.5907917706376885,0.5729053030959399,8.773092369477911,6.682520808561237,7.957767722473605,403,1,50,0.5,0.5,0.5,genetic,genetic,genetic,0.05,20
982,860,658,0.555643545009206,0.5912968999063003,0.5731836569203383,8.934826883910388,6.716279069767442,7.8936170212765955,404,1,50,0.5,0.5,0.5,genetic,genetic,genetic,0.05,20
955,890,655,0.5557716755000005,0.5905961017865228,0.5731320957392049,9.07434554973822,6.79438202247191,7.902290076335878,405,1,50,0.5,0.5,0.5,genetic,genetic,genetic,0.05,20
915,932,653,0.5575894302975202,0.5892718044953387,0.5738207446750504,8.970491803278689,6.785407725321888,7.860643185298621,406,1,50,0.5,0.5,0.5,genetic,genetic,genetic,0.05,20
891,966,643,0.5567938794894575,0.5883667252759315,0.5738403375610821,9.065095398428731,6.873706004140787,7.749611197511664,407,1,50,0.5,0.5,0.5,genetic,genetic,genetic,0.05,20
830,1035,635,0.5547073937765389,0.5868932585987169,0.5727957201836043,9.116867469879518,6.9400966183574875,7.820472440944882,408,1,50,0.5,0.5,0.5,genetic,genetic,genetic,0.05,20
774,1059,667,0.5533376328913991,0.5876278634352389,0.5750549456632423,9.222222222222221,7.176581680830973,7.616191904047976,409,1,50,0.5,0.5,0.5,genetic,genetic,genetic,0.05,20
726,1070,704,0.5527895037521876,0.5866135908786984,0.5748355494370837,9.201101928374655,7.380373831775701,7.6022727272727275,410,1,50,0.5,0.5,0.5,genetic,genetic,genetic,0.05,20
669,1087,744,0.5548584047426814,0.5860492283030353,0.5750499159284581,9.174887892376681,7.4434222631094755,7.466397849462366,411,1,50,0.5,0.5,0.5,genetic,genetic,genetic,0.05,20
638,1073,789,0.5535912678081251,0.5853490698394928,0.5762257818137633,8.836990595611285,7.628145386766076,7.2915082382762995,412,1,50,0.5,0.5,0.5,genetic,genetic,genetic,0.05,20
625,1068,807,0.5541492640903435,0.5852458516894177,0.5768165271260394,8.1808,7.861423220973783,7.1722428748451055,413,1,50,0.5,0.5,0.5,genetic,genetic,genetic,0.05,20
615,1041,844,0.5547101222535052,0.5858551237130942,0.5774620623647782,7.712195121951219,8.048030739673392,7.125592417061611,414,1,50,0.5,0.5,0.5,genetic,genetic,genetic,0.05,20
620,1006,874,0.5569751499061174,0.5874333708873324,0.5776633080097825,7.503225806451613,8.285288270377734,7.2356979405034325,415,1,50,0.5,0.5,0.5,genetic,genetic,genetic,0.05,20
635,975,890,0.5579416217624159,0.5883019103877009,0.5769003790983047,7.256692913385827,8.445128205128205,7.140449438202247,416,1,50,0.5,0.5,0.5,genetic,genetic,genetic,0.05,20
617,962,921,0.5588459278401304,0.5891839311757197,0.5769323399135307,6.782820097244732,8.533264033264032,7.273615635179153,417,1,50,0.5,0.5,0.5,genetic,genetic,genetic,0.05,20
620,927,953,0.558029345425357,0.587373697497162,0.5790187886477938,6.717741935483871,8.676375404530745,7.264428121720881,418,1,50,0.5,0.5,0.5,genetic,genetic,genetic,0.05,20
643,879,978,0.5585591158279998,0.5861564447576967,0.5805342423288181,6.628304821150856,8.782707622298066,7.368098159509202,419,1,50,0.5,0.5,0.5,genetic,genetic,genetic,0.05,20
677,821,1002,0.5583429583021104,0.5892593538477797,0.5808406062268106,6.576070901033973,8.84531059683313,7.179640718562874,420,1,50,0.5,0.5,0.5,genetic,genetic,genetic,0.05,20
707,764,1029,0.5591599807979329,0.5906664160556944,0.58085210413363,6.60961810466761,8.88219895287958,7.162293488824101,421,1,50,0.5,0.5,0.5,genetic,genetic,genetic,0.05,20
735,718,1047,0.5620139676480894,0.5885368948509623,0.5817789294669932,6.706122448979592,9.015320334261839,7.24450811843362,422,1,50,0.5,0.5,0.5,genetic,genetic,genetic,0.05,20
754,677,1069,0.5595709781557152,0.5906956558637798,0.5798249789707528,6.880636604774536,8.711964549483014,7.291861552853134,423,1,50,0.5,0.5,0.5,genetic,genetic,genetic,0.05,20
796,624,1080,0.5591026360263003,0.5907511849020907,0.5794382541151075,6.99748743718593,8.551282051282051,7.358333333333333,424,1,50,0.5,0.5,0.5,genetic,genetic,genetic,0.05,20
836,600,1064,0.5577160889696786,0.5904122649729984,0.579676375596896,7.072966507177034,8.36,7.568609022556391,425,1,50,0.5,0.5,0.5,genetic,genetic,genetic,0.05,20
883,577,1040,0.5603279830849572,0.5889700888599337,0.578681391247043,7.101925254813137,8.228769497400346,7.864423076923077,426,1,50,0.5,0.5,0.5,genetic,genetic,genetic,0.05,20
920,572,1008,0.5605891567143322,0.586226999000749,0.5768399858890086,7.022826086956521,7.8479020979020975,7.929563492063492,427,1,50,0.5,0.5,0.5,genetic,genetic,genetic,0.05,20
936,575,989,0.5615666629846425,0.5854373693637686,0.5774117351752162,7.153846153846154,7.495652173913044,8.186046511627907,428,1,50,0.5,0.5,0.5,genetic,genetic,genetic,0.05,20
946,588,966,0.5604513823492093,0.5854479324897035,0.5771115157347498,7.1839323467230445,6.85374149659864,8.265010351966874,429,1,50,0.5,0.5,0.5,genetic,genetic,genetic,0.05,20
954,592,954,0.5604272804449504,0.5882381411574165,0.5768425585910719,7.254716981132075,6.574324324324325,8.365828092243186,430,1,50,0.5,0.5,0.5,genetic,genetic,genetic,0.05,20
1009,596,895,0.5599093715941964,0.5863237141975293,0.5775777956044642,7.200198216055501,6.602348993288591,8.520670391061453,431,1,50,0.5,0.5,0.5,genetic,genetic,genetic,0.05,20
1023,603,874,0.56145470209941,0.5856680917373691,0.5764362784795701,7.334310850439882,6.51077943615257,8.498855835240274,432,1,50,0.5,0.5,0.5,genetic,genetic,genetic,0.05,20
1033,627,840,0.5614891607936752,0.5856348476992833,0.5754764706554081,7.413359148112295,6.221690590111643,8.538095238095238,433,1,50,0.5,0.5,0.5,genetic,genetic,genetic,0.05,20
1029,635,836,0.5607207909842301,0.5853303834678888,0.5763446033021444,7.689018464528669,6.025196850393701,8.480861244019138,434,1,50,0.5,0.5,0.5,genetic,genetic,genetic,0.05,20
1028,658,814,0.5597374559344225,0.5866209087263717,0.5779887039215809,7.896887159533074,6.025835866261398,8.595823095823096,435,1,50,0.5,0.5,0.5,genetic,genetic,genetic,0.05,20
1035,709,756,0.5610104439099322,0.5875086337354636,0.5774338056243593,7.834782608695652,6.055007052186178,8.80952380952381,436,1,50,0.5,0.5,0.5,genetic,genetic,genetic,0.05,20
1040,735,725,0.5605793401360953,0.5882573688039814,0.5771351000341052,7.775961538461538,6.0829931972789115,8.508965517241379,437,1,50,0.5,0.5,0.5,genetic,genetic,genetic,0.05,20
983,800,717,0.5598875360095159,0.5875326831365284,0.5786370115697735,7.917599186164802,6.05125,8.940027894002789,438,1,50,0.5,0.5,0.5,genetic,genetic,genetic,0.05,20
967,837,696,0.5605588635558822,0.5884370535648048,0.5780077118711135,8.041365046535677,6.181600955794504,8.758620689655173,439,1,50,0.5,0.5,0.5,genetic,genetic,genetic,0.05,20
952,863,685,0.5621616380479775,0.5886999016846949,0.5776539565771074,8.237394957983193,6.485515643105446,8.616058394160584,440,1,50,0.5,0.5,0.5,genetic,genetic,genetic,0.05,20
947,901,652,0.5608445331961265,0.5865832272714058,0.5811676733923079,8.172122492080254,6.703662597114318,8.414110429447852,441,1,50,0.5,0.5,0.5,genetic,genetic,genetic,0.05,20
935,929,636,0.5616922484078719,0.5864437048476827,0.5819035913010877,8.156149732620321,6.983853606027987,8.432389937106919,442,1,50,0.5,0.5,0.5,genetic,genetic,genetic,0.05,20
925,957,618,0.5625146013679482,0.5876576710819045,0.5797385235892862,8.032432432432433,7.179728317659352,8.011326860841423,443,1,50,0.5,0.5,0.5,genetic,genetic,genetic,0.05,20
915,993,592,0.562901363216905,0.5893482754349377,0.5798162682604465,8.00327868852459,7.430010070493454,7.736486486486487,444,1,50,0.5,0.5,0.5,genetic,genetic,genetic,0.05,20
888,1016,596,0.5628173421432983,0.5911512407159779,0.5774537777310221,8.10472972972973,7.56988188976378,7.305369127516778,445,1,50,0.5,0.5,0.5,genetic,genetic,genetic,0.05,20
864,1034,602,0.5623198367972024,0.5924689233320964,0.5799845058533253,8.336805555555555,7.823984526112186,7.159468438538206,446,1,50,0.5,0.5,0.5,genetic,genetic,genetic,0.05,20
816,1049,635,0.5630153569229902,0.5923775100400058,0.5800942720719823,8.498774509803921,7.876072449952336,6.929133858267717,447,1,50,0.5,0.5,0.5,genetic,genetic,genetic,0.05,20
798,1039,663,0.5643989444315887,0.59285935461953,0.5796161284115761,8.614035087719298,8.102021174205968,6.500754147812971,448,1,50,0.5,0.5,0.5,genetic,genetic,genetic,0.05,20
774,1009,717,0.5626111809568922,0.5930279732005298,0.5774741510520717,8.700258397932817,8.310208126858276,6.2677824267782425,449,1,50,0.5,0.5,0.5,genetic,genetic,genetic,0.05,20
754,1002,744,0.5642623240358212,0.5917173662648618,0.5766691132797034,8.830238726790451,8.515968063872256,6.411290322580645,450,1,50,0.5,0.5,0.5,genetic,genetic,genetic,0.05,20
730,1003,767,0.5640948284960389,0.5905224572339761,0.5737798942689104,8.89041095890411,8.667996011964108,6.5697522816166884,451,1,50,0.5,0.5,0.5,genetic,genetic,genetic,0.05,20
721,1012,767,0.5645990791195112,0.5907150188380804,0.5739192041764584,8.857142857142858,8.909090909090908,6.876140808344198,452,1,50,0.5,0.5,0.5,genetic,genetic,genetic,0.05,20
714,990,796,0.5653375302666723,0.5905099661886593,0.5736518730445358,8.949579831932773,9.064646464646465,6.874371859296482,453,1,50,0.5,0.5,0.5,genetic,genetic,genetic,0.05,20
730,975,795,0.5654091681996802,0.5916894935303926,0.5748404154534796,8.73013698630137,9.162051282051282,6.919496855345912,454,1,50,0.5,0.5,0.5,genetic,genetic,genetic,0.05,20
712,973,815,0.5660274868687523,0.5922227542909368,0.577171146758663,8.726123595505618,9.21479958890031,7.028220858895706,455,1,50,0.5,0.5,0.5,genetic,genetic,genetic,0.05,20
684,948,868,0.5654715340658992,0.5918248794448374,0.5783307174898471,8.81140350877193,9.052742616033756,6.949308755760368,456,1,50,0.5,0.5,0.5,genetic,genetic,genetic,0.05,20
673,914,913,0.5643336660526856,0.5932811420674179,0.57779769474882,8.732540861812778,9.00109409190372,6.91894852135816,457,1,50,0.5,0.5,0.5,genetic,genetic,genetic,0.05,20
647,917,936,0.5652455533401641,0.5934397433948119,0.5763716136542467,8.591962905718702,8.850599781897492,7.037393162393163,458,1,50,0.5,0.5,0.5,genetic,genetic,genetic,0.05,20
617,928,955,0.5637101686094573,0.5928373080162883,0.5774846142895412,8.100486223662886,8.723060344827585,7.292146596858639,459,1,50,0.5,0.5,0.5,genetic,genetic,genetic,0.05,20
589,930,981,0.5645505373086288,0.5933302869693353,0.5768123922205324,7.98811544991511,8.586021505376344,7.5616717635066255,460,1,50,0.5,0.5,0.5,genetic,genetic,genetic,0.05,20
567,916,1017,0.5624694351138362,0.592220037746871,0.5782346840580016,7.853615520282187,8.65938864628821,7.68141592920354,461,1,50,0.5,0.5,0.5,genetic,genetic,genetic,0.05,20
560,893,1047,0.5614432820594827,0.5953304873842216,0.578438303055053,7.4696428571428575,8.609182530795072,7.75549188156638,462,1,50,0.5,0.5,0.5,genetic,genetic,genetic,0.05,20
551,880,1069,0.5628487511892049,0.5970424834505903,0.5790781473134419,7.188747731397459,8.534090909090908,8.06641721234799,463,1,50,0.5,0.5,0.5,genetic,genetic,genetic,0.05,20
554,858,1088,0.5633170545815714,0.5974052090156721,0.5794785075364688,6.84115523465704,8.474358974358974,8.154411764705882,464,1,50,0.5,0.5,0.5,genetic,genetic,genetic,0.05,20
579,816,1105,0.5656643316056179,0.5975909016824259,0.5801946937883911,6.478411053540587,8.341911764705882,8.204524886877827,465,1,50,0.5,0.5,0.5,genetic,genetic,genetic,0.05,20
615,795,1090,0.567055944694959,0.5984340235707027,0.5804129407419333,6.230894308943089,8.472955974842767,8.296330275229359,466,1,50,0.5,0.5,0.5,genetic,genetic,genetic,0.05,20
643,784,1073,0.5692112184251473,0.6008152417706997,0.579853028111214,6.063763608087092,8.478316326530612,8.439888164026096,467,1,50,0.5,0.5,0.5,genetic,genetic,genetic,0.05,20
682,758,1060,0.568571761551655,0.6025263898711387,0.5788110795325848,5.9178885630498534,8.387862796833772,8.471698113207546,468,1,50,0.5,0.5,0.5,genetic,genetic,genetic,0.05,20
743,730,1027,0.5700436742747745,0.6044073353984373,0.5755144947809524,5.7415881561238225,8.561643835616438,8.499513145082766,469,1,50,0.5,0.5,0.5,genetic,genetic,genetic,0.05,20
793,683,1024,0.5704841667466707,0.6079394048620504,0.5755410352692152,5.890290037831021,8.635431918008784,8.4130859375,470,1,50,0.5,0.5,0.5,genetic,genetic,genetic,0.05,20
836,653,1011,0.5701602818076912,0.6071698845310144,0.573216114563358,6.064593301435407,8.448698315467075,8.52324431256182,471,1,50,0.5,0.5,0.5,genetic,genetic,genetic,0.05,20
867,643,990,0.5677792659571305,0.6076762965027499,0.5750414048890338,6.302191464821223,8.346811819595645,8.658585858585859,472,1,50,0.5,0.5,0.5,genetic,genetic,genetic,0.05,20
906,616,978,0.5676479004787212,0.6082094190423963,0.5754936363341099,6.605960264900662,8.426948051948052,8.837423312883436,473,1,50,0.5,0.5,0.5,genetic,genetic,genetic,0.05,20
936,606,958,0.5667572951850942,0.608564115698668,0.5746438001189754,6.94017094017094,8.374587458745875,8.939457202505219,474,1,50,0.5,0.5,0.5,genetic,genetic,genetic,0.05,20
944,620,936,0.5666712743273561,0.6072292872433903,0.5755487551627593,7.1440677966101696,8.11774193548387,9.11111111111111,475,1,50,0.5,0.5,0.5,genetic,genetic,genetic,0.05,20
961,624,915,0.5662042115742061,0.6072555266780929,0.574789062881981,7.273673257023933,7.543269230769231,8.931147540983607,476,1,50,0.5,0.5,0.5,genetic,genetic,genetic,0.05,20
978,615,907,0.5649222243817239,0.6047058872592489,0.5741551330700874,7.4079754601226995,7.4487804878048784,8.839029768467475,477,1,50,0.5,0.5,0.5,genetic,genetic,genetic,0.05,20
985,613,902,0.5644080932645579,0.6061046126481212,0.5738190046368732,7.704568527918782,7.202283849918434,8.92461197339246,478,1,50,0.5,0.5,0.5,genetic,genetic,genetic,0.05,20
1000,615,885,0.5644235288391333,0.6042889867144882,0.5740404371314256,7.925,7.144715447154471,8.856497175141243,479,1,50,0.5,0.5,0.5,genetic,genetic,genetic,0.05,20
986,645,869,0.5632117057016893,0.605215642046024,0.5744195308670064,8.227180527383368,6.75968992248062,8.747986191024166,480,1,50,0.5,0.5,0.5,genetic,genetic,genetic,0.05,20
980,664,856,0.5628821747818362,0.6063497715325536,0.5748253063559072,8.346938775510203,6.557228915662651,8.913551401869158,481,1,50,0.5,0.5,0.5,genetic,genetic,genetic,0.05,20
967,690,843,0.5628140172496496,0.6046099172293982,0.575303581814022,8.580144777662875,6.353623188405797,8.862396204033216,482,1,50,0.5,0.5,0.5,genetic,genetic,genetic,0.05,20
947,721,832,0.5624879912729766,0.6061894837285847,0.5747596582668881,8.764519535374868,6.317614424410541,9.001201923076923,483,1,50,0.5,0.5,0.5,genetic,genetic,genetic,0.05,20
915,760,825,0.5616353460863419,0.6052982831157311,0.5732470448136561,8.972677595628415,6.303947368421053,9.0,484,1,50,0.5,0.5,0.5,genetic,genetic,genetic,0.05,20
914,777,809,0.5624599834895494,0.6067761588207624,0.5707688665493669,8.922319474835886,6.387387387387387,8.938195302843017,485,1,50,0.5,0.5,0.5,genetic,genetic,genetic,0.05,20
908,807,785,0.5603097825406039,0.6053718608734192,0.572068079894087,8.752202643171806,6.493184634448575,8.901910828025478,486,1,50,0.5,0.5,0.5,genetic,genetic,genetic,0.05,20
897,827,776,0.5604874745079961,0.6049264182213849,0.5733674357598442,8.693422519509475,6.667472793228537,8.699742268041238,487,1,50,0.5,0.5,0.5,genetic,genetic,genetic,0.05,20
861,861,778,0.560265372613939,0.6041013639172443,0.5739335872231675,8.872241579558652,6.689895470383275,8.645244215938304,488,1,50,0.5,0.5,0.5,genetic,genetic,genetic,0.05,20
845,869,786,0.5631073708172285,0.6033441439592756,0.572592028049166,8.74319526627219,6.733026467203683,8.389312977099237,489,1,50,0.5,0.5,0.5,genetic,genetic,genetic,0.05,20
821,895,784,0.5638012115979698,0.6014274565940966,0.5734770578150039,8.400730816077953,6.689385474860336,8.387755102040817,490,1,50,0.5,0.5,0.5,genetic,genetic,genetic,0.05,20
800,915,785,0.565942267147063,0.6028356269218789,0.5719177208600952,8.11375,6.690710382513661,8.364331210191082,491,1,50,0.5,0.5,0.5,genetic,genetic,genetic,0.05,20
800,926,774,0.5662945661954498,0.6026140914424392,0.57134945933296,7.82125,7.07451403887689,8.454780361757106,492,1,50,0.5,0.5,0.5,genetic,genetic,genetic,0.05,20
797,942,761,0.5668515237438699,0.6036208021677678,0.5695437973903774,7.622333751568381,7.237791932059448,8.254927726675428,493,1,50,0.5,0.5,0.5,genetic,genetic,genetic,0.05,20
783,960,757,0.5665660232882156,0.6041386455638877,0.5702845599932184,7.537675606641124,7.534375,8.228533685601057,494,1,50,0.5,0.5,0.5,genetic,genetic,genetic,0.05,20
790,955,755,0.5672823117365744,0.6042691632971421,0.5686615157493707,7.291139240506329,7.7528795811518325,8.001324503311258,495,1,50,0.5,0.5,0.5,genetic,genetic,genetic,0.05,20
773,947,780,0.5682205209222245,0.6039393766388076,0.5678664818590654,7.332470892626132,7.931362196409715,7.857692307692307,496,1,50,0.5,0.5,0.5,genetic,genetic,genetic,0.05,20
742,970,788,0.5679479173710652,0.6050669048598911,0.568894904519397,7.621293800539084,8.039175257731959,7.876903553299492,497,1,50,0.5,0.5,0.5,genetic,genetic,genetic,0.05,20
747,967,786,0.5683862908443396,0.6054082840884771,0.5705966182911246,7.589022757697457,8.199586349534643,7.916030534351145,498,1,50,0.5,0.5,0.5,genetic,genetic,genetic,0.05,20
731,960,809,0.5700038224777388,0.6050195356830402,0.5725640833717317,7.653898768809849,8.307291666666666,7.716934487021014,499,1,50,0.5,0.5,0.5,genetic,genetic,genetic,0.05,20
804,847,849,0.5,0.5,0.5,0.0,0.0,0.0,0,2,50,0.5,0.5,0.5,genetic,genetic,genetic,0.05,20
817,804,879,0.5004339305128018,0.5005109867250528,0.4998753315179061,1.0,1.0,1.0,1,2,50,0.5,0.5,0.5,genetic,genetic,genetic,0.05,20
845,813,842,0.500448614782886,0.5004680939668429,0.50048797920486,1.82603550295858,1.8523985239852399,1.8622327790973872,2,2,50,0.5,0.5,0.5,genetic,genetic,genetic,0.05,20
832,838,830,0.5011500351132192,0.5012524204409256,0.5012805764575262,2.5625,2.5632458233890216,2.6108433734939758,3,2,50,0.5,0.5,0.5,genetic,genetic,genetic,0.05,20
843,820,837,0.5014471478506441,0.5025320317232845,0.5022412628444136,3.204033214709371,3.2134146341463414,3.228195937873357,4,2,50,0.5,0.5,0.5,genetic,genetic,genetic,0.05,20
851,830,819,0.5008726459325695,0.5031087074196819,0.5023401312527684,3.7861339600470036,3.779518072289157,3.807081807081807,5,2,50,0.5,0.5,0.5,genetic,genetic,genetic,0.05,20
856,831,813,0.5024895727074108,0.5034349818447516,0.5019287175950542,4.30607476635514,4.293622141997593,4.3148831488314885,6,2,50,0.5,0.5,0.5,genetic,genetic,genetic,0.05,20
857,825,818,0.503126492440541,0.503897362839417,0.5017465737173534,4.8168028004667445,4.774545454545454,4.775061124694377,7,2,50,0.5,0.5,0.5,genetic,genetic,genetic,0.05,20
856,847,797,0.5038401182278741,0.5043532894772899,0.5023919850277561,5.1203271028037385,5.14521841794569,5.19573400250941,8,2,50,0.5,0.5,0.5,genetic,genetic,genetic,0.05,20
873,839,788,0.5042008563078684,0.5040432109047955,0.5033729834578834,5.463917525773196,5.644815256257449,5.4873096446700504,9,2,50,0.5,0.5,0.5,genetic,genetic,genetic,0.05,20
891,834,775,0.5034251233387392,0.5048001624073258,0.5039802796904274,5.725028058361391,6.047961630695443,5.883870967741935,10,2,50,0.5,0.5,0.5,genetic,genetic,genetic,0.05,20
893,839,768,0.503126154228326,0.5049517359991431,0.5030315917693705,6.115341545352743,6.3241954707985695,6.138020833333333,11,2,50,0.5,0.5,0.5,genetic,genetic,genetic,0.05,20
867,860,773,0.5024875931368141,0.5059114936054507,0.5038962241933861,6.529411764705882,6.47093023255814,6.530401034928849,12,2,50,0.5,0.5,0.5,genetic,genetic,genetic,0.05,20
841,889,770,0.49935358980189376,0.5084985801155819,0.5048782405591213,6.700356718192628,6.5421822272215975,6.675324675324675,13,2,50,0.5,0.5,0.5,genetic,genetic,genetic,0.05,20
834,906,760,0.5005661800655992,0.510383235701821,0.5031665336013377,6.824940047961631,6.714128035320089,6.876315789473685,14,2,50,0.5,0.5,0.5,genetic,genetic,genetic,0.05,20
826,939,735,0.500962667330754,0.5105120872781589,0.5019517491159887,7.019370460048426,6.970181043663472,7.115646258503402,15,2,50,0.5,0.5,0.5,genetic,genetic,genetic,0.05,20
833,939,728,0.5010041235042527,0.5110221384726095,0.5041939892018427,7.136854741896759,7.366347177848775,7.126373626373627,16,2,50,0.5,0.5,0.5,genetic,genetic,genetic,0.05,20
830,968,702,0.5013356254648401,0.511706521485997,0.5020242567609284,7.139759036144579,7.600206611570248,7.297720797720798,17,2,50,0.5,0.5,0.5,genetic,genetic,genetic,0.05,20
837,953,710,0.5023622820431469,0.5132226270075286,0.5022767796388182,7.182795698924731,7.843651626442812,7.011267605633803,18,2,50,0.5,0.5,0.5,genetic,genetic,genetic,0.05,20
824,944,732,0.5009511550534218,0.5135523862434882,0.502588680575909,7.439320388349515,8.067796610169491,7.045081967213115,19,2,50,0.5,0.5,0.5,genetic,genetic,genetic,0.05,20
810,949,741,0.5005412244041868,0.5134280036176282,0.5009903182645805,7.5246913580246915,8.1159114857745,7.129554655870446,20,2,50,0.5,0.5,0.5,genetic,genetic,genetic,0.05,20
799,947,754,0.5019269019942271,0.5134291058778978,0.5006667908330349,7.682102628285357,8.191129883843717,7.017241379310345,21,2,50,0.5,0.5,0.5,genetic,genetic,genetic,0.05,20
802,938,760,0.5005679516215612,0.5121386103449636,0.501311741870257,7.952618453865337,8.481876332622601,7.106578947368421,22,2,50,0.5,0.5,0.5,genetic,genetic,genetic,0.05,20
797,925,778,0.5017342863466514,0.5141238312918683,0.5020891936516738,7.987452948557089,8.502702702702702,7.0629820051413885,23,2,50,0.5,0.5,0.5,genetic,genetic,genetic,0.05,20
799,925,776,0.5033742761321462,0.5139604038000976,0.5025153071133739,7.819774718397998,8.545945945945945,7.055412371134021,24,2,50,0.5,0.5,0.5,genetic,genetic,genetic,0.05,20
791,916,793,0.5037950283893624,0.5135988286018265,0.5042694031954916,7.9304677623261695,8.68995633187773,7.118537200504414,25,2,50,0.5,0.5,0.5,genetic,genetic,genetic,0.05,20
773,911,816,0.5032129911782458,0.5136353883953811,0.5060491997424272,7.897800776196637,8.760702524698134,7.270833333333333,26,2,50,0.5,0.5,0.5,genetic,genetic,genetic,0.05,20
771,901,828,0.5041514526376742,0.5129415742209572,0.5068319124216037,7.7924773022049285,8.817980022197558,7.205314009661835,27,2,50,0.5,0.5,0.5,genetic,genetic,genetic,0.05,20
765,886,849,0.5070096839477413,0.5115850565747211,0.5083277679548539,7.91764705882353,8.731376975169301,7.249705535924617,28,2,50,0.5,0.5,0.5,genetic,genetic,genetic,0.05,20
794,870,836,0.5084827608068414,0.5111558574542395,0.5090238153918453,7.908060453400504,9.089655172413794,7.409090909090909,29,2,50,0.5,0.5,0.5,genetic,genetic,genetic,0.05,20
773,869,858,0.5100040854213078,0.5107952232158601,0.5073503225288051,8.089262613195343,8.919447640966629,7.4475524475524475,30,2,50,0.5,0.5,0.5,genetic,genetic,genetic,0.05,20
764,867,869,0.5098382986472767,0.5125608394884705,0.5086929765473339,7.930628272251309,8.800461361014994,7.425776754890679,31,2,50,0.5,0.5,0.5,genetic,genetic,genetic,0.05,20
775,853,872,0.5082524238042945,0.5121324562895219,0.5088187641850297,7.84,8.825322391559203,7.577981651376147,32,2,50,0.5,0.5,0.5,genetic,genetic,genetic,0.05,20
773,842,885,0.5084024019028065,0.5088969921070111,0.5092187783261348,7.808538163001294,8.657957244655583,7.667796610169492,33,2,50,0.5,0.5,0.5,genetic,genetic,genetic,0.05,20
750,850,900,0.5077149369372786,0.5110004382103251,0.5095914529075715,7.764,8.581176470588236,7.71,34,2,50,0.5,0.5,0.5,genetic,genetic,genetic,0.05,20
727,846,927,0.50794961803111,0.51152839108018,0.5098389380743887,7.833562585969739,8.257683215130024,7.805825242718447,35,2,50,0.5,0.5,0.5,genetic,genetic,genetic,0.05,20
727,836,937,0.5082227182323987,0.5114503793526889,0.5101917276870249,7.807427785419533,8.318181818181818,7.9487726787620065,36,2,50,0.5,0.5,0.5,genetic,genetic,genetic,0.05,20
715,818,967,0.5078185909811888,0.5114910723660696,0.5093779669251877,7.685314685314685,8.15036674816626,7.955532574974147,37,2,50,0.5,0.5,0.5,genetic,genetic,genetic,0.05,20
709,794,997,0.5072930395414234,0.5105896213764863,0.5100107522552305,7.846262341325811,7.9672544080604535,7.993981945837513,38,2,50,0.5,0.5,0.5,genetic,genetic,genetic,0.05,20
720,746,1034,0.5067553906664348,0.510951097536137,0.5097008425517526,7.881944444444445,8.060321715817695,8.055125725338492,39,2,50,0.5,0.5,0.5,genetic,genetic,genetic,0.05,20
726,735,1039,0.5049512287835107,0.5112827110466267,0.510747555801381,8.034435261707989,8.375510204081632,8.348411934552454,40,2,50,0.5,0.5,0.5,genetic,genetic,genetic,0.05,20
742,713,1045,0.5062598217645172,0.5105178982052028,0.5111639103515575,7.8517520215633425,8.314165497896214,8.441148325358851,41,2,50,0.5,0.5,0.5,genetic,genetic,genetic,0.05,20
765,708,1027,0.5073478562154443,0.5099701575544584,0.5115327416612767,7.730718954248366,8.435028248587571,8.577409931840311,42,2,50,0.5,0.5,0.5,genetic,genetic,genetic,0.05,20
775,702,1023,0.5069064261588998,0.5106848195515764,0.512250027593333,7.572903225806452,8.225071225071225,8.842619745845552,43,2,50,0.5,0.5,0.5,genetic,genetic,genetic,0.05,20
806,703,991,0.5068557295910173,0.5114916916579477,0.5120261346787832,7.521091811414392,8.073968705547653,8.924318869828456,44,2,50,0.5,0.5,0.5,genetic,genetic,genetic,0.05,20
818,691,991,0.5088178974533597,0.5128198895297269,0.5116448767685158,7.625916870415648,7.949348769898697,8.92936427850656,45,2,50,0.5,0.5,0.5,genetic,genetic,genetic,0.05,20
856,696,948,0.5097202875175747,0.5117958065762719,0.5119408567069769,7.482476635514018,7.790229885057471,9.013713080168776,46,2,50,0.5,0.5,0.5,genetic,genetic,genetic,0.05,20
910,679,911,0.5093502853431207,0.5128680272430768,0.5122539888155521,7.314285714285714,7.723122238586156,8.88913282107574,47,2,50,0.5,0.5,0.5,genetic,genetic,genetic,0.05,20
934,679,887,0.5092695645228917,0.5128473671112095,0.5100540864737204,7.429336188436831,7.674521354933726,8.94588500563698,48,2,50,0.5,0.5,0.5,genetic,genetic,genetic,0.05,20
938,701,861,0.5089466925882474,0.5147546537310693,0.5114959934265412,7.518123667377399,7.513552068473609,8.873403019744483,49,2,50,0.5,0.5,0.5,genetic,genetic,genetic,0.05,20
950,723,827,0.5078409187634607,0.5157523303648182,0.5111580081913637,7.607368421052632,7.409405255878285,8.908101571946796,50,2,50,0.5,0.5,0.5,genetic,genetic,genetic,0.05,20
960,749,791,0.5102215881299359,0.5170588136092048,0.5133774840124736,7.730208333333334,7.3604806408544725,8.940581542351454,51,2,50,0.5,0.5,0.5,genetic,genetic,genetic,0.05,20
950,741,809,0.5103379455841469,0.5163778596475334,0.5139538205651771,7.9663157894736845,7.349527665317139,8.69097651421508,52,2,50,0.5,0.5,0.5,genetic,genetic,genetic,0.05,20
935,773,792,0.5113534211274664,0.5178868146175383,0.5119877139013432,8.224598930481283,7.43078913324709,8.89520202020202,53,2,50,0.5,0.5,0.5,genetic,genetic,genetic,0.05,20
922,798,780,0.5118530515571377,0.5181720503421631,0.5132245157301537,8.432754880694143,7.432330827067669,9.10897435897436,54,2,50,0.5,0.5,0.5,genetic,genetic,genetic,0.05,20
929,808,763,0.5112041004791141,0.5189076329603572,0.5129407872974202,8.51130247578041,7.587871287128713,9.150720838794234,55,2,50,0.5,0.5,0.5,genetic,genetic,genetic,0.05,20
918,826,756,0.5117120571855451,0.5186044844047644,0.5143631174097195,8.59041394335512,7.567796610169491,9.146825396825397,56,2,50,0.5,0.5,0.5,genetic,genetic,genetic,0.05,20
896,856,748,0.5118908291710931,0.5203993203325045,0.5148632124180618,8.660714285714286,7.401869158878505,9.131016042780749,57,2,50,0.5,0.5,0.5,genetic,genetic,genetic,0.05,20
895,850,755,0.5123074402736254,0.5209245076616675,0.5140797012572597,8.77877094972067,7.418823529411765,9.139072847682119,58,2,50,0.5,0.5,0.5,genetic,genetic,genetic,0.05,20
859,890,751,0.5133310138619471,0.5215342414901127,0.512967996312912,8.910360884749709,7.384269662921349,9.115845539280958,59,2,50,0.5,0.5,0.5,genetic,genetic,genetic,0.05,20
854,908,738,0.5130581624452212,0.5209330731248761,0.5121236208699845,8.914519906323186,7.671806167400881,9.11111111111111,60,2,50,0.5,0.5,0.5,genetic,genetic,genetic,0.05,20
840,918,742,0.5121117218749408,0.5221163067281612,0.5135085891014367,8.897619047619047,7.815904139433552,9.060646900269541,61,2,50,0.5,0.5,0.5,genetic,genetic,genetic,0.05,20
834,921,745,0.5114085493491549,0.5216239898570832,0.515681766736267,8.814148681055157,8.008686210640608,8.942281879194631,62,2,50,0.5,0.5,0.5,genetic,genetic,genetic,0.05,20
847,915,738,0.5136305496853416,0.5223501307062024,0.5165400727638053,8.720188902007084,8.28415300546448,8.844173441734418,63,2,50,0.5,0.5,0.5,genetic,genetic,genetic,0.05,20
830,905,765,0.5147731582782356,0.5233000234951727,0.5135293009906802,8.801204819277109,8.491712707182321,8.624836601307189,64,2,50,0.5,0.5,0.5,genetic,genetic,genetic,0.05,20
827,908,765,0.5158207972485378,0.5231775869404683,0.512866251359483,8.853688029020557,8.69273127753304,8.552941176470588,65,2,50,0.5,0.5,0.5,genetic,genetic,genetic,0.05,20
796,904,800,0.5189408554749962,0.5225161537913173,0.5134140350173524,9.023869346733669,8.574115044247788,8.4325,66,2,50,0.5,0.5,0.5,genetic,genetic,genetic,0.05,20
777,918,805,0.5189283454509088,0.5222877395120036,0.5124555502408633,9.110682110682111,8.72549019607843,8.469565217391304,67,2,50,0.5,0.5,0.5,genetic,genetic,genetic,0.05,20
764,928,808,0.5174577399058382,0.5236835774460158,0.5111066965588552,8.832460732984293,8.626077586206897,8.470297029702971,68,2,50,0.5,0.5,0.5,genetic,genetic,genetic,0.05,20
773,913,814,0.5187100405532594,0.5243593766039943,0.5118364019705451,8.671410090556273,8.532311062431544,8.34889434889435,69,2,50,0.5,0.5,0.5,genetic,genetic,genetic,0.05,20
751,923,826,0.5182787008780204,0.5245249612194243,0.5116375527847435,8.619174434087883,8.535211267605634,8.423728813559322,70,2,50,0.5,0.5,0.5,genetic,genetic,genetic,0.05,20
740,922,838,0.5177284673802464,0.5258053483620816,0.512574652279353,8.42027027027027,8.459869848156183,8.492840095465393,71,2,50,0.5,0.5,0.5,genetic,genetic,genetic,0.05,20
745,925,830,0.5178768832578984,0.5271558363098928,0.5126993887898659,8.389261744966444,8.412972972972973,8.481927710843374,72,2,50,0.5,0.5,0.5,genetic,genetic,genetic,0.05,20
749,903,848,0.5183089119368892,0.5264024740511212,0.5145522944159087,8.43524699599466,8.610188261351052,8.391509433962264,73,2,50,0.5,0.5,0.5,genetic,genetic,genetic,0.05,20
748,913,839,0.5177863214852689,0.5277343749112329,0.5151141266805883,8.419786096256685,8.738225629791895,8.613825983313468,74,2,50,0.5,0.5,0.5,genetic,genetic,genetic,0.05,20
742,911,847,0.5188954694604024,0.5280194064070506,0.5175339853049429,8.40566037735849,8.790340285400658,8.737898465171192,75,2,50,0.5,0.5,0.5,genetic,genetic,genetic,0.05,20
739,905,856,0.5193414307356744,0.526843358343177,0.5182554285071971,8.403247631935047,8.859668508287292,8.73481308411215,76,2,50,0.5,0.5,0.5,genetic,genetic,genetic,0.05,20
744,901,855,0.5209133686186225,0.5273481623060728,0.5190595273139583,8.321236559139784,9.035516093229745,8.591812865497076,77,2,50,0.5,0.5,0.5,genetic,genetic,genetic,0.05,20
743,882,875,0.5201590618844762,0.5268991090381436,0.5207885501416039,8.41991924629879,9.09297052154195,8.481142857142856,78,2,50,0.5,0.5,0.5,genetic,genetic,genetic,0.05,20
765,868,867,0.5172365941983949,0.5275244265527231,0.5234469957535924,8.338562091503269,9.183179723502304,8.525951557093425,79,2,50,0.5,0.5,0.5,genetic,genetic,genetic,0.05,20
760,864,876,0.5164280154945076,0.5283633897871628,0.5216994473717655,8.313157894736841,9.277777777777779,8.57420091324201,80,2,50,0.5,0.5,0.5,genetic,genetic,genetic,0.05,20
748,856,896,0.5170487098417632,0.527657314245406,0.5226212440679301,8.692513368983958,9.294392523364486,8.629464285714286,81,2,50,0.5,0.5,0.5,genetic,genetic,genetic,0.05,20
749,854,897,0.5172378437831636,0.5270844352652326,0.5225926035661722,8.48064085447263,9.446135831381733,8.882943143812708,82,2,50,0.5,0.5,0.5,genetic,genetic,genetic,0.05,20
765,838,897,0.5168360284859208,0.5257018385194592,0.5238468658208212,8.345098039215687,9.609785202863963,8.826086956521738,83,2,50,0.5,0.5,0.5,genetic,genetic,genetic,0.05,20
757,822,921,0.5151733705346644,0.5266956878385719,0.52646565932347,8.396301188903566,9.603406326034063,8.780673181324648,84,2,50,0.5,0.5,0.5,genetic,genetic,genetic,0.05,20
771,808,921,0.5140291668147355,0.5269248829536807,0.5256196424272477,8.186770428015564,9.709158415841584,8.872964169381108,85,2,50,0.5,0.5,0.5,genetic,genetic,genetic,0.05,20
811,764,925,0.5158231988351879,0.5274315531497018,0.5267783130101623,8.162762022194821,10.034031413612565,8.895135135135135,86,2,50,0.5,0.5,0.5,genetic,genetic,genetic,0.05,20
812,749,939,0.5153768789302964,0.5258976213711714,0.5269761861317687,8.036945812807883,9.591455273698264,8.728434504792332,87,2,50,0.5,0.5,0.5,genetic,genetic,genetic,0.05,20
834,746,920,0.5149764804972287,0.5260137779330594,0.5257400531402214,7.960431654676259,9.571045576407506,8.792391304347825,88,2,50,0.5,0.5,0.5,genetic,genetic,genetic,0.05,20
855,752,893,0.5135783190319817,0.527584563368548,0.5254339698535647,7.830409356725146,9.188829787234043,8.903695408734603,89,2,50,0.5,0.5,0.5,genetic,genetic,genetic,0.05,20
854,742,904,0.5126002194555567,0.5280864848606349,0.5269881131340459,7.8149882903981265,9.012129380053908,8.855088495575222,90,2,50,0.5,0.5,0.5,genetic,genetic,genetic,0.05,20
849,757,894,0.5120525828452116,0.5283605018628675,0.5255945314779977,7.932862190812721,8.787318361955085,9.101789709172259,91,2,50,0.5,0.5,0.5,genetic,genetic,genetic,0.05,20
844,749,907,0.511767859242868,0.5290029605105723,0.5277175950481128,8.022511848341232,8.62483311081442,9.059536934950385,92,2,50,0.5,0.5,0.5,genetic,genetic,genetic,0.05,20
856,730,914,0.5115902946404254,0.5309995648203488,0.5283210397887012,8.167056074766355,8.473972602739726,8.951859956236325,93,2,50,0.5,0.5,0.5,genetic,genetic,genetic,0.05,20
836,733,931,0.5104096274748899,0.5325678530588632,0.528348214451416,8.44377990430622,8.225102319236017,9.078410311493018,94,2,50,0.5,0.5,0.5,genetic,genetic,genetic,0.05,20
842,733,925,0.5100728680493211,0.5317011601852363,0.5293019429888656,8.524940617577197,8.188267394270122,9.376216216216216,95,2,50,0.5,0.5,0.5,genetic,genetic,genetic,0.05,20
818,754,928,0.5113423174284213,0.5316755062625231,0.5272666739283145,8.58924205378973,7.884615384615385,9.475215517241379,96,2,50,0.5,0.5,0.5,genetic,genetic,genetic,0.05,20
805,776,919,0.5115630478083023,0.5321050245224525,0.5275811630687272,8.31304347826087,7.693298969072165,9.663764961915126,97,2,50,0.5,0.5,0.5,genetic,genetic,genetic,0.05,20
783,797,920,0.5119982600744607,0.5327109817316403,0.5278581495260012,8.486590038314176,7.5959849435382685,9.870652173913044,98,2,50,0.5,0.5,0.5,genetic,genetic,genetic,0.05,20
763,819,918,0.5106164987300126,0.5339263373031523,0.5283868224111293,8.374836173001311,7.478632478632479,9.874727668845315,99,2,50,0.5,0.5,0.5,genetic,genetic,genetic,0.05,20
749,843,908,0.5113503906118083,0.5345947263900495,0.5281041254843812,8.371161548731642,7.638196915776987,10.048458149779735,100,2,50,0.5,0.5,0.5,genetic,genetic,genetic,0.05,20
765,824,911,0.5105113663138787,0.5370114202852958,0.5274518758048673,8.312418300653595,7.634708737864078,10.010976948408343,101,2,50,0.5,0.5,0.5,genetic,genetic,genetic,0.05,20
741,834,925,0.5092881595389591,0.5393294269964254,0.5277332141143681,8.368421052631579,7.696642685851319,10.082162162162161,102,2,50,0.5,0.5,0.5,genetic,genetic,genetic,0.05,20
744,835,921,0.5109001571675095,0.5404153555477214,0.5275308009887915,8.155913978494624,7.580838323353293,10.026058631921824,103,2,50,0.5,0.5,0.5,genetic,genetic,genetic,0.05,20
737,836,927,0.5120225408566308,0.5430165106027716,0.5274987923069238,7.921302578018996,7.619617224880383,9.898597626752967,104,2,50,0.5,0.5,0.5,genetic,genetic,genetic,0.05,20
728,845,927,0.5136893426939642,0.542509818873976,0.5276287506450215,7.688186813186813,7.635502958579882,9.95900755124056,105,2,50,0.5,0.5,0.5,genetic,genetic,genetic,0.05,20
727,848,925,0.5142051022637201,0.5423057270309527,0.5272590008000829,7.686382393397524,7.938679245283019,10.116756756756757,106,2,50,0.5,0.5,0.5,genetic,genetic,genetic,0.05,20
721,826,953,0.5135382561048507,0.5438273918017711,0.5303074254476088,7.701803051317614,8.05084745762712,10.056663168940188,107,2,50,0.5,0.5,0.5,genetic,genetic,genetic,0.05,20
734,814,952,0.512600825641787,0.5441895009511434,0.5301862863397605,7.536784741144414,8.038083538083539,9.827731092436975,108,2,50,0.5,0.5,0.5,genetic,genetic,genetic,0.05,20
751,801,948,0.5113028731914405,0.5438485031177145,0.531118044351382,7.40612516644474,8.13732833957553,9.7584388185654,109,2,50,0.5,0.5,0.5,genetic,genetic,genetic,0.05,20
771,791,938,0.5115141419142503,0.5444048184363024,0.5302984885003312,7.250324254215305,8.252844500632111,9.732409381663112,110,2,50,0.5,0.5,0.5,genetic,genetic,genetic,0.05,20
781,781,938,0.5095064563753451,0.5446172300117907,0.5322179681387208,7.394366197183099,8.48527528809219,9.684434968017058,111,2,50,0.5,0.5,0.5,genetic,genetic,genetic,0.05,20
790,783,927,0.508714803037034,0.5465233826300552,0.5313822564902284,7.587341772151898,8.60919540229885,9.782092772384035,112,2,50,0.5,0.5,0.5,genetic,genetic,genetic,0.05,20
799,770,931,0.5092102002944594,0.5472743011839816,0.5312809381768002,7.550688360450563,8.784415584415584,9.663802363050483,113,2,50,0.5,0.5,0.5,genetic,genetic,genetic,0.05,20
794,770,936,0.5070662922769746,0.5473669595398633,0.5315555464932684,7.535264483627204,8.824675324675324,9.677350427350428,114,2,50,0.5,0.5,0.5,genetic,genetic,genetic,0.05,20
818,755,927,0.5076329248368603,0.5493540452973598,0.5328614070266365,7.5513447432762835,8.989403973509933,9.629989212513484,115,2,50,0.5,0.5,0.5,genetic,genetic,genetic,0.05,20
846,751,903,0.5064585952885194,0.550174861724805,0.5337575113392354,7.432624113475177,9.065246338215712,9.479512735326688,116,2,50,0.5,0.5,0.5,genetic,genetic,genetic,0.05,20
873,738,889,0.505423791078212,0.5493610325000198,0.5351243122151184,7.554410080183276,9.134146341463415,9.393700787401574,117,2,50,0.5,0.5,0.5,genetic,genetic,genetic,0.05,20
925,695,880,0.5047325335586791,0.5502833975906922,0.5350542635705668,7.662702702702703,9.366906474820144,9.120454545454546,118,2,50,0.5,0.5,0.5,genetic,genetic,genetic,0.05,20
972,683,845,0.5037120711794605,0.5511212140787468,0.5355723813431814,7.710905349794238,9.357247437774523,8.962130177514792,119,2,50,0.5,0.5,0.5,genetic,genetic,genetic,0.05,20
992,693,815,0.5050901418596531,0.5515146247573354,0.536600721021231,7.793346774193548,9.066378066378066,8.822085889570552,120,2,50,0.5,0.5,0.5,genetic,genetic,genetic,0.05,20
1013,711,776,0.5047291153548684,0.5506602022504713,0.5368393330678877,7.890424481737414,8.836849507735584,8.742268041237113,121,2,50,0.5,0.5,0.5,genetic,genetic,genetic,0.05,20
1032,727,741,0.5044528541982418,0.5520807923812595,0.536080621516287,8.031976744186046,8.584594222833562,8.450742240215924,122,2,50,0.5,0.5,0.5,genetic,genetic,genetic,0.05,20
1018,744,738,0.503283396116039,0.5527037293849838,0.5337269076443818,8.18565815324165,8.307795698924732,8.299457994579946,123,2,50,0.5,0.5,0.5,genetic,genetic,genetic,0.05,20
1014,751,735,0.5041232039599643,0.5551048600790387,0.5327614857414852,8.351084812623274,7.9920106524633825,8.07891156462585,124,2,50,0.5,0.5,0.5,genetic,genetic,genetic,0.05,20
983,767,750,0.5043029206756519,0.5564840313288999,0.5316135439285907,8.589013224821974,7.7992177314211215,7.953333333333333,125,2,50,0.5,0.5,0.5,genetic,genetic,genetic,0.05,20
933,817,750,0.505015083276438,0.558567035554589,0.5317136994355482,8.783494105037514,7.324357405140759,7.949333333333334,126,2,50,0.5,0.5,0.5,genetic,genetic,genetic,0.05,20
921,840,739,0.5063934768383173,0.5597222475495464,0.5315920848131042,8.7557003257329,7.360714285714286,8.035182679296346,127,2,50,0.5,0.5,0.5,genetic,genetic,genetic,0.05,20
928,842,730,0.5061173775998998,0.5609458376316702,0.5314404442937527,8.776939655172415,7.467933491686461,7.887671232876713,128,2,50,0.5,0.5,0.5,genetic,genetic,genetic,0.05,20
916,844,740,0.5059718265639661,0.5614864118976249,0.5314208510648423,8.860262008733624,7.543838862559242,7.916216216216216,129,2,50,0.5,0.5,0.5,genetic,genetic,genetic,0.05,20
889,845,766,0.506275277542696,0.5628740189727053,0.5306357309445546,8.917885264341956,7.5195266272189345,7.798955613577023,130,2,50,0.5,0.5,0.5,genetic,genetic,genetic,0.05,20
869,865,766,0.5060918753748983,0.5629418098602652,0.5306410005331202,8.879171461449943,7.408092485549133,7.915143603133159,131,2,50,0.5,0.5,0.5,genetic,genetic,genetic,0.05,20
862,869,769,0.5058635821619084,0.5631639083185878,0.5300156449686471,8.839907192575406,7.542002301495972,7.893368010403121,132,2,50,0.5,0.5,0.5,genetic,genetic,genetic,0.05,20
847,882,771,0.5051034584449532,0.5623480610208597,0.5294199623094974,8.623376623376624,7.424036281179139,7.673151750972763,133,2,50,0.5,0.5,0.5,genetic,genetic,genetic,0.05,20
848,871,781,0.5038017120435566,0.5621209901136894,0.529599073710977,8.540094339622641,7.398392652123995,7.633802816901408,134,2,50,0.5,0.5,0.5,genetic,genetic,genetic,0.05,20
827,886,787,0.5036493355996028,0.5622123114131886,0.5286849502639915,8.585247883917775,7.448081264108352,7.792884371029225,135,2,50,0.5,0.5,0.5,genetic,genetic,genetic,0.05,20
809,891,800,0.5057112778770478,0.564153881650648,0.5272928849818057,8.569839307787392,7.512906846240179,7.86625,136,2,50,0.5,0.5,0.5,genetic,genetic,genetic,0.05,20
790,888,822,0.5054744711244346,0.5649964364370268,0.5269664118396465,8.59367088607595,7.706081081081081,7.7104622871046224,137,2,50,0.5,0.5,0.5,genetic,genetic,genetic,0.05,20
762,894,844,0.5062875742361036,0.5633131681807906,0.5264831239176987,8.813648293963254,7.861297539149888,7.868483412322274,138,2,50,0.5,0.5,0.5,genetic,genetic,genetic,0.05,20
765,904,831,0.5081585138115409,0.5639120223736878,0.5266144384657965,8.45359477124183,7.966814159292035,7.84115523465704,139,2,50,0.5,0.5,0.5,genetic,genetic,genetic,0.05,20
762,907,831,0.5096048958938827,0.564685171399865,0.5269300727713107,8.318897637795276,8.033076074972437,7.805054151624549,140,2,50,0.5,0.5,0.5,genetic,genetic,genetic,0.05,20
756,893,851,0.5090254002037906,0.563888880504551,0.5272884396121225,8.363756613756614,8.016797312430011,7.672150411280846,141,2,50,0.5,0.5,0.5,genetic,genetic,genetic,0.05,20
750,890,860,0.5112485940587744,0.5634372608649609,0.527512533787804,8.468,8.125842696629213,7.724418604651163,142,2,50,0.5,0.5,0.5,genetic,genetic,genetic,0.05,20
739,891,870,0.5117171760633669,0.5624674939074623,0.5278689782224267,8.37212449255751,8.105499438832773,7.735632183908046,143,2,50,0.5,0.5,0.5,genetic,genetic,genetic,0.05,20
721,895,884,0.5131968325776745,0.5619942115057458,0.5264686280241854,8.368932038834952,8.148603351955307,7.8031674208144794,144,2,50,0.5,0.5,0.5,genetic,genetic,genetic,0.05,20
691,925,884,0.5162637366444771,0.5622316094792441,0.5261928319651996,8.15918958031838,8.073513513513513,8.084841628959277,145,2,50,0.5,0.5,0.5,genetic,genetic,genetic,0.05,20
699,895,906,0.5192841599589983,0.5622385592153987,0.5252130372619984,8.085836909871245,8.181005586592178,8.027593818984547,146,2,50,0.5,0.5,0.5,genetic,genetic,genetic,0.05,20
684,897,919,0.5179106138051421,0.5627712950225175,0.5224391217851553,7.843567251461988,8.110367892976589,8.05114254624592,147,2,50,0.5,0.5,0.5,genetic,genetic,genetic,0.05,20
679,873,948,0.5180380006419212,0.5620287148426103,0.5226060628520512,7.861561119293078,8.263459335624285,8.001054852320674,148,2,50,0.5,0.5,0.5,genetic,genetic,genetic,0.05,20
698,869,933,0.5181143208026329,0.5627626334570377,0.5225066108253619,7.623209169054442,8.52819332566168,8.17470525187567,149,2,50,0.5,0.5,0.5,genetic,genetic,genetic,0.05,20
702,852,946,0.5186078182101498,0.5635126949973291,0.5225686190237652,7.648148148148148,8.72300469483568,8.369978858350951,150,2,50,0.5,0.5,0.5,genetic,genetic,genetic,0.05,20
689,861,950,0.5198270293200473,0.5640604541336496,0.5213289414093369,7.484760522496371,8.72938443670151,8.50842105263158,151,2,50,0.5,0.5,0.5,genetic,genetic,genetic,0.05,20
669,867,964,0.5189033502844024,0.565388454005573,0.5222449515774441,7.612855007473842,8.758938869665513,8.745850622406639,152,2,50,0.5,0.5,0.5,genetic,genetic,genetic,0.05,20
677,843,980,0.5208499236609901,0.5668746048031857,0.5220439814586053,7.4785819793205315,9.017793594306049,8.801020408163266,153,2,50,0.5,0.5,0.5,genetic,genetic,genetic,0.05,20
687,820,993,0.519991818833408,0.5682070161349292,0.5226602138907593,7.4104803493449785,9.09390243902439,8.754279959718026,154,2,50,0.5,0.5,0.5,genetic,genetic,genetic,0.05,20
707,800,993,0.518949858077265,0.5679592205647728,0.5209914873373163,7.446958981612447,9.2625,8.933534743202417,155,2,50,0.5,0.5,0.5,genetic,genetic,genetic,0.05,20
711,794,995,0.5197314680165146,0.5682103457498422,0.5202038408481195,7.649789029535865,9.389168765743072,9.032160804020101,156,2,50,0.5,0.5,0.5,genetic,genetic,genetic,0.05,20
727,784,989,0.520578775837316,0.5679719491002122,0.520445848974002,7.543328748280605,9.508928571428571,9.141557128412538,157,2,50,0.5,0.5,0.5,genetic,genetic,genetic,0.05,20
747,779,974,0.5210085366028023,0.5672588393171515,0.5210958603079795,7.43908969210174,9.630295250320925,9.320328542094456,158,2,50,0.5,0.5,0.5,genetic,genetic,genetic,0.05,20
738,780,982,0.5203069427082371,0.5638719348985508,0.5218136459384145,7.504065040650406,9.478205128205127,9.253564154786151,159,2,50,0.5,0.5,0.5,genetic,genetic,genetic,0.05,20
730,769,1001,0.5209573218133554,0.5649743271533125,0.5203877169899722,7.508219178082192,9.17295188556567,9.11988011988012,160,2,50,0.5,0.5,0.5,genetic,genetic,genetic,0.05,20
723,747,1030,0.5208768957430563,0.5639919705943782,0.5215673362533689,7.557399723374827,9.060240963855422,9.039805825242718,161,2,50,0.5,0.5,0.5,genetic,genetic,genetic,0.05,20
693,770,1037,0.5194980896148775,0.564788617530062,0.5226489212631715,7.598845598845599,8.454545454545455,9.126325940212151,162,2,50,0.5,0.5,0.5,genetic,genetic,genetic,0.05,20
715,767,1018,0.5203270020105174,0.5650455485613997,0.5219912443649241,7.441958041958042,8.411994784876141,9.235756385068763,163,2,50,0.5,0.5,0.5,genetic,genetic,genetic,0.05,20
734,743,1023,0.5198309149214899,0.5665269006191583,0.5220016800019729,7.5190735694822886,8.271870794078062,9.239491691104595,164,2,50,0.5,0.5,0.5,genetic,genetic,genetic,0.05,20
744,738,1018,0.5192057856146893,0.5667833391391034,0.5217272100667054,7.486559139784946,8.188346883468835,9.353634577603144,165,2,50,0.5,0.5,0.5,genetic,genetic,genetic,0.05,20
766,739,995,0.519491257642263,0.5697248356993809,0.5213720234715805,7.377284595300261,8.13531799729364,9.34572864321608,166,2,50,0.5,0.5,0.5,genetic,genetic,genetic,0.05,20
799,733,968,0.5190256021080387,0.5683603677130908,0.5215478858579033,7.317897371714643,8.165075034106412,9.49586776859504,167,2,50,0.5,0.5,0.5,genetic,genetic,genetic,0.05,20
804,722,974,0.517154645872416,0.5694961536213033,0.5204459817647772,7.3681592039801,8.073407202216066,9.286447638603697,168,2,50,0.5,0.5,0.5,genetic,genetic,genetic,0.05,20
815,697,988,0.517176216590622,0.5707236454369629,0.5213883727699957,7.494478527607362,8.140602582496413,9.288461538461538,169,2,50,0.5,0.5,0.5,genetic,genetic,genetic,0.05,20
821,730,949,0.5162878395737394,0.570843887380463,0.5209431410748756,7.345919610231425,7.867123287671233,9.559536354056902,170,2,50,0.5,0.5,0.5,genetic,genetic,genetic,0.05,20
840,726,934,0.5181154690400627,0.570732392317205,0.521178556393096,7.34047619047619,7.758953168044077,9.427194860813705,171,2,50,0.5,0.5,0.5,genetic,genetic,genetic,0.05,20
846,724,930,0.5190601154574417,0.5715883346740259,0.521769442813238,7.443262411347518,7.661602209944752,9.487096774193548,172,2,50,0.5,0.5,0.5,genetic,genetic,genetic,0.05,20
845,739,916,0.5182960795912818,0.5716221567471111,0.5240110124549009,7.527810650887574,7.603518267929634,9.562227074235809,173,2,50,0.5,0.5,0.5,genetic,genetic,genetic,0.05,20
816,768,916,0.5192959094078002,0.5687167483500617,0.5246456340046314,7.596813725490196,7.427083333333333,9.74235807860262,174,2,50,0.5,0.5,0.5,genetic,genetic,genetic,0.05,20
834,763,903,0.5183234467100986,0.5688567788736846,0.5233425219041111,7.376498800959233,7.302752293577981,9.728682170542635,175,2,50,0.5,0.5,0.5,genetic,genetic,genetic,0.05,20
828,779,893,0.517863824362366,0.5689904502890328,0.5246578971015712,7.3768115942028984,7.150192554557124,9.948488241881298,176,2,50,0.5,0.5,0.5,genetic,genetic,genetic,0.05,20
806,794,900,0.5181569619328449,0.5696632698407835,0.5251422759081061,7.6575682382134,7.173803526448363,9.914444444444445,177,2,50,0.5,0.5,0.5,genetic,genetic,genetic,0.05,20
815,800,885,0.5187797399067235,0.5682499943610132,0.5253273631787855,7.715337423312883,7.24875,9.941242937853108,178,2,50,0.5,0.5,0.5,genetic,genetic,genetic,0.05,20
832,817,851,0.5177731449461919,0.567314582113927,0.526828488718475,7.533653846153846,7.261933904528764,9.91421856639248,179,2,50,0.5,0.5,0.5,genetic,genetic,genetic,0.05,20
831,830,839,0.519234051267168,0.5690264789446833,0.5275036398114528,7.682310469314079,7.493975903614458,10.038140643623361,180,2,50,0.5,0.5,0.5,genetic,genetic,genetic,0.05,20
829,811,860,0.5201212713653527,0.5697129715767524,0.5285780161013557,7.927623642943305,7.727496917385944,9.796511627906977,181,2,50,0.5,0.5,0.5,genetic,genetic,genetic,0.05,20
831,821,848,0.5195289263770881,0.5701329576113958,0.5300800156679937,7.819494584837545,7.730816077953715,9.913915094339623,182,2,50,0.5,0.5,0.5,genetic,genetic,genetic,0.05,20
842,826,832,0.5177458339459041,0.5685936823574655,0.5311151010071253,7.851543942992874,7.99273607748184,10.03485576923077,183,2,50,0.5,0.5,0.5,genetic,genetic,genetic,0.05,20
811,841,848,0.5175604407177008,0.5659545036319719,0.5319610484960005,7.938347718865598,7.942925089179548,9.831367924528301,184,2,50,0.5,0.5,0.5,genetic,genetic,genetic,0.05,20
813,866,821,0.5167763659676298,0.5663959039155412,0.5325890655950539,7.9335793357933575,8.043879907621248,9.651644336175396,185,2,50,0.5,0.5,0.5,genetic,genetic,genetic,0.05,20
815,861,824,0.5145453938250061,0.5653784298653558,0.5328301965697927,8.030674846625766,8.173054587688734,9.367718446601941,186,2,50,0.5,0.5,0.5,genetic,genetic,genetic,0.05,20
809,875,816,0.5130758221118714,0.5655168984311155,0.5341646001256021,8.045735475896167,8.177142857142858,9.122549019607844,187,2,50,0.5,0.5,0.5,genetic,genetic,genetic,0.05,20
796,880,824,0.5109432201055368,0.5663335444327364,0.5351185286282041,8.075376884422111,8.232954545454545,8.87864077669903,188,2,50,0.5,0.5,0.5,genetic,genetic,genetic,0.05,20
819,878,803,0.5096498439148953,0.5649243808326407,0.5363858352681692,8.017094017094017,8.453302961275627,8.755915317559154,189,2,50,0.5,0.5,0.5,genetic,genetic,genetic,0.05,20
812,890,798,0.5107590120392885,0.5675251673092917,0.5365054961015436,7.948275862068965,8.391011235955057,8.644110275689224,190,2,50,0.5,0.5,0.5,genetic,genetic,genetic,0.05,20
813,876,811,0.5114015567426158,0.5662650587280117,0.5387859165846816,7.84009840098401,8.372146118721462,8.350184956843403,191,2,50,0.5,0.5,0.5,genetic,genetic,genetic,0.05,20
815,881,804,0.5120175886888572,0.5671490643038892,0.5389440134225217,7.850306748466258,8.304199772985244,8.283582089552239,192,2,50,0.5,0.5,0.5,genetic,genetic,genetic,0.05,20
815,881,804,0.5125485803703141,0.56657475597455,0.5379730037487794,7.8,8.326901248581159,8.144278606965175,193,2,50,0.5,0.5,0.5,genetic,genetic,genetic,0.05,20
823,886,791,0.5126530605456655,0.5663638637826831,0.5394219249809785,7.765492102065614,8.446952595936795,7.921618204804045,194,2,50,0.5,0.5,0.5,genetic,genetic,genetic,0.05,20
805,883,812,0.5129029230995054,0.5660972767780261,0.5378351969327521,7.9838509316770185,8.510758776896942,7.830049261083744,195,2,50,0.5,0.5,0.5,genetic,genetic,genetic,0.05,20
791,900,809,0.5130010312896784,0.5644321724803724,0.5372859042394343,7.9064475347661185,8.445555555555556,7.945611866501854,196,2,50,0.5,0.5,0.5,genetic,genetic,genetic,0.05,20
770,900,830,0.5131642732107257,0.5653135674268549,0.5364336943813689,7.935064935064935,8.294444444444444,7.920481927710844,197,2,50,0.5,0.5,0.5,genetic,genetic,genetic,0.05,20
776,909,815,0.5128556564105321,0.5668115118038864,0.5380155489435178,7.796391752577319,8.44004400440044,8.046625766871166,198,2,50,0.5,0.5,0.5,genetic,genetic,genetic,0.05,20
744,914,842,0.5124746707428502,0.5684440706580381,0.5371201909389876,7.896505376344086,8.37089715536105,8.07125890736342,199,2,50,0.5,0.5,0.5,genetic,genetic,genetic,0.05,20
725,910,865,0.5123840628238439,0.5684991334228937,0.5371477048931595,8.027586206896551,8.206593406593406,8.063583815028903,200,2,50,0.5,0.5,0.5,genetic,genetic,genetic,0.05,20
709,910,881,0.5099765238526424,0.5681036570056116,0.535818813838165,7.6473906911142455,8.178021978021977,8.093076049943246,201,2,50,0.5,0.5,0.5,genetic,genetic,genetic,0.05,20
692,912,896,0.5096451651207998,0.5700352845798897,0.5347363162836339,7.520231213872832,8.00328947368421,7.955357142857143,202,2,50,0.5,0.5,0.5,genetic,genetic,genetic,0.05,20
720,888,892,0.5126262599047057,0.5707285536902881,0.5337970155324077,7.395833333333333,8.182432432432432,7.930493273542601,203,2,50,0.5,0.5,0.5,genetic,genetic,genetic,0.05,20
756,866,878,0.5149162566398668,0.5710269976370033,0.5315539694668804,7.281746031746032,8.265588914549653,7.774487471526196,204,2,50,0.5,0.5,0.5,genetic,genetic,genetic,0.05,20
792,844,864,0.5161423606759384,0.5715321585792832,0.5313139370640295,7.054292929292929,8.22867298578199,7.6655092592592595,205,2,50,0.5,0.5,0.5,genetic,genetic,genetic,0.05,20
782,843,875,0.5168142505680493,0.5739177537257991,0.5348703651593308,7.1841432225063935,8.069988137603795,7.635428571428571,206,2,50,0.5,0.5,0.5,genetic,genetic,genetic,0.05,20
785,823,892,0.5182125697602187,0.575736094558714,0.5348209499144544,7.393630573248408,7.872417982989065,7.563901345291479,207,2,50,0.5,0.5,0.5,genetic,genetic,genetic,0.05,20
781,821,898,0.5173333327795215,0.5763535362979221,0.5336805016666971,7.489116517285531,7.8721071863581,7.624721603563474,208,2,50,0.5,0.5,0.5,genetic,genetic,genetic,0.05,20
788,803,909,0.5203655647149837,0.5747981608927731,0.533804289438882,7.4847715736040605,7.911581569115816,7.55995599559956,209,2,50,0.5,0.5,0.5,genetic,genetic,genetic,0.05,20
778,817,905,0.5211891508330208,0.5761811325861327,0.5338789622311474,7.39974293059126,7.903304773561811,7.664088397790056,210,2,50,0.5,0.5,0.5,genetic,genetic,genetic,0.05,20
792,778,930,0.520168182263952,0.5769510235986179,0.5346444965437273,7.277777777777778,7.9241645244215935,7.4,211,2,50,0.5,0.5,0.5,genetic,genetic,genetic,0.05,20
784,768,948,0.5195368026676328,0.5768748802656263,0.5334413082418146,7.178571428571429,7.678385416666667,7.432489451476793,212,2,50,0.5,0.5,0.5,genetic,genetic,genetic,0.05,20
773,754,973,0.5186107374684875,0.5757501805363927,0.532720907578698,7.305304010349288,7.771883289124668,7.618705035971223,213,2,50,0.5,0.5,0.5,genetic,genetic,genetic,0.05,20
780,733,987,0.5173629718681757,0.5776083116976339,0.5316993411942038,7.176923076923077,7.828103683492497,7.700101317122594,214,2,50,0.5,0.5,0.5,genetic,genetic,genetic,0.05,20
796,721,983,0.5164199181938388,0.5777059376997329,0.5326845725126965,7.14321608040201,7.88626907073509,7.972533062054934,215,2,50,0.5,0.5,0.5,genetic,genetic,genetic,0.05,20
837,689,974,0.51680612199827,0.578548410739202,0.5326983315590069,7.074074074074074,7.761973875181423,7.938398357289528,216,2,50,0.5,0.5,0.5,genetic,genetic,genetic,0.05,20
869,671,960,0.5187610890947268,0.5778071593055054,0.5306398285707462,7.037974683544304,7.646795827123696,8.009375,217,2,50,0.5,0.5,0.5,genetic,genetic,genetic,0.05,20
906,651,943,0.5212643024817573,0.5787529398286233,0.5307193789034583,6.99448123620309,7.370199692780338,8.063626723223754,218,2,50,0.5,0.5,0.5,genetic,genetic,genetic,0.05,20
919,662,919,0.5223342531722477,0.5773188006420114,0.5300923002704151,7.03373231773667,7.309667673716012,8.324265505984766,219,2,50,0.5,0.5,0.5,genetic,genetic,genetic,0.05,20
920,695,885,0.520709013828064,0.5769664966575417,0.5281967909605004,7.136956521739131,7.18273381294964,8.638418079096045,220,2,50,0.5,0.5,0.5,genetic,genetic,genetic,0.05,20
922,714,864,0.521081874088462,0.5773252889696953,0.526661552878464,7.327548806941432,7.030812324929972,8.577546296296296,221,2,50,0.5,0.5,0.5,genetic,genetic,genetic,0.05,20
927,741,832,0.5209077478711643,0.5770786464557426,0.5269041005603603,7.320388349514563,6.863697705802969,8.426682692307692,222,2,50,0.5,0.5,0.5,genetic,genetic,genetic,0.05,20
922,751,827,0.5223042369531975,0.5751676771675449,0.5257520432693892,7.420824295010846,6.921438082556591,8.481257557436518,223,2,50,0.5,0.5,0.5,genetic,genetic,genetic,0.05,20
919,775,806,0.5210460205117299,0.573350485248379,0.5238038987906461,7.313384113166485,6.739354838709677,8.437965260545905,224,2,50,0.5,0.5,0.5,genetic,genetic,genetic,0.05,20
921,792,787,0.5210783960190619,0.5711932280934747,0.5232102244202879,7.4440825190010855,6.707070707070707,8.45108005082592,225,2,50,0.5,0.5,0.5,genetic,genetic,genetic,0.05,20
885,805,810,0.5209448430723317,0.5709016041481215,0.5255703046124124,7.758192090395481,6.777639751552795,8.380246913580248,226,2,50,0.5,0.5,0.5,genetic,genetic,genetic,0.05,20
872,820,808,0.5213529324574858,0.5695926625723866,0.5261782595209201,7.856651376146789,6.831707317073171,8.445544554455445,227,2,50,0.5,0.5,0.5,genetic,genetic,genetic,0.05,20
838,847,815,0.520708875466073,0.5712444664150926,0.5279997399385054,7.979713603818616,6.753246753246753,8.521472392638037,228,2,50,0.5,0.5,0.5,genetic,genetic,genetic,0.05,20
821,852,827,0.5226224897445333,0.569304139660233,0.5281250523808313,7.936662606577345,6.894366197183099,8.275695284159614,229,2,50,0.5,0.5,0.5,genetic,genetic,genetic,0.05,20
843,842,815,0.522177588661896,0.5692034560222878,0.5314993401008915,7.711743772241993,7.1258907363420425,8.158282208588957,230,2,50,0.5,0.5,0.5,genetic,genetic,genetic,0.05,20
862,824,814,0.5222524590599275,0.569830422443115,0.5300523928597907,7.807424593967517,7.415048543689321,8.168304668304668,231,2,50,0.5,0.5,0.5,genetic,genetic,genetic,0.05,20
845,833,822,0.5230050887354908,0.5705432648696305,0.5315237307162103,7.853254437869823,7.421368547418967,8.08029197080292,232,2,50,0.5,0.5,0.5,genetic,genetic,genetic,0.05,20
850,847,803,0.523531969400223,0.5682482840754561,0.5310722748349489,7.909411764705882,7.603305785123967,8.10211706102117,233,2,50,0.5,0.5,0.5,genetic,genetic,genetic,0.05,20
814,885,801,0.5250564793706872,0.5655546186709877,0.5314405371437189,7.7063882063882065,7.553672316384181,8.166042446941324,234,2,50,0.5,0.5,0.5,genetic,genetic,genetic,0.05,20
786,898,816,0.524837768608786,0.5668580897137223,0.5327139166865381,7.902035623409669,7.579064587973274,8.230392156862745,235,2,50,0.5,0.5,0.5,genetic,genetic,genetic,0.05,20
752,899,849,0.5253839735274765,0.5674117266574942,0.533384973266987,8.079787234042554,7.4449388209121246,8.003533568904594,236,2,50,0.5,0.5,0.5,genetic,genetic,genetic,0.05,20
734,900,866,0.526881007668826,0.5675351776758288,0.5326175033925906,8.287465940054496,7.471111111111111,7.878752886836028,237,2,50,0.5,0.5,0.5,genetic,genetic,genetic,0.05,20
691,903,906,0.5299830789130884,0.5681213318162179,0.5341599801515328,8.234442836468885,7.314507198228129,7.782560706401766,238,2,50,0.5,0.5,0.5,genetic,genetic,genetic,0.05,20
663,912,925,0.5294059820258056,0.5680839485213476,0.5359828320037656,8.134238310708898,7.3464912280701755,7.993513513513514,239,2,50,0.5,0.5,0.5,genetic,genetic,genetic,0.05,20
669,879,952,0.5279806851049759,0.567892999025151,0.5384758800951617,8.055306427503737,7.527872582480091,7.93172268907563,240,2,50,0.5,0.5,0.5,genetic,genetic,genetic,0.05,20
659,883,958,0.5264958556366043,0.5678140831287362,0.5376538209371937,7.805766312594841,7.583238958097395,8.04070981210856,241,2,50,0.5,0.5,0.5,genetic,genetic,genetic,0.05,20
652,886,962,0.52856054411446,0.5683787292437745,0.5361910220440315,7.826687116564417,7.582392776523702,8.262993762993762,242,2,50,0.5,0.5,0.5,genetic,genetic,genetic,0.05,20
609,909,982,0.5274944201441605,0.5686342807526337,0.5345151872738253,7.61247947454844,7.507150715071507,8.365580448065174,243,2,50,0.5,0.5,0.5,genetic,genetic,genetic,0.05,20
592,905,1003,0.527999593174738,0.570524120995534,0.5329904584441998,7.363175675675675,7.6011049723756905,8.412761714855433,244,2,50,0.5,0.5,0.5,genetic,genetic,genetic,0.05,20
598,876,1026,0.5280438084228679,0.5700658487249539,0.5327061016705087,7.15886287625418,7.771689497716895,8.515594541910332,245,2,50,0.5,0.5,0.5,genetic,genetic,genetic,0.05,20
629,849,1022,0.5261316087998718,0.5708147002381972,0.5313119283403439,6.977742448330684,8.073027090694936,8.58023483365949,246,2,50,0.5,0.5,0.5,genetic,genetic,genetic,0.05,20
643,826,1031,0.5279166832804265,0.5703575318084804,0.5297572838486854,6.8600311041990665,8.036319612590798,8.713870029097963,247,2,50,0.5,0.5,0.5,genetic,genetic,genetic,0.05,20
654,816,1030,0.5272402434081771,0.5699960688198343,0.5287406669483382,6.675840978593272,8.137254901960784,8.705825242718447,248,2,50,0.5,0.5,0.5,genetic,genetic,genetic,0.05,20
670,805,1025,0.5283538832805881,0.5708355585106076,0.5274996316410974,6.53134328358209,8.319254658385093,9.078048780487805,249,2,50,0.5,0.5,0.5,genetic,genetic,genetic,0.05,20
699,761,1040,0.5279476884113502,0.5698421355518957,0.5263335917975298,6.560801144492132,8.417871222076215,9.027884615384615,250,2,50,0.5,0.5,0.5,genetic,genetic,genetic,0.05,20
727,734,1039,0.5280248862371986,0.5687011428877088,0.52676677993682,6.730398899587345,8.561307901907357,9.161693936477382,251,2,50,0.5,0.5,0.5,genetic,genetic,genetic,0.05,20
773,705,1022,0.525132087812183,0.5705399548948821,0.5262074518184162,6.860284605433376,8.707801418439717,9.209393346379647,252,2,50,0.5,0.5,0.5,genetic,genetic,genetic,0.05,20
797,679,1024,0.5249879871156415,0.5717443933831534,0.5252981414598628,7.005018820577164,8.832106038291606,9.1796875,253,2,50,0.5,0.5,0.5,genetic,genetic,genetic,0.05,20
833,668,999,0.5257341064978313,0.571764561489259,0.5227871586464913,6.968787515006002,8.8562874251497,9.256256256256256,254,2,50,0.5,0.5,0.5,genetic,genetic,genetic,0.05,20
858,670,972,0.5262521488499322,0.5720306455645919,0.5219420757847925,7.005827505827506,8.661194029850746,9.27366255144033,255,2,50,0.5,0.5,0.5,genetic,genetic,genetic,0.05,20
884,666,950,0.5261514228295018,0.5747908370264607,0.521371750260136,7.036199095022624,8.527027027027026,9.16421052631579,256,2,50,0.5,0.5,0.5,genetic,genetic,genetic,0.05,20
926,651,923,0.5286692447786242,0.5744648565438979,0.5205940725922218,7.165226781857451,8.414746543778802,9.111592632719393,257,2,50,0.5,0.5,0.5,genetic,genetic,genetic,0.05,20
975,667,858,0.5267218885688635,0.5752738794789188,0.5210200541568653,7.266666666666667,8.368815592203898,9.278554778554778,258,2,50,0.5,0.5,0.5,genetic,genetic,genetic,0.05,20
1004,667,829,0.5274296914833638,0.5764653744833412,0.5199134449095079,7.356573705179283,8.38680659670165,9.322074788902292,259,2,50,0.5,0.5,0.5,genetic,genetic,genetic,0.05,20
1023,673,804,0.5272944140193428,0.5785480353706575,0.5191448101091934,7.458455522971652,7.988112927191679,9.15547263681592,260,2,50,0.5,0.5,0.5,genetic,genetic,genetic,0.05,20
1028,680,792,0.5276058068445625,0.5807823274453962,0.5196446013623485,7.64591439688716,7.716176470588235,8.962121212121213,261,2,50,0.5,0.5,0.5,genetic,genetic,genetic,0.05,20
1028,701,771,0.5283480695953527,0.5819744947028609,0.5194259992956644,7.867704280155642,7.372325249643366,8.915693904020753,262,2,50,0.5,0.5,0.5,genetic,genetic,genetic,0.05,20
1022,711,767,0.528297529539842,0.582354526853838,0.5188283989794148,8.090019569471623,7.376933895921238,8.994784876140809,263,2,50,0.5,0.5,0.5,genetic,genetic,genetic,0.05,20
1022,726,752,0.5282537520244504,0.582335353582277,0.5197966487073106,8.407045009784737,7.285123966942149,9.099734042553191,264,2,50,0.5,0.5,0.5,genetic,genetic,genetic,0.05,20
1000,767,733,0.5262225108523501,0.5834898813113837,0.5215038461358412,8.762,7.198174706649283,9.357435197817189,265,2,50,0.5,0.5,0.5,genetic,genetic,genetic,0.05,20
988,785,727,0.5261465673257821,0.5822270694813515,0.5221750404496305,8.991902834008098,7.163057324840764,9.235213204951856,266,2,50,0.5,0.5,0.5,genetic,genetic,genetic,0.05,20
983,790,727,0.526195334036554,0.5825206321242994,0.523280577376172,9.14852492370295,7.281012658227848,9.017881705639615,267,2,50,0.5,0.5,0.5,genetic,genetic,genetic,0.05,20
957,827,716,0.5268748321583835,0.5829967523855498,0.524234903259508,9.207941483803554,7.197097944377267,8.927374301675977,268,2,50,0.5,0.5,0.5,genetic,genetic,genetic,0.05,20
958,847,695,0.5268909804852965,0.5814675127646627,0.5248931633095059,9.192066805845512,7.30814639905549,8.781294964028778,269,2,50,0.5,0.5,0.5,genetic,genetic,genetic,0.05,20
960,880,660,0.5287955686710364,0.5811525331915876,0.5257341402112242,9.267708333333333,7.471590909090909,8.654545454545454,270,2,50,0.5,0.5,0.5,genetic,genetic,genetic,0.05,20
920,917,663,0.5273071200103991,0.5811445055211489,0.5287282615848673,9.183695652173913,7.431842966194111,8.345399698340875,271,2,50,0.5,0.5,0.5,genetic,genetic,genetic,0.05,20
893,926,681,0.5286595062369828,0.5798112839670204,0.5299831576459515,9.362821948488241,7.5485961123110155,8.029368575624082,272,2,50,0.5,0.5,0.5,genetic,genetic,genetic,0.05,20
879,949,672,0.5290884867453712,0.5798530148564557,0.5290026255189126,9.2127417519909,7.754478398314014,7.988095238095238,273,2,50,0.5,0.5,0.5,genetic,genetic,genetic,0.05,20
832,988,680,0.5299006642024442,0.5799775365943644,0.5300594112787187,9.213942307692308,7.84412955465587,7.9867647058823525,274,2,50,0.5,0.5,0.5,genetic,genetic,genetic,0.05,20
770,1005,725,0.5317705404776499,0.5782080945878818,0.530010801602146,9.357142857142858,7.768159203980099,7.6082758620689654,275,2,50,0.5,0.5,0.5,genetic,genetic,genetic,0.05,20
739,1027,734,0.5333933435477969,0.5803646437876884,0.5300795604195492,9.03788903924222,7.856864654333009,7.367847411444142,276,2,50,0.5,0.5,0.5,genetic,genetic,genetic,0.05,20
711,1001,788,0.5340280937600594,0.5809356542815731,0.5304657861141491,8.841068917018283,7.938061938061938,6.988578680203045,277,2,50,0.5,0.5,0.5,genetic,genetic,genetic,0.05,20
702,993,805,0.5342526951218911,0.5811635373010681,0.5315365954668322,8.554131054131053,8.128902316213495,6.895652173913043,278,2,50,0.5,0.5,0.5,genetic,genetic,genetic,0.05,20
667,999,834,0.5348553661368238,0.5827408116744276,0.5314555920087707,8.403298350824588,8.133133133133134,6.913669064748201,279,2,50,0.5,0.5,0.5,genetic,genetic,genetic,0.05,20
654,970,876,0.5357552603825223,0.5853381818045666,0.5325261908965223,8.344036697247706,8.321649484536083,6.867579908675799,280,2,50,0.5,0.5,0.5,genetic,genetic,genetic,0.05,20
615,963,922,0.5334784635645599,0.5857872151894893,0.5333768823154104,8.28780487804878,8.284527518172379,6.908893709327549,281,2,50,0.5,0.5,0.5,genetic,genetic,genetic,0.05,20
613,948,939,0.5330318608173453,0.5869985058977867,0.5321327673531226,8.164763458401305,8.530590717299578,7.104366347177849,282,2,50,0.5,0.5,0.5,genetic,genetic,genetic,0.05,20
589,939,972,0.53338822833258,0.5856297690395217,0.5341863232764315,7.777589134125637,8.536741214057509,7.211934156378601,283,2,50,0.5,0.5,0.5,genetic,genetic,genetic,0.05,20
576,913,1011,0.5336417982519767,0.5856039213111521,0.5351402866190713,7.519097222222222,8.690032858707557,7.299703264094956,284,2,50,0.5,0.5,0.5,genetic,genetic,genetic,0.05,20
613,870,1017,0.5330624517036218,0.5862482909445889,0.5346103537589516,7.309951060358891,9.00344827586207,7.566371681415929,285,2,50,0.5,0.5,0.5,genetic,genetic,genetic,0.05,20
632,848,1020,0.534087162758335,0.5865708889500113,0.535032308132885,6.974683544303797,9.150943396226415,7.763725490196078,286,2,50,0.5,0.5,0.5,genetic,genetic,genetic,0.05,20
649,826,1025,0.5352562203842303,0.5861134710263224,0.5361467255870074,6.946070878274268,9.341404358353511,8.018536585365853,287,2,50,0.5,0.5,0.5,genetic,genetic,genetic,0.05,20
660,795,1045,0.5343019136402015,0.586897369240515,0.536658520240042,7.092424242424243,9.467924528301888,8.16555023923445,288,2,50,0.5,0.5,0.5,genetic,genetic,genetic,0.05,20
681,762,1057,0.5351975606034279,0.5854495359971951,0.5366594674398407,7.192364170337739,9.494750656167978,8.311258278145695,289,2,50,0.5,0.5,0.5,genetic,genetic,genetic,0.05,20
684,730,1086,0.5346022405620924,0.5851602267346041,0.5366783232768522,7.304093567251462,9.398630136986302,8.38950276243094,290,2,50,0.5,0.5,0.5,genetic,genetic,genetic,0.05,20
716,694,1090,0.5365182249735845,0.586264967138982,0.5368936379029333,7.342178770949721,9.419308357348703,8.559633027522937,291,2,50,0.5,0.5,0.5,genetic,genetic,genetic,0.05,20
726,675,1099,0.535169859897381,0.586429667101204,0.5380896140362234,7.199724517906336,9.152592592592592,8.709736123748863,292,2,50,0.5,0.5,0.5,genetic,genetic,genetic,0.05,20
711,674,1115,0.5358826697227743,0.5893768893266533,0.5375535356642909,7.205344585091421,8.508902077151335,8.844843049327354,293,2,50,0.5,0.5,0.5,genetic,genetic,genetic,0.05,20
724,652,1124,0.5359128581852802,0.5885135491522462,0.5394673864849748,7.069060773480663,8.00920245398773,9.031138790035588,294,2,50,0.5,0.5,0.5,genetic,genetic,genetic,0.05,20
736,633,1131,0.5365893450843361,0.58936176384937,0.5400070510881785,7.092391304347826,7.932069510268563,9.138815207780725,295,2,50,0.5,0.5,0.5,genetic,genetic,genetic,0.05,20
774,626,1100,0.5364882475919529,0.5934558592420507,0.5395519189120273,6.96640826873385,7.936102236421725,9.32090909090909,296,2,50,0.5,0.5,0.5,genetic,genetic,genetic,0.05,20
815,593,1092,0.5386468114114445,0.593237900330689,0.5416113145507386,6.916564417177914,7.797639123102867,9.25915750915751,297,2,50,0.5,0.5,0.5,genetic,genetic,genetic,0.05,20
823,587,1090,0.5381241904606756,0.5944338080678901,0.5422437589438581,7.164034021871203,7.509369676320272,9.485321100917432,298,2,50,0.5,0.5,0.5,genetic,genetic,genetic,0.05,20
841,599,1060,0.5391480975330247,0.5935054055243206,0.5415194932382146,7.224732461355529,7.332220367278798,9.702830188679245,299,2,50,0.5,0.5,0.5,genetic,genetic,genetic,0.05,20
858,594,1048,0.5400057463230783,0.5944232270003245,0.5406700659742273,7.333333333333333,7.14983164983165,9.799618320610687,300,2,50,0.5,0.5,0.5,genetic,genetic,genetic,0.05,20
878,602,1020,0.5399208957244878,0.5943277058020893,0.5417639625542333,7.348519362186789,7.001661129568106,9.991176470588234,301,2,50,0.5,0.5,0.5,genetic,genetic,genetic,0.05,20
911,610,979,0.5405083000777486,0.5959633361876334,0.5432981427710647,7.38748627881449,6.9295081967213115,10.048008171603676,302,2,50,0.5,0.5,0.5,genetic,genetic,genetic,0.05,20
938,605,957,0.5394191863125667,0.5942194865994405,0.5449992202641991,7.395522388059701,6.758677685950413,10.229885057471265,303,2,50,0.5,0.5,0.5,genetic,genetic,genetic,0.05,20
941,625,934,0.5393420087904912,0.5948730161549339,0.5462932317820947,7.537725823591924,6.6032,10.320128479657388,304,2,50,0.5,0.5,0.5,genetic,genetic,genetic,0.05,20
917,660,923,0.542244755578334,0.5968551545287445,0.5481150482166921,7.5550708833151585,6.36969696969697,10.254604550379199,305,2,50,0.5,0.5,0.5,genetic,genetic,genetic,0.05,20
891,699,910,0.5443025751001248,0.5962690310524217,0.5479449860794546,7.530864197530864,6.201716738197425,10.416483516483517,306,2,50,0.5,0.5,0.5,genetic,genetic,genetic,0.05,20
903,706,891,0.5446940384286054,0.5953484747678486,0.5469202712103967,7.588039867109635,6.355524079320113,10.332210998877665,307,2,50,0.5,0.5,0.5,genetic,genetic,genetic,0.05,20
908,736,856,0.546795770587378,0.5970935296626526,0.5470656779447296,7.505506607929515,6.175271739130435,10.102803738317757,308,2,50,0.5,0.5,0.5,genetic,genetic,genetic,0.05,20
924,726,850,0.547101268291892,0.5972940659710413,0.5485783013330116,7.603896103896104,6.2837465564738295,9.855294117647059,309,2,50,0.5,0.5,0.5,genetic,genetic,genetic,0.05,20
942,742,816,0.5476309609153945,0.5976429453599887,0.5494110200832107,7.546709129511678,6.394878706199461,9.566176470588236,310,2,50,0.5,0.5,0.5,genetic,genetic,genetic,0.05,20
959,761,780,0.5482972959014549,0.5976557916228523,0.5497289765896318,7.5036496350364965,6.411300919842312,9.221794871794872,311,2,50,0.5,0.5,0.5,genetic,genetic,genetic,0.05,20
970,764,766,0.5485436168345924,0.600622049902805,0.5469049374813858,7.506185567010309,6.517015706806283,8.819843342036554,312,2,50,0.5,0.5,0.5,genetic,genetic,genetic,0.05,20
979,794,727,0.550475124611437,0.6000771812814576,0.544956927956101,7.566905005107253,6.671284634760705,8.75653370013755,313,2,50,0.5,0.5,0.5,genetic,genetic,genetic,0.05,20
980,823,697,0.5505892010278922,0.5996192992930259,0.54750238928288,7.486734693877551,6.70595382746051,8.559540889526541,314,2,50,0.5,0.5,0.5,genetic,genetic,genetic,0.05,20
981,848,671,0.5497675176201616,0.5984466608851775,0.545310648591488,7.661569826707441,6.83372641509434,8.874813710879284,315,2,50,0.5,0.5,0.5,genetic,genetic,genetic,0.05,20
951,880,669,0.5495703792877901,0.5984259938738534,0.5463109384224893,7.864353312302839,6.798863636363636,8.626307922272048,316,2,50,0.5,0.5,0.5,genetic,genetic,genetic,0.05,20
938,913,649,0.5487551385903001,0.5974825111874833,0.5453360528262149,7.9136460554371,6.842278203723986,8.691833590138675,317,2,50,0.5,0.5,0.5,genetic,genetic,genetic,0.05,20
903,948,649,0.5501459910551053,0.5965649210128622,0.5463041834899138,8.121816168327797,6.882911392405063,8.52080123266564,318,2,50,0.5,0.5,0.5,genetic,genetic,genetic,0.05,20
866,980,654,0.5500864332656177,0.5964031131634644,0.5466105751074158,8.20554272517321,7.0561224489795915,8.458715596330276,319,2,50,0.5,0.5,0.5,genetic,genetic,genetic,0.05,20
850,1005,645,0.5509187916377722,0.5965906584757862,0.5468393218428798,8.17529411764706,7.3104477611940295,8.156589147286821,320,2,50,0.5,0.5,0.5,genetic,genetic,genetic,0.05,20
821,1021,658,0.550996146685476,0.5971317232551637,0.5481878819333971,8.266747868453105,7.4084231145935355,7.788753799392097,321,2,50,0.5,0.5,0.5,genetic,genetic,genetic,0.05,20
791,1014,695,0.5510927869560485,0.5970332871477184,0.5487554049089325,8.422250316055626,7.634122287968442,7.443165467625899,322,2,50,0.5,0.5,0.5,genetic,genetic,genetic,0.05,20
784,1023,693,0.5529345183120427,0.5972113927566599,0.5493578878925915,8.44515306122449,7.912023460410557,7.477633477633478,323,2,50,0.5,0.5,0.5,genetic,genetic,genetic,0.05,20
757,1007,736,0.5532567477802903,0.5968153737784911,0.552405533974213,8.645970937912814,8.055610724925522,7.286684782608695,324,2,50,0.5,0.5,0.5,genetic,genetic,genetic,0.05,20
736,994,770,0.5525618807190197,0.5980402205991261,0.5525340911397673,8.652173913043478,8.150905432595573,7.175324675324675,325,2,50,0.5,0.5,0.5,genetic,genetic,genetic,0.05,20
735,974,791,0.5536533449915119,0.6001866807078357,0.5524342516128589,8.503401360544217,8.333675564681725,6.916561314791403,326,2,50,0.5,0.5,0.5,genetic,genetic,genetic,0.05,20
721,965,814,0.553627741606292,0.600759942018958,0.5522037593276675,8.515950069348127,8.37098445595855,6.981572481572481,327,2,50,0.5,0.5,0.5,genetic,genetic,genetic,0.05,20
693,977,830,0.5535802919632682,0.6008696622053142,0.5519867713886314,8.43001443001443,8.384851586489253,7.069879518072289,328,2,50,0.5,0.5,0.5,genetic,genetic,genetic,0.05,20
671,959,870,0.5535202428039933,0.6017354664819693,0.5531999552205711,8.59612518628912,8.382690302398332,7.066666666666666,329,2,50,0.5,0.5,0.5,genetic,genetic,genetic,0.05,20
655,935,910,0.55261683363617,0.6026092972673316,0.5521288944148468,8.664122137404581,8.479144385026737,7.145054945054945,330,2,50,0.5,0.5,0.5,genetic,genetic,genetic,0.05,20
641,925,934,0.5535585033793871,0.6027453885522931,0.553575980623229,8.609984399375975,8.452972972972972,7.392933618843683,331,2,50,0.5,0.5,0.5,genetic,genetic,genetic,0.05,20
636,889,975,0.5537857006325476,0.6025812723357278,0.5534358950391587,8.358490566037736,8.496062992125983,7.419487179487179,332,2,50,0.5,0.5,0.5,genetic,genetic,genetic,0.05,20
628,872,1000,0.5520614697134397,0.6037937028833543,0.5542423869084739,8.4171974522293,8.59862385321101,7.568,333,2,50,0.5,0.5,0.5,genetic,genetic,genetic,0.05,20
622,847,1031,0.5519025899138564,0.6035755087129895,0.5558351679391215,8.221864951768488,8.766233766233766,7.6721629485935985,334,2,50,0.5,0.5,0.5,genetic,genetic,genetic,0.05,20
633,813,1054,0.5508037613925424,0.6053448972950399,0.556646376427655,8.01263823064771,9.097170971709717,7.855787476280835,335,2,50,0.5,0.5,0.5,genetic,genetic,genetic,0.05,20
654,791,1055,0.5520559104810954,0.6070535802529852,0.5589985526582578,7.775229357798165,9.22503160556258,8.107109004739337,336,2,50,0.5,0.5,0.5,genetic,genetic,genetic,0.05,20
649,777,1074,0.5500623212318755,0.6062618971025053,0.5586525440745432,7.665639445300462,9.052767052767052,8.250465549348231,337,2,50,0.5,0.5,0.5,genetic,genetic,genetic,0.05,20
666,745,1089,0.5536125582483341,0.6067751425664879,0.5585199831462638,7.286786786786787,8.738255033557047,8.325068870523417,338,2,50,0.5,0.5,0.5,genetic,genetic,genetic,0.05,20
678,722,1100,0.5546336271949733,0.6071190755033259,0.5581558156640065,7.144542772861357,8.621883656509695,8.408181818181818,339,2,50,0.5,0.5,0.5,genetic,genetic,genetic,0.05,20
699,702,1099,0.5544310757495374,0.6089923545492254,0.5588857107505163,6.989985693848355,8.125356125356126,8.420382165605096,340,2,50,0.5,0.5,0.5,genetic,genetic,genetic,0.05,20
705,682,1113,0.5569206278978743,0.6087899846445991,0.5586215178287345,6.801418439716312,7.631964809384164,8.49056603773585,341,2,50,0.5,0.5,0.5,genetic,genetic,genetic,0.05,20
739,675,1086,0.5542636897250539,0.6087738922473145,0.559204123588978,6.453315290933694,7.245925925925926,8.584714548802946,342,2,50,0.5,0.5,0.5,genetic,genetic,genetic,0.05,20
765,669,1066,0.5553878169752047,0.6119496214767457,0.5607815577828591,6.3124183006535945,6.901345291479821,8.630393996247655,343,2,50,0.5,0.5,0.5,genetic,genetic,genetic,0.05,20
783,649,1068,0.5566578541145762,0.6121985902154219,0.5604307682569748,6.277139208173691,6.929121725731895,8.659176029962547,344,2,50,0.5,0.5,0.5,genetic,genetic,genetic,0.05,20
796,648,1056,0.559079021712173,0.6148496918365655,0.5625650018716692,6.4045226130653266,6.776234567901234,8.733901515151516,345,2,50,0.5,0.5,0.5,genetic,genetic,genetic,0.05,20
837,638,1025,0.5605953199829274,0.6162768915482043,0.5640149152663994,6.236559139784946,6.622257053291536,8.729756097560976,346,2,50,0.5,0.5,0.5,genetic,genetic,genetic,0.05,20
853,650,997,0.5611199561688094,0.6189063934916432,0.5643036840091337,6.382180539273153,6.653846153846154,8.873620862587764,347,2,50,0.5,0.5,0.5,genetic,genetic,genetic,0.05,20
864,637,999,0.5619564283847338,0.6176789215810704,0.5657372492002635,6.561342592592593,6.627943485086342,9.015015015015015,348,2,50,0.5,0.5,0.5,genetic,genetic,genetic,0.05,20
877,623,1000,0.5611424819620237,0.6186747227902757,0.5674511588820438,6.847206385404789,6.882825040128411,9.099,349,2,50,0.5,0.5,0.5,genetic,genetic,genetic,0.05,20
895,628,977,0.5623158322471353,0.6193563717773337,0.5684158488417319,6.789944134078213,6.770700636942675,9.147389969293757,350,2,50,0.5,0.5,0.5,genetic,genetic,genetic,0.05,20
911,626,963,0.5627758367643331,0.6170150441171326,0.5703291730961645,6.9176728869374315,6.9297124600638975,9.303219106957425,351,2,50,0.5,0.5,0.5,genetic,genetic,genetic,0.05,20
915,632,953,0.5644516000476427,0.6167115119025545,0.5712632900695985,7.06775956284153,6.662974683544304,9.299055613850998,352,2,50,0.5,0.5,0.5,genetic,genetic,genetic,0.05,20
937,629,934,0.5631705656567131,0.6172334342225129,0.571700115952915,7.228388473852721,6.589825119236884,9.262312633832977,353,2,50,0.5,0.5,0.5,genetic,genetic,genetic,0.05,20
937,671,892,0.5621696368889184,0.6174812694598183,0.5725974045787422,7.224119530416222,6.26080476900149,9.408071748878923,354,2,50,0.5,0.5,0.5,genetic,genetic,genetic,0.05,20
968,702,830,0.56174654857783,0.6175150203004944,0.5726187340582735,7.1652892561983474,6.2578347578347575,9.513253012048192,355,2,50,0.5,0.5,0.5,genetic,genetic,genetic,0.05,20
975,723,802,0.5611737835435582,0.6172798137094466,0.5734941680148175,7.3538461538461535,6.38865836791148,9.579800498753118,356,2,50,0.5,0.5,0.5,genetic,genetic,genetic,0.05,20
968,755,777,0.5608234840660453,0.6168265164158668,0.5736484947862605,7.409090909090909,6.333774834437086,9.405405405405405,357,2,50,0.5,0.5,0.5,genetic,genetic,genetic,0.05,20
958,797,745,0.5596433772015137,0.6157568621276484,0.5729924014479134,7.3997912317327765,6.32245922208281,9.131543624161074,358,2,50,0.5,0.5,0.5,genetic,genetic,genetic,0.05,20
930,830,740,0.5596467021889804,0.6138609688256768,0.5726885353874244,7.649462365591398,6.369879518072289,9.02972972972973,359,2,50,0.5,0.5,0.5,genetic,genetic,genetic,0.05,20
910,856,734,0.5595580109186529,0.6145121280826359,0.5720782300373308,7.746153846153846,6.434579439252336,8.637602179836513,360,2,50,0.5,0.5,0.5,genetic,genetic,genetic,0.05,20
910,880,710,0.5602082445336505,0.6156605857943881,0.57308621446986,7.841758241758241,6.6238636363636365,8.373239436619718,361,2,50,0.5,0.5,0.5,genetic,genetic,genetic,0.05,20
894,895,711,0.5599573481580822,0.6157965186593322,0.5736989319009114,7.916107382550336,6.781005586592179,7.926863572433192,362,2,50,0.5,0.5,0.5,genetic,genetic,genetic,0.05,20
874,911,715,0.5589204460243197,0.6164690703948016,0.5731696930357653,8.065217391304348,6.935236004390779,8.01958041958042,363,2,50,0.5,0.5,0.5,genetic,genetic,genetic,0.05,20
839,942,719,0.5601161613293192,0.6146826072475842,0.5754496635357794,7.952324195470799,7.029723991507431,7.887343532684284,364,2,50,0.5,0.5,0.5,genetic,genetic,genetic,0.05,20
819,939,742,0.5604659212282196,0.6139480577683621,0.574414491318326,8.137973137973137,7.01384451544196,7.749326145552561,365,2,50,0.5,0.5,0.5,genetic,genetic,genetic,0.05,20
788,958,754,0.5617235504978649,0.6127708531745878,0.5735790198967083,8.060913705583756,7.029227557411273,7.56498673740053,366,2,50,0.5,0.5,0.5,genetic,genetic,genetic,0.05,20
749,949,802,0.5623490352832722,0.6141974062029742,0.5739119594459081,8.05607476635514,7.1854583772392,7.28927680798005,367,2,50,0.5,0.5,0.5,genetic,genetic,genetic,0.05,20
726,925,849,0.5633863414551189,0.6139111112075355,0.5740855634749565,7.946280991735537,7.335135135135135,7.06831566548881,368,2,50,0.5,0.5,0.5,genetic,genetic,genetic,0.05,20
713,932,855,0.5647712963646283,0.6144163561549462,0.5757425608880445,7.713884992987377,7.32618025751073,6.954385964912281,369,2,50,0.5,0.5,0.5,genetic,genetic,genetic,0.05,20
716,876,908,0.566756735861277,0.6134840189625893,0.5759831259840964,7.534916201117318,7.440639269406392,6.716960352422907,370,2,50,0.5,0.5,0.5,genetic,genetic,genetic,0.05,20
714,853,933,0.5676785155500669,0.6136744401430194,0.5761780583269627,7.449579831932773,7.485345838218054,6.927116827438371,371,2,50,0.5,0.5,0.5,genetic,genetic,genetic,0.05,20
726,831,943,0.5710419257696416,0.6130080566887388,0.5785600191879786,7.176308539944904,7.564380264741276,7.168610816542948,372,2,50,0.5,0.5,0.5,genetic,genetic,genetic,0.05,20
748,786,966,0.571487307393625,0.6128500344170101,0.5805436772404184,7.156417112299465,7.7226463104325695,7.106625258799172,373,2,50,0.5,0.5,0.5,genetic,genetic,genetic,0.05,20
784,769,947,0.5726238435339206,0.6126251560020077,0.5810702226787949,7.0561224489795915,7.888166449934981,7.280887011615628,374,2,50,0.5,0.5,0.5,genetic,genetic,genetic,0.05,20
807,769,924,0.573233861999236,0.6132835018139378,0.581020484366839,7.1053283767038415,7.88296488946684,7.524891774891775,375,2,50,0.5,0.5,0.5,genetic,genetic,genetic,0.05,20
828,764,908,0.5757099027691086,0.6115655248137197,0.5817259033719191,7.0978260869565215,7.93848167539267,7.611233480176211,376,2,50,0.5,0.5,0.5,genetic,genetic,genetic,0.05,20
854,750,896,0.5760458711079698,0.6119409696974152,0.5823385419341195,7.110070257611241,8.013333333333334,7.727678571428571,377,2,50,0.5,0.5,0.5,genetic,genetic,genetic,0.05,20
877,750,873,0.5769187751453811,0.61283761428112,0.5840682293127342,7.045610034207526,8.016,7.814432989690721,378,2,50,0.5,0.5,0.5,genetic,genetic,genetic,0.05,20
910,765,825,0.5756551960135966,0.610456143253091,0.5852775964320032,6.906593406593407,7.905882352941177,7.926060606060606,379,2,50,0.5,0.5,0.5,genetic,genetic,genetic,0.05,20
951,737,812,0.5749408571878247,0.6111532747275809,0.5856025807647343,6.9011566771819135,7.842605156037992,7.838669950738916,380,2,50,0.5,0.5,0.5,genetic,genetic,genetic,0.05,20
965,743,792,0.5749617188275588,0.6130422216727689,0.5852999134506439,7.042487046632124,7.652759084791386,7.856060606060606,381,2,50,0.5,0.5,0.5,genetic,genetic,genetic,0.05,20
981,758,761,0.5757085086370852,0.6135134498034355,0.5882262474966983,6.9072375127421,7.444591029023747,7.591327201051248,382,2,50,0.5,0.5,0.5,genetic,genetic,genetic,0.05,20
986,777,737,0.5756334501536696,0.6129332040512072,0.5882087750124563,6.950304259634889,7.333333333333333,7.4938941655359566,383,2,50,0.5,0.5,0.5,genetic,genetic,genetic,0.05,20
987,794,719,0.5772404102690917,0.6150447680532628,0.5899013296380733,7.050658561296859,7.231738035264484,7.247566063977747,384,2,50,0.5,0.5,0.5,genetic,genetic,genetic,0.05,20
951,806,743,0.5789563798133087,0.6158101446862462,0.5889820029757346,7.364879074658255,7.101736972704715,7.177658142664872,385,2,50,0.5,0.5,0.5,genetic,genetic,genetic,0.05,20
947,820,733,0.580148989170275,0.6182350545379814,0.5897802547027231,7.506863780359028,7.024390243902439,7.072305593451569,386,2,50,0.5,0.5,0.5,genetic,genetic,genetic,0.05,20
903,859,738,0.5816611976183543,0.6181006858419252,0.5885536456519103,7.692137320044297,6.841676367869616,7.0013550135501355,387,2,50,0.5,0.5,0.5,genetic,genetic,genetic,0.05,20
900,873,727,0.5843649437884804,0.6187105654144717,0.5870843812248134,7.7122222222222225,7.004581901489118,6.998624484181568,388,2,50,0.5,0.5,0.5,genetic,genetic,genetic,0.05,20
875,895,730,0.5845783637320467,0.617959325001936,0.5854090383357228,7.804571428571428,7.0,7.054794520547945,389,2,50,0.5,0.5,0.5,genetic,genetic,genetic,0.05,20
845,897,758,0.5843124613163952,0.6209288763107126,0.5852298245020601,7.831952662721894,6.828316610925307,6.839050131926121,390,2,50,0.5,0.5,0.5,genetic,genetic,genetic,0.05,20
798,930,772,0.5842471597549157,0.6236629211499319,0.585843937415595,8.1203007518797,6.820430107526882,7.040155440414508,391,2,50,0.5,0.5,0.5,genetic,genetic,genetic,0.05,20
765,960,775,0.5833489276595525,0.6256888261532694,0.5843993202604038,8.141176470588235,6.844791666666667,7.2787096774193545,392,2,50,0.5,0.5,0.5,genetic,genetic,genetic,0.05,20
721,984,795,0.5855450040012586,0.6253129674511194,0.5823939025783414,8.080443828016644,6.754065040650406,7.29685534591195,393,2,50,0.5,0.5,0.5,genetic,genetic,genetic,0.05,20
670,1005,825,0.5894753077792652,0.6258710085086957,0.5792819381867559,8.161194029850746,6.872636815920398,7.390303030303031,394,2,50,0.5,0.5,0.5,genetic,genetic,genetic,0.05,20
655,992,853,0.5894478893761499,0.6261552567260442,0.5793639625118528,8.174045801526718,7.059475806451613,7.2989449003516995,395,2,50,0.5,0.5,0.5,genetic,genetic,genetic,0.05,20
598,1016,886,0.5898328939612846,0.6278982394984405,0.5775484235550884,8.075250836120402,6.956692913385827,7.397291196388262,396,2,50,0.5,0.5,0.5,genetic,genetic,genetic,0.05,20
552,1033,915,0.5897893972751375,0.6278536524279594,0.5753320890195529,7.708333333333333,7.100677637947725,7.546448087431694,397,2,50,0.5,0.5,0.5,genetic,genetic,genetic,0.05,20
524,1021,955,0.5912170886525439,0.6290849667142894,0.5758347867468162,7.532442748091603,7.392752203721841,7.680628272251309,398,2,50,0.5,0.5,0.5,genetic,genetic,genetic,0.05,20
507,989,1004,0.5912771491355032,0.6277446411427346,0.5759731890706714,7.067061143984221,7.6167846309403435,7.692231075697211,399,2,50,0.5,0.5,0.5,genetic,genetic,genetic,0.05,20
517,942,1041,0.5940249504315944,0.6266084929687366,0.5758764092082049,6.8317214700193425,7.899150743099788,7.747358309317963,400,2,50,0.5,0.5,0.5,genetic,genetic,genetic,0.05,20
511,913,1076,0.5982575428364705,0.6280411434724089,0.5754789834380665,6.389432485322896,8.060240963855422,7.786245353159852,401,2,50,0.5,0.5,0.5,genetic,genetic,genetic,0.05,20
536,863,1101,0.5966734368185671,0.6271334888874686,0.573349108314642,5.975746268656716,8.245654692931634,7.851952770208901,402,2,50,0.5,0.5,0.5,genetic,genetic,genetic,0.05,20
537,811,1152,0.5961572741297126,0.6274786920012769,0.5724222340159502,6.07635009310987,8.42170160295931,8.03732638888889,403,2,50,0.5,0.5,0.5,genetic,genetic,genetic,0.05,20
549,768,1183,0.5950638862554093,0.6265040219388162,0.571985243233793,6.032786885245901,8.498697916666666,8.163144547759932,404,2,50,0.5,0.5,0.5,genetic,genetic,genetic,0.05,20
589,731,1180,0.5961576281998121,0.6272552958970592,0.572376578526471,5.845500848896434,8.444596443228454,8.222033898305085,405,2,50,0.5,0.5,0.5,genetic,genetic,genetic,0.05,20
613,688,1199,0.5966986618968605,0.6255232248427687,0.5728650867326555,5.642740619902121,8.457848837209303,8.26438698915763,406,2,50,0.5,0.5,0.5,genetic,genetic,genetic,0.05,20
643,640,1217,0.5957695879702312,0.6238003901765456,0.5737907610120018,5.729393468118196,8.653125,8.414954806902218,407,2,50,0.5,0.5,0.5,genetic,genetic,genetic,0.05,20
677,621,1202,0.5967822213854518,0.6236059064458882,0.5726509055516383,5.72082717872969,8.48792270531401,8.588186356073212,408,2,50,0.5,0.5,0.5,genetic,genetic,genetic,0.05,20
738,567,1195,0.5943710803065483,0.6247908950653612,0.5732495789407202,5.71409214092141,8.738977072310405,8.639330543933054,409,2,50,0.5,0.5,0.5,genetic,genetic,genetic,0.05,20
782,535,1183,0.5927564817098215,0.6264486852590374,0.5732434179902814,5.914322250639386,8.336448598130842,8.684699915469146,410,2,50,0.5,0.5,0.5,genetic,genetic,genetic,0.05,20
820,515,1165,0.5932427634602001,0.6270605573274136,0.5724586223937578,5.970731707317073,7.7805825242718445,8.85236051502146,411,2,50,0.5,0.5,0.5,genetic,genetic,genetic,0.05,20
857,510,1133,0.5933439639468129,0.6261270963491189,0.5719486542708238,5.975495915985998,7.372549019607843,9.105913503971756,412,2,50,0.5,0.5,0.5,genetic,genetic,genetic,0.05,20
908,507,1085,0.5949006770544634,0.6247196357252208,0.5717155633130414,6.1255506607929515,7.183431952662722,9.305069124423962,413,2,50,0.5,0.5,0.5,genetic,genetic,genetic,0.05,20
932,527,1041,0.5963506635153119,0.6262460744015065,0.5706374670986953,6.335836909871245,6.990512333965844,9.548511047070125,414,2,50,0.5,0.5,0.5,genetic,genetic,genetic,0.05,20
942,573,985,0.5970716386564284,0.6286544548684434,0.5687318138524622,6.436305732484076,6.628272251308901,9.78781725888325,415,2,50,0.5,0.5,0.5,genetic,genetic,genetic,0.05,20
942,609,949,0.5983157574587198,0.6275903969528444,0.5691239480236973,6.692144373673036,6.247947454844007,9.756585879873551,416,2,50,0.5,0.5,0.5,genetic,genetic,genetic,0.05,20
970,626,904,0.5981517021586018,0.625665208699566,0.5701845350748297,6.781443298969072,6.177316293929713,9.702433628318584,417,2,50,0.5,0.5,0.5,genetic,genetic,genetic,0.05,20
952,661,887,0.5984865669842102,0.6243963152420341,0.568496535283866,7.08718487394958,6.052950075642965,9.895152198421647,418,2,50,0.5,0.5,0.5,genetic,genetic,genetic,0.05,20
959,679,862,0.5991685735020097,0.6213918892986565,0.5670894663744865,7.283628779979145,6.132547864506628,9.947795823665894,419,2,50,0.5,0.5,0.5,genetic,genetic,genetic,0.05,20
978,690,832,0.5989408629893509,0.6206033507040014,0.5688526898106411,7.402862985685071,6.069565217391304,9.756009615384615,420,2,50,0.5,0.5,0.5,genetic,genetic,genetic,0.05,20
989,700,811,0.5976873962885648,0.6202453495735416,0.5701714716102605,7.485338725985844,6.11,9.45252774352651,421,2,50,0.5,0.5,0.5,genetic,genetic,genetic,0.05,20
1009,729,762,0.5981138856725724,0.6208172858286242,0.570231909522763,7.407333994053518,6.362139917695473,9.333333333333334,422,2,50,0.5,0.5,0.5,genetic,genetic,genetic,0.05,20
1014,755,731,0.5991190369485786,0.6211683306015273,0.5690822279643408,7.552268244575937,6.637086092715232,9.194254445964432,423,2,50,0.5,0.5,0.5,genetic,genetic,genetic,0.05,20
1010,781,709,0.6000692945066609,0.6211505467932477,0.5707100166375714,7.713861386138614,6.690140845070423,8.981664315937941,424,2,50,0.5,0.5,0.5,genetic,genetic,genetic,0.05,20
978,826,696,0.5986489151925659,0.6224073870273492,0.571953239433714,7.867075664621677,6.638014527845036,8.994252873563218,425,2,50,0.5,0.5,0.5,genetic,genetic,genetic,0.05,20
945,884,671,0.5994144655347848,0.6221201719348037,0.5727280835443349,7.841269841269841,6.5576923076923075,8.588673621460506,426,2,50,0.5,0.5,0.5,genetic,genetic,genetic,0.05,20
915,940,645,0.5995578520435813,0.6234889121205249,0.5747809651672917,7.849180327868853,6.574468085106383,8.53953488372093,427,2,50,0.5,0.5,0.5,genetic,genetic,genetic,0.05,20
864,1018,618,0.6002149857680728,0.6234860786201581,0.5754642896066996,7.829861111111111,6.5648330058939095,8.250809061488674,428,2,50,0.5,0.5,0.5,genetic,genetic,genetic,0.05,20
827,1064,609,0.5993226133544658,0.6245502366605002,0.5758692950574795,7.7726723095526,6.642857142857143,7.921182266009852,429,2,50,0.5,0.5,0.5,genetic,genetic,genetic,0.05,20
755,1131,614,0.5990368094996812,0.6253294771738218,0.576067798651807,7.9562913907284765,6.769230769230769,7.843648208469055,430,2,50,0.5,0.5,0.5,genetic,genetic,genetic,0.05,20
719,1161,620,0.6007630915172847,0.6281335934948897,0.5778431220778496,7.869262865090404,6.957795004306632,7.77258064516129,431,2,50,0.5,0.5,0.5,genetic,genetic,genetic,0.05,20
686,1181,633,0.6003786053461444,0.6283848565655075,0.5787910183683384,7.6763848396501455,7.110922946655377,7.4170616113744074,432,2,50,0.5,0.5,0.5,genetic,genetic,genetic,0.05,20
633,1195,672,0.6014687692026957,0.6278297160004912,0.5775719077802566,7.783570300157978,7.374058577405858,7.319940476190476,433,2,50,0.5,0.5,0.5,genetic,genetic,genetic,0.05,20
593,1196,711,0.6006622580981374,0.6290588739631215,0.5763751239736856,7.792580101180438,7.728260869565218,7.206751054852321,434,2,50,0.5,0.5,0.5,genetic,genetic,genetic,0.05,20
564,1193,743,0.5989262197955073,0.629771399232391,0.575363513035271,7.703900709219858,7.954735959765298,7.0888290713324364,435,2,50,0.5,0.5,0.5,genetic,genetic,genetic,0.05,20
552,1155,793,0.6010738927324931,0.6311160006557389,0.5775999050843721,7.726449275362318,8.308225108225109,6.819672131147541,436,2,50,0.5,0.5,0.5,genetic,genetic,genetic,0.05,20
551,1112,837,0.602029305493213,0.6312297708587739,0.577582937917549,7.5226860254083485,8.616007194244604,6.798088410991637,437,2,50,0.5,0.5,0.5,genetic,genetic,genetic,0.05,20
556,1036,908,0.6039378363607486,0.6331279058931526,0.5761099687088829,7.440647482014389,9.025096525096526,6.66409691629956,438,2,50,0.5,0.5,0.5,genetic,genetic,genetic,0.05,20
562,1002,936,0.6054188662210725,0.6350592870059507,0.5763374931201475,7.225978647686833,9.44810379241517,6.728632478632479,439,2,50,0.5,0.5,0.5,genetic,genetic,genetic,0.05,20
572,966,962,0.6057826702526413,0.6366662152371658,0.5762692618478414,6.893356643356643,9.903726708074535,6.743243243243243,440,2,50,0.5,0.5,0.5,genetic,genetic,genetic,0.05,20
604,922,974,0.6092617855286911,0.6380357945560149,0.5766338141320735,6.922185430463577,10.20824295010846,6.818275154004107,441,2,50,0.5,0.5,0.5,genetic,genetic,genetic,0.05,20
642,854,1004,0.6103509417602409,0.6372289083718451,0.5791089389907229,6.895638629283489,10.600702576112413,6.840637450199203,442,2,50,0.5,0.5,0.5,genetic,genetic,genetic,0.05,20
670,816,1014,0.6099038182549867,0.6373540432179391,0.5790622311353505,6.811940298507463,10.705882352941176,6.985207100591716,443,2,50,0.5,0.5,0.5,genetic,genetic,genetic,0.05,20
710,779,1011,0.6079759215386231,0.6356928655271598,0.5796978569984825,6.588732394366197,10.937098844672658,7.086053412462908,444,2,50,0.5,0.5,0.5,genetic,genetic,genetic,0.05,20
753,729,1018,0.6092433674464895,0.6340574905618133,0.5799618640125458,6.608233731739708,10.984910836762689,7.200392927308448,445,2,50,0.5,0.5,0.5,genetic,genetic,genetic,0.05,20
775,706,1019,0.6097765588287593,0.6328798927346423,0.5787369223843822,6.614193548387097,10.539660056657224,7.246319921491659,446,2,50,0.5,0.5,0.5,genetic,genetic,genetic,0.05,20
750,730,1020,0.6137362404934652,0.6337394734521382,0.5792939457448502,6.486666666666666,9.558904109589042,7.422549019607843,447,2,50,0.5,0.5,0.5,genetic,genetic,genetic,0.05,20
769,701,1030,0.6113863401437508,0.6351007342864802,0.5777709799727485,6.586475942782835,9.062767475035663,7.50873786407767,448,2,50,0.5,0.5,0.5,genetic,genetic,genetic,0.05,20
771,691,1038,0.6109640750566128,0.632816564204282,0.5778491271227749,6.552529182879377,8.410998552821997,7.568400770712909,449,2,50,0.5,0.5,0.5,genetic,genetic,genetic,0.05,20
799,677,1024,0.6129303448678783,0.6339806183046386,0.5770199346808547,6.55944931163955,8.106351550960119,7.7470703125,450,2,50,0.5,0.5,0.5,genetic,genetic,genetic,0.05,20
828,674,998,0.6140896121328573,0.6331025918662837,0.5767964847462111,6.521739130434782,7.765578635014837,7.844689378757515,451,2,50,0.5,0.5,0.5,genetic,genetic,genetic,0.05,20
842,692,966,0.6145286982175985,0.6351968394615722,0.5761005510096843,6.343230403800475,7.411849710982659,8.072463768115941,452,2,50,0.5,0.5,0.5,genetic,genetic,genetic,0.05,20
855,685,960,0.6157402022722633,0.633217272939138,0.5762570501586513,6.395321637426901,7.122627737226277,8.14375,453,2,50,0.5,0.5,0.5,genetic,genetic,genetic,0.05,20
882,698,920,0.614445372005247,0.6337963328248227,0.5761556804469966,6.424036281179139,7.206303724928366,8.430434782608696,454,2,50,0.5,0.5,0.5,genetic,genetic,genetic,0.05,20
907,737,856,0.6147691720179954,0.6348189552544198,0.5751587446116345,6.3891951488423375,7.1831750339213025,8.839953271028037,455,2,50,0.5,0.5,0.5,genetic,genetic,genetic,0.05,20
946,769,785,0.6132577364521944,0.6376042865014335,0.5780791713943313,6.392177589852008,7.020806241872561,9.072611464968153,456,2,50,0.5,0.5,0.5,genetic,genetic,genetic,0.05,20
975,780,745,0.6120315617981931,0.6396005611772625,0.5774441060021974,6.4051282051282055,6.883333333333334,8.76241610738255,457,2,50,0.5,0.5,0.5,genetic,genetic,genetic,0.05,20
991,801,708,0.6128420763998615,0.6418070849982411,0.5786851947389082,6.61957618567104,6.8277153558052435,8.498587570621469,458,2,50,0.5,0.5,0.5,genetic,genetic,genetic,0.05,20
984,849,667,0.61343462878634,0.6404696044589713,0.5779503410755645,6.757113821138211,6.868080094228504,8.619190404797601,459,2,50,0.5,0.5,0.5,genetic,genetic,genetic,0.05,20
974,871,655,0.6140011624533667,0.6409842165617713,0.579268086473812,6.852156057494867,6.724454649827784,8.270229007633588,460,2,50,0.5,0.5,0.5,genetic,genetic,genetic,0.05,20
971,901,628,0.6143450003360367,0.6423736017309241,0.5764475083271123,6.989701338825952,6.829078801331853,7.952229299363057,461,2,50,0.5,0.5,0.5,genetic,genetic,genetic,0.05,20
944,942,614,0.6147242682350719,0.6416549077415736,0.5777303808937663,7.135593220338983,6.849256900212314,7.460912052117264,462,2,50,0.5,0.5,0.5,genetic,genetic,genetic,0.05,20
928,967,605,0.6141815222649021,0.6412974564067312,0.5779217815693166,7.408405172413793,7.098241985522233,7.110743801652893,463,2,50,0.5,0.5,0.5,genetic,genetic,genetic,0.05,20
880,1026,594,0.6149541971453664,0.6408979274266653,0.5772662577478992,7.3352272727272725,7.048732943469785,6.86026936026936,464,2,50,0.5,0.5,0.5,genetic,genetic,genetic,0.05,20
841,1077,582,0.6150206081152526,0.6397550823850828,0.5744281035744941,7.410225921521998,7.199628597957289,6.472508591065292,465,2,50,0.5,0.5,0.5,genetic,genetic,genetic,0.05,20
787,1119,594,0.6159027412425984,0.6402189991132017,0.5757676839081219,7.2515883100381195,7.162645218945487,6.207070707070707,466,2,50,0.5,0.5,0.5,genetic,genetic,genetic,0.05,20
742,1143,615,0.6154443004220949,0.6393752711704276,0.5774945194763623,7.330188679245283,7.3849518810148735,6.055284552845529,467,2,50,0.5,0.5,0.5,genetic,genetic,genetic,0.05,20
699,1170,631,0.6147939395706866,0.6400054973043315,0.5774154310017215,7.339055793991417,7.632478632478633,6.266244057052298,468,2,50,0.5,0.5,0.5,genetic,genetic,genetic,0.05,20
659,1168,673,0.6164774747958623,0.6404716212755464,0.5776902269146885,7.444613050075873,7.8270547945205475,6.047548291233284,469,2,50,0.5,0.5,0.5,genetic,genetic,genetic,0.05,20
614,1176,710,0.6169742757849063,0.6416724464985183,0.5762390319264572,7.425081433224756,8.014455782312925,6.066197183098591,470,2,50,0.5,0.5,0.5,genetic,genetic,genetic,0.05,20
595,1166,739,0.6191448697328275,0.6421448238487923,0.5747091932925037,7.284033613445378,8.250428816466552,6.037889039242219,471,2,50,0.5,0.5,0.5,genetic,genetic,genetic,0.05,20
579,1125,796,0.6195313777545538,0.6442428119326942,0.5750203290497168,7.134715025906735,8.478222222222222,6.025125628140704,472,2,50,0.5,0.5,0.5,genetic,genetic,genetic,0.05,20
560,1092,848,0.6194037856558962,0.6448326335527639,0.5743485219943852,6.926785714285714,8.602564102564102,6.034198113207547,473,2,50,0.5,0.5,0.5,genetic,genetic,genetic,0.05,20
519,1044,937,0.6203740648891074,0.6454180215026684,0.5756609673212227,7.009633911368016,8.549808429118775,6.011739594450374,474,2,50,0.5,0.5,0.5,genetic,genetic,genetic,0.05,20
519,994,987,0.6203463123722378,0.646687413094295,0.5781468909327713,6.86897880539499,8.580482897384305,6.0810536980749745,475,2,50,0.5,0.5,0.5,genetic,genetic,genetic,0.05,20
518,955,1027,0.6184688078367645,0.6457818828818521,0.5781294367328926,6.664092664092664,8.446073298429319,6.261927945472249,476,2,50,0.5,0.5,0.5,genetic,genetic,genetic,0.05,20
529,893,1078,0.6181329803917783,0.6465320044702924,0.5791904245719227,6.519848771266541,8.481522956326987,6.3562152133580705,477,2,50,0.5,0.5,0.5,genetic,genetic,genetic,0.05,20
549,837,1114,0.6197547555002865,0.6467310849743306,0.5791436060871953,6.522768670309654,8.739545997610513,6.632854578096948,478,2,50,0.5,0.5,0.5,genetic,genetic,genetic,0.05,20
564,811,1125,0.6177295231174423,0.6470483656706548,0.5790792052075133,6.078014184397163,8.659679408138102,6.944,479,2,50,0.5,0.5,0.5,genetic,genetic,genetic,0.05,20
592,780,1128,0.6193698616264771,0.6480606590479147,0.5798410718688544,5.974662162162162,8.628205128205128,7.198581560283688,480,2,50,0.5,0.5,0.5,genetic,genetic,genetic,0.05,20
632,725,1143,0.6175335720914502,0.6484206106553337,0.580170631429542,5.9525316455696204,8.575172413793103,7.351706036745407,481,2,50,0.5,0.5,0.5,genetic,genetic,genetic,0.05,20
644,701,1155,0.6193377916511038,0.6476148810747968,0.5803818386073196,5.908385093167702,8.477888730385164,7.6,482,2,50,0.5,0.5,0.5,genetic,genetic,genetic,0.05,20
668,671,1161,0.6192113079365178,0.6475566267764454,0.581656114972972,5.9655688622754495,8.508196721311476,7.913867355727821,483,2,50,0.5,0.5,0.5,genetic,genetic,genetic,0.05,20
686,633,1181,0.6212356313950848,0.6506449341766967,0.5811081435832018,6.067055393586005,8.377567140600316,8.050804403048264,484,2,50,0.5,0.5,0.5,genetic,genetic,genetic,0.05,20
727,605,1168,0.622934554066784,0.6511659476902221,0.5814723599575853,5.909215955983494,7.998347107438017,8.194349315068493,485,2,50,0.5,0.5,0.5,genetic,genetic,genetic,0.05,20
773,577,1150,0.6214206072470486,0.6516030541528005,0.5809268613503108,5.798188874514877,7.674176776429809,8.309565217391304,486,2,50,0.5,0.5,0.5,genetic,genetic,genetic,0.05,20
825,593,1082,0.6207579530226403,0.6524068928917608,0.5797451412850219,5.736969696969697,7.118043844856661,8.78003696857671,487,2,50,0.5,0.5,0.5,genetic,genetic,genetic,0.05,20
865,620,1015,0.6205751291329873,0.6528298840581064,0.5789861742620969,5.546820809248555,6.980645161290322,9.035467980295566,488,2,50,0.5,0.5,0.5,genetic,genetic,genetic,0.05,20
918,634,948,0.6194907599928148,0.6531816282244213,0.5800382195273347,5.522875816993464,6.615141955835962,9.167721518987342,489,2,50,0.5,0.5,0.5,genetic,genetic,genetic,0.05,20
944,663,893,0.6191153227809043,0.6552611763229066,0.5799843073253547,5.61864406779661,6.380090497737557,9.34154535274356,490,2,50,0.5,0.5,0.5,genetic,genetic,genetic,0.05,20
954,700,846,0.6175199238156329,0.6557161917925209,0.581017338625789,5.766247379454927,6.13,9.30260047281324,491,2,50,0.5,0.5,0.5,genetic,genetic,genetic,0.05,20
968,725,807,0.6148875367896143,0.6572441070881194,0.5819027660643283,5.8791322314049586,6.066206896551724,9.14002478314746,492,2,50,0.5,0.5,0.5,genetic,genetic,genetic,0.05,20
959,764,777,0.6134146273888765,0.6573630111475943,0.5822824449277981,6.059436913451512,5.980366492146596,8.979407979407979,493,2,50,0.5,0.5,0.5,genetic,genetic,genetic,0.05,20
966,786,748,0.612339149310495,0.6561184979872123,0.5798165107903095,6.363354037267081,6.161577608142494,8.963903743315509,494,2,50,0.5,0.5,0.5,genetic,genetic,genetic,0.05,20
946,810,744,0.6120547661985412,0.6581541074722211,0.5782731121656222,6.730443974630021,6.2024691358024695,8.916666666666666,495,2,50,0.5,0.5,0.5,genetic,genetic,genetic,0.05,20
939,836,725,0.6111008650145231,0.6577391934545452,0.5792836689369293,6.941427050053248,6.135167464114833,8.49793103448276,496,2,50,0.5,0.5,0.5,genetic,genetic,genetic,0.05,20
915,886,699,0.6105182723613009,0.6568764184124289,0.5782837672250815,7.137704918032787,6.22234762979684,8.456366237482117,497,2,50,0.5,0.5,0.5,genetic,genetic,genetic,0.05,20
905,907,688,0.6094928276603486,0.6578442405776251,0.5796386444414657,7.3900552486187845,6.538037486218302,8.229651162790697,498,2,50,0.5,0.5,0.5,genetic,genetic,genetic,0.05,20
889,930,681,0.6093085853629114,0.6570029385649403,0.5793679732728622,7.651293588301463,6.808602150537634,8.151248164464024,499,2,50,0.5,0.5,0.5,genetic,genetic,genetic,0.05,20
845,834,821,0.5,0.5,0.5,0.0,0.0,0.0,0,3,50,0.5,0.5,0.5,genetic,genetic,genetic,0.05,20
839,850,811,0.5001553391829626,0.4988653015834474,0.499646944192668,1.0,1.0,1.0,1,3,50,0.5,0.5,0.5,genetic,genetic,genetic,0.05,20
820,872,808,0.5002218185961023,0.4988174195461529,0.4996687948846098,1.8560975609756099,1.8371559633027523,1.8576732673267327,2,3,50,0.5,0.5,0.5,genetic,genetic,genetic,0.05,20
794,863,843,0.5007703883565832,0.49830623550088754,0.5005703625299677,2.6284634760705288,2.5944380069524913,2.5705812574139975,3,3,50,0.5,0.5,0.5,genetic,genetic,genetic,0.05,20
754,886,860,0.5007945449266248,0.4998977571425836,0.5017527898856368,3.297082228116711,3.1862302483069977,3.2372093023255815,4,3,50,0.5,0.5,0.5,genetic,genetic,genetic,0.05,20
718,872,910,0.5008903136231042,0.49958679973126274,0.5005398110749479,3.903899721448468,3.7327981651376145,3.742857142857143,5,3,50,0.5,0.5,0.5,genetic,genetic,genetic,0.05,20
720,852,928,0.4999225309156464,0.49849669225328996,0.5008726487050599,4.341666666666667,4.299295774647887,4.252155172413793,6,3,50,0.5,0.5,0.5,genetic,genetic,genetic,0.05,20
741,828,931,0.49973701038528434,0.5000113082432137,0.5011516202438905,4.716599190283401,4.817632850241546,4.725026852846402,7,3,50,0.5,0.5,0.5,genetic,genetic,genetic,0.05,20
773,787,940,0.5005908040492054,0.5003385540420413,0.5014108124878439,5.0362225097024576,5.357052096569251,5.178723404255319,8,3,50,0.5,0.5,0.5,genetic,genetic,genetic,0.05,20
790,775,935,0.5014692097147181,0.4992820833011719,0.5023969768571899,5.220253164556962,5.618064516129032,5.572192513368984,9,3,50,0.5,0.5,0.5,genetic,genetic,genetic,0.05,20
809,767,924,0.5047159201828918,0.49711159344772365,0.5012221087822657,5.428924598269468,5.85006518904824,5.878787878787879,10,3,50,0.5,0.5,0.5,genetic,genetic,genetic,0.05,20
813,762,925,0.5064430704200018,0.49817859610002824,0.500146385352566,5.65559655596556,6.122047244094488,6.224864864864865,11,3,50,0.5,0.5,0.5,genetic,genetic,genetic,0.05,20
814,757,929,0.5077056694316502,0.5008814439832224,0.49942512939059236,5.934889434889435,6.387054161162483,6.501614639397201,12,3,50,0.5,0.5,0.5,genetic,genetic,genetic,0.05,20
829,766,905,0.5080349687231802,0.5011244526879396,0.49881750986127915,5.990349819059108,6.392950391644908,6.755801104972376,13,3,50,0.5,0.5,0.5,genetic,genetic,genetic,0.05,20
872,760,868,0.5087752503122873,0.5009037815843306,0.4996870676032823,6.088302752293578,6.609210526315789,6.910138248847926,14,3,50,0.5,0.5,0.5,genetic,genetic,genetic,0.05,20
860,776,864,0.5092693856987505,0.5016520700116628,0.4993502632656511,6.333720930232558,6.63659793814433,7.185185185185185,15,3,50,0.5,0.5,0.5,genetic,genetic,genetic,0.05,20
869,775,856,0.5106139696863478,0.50141397253702,0.5000642948088708,6.411967779056386,6.8348387096774195,7.343457943925234,16,3,50,0.5,0.5,0.5,genetic,genetic,genetic,0.05,20
878,792,830,0.5122225803658632,0.5007745377058772,0.4998239625815316,6.479498861047836,6.848484848484849,7.49277108433735,17,3,50,0.5,0.5,0.5,genetic,genetic,genetic,0.05,20
898,807,795,0.5113581670793145,0.5008102797829502,0.5009509954870177,6.587973273942094,6.950433705080545,7.630188679245283,18,3,50,0.5,0.5,0.5,genetic,genetic,genetic,0.05,20
908,806,786,0.5114032663708012,0.501755350569823,0.5007753720506799,6.762114537444934,7.066997518610422,7.695928753180661,19,3,50,0.5,0.5,0.5,genetic,genetic,genetic,0.05,20
906,828,766,0.5115595238746589,0.5005454612572537,0.49900881589347584,6.930463576158941,7.108695652173913,7.7793733681462145,20,3,50,0.5,0.5,0.5,genetic,genetic,genetic,0.05,20
893,859,748,0.5131862838709573,0.5009865101397695,0.49992864862010444,7.094064949608063,7.215366705471478,8.02807486631016,21,3,50,0.5,0.5,0.5,genetic,genetic,genetic,0.05,20
885,866,749,0.5110501597670446,0.4997748692696013,0.500196286070174,7.274576271186441,7.233256351039261,7.682242990654205,22,3,50,0.5,0.5,0.5,genetic,genetic,genetic,0.05,20
871,880,749,0.5107323136712167,0.4995528808213073,0.5006646693169697,7.467278989667049,7.276136363636364,7.623497997329773,23,3,50,0.5,0.5,0.5,genetic,genetic,genetic,0.05,20
876,858,766,0.5117196032714544,0.49858995598629696,0.5018973312265628,7.584474885844749,7.513986013986014,7.454308093994778,24,3,50,0.5,0.5,0.5,genetic,genetic,genetic,0.05,20
876,847,777,0.5133820867985939,0.4961753778768421,0.5015396700562399,7.8173515981735155,7.531286894923259,7.364221364221364,25,3,50,0.5,0.5,0.5,genetic,genetic,genetic,0.05,20
866,853,781,0.5138661033949002,0.49616853504713726,0.5000178044191297,8.04849884526559,7.508792497069168,7.271446862996159,26,3,50,0.5,0.5,0.5,genetic,genetic,genetic,0.05,20
837,875,788,0.5149096963260692,0.4964329996424621,0.499902216324104,8.248506571087216,7.344,7.2944162436548226,27,3,50,0.5,0.5,0.5,genetic,genetic,genetic,0.05,20
829,897,774,0.5166885730753729,0.498001696383922,0.4995805289640849,8.268998793727382,7.488294314381271,7.4509043927648575,28,3,50,0.5,0.5,0.5,genetic,genetic,genetic,0.05,20
807,917,776,0.5169983916761238,0.49848513055772325,0.4985030064656505,8.400247831474598,7.567066521264994,7.76159793814433,29,3,50,0.5,0.5,0.5,genetic,genetic,genetic,0.05,20
769,934,797,0.5160986489338186,0.4989609793629404,0.4990413695811068,8.263979193758127,7.447537473233405,7.698870765370138,30,3,50,0.5,0.5,0.5,genetic,genetic,genetic,0.05,20
728,936,836,0.5168438502380691,0.5001308351245526,0.49670019054730935,8.340659340659341,7.5181623931623935,7.684210526315789,31,3,50,0.5,0.5,0.5,genetic,genetic,genetic,0.05,20
728,924,848,0.5166233997946716,0.5002996240167706,0.49722581300847946,8.324175824175825,7.78030303030303,7.79127358490566,32,3,50,0.5,0.5,0.5,genetic,genetic,genetic,0.05,20
729,920,851,0.5167018859219281,0.5019064156932316,0.49700640809393387,8.237311385459533,8.005434782608695,8.008225616921269,33,3,50,0.5,0.5,0.5,genetic,genetic,genetic,0.05,20
731,929,840,0.5172825184045459,0.5022544483997472,0.4975530617995374,7.920656634746922,8.091496232508073,8.23452380952381,34,3,50,0.5,0.5,0.5,genetic,genetic,genetic,0.05,20
699,940,861,0.518164315027518,0.5026784959588111,0.49725519693330017,7.875536480686695,8.040425531914893,8.397212543554007,35,3,50,0.5,0.5,0.5,genetic,genetic,genetic,0.05,20
696,938,866,0.5185830569586509,0.5040369056176377,0.4966778553811809,7.685344827586207,8.015991471215353,8.456120092378752,36,3,50,0.5,0.5,0.5,genetic,genetic,genetic,0.05,20
698,948,854,0.5193194337584612,0.506502424804478,0.4971654700294834,7.393982808022923,8.130801687763713,8.437939110070257,37,3,50,0.5,0.5,0.5,genetic,genetic,genetic,0.05,20
718,932,850,0.5214490118171311,0.5065806094024154,0.4977189235422497,7.149025069637883,8.302575107296137,8.17529411764706,38,3,50,0.5,0.5,0.5,genetic,genetic,genetic,0.05,20
748,918,834,0.5215349860430121,0.5079472255682645,0.4992791578365598,7.17379679144385,8.643790849673202,8.109112709832134,39,3,50,0.5,0.5,0.5,genetic,genetic,genetic,0.05,20
745,915,840,0.5212385501242062,0.5086150695330032,0.4977544658022331,7.366442953020134,8.86775956284153,8.211904761904762,40,3,50,0.5,0.5,0.5,genetic,genetic,genetic,0.05,20
747,914,839,0.520339843648265,0.5091825034813106,0.49736433455629964,7.406961178045515,9.030634573304157,8.30870083432658,41,3,50,0.5,0.5,0.5,genetic,genetic,genetic,0.05,20
753,902,845,0.5188868734423374,0.510137645274823,0.4991955314329501,7.444887118193891,9.20509977827051,8.279289940828402,42,3,50,0.5,0.5,0.5,genetic,genetic,genetic,0.05,20
760,885,855,0.5193156846706598,0.510746257667884,0.49743486567054623,7.63421052631579,9.453107344632768,8.256140350877192,43,3,50,0.5,0.5,0.5,genetic,genetic,genetic,0.05,20
774,867,859,0.5191859761801053,0.5111315071043576,0.49767531224154177,7.704134366925064,9.474048442906575,8.08847497089639,44,3,50,0.5,0.5,0.5,genetic,genetic,genetic,0.05,20
784,852,864,0.520041552928179,0.5125942947813735,0.49687454249668905,7.667091836734694,9.564553990610328,7.953703703703703,45,3,50,0.5,0.5,0.5,genetic,genetic,genetic,0.05,20
790,838,872,0.5211152592360558,0.5127817499720781,0.4957579204661694,7.7,9.428400954653938,7.889908256880734,46,3,50,0.5,0.5,0.5,genetic,genetic,genetic,0.05,20
817,827,856,0.5216960897690117,0.5116372652834961,0.49580065259217104,7.610771113831089,9.580411124546554,7.95911214953271,47,3,50,0.5,0.5,0.5,genetic,genetic,genetic,0.05,20
829,809,862,0.522261954028938,0.5116785719173497,0.4941458478907163,7.792521109770808,9.447466007416564,8.032482598607888,48,3,50,0.5,0.5,0.5,genetic,genetic,genetic,0.05,20
829,803,868,0.5218904852441687,0.5110370222707533,0.49502045415109813,8.008443908323281,9.438356164383562,8.096774193548388,49,3,50,0.5,0.5,0.5,genetic,genetic,genetic,0.05,20
833,815,852,0.5233046789466241,0.5131461979818099,0.4963195305837747,7.945978391356543,9.155828220858895,8.112676056338028,50,3,50,0.5,0.5,0.5,genetic,genetic,genetic,0.05,20
816,818,866,0.5225967926040233,0.51341769533471,0.4970649168840206,8.04656862745098,8.809290953545233,8.24364896073903,51,3,50,0.5,0.5,0.5,genetic,genetic,genetic,0.05,20
822,817,861,0.5219230267724347,0.5135472693029902,0.4952867698268083,7.9987834549878345,8.741738066095472,8.285714285714286,52,3,50,0.5,0.5,0.5,genetic,genetic,genetic,0.05,20
840,816,844,0.5211659958948139,0.5131432959811627,0.49578341340664883,7.811904761904762,8.794117647058824,8.199052132701421,53,3,50,0.5,0.5,0.5,genetic,genetic,genetic,0.05,20
829,828,843,0.5190348692054023,0.5136954934095864,0.4952545682157581,7.803377563329312,8.621980676328503,8.290628706998813,54,3,50,0.5,0.5,0.5,genetic,genetic,genetic,0.05,20
832,828,840,0.5171946543455571,0.5140643961181717,0.4956236310167578,7.909855769230769,8.44927536231884,8.130952380952381,55,3,50,0.5,0.5,0.5,genetic,genetic,genetic,0.05,20
841,824,835,0.5179512463100551,0.5146078082204735,0.49467204403870635,7.873959571938169,8.442961165048544,8.162874251497007,56,3,50,0.5,0.5,0.5,genetic,genetic,genetic,0.05,20
820,844,836,0.5171017021480563,0.5172733550342237,0.4960841932818975,7.884146341463414,8.174170616113743,8.276315789473685,57,3,50,0.5,0.5,0.5,genetic,genetic,genetic,0.05,20
823,860,817,0.5174120125897823,0.5177517961657065,0.4985434056823097,7.933171324422843,8.186046511627907,8.362301101591187,58,3,50,0.5,0.5,0.5,genetic,genetic,genetic,0.05,20
813,858,829,0.5170400678627299,0.5207219342014539,0.5014440473301048,7.991389913899139,8.01981351981352,8.203860072376356,59,3,50,0.5,0.5,0.5,genetic,genetic,genetic,0.05,20
791,874,835,0.5162077349084672,0.522847938814655,0.5003353205284603,8.232616940581542,7.979405034324943,8.489820359281437,60,3,50,0.5,0.5,0.5,genetic,genetic,genetic,0.05,20
760,884,856,0.5161574970594238,0.5227946457855299,0.5018843554432463,8.348684210526315,7.9366515837104075,8.507009345794392,61,3,50,0.5,0.5,0.5,genetic,genetic,genetic,0.05,20
739,885,876,0.5149813802790454,0.5251228660220987,0.5003674534333811,8.201623815967524,8.073446327683616,8.46689497716895,62,3,50,0.5,0.5,0.5,genetic,genetic,genetic,0.05,20
721,880,899,0.514060527480517,0.5246057535134923,0.5010066998313408,8.29126213592233,8.003409090909091,8.545050055617352,63,3,50,0.5,0.5,0.5,genetic,genetic,genetic,0.05,20
720,872,908,0.5162658916884096,0.5242504570618052,0.5016251021880941,8.184722222222222,7.885321100917431,8.627753303964758,64,3,50,0.5,0.5,0.5,genetic,genetic,genetic,0.05,20
698,867,935,0.5160549556863896,0.5251340728706055,0.4999011207711037,8.282234957020057,7.986159169550173,8.667379679144386,65,3,50,0.5,0.5,0.5,genetic,genetic,genetic,0.05,20
699,850,951,0.5185294231053483,0.524394930356762,0.5004638072431543,8.133047210300429,8.070588235294117,8.724500525762355,66,3,50,0.5,0.5,0.5,genetic,genetic,genetic,0.05,20
716,818,966,0.5178565283415837,0.5246753597897673,0.5013660434646761,8.026536312849162,8.265281173594133,8.627329192546584,67,3,50,0.5,0.5,0.5,genetic,genetic,genetic,0.05,20
746,795,959,0.5204195850185787,0.5264532990837022,0.5020480934844087,7.884718498659518,8.504402515723271,8.672575599582899,68,3,50,0.5,0.5,0.5,genetic,genetic,genetic,0.05,20
759,790,951,0.5208009978522796,0.5258338091602017,0.5001545407706933,7.770750988142293,8.574683544303797,8.750788643533124,69,3,50,0.5,0.5,0.5,genetic,genetic,genetic,0.05,20
774,776,950,0.5196853555020303,0.5287313926357684,0.4999446186546948,7.7299741602067185,8.658505154639176,8.91157894736842,70,3,50,0.5,0.5,0.5,genetic,genetic,genetic,0.05,20
800,766,934,0.5179591237469008,0.5298980103195136,0.5012461543017074,7.53,8.804177545691905,8.91541755888651,71,3,50,0.5,0.5,0.5,genetic,genetic,genetic,0.05,20
833,736,931,0.5175273594905969,0.5317747184374325,0.5007927868518522,7.432172869147659,8.804347826086957,8.69280343716434,72,3,50,0.5,0.5,0.5,genetic,genetic,genetic,0.05,20
842,725,933,0.5179417781238389,0.5340783608139169,0.5009727329892221,7.555819477434679,8.486896551724138,8.514469453376206,73,3,50,0.5,0.5,0.5,genetic,genetic,genetic,0.05,20
875,699,926,0.5181121734457568,0.5334795025826399,0.5031584658371854,7.532571428571429,8.351931330472103,8.422246220302377,74,3,50,0.5,0.5,0.5,genetic,genetic,genetic,0.05,20
901,701,898,0.5176676347016637,0.5356567119986222,0.5042304495133807,7.544950055493896,8.326676176890157,8.580178173719377,75,3,50,0.5,0.5,0.5,genetic,genetic,genetic,0.05,20
887,724,889,0.5174774790363239,0.53557506849193,0.5050155414343245,7.5839909808342725,7.968232044198895,8.682789651293588,76,3,50,0.5,0.5,0.5,genetic,genetic,genetic,0.05,20
863,760,877,0.5196611091575908,0.5361378223754119,0.5047644459260171,7.695249130938587,7.648684210526316,8.816419612314709,77,3,50,0.5,0.5,0.5,genetic,genetic,genetic,0.05,20
849,777,874,0.517598317469931,0.5366697955155993,0.5035761343981776,7.782096584216726,7.505791505791506,8.87528604118993,78,3,50,0.5,0.5,0.5,genetic,genetic,genetic,0.05,20
842,812,846,0.5188223182487771,0.5378832953540718,0.5038488914922068,7.821852731591449,7.4926108374384235,9.139479905437351,79,3,50,0.5,0.5,0.5,genetic,genetic,genetic,0.05,20
836,810,854,0.5197435416368488,0.5391940291545184,0.5044819603998575,7.966507177033493,7.560493827160494,9.149882903981265,80,3,50,0.5,0.5,0.5,genetic,genetic,genetic,0.05,20
792,869,839,0.5198224893966729,0.5384754225411983,0.5051629551721757,7.869949494949495,7.399309551208286,9.491060786650774,81,3,50,0.5,0.5,0.5,genetic,genetic,genetic,0.05,20
797,874,829,0.5223297041410997,0.5407917358049821,0.504620309556518,7.854454203262233,7.560640732265446,9.639324487334138,82,3,50,0.5,0.5,0.5,genetic,genetic,genetic,0.05,20
802,891,807,0.5229691415370566,0.5403939512842995,0.5033036504663096,7.7905236907730675,7.751964085297419,9.698884758364311,83,3,50,0.5,0.5,0.5,genetic,genetic,genetic,0.05,20
781,915,804,0.5249457534541033,0.5429198430797683,0.5028253761532722,7.706786171574904,7.773770491803279,9.672885572139304,84,3,50,0.5,0.5,0.5,genetic,genetic,genetic,0.05,20
798,903,799,0.5253191367073148,0.5440488216157578,0.5027060686541266,7.7518796992481205,7.875968992248062,9.455569461827285,85,3,50,0.5,0.5,0.5,genetic,genetic,genetic,0.05,20
795,901,804,0.5256264098287562,0.544444529102036,0.5029170534229735,7.838993710691824,7.8812430632630415,9.360696517412935,86,3,50,0.5,0.5,0.5,genetic,genetic,genetic,0.05,20
791,892,817,0.5268991027426948,0.5465811715682592,0.5023008488710828,7.820480404551201,7.836322869955157,8.981640146878824,87,3,50,0.5,0.5,0.5,genetic,genetic,genetic,0.05,20
773,902,825,0.5270443313363792,0.5452105066675413,0.5010846003366095,7.807244501940492,7.651884700665189,8.833939393939394,88,3,50,0.5,0.5,0.5,genetic,genetic,genetic,0.05,20
765,906,829,0.5266894197660976,0.5445990633968938,0.5013570652649678,7.858823529411764,7.754966887417218,8.722557297949336,89,3,50,0.5,0.5,0.5,genetic,genetic,genetic,0.05,20
765,904,831,0.5248673000738159,0.544688582760792,0.499636806869022,7.716339869281046,7.855088495575221,8.681107099879663,90,3,50,0.5,0.5,0.5,genetic,genetic,genetic,0.05,20
756,912,832,0.525400069269504,0.5458376483837757,0.4998215377852239,7.636243386243386,7.859649122807017,8.728365384615385,91,3,50,0.5,0.5,0.5,genetic,genetic,genetic,0.05,20
733,928,839,0.5252990520407607,0.5452614482375802,0.5004733238749585,7.581173260572988,7.78125,8.480333730631704,92,3,50,0.5,0.5,0.5,genetic,genetic,genetic,0.05,20
723,935,842,0.52474189908947,0.5472286817059335,0.5014527404261705,7.499308437067773,7.849197860962567,8.459619952494062,93,3,50,0.5,0.5,0.5,genetic,genetic,genetic,0.05,20
745,911,844,0.5254402185954936,0.5452045829010205,0.5018617628512452,7.428187919463087,8.05927552140505,8.197867298578199,94,3,50,0.5,0.5,0.5,genetic,genetic,genetic,0.05,20
727,912,861,0.5271582190802935,0.5476981424789458,0.5023339520547646,7.433287482806052,8.069078947368421,8.062717770034844,95,3,50,0.5,0.5,0.5,genetic,genetic,genetic,0.05,20
720,913,867,0.5248216365804795,0.5469971930233927,0.5019769869631688,7.438888888888889,8.265060240963855,8.109573241061131,96,3,50,0.5,0.5,0.5,genetic,genetic,genetic,0.05,20
705,909,886,0.5243763728640165,0.5479091681323137,0.5030929538109605,7.6680851063829785,8.452145214521453,8.062076749435667,97,3,50,0.5,0.5,0.5,genetic,genetic,genetic,0.05,20
691,923,886,0.5237710911641295,0.5474106993957223,0.5035970594920886,7.555716353111433,8.512459371614302,8.229119638826186,98,3,50,0.5,0.5,0.5,genetic,genetic,genetic,0.05,20
715,901,884,0.5253100256795905,0.5492473511940419,0.5050425009325795,7.497902097902098,8.749167591564929,8.211538461538462,99,3,50,0.5,0.5,0.5,genetic,genetic,genetic,0.05,20
717,888,895,0.5252362412003775,0.5501949624205495,0.5084899239220846,7.527196652719665,8.911036036036036,8.011173184357542,100,3,50,0.5,0.5,0.5,genetic,genetic,genetic,0.05,20
695,873,932,0.5245674244797461,0.550843207422109,0.5087470376461947,7.761151079136691,8.9106529209622,7.98068669527897,101,3,50,0.5,0.5,0.5,genetic,genetic,genetic,0.05,20
705,858,937,0.5266525492136201,0.549649818985159,0.509401703040725,7.6680851063829785,8.863636363636363,8.059765208110992,102,3,50,0.5,0.5,0.5,genetic,genetic,genetic,0.05,20
724,828,948,0.5294533721933103,0.550063743920841,0.5093606242385518,7.738950276243094,8.960144927536232,8.188818565400844,103,3,50,0.5,0.5,0.5,genetic,genetic,genetic,0.05,20
741,800,959,0.5302155445406326,0.550917441912745,0.5097378273795254,7.898785425101215,9.08125,8.281543274244004,104,3,50,0.5,0.5,0.5,genetic,genetic,genetic,0.05,20
744,805,951,0.5307137761439462,0.5513969308223843,0.5096340491424817,7.956989247311828,9.15776397515528,8.570977917981072,105,3,50,0.5,0.5,0.5,genetic,genetic,genetic,0.05,20
771,790,939,0.5325063852393788,0.5511548384467209,0.5111073979260379,7.779507133592737,9.118987341772153,8.334398296059637,106,3,50,0.5,0.5,0.5,genetic,genetic,genetic,0.05,20
773,788,939,0.5323784740621891,0.5522191969538155,0.5110140470271948,7.941785252263907,9.019035532994923,8.446219382321619,107,3,50,0.5,0.5,0.5,genetic,genetic,genetic,0.05,20
757,780,963,0.533704463477467,0.5523479194051849,0.5087780106712037,7.986789960369881,8.784615384615385,8.32606438213915,108,3,50,0.5,0.5,0.5,genetic,genetic,genetic,0.05,20
766,774,960,0.5351108373795013,0.5548098552556793,0.5078867606957557,7.849869451697128,8.44186046511628,8.394791666666666,109,3,50,0.5,0.5,0.5,genetic,genetic,genetic,0.05,20
764,768,968,0.5350065775789979,0.5573043226006092,0.5067820907620336,7.709424083769633,8.225260416666666,8.582644628099173,110,3,50,0.5,0.5,0.5,genetic,genetic,genetic,0.05,20
783,757,960,0.5337604115770613,0.5577204437342828,0.5046002121679842,7.64367816091954,8.199471598414796,8.675,111,3,50,0.5,0.5,0.5,genetic,genetic,genetic,0.05,20
800,766,934,0.5329623970006695,0.5595823853490969,0.5018877251316265,7.52375,8.144908616187989,8.802997858672377,112,3,50,0.5,0.5,0.5,genetic,genetic,genetic,0.05,20
839,736,925,0.5343021275864787,0.5613869695171035,0.5025798494379229,7.606674612634088,8.29211956521739,8.845405405405405,113,3,50,0.5,0.5,0.5,genetic,genetic,genetic,0.05,20
860,717,923,0.5343800710555654,0.563314856810198,0.5026072139303496,7.459302325581396,8.12412831241283,8.685807150595883,114,3,50,0.5,0.5,0.5,genetic,genetic,genetic,0.05,20
870,748,882,0.5332747048381576,0.5629491617083562,0.5016334952749274,7.255172413793104,8.024064171122994,8.84920634920635,115,3,50,0.5,0.5,0.5,genetic,genetic,genetic,0.05,20
865,774,861,0.533843400092059,0.564262445659525,0.5013320637740806,7.35606936416185,7.897932816537468,8.9732868757259,116,3,50,0.5,0.5,0.5,genetic,genetic,genetic,0.05,20
889,759,852,0.5336820761407839,0.5637322480325211,0.5007455696760941,7.555680539932508,7.9314888010540185,8.848591549295774,117,3,50,0.5,0.5,0.5,genetic,genetic,genetic,0.05,20
882,777,841,0.5335453933803227,0.5629880944626617,0.5019898958467952,7.7312925170068025,7.76962676962677,9.068965517241379,118,3,50,0.5,0.5,0.5,genetic,genetic,genetic,0.05,20
872,806,822,0.5334706503000572,0.5631480761577744,0.5031110571576345,7.88302752293578,7.719602977667494,9.351581508515816,119,3,50,0.5,0.5,0.5,genetic,genetic,genetic,0.05,20
866,820,814,0.5327369791461593,0.5622653540701363,0.5031683706391462,8.031177829099308,7.807317073170732,9.34029484029484,120,3,50,0.5,0.5,0.5,genetic,genetic,genetic,0.05,20
864,838,798,0.5321547268494251,0.560862666680765,0.5037272876000297,8.141203703703704,7.823389021479714,9.36591478696742,121,3,50,0.5,0.5,0.5,genetic,genetic,genetic,0.05,20
847,848,805,0.5325344416202785,0.560317326047759,0.5035582531101997,8.293978748524204,7.804245283018868,9.172670807453416,122,3,50,0.5,0.5,0.5,genetic,genetic,genetic,0.05,20
838,854,808,0.5321707787766309,0.5604066200330731,0.5047141616745864,8.443914081145584,8.035128805620609,9.159653465346535,123,3,50,0.5,0.5,0.5,genetic,genetic,genetic,0.05,20
835,852,813,0.5306952576121806,0.5598439742963418,0.5059008337413005,8.444311377245509,7.957746478873239,8.904059040590406,124,3,50,0.5,0.5,0.5,genetic,genetic,genetic,0.05,20
810,866,824,0.5291863157828194,0.5601750423578249,0.5060099993238075,8.487654320987655,8.05080831408776,8.851941747572816,125,3,50,0.5,0.5,0.5,genetic,genetic,genetic,0.05,20
807,879,814,0.5284037376336422,0.5610189867463587,0.5075370873946432,8.459727385377944,8.15358361774744,8.91031941031941,126,3,50,0.5,0.5,0.5,genetic,genetic,genetic,0.05,20
806,893,801,0.5263950091498396,0.561162953852857,0.5101446972386624,8.48014888337469,8.182530795072788,8.930087390761548,127,3,50,0.5,0.5,0.5,genetic,genetic,genetic,0.05,20
796,918,786,0.5266939304994286,0.5614790279456429,0.512183342205969,8.523869346733669,8.282135076252723,8.95674300254453,128,3,50,0.5,0.5,0.5,genetic,genetic,genetic,0.05,20
774,916,810,0.5261467382545353,0.5600333341987419,0.5120508252385166,8.595607235142118,8.351528384279476,8.909876543209876,129,3,50,0.5,0.5,0.5,genetic,genetic,genetic,0.05,20
753,921,826,0.5260137402162954,0.5608444711698426,0.5128969584601466,8.600265604249667,8.461454940282302,8.966101694915254,130,3,50,0.5,0.5,0.5,genetic,genetic,genetic,0.05,20
745,939,816,0.5242346682801127,0.5600316148709303,0.5141840076890848,8.464429530201341,8.435569755058573,8.930147058823529,131,3,50,0.5,0.5,0.5,genetic,genetic,genetic,0.05,20
734,933,833,0.5241926112187719,0.5590632454140173,0.5156746267578202,8.561307901907357,8.55091103965702,8.909963985594239,132,3,50,0.5,0.5,0.5,genetic,genetic,genetic,0.05,20
744,900,856,0.5240958271874978,0.5590157395698975,0.517867611935652,8.494623655913978,8.816666666666666,8.617990654205608,133,3,50,0.5,0.5,0.5,genetic,genetic,genetic,0.05,20
733,905,862,0.5233318020146723,0.5603752612216697,0.5188201539744036,8.521145975443384,8.94475138121547,8.754060324825986,134,3,50,0.5,0.5,0.5,genetic,genetic,genetic,0.05,20
735,882,883,0.5241362452446662,0.5586864522716585,0.5183576637490983,8.457142857142857,9.070294784580499,8.573046432616081,135,3,50,0.5,0.5,0.5,genetic,genetic,genetic,0.05,20
755,861,884,0.5240129302348617,0.5578857322622299,0.5185326629373775,8.386754966887418,9.19047619047619,8.521493212669684,136,3,50,0.5,0.5,0.5,genetic,genetic,genetic,0.05,20
738,871,891,0.522858246033294,0.5595728632392681,0.5171903306610494,8.451219512195122,9.040183696900115,8.464646464646465,137,3,50,0.5,0.5,0.5,genetic,genetic,genetic,0.05,20
715,883,902,0.5241467061212575,0.5591678414187496,0.5175211533424217,8.53006993006993,8.834654586636466,8.542128603104214,138,3,50,0.5,0.5,0.5,genetic,genetic,genetic,0.05,20
662,902,936,0.5241735778494541,0.5598651298093361,0.516751515982488,8.537764350453172,8.56430155210643,8.607905982905983,139,3,50,0.5,0.5,0.5,genetic,genetic,genetic,0.05,20
671,877,952,0.524922014648647,0.5613240081438787,0.5168442347262968,8.429210134128168,8.481185860889395,8.425420168067227,140,3,50,0.5,0.5,0.5,genetic,genetic,genetic,0.05,20
660,901,939,0.5240731171097734,0.5602936606324881,0.5167120419890224,8.309090909090909,8.556048834628191,8.703940362087327,141,3,50,0.5,0.5,0.5,genetic,genetic,genetic,0.05,20
655,905,940,0.5241602204818389,0.5616920789702792,0.5162154421646074,8.134351145038169,8.616574585635359,8.774468085106383,142,3,50,0.5,0.5,0.5,genetic,genetic,genetic,0.05,20
615,924,961,0.5241237137327853,0.5608375073428833,0.5161503281990844,7.900813008130081,8.512987012987013,8.85015608740895,143,3,50,0.5,0.5,0.5,genetic,genetic,genetic,0.05,20
619,884,997,0.5253710240239121,0.5589212450503023,0.5151697704154298,7.684975767366721,8.547511312217194,8.719157472417251,144,3,50,0.5,0.5,0.5,genetic,genetic,genetic,0.05,20
607,869,1024,0.5243024558315987,0.5602456065930903,0.5151169514418543,7.309719934102142,8.371691599539702,8.794921875,145,3,50,0.5,0.5,0.5,genetic,genetic,genetic,0.05,20
651,832,1017,0.5241253624084012,0.5615978566812188,0.5145164637053203,7.258064516129032,8.789663461538462,8.849557522123893,146,3,50,0.5,0.5,0.5,genetic,genetic,genetic,0.05,20
664,824,1012,0.5233318421270633,0.5605073723604669,0.5141968540192341,6.998493975903615,8.894417475728156,8.885375494071146,147,3,50,0.5,0.5,0.5,genetic,genetic,genetic,0.05,20
657,805,1038,0.5237341770941599,0.5618563420923662,0.5162273572558885,6.946727549467275,8.853416149068323,8.979768786127167,148,3,50,0.5,0.5,0.5,genetic,genetic,genetic,0.05,20
691,793,1016,0.5259511509232663,0.5623284731194587,0.5168121413889679,6.875542691751085,9.013871374527112,8.993110236220472,149,3,50,0.5,0.5,0.5,genetic,genetic,genetic,0.05,20
707,760,1033,0.5257798840327671,0.5631844188979023,0.5177351794050848,6.906647807637906,9.118421052631579,9.040658276863505,150,3,50,0.5,0.5,0.5,genetic,genetic,genetic,0.05,20
701,755,1044,0.5261990301778279,0.5630603123262906,0.5156673834999491,6.855920114122682,8.699337748344371,8.96647509578544,151,3,50,0.5,0.5,0.5,genetic,genetic,genetic,0.05,20
715,741,1044,0.5268124720031476,0.564144924515078,0.5158966184158033,6.805594405594405,8.426450742240215,9.134099616858238,152,3,50,0.5,0.5,0.5,genetic,genetic,genetic,0.05,20
723,740,1037,0.5261197288717813,0.5643190084622118,0.5145374911277907,6.719225449515906,8.217567567567567,9.161041465766635,153,3,50,0.5,0.5,0.5,genetic,genetic,genetic,0.05,20
708,743,1049,0.5266167097325036,0.5642732026786483,0.5136675616360957,6.610169491525424,7.942126514131898,9.23164918970448,154,3,50,0.5,0.5,0.5,genetic,genetic,genetic,0.05,20
703,731,1066,0.5271977421263827,0.5655648615251768,0.5123074422085769,6.69701280227596,7.982216142270862,9.423076923076923,155,3,50,0.5,0.5,0.5,genetic,genetic,genetic,0.05,20
719,717,1064,0.5277696919614483,0.5670744587944169,0.5123655545927802,6.707927677329624,8.0139470013947,9.549812030075188,156,3,50,0.5,0.5,0.5,genetic,genetic,genetic,0.05,20
749,701,1050,0.5285217928180325,0.5683859811912256,0.5121238792069575,6.710280373831775,7.863052781740371,9.629523809523809,157,3,50,0.5,0.5,0.5,genetic,genetic,genetic,0.05,20
772,668,1060,0.5273639618571107,0.5690971119802755,0.5117094422023148,6.893782383419689,7.922155688622754,9.674528301886792,158,3,50,0.5,0.5,0.5,genetic,genetic,genetic,0.05,20
791,663,1046,0.5265177257833924,0.5677295355907511,0.5118447721810478,7.06826801517067,7.972850678733032,9.945506692160611,159,3,50,0.5,0.5,0.5,genetic,genetic,genetic,0.05,20
811,633,1056,0.5281574051538285,0.5685926906543481,0.5111611682220959,7.249075215782984,7.941548183254344,9.922348484848484,160,3,50,0.5,0.5,0.5,genetic,genetic,genetic,0.05,20
825,630,1045,0.5281850873886952,0.5698827536235678,0.5104451919580937,7.385454545454546,8.012698412698413,10.082296650717703,161,3,50,0.5,0.5,0.5,genetic,genetic,genetic,0.05,20
850,652,998,0.5274360372379568,0.5704713226058536,0.5111708234833134,7.283529411764706,7.897239263803681,10.379759519038076,162,3,50,0.5,0.5,0.5,genetic,genetic,genetic,0.05,20
858,663,979,0.5278244219242193,0.5715397927122922,0.5102190010841535,7.276223776223776,7.764705882352941,10.425944841675179,163,3,50,0.5,0.5,0.5,genetic,genetic,genetic,0.05,20
892,667,941,0.5281945933331083,0.5710295078755521,0.5121814073409566,7.367713004484305,7.541229385307346,10.337938363443145,164,3,50,0.5,0.5,0.5,genetic,genetic,genetic,0.05,20
920,668,912,0.5294583394182748,0.5698556283436317,0.5120901299292843,7.2597826086956525,7.467065868263473,10.3125,165,3,50,0.5,0.5,0.5,genetic,genetic,genetic,0.05,20
956,661,883,0.5306157382997732,0.571082185758328,0.5122018507504361,7.2845188284518825,7.523449319213313,10.056625141562854,166,3,50,0.5,0.5,0.5,genetic,genetic,genetic,0.05,20
948,671,881,0.5320301499791414,0.5714156237799916,0.5123299190091922,7.451476793248945,7.327868852459017,9.833144154370034,167,3,50,0.5,0.5,0.5,genetic,genetic,genetic,0.05,20
971,682,847,0.5320933984906298,0.5723738865290612,0.5131215261405244,7.583934088568486,7.249266862170088,9.727272727272727,168,3,50,0.5,0.5,0.5,genetic,genetic,genetic,0.05,20
985,700,815,0.5329399650080915,0.5735753752811303,0.5123593404950061,7.6,7.005714285714285,9.499386503067484,169,3,50,0.5,0.5,0.5,genetic,genetic,genetic,0.05,20
992,708,800,0.534024838823801,0.5746855480723165,0.5130677009614051,7.849798387096774,6.88135593220339,9.2375,170,3,50,0.5,0.5,0.5,genetic,genetic,genetic,0.05,20
976,740,784,0.5352502545050231,0.573328478692475,0.5113943775282606,8.068647540983607,6.655405405405405,8.947704081632653,171,3,50,0.5,0.5,0.5,genetic,genetic,genetic,0.05,20
945,767,788,0.5344186886350302,0.5731690158528693,0.5121803998122356,8.206349206349206,6.507170795306388,8.648477157360405,172,3,50,0.5,0.5,0.5,genetic,genetic,genetic,0.05,20
949,786,765,0.535457826891876,0.5742192140979814,0.5131895569590234,8.266596417281349,6.577608142493639,8.537254901960784,173,3,50,0.5,0.5,0.5,genetic,genetic,genetic,0.05,20
937,803,760,0.5334857835667258,0.5752755803577799,0.5142420175659692,8.589114194236926,6.605230386052304,8.66842105263158,174,3,50,0.5,0.5,0.5,genetic,genetic,genetic,0.05,20
911,831,758,0.5339091179280706,0.5762580614262208,0.5132933424505473,8.733260153677278,6.512635379061372,8.684696569920844,175,3,50,0.5,0.5,0.5,genetic,genetic,genetic,0.05,20
900,863,737,0.5361105204555775,0.5758689336495687,0.5129974413621787,8.806666666666667,6.6848203939745074,8.701492537313433,176,3,50,0.5,0.5,0.5,genetic,genetic,genetic,0.05,20
886,883,731,0.5374122800762077,0.5764418675331024,0.5123056671064496,8.85665914221219,6.7746319365798415,8.707250341997264,177,3,50,0.5,0.5,0.5,genetic,genetic,genetic,0.05,20
855,916,729,0.5385846720905457,0.5778050179247676,0.5118082556895738,8.685380116959065,6.849344978165939,8.451303155006858,178,3,50,0.5,0.5,0.5,genetic,genetic,genetic,0.05,20
806,945,749,0.5383432468404955,0.5779160753317218,0.5113542543818883,8.986352357320099,7.0095238095238095,8.514018691588785,179,3,50,0.5,0.5,0.5,genetic,genetic,genetic,0.05,20
775,945,780,0.5388985933689716,0.5793564281599717,0.5115638278706843,9.098064516129032,7.262433862433863,8.407692307692308,180,3,50,0.5,0.5,0.5,genetic,genetic,genetic,0.05,20
776,921,803,0.5396614349466228,0.5813398281565978,0.511977204286761,9.106958762886597,7.465798045602606,8.26027397260274,181,3,50,0.5,0.5,0.5,genetic,genetic,genetic,0.05,20
768,921,811,0.5399484596865953,0.5812856693193182,0.5113172946815648,9.08984375,7.8783930510314875,8.284833538840937,182,3,50,0.5,0.5,0.5,genetic,genetic,genetic,0.05,20
763,911,826,0.5410917539181602,0.5807894869549098,0.5107786272980441,8.944954128440367,8.13172338090011,8.176755447941888,183,3,50,0.5,0.5,0.5,genetic,genetic,genetic,0.05,20
763,895,842,0.5414288949703077,0.580734321429307,0.5110746985471231,8.90170380078637,8.184357541899441,8.193586698337292,184,3,50,0.5,0.5,0.5,genetic,genetic,genetic,0.05,20
752,887,861,0.5425548097052459,0.5814698710692195,0.5097746517560109,8.702127659574469,8.39684329199549,8.095238095238095,185,3,50,0.5,0.5,0.5,genetic,genetic,genetic,0.05,20
749,881,870,0.5416921532050177,0.5818568859519527,0.510376767461082,8.69425901201602,8.558456299659477,8.198850574712644,186,3,50,0.5,0.5,0.5,genetic,genetic,genetic,0.05,20
754,885,861,0.543432315210404,0.5806626362340929,0.5125220524831873,8.596816976127322,8.72768361581921,8.35540069686411,187,3,50,0.5,0.5,0.5,genetic,genetic,genetic,0.05,20
761,884,855,0.5421850112043524,0.5795209891703009,0.5139615348794471,8.561103810775295,8.788461538461538,8.3953216374269,188,3,50,0.5,0.5,0.5,genetic,genetic,genetic,0.05,20
769,852,879,0.5431698899738532,0.5793964355057124,0.5146258270071521,8.403120936280883,8.78755868544601,8.25028441410694,189,3,50,0.5,0.5,0.5,genetic,genetic,genetic,0.05,20
749,871,880,0.542758382438735,0.5787740530555691,0.514161503595604,8.323097463284379,8.684270952927669,8.4875,190,3,50,0.5,0.5,0.5,genetic,genetic,genetic,0.05,20
738,862,900,0.5418591329983953,0.5791985900271126,0.5143634987139454,8.392953929539296,8.654292343387471,8.375555555555556,191,3,50,0.5,0.5,0.5,genetic,genetic,genetic,0.05,20
739,861,900,0.5409153148767517,0.5782539342024647,0.5125060887777944,8.397834912043301,8.83739837398374,8.514444444444445,192,3,50,0.5,0.5,0.5,genetic,genetic,genetic,0.05,20
738,866,896,0.5413230387064185,0.57631358567705,0.5129572308659662,8.105691056910569,8.73094688221709,8.544642857142858,193,3,50,0.5,0.5,0.5,genetic,genetic,genetic,0.05,20
744,862,894,0.5393297228893104,0.5768436552181383,0.5135854401594282,8.067204301075268,8.721577726218097,8.455257270693512,194,3,50,0.5,0.5,0.5,genetic,genetic,genetic,0.05,20
752,844,904,0.5399475432483593,0.5756326687678348,0.513928595630083,7.886968085106383,8.625592417061611,8.324115044247788,195,3,50,0.5,0.5,0.5,genetic,genetic,genetic,0.05,20
736,847,917,0.539888380008447,0.5761691005974926,0.5142121446566298,7.732336956521739,8.37190082644628,8.394765539803707,196,3,50,0.5,0.5,0.5,genetic,genetic,genetic,0.05,20
723,836,941,0.541943126944855,0.5755398332921977,0.5140661199474192,7.746887966804979,8.141148325358852,8.20510095642933,197,3,50,0.5,0.5,0.5,genetic,genetic,genetic,0.05,20
702,833,965,0.5426362734293338,0.5766095509779164,0.5151428936060731,7.650997150997151,8.0,8.33160621761658,198,3,50,0.5,0.5,0.5,genetic,genetic,genetic,0.05,20
706,815,979,0.5446768426316024,0.5773818738463264,0.515621888121034,7.413597733711049,8.079754601226995,8.234933605720123,199,3,50,0.5,0.5,0.5,genetic,genetic,genetic,0.05,20
689,845,966,0.5431626556325804,0.5762470300803485,0.5163053814159119,7.213352685050798,7.808284023668639,8.456521739130435,200,3,50,0.5,0.5,0.5,genetic,genetic,genetic,0.05,20
695,844,961,0.5419346816105794,0.5779148913632366,0.5147595246619348,7.125179856115108,8.018957345971565,8.560874089490115,201,3,50,0.5,0.5,0.5,genetic,genetic,genetic,0.05,20
714,845,941,0.5432248780315645,0.5787854602598831,0.5147331664316003,7.014005602240896,8.242603550295858,8.703506907545165,202,3,50,0.5,0.5,0.5,genetic,genetic,genetic,0.05,20
723,836,941,0.5439812973598657,0.5785852292309377,0.5153732601926555,7.1120331950207465,8.576555023923445,8.87991498405951,203,3,50,0.5,0.5,0.5,genetic,genetic,genetic,0.05,20
762,830,908,0.5471575673834744,0.5766571517065634,0.5158873844560481,7.014435695538058,8.710843373493976,9.07819383259912,204,3,50,0.5,0.5,0.5,genetic,genetic,genetic,0.05,20
783,821,896,0.5492099959604456,0.5767950468661022,0.516567651156011,7.085568326947637,8.808769792935445,9.120535714285714,205,3,50,0.5,0.5,0.5,genetic,genetic,genetic,0.05,20
793,831,876,0.5508210318686282,0.5772471576383102,0.5166509678412664,7.095838587641866,8.896510228640192,9.125570776255708,206,3,50,0.5,0.5,0.5,genetic,genetic,genetic,0.05,20
822,808,870,0.5525777673599446,0.5779559742168646,0.5178444800489974,7.02676399026764,8.938118811881187,8.812643678160919,207,3,50,0.5,0.5,0.5,genetic,genetic,genetic,0.05,20
823,819,858,0.554507369554148,0.5764758418597677,0.5199468573755515,7.077764277035237,8.84981684981685,8.822843822843822,208,3,50,0.5,0.5,0.5,genetic,genetic,genetic,0.05,20
841,808,851,0.5536411466864671,0.5744073605399656,0.5209902660835198,7.054696789536266,8.975247524752476,8.632197414806111,209,3,50,0.5,0.5,0.5,genetic,genetic,genetic,0.05,20
851,808,841,0.5539747345044964,0.5747531282970822,0.5207003570872809,7.015276145710929,8.91460396039604,8.18192627824019,210,3,50,0.5,0.5,0.5,genetic,genetic,genetic,0.05,20
859,788,853,0.55431388004955,0.5743050347174509,0.5215953807374146,7.227008149010477,9.08502538071066,8.038686987104338,211,3,50,0.5,0.5,0.5,genetic,genetic,genetic,0.05,20
859,777,864,0.554167012520312,0.5747076392828628,0.522681745192642,7.428405122235157,8.95109395109395,7.975694444444445,212,3,50,0.5,0.5,0.5,genetic,genetic,genetic,0.05,20
872,771,857,0.5533331096971873,0.5765725005895267,0.5229269595432205,7.469036697247707,8.749675745784694,7.784130688448075,213,3,50,0.5,0.5,0.5,genetic,genetic,genetic,0.05,20
849,782,869,0.551988943332725,0.5764447342414831,0.5233555705421431,7.7962308598351004,8.51150895140665,7.871116225546605,214,3,50,0.5,0.5,0.5,genetic,genetic,genetic,0.05,20
843,797,860,0.5502930724588216,0.57681314347748,0.5235266479262489,7.9655990510083035,8.317440401505646,8.112790697674418,215,3,50,0.5,0.5,0.5,genetic,genetic,genetic,0.05,20
842,780,878,0.5490217649253749,0.5766660934221898,0.520051879413995,8.118764845605702,8.314102564102564,7.96127562642369,216,3,50,0.5,0.5,0.5,genetic,genetic,genetic,0.05,20
824,799,877,0.5479860690205005,0.5755676515860019,0.5188597675067873,8.256067961165048,8.250312891113893,8.22690992018244,217,3,50,0.5,0.5,0.5,genetic,genetic,genetic,0.05,20
839,796,865,0.5479780690771224,0.5748484343651334,0.5178740852443575,8.185935637663885,8.124371859296483,8.246242774566474,218,3,50,0.5,0.5,0.5,genetic,genetic,genetic,0.05,20
853,800,847,0.5469722335372159,0.573496523734901,0.5182252558719864,8.134818288393904,8.13875,8.475796930342385,219,3,50,0.5,0.5,0.5,genetic,genetic,genetic,0.05,20
831,834,835,0.5465756590963571,0.5737624819585083,0.5179118191192288,8.084235860409146,8.032374100719425,8.60119760479042,220,3,50,0.5,0.5,0.5,genetic,genetic,genetic,0.05,20
834,834,832,0.545771591634884,0.5736046421418856,0.5201676547821945,8.212230215827338,8.077937649880097,8.693509615384615,221,3,50,0.5,0.5,0.5,genetic,genetic,genetic,0.05,20
839,836,825,0.5467022207362162,0.5737793105241648,0.5200834687006329,8.097735399284863,8.095693779904305,8.798787878787879,222,3,50,0.5,0.5,0.5,genetic,genetic,genetic,0.05,20
856,851,793,0.5452182013704406,0.5734948889838077,0.5219357219390297,7.997663551401869,8.078730904817862,8.886506935687263,223,3,50,0.5,0.5,0.5,genetic,genetic,genetic,0.05,20
868,844,788,0.5452086788462959,0.5739761101828591,0.520560600313184,8.03225806451613,8.058056872037914,8.913705583756345,224,3,50,0.5,0.5,0.5,genetic,genetic,genetic,0.05,20
890,840,770,0.5429097981364209,0.5738190800693421,0.5197319947478928,7.849438202247191,8.276190476190477,8.75844155844156,225,3,50,0.5,0.5,0.5,genetic,genetic,genetic,0.05,20
900,829,771,0.5435367042484669,0.5716039420968789,0.5211800422904568,7.957777777777777,8.439083232810615,8.69130998702983,226,3,50,0.5,0.5,0.5,genetic,genetic,genetic,0.05,20
899,820,781,0.5423220819776816,0.5716023377401169,0.5216760544072063,8.101223581757509,8.596341463414634,8.291933418693983,227,3,50,0.5,0.5,0.5,genetic,genetic,genetic,0.05,20
915,800,785,0.5426878893375106,0.572423384102495,0.5227299654138736,8.29398907103825,8.73875,8.04968152866242,228,3,50,0.5,0.5,0.5,genetic,genetic,genetic,0.05,20
912,790,798,0.5420865307901687,0.5717465081129458,0.5241153337723792,8.544956140350877,8.694936708860759,8.053884711779448,229,3,50,0.5,0.5,0.5,genetic,genetic,genetic,0.05,20
907,763,830,0.5409876074032518,0.5693253431121934,0.523117492870066,8.638368246968026,8.719528178243774,7.890361445783133,230,3,50,0.5,0.5,0.5,genetic,genetic,genetic,0.05,20
923,747,830,0.5404555637244841,0.5674968474387216,0.5234567949672233,8.7204767063922,8.689424364123159,7.753012048192771,231,3,50,0.5,0.5,0.5,genetic,genetic,genetic,0.05,20
916,742,842,0.5400460777779629,0.5662721115516307,0.5241297036575334,8.888646288209607,8.470350404312669,7.532066508313539,232,3,50,0.5,0.5,0.5,genetic,genetic,genetic,0.05,20
900,758,842,0.5405408535886952,0.5668315771276606,0.5245864243304441,8.891111111111112,8.138522427440634,7.553444180522566,233,3,50,0.5,0.5,0.5,genetic,genetic,genetic,0.05,20
871,788,841,0.5408816897785301,0.5680475200956351,0.5239533862151795,9.103329506314582,7.822335025380711,7.747919143876338,234,3,50,0.5,0.5,0.5,genetic,genetic,genetic,0.05,20
846,822,832,0.5383371567371188,0.5666478406589073,0.5243466374790409,9.365248226950355,7.609489051094891,7.984375,235,3,50,0.5,0.5,0.5,genetic,genetic,genetic,0.05,20
830,850,820,0.5378150600099268,0.5666486870920833,0.5227833855528414,9.303614457831324,7.570588235294117,8.189024390243903,236,3,50,0.5,0.5,0.5,genetic,genetic,genetic,0.05,20
776,883,841,0.5364926964065939,0.5668929885568056,0.5233787697337654,9.295103092783505,7.486976217440543,8.294887039239,237,3,50,0.5,0.5,0.5,genetic,genetic,genetic,0.05,20
727,927,846,0.5369806227233506,0.5674636464235749,0.5246020071842733,9.08665749656121,7.46925566343042,8.5,238,3,50,0.5,0.5,0.5,genetic,genetic,genetic,0.05,20
708,959,833,0.5394434326438927,0.5684972125333378,0.5245111342187364,8.806497175141242,7.652763295099062,8.633853541416567,239,3,50,0.5,0.5,0.5,genetic,genetic,genetic,0.05,20
688,959,853,0.540189752642203,0.5683817892975076,0.5241257915690646,8.478197674418604,7.712200208550573,8.525205158264948,240,3,50,0.5,0.5,0.5,genetic,genetic,genetic,0.05,20
677,978,845,0.5413802483093844,0.567664294154057,0.5261497693030746,8.245199409158051,7.7586912065439675,8.67810650887574,241,3,50,0.5,0.5,0.5,genetic,genetic,genetic,0.05,20
672,991,837,0.5416266900180786,0.5684045195211347,0.5261915087072665,7.913690476190476,8.007063572149343,8.95221027479092,242,3,50,0.5,0.5,0.5,genetic,genetic,genetic,0.05,20
671,966,863,0.5407089798922066,0.569097679957191,0.5281684670534825,7.9120715350223545,8.24016563146998,8.834298957126304,243,3,50,0.5,0.5,0.5,genetic,genetic,genetic,0.05,20
677,937,886,0.5401712377234501,0.5694937550677422,0.5274128608166676,7.853766617429837,8.540021344717182,8.782167042889391,244,3,50,0.5,0.5,0.5,genetic,genetic,genetic,0.05,20
693,915,892,0.5391523112136287,0.5685252637359214,0.5287043147463136,7.805194805194805,8.88087431693989,8.862107623318385,245,3,50,0.5,0.5,0.5,genetic,genetic,genetic,0.05,20
690,893,917,0.5360154559798941,0.5696228916879155,0.5299396328888506,7.766666666666667,9.09070548712206,8.687022900763358,246,3,50,0.5,0.5,0.5,genetic,genetic,genetic,0.05,20
695,897,908,0.5362459530465103,0.5697395525361597,0.530178149660819,7.515107913669064,9.263099219620958,8.763215859030836,247,3,50,0.5,0.5,0.5,genetic,genetic,genetic,0.05,20
705,856,939,0.5340188086006573,0.570292821671604,0.5298679542739134,7.530496453900709,9.405373831775702,8.564430244941427,248,3,50,0.5,0.5,0.5,genetic,genetic,genetic,0.05,20
711,842,947,0.5347656238800234,0.5695066764103672,0.5291244730463097,7.568213783403657,9.507125890736342,8.593453009503696,249,3,50,0.5,0.5,0.5,genetic,genetic,genetic,0.05,20
733,825,942,0.534061582961341,0.5696499872734528,0.5297609620102854,7.4802182810368345,9.705454545454545,8.663481953290871,250,3,50,0.5,0.5,0.5,genetic,genetic,genetic,0.05,20
770,790,940,0.5345001264858928,0.5702727298593072,0.5295413395937396,7.415584415584416,9.613924050632912,8.571276595744681,251,3,50,0.5,0.5,0.5,genetic,genetic,genetic,0.05,20
790,763,947,0.534375133450222,0.5697859142083507,0.5295212606000337,7.375949367088608,9.422018348623853,8.518479408658923,252,3,50,0.5,0.5,0.5,genetic,genetic,genetic,0.05,20
817,747,936,0.5338858584411177,0.5704383998735361,0.5284519791061155,7.314565483476132,9.42570281124498,8.490384615384615,253,3,50,0.5,0.5,0.5,genetic,genetic,genetic,0.05,20
850,743,907,0.5341742928888575,0.5722174559348556,0.5311687091150264,7.138823529411765,9.274562584118438,8.562293274531422,254,3,50,0.5,0.5,0.5,genetic,genetic,genetic,0.05,20
869,732,899,0.5361152418805244,0.5729911912852174,0.5301840186607595,7.1645569620253164,9.236338797814208,8.579532814238043,255,3,50,0.5,0.5,0.5,genetic,genetic,genetic,0.05,20
866,721,913,0.5353239559516275,0.5731581332188045,0.5310079962549537,7.277136258660508,8.862690707350902,8.409638554216867,256,3,50,0.5,0.5,0.5,genetic,genetic,genetic,0.05,20
852,748,900,0.5373486563255564,0.5720703754544328,0.5297901674998232,7.335680751173709,8.406417112299465,8.498888888888889,257,3,50,0.5,0.5,0.5,genetic,genetic,genetic,0.05,20
878,735,887,0.5360180874393163,0.5710985093603761,0.5290795539976721,7.3223234624145785,8.118367346938776,8.453213077790304,258,3,50,0.5,0.5,0.5,genetic,genetic,genetic,0.05,20
885,721,894,0.5362340302471208,0.5693056300609947,0.5285916710618239,7.435028248587571,7.812760055478502,8.391498881431767,259,3,50,0.5,0.5,0.5,genetic,genetic,genetic,0.05,20
889,742,869,0.5349197281872108,0.5691131513743748,0.5275865673603124,7.528683914510686,7.622641509433962,8.375143843498273,260,3,50,0.5,0.5,0.5,genetic,genetic,genetic,0.05,20
902,732,866,0.5349670473421235,0.5697663871616172,0.5287650165672728,7.6496674057649665,7.5724043715847,8.353348729792147,261,3,50,0.5,0.5,0.5,genetic,genetic,genetic,0.05,20
914,732,854,0.5348951335459184,0.5703822712990311,0.5278812420824494,7.855579868708972,7.64344262295082,8.326697892271662,262,3,50,0.5,0.5,0.5,genetic,genetic,genetic,0.05,20
918,738,844,0.5350946040615602,0.5703049760304595,0.5266252389219187,8.019607843137255,7.563685636856369,8.458530805687204,263,3,50,0.5,0.5,0.5,genetic,genetic,genetic,0.05,20
926,748,826,0.5343400050317937,0.5706656004906003,0.5284350924162268,8.002159827213823,7.489304812834225,8.628329297820823,264,3,50,0.5,0.5,0.5,genetic,genetic,genetic,0.05,20
923,770,807,0.5348293091332379,0.5710125240877683,0.5286501859800599,8.114842903575298,7.375324675324675,8.81908302354399,265,3,50,0.5,0.5,0.5,genetic,genetic,genetic,0.05,20
900,780,820,0.534020123709036,0.5688177704007351,0.5293754122735849,8.175555555555556,7.12948717948718,8.759756097560976,266,3,50,0.5,0.5,0.5,genetic,genetic,genetic,0.05,20
875,816,809,0.5328951965836516,0.5696165189249424,0.5301823938771798,8.006857142857143,6.924019607843137,8.766378244746601,267,3,50,0.5,0.5,0.5,genetic,genetic,genetic,0.05,20
869,830,801,0.5326319674111463,0.5696578566148212,0.52994971752218,8.001150747986191,6.879518072289157,8.652933832709113,268,3,50,0.5,0.5,0.5,genetic,genetic,genetic,0.05,20
863,844,793,0.5326520713170808,0.5681942769408571,0.5312487186422045,8.081112398609502,7.007109004739337,8.614123581336695,269,3,50,0.5,0.5,0.5,genetic,genetic,genetic,0.05,20
886,862,752,0.5324779250948449,0.5676899501270397,0.532769992747556,7.928893905191874,7.281902552204176,8.559840425531915,270,3,50,0.5,0.5,0.5,genetic,genetic,genetic,0.05,20
892,866,742,0.5324449949049018,0.5661879626040975,0.534563287143129,8.004484304932735,7.494226327944573,8.621293800539084,271,3,50,0.5,0.5,0.5,genetic,genetic,genetic,0.05,20
856,879,765,0.5333146836060678,0.5646218560011109,0.5343409263834432,8.314252336448599,7.56769055745165,8.54640522875817,272,3,50,0.5,0.5,0.5,genetic,genetic,genetic,0.05,20
838,902,760,0.5311307410844074,0.5646810103464607,0.5353382082139725,8.411694510739856,7.701773835920178,8.667105263157895,273,3,50,0.5,0.5,0.5,genetic,genetic,genetic,0.05,20
826,921,753,0.5332758379496453,0.5633009692502206,0.536080989638209,8.354721549636803,7.726384364820847,8.564409030544489,274,3,50,0.5,0.5,0.5,genetic,genetic,genetic,0.05,20
828,930,742,0.5321951743561931,0.5637419827925855,0.539197650678915,8.206521739130435,7.881720430107527,8.297843665768195,275,3,50,0.5,0.5,0.5,genetic,genetic,genetic,0.05,20
829,912,759,0.5309843184268054,0.566110420884555,0.5399013766832276,8.277442702050664,7.9660087719298245,7.9354413702239786,276,3,50,0.5,0.5,0.5,genetic,genetic,genetic,0.05,20
826,900,774,0.5302693461405512,0.5669217736698138,0.5413043809678881,8.566585956416464,8.176666666666666,7.850129198966409,277,3,50,0.5,0.5,0.5,genetic,genetic,genetic,0.05,20
840,898,762,0.5299154949426456,0.5672822343128842,0.5422740908636552,8.43095238095238,8.449888641425389,7.896325459317585,278,3,50,0.5,0.5,0.5,genetic,genetic,genetic,0.05,20
856,890,754,0.5296254439874954,0.565589983693557,0.5452420913167724,8.55841121495327,8.741573033707866,7.911140583554377,279,3,50,0.5,0.5,0.5,genetic,genetic,genetic,0.05,20
862,897,741,0.5296748725436841,0.5664642966732627,0.5460103372542631,8.531322505800464,8.775919732441471,7.724696356275303,280,3,50,0.5,0.5,0.5,genetic,genetic,genetic,0.05,20
840,913,747,0.5286557460102812,0.5664563985927289,0.5450901226290307,8.89047619047619,8.863088718510406,7.783132530120482,281,3,50,0.5,0.5,0.5,genetic,genetic,genetic,0.05,20
845,922,733,0.5287957197010181,0.5664458254875747,0.545193708842235,8.69112426035503,8.950108459869849,7.680763983628922,282,3,50,0.5,0.5,0.5,genetic,genetic,genetic,0.05,20
842,916,742,0.5294187675135785,0.5666291975760726,0.5470011045197648,8.621140142517815,8.975982532751091,7.580862533692723,283,3,50,0.5,0.5,0.5,genetic,genetic,genetic,0.05,20
826,894,780,0.5293868686525203,0.5669800840309223,0.5488115224874888,8.864406779661017,9.058165548098435,7.380769230769231,284,3,50,0.5,0.5,0.5,genetic,genetic,genetic,0.05,20
806,885,809,0.5284967627642903,0.5676135968606376,0.5494516908144077,8.998759305210918,8.889265536723164,7.370828182941904,285,3,50,0.5,0.5,0.5,genetic,genetic,genetic,0.05,20
803,883,814,0.5292323491317652,0.5648934187079085,0.5499306184770848,8.825653798256537,8.85277463193658,7.5085995085995085,286,3,50,0.5,0.5,0.5,genetic,genetic,genetic,0.05,20
793,899,808,0.5302063066354324,0.564847475932562,0.5502132411888532,8.954602774274905,8.807563959955505,7.612623762376238,287,3,50,0.5,0.5,0.5,genetic,genetic,genetic,0.05,20
805,873,822,0.5307155653808152,0.5656441231106863,0.5509606380580592,8.909316770186335,8.852233676975946,7.469586374695864,288,3,50,0.5,0.5,0.5,genetic,genetic,genetic,0.05,20
814,870,816,0.5318242570281272,0.5657634405839957,0.5486263604741863,8.72113022113022,8.663218390804598,7.4338235294117645,289,3,50,0.5,0.5,0.5,genetic,genetic,genetic,0.05,20
824,851,825,0.5331307377384763,0.5651516382666988,0.5482353676721866,8.70995145631068,8.803760282021152,7.420606060606061,290,3,50,0.5,0.5,0.5,genetic,genetic,genetic,0.05,20
833,830,837,0.5348014152753547,0.5662989208688805,0.5481857566511436,8.739495798319327,8.840963855421688,7.43010752688172,291,3,50,0.5,0.5,0.5,genetic,genetic,genetic,0.05,20
851,834,815,0.5356396443287246,0.5657866332684982,0.5464710543474869,8.770857814336075,8.87410071942446,7.56319018404908,292,3,50,0.5,0.5,0.5,genetic,genetic,genetic,0.05,20
857,832,811,0.5359401909802408,0.5672231542236715,0.5466990382398383,8.682613768961494,8.719951923076923,7.659679408138101,293,3,50,0.5,0.5,0.5,genetic,genetic,genetic,0.05,20
864,833,803,0.5356778721064414,0.5694223808965847,0.5453911319940252,8.788194444444445,8.9015606242497,7.834371108343711,294,3,50,0.5,0.5,0.5,genetic,genetic,genetic,0.05,20
861,828,811,0.5362216913251656,0.5710065536188776,0.5448563115478692,9.003484320557492,9.19927536231884,8.073982737361282,295,3,50,0.5,0.5,0.5,genetic,genetic,genetic,0.05,20
855,850,795,0.5357655245840615,0.5710246678155159,0.5452868390408284,8.639766081871345,8.934117647058823,8.065408805031447,296,3,50,0.5,0.5,0.5,genetic,genetic,genetic,0.05,20
839,866,795,0.5348941241662891,0.5704165434252897,0.5444212679301937,8.631704410011919,8.98498845265589,8.193710691823899,297,3,50,0.5,0.5,0.5,genetic,genetic,genetic,0.05,20
858,863,779,0.5355962459184979,0.5694371824078895,0.5437374798367267,8.682983682983682,9.331402085747392,8.326059050064185,298,3,50,0.5,0.5,0.5,genetic,genetic,genetic,0.05,20
855,856,789,0.5347729523329192,0.5683445406563451,0.5424539507916468,8.669005847953215,9.378504672897197,8.229404309252217,299,3,50,0.5,0.5,0.5,genetic,genetic,genetic,0.05,20
873,858,769,0.5361611748982651,0.5682040628360152,0.5407673392775947,8.400916380297824,9.506993006993007,8.217165149544863,300,3,50,0.5,0.5,0.5,genetic,genetic,genetic,0.05,20
867,850,783,0.5359563122100385,0.5681092431539426,0.5395222533551758,8.44636678200692,9.48235294117647,8.15581098339719,301,3,50,0.5,0.5,0.5,genetic,genetic,genetic,0.05,20
879,848,773,0.537447932805151,0.5679665119765825,0.5400513497511379,8.554038680318543,9.617924528301886,8.231565329883571,302,3,50,0.5,0.5,0.5,genetic,genetic,genetic,0.05,20
892,836,772,0.5386342360584265,0.569187171800849,0.5408225312946036,8.489910313901346,9.561004784688995,8.069948186528498,303,3,50,0.5,0.5,0.5,genetic,genetic,genetic,0.05,20
889,833,778,0.5384560603836385,0.5687591115357982,0.5394824236746788,8.530933633295838,9.58343337334934,8.043701799485861,304,3,50,0.5,0.5,0.5,genetic,genetic,genetic,0.05,20
892,842,766,0.5382808488596037,0.5703379356307867,0.539375979446506,8.445067264573991,9.54394299287411,7.83289817232376,305,3,50,0.5,0.5,0.5,genetic,genetic,genetic,0.05,20
882,847,771,0.5390661747651948,0.5694913970459499,0.5422023374594291,8.386621315192743,9.306965761511217,7.719844357976654,306,3,50,0.5,0.5,0.5,genetic,genetic,genetic,0.05,20
884,855,761,0.5404061375142672,0.5685467943262404,0.5394886358048928,8.44343891402715,9.169590643274853,7.607095926412615,307,3,50,0.5,0.5,0.5,genetic,genetic,genetic,0.05,20
883,851,766,0.5409899790469404,0.5670793844197678,0.5384864972994258,8.406568516421292,9.1786133960047,7.528720626631854,308,3,50,0.5,0.5,0.5,genetic,genetic,genetic,0.05,20
873,841,786,0.541707154662041,0.5667578061645543,0.53454982716552,8.437571592210768,8.832342449464923,7.407124681933842,309,3,50,0.5,0.5,0.5,genetic,genetic,genetic,0.05,20
855,857,788,0.5410467999484324,0.5676697766747093,0.5358467686842485,8.443274853801169,8.656942823803968,7.569796954314721,310,3,50,0.5,0.5,0.5,genetic,genetic,genetic,0.05,20
835,892,773,0.5418318757761806,0.5682715479512218,0.5354761823914229,8.402395209580838,8.20627802690583,7.667529107373868,311,3,50,0.5,0.5,0.5,genetic,genetic,genetic,0.05,20
803,912,785,0.5408568793650401,0.5702972584597439,0.534245697858459,8.278953922789539,8.015350877192983,7.6598726114649685,312,3,50,0.5,0.5,0.5,genetic,genetic,genetic,0.05,20
762,958,780,0.5418238765863509,0.5715684147174075,0.5349769764031232,8.11023622047244,7.645093945720251,7.660256410256411,313,3,50,0.5,0.5,0.5,genetic,genetic,genetic,0.05,20
743,972,785,0.5401518046822269,0.5707406124019706,0.5338890693897009,8.06729475100942,7.530864197530864,7.6828025477707005,314,3,50,0.5,0.5,0.5,genetic,genetic,genetic,0.05,20
740,978,782,0.5411929876500161,0.5692657985358374,0.5339452130649924,7.781081081081081,7.487730061349693,7.707161125319693,315,3,50,0.5,0.5,0.5,genetic,genetic,genetic,0.05,20
704,992,804,0.5396430378714419,0.5696474782561403,0.5343039797525957,7.907670454545454,7.608870967741935,7.840796019900497,316,3,50,0.5,0.5,0.5,genetic,genetic,genetic,0.05,20
703,970,827,0.5392112396600479,0.5709737798015706,0.5338384064971846,7.960170697012802,7.792783505154639,7.747279322853688,317,3,50,0.5,0.5,0.5,genetic,genetic,genetic,0.05,20
695,971,834,0.539116894184433,0.5717474362908692,0.5366671527839237,7.693525179856115,7.8815653964984556,7.793764988009593,318,3,50,0.5,0.5,0.5,genetic,genetic,genetic,0.05,20
683,973,844,0.5395818711450329,0.5724654895299868,0.5360523867602589,7.6281112737920935,8.12846865364851,7.792654028436019,319,3,50,0.5,0.5,0.5,genetic,genetic,genetic,0.05,20
665,962,873,0.5418087517959858,0.5730882247458812,0.5362475234967754,7.437593984962406,8.12993762993763,7.854524627720504,320,3,50,0.5,0.5,0.5,genetic,genetic,genetic,0.05,20
660,957,883,0.5420575115515388,0.5727365776340492,0.5372385280601067,7.457575757575758,8.322884012539184,7.917327293318233,321,3,50,0.5,0.5,0.5,genetic,genetic,genetic,0.05,20
652,935,913,0.5442216177345911,0.5724333096642676,0.5372307199245108,7.432515337423313,8.418181818181818,7.859802847754655,322,3,50,0.5,0.5,0.5,genetic,genetic,genetic,0.05,20
665,921,914,0.5462415376006337,0.5738428186537465,0.5368703589593089,7.282706766917293,8.84256243213898,7.9179431072210065,323,3,50,0.5,0.5,0.5,genetic,genetic,genetic,0.05,20
686,885,929,0.5467283230312571,0.5743137158205034,0.538028748866012,7.119533527696793,8.891525423728813,7.778256189451023,324,3,50,0.5,0.5,0.5,genetic,genetic,genetic,0.05,20
700,849,951,0.5479025947928345,0.5744482153580217,0.5385951910770836,7.25,9.134275618374557,7.8349106203995795,325,3,50,0.5,0.5,0.5,genetic,genetic,genetic,0.05,20
694,828,978,0.5492114049879363,0.5748622249974021,0.5392038671208381,7.482708933717579,9.278985507246377,7.945807770961145,326,3,50,0.5,0.5,0.5,genetic,genetic,genetic,0.05,20
722,793,985,0.5502298435504097,0.5762612975389817,0.5382255380567924,7.541551246537396,9.491803278688524,8.029441624365482,327,3,50,0.5,0.5,0.5,genetic,genetic,genetic,0.05,20
741,753,1006,0.5513893782440086,0.5782707839398986,0.5370976574774077,7.5964912280701755,9.660026560424967,8.030815109343937,328,3,50,0.5,0.5,0.5,genetic,genetic,genetic,0.05,20
750,724,1026,0.5503323726472387,0.5793583428184552,0.5360704871669921,7.737333333333333,9.662983425414364,8.167641325536062,329,3,50,0.5,0.5,0.5,genetic,genetic,genetic,0.05,20
767,704,1029,0.5529179947244083,0.5802861629499861,0.5360234995980613,7.636245110821382,9.441761363636363,8.284742468415939,330,3,50,0.5,0.5,0.5,genetic,genetic,genetic,0.05,20
796,674,1030,0.5529995482857082,0.5802831246602267,0.5345751021708791,7.692211055276382,9.40207715133531,8.258252427184466,331,3,50,0.5,0.5,0.5,genetic,genetic,genetic,0.05,20
818,653,1029,0.5530615451424582,0.5812201420905214,0.533799622234535,7.84963325183374,9.272588055130168,8.45092322643343,332,3,50,0.5,0.5,0.5,genetic,genetic,genetic,0.05,20
861,625,1014,0.5551322427454843,0.582104534846605,0.5336474915414415,7.846689895470384,9.1264,8.586785009861932,333,3,50,0.5,0.5,0.5,genetic,genetic,genetic,0.05,20
872,617,1011,0.5557424559367123,0.5837753992213098,0.5321524286097787,7.915137614678899,8.914100486223663,8.615232443125619,334,3,50,0.5,0.5,0.5,genetic,genetic,genetic,0.05,20
904,621,975,0.5559068733412887,0.5860382906538553,0.5288571366977878,7.792035398230088,8.325281803542673,8.77948717948718,335,3,50,0.5,0.5,0.5,genetic,genetic,genetic,0.05,20
918,628,954,0.5561649943891982,0.5859518064770535,0.5297050473029069,7.847494553376906,7.955414012738854,8.9937106918239,336,3,50,0.5,0.5,0.5,genetic,genetic,genetic,0.05,20
931,654,915,0.556191291543181,0.5883669915080751,0.5278339913968847,7.883995703544576,7.605504587155964,9.053551912568306,337,3,50,0.5,0.5,0.5,genetic,genetic,genetic,0.05,20
953,660,887,0.5566947609899022,0.5894167491052263,0.5284732303984512,7.928646379853095,7.316666666666666,9.022547914317926,338,3,50,0.5,0.5,0.5,genetic,genetic,genetic,0.05,20
957,683,860,0.5575563806270675,0.590295184432479,0.5284726182487,7.878787878787879,7.155197657393851,9.033720930232558,339,3,50,0.5,0.5,0.5,genetic,genetic,genetic,0.05,20
970,702,828,0.5585617904962271,0.5923801836710956,0.5282748087527671,7.81340206185567,7.066951566951567,8.8743961352657,340,3,50,0.5,0.5,0.5,genetic,genetic,genetic,0.05,20
983,720,797,0.5588582549854596,0.5915888227931276,0.5278109436338577,7.879959308240081,6.955555555555556,8.775407779171895,341,3,50,0.5,0.5,0.5,genetic,genetic,genetic,0.05,20
992,717,791,0.5589308576200618,0.5927715347816448,0.527832226577691,8.03225806451613,6.806136680613668,8.747155499367889,342,3,50,0.5,0.5,0.5,genetic,genetic,genetic,0.05,20
985,750,765,0.5606047135884533,0.5913936394666113,0.5278925082872001,8.054822335025381,6.750666666666667,8.566013071895425,343,3,50,0.5,0.5,0.5,genetic,genetic,genetic,0.05,20
953,795,752,0.5616231197178675,0.5905016892661321,0.5279300997763543,8.207764952780693,6.577358490566038,8.523936170212766,344,3,50,0.5,0.5,0.5,genetic,genetic,genetic,0.05,20
948,810,742,0.5611078368569086,0.588232335458201,0.5284768759254039,8.356540084388186,6.679012345679013,8.297843665768195,345,3,50,0.5,0.5,0.5,genetic,genetic,genetic,0.05,20
936,818,746,0.5628722302180043,0.587055542282119,0.5293708110162555,8.466880341880342,6.71638141809291,7.985254691689008,346,3,50,0.5,0.5,0.5,genetic,genetic,genetic,0.05,20
933,828,739,0.561888679064381,0.5868108901583536,0.5299593200663367,8.610932475884244,6.908212560386473,7.838971583220569,347,3,50,0.5,0.5,0.5,genetic,genetic,genetic,0.05,20
942,832,726,0.5624365440748719,0.5886466629147498,0.5330302475202545,8.76751592356688,7.179086538461538,7.65426997245179,348,3,50,0.5,0.5,0.5,genetic,genetic,genetic,0.05,20
906,849,745,0.5617581850150662,0.5880024860907854,0.5365473522721664,8.955849889624725,7.207302709069493,7.740939597315436,349,3,50,0.5,0.5,0.5,genetic,genetic,genetic,0.05,20
885,861,754,0.5624586713621118,0.587068899705434,0.5390828872783776,9.071186440677966,7.2020905923344944,7.680371352785146,350,3,50,0.5,0.5,0.5,genetic,genetic,genetic,0.05,20
886,864,750,0.5637366722374845,0.5870563075486368,0.5409900720886475,9.053047404063205,7.309027777777778,7.601333333333334,351,3,50,0.5,0.5,0.5,genetic,genetic,genetic,0.05,20
860,897,743,0.5619567747490998,0.587950063651125,0.5427439716850735,9.18720930232558,7.411371237458194,7.927321668909825,352,3,50,0.5,0.5,0.5,genetic,genetic,genetic,0.05,20
837,936,727,0.5604980899566153,0.5888155934826743,0.5430398349717542,8.810035842293907,7.492521367521367,8.063273727647868,353,3,50,0.5,0.5,0.5,genetic,genetic,genetic,0.05,20
800,984,716,0.5617377230217686,0.5889652402196366,0.5430332436937166,8.49875,7.419715447154472,8.02094972067039,354,3,50,0.5,0.5,0.5,genetic,genetic,genetic,0.05,20
765,986,749,0.5606312407310144,0.5906264137817967,0.5450156006366564,8.498039215686275,7.466531440162272,7.883845126835781,355,3,50,0.5,0.5,0.5,genetic,genetic,genetic,0.05,20
744,1015,741,0.5619195168936639,0.5892477133452907,0.5461129429180349,8.150537634408602,7.6689655172413795,7.847503373819163,356,3,50,0.5,0.5,0.5,genetic,genetic,genetic,0.05,20
721,1053,726,0.5624368976892358,0.5895523700630907,0.5460146899460758,7.9639389736477115,7.684710351377018,7.980716253443526,357,3,50,0.5,0.5,0.5,genetic,genetic,genetic,0.05,20
703,1060,737,0.564509477654721,0.5898317890366296,0.5470722240195321,7.917496443812233,7.686792452830189,7.941655359565807,358,3,50,0.5,0.5,0.5,genetic,genetic,genetic,0.05,20
687,1065,748,0.5623734144522203,0.5915617008623845,0.549145578111597,7.748180494905386,7.908920187793427,7.945187165775401,359,3,50,0.5,0.5,0.5,genetic,genetic,genetic,0.05,20
654,1047,799,0.559039999336208,0.5928212596015355,0.5485310072490562,7.845565749235474,8.098376313276027,7.667083854818523,360,3,50,0.5,0.5,0.5,genetic,genetic,genetic,0.05,20
637,1042,821,0.559702103317953,0.5922023285175836,0.5472383995913571,7.667189952904239,8.22552783109405,7.5785627283800245,361,3,50,0.5,0.5,0.5,genetic,genetic,genetic,0.05,20
630,1043,827,0.5592632466465363,0.5930359061518424,0.5473117173545252,7.447619047619048,8.499520613614573,7.646916565900846,362,3,50,0.5,0.5,0.5,genetic,genetic,genetic,0.05,20
639,1026,835,0.5605347895185231,0.5933613481092118,0.5478551852940557,7.305164319248826,8.816764132553606,7.566467065868263,363,3,50,0.5,0.5,0.5,genetic,genetic,genetic,0.05,20
617,994,889,0.5594125435634185,0.5940871324855039,0.5491935440671605,7.39870340356564,9.080482897384305,7.460067491563555,364,3,50,0.5,0.5,0.5,genetic,genetic,genetic,0.05,20
634,953,913,0.5578457697289406,0.5912936363261717,0.5501463298636218,7.211356466876971,9.334732423924448,7.429353778751369,365,3,50,0.5,0.5,0.5,genetic,genetic,genetic,0.05,20
636,935,929,0.5572566674048323,0.5917184297412981,0.5512002276809773,7.089622641509434,9.325133689839571,7.556512378902045,366,3,50,0.5,0.5,0.5,genetic,genetic,genetic,0.05,20
609,935,956,0.5551040528140877,0.5919896337738265,0.5519291574361528,7.185550082101806,9.27379679144385,7.802301255230126,367,3,50,0.5,0.5,0.5,genetic,genetic,genetic,0.05,20
609,890,1001,0.5545863216212499,0.589897514215533,0.5526100419739935,7.188834154351396,9.344943820224719,7.678321678321678,368,3,50,0.5,0.5,0.5,genetic,genetic,genetic,0.05,20
596,857,1047,0.5573336622120089,0.5886566600099674,0.553298408424404,7.280201342281879,9.185530921820304,7.615090735434575,369,3,50,0.5,0.5,0.5,genetic,genetic,genetic,0.05,20
587,833,1080,0.5591217897769399,0.5921350737574349,0.5537577520465737,7.066439522998296,9.112845138055222,7.687037037037037,370,3,50,0.5,0.5,0.5,genetic,genetic,genetic,0.05,20
614,794,1092,0.5588670184489976,0.5930858338256378,0.5532132959821762,6.921824104234528,9.191435768261965,7.839743589743589,371,3,50,0.5,0.5,0.5,genetic,genetic,genetic,0.05,20
636,761,1103,0.5611599732354232,0.5932528321202366,0.5521111604811321,6.595911949685535,9.106438896189225,7.921124206708975,372,3,50,0.5,0.5,0.5,genetic,genetic,genetic,0.05,20
651,723,1126,0.5613756488481106,0.5941167876393265,0.5521773668371641,6.646697388632872,9.116182572614107,8.173179396092362,373,3,50,0.5,0.5,0.5,genetic,genetic,genetic,0.05,20
716,686,1098,0.5621679269398243,0.5938774389793066,0.5513575198062589,6.611731843575419,9.56268221574344,8.507285974499089,374,3,50,0.5,0.5,0.5,genetic,genetic,genetic,0.05,20
750,671,1079,0.5616964858630937,0.5935292065839466,0.5519109047210151,6.533333333333333,9.391952309985097,8.759036144578314,375,3,50,0.5,0.5,0.5,genetic,genetic,genetic,0.05,20
797,623,1080,0.5613938037479254,0.5935742573333705,0.5525102755416862,6.698870765370138,9.512038523274478,8.84074074074074,376,3,50,0.5,0.5,0.5,genetic,genetic,genetic,0.05,20
869,594,1037,0.5619027706651862,0.5928294983506437,0.5530413252968545,6.720368239355581,9.816498316498317,8.969141755062681,377,3,50,0.5,0.5,0.5,genetic,genetic,genetic,0.05,20
937,558,1005,0.5621993506448898,0.5916466680856748,0.5534154752977744,6.803628601921025,9.842293906810037,9.064676616915422,378,3,50,0.5,0.5,0.5,genetic,genetic,genetic,0.05,20
978,540,982,0.5625338693019517,0.5917632667396047,0.5525682385748848,7.069529652351738,9.78888888888889,9.293279022403258,379,3,50,0.5,0.5,0.5,genetic,genetic,genetic,0.05,20
1016,537,947,0.5623069686972432,0.5923037574514949,0.5527806946777688,7.255905511811024,9.430167597765363,9.50052798310454,380,3,50,0.5,0.5,0.5,genetic,genetic,genetic,0.05,20
1052,558,890,0.5642113013169516,0.5950709079299356,0.5545067224566246,7.247148288973384,8.775985663082437,9.510112359550561,381,3,50,0.5,0.5,0.5,genetic,genetic,genetic,0.05,20
1094,558,848,0.5652978813813044,0.5963323623099697,0.5539789081646602,7.451553930530165,8.385304659498209,9.482311320754716,382,3,50,0.5,0.5,0.5,genetic,genetic,genetic,0.05,20
1124,570,806,0.566179908829321,0.596435993838197,0.5527701801219225,7.5186832740213525,7.992982456140351,9.25682382133995,383,3,50,0.5,0.5,0.5,genetic,genetic,genetic,0.05,20
1150,586,764,0.5663276681613169,0.5982384342831867,0.5528312941635499,7.688695652173913,7.320819112627986,8.964659685863875,384,3,50,0.5,0.5,0.5,genetic,genetic,genetic,0.05,20
1155,608,737,0.5666052165011747,0.5978751843694774,0.5533386233533765,7.815584415584415,6.871710526315789,8.645861601085482,385,3,50,0.5,0.5,0.5,genetic,genetic,genetic,0.05,20
1148,653,699,0.5665864138346064,0.5991320086823521,0.5578540470278691,8.029616724738675,6.586523736600307,8.609442060085836,386,3,50,0.5,0.5,0.5,genetic,genetic,genetic,0.05,20
1134,679,687,0.5662934663094202,0.5988046568833076,0.5585995926582337,8.373015873015873,6.240058910162003,8.301310043668122,387,3,50,0.5,0.5,0.5,genetic,genetic,genetic,0.05,20
1104,723,673,0.5667305093608559,0.5988249881431564,0.5612276728236252,8.816123188405797,6.201936376210235,8.435364041604755,388,3,50,0.5,0.5,0.5,genetic,genetic,genetic,0.05,20
1118,739,643,0.5681716072337493,0.5976524648065202,0.5603995430953966,9.074239713774597,6.485791610284168,8.548989113530327,389,3,50,0.5,0.5,0.5,genetic,genetic,genetic,0.05,20
1121,757,622,0.5699182327444702,0.5974455999081204,0.561051746315517,9.291703835860838,6.708058124174372,8.528938906752412,390,3,50,0.5,0.5,0.5,genetic,genetic,genetic,0.05,20
1083,783,634,0.5703788636324886,0.5986190683216659,0.559690100888337,9.591874422899354,6.831417624521073,8.566246056782335,391,3,50,0.5,0.5,0.5,genetic,genetic,genetic,0.05,20
1057,796,647,0.5723459488902374,0.5994347562678446,0.5604215731519753,9.927152317880795,6.938442211055277,8.39258114374034,392,3,50,0.5,0.5,0.5,genetic,genetic,genetic,0.05,20
1046,813,641,0.5732000096912807,0.6011332771110818,0.5588515721402183,10.202676864244742,7.232472324723247,8.455538221528862,393,3,50,0.5,0.5,0.5,genetic,genetic,genetic,0.05,20
1018,830,652,0.572679533905476,0.6023153994329203,0.5613231352066876,10.534381139489195,7.460240963855422,8.504601226993865,394,3,50,0.5,0.5,0.5,genetic,genetic,genetic,0.05,20
974,856,670,0.5739186892313938,0.602162968546362,0.5633173719345685,10.979466119096509,7.477803738317757,8.452238805970149,395,3,50,0.5,0.5,0.5,genetic,genetic,genetic,0.05,20
962,862,676,0.5736002141085822,0.6002206464795861,0.5626458967709704,11.015592515592516,7.627610208816705,8.2603550295858,396,3,50,0.5,0.5,0.5,genetic,genetic,genetic,0.05,20
930,867,703,0.5714201185866035,0.5991036306728054,0.566082885773956,11.175268817204302,7.67358708189158,8.16927453769559,397,3,50,0.5,0.5,0.5,genetic,genetic,genetic,0.05,20
909,846,745,0.5715864809236627,0.5980457859349568,0.5638998678236546,11.567656765676567,8.070921985815604,7.966442953020135,398,3,50,0.5,0.5,0.5,genetic,genetic,genetic,0.05,20
881,841,778,0.5723319473780636,0.5976726546583545,0.5669811094862692,11.80249716231555,8.22473246135553,7.906169665809768,399,3,50,0.5,0.5,0.5,genetic,genetic,genetic,0.05,20
865,829,806,0.572601407015933,0.5972003475577998,0.5691668852093111,12.01849710982659,8.38962605548854,8.016129032258064,400,3,50,0.5,0.5,0.5,genetic,genetic,genetic,0.05,20
833,824,843,0.5712866676323666,0.5952748074573135,0.5687979883614365,12.040816326530612,8.271844660194175,7.9644128113879,401,3,50,0.5,0.5,0.5,genetic,genetic,genetic,0.05,20
797,819,884,0.5711243441705212,0.5948412397275751,0.5691518358024332,12.010037641154328,7.934065934065934,7.865384615384615,402,3,50,0.5,0.5,0.5,genetic,genetic,genetic,0.05,20
797,810,893,0.5737090250229263,0.5947530901583434,0.566286526832547,11.533249686323714,8.04567901234568,7.782754759238522,403,3,50,0.5,0.5,0.5,genetic,genetic,genetic,0.05,20
779,786,935,0.5747867968464393,0.5937229983549457,0.5656446999064328,11.60462130937099,8.16793893129771,7.898395721925134,404,3,50,0.5,0.5,0.5,genetic,genetic,genetic,0.05,20
780,794,926,0.5754963551810166,0.5931727391783569,0.5672773611815992,11.162820512820513,8.096977329974811,8.118790496760258,405,3,50,0.5,0.5,0.5,genetic,genetic,genetic,0.05,20
788,790,922,0.5779729348514291,0.5927103566128803,0.5684094792224692,10.774111675126903,8.043037974683545,8.191973969631237,406,3,50,0.5,0.5,0.5,genetic,genetic,genetic,0.05,20
799,786,915,0.5787416747392989,0.5930980371855291,0.5693732495095672,10.37046307884856,8.045801526717558,8.391256830601092,407,3,50,0.5,0.5,0.5,genetic,genetic,genetic,0.05,20
819,785,896,0.5790023699949681,0.592411910443449,0.5680769498293305,9.75946275946276,7.9796178343949045,8.537946428571429,408,3,50,0.5,0.5,0.5,genetic,genetic,genetic,0.05,20
837,782,881,0.5797196064185476,0.5938593793101623,0.568862283281363,9.254480286738351,7.948849104859335,8.77639046538025,409,3,50,0.5,0.5,0.5,genetic,genetic,genetic,0.05,20
865,762,873,0.5794550121652365,0.5935334409995716,0.5693747529908271,9.129479768786128,8.097112860892388,8.839633447880871,410,3,50,0.5,0.5,0.5,genetic,genetic,genetic,0.05,20
899,781,820,0.5799975331552477,0.5948998355167653,0.570131746409211,8.580645161290322,8.19718309859155,9.084146341463414,411,3,50,0.5,0.5,0.5,genetic,genetic,genetic,0.05,20
922,772,806,0.5799455307104142,0.5959149185445968,0.5722240612941405,8.238611713665943,8.196891191709845,8.96774193548387,412,3,50,0.5,0.5,0.5,genetic,genetic,genetic,0.05,20
940,778,782,0.5800864962959181,0.59641611653385,0.573364917741865,8.036170212765958,8.2133676092545,8.953964194373402,413,3,50,0.5,0.5,0.5,genetic,genetic,genetic,0.05,20
964,788,748,0.5787587218836482,0.5960918778920753,0.5740420986497329,7.871369294605809,8.17766497461929,8.675133689839573,414,3,50,0.5,0.5,0.5,genetic,genetic,genetic,0.05,20
971,781,748,0.5790699744774139,0.5969270923523008,0.5724442834454595,8.073120494335736,8.119078104993598,8.272727272727273,415,3,50,0.5,0.5,0.5,genetic,genetic,genetic,0.05,20
959,776,765,0.5791758046139321,0.5968136748735813,0.573061642037733,8.259645464025025,7.921391752577319,7.949019607843137,416,3,50,0.5,0.5,0.5,genetic,genetic,genetic,0.05,20
960,764,776,0.5806101903409335,0.5964345290444156,0.5716667786543717,8.434375,7.769633507853404,7.595360824742268,417,3,50,0.5,0.5,0.5,genetic,genetic,genetic,0.05,20
943,764,793,0.5803204171467526,0.5956658699455996,0.5742372049434322,8.654294803817603,7.505235602094241,7.407313997477932,418,3,50,0.5,0.5,0.5,genetic,genetic,genetic,0.05,20
937,768,795,0.5816956093743797,0.5950896078067999,0.5726157927167753,8.795090715048026,7.626302083333333,7.447798742138365,419,3,50,0.5,0.5,0.5,genetic,genetic,genetic,0.05,20
917,777,806,0.5838231674049696,0.5956468280483534,0.5713985846080518,8.850599781897492,7.271557271557271,7.4503722084367245,420,3,50,0.5,0.5,0.5,genetic,genetic,genetic,0.05,20
910,798,792,0.5862491007741897,0.5954004704323361,0.5717950442019458,8.834065934065935,7.142857142857143,7.5,421,3,50,0.5,0.5,0.5,genetic,genetic,genetic,0.05,20
881,816,803,0.5879829694068549,0.598268218531868,0.5731536300007495,8.827468785471055,6.9411764705882355,7.37733499377335,422,3,50,0.5,0.5,0.5,genetic,genetic,genetic,0.05,20
848,867,785,0.5903042667628322,0.5991735050378635,0.5735475636160229,8.74056603773585,6.848904267589389,7.428025477707006,423,3,50,0.5,0.5,0.5,genetic,genetic,genetic,0.05,20
839,882,779,0.5880409175455416,0.5985643115686381,0.5752751682248056,8.696066746126341,6.860544217687075,7.413350449293967,424,3,50,0.5,0.5,0.5,genetic,genetic,genetic,0.05,20
787,929,784,0.5874082320884485,0.597529863392273,0.5744574631912848,8.650571791613723,6.744886975242196,7.489795918367347,425,3,50,0.5,0.5,0.5,genetic,genetic,genetic,0.05,20
772,938,790,0.5882460401503973,0.5968314196454108,0.5746447674020643,8.461139896373057,6.981876332622601,7.577215189873418,426,3,50,0.5,0.5,0.5,genetic,genetic,genetic,0.05,20
766,943,791,0.5885117550053591,0.5963869200285097,0.575396693404581,8.359007832898172,7.077412513255568,7.566371681415929,427,3,50,0.5,0.5,0.5,genetic,genetic,genetic,0.05,20
736,946,818,0.5889456354551762,0.5949231246837349,0.5766368002837894,8.304347826086957,7.263213530655391,7.679706601466993,428,3,50,0.5,0.5,0.5,genetic,genetic,genetic,0.05,20
716,945,839,0.588850086517675,0.5942990513189331,0.5778221036590246,8.174581005586592,7.42962962962963,7.6388557806913,429,3,50,0.5,0.5,0.5,genetic,genetic,genetic,0.05,20
708,947,845,0.5863585824476398,0.59416174606013,0.5784583794680537,8.11864406779661,7.615628299894404,7.861538461538461,430,3,50,0.5,0.5,0.5,genetic,genetic,genetic,0.05,20
697,927,876,0.5874283826487011,0.5934364428356321,0.580888639376562,7.992826398852224,7.874865156418554,7.904109589041096,431,3,50,0.5,0.5,0.5,genetic,genetic,genetic,0.05,20
694,912,894,0.5882349055323803,0.5948327250779609,0.5829150349402954,7.737752161383285,7.900219298245614,7.8624161073825505,432,3,50,0.5,0.5,0.5,genetic,genetic,genetic,0.05,20
696,902,902,0.5884120133360456,0.5936648849167381,0.584402510674515,7.660919540229885,8.062084257206209,7.991130820399113,433,3,50,0.5,0.5,0.5,genetic,genetic,genetic,0.05,20
714,883,903,0.589346396813093,0.5942533416183722,0.5856240168545018,7.6722689075630255,8.346545866364666,8.068660022148395,434,3,50,0.5,0.5,0.5,genetic,genetic,genetic,0.05,20
700,868,932,0.5908984093197969,0.5937766212124144,0.5840826192948876,7.815714285714286,8.48041474654378,8.150214592274677,435,3,50,0.5,0.5,0.5,genetic,genetic,genetic,0.05,20
731,861,908,0.591478834546894,0.5948972517621576,0.5844279142324443,7.58686730506156,8.67711962833914,8.242290748898679,436,3,50,0.5,0.5,0.5,genetic,genetic,genetic,0.05,20
738,848,914,0.5932401569090662,0.5961776014415412,0.5836606321913824,7.463414634146342,8.606132075471699,8.288840262582056,437,3,50,0.5,0.5,0.5,genetic,genetic,genetic,0.05,20
738,832,930,0.5937536023696445,0.5968473793797812,0.5837854711941728,7.555555555555555,8.551682692307692,8.261290322580646,438,3,50,0.5,0.5,0.5,genetic,genetic,genetic,0.05,20
737,821,942,0.5922991118540131,0.5982932984478162,0.585552674820656,7.3921302578019,8.433617539585871,8.101910828025478,439,3,50,0.5,0.5,0.5,genetic,genetic,genetic,0.05,20
749,787,964,0.5939096288396233,0.5966803774984384,0.5871856491475906,7.436582109479306,8.213468869123252,7.95850622406639,440,3,50,0.5,0.5,0.5,genetic,genetic,genetic,0.05,20
761,779,960,0.5937267397248114,0.5968616820223683,0.5854736527549826,7.283837056504599,8.041078305519898,7.836458333333334,441,3,50,0.5,0.5,0.5,genetic,genetic,genetic,0.05,20
775,758,967,0.5934711421883991,0.5967953951035132,0.5841180575276745,7.152258064516129,7.641160949868074,7.643226473629783,442,3,50,0.5,0.5,0.5,genetic,genetic,genetic,0.05,20
789,747,964,0.5940328077874618,0.59630317001842,0.5832414922075728,6.989860583016476,7.380187416331995,7.828838174273859,443,3,50,0.5,0.5,0.5,genetic,genetic,genetic,0.05,20
800,733,967,0.5934461666966222,0.5972459233223212,0.5828861609296409,7.0175,7.375170532060027,7.85005170630817,444,3,50,0.5,0.5,0.5,genetic,genetic,genetic,0.05,20
801,717,982,0.5927653423189265,0.5987335832444027,0.5821750360079072,7.086142322097379,7.157601115760111,7.758655804480652,445,3,50,0.5,0.5,0.5,genetic,genetic,genetic,0.05,20
815,706,979,0.5934053011508266,0.6011690137940155,0.5823010347599842,7.1141104294478525,7.169971671388102,7.910112359550562,446,3,50,0.5,0.5,0.5,genetic,genetic,genetic,0.05,20
852,692,956,0.5934333501915486,0.6026508518712211,0.581147775973811,6.990610328638498,7.257225433526012,8.184100418410042,447,3,50,0.5,0.5,0.5,genetic,genetic,genetic,0.05,20
864,678,958,0.5954705583539281,0.6027577166777659,0.5816151351250312,7.141203703703703,7.433628318584071,8.424843423799583,448,3,50,0.5,0.5,0.5,genetic,genetic,genetic,0.05,20
888,661,951,0.5943449945413583,0.6029752879763505,0.5815303125778678,7.275900900900901,7.4568835098335855,8.421661409043113,449,3,50,0.5,0.5,0.5,genetic,genetic,genetic,0.05,20
902,684,914,0.5936732241573331,0.6028538593759044,0.5808998422371886,7.291574279379158,7.318713450292398,8.50656455142232,450,3,50,0.5,0.5,0.5,genetic,genetic,genetic,0.05,20
936,697,867,0.5956468189042817,0.6039044973945237,0.5828594663139812,7.180555555555555,7.30703012912482,8.534025374855824,451,3,50,0.5,0.5,0.5,genetic,genetic,genetic,0.05,20
934,713,853,0.5967338307127756,0.6038842545147737,0.5849305997684471,7.434689507494647,7.273492286115007,8.67409144196952,452,3,50,0.5,0.5,0.5,genetic,genetic,genetic,0.05,20
942,715,843,0.5974668565693827,0.6050862974332621,0.5869582236084386,7.409766454352441,7.043356643356644,8.625148279952551,453,3,50,0.5,0.5,0.5,genetic,genetic,genetic,0.05,20
942,726,832,0.595874349780473,0.605382966098232,0.5860513585258562,7.656050955414012,7.071625344352617,8.614182692307692,454,3,50,0.5,0.5,0.5,genetic,genetic,genetic,0.05,20
947,736,817,0.5961097707084232,0.6067124374872949,0.5844637189714894,7.606124604012671,6.7146739130434785,8.452876376988984,455,3,50,0.5,0.5,0.5,genetic,genetic,genetic,0.05,20
938,775,787,0.5972816734602722,0.6064502445407842,0.5843065066045834,7.588486140724947,6.652903225806452,8.477763659466328,456,3,50,0.5,0.5,0.5,genetic,genetic,genetic,0.05,20
948,776,776,0.5965784015387906,0.6067616470445735,0.5858642066968466,7.697257383966245,6.837628865979381,8.297680412371134,457,3,50,0.5,0.5,0.5,genetic,genetic,genetic,0.05,20
963,790,747,0.5950102182422431,0.6079639585543785,0.5868143365879935,7.803738317757009,7.012658227848101,8.378848728246318,458,3,50,0.5,0.5,0.5,genetic,genetic,genetic,0.05,20
973,805,722,0.5949652422876535,0.6086345175811556,0.5862004227592029,7.692702980472765,7.149068322981367,7.976454293628809,459,3,50,0.5,0.5,0.5,genetic,genetic,genetic,0.05,20
974,821,705,0.5960091429263251,0.6067314316125924,0.5873708965399145,7.774127310061601,7.266747868453106,7.597163120567376,460,3,50,0.5,0.5,0.5,genetic,genetic,genetic,0.05,20
986,817,697,0.5941923288883775,0.6040191116533554,0.5882642949800782,7.899594320486815,7.484700122399021,7.550932568149211,461,3,50,0.5,0.5,0.5,genetic,genetic,genetic,0.05,20
984,823,693,0.5951558439290628,0.6052236721722751,0.5900875032850486,7.9471544715447155,7.567436208991494,7.467532467532467,462,3,50,0.5,0.5,0.5,genetic,genetic,genetic,0.05,20
956,851,693,0.5943289049655559,0.6052682771431852,0.5909004389857921,7.930962343096234,7.415981198589894,7.461760461760462,463,3,50,0.5,0.5,0.5,genetic,genetic,genetic,0.05,20
955,852,693,0.5925460518641827,0.6038959530844676,0.5930282440079746,7.953926701570681,7.523474178403756,7.353535353535354,464,3,50,0.5,0.5,0.5,genetic,genetic,genetic,0.05,20
931,864,705,0.591889180699959,0.6054388050748789,0.5922760022492326,8.210526315789474,7.641203703703703,7.417021276595745,465,3,50,0.5,0.5,0.5,genetic,genetic,genetic,0.05,20
895,897,708,0.5922398266910932,0.6078130833906802,0.5920144955528621,8.377653631284916,7.5830546265328875,7.343220338983051,466,3,50,0.5,0.5,0.5,genetic,genetic,genetic,0.05,20
881,929,690,0.5927412223004643,0.608510765659479,0.5932908657297201,8.290578887627696,7.524219590958019,7.173913043478261,467,3,50,0.5,0.5,0.5,genetic,genetic,genetic,0.05,20
858,950,692,0.5932979918695747,0.6108208734874109,0.5932454669498237,8.41958041958042,7.564210526315789,7.158959537572255,468,3,50,0.5,0.5,0.5,genetic,genetic,genetic,0.05,20
843,968,689,0.5926041671635442,0.6118276969115641,0.5970717333832721,8.408066429418742,7.518595041322314,7.1407837445573294,469,3,50,0.5,0.5,0.5,genetic,genetic,genetic,0.05,20
827,963,710,0.590539884105866,0.6117632821647694,0.5997423346375547,8.573155985489722,7.684319833852544,6.876056338028169,470,3,50,0.5,0.5,0.5,genetic,genetic,genetic,0.05,20
792,980,728,0.5891973149303712,0.6116195649436303,0.6001265167073757,8.545454545454545,7.704081632653061,6.81043956043956,471,3,50,0.5,0.5,0.5,genetic,genetic,genetic,0.05,20
806,958,736,0.5900612419164429,0.6115879401932431,0.6023352418229043,8.431761786600497,7.9258872651356995,6.600543478260869,472,3,50,0.5,0.5,0.5,genetic,genetic,genetic,0.05,20
790,981,729,0.5904311007635521,0.6112572084729727,0.6029313377589437,8.272151898734178,7.974515800203873,6.810699588477366,473,3,50,0.5,0.5,0.5,genetic,genetic,genetic,0.05,20
775,996,729,0.5911147569334889,0.6117168529747706,0.6031252393663084,8.218064516129033,8.034136546184738,6.747599451303155,474,3,50,0.5,0.5,0.5,genetic,genetic,genetic,0.05,20
760,991,749,0.5920240369746754,0.6127629062237718,0.6019766165951538,8.147368421052631,8.03733602421796,6.742323097463284,475,3,50,0.5,0.5,0.5,genetic,genetic,genetic,0.05,20
724,1003,773,0.5921731840909978,0.6130260069021045,0.6022684092278726,7.886740331491713,7.9491525423728815,6.6597671410090555,476,3,50,0.5,0.5,0.5,genetic,genetic,genetic,0.05,20
731,986,783,0.5926545890490421,0.6113813374547487,0.6010670941503775,7.532147742818058,7.855983772819473,6.681992337164751,477,3,50,0.5,0.5,0.5,genetic,genetic,genetic,0.05,20
750,972,778,0.5932826739546974,0.611770390858724,0.5999001714314636,7.228,8.084362139917696,6.708226221079691,478,3,50,0.5,0.5,0.5,genetic,genetic,genetic,0.05,20
747,995,758,0.5933563611847543,0.6120372053656662,0.601891636240217,6.979919678714859,8.149748743718593,6.836411609498681,479,3,50,0.5,0.5,0.5,genetic,genetic,genetic,0.05,20
730,978,792,0.5951897451043321,0.6118756257549598,0.6025200395529977,6.853424657534247,8.125766871165645,6.703282828282828,480,3,50,0.5,0.5,0.5,genetic,genetic,genetic,0.05,20
707,984,809,0.5972140420991383,0.612544752672812,0.6040781628265658,6.88967468175389,8.268292682926829,6.856613102595797,481,3,50,0.5,0.5,0.5,genetic,genetic,genetic,0.05,20
681,981,838,0.5987439784191302,0.6114670651753024,0.6047972956097094,6.790014684287812,8.306829765545363,6.9677804295942725,482,3,50,0.5,0.5,0.5,genetic,genetic,genetic,0.05,20
674,962,864,0.5992061799245417,0.6135194958693764,0.604843835249969,6.771513353115727,8.1008316008316,6.717592592592593,483,3,50,0.5,0.5,0.5,genetic,genetic,genetic,0.05,20
659,952,889,0.5988918422812828,0.6123732926909895,0.6048558525252204,6.757207890743551,8.233193277310924,6.80652418447694,484,3,50,0.5,0.5,0.5,genetic,genetic,genetic,0.05,20
654,914,932,0.6024986142557728,0.6133221502503374,0.6054732296603453,6.755351681957187,8.168490153172867,6.835836909871245,485,3,50,0.5,0.5,0.5,genetic,genetic,genetic,0.05,20
661,886,953,0.5998659886654115,0.6125569916126586,0.6077062804824735,6.7821482602118,8.349887133182845,6.995802728226653,486,3,50,0.5,0.5,0.5,genetic,genetic,genetic,0.05,20
666,882,952,0.6000384802415015,0.6141539090548888,0.607481754570588,6.62012012012012,8.2562358276644,7.137605042016807,487,3,50,0.5,0.5,0.5,genetic,genetic,genetic,0.05,20
670,879,951,0.5987590859413793,0.615271605493991,0.6066450265900205,6.608955223880597,8.228668941979523,7.29863301787592,488,3,50,0.5,0.5,0.5,genetic,genetic,genetic,0.05,20
652,882,966,0.5994975524453756,0.6153324201326393,0.6074492364203102,6.688650306748467,8.024943310657596,7.4523809523809526,489,3,50,0.5,0.5,0.5,genetic,genetic,genetic,0.05,20
632,860,1008,0.5962720339165545,0.6159555011542929,0.606080265173176,6.625,7.840697674418605,7.474206349206349,490,3,50,0.5,0.5,0.5,genetic,genetic,genetic,0.05,20
627,846,1027,0.5968081948423042,0.6185793798245807,0.605399730486956,6.6618819776714515,7.897163120567376,7.55111976630964,491,3,50,0.5,0.5,0.5,genetic,genetic,genetic,0.05,20
645,823,1032,0.5924118537254464,0.6204340017559106,0.605244405983577,6.4945736434108525,7.833535844471446,7.661821705426356,492,3,50,0.5,0.5,0.5,genetic,genetic,genetic,0.05,20
661,780,1059,0.5919443549689648,0.6218247501410042,0.604883592760081,6.529500756429652,7.757692307692308,7.637393767705382,493,3,50,0.5,0.5,0.5,genetic,genetic,genetic,0.05,20
671,742,1087,0.5904713840306556,0.6223255671547496,0.6048477177906167,6.470938897168406,7.710242587601078,7.609015639374425,494,3,50,0.5,0.5,0.5,genetic,genetic,genetic,0.05,20
667,741,1092,0.5898640419006334,0.623762467557365,0.6050072218299835,6.48575712143928,7.630229419703104,7.8498168498168495,495,3,50,0.5,0.5,0.5,genetic,genetic,genetic,0.05,20
673,718,1109,0.5897752138102168,0.6247029299377856,0.6061026109136668,6.591381872213967,7.486072423398329,7.885482416591524,496,3,50,0.5,0.5,0.5,genetic,genetic,genetic,0.05,20
703,686,1111,0.5894585082301665,0.6248469493284783,0.6067448764139475,6.510668563300142,7.572886297376093,8.107110711071106,497,3,50,0.5,0.5,0.5,genetic,genetic,genetic,0.05,20
728,669,1103,0.5896407356141226,0.6272864953623201,0.6057300448681412,6.414835164835165,7.476831091180867,8.258386219401633,498,3,50,0.5,0.5,0.5,genetic,genetic,genetic,0.05,20
736,660,1104,0.5884597320895305,0.6284697994594668,0.6054224827695016,6.4334239130434785,7.307575757575758,8.447463768115941,499,3,50,0.5,0.5,0.5,genetic,genetic,genetic,0.05,20
