R_density,P_density,S_density,R_invasion,P_invasion,S_invasion,R_age,P_age,S_age,epoch,seed,grid_dim,R_init_invasion,P_init_invasion,S_init_invasion,R_policy,P_policy,S_policy,sigma,radius
799,863,838,0.5,0.5,0.5,0.0,0.0,0.0,0,0,50,0.5,0.5,0.5,genetic,genetic,genetic,0.05,10
773,869,858,0.49980705863864133,0.49991632275079045,0.5005088719956359,1.0,1.0,1.0,1,0,50,0.5,0.5,0.5,genetic,genetic,genetic,0.05,10
790,841,869,0.5000422165845096,0.4996362580774557,0.5010857765619631,1.840506329113924,1.8692033293697978,1.8457997698504027,2,0,50,0.5,0.5,0.5,genetic,genetic,genetic,0.05,10
802,811,887,0.49992136065636567,0.49978500062858644,0.5013096553803296,2.5773067331670823,2.6461159062885327,2.580608793686584,3,0,50,0.5,0.5,0.5,genetic,genetic,genetic,0.05,10
856,792,852,0.5003538735065803,0.4990917255296341,0.5018796773636571,3.1588785046728973,3.3472222222222223,3.2652582159624415,4,0,50,0.5,0.5,0.5,genetic,genetic,genetic,0.05,10
873,792,835,0.5001267341880516,0.5003863635903328,0.5017273333249572,3.736540664375716,3.9255050505050506,3.8778443113772454,5,0,50,0.5,0.5,0.5,genetic,genetic,genetic,0.05,10
863,802,835,0.5007640187752097,0.5013197881143276,0.5011378905451338,4.208574739281576,4.314214463840399,4.3305389221556885,6,0,50,0.5,0.5,0.5,genetic,genetic,genetic,0.05,10
877,820,803,0.5013809896846302,0.5016124625102957,0.5008252695036067,4.620296465222349,4.728048780487805,4.848069738480698,7,0,50,0.5,0.5,0.5,genetic,genetic,genetic,0.05,10
859,833,808,0.501291141860927,0.5019057234566008,0.5016315368525565,5.129220023282887,5.066026410564226,5.226485148514851,8,0,50,0.5,0.5,0.5,genetic,genetic,genetic,0.05,10
858,814,828,0.5027124051966092,0.5017911357483493,0.5017879722398227,5.479020979020979,5.433660933660934,5.443236714975845,9,0,50,0.5,0.5,0.5,genetic,genetic,genetic,0.05,10
858,832,810,0.5043254467715731,0.5021804245576772,0.5025270274525491,5.734265734265734,5.6826923076923075,5.691358024691358,10,0,50,0.5,0.5,0.5,genetic,genetic,genetic,0.05,10
868,840,792,0.5046884472857075,0.502897888993878,0.501888528672438,5.923963133640553,5.897619047619048,5.909090909090909,11,0,50,0.5,0.5,0.5,genetic,genetic,genetic,0.05,10
856,868,776,0.5029844250110866,0.5050048925255171,0.5004483606447968,6.230140186915888,6.035714285714286,6.144329896907217,12,0,50,0.5,0.5,0.5,genetic,genetic,genetic,0.05,10
859,866,775,0.5046774991859039,0.5054366972976196,0.5002987120438759,6.433061699650756,6.285219399538106,6.236129032258065,13,0,50,0.5,0.5,0.5,genetic,genetic,genetic,0.05,10
838,903,759,0.5018463102425051,0.5055066133530691,0.49837848065395984,6.7398568019093075,6.44296788482835,6.570487483530962,14,0,50,0.5,0.5,0.5,genetic,genetic,genetic,0.05,10
826,919,755,0.5013226690664971,0.5061232966057748,0.4989427280316084,6.995157384987894,6.689880304678999,6.8344370860927155,15,0,50,0.5,0.5,0.5,genetic,genetic,genetic,0.05,10
826,910,764,0.5002819825022239,0.5047847058271806,0.500107581097178,7.302663438256658,6.92967032967033,6.94109947643979,16,0,50,0.5,0.5,0.5,genetic,genetic,genetic,0.05,10
834,901,765,0.5016691547639528,0.5050299752276669,0.5007179398300203,7.400479616306955,7.225305216426193,6.891503267973857,17,0,50,0.5,0.5,0.5,genetic,genetic,genetic,0.05,10
824,900,776,0.5009685908621493,0.5038805918442325,0.49965717260251696,7.720873786407767,7.441111111111111,7.032216494845361,18,0,50,0.5,0.5,0.5,genetic,genetic,genetic,0.05,10
826,894,780,0.501018753135626,0.5021887463475544,0.49959230708079866,7.840193704600484,7.60178970917226,7.151282051282052,19,0,50,0.5,0.5,0.5,genetic,genetic,genetic,0.05,10
803,901,796,0.5011390007767839,0.5030226049655239,0.49772495205864137,8.206724782067248,7.810210876803551,7.454773869346734,20,0,50,0.5,0.5,0.5,genetic,genetic,genetic,0.05,10
790,921,789,0.5006897603169187,0.5035674964547585,0.4987786989842605,8.265822784810126,7.917480998914224,7.683143219264892,21,0,50,0.5,0.5,0.5,genetic,genetic,genetic,0.05,10
764,923,813,0.49749842080494794,0.5029768713185143,0.49971373331906277,8.476439790575917,8.08234019501625,7.6642066420664205,22,0,50,0.5,0.5,0.5,genetic,genetic,genetic,0.05,10
750,931,819,0.49806558737562545,0.5041133990829977,0.5005735262218444,8.496,8.103114930182599,7.7374847374847375,23,0,50,0.5,0.5,0.5,genetic,genetic,genetic,0.05,10
734,937,829,0.49715907722783914,0.5040577561135057,0.4999433324448024,8.423705722070844,8.16648879402348,7.764776839565742,24,0,50,0.5,0.5,0.5,genetic,genetic,genetic,0.05,10
716,952,832,0.49745262669682966,0.5055718700981127,0.49959039535632854,8.074022346368714,8.266806722689076,7.710336538461538,25,0,50,0.5,0.5,0.5,genetic,genetic,genetic,0.05,10
716,944,840,0.4937263285688635,0.5060653787828981,0.49828718115837045,7.773743016759776,8.314618644067796,7.730952380952381,26,0,50,0.5,0.5,0.5,genetic,genetic,genetic,0.05,10
717,947,836,0.49309115134425846,0.5065353127702235,0.4997018685049969,7.645746164574616,8.534318901795142,7.930622009569378,27,0,50,0.5,0.5,0.5,genetic,genetic,genetic,0.05,10
699,957,844,0.49157481034037154,0.5066474030934663,0.5005057849199086,7.563662374821173,8.601880877742946,8.018957345971565,28,0,50,0.5,0.5,0.5,genetic,genetic,genetic,0.05,10
689,949,862,0.4916357494984422,0.507802852167091,0.5011013041764587,7.567489114658926,8.539515279241307,8.087006960556845,29,0,50,0.5,0.5,0.5,genetic,genetic,genetic,0.05,10
692,903,905,0.4912599856975712,0.508001287377129,0.4993681694802249,7.719653179190751,8.91029900332226,8.025414364640884,30,0,50,0.5,0.5,0.5,genetic,genetic,genetic,0.05,10
693,877,930,0.4920063676164192,0.5082588735821468,0.4988250049236554,7.683982683982684,9.156214367160775,8.19032258064516,31,0,50,0.5,0.5,0.5,genetic,genetic,genetic,0.05,10
717,859,924,0.49252632826646514,0.5084961860088416,0.49920231763757367,7.743375174337517,9.393480791618162,8.382034632034632,32,0,50,0.5,0.5,0.5,genetic,genetic,genetic,0.05,10
720,811,969,0.4922810459645388,0.5063844056817024,0.4993461700448623,7.9527777777777775,9.323057953144266,8.291021671826625,33,0,50,0.5,0.5,0.5,genetic,genetic,genetic,0.05,10
752,771,977,0.49244020169846286,0.5064454252884301,0.4998239360337178,7.920212765957447,9.526588845654993,8.42374616171955,34,0,50,0.5,0.5,0.5,genetic,genetic,genetic,0.05,10
780,761,959,0.4925874943122233,0.5072233357320567,0.5017133576412058,7.72948717948718,9.49934296977661,8.62252346193952,35,0,50,0.5,0.5,0.5,genetic,genetic,genetic,0.05,10
811,750,939,0.494567727376777,0.5072173210965569,0.5014369910751804,7.637484586929716,9.429333333333334,8.677316293929712,36,0,50,0.5,0.5,0.5,genetic,genetic,genetic,0.05,10
808,752,940,0.4943163748207327,0.505353652692447,0.5000489404283885,7.832920792079208,9.154255319148936,8.841489361702127,37,0,50,0.5,0.5,0.5,genetic,genetic,genetic,0.05,10
825,733,942,0.4954106696238809,0.5061047694021655,0.4985837482155811,7.755151515151515,8.986357435197817,8.770700636942674,38,0,50,0.5,0.5,0.5,genetic,genetic,genetic,0.05,10
833,732,935,0.49561563168738126,0.5066909769116642,0.497889920478996,7.713085234093637,8.685792349726777,8.653475935828878,39,0,50,0.5,0.5,0.5,genetic,genetic,genetic,0.05,10
851,716,933,0.49501487619752316,0.5059131321537976,0.49897899308217103,7.710928319623972,8.741620111731844,8.668810289389068,40,0,50,0.5,0.5,0.5,genetic,genetic,genetic,0.05,10
877,714,909,0.495308819443457,0.5062737389952242,0.49786503307741287,7.726339794754846,8.57282913165266,8.610561056105611,41,0,50,0.5,0.5,0.5,genetic,genetic,genetic,0.05,10
900,700,900,0.494706910203804,0.5074626220041186,0.499089440538393,7.9222222222222225,8.55,8.666666666666666,42,0,50,0.5,0.5,0.5,genetic,genetic,genetic,0.05,10
914,691,895,0.4945468868957044,0.507506379762815,0.4985208464442253,8.024070021881839,8.303907380607814,8.58659217877095,43,0,50,0.5,0.5,0.5,genetic,genetic,genetic,0.05,10
930,670,900,0.4943693824979335,0.5083009812660215,0.4986005939626313,8.181720430107527,8.059701492537313,8.506666666666666,44,0,50,0.5,0.5,0.5,genetic,genetic,genetic,0.05,10
946,675,879,0.4949242577066506,0.5054081437762376,0.5001379881751687,8.258985200845666,7.965925925925926,8.639362912400456,45,0,50,0.5,0.5,0.5,genetic,genetic,genetic,0.05,10
920,702,878,0.49225151418176327,0.5051084273133131,0.5006217290466255,8.594565217391304,7.834757834757835,8.939635535307517,46,0,50,0.5,0.5,0.5,genetic,genetic,genetic,0.05,10
916,711,873,0.49111870870401125,0.5047743922339215,0.5009181626161406,8.90174672489083,7.832630098452883,9.107674684994272,47,0,50,0.5,0.5,0.5,genetic,genetic,genetic,0.05,10
916,735,849,0.49215611264720693,0.5059273327474919,0.5012832836753659,9.042576419213974,7.733333333333333,9.288574793875148,48,0,50,0.5,0.5,0.5,genetic,genetic,genetic,0.05,10
890,756,854,0.49165177915385466,0.5068980881685479,0.5013984622888384,9.322471910112359,7.711640211640212,9.418032786885245,49,0,50,0.5,0.5,0.5,genetic,genetic,genetic,0.05,10
870,790,840,0.48985335187844586,0.5083268932139549,0.5003074715190611,9.426436781609196,7.69873417721519,9.66904761904762,50,0,50,0.5,0.5,0.5,genetic,genetic,genetic,0.05,10
871,792,837,0.4915470697054583,0.5084330780012495,0.5005841266708302,9.323765786452354,7.938131313131313,9.664277180406213,51,0,50,0.5,0.5,0.5,genetic,genetic,genetic,0.05,10
870,790,840,0.49339477626497985,0.5087111269323882,0.5003824467307605,9.37471264367816,7.962025316455696,9.801190476190476,52,0,50,0.5,0.5,0.5,genetic,genetic,genetic,0.05,10
884,804,812,0.4936242748522816,0.5097589804750841,0.4992620860540099,9.214932126696832,8.09452736318408,9.966748768472906,53,0,50,0.5,0.5,0.5,genetic,genetic,genetic,0.05,10
868,826,806,0.494673983444414,0.5114172373275828,0.5005665795712775,9.425115207373272,7.918886198547216,9.98014888337469,54,0,50,0.5,0.5,0.5,genetic,genetic,genetic,0.05,10
880,811,809,0.49340077651432573,0.5122281024350582,0.4998473734585458,9.409090909090908,8.072749691738593,9.813349814585909,55,0,50,0.5,0.5,0.5,genetic,genetic,genetic,0.05,10
885,805,810,0.4936451382689098,0.5156447829135475,0.49939031524630345,9.363841807909605,8.145341614906833,9.57037037037037,56,0,50,0.5,0.5,0.5,genetic,genetic,genetic,0.05,10
904,792,804,0.49404107568831773,0.517414690326712,0.4977140188490941,9.269911504424778,8.204545454545455,9.345771144278608,57,0,50,0.5,0.5,0.5,genetic,genetic,genetic,0.05,10
926,791,783,0.49589732060406816,0.5180921743564839,0.49835101671328086,9.309935205183585,8.518331226295828,9.288633461047255,58,0,50,0.5,0.5,0.5,genetic,genetic,genetic,0.05,10
960,796,744,0.4974658801560513,0.5199851197716204,0.497380376454819,9.153125,8.554020100502512,9.03494623655914,59,0,50,0.5,0.5,0.5,genetic,genetic,genetic,0.05,10
935,825,740,0.49875145346772576,0.5204799219412622,0.4974591687631067,9.24385026737968,8.475151515151515,9.062162162162162,60,0,50,0.5,0.5,0.5,genetic,genetic,genetic,0.05,10
939,832,729,0.49906008490126247,0.5208120017928071,0.4987159070690497,9.319488817891374,8.507211538461538,8.899862825788752,61,0,50,0.5,0.5,0.5,genetic,genetic,genetic,0.05,10
935,844,721,0.4992307009924606,0.5218163593608162,0.5004463594365292,9.436363636363636,8.537914691943127,8.808599167822468,62,0,50,0.5,0.5,0.5,genetic,genetic,genetic,0.05,10
914,861,725,0.5007703902916015,0.5235456370698681,0.5008087922771358,9.431072210065645,8.382113821138212,8.561379310344828,63,0,50,0.5,0.5,0.5,genetic,genetic,genetic,0.05,10
896,871,733,0.501236925222957,0.5240207838942854,0.5015329302854408,9.561383928571429,8.413318025258324,8.57844474761255,64,0,50,0.5,0.5,0.5,genetic,genetic,genetic,0.05,10
844,924,732,0.5022791426091546,0.5257964484392951,0.5006798379116848,9.619668246445498,8.16125541125541,8.756830601092895,65,0,50,0.5,0.5,0.5,genetic,genetic,genetic,0.05,10
821,957,722,0.5035460849920947,0.526549573948618,0.49961077801280557,9.69183922046285,8.298850574712644,8.642659279778393,66,0,50,0.5,0.5,0.5,genetic,genetic,genetic,0.05,10
799,977,724,0.5042920320513141,0.5269522672184455,0.49938345930534084,9.713391739674593,8.456499488229273,8.62292817679558,67,0,50,0.5,0.5,0.5,genetic,genetic,genetic,0.05,10
792,994,714,0.5075972423184248,0.5267362071120246,0.500275451422502,9.478535353535353,8.689134808853119,8.607843137254902,68,0,50,0.5,0.5,0.5,genetic,genetic,genetic,0.05,10
778,984,738,0.5089503427169242,0.5278036592962311,0.4997874455971039,9.446015424164525,8.90040650406504,8.471544715447154,69,0,50,0.5,0.5,0.5,genetic,genetic,genetic,0.05,10
758,986,756,0.5101510997771015,0.5274316469129565,0.49775354776850134,9.41292875989446,8.984787018255577,8.265873015873016,70,0,50,0.5,0.5,0.5,genetic,genetic,genetic,0.05,10
723,1021,756,0.5095800861104489,0.5275354280711039,0.49696725923413054,9.229598893499308,8.998041136141039,8.242063492063492,71,0,50,0.5,0.5,0.5,genetic,genetic,genetic,0.05,10
714,1017,769,0.5084502845634394,0.5283922738916991,0.4968616029733601,9.057422969187675,9.173058013765978,8.241872561768531,72,0,50,0.5,0.5,0.5,genetic,genetic,genetic,0.05,10
695,1027,778,0.5076612186341476,0.5280872606242967,0.49730726309768103,8.917985611510792,9.2317429406037,8.217223650385604,73,0,50,0.5,0.5,0.5,genetic,genetic,genetic,0.05,10
683,991,826,0.5068885532999232,0.5273219271343156,0.49864176058781856,8.838945827232797,9.442986881937436,8.121065375302663,74,0,50,0.5,0.5,0.5,genetic,genetic,genetic,0.05,10
679,971,850,0.5059946582811139,0.527793679912195,0.49962954793333814,8.720176730486008,9.602471678681772,8.210588235294118,75,0,50,0.5,0.5,0.5,genetic,genetic,genetic,0.05,10
664,965,871,0.5068223158733307,0.5262762307404795,0.5004663402018734,8.59789156626506,9.723316062176165,8.293915040183697,76,0,50,0.5,0.5,0.5,genetic,genetic,genetic,0.05,10
652,956,892,0.506743986665758,0.5258394402773083,0.5022143290959192,8.533742331288343,9.810669456066945,8.281390134529149,77,0,50,0.5,0.5,0.5,genetic,genetic,genetic,0.05,10
651,910,939,0.5066722496541666,0.5257085565705621,0.5028505996951438,8.674347158218126,9.998901098901099,8.35356762513312,78,0,50,0.5,0.5,0.5,genetic,genetic,genetic,0.05,10
655,883,962,0.5077843651960033,0.5248854716375203,0.5034357892278447,8.436641221374046,9.902604756511892,8.255717255717256,79,0,50,0.5,0.5,0.5,genetic,genetic,genetic,0.05,10
650,859,991,0.5071958365545615,0.5240641089264348,0.5035579797716846,8.644615384615385,9.979045401629802,8.320887991927346,80,0,50,0.5,0.5,0.5,genetic,genetic,genetic,0.05,10
661,813,1026,0.5064102763722211,0.522754549422939,0.5042160357570145,8.804841149773072,10.092250922509225,8.325536062378168,81,0,50,0.5,0.5,0.5,genetic,genetic,genetic,0.05,10
679,789,1032,0.504533263612755,0.5229022650488764,0.5044246775118518,8.587628865979381,10.259822560202789,8.481589147286822,82,0,50,0.5,0.5,0.5,genetic,genetic,genetic,0.05,10
695,762,1043,0.5021739724908546,0.5228752442383223,0.5036460340330918,8.494964028776979,10.26246719160105,8.663470757430488,83,0,50,0.5,0.5,0.5,genetic,genetic,genetic,0.05,10
703,743,1054,0.5000610647613382,0.5212577237291902,0.5039110714436703,8.561877667140825,10.329744279946164,8.853889943074003,84,0,50,0.5,0.5,0.5,genetic,genetic,genetic,0.05,10
736,718,1046,0.4991325189740409,0.5210791930365429,0.5053819012423207,8.394021739130435,10.34958217270195,8.98661567877629,85,0,50,0.5,0.5,0.5,genetic,genetic,genetic,0.05,10
746,713,1041,0.5012430782806812,0.5204426984833886,0.5052383790536584,8.482573726541554,10.092566619915848,9.286263208453411,86,0,50,0.5,0.5,0.5,genetic,genetic,genetic,0.05,10
749,715,1036,0.5035786064636238,0.5184570654419315,0.5055872288484922,8.387182910547397,9.920279720279721,9.586872586872587,87,0,50,0.5,0.5,0.5,genetic,genetic,genetic,0.05,10
770,714,1016,0.5040222091106947,0.5181676371178351,0.5046063151014347,8.324675324675324,10.015406162464986,9.881889763779528,88,0,50,0.5,0.5,0.5,genetic,genetic,genetic,0.05,10
795,710,995,0.5074467443894521,0.5184687668423238,0.5061572102277929,8.118238993710692,9.873239436619718,9.99497487437186,89,0,50,0.5,0.5,0.5,genetic,genetic,genetic,0.05,10
825,706,969,0.5079749935272726,0.5180379962463992,0.5060352260024296,7.909090909090909,9.701133144475921,10.077399380804954,90,0,50,0.5,0.5,0.5,genetic,genetic,genetic,0.05,10
848,695,957,0.5093986618819933,0.516420248227466,0.5075410823096161,7.811320754716981,9.602877697841727,10.059561128526646,91,0,50,0.5,0.5,0.5,genetic,genetic,genetic,0.05,10
867,708,925,0.5108683863910572,0.5159930812457451,0.5074521906003792,7.671280276816609,9.163841807909604,10.058378378378379,92,0,50,0.5,0.5,0.5,genetic,genetic,genetic,0.05,10
870,720,910,0.5122203670623948,0.5146319853356691,0.5091945465864679,7.809195402298851,9.145833333333334,10.084615384615384,93,0,50,0.5,0.5,0.5,genetic,genetic,genetic,0.05,10
871,729,900,0.5142375417471834,0.5177488242173552,0.5083051615208343,8.036739380022961,9.098765432098766,10.348888888888888,94,0,50,0.5,0.5,0.5,genetic,genetic,genetic,0.05,10
892,737,871,0.5149322521444722,0.518164038105324,0.5086277517794294,8.061659192825113,8.989145183175033,10.437428243398392,95,0,50,0.5,0.5,0.5,genetic,genetic,genetic,0.05,10
909,730,861,0.5161499900111418,0.5203556309672709,0.5086896134105062,8.132013201320133,8.702739726027398,10.278745644599303,96,0,50,0.5,0.5,0.5,genetic,genetic,genetic,0.05,10
911,734,855,0.5193662418366336,0.5202777633813274,0.509134738082201,8.282107574094402,8.610354223433243,10.319298245614036,97,0,50,0.5,0.5,0.5,genetic,genetic,genetic,0.05,10
901,753,846,0.5196883018899608,0.5189229870610969,0.5082049308053682,8.589345172031077,8.563081009296148,10.24822695035461,98,0,50,0.5,0.5,0.5,genetic,genetic,genetic,0.05,10
905,770,825,0.5228236854529197,0.5189136513694144,0.5082112420218255,8.605524861878454,8.464935064935064,10.28969696969697,99,0,50,0.5,0.5,0.5,genetic,genetic,genetic,0.05,10
906,766,828,0.5237562056567947,0.5219094801926473,0.5082502728113518,8.616997792494482,8.524804177545692,10.13768115942029,100,0,50,0.5,0.5,0.5,genetic,genetic,genetic,0.05,10
911,773,816,0.5256047527706377,0.5221916925953815,0.5088893430277451,8.63336992316136,8.498059508408797,9.991421568627452,101,0,50,0.5,0.5,0.5,genetic,genetic,genetic,0.05,10
916,773,811,0.5258633596140964,0.5206415881779655,0.5092400144319181,8.623362445414847,8.371280724450195,9.893958076448829,102,0,50,0.5,0.5,0.5,genetic,genetic,genetic,0.05,10
911,791,798,0.5257847637421788,0.5224332334813937,0.5105193674041184,8.652030735455543,8.137800252844501,9.701754385964913,103,0,50,0.5,0.5,0.5,genetic,genetic,genetic,0.05,10
922,805,773,0.5277626132490572,0.5202110897205007,0.5091707166001916,8.711496746203904,8.109316770186336,9.48771021992238,104,0,50,0.5,0.5,0.5,genetic,genetic,genetic,0.05,10
889,844,767,0.5299623194165829,0.5184861608772597,0.5114909312715022,8.838020247469066,7.972748815165877,9.38070404172099,105,0,50,0.5,0.5,0.5,genetic,genetic,genetic,0.05,10
882,859,759,0.5298073805768397,0.5150149060099678,0.5119225465354799,8.77891156462585,8.038416763678697,9.097496706192358,106,0,50,0.5,0.5,0.5,genetic,genetic,genetic,0.05,10
864,862,774,0.5305720582358083,0.5158194319139515,0.5117363880036272,8.79513888888889,7.906032482598608,8.713178294573643,107,0,50,0.5,0.5,0.5,genetic,genetic,genetic,0.05,10
854,880,766,0.5306937499465203,0.5153341646007287,0.5119348737727696,8.637002341920375,7.886363636363637,8.152741514360313,108,0,50,0.5,0.5,0.5,genetic,genetic,genetic,0.05,10
846,901,753,0.5302463792005214,0.5155388838917825,0.5123953922048892,8.66193853427896,8.039955604883463,8.227091633466136,109,0,50,0.5,0.5,0.5,genetic,genetic,genetic,0.05,10
828,911,761,0.5304723045801889,0.5156914549423365,0.5139106939754494,8.594202898550725,8.223929747530187,7.964520367936925,110,0,50,0.5,0.5,0.5,genetic,genetic,genetic,0.05,10
802,937,761,0.5296443443510153,0.5169612138209101,0.5150102982411827,8.586034912718205,8.121664887940234,8.02496714848883,111,0,50,0.5,0.5,0.5,genetic,genetic,genetic,0.05,10
779,953,768,0.5301130984733233,0.5149587356786457,0.5152162216352497,8.6803594351733,8.352570828961175,8.140625,112,0,50,0.5,0.5,0.5,genetic,genetic,genetic,0.05,10
774,975,751,0.5273492180242664,0.5146563970418869,0.5127941725825186,8.577519379844961,8.555897435897435,8.484687083888149,113,0,50,0.5,0.5,0.5,genetic,genetic,genetic,0.05,10
769,978,753,0.5277386801784965,0.5144054162311019,0.5127662897784825,8.615084525357608,8.694274028629858,8.609561752988048,114,0,50,0.5,0.5,0.5,genetic,genetic,genetic,0.05,10
758,979,763,0.5268295489057548,0.5136100031925506,0.5126126740706236,8.660949868073878,8.853932584269662,8.695937090432503,115,0,50,0.5,0.5,0.5,genetic,genetic,genetic,0.05,10
725,1012,763,0.5235460707680443,0.5132725886119216,0.5142221960031722,8.369655172413793,8.83201581027668,8.859764089121887,116,0,50,0.5,0.5,0.5,genetic,genetic,genetic,0.05,10
721,1022,757,0.5194418419256527,0.5139113765640425,0.5145074388863287,8.249653259361997,8.965753424657533,8.788639365918097,117,0,50,0.5,0.5,0.5,genetic,genetic,genetic,0.05,10
699,1036,765,0.5154392208675318,0.5141432455427423,0.5144116203202627,8.257510729613735,8.932432432432432,8.811764705882354,118,0,50,0.5,0.5,0.5,genetic,genetic,genetic,0.05,10
683,1048,769,0.5151899493033735,0.5159782968447915,0.5121292292952911,8.156661786237189,9.07824427480916,8.75032509752926,119,0,50,0.5,0.5,0.5,genetic,genetic,genetic,0.05,10
677,1045,778,0.5132665934708045,0.5165423610916745,0.5126454101311572,8.353028064992614,9.24688995215311,8.697943444730077,120,0,50,0.5,0.5,0.5,genetic,genetic,genetic,0.05,10
675,1042,783,0.5124981721326068,0.5181966949291377,0.511807716984831,8.066666666666666,9.408829174664108,8.569604086845466,121,0,50,0.5,0.5,0.5,genetic,genetic,genetic,0.05,10
676,1015,809,0.5145556939797672,0.5184154023667054,0.5119389195800365,7.939349112426036,9.590147783251231,8.332509270704573,122,0,50,0.5,0.5,0.5,genetic,genetic,genetic,0.05,10
669,1007,824,0.5139267821435576,0.5190081069600936,0.510861997625735,7.9342301943198805,9.857994041708043,8.303398058252426,123,0,50,0.5,0.5,0.5,genetic,genetic,genetic,0.05,10
680,990,830,0.5143721883592811,0.5196027639799877,0.5113198781407835,7.776470588235294,10.10909090909091,8.133734939759035,124,0,50,0.5,0.5,0.5,genetic,genetic,genetic,0.05,10
679,963,858,0.5144744272639485,0.5217277902916061,0.5104941536154699,7.80559646539028,10.32606438213915,8.005827505827506,125,0,50,0.5,0.5,0.5,genetic,genetic,genetic,0.05,10
689,906,905,0.5128599352924973,0.5229941166058455,0.5095471467718692,7.830188679245283,10.47682119205298,7.850828729281768,126,0,50,0.5,0.5,0.5,genetic,genetic,genetic,0.05,10
701,897,902,0.5150740101221175,0.5226117756724661,0.5088090894416318,7.671897289586306,10.465997770345597,7.83259423503326,127,0,50,0.5,0.5,0.5,genetic,genetic,genetic,0.05,10
705,865,930,0.5144282453476569,0.5231736316145783,0.5100078693834247,7.773049645390071,10.545664739884392,7.812903225806451,128,0,50,0.5,0.5,0.5,genetic,genetic,genetic,0.05,10
722,829,949,0.5142119313682809,0.5240542313014639,0.5101396685690044,7.981994459833795,10.753920386007238,7.926238145416227,129,0,50,0.5,0.5,0.5,genetic,genetic,genetic,0.05,10
754,791,955,0.5144178864570109,0.5251910234493623,0.5107101966558864,8.022546419098143,10.752212389380531,7.901570680628272,130,0,50,0.5,0.5,0.5,genetic,genetic,genetic,0.05,10
769,781,950,0.5135461218655993,0.5264003675817517,0.5100481365575988,7.879063719115734,10.503201024327785,7.982105263157894,131,0,50,0.5,0.5,0.5,genetic,genetic,genetic,0.05,10
788,774,938,0.5165755569797925,0.5272952879870031,0.5118668635252877,7.7347715736040605,10.236434108527131,7.931769722814499,132,0,50,0.5,0.5,0.5,genetic,genetic,genetic,0.05,10
805,736,959,0.5161602027443788,0.5286512642460116,0.5116590570046909,7.930434782608696,10.088315217391305,7.78310740354536,133,0,50,0.5,0.5,0.5,genetic,genetic,genetic,0.05,10
810,745,945,0.5172310365428885,0.5303411744249922,0.512273473024045,7.930864197530864,9.656375838926175,7.965079365079365,134,0,50,0.5,0.5,0.5,genetic,genetic,genetic,0.05,10
790,752,958,0.5175590628728272,0.5317904886853518,0.5117403941768922,8.167088607594936,9.09441489361702,8.186847599164928,135,0,50,0.5,0.5,0.5,genetic,genetic,genetic,0.05,10
769,765,966,0.5171139763534868,0.5325543896157071,0.5123331034548185,8.326397919375813,8.760784313725491,8.370600414078675,136,0,50,0.5,0.5,0.5,genetic,genetic,genetic,0.05,10
765,779,956,0.5172365357546798,0.5340117428825785,0.5122375919711805,8.244444444444444,8.555840821566111,8.641213389121338,137,0,50,0.5,0.5,0.5,genetic,genetic,genetic,0.05,10
738,792,970,0.5182105933653164,0.536691742094036,0.5125421986423115,8.094850948509485,8.007575757575758,8.697938144329896,138,0,50,0.5,0.5,0.5,genetic,genetic,genetic,0.05,10
754,787,959,0.5208578044111043,0.5391148253914857,0.5126524737972837,7.644562334217507,7.783989834815756,8.603753910323253,139,0,50,0.5,0.5,0.5,genetic,genetic,genetic,0.05,10
775,789,936,0.5206704034810428,0.5376064455482523,0.5147798194839682,7.428387096774194,7.564005069708492,8.602564102564102,140,0,50,0.5,0.5,0.5,genetic,genetic,genetic,0.05,10
771,792,937,0.5211393168945109,0.5419223083941421,0.514063311150858,7.642023346303502,7.5732323232323235,8.786552828175026,141,0,50,0.5,0.5,0.5,genetic,genetic,genetic,0.05,10
791,791,918,0.520430222958246,0.5411649841234413,0.5138979058461737,7.557522123893805,7.830594184576485,8.928104575163399,142,0,50,0.5,0.5,0.5,genetic,genetic,genetic,0.05,10
799,803,898,0.522872234419296,0.5418443110981399,0.5150331493562879,7.581977471839799,7.997509339975093,9.133630289532293,143,0,50,0.5,0.5,0.5,genetic,genetic,genetic,0.05,10
807,808,885,0.5232945013336106,0.5417147530741209,0.5162013981860204,7.496902106567534,8.04579207920792,9.246327683615819,144,0,50,0.5,0.5,0.5,genetic,genetic,genetic,0.05,10
828,785,887,0.523803559472279,0.5428282467832586,0.5165804985685819,7.567632850241546,8.206369426751593,9.17249154453213,145,0,50,0.5,0.5,0.5,genetic,genetic,genetic,0.05,10
838,802,860,0.5254025528699837,0.5428726388846609,0.5180107112820678,7.526252983293556,8.29925187032419,9.296511627906977,146,0,50,0.5,0.5,0.5,genetic,genetic,genetic,0.05,10
858,784,858,0.5262417946687777,0.5399620192936546,0.5169829124013287,7.559440559440559,8.53061224489796,9.207459207459207,147,0,50,0.5,0.5,0.5,genetic,genetic,genetic,0.05,10
889,770,841,0.5282639745981281,0.5382636809625242,0.5159930369995291,7.590551181102362,8.67142857142857,9.066587395957194,148,0,50,0.5,0.5,0.5,genetic,genetic,genetic,0.05,10
920,766,814,0.5283052116210448,0.5374218263576562,0.5138868136660393,7.639130434782609,8.719321148825065,8.904176904176904,149,0,50,0.5,0.5,0.5,genetic,genetic,genetic,0.05,10
950,751,799,0.5292933843333358,0.5353062277284634,0.5134833739513083,7.692631578947369,8.782956058588548,8.7909887359199,150,0,50,0.5,0.5,0.5,genetic,genetic,genetic,0.05,10
961,733,806,0.5268791153854633,0.5328434466512278,0.5139004310947192,7.930280957336108,8.633015006821282,8.426799007444169,151,0,50,0.5,0.5,0.5,genetic,genetic,genetic,0.05,10
970,739,791,0.5274717581249245,0.5317598082168489,0.5144505571846435,7.968041237113402,8.469553450608931,8.285714285714286,152,0,50,0.5,0.5,0.5,genetic,genetic,genetic,0.05,10
987,732,781,0.5279043245064174,0.5320588991165921,0.515120521894174,8.188449848024316,8.400273224043715,8.311139564660692,153,0,50,0.5,0.5,0.5,genetic,genetic,genetic,0.05,10
963,763,774,0.5283452385225205,0.5302098860815724,0.5122771478915141,8.39460020768432,8.048492791612057,8.237726098191214,154,0,50,0.5,0.5,0.5,genetic,genetic,genetic,0.05,10
924,802,774,0.5286106799126451,0.5323060204766805,0.5122036048645168,8.529220779220779,7.609725685785536,8.231266149870802,155,0,50,0.5,0.5,0.5,genetic,genetic,genetic,0.05,10
898,813,789,0.5294156390355513,0.529249043615527,0.5146104852465839,8.83630289532294,7.323493234932349,8.252217997465145,156,0,50,0.5,0.5,0.5,genetic,genetic,genetic,0.05,10
873,828,799,0.5305163002518716,0.5275705207666017,0.5138538866170348,9.026345933562428,7.295893719806763,8.135168961201503,157,0,50,0.5,0.5,0.5,genetic,genetic,genetic,0.05,10
837,872,791,0.5318540714600893,0.5268388902269395,0.5133874605006034,9.093189964157705,7.33256880733945,8.319848293299621,158,0,50,0.5,0.5,0.5,genetic,genetic,genetic,0.05,10
794,898,808,0.5291809524094786,0.5262048061658732,0.5108314505922569,9.248110831234257,7.252783964365256,8.334158415841584,159,0,50,0.5,0.5,0.5,genetic,genetic,genetic,0.05,10
750,934,816,0.5311064456103932,0.525960380296249,0.5128288008697569,9.226666666666667,7.316916488222698,8.607843137254902,160,0,50,0.5,0.5,0.5,genetic,genetic,genetic,0.05,10
721,939,840,0.5311977957730738,0.5268728385458861,0.514000180620074,9.259361997226074,7.454739084132055,8.622619047619047,161,0,50,0.5,0.5,0.5,genetic,genetic,genetic,0.05,10
689,982,829,0.5340543924577985,0.526534574641028,0.515664496842507,8.917271407837445,7.478615071283095,8.85524728588661,162,0,50,0.5,0.5,0.5,genetic,genetic,genetic,0.05,10
657,991,852,0.5350157398401034,0.528315172806202,0.5153009337447153,8.797564687975648,7.587285570131181,8.89906103286385,163,0,50,0.5,0.5,0.5,genetic,genetic,genetic,0.05,10
647,1006,847,0.534258639041554,0.5272758615255527,0.5170994257734268,8.476043276661514,7.719681908548708,8.949232585596222,164,0,50,0.5,0.5,0.5,genetic,genetic,genetic,0.05,10
629,1019,852,0.5367208691084209,0.5275868461005353,0.5181319418024821,8.166931637519873,7.855740922473013,9.003521126760564,165,0,50,0.5,0.5,0.5,genetic,genetic,genetic,0.05,10
630,1004,866,0.5367219157892769,0.527259530994455,0.520518478437793,7.957142857142857,8.219123505976096,9.060046189376443,166,0,50,0.5,0.5,0.5,genetic,genetic,genetic,0.05,10
634,973,893,0.533793961730965,0.5259284723280897,0.5231018029050056,7.938485804416404,8.54470709146968,8.893617021276595,167,0,50,0.5,0.5,0.5,genetic,genetic,genetic,0.05,10
655,956,889,0.5342342390516639,0.5274228871886028,0.5244412646127599,7.755725190839694,8.77510460251046,8.876265466816648,168,0,50,0.5,0.5,0.5,genetic,genetic,genetic,0.05,10
671,939,890,0.5331522507326337,0.526585934883882,0.5254389644362063,7.476900149031296,9.017039403620874,8.759550561797752,169,0,50,0.5,0.5,0.5,genetic,genetic,genetic,0.05,10
676,912,912,0.5325347133978281,0.5239971279077777,0.5262804993034907,7.297337278106509,9.270833333333334,8.491228070175438,170,0,50,0.5,0.5,0.5,genetic,genetic,genetic,0.05,10
679,908,913,0.532572559135369,0.5231869300304502,0.5268873344123004,7.195876288659794,9.194933920704846,8.46002190580504,171,0,50,0.5,0.5,0.5,genetic,genetic,genetic,0.05,10
663,909,928,0.5330075287786025,0.5226711213765525,0.5275802859470504,7.352941176470588,9.304730473047305,8.380387931034482,172,0,50,0.5,0.5,0.5,genetic,genetic,genetic,0.05,10
664,885,951,0.5326103630039273,0.5216250281803753,0.5265767427742519,7.155120481927711,9.146892655367232,8.266035751840167,173,0,50,0.5,0.5,0.5,genetic,genetic,genetic,0.05,10
655,852,993,0.5324918085126807,0.5214660714741836,0.5270828561809487,7.242748091603054,9.278169014084508,8.155085599194361,174,0,50,0.5,0.5,0.5,genetic,genetic,genetic,0.05,10
666,814,1020,0.529851678938731,0.5225345936248535,0.5279566727692612,7.267267267267267,9.34029484029484,8.064705882352941,175,0,50,0.5,0.5,0.5,genetic,genetic,genetic,0.05,10
678,782,1040,0.5276453481430874,0.5247776779643651,0.5270142829726743,7.209439528023599,9.382352941176471,8.116346153846154,176,0,50,0.5,0.5,0.5,genetic,genetic,genetic,0.05,10
700,735,1065,0.526681408366189,0.5239537329247149,0.5263271886216179,7.331428571428572,9.434013605442177,8.107042253521128,177,0,50,0.5,0.5,0.5,genetic,genetic,genetic,0.05,10
740,694,1066,0.5276836357018172,0.5219397404185984,0.5267611506444145,7.228378378378379,9.280979827089338,8.302063789868669,178,0,50,0.5,0.5,0.5,genetic,genetic,genetic,0.05,10
749,682,1069,0.5266296116426603,0.5224246281536803,0.5271965294067981,7.483311081441922,9.181818181818182,8.574368568755846,179,0,50,0.5,0.5,0.5,genetic,genetic,genetic,0.05,10
761,652,1087,0.5265256223423883,0.5237224723468817,0.5275779874364821,7.592641261498029,9.01840490797546,8.742410303587857,180,0,50,0.5,0.5,0.5,genetic,genetic,genetic,0.05,10
780,630,1090,0.5260448839001247,0.5233671190665814,0.5275541201747717,7.506410256410256,8.653968253968253,8.803669724770643,181,0,50,0.5,0.5,0.5,genetic,genetic,genetic,0.05,10
805,609,1086,0.5266410361325017,0.5237543446645119,0.5281345913194194,7.593788819875776,8.377668308702791,8.992633517495396,182,0,50,0.5,0.5,0.5,genetic,genetic,genetic,0.05,10
828,609,1063,0.5273265452911059,0.5285902481945215,0.5285443096152272,7.631642512077295,8.223316912972086,9.253998118532456,183,0,50,0.5,0.5,0.5,genetic,genetic,genetic,0.05,10
853,614,1033,0.5262870588019015,0.5295026556061712,0.5279432572347029,7.532239155920282,8.079804560260586,9.457889641819943,184,0,50,0.5,0.5,0.5,genetic,genetic,genetic,0.05,10
897,612,991,0.5272621170153207,0.5289494003877766,0.5286397701259544,7.540691192865106,8.006535947712418,9.611503531786076,185,0,50,0.5,0.5,0.5,genetic,genetic,genetic,0.05,10
951,602,947,0.5264114420620394,0.5299362787941102,0.5274964049492045,7.495268138801261,7.9485049833887045,9.771911298838438,186,0,50,0.5,0.5,0.5,genetic,genetic,genetic,0.05,10
985,607,908,0.5291440189894099,0.5307739345392813,0.5279257171844182,7.672081218274112,7.973640856672158,10.02863436123348,187,0,50,0.5,0.5,0.5,genetic,genetic,genetic,0.05,10
1005,614,881,0.5298434582322685,0.5310337993973263,0.5287945291676942,7.674626865671642,7.824104234527687,10.14982973893303,188,0,50,0.5,0.5,0.5,genetic,genetic,genetic,0.05,10
1011,617,872,0.5286769751239593,0.5338091737701661,0.5279254187841638,7.95351137487636,7.687196110210697,10.286697247706423,189,0,50,0.5,0.5,0.5,genetic,genetic,genetic,0.05,10
1024,616,860,0.5294364511231449,0.5318798987869359,0.5285233764809166,8.2373046875,7.660714285714286,10.194186046511629,190,0,50,0.5,0.5,0.5,genetic,genetic,genetic,0.05,10
1062,626,812,0.5289789294085956,0.5307092237868496,0.5296320193946328,8.322975517890772,7.696485623003195,10.35960591133005,191,0,50,0.5,0.5,0.5,genetic,genetic,genetic,0.05,10
1075,638,787,0.5284042365336227,0.5313823001759396,0.530282750866232,8.54139534883721,7.650470219435737,10.34561626429479,192,0,50,0.5,0.5,0.5,genetic,genetic,genetic,0.05,10
1075,655,770,0.5278232162738905,0.5291419900828026,0.5314337320260607,8.6,7.383206106870229,10.2012987012987,193,0,50,0.5,0.5,0.5,genetic,genetic,genetic,0.05,10
1089,675,736,0.5283314991664891,0.5281528141107615,0.5327592465339986,8.610651974288338,7.115555555555556,10.080163043478262,194,0,50,0.5,0.5,0.5,genetic,genetic,genetic,0.05,10
1084,711,705,0.5302622265097392,0.5291745843409635,0.5310114047080752,8.706642066420665,6.962025316455696,9.99290780141844,195,0,50,0.5,0.5,0.5,genetic,genetic,genetic,0.05,10
1088,742,670,0.5312127209311467,0.5300635597890718,0.5306098031447891,8.798713235294118,6.95822102425876,9.943283582089553,196,0,50,0.5,0.5,0.5,genetic,genetic,genetic,0.05,10
1070,779,651,0.5318892127751184,0.5284796372788437,0.5317746169601854,9.039252336448598,6.847240051347882,9.781874039938556,197,0,50,0.5,0.5,0.5,genetic,genetic,genetic,0.05,10
1058,809,633,0.5332470461010892,0.5290935085350625,0.5331931658852967,9.184310018903592,6.953028430160693,9.587677725118484,198,0,50,0.5,0.5,0.5,genetic,genetic,genetic,0.05,10
1042,863,595,0.5336910599401052,0.5286576138425788,0.5364683367792537,9.13915547024952,7.041714947856315,9.349579831932774,199,0,50,0.5,0.5,0.5,genetic,genetic,genetic,0.05,10
1016,894,590,0.5361355221026717,0.5283253634980535,0.5388323546233772,9.259842519685039,7.121923937360179,9.064406779661017,200,0,50,0.5,0.5,0.5,genetic,genetic,genetic,0.05,10
1006,914,580,0.534308341832433,0.5291484679391727,0.538893709546199,9.467196819085487,7.361050328227571,8.712068965517242,201,0,50,0.5,0.5,0.5,genetic,genetic,genetic,0.05,10
973,930,597,0.5343269252528101,0.5288757111155197,0.5408080413525636,9.651593011305241,7.360215053763441,8.289782244556115,202,0,50,0.5,0.5,0.5,genetic,genetic,genetic,0.05,10
967,940,593,0.5352432147493263,0.5296957887349764,0.5436629312079418,9.59875904860393,7.604255319148936,7.790893760539629,203,0,50,0.5,0.5,0.5,genetic,genetic,genetic,0.05,10
942,949,609,0.5370133952005252,0.5282196046423472,0.5418384027023155,9.780254777070065,7.677555321390938,7.417077175697865,204,0,50,0.5,0.5,0.5,genetic,genetic,genetic,0.05,10
938,936,626,0.5372221050372881,0.5292870015939988,0.5431637858240719,10.01279317697228,7.928418803418803,7.178913738019169,205,0,50,0.5,0.5,0.5,genetic,genetic,genetic,0.05,10
898,950,652,0.5374095892666317,0.5295675647137613,0.5444516443509857,10.064587973273943,7.961052631578947,7.04601226993865,206,0,50,0.5,0.5,0.5,genetic,genetic,genetic,0.05,10
885,944,671,0.536518652879319,0.5288935354623765,0.5450115991247511,10.195480225988701,8.227754237288135,7.099850968703428,207,0,50,0.5,0.5,0.5,genetic,genetic,genetic,0.05,10
855,955,690,0.5355573125509078,0.5284368329183292,0.5463967296345538,10.454970760233918,8.210471204188481,7.155072463768116,208,0,50,0.5,0.5,0.5,genetic,genetic,genetic,0.05,10
818,991,691,0.5369635468028383,0.5284732850514967,0.5486985665313979,10.526894865525673,8.146316851664984,7.227206946454414,209,0,50,0.5,0.5,0.5,genetic,genetic,genetic,0.05,10
816,990,694,0.5352229520111113,0.5283575003378402,0.5493561681526379,10.541666666666666,8.407070707070707,7.329971181556196,210,0,50,0.5,0.5,0.5,genetic,genetic,genetic,0.05,10
781,1015,704,0.5374820395009169,0.5280154401316026,0.5505055495373351,10.690140845070422,8.396059113300492,7.427556818181818,211,0,50,0.5,0.5,0.5,genetic,genetic,genetic,0.05,10
761,1021,718,0.5387620850436804,0.5310323907888053,0.550837205945493,10.772667542706964,8.510284035259549,7.541782729805014,212,0,50,0.5,0.5,0.5,genetic,genetic,genetic,0.05,10
713,1040,747,0.5389127681661149,0.5310133737298974,0.5515208155809164,10.900420757363253,8.458653846153846,7.622489959839357,213,0,50,0.5,0.5,0.5,genetic,genetic,genetic,0.05,10
687,1043,770,0.539485169997998,0.532918543345827,0.5523476495713606,10.756914119359534,8.63183125599233,7.62077922077922,214,0,50,0.5,0.5,0.5,genetic,genetic,genetic,0.05,10
656,1036,808,0.5397964304879563,0.5324232232660022,0.5543269344822005,10.565548780487806,8.625482625482626,7.530940594059406,215,0,50,0.5,0.5,0.5,genetic,genetic,genetic,0.05,10
659,1006,835,0.5416250664755303,0.5316696213196643,0.5541868139840835,10.226100151745069,8.94831013916501,7.6251497005988025,216,0,50,0.5,0.5,0.5,genetic,genetic,genetic,0.05,10
653,997,850,0.5436006940062912,0.531589836271182,0.5551779645044047,9.773353751914241,9.012036108324974,7.767058823529411,217,0,50,0.5,0.5,0.5,genetic,genetic,genetic,0.05,10
651,970,879,0.5444513551255277,0.5311415005883776,0.5554431254772408,9.258064516129032,9.308247422680413,7.680318543799772,218,0,50,0.5,0.5,0.5,genetic,genetic,genetic,0.05,10
639,961,900,0.5450520438499137,0.5318215436690736,0.5550851722649783,9.03129890453834,9.432882414151925,7.68,219,0,50,0.5,0.5,0.5,genetic,genetic,genetic,0.05,10
639,935,926,0.5476900060387913,0.5301394694216528,0.5532906885747187,8.57433489827856,9.572192513368984,7.7429805615550755,220,0,50,0.5,0.5,0.5,genetic,genetic,genetic,0.05,10
652,901,947,0.5495704449503989,0.5300743097858113,0.5546026931192868,8.375766871165645,9.861265260821309,7.7803590285110875,221,0,50,0.5,0.5,0.5,genetic,genetic,genetic,0.05,10
660,869,971,0.5483665210192031,0.5290560215635989,0.5560206368707923,8.107575757575757,9.925201380897583,7.9062821833161685,222,0,50,0.5,0.5,0.5,genetic,genetic,genetic,0.05,10
682,837,981,0.5491008030349764,0.5325942864007694,0.5557354284538878,7.954545454545454,10.097968936678614,8.058103975535168,223,0,50,0.5,0.5,0.5,genetic,genetic,genetic,0.05,10
720,807,973,0.5498145499369209,0.5326816945960297,0.5558183025197843,7.6125,10.149938042131351,8.143884892086332,224,0,50,0.5,0.5,0.5,genetic,genetic,genetic,0.05,10
740,777,983,0.5507227189630207,0.5330487701717376,0.5554695307721783,7.541891891891892,10.145431145431145,8.33265513733469,225,0,50,0.5,0.5,0.5,genetic,genetic,genetic,0.05,10
768,752,980,0.5489519716305389,0.5319115589882052,0.5541114594909802,7.462239583333333,10.123670212765957,8.490816326530613,226,0,50,0.5,0.5,0.5,genetic,genetic,genetic,0.05,10
804,706,990,0.5499166799141659,0.5325724071051168,0.5526355416946973,7.527363184079602,10.123229461756374,8.523232323232323,227,0,50,0.5,0.5,0.5,genetic,genetic,genetic,0.05,10
826,689,985,0.5502604620469757,0.5341920224985791,0.5525424072231669,7.498789346246974,9.895500725689406,8.649746192893401,228,0,50,0.5,0.5,0.5,genetic,genetic,genetic,0.05,10
879,664,957,0.5496105788011516,0.5369768870558371,0.5547953897790522,7.50967007963595,9.673192771084338,8.646812957157785,229,0,50,0.5,0.5,0.5,genetic,genetic,genetic,0.05,10
908,658,934,0.5500584505160138,0.5385934857509074,0.5566931157430243,7.484581497797357,9.384498480243161,8.644539614561028,230,0,50,0.5,0.5,0.5,genetic,genetic,genetic,0.05,10
939,655,906,0.5496963714934519,0.5397632290844984,0.5556708461101573,7.541001064962726,9.088549618320611,8.629139072847682,231,0,50,0.5,0.5,0.5,genetic,genetic,genetic,0.05,10
955,664,881,0.5488543840692797,0.5405026693118694,0.55493313223984,7.69109947643979,8.801204819277109,8.700340522133938,232,0,50,0.5,0.5,0.5,genetic,genetic,genetic,0.05,10
980,662,858,0.5499899811312613,0.5408767746608736,0.5580216822069574,7.822448979591837,8.521148036253777,8.837995337995338,233,0,50,0.5,0.5,0.5,genetic,genetic,genetic,0.05,10
975,673,852,0.5501751721232736,0.5417931719195341,0.5599636624630422,7.911794871794871,8.301634472511145,8.87206572769953,234,0,50,0.5,0.5,0.5,genetic,genetic,genetic,0.05,10
997,708,795,0.5501144932707873,0.5412176916789134,0.5610503459424155,7.904714142427282,8.045197740112995,8.859119496855346,235,0,50,0.5,0.5,0.5,genetic,genetic,genetic,0.05,10
1003,742,755,0.5506292048597422,0.5411203225905848,0.5613349457528373,8.01395812562313,7.815363881401617,8.891390728476821,236,0,50,0.5,0.5,0.5,genetic,genetic,genetic,0.05,10
1009,748,743,0.5517001222485411,0.5401883305646465,0.5617567552624125,8.221010901883053,7.8355614973262036,9.014804845222073,237,0,50,0.5,0.5,0.5,genetic,genetic,genetic,0.05,10
1002,791,707,0.5515884231632663,0.5401190265908146,0.561650633062747,8.296407185628743,7.753476611883691,9.117397454031117,238,0,50,0.5,0.5,0.5,genetic,genetic,genetic,0.05,10
1007,804,689,0.5505343656256154,0.5383311216578838,0.5615305191860942,8.550148957298907,7.856965174129353,9.16255442670537,239,0,50,0.5,0.5,0.5,genetic,genetic,genetic,0.05,10
1003,826,671,0.5507799841345957,0.5378862234837428,0.5612087131856035,8.740777666999003,7.886198547215496,9.187779433681072,240,0,50,0.5,0.5,0.5,genetic,genetic,genetic,0.05,10
961,855,684,0.5518389722033531,0.5372579085583159,0.5618183952320307,8.965660770031217,7.866666666666666,9.153508771929825,241,0,50,0.5,0.5,0.5,genetic,genetic,genetic,0.05,10
954,870,676,0.5510476780263648,0.5360418252548556,0.5630880831832603,9.127882599580714,8.04367816091954,9.226331360946746,242,0,50,0.5,0.5,0.5,genetic,genetic,genetic,0.05,10
932,885,683,0.5514464756825606,0.5374858731140436,0.5638138825138437,9.244635193133048,7.919774011299435,9.114202049780381,243,0,50,0.5,0.5,0.5,genetic,genetic,genetic,0.05,10
891,898,711,0.5499978325702716,0.5363005658173794,0.5650388467121341,9.454545454545455,7.643652561247216,8.872011251758087,244,0,50,0.5,0.5,0.5,genetic,genetic,genetic,0.05,10
881,905,714,0.5472540353505005,0.5352244121249061,0.5698902587091131,9.412031782065835,7.571270718232044,8.813725490196079,245,0,50,0.5,0.5,0.5,genetic,genetic,genetic,0.05,10
857,902,741,0.5464789083022318,0.5353492977589286,0.5690936652552809,9.456242707117854,7.457871396895787,8.531713900134953,246,0,50,0.5,0.5,0.5,genetic,genetic,genetic,0.05,10
846,887,767,0.5461362826204272,0.5367137949249107,0.5686579296601069,9.508274231678486,7.685456595264938,8.363754889178619,247,0,50,0.5,0.5,0.5,genetic,genetic,genetic,0.05,10
826,883,791,0.5429409753609369,0.5383735045391373,0.5694943717360732,9.495157384987893,7.819932049830125,8.257901390644754,248,0,50,0.5,0.5,0.5,genetic,genetic,genetic,0.05,10
794,914,792,0.5427777955710849,0.5415062109447694,0.5704306943738071,9.473551637279597,7.843544857768053,8.202020202020202,249,0,50,0.5,0.5,0.5,genetic,genetic,genetic,0.05,10
779,918,803,0.5412390019413229,0.5407627397281455,0.5705407050824869,9.313222079589217,7.92483660130719,8.02988792029888,250,0,50,0.5,0.5,0.5,genetic,genetic,genetic,0.05,10
738,905,857,0.5420272854195191,0.5410885132300504,0.5705131158747659,9.523035230352303,7.925966850828729,7.771295215869311,251,0,50,0.5,0.5,0.5,genetic,genetic,genetic,0.05,10
727,875,898,0.5421144992510555,0.5424131351100345,0.5704145802862388,9.551581843191197,8.07542857142857,7.8240534521158125,252,0,50,0.5,0.5,0.5,genetic,genetic,genetic,0.05,10
735,864,901,0.5434878076379749,0.5410717919787246,0.5683822961979027,9.016326530612245,8.104166666666666,7.783573806881243,253,0,50,0.5,0.5,0.5,genetic,genetic,genetic,0.05,10
725,851,924,0.5457767527810691,0.53984010102577,0.5688974516954411,8.856551724137931,8.038777908343127,7.953463203463204,254,0,50,0.5,0.5,0.5,genetic,genetic,genetic,0.05,10
719,826,955,0.5469157644596472,0.5415583649313537,0.5689835215852522,8.892906815020861,8.161016949152541,8.117277486910995,255,0,50,0.5,0.5,0.5,genetic,genetic,genetic,0.05,10
712,818,970,0.5477927012193543,0.5402855823204212,0.5683704198093629,8.793539325842696,8.312958435207824,8.253608247422681,256,0,50,0.5,0.5,0.5,genetic,genetic,genetic,0.05,10
732,776,992,0.5460193265659149,0.5415857021501219,0.5688276507310265,8.736338797814208,8.347938144329897,8.337701612903226,257,0,50,0.5,0.5,0.5,genetic,genetic,genetic,0.05,10
746,755,999,0.5451756753085469,0.541289739688757,0.569220781241129,8.540214477211796,8.283443708609271,8.676676676676676,258,0,50,0.5,0.5,0.5,genetic,genetic,genetic,0.05,10
762,734,1004,0.5447041241904222,0.5405576085695748,0.5687329126823976,8.506561679790027,8.358310626702997,8.870517928286853,259,0,50,0.5,0.5,0.5,genetic,genetic,genetic,0.05,10
760,721,1019,0.5450890423492092,0.5398940423657586,0.5695731288057324,8.35921052631579,8.158113730929266,8.971540726202159,260,0,50,0.5,0.5,0.5,genetic,genetic,genetic,0.05,10
777,700,1023,0.5437204067698976,0.5403037556997956,0.570111604589041,8.104247104247104,8.017142857142858,9.026392961876834,261,0,50,0.5,0.5,0.5,genetic,genetic,genetic,0.05,10
792,683,1025,0.5441387590673021,0.5396484217139432,0.5695049106167891,8.044191919191919,8.067349926793558,9.271219512195122,262,0,50,0.5,0.5,0.5,genetic,genetic,genetic,0.05,10
821,670,1009,0.5440543807532022,0.5384513752570491,0.5698297287292342,7.8550548112058465,7.864179104477612,9.291377601585728,263,0,50,0.5,0.5,0.5,genetic,genetic,genetic,0.05,10
839,659,1002,0.5435776798893092,0.5393946627695843,0.5720563002380589,8.01668653158522,7.887708649468892,9.418163672654691,264,0,50,0.5,0.5,0.5,genetic,genetic,genetic,0.05,10
871,641,988,0.5447359063693255,0.5390732036306469,0.5725235213582838,7.7956371986222734,7.714508580343214,9.422064777327936,265,0,50,0.5,0.5,0.5,genetic,genetic,genetic,0.05,10
908,619,973,0.5453579251234144,0.5374257446405063,0.5744785849979652,7.727973568281938,7.5621970920840065,9.37512846865365,266,0,50,0.5,0.5,0.5,genetic,genetic,genetic,0.05,10
960,604,936,0.5448202574280496,0.5352944592126149,0.5727666036801824,7.542708333333334,7.663907284768212,9.463675213675213,267,0,50,0.5,0.5,0.5,genetic,genetic,genetic,0.05,10
1017,598,885,0.5458620737447785,0.5387551805846287,0.5736607261220932,7.575221238938053,7.561872909698996,9.5954802259887,268,0,50,0.5,0.5,0.5,genetic,genetic,genetic,0.05,10
1087,593,820,0.5472885992160721,0.5379062831056494,0.5735614085317545,7.595216191352346,7.655986509274873,9.767073170731708,269,0,50,0.5,0.5,0.5,genetic,genetic,genetic,0.05,10
1138,606,756,0.5478032500406289,0.5369415404208607,0.5735509632147285,7.6335676625659055,7.646864686468647,9.813492063492063,270,0,50,0.5,0.5,0.5,genetic,genetic,genetic,0.05,10
1141,635,724,0.5487695426622912,0.5383932265725875,0.5735119838406304,7.7879053461875545,7.303937007874016,9.616022099447514,271,0,50,0.5,0.5,0.5,genetic,genetic,genetic,0.05,10
1140,672,688,0.5479784807608832,0.5402200902793284,0.5776195297591481,7.978947368421053,7.4375,9.752906976744185,272,0,50,0.5,0.5,0.5,genetic,genetic,genetic,0.05,10
1149,690,661,0.5480059083017463,0.542263510400158,0.5803758080676846,8.234986945169712,7.282608695652174,9.671709531013615,273,0,50,0.5,0.5,0.5,genetic,genetic,genetic,0.05,10
1146,699,655,0.5468617601779698,0.5411822713306395,0.5847067536304038,8.542757417102967,7.260371959942775,9.268702290076336,274,0,50,0.5,0.5,0.5,genetic,genetic,genetic,0.05,10
1118,717,665,0.5467525669940989,0.5427289703027461,0.5859144877428457,9.023255813953488,7.326359832635983,9.148872180451129,275,0,50,0.5,0.5,0.5,genetic,genetic,genetic,0.05,10
1114,742,644,0.5464741027743885,0.5440089738007754,0.586778517646464,9.312387791741472,7.407008086253369,9.021739130434783,276,0,50,0.5,0.5,0.5,genetic,genetic,genetic,0.05,10
1094,751,655,0.5453910853348269,0.5454987662907371,0.5863925986931926,9.744058500914077,7.448735019973369,8.731297709923664,277,0,50,0.5,0.5,0.5,genetic,genetic,genetic,0.05,10
1070,785,645,0.5460837662268854,0.5465519478529062,0.5877958347114185,9.976635514018692,7.480254777070064,8.517829457364341,278,0,50,0.5,0.5,0.5,genetic,genetic,genetic,0.05,10
1042,817,641,0.5463323627344031,0.5502607357633914,0.5854423089212977,10.247600767754319,7.443084455324358,8.402496099843994,279,0,50,0.5,0.5,0.5,genetic,genetic,genetic,0.05,10
1035,845,620,0.546724682250903,0.5523328120588545,0.5872104378916347,10.427053140096618,7.566863905325444,8.180645161290322,280,0,50,0.5,0.5,0.5,genetic,genetic,genetic,0.05,10
1010,876,614,0.5467766779643318,0.5540027731359275,0.5889091644369793,10.66930693069307,7.70662100456621,8.06514657980456,281,0,50,0.5,0.5,0.5,genetic,genetic,genetic,0.05,10
979,897,624,0.5471920750477177,0.5550991332789276,0.5883242768588405,10.53524004085802,7.671125975473801,7.82051282051282,282,0,50,0.5,0.5,0.5,genetic,genetic,genetic,0.05,10
940,938,622,0.547156570506509,0.557115513076369,0.5891098910538619,10.558510638297872,7.585287846481877,7.766881028938907,283,0,50,0.5,0.5,0.5,genetic,genetic,genetic,0.05,10
904,949,647,0.5465854284028627,0.5581743581648364,0.5901548405483614,10.752212389380531,7.599578503688092,7.556414219474497,284,0,50,0.5,0.5,0.5,genetic,genetic,genetic,0.05,10
871,957,672,0.5473776817584585,0.5585866850955143,0.5895467470781308,11.0,7.633228840125392,7.410714285714286,285,0,50,0.5,0.5,0.5,genetic,genetic,genetic,0.05,10
834,992,674,0.5464142900591061,0.5586158604145289,0.5887013037677264,11.089928057553957,7.828629032258065,7.686943620178042,286,0,50,0.5,0.5,0.5,genetic,genetic,genetic,0.05,10
812,995,693,0.548654476652184,0.5601309817620427,0.5873988628300456,11.108374384236454,8.11356783919598,7.773448773448774,287,0,50,0.5,0.5,0.5,genetic,genetic,genetic,0.05,10
774,1015,711,0.5481273918870592,0.5611353812054942,0.5884712299003716,11.24547803617571,8.226600985221674,7.8213783403656825,288,0,50,0.5,0.5,0.5,genetic,genetic,genetic,0.05,10
764,1015,721,0.5470618871925021,0.5629757127677593,0.588976478401493,10.901832460732985,8.47783251231527,7.680998613037448,289,0,50,0.5,0.5,0.5,genetic,genetic,genetic,0.05,10
736,1012,752,0.5467541311519182,0.5645632256065919,0.5887181989101683,10.789402173913043,8.627470355731225,7.6436170212765955,290,0,50,0.5,0.5,0.5,genetic,genetic,genetic,0.05,10
715,1003,782,0.5445296201130392,0.5662478080073093,0.5868620055527781,10.896503496503497,8.793619142572282,7.551150895140665,291,0,50,0.5,0.5,0.5,genetic,genetic,genetic,0.05,10
717,992,791,0.5444186004024303,0.5673162909282891,0.5864993198812527,10.456066945606695,9.074596774193548,7.572692793931732,292,0,50,0.5,0.5,0.5,genetic,genetic,genetic,0.05,10
710,990,800,0.5437908212059416,0.5677876553546602,0.5859622077479172,10.125352112676056,9.296969696969697,7.7875,293,0,50,0.5,0.5,0.5,genetic,genetic,genetic,0.05,10
708,959,833,0.5437313207462776,0.5693021695842712,0.5854517608099566,9.967514124293785,9.591240875912408,7.866746698679472,294,0,50,0.5,0.5,0.5,genetic,genetic,genetic,0.05,10
723,928,849,0.5438293099322498,0.5721373653499766,0.5831638306007283,9.806362378976488,9.828663793103448,7.82567726737338,295,0,50,0.5,0.5,0.5,genetic,genetic,genetic,0.05,10
717,898,885,0.5436938952115745,0.5732752215633162,0.5823497627468655,9.965132496513249,10.015590200445434,7.816949152542373,296,0,50,0.5,0.5,0.5,genetic,genetic,genetic,0.05,10
714,880,906,0.5449646099809698,0.5736497116424202,0.5804256930292269,10.15406162464986,10.090909090909092,8.120309050772628,297,0,50,0.5,0.5,0.5,genetic,genetic,genetic,0.05,10
718,858,924,0.5462521777674306,0.5731799023614798,0.5811657622429981,10.034818941504179,10.160839160839162,8.238095238095237,298,0,50,0.5,0.5,0.5,genetic,genetic,genetic,0.05,10
708,831,961,0.5462726272846584,0.5740924265428382,0.5818715731330661,9.673728813559322,10.032490974729242,8.381893860561915,299,0,50,0.5,0.5,0.5,genetic,genetic,genetic,0.05,10
741,802,957,0.545174092123601,0.5761618497653526,0.5825376900795177,9.469635627530364,10.241895261845386,8.468129571577848,300,0,50,0.5,0.5,0.5,genetic,genetic,genetic,0.05,10
763,800,937,0.5455702081068661,0.5779252659301783,0.5814239985294603,9.120576671035387,10.0775,8.661686232657416,301,0,50,0.5,0.5,0.5,genetic,genetic,genetic,0.05,10
751,797,952,0.5461814024295776,0.5769192479600291,0.5821944459349451,9.292942743009322,9.915934755332497,8.768907563025211,302,0,50,0.5,0.5,0.5,genetic,genetic,genetic,0.05,10
738,789,973,0.5465097885779882,0.5778280179093195,0.5820367922142489,9.281842818428185,9.608365019011407,8.788283658787256,303,0,50,0.5,0.5,0.5,genetic,genetic,genetic,0.05,10
757,806,937,0.5457031448049022,0.5773322642323833,0.5808338796848745,8.721268163804492,9.416873449131513,8.91889007470651,304,0,50,0.5,0.5,0.5,genetic,genetic,genetic,0.05,10
748,804,948,0.5444454230833825,0.5778660599669581,0.5800332601602607,8.233957219251337,9.048507462686567,8.94620253164557,305,0,50,0.5,0.5,0.5,genetic,genetic,genetic,0.05,10
733,802,965,0.5459590791160573,0.5753409608994666,0.5791926551293216,8.189631650750341,8.638403990024937,8.997927461139897,306,0,50,0.5,0.5,0.5,genetic,genetic,genetic,0.05,10
751,789,960,0.5448659385628863,0.57263605522924,0.5815103014025614,7.7470039946737685,8.61850443599493,8.790625,307,0,50,0.5,0.5,0.5,genetic,genetic,genetic,0.05,10
732,794,974,0.542071143769908,0.5741773656699736,0.5830257283881648,7.442622950819672,8.511335012594458,8.905544147843942,308,0,50,0.5,0.5,0.5,genetic,genetic,genetic,0.05,10
723,787,990,0.5409622549379827,0.5756723164543307,0.5844131584465323,7.488243430152144,8.432020330368488,8.971717171717172,309,0,50,0.5,0.5,0.5,genetic,genetic,genetic,0.05,10
727,769,1004,0.5396606449109138,0.5759620161473211,0.5875983053788801,7.559834938101788,8.291287386215865,9.033864541832669,310,0,50,0.5,0.5,0.5,genetic,genetic,genetic,0.05,10
712,785,1003,0.5392948763247637,0.5744266268578551,0.5885439389911348,7.523876404494382,8.008917197452229,9.245264207377867,311,0,50,0.5,0.5,0.5,genetic,genetic,genetic,0.05,10
738,761,1001,0.538992996722225,0.573972369842521,0.5896395689377983,7.448509485094851,8.103810775295663,9.154845154845155,312,0,50,0.5,0.5,0.5,genetic,genetic,genetic,0.05,10
749,737,1014,0.5380568422735134,0.5762139426354705,0.5911008671161339,7.515353805073431,8.046132971506106,9.183431952662723,313,0,50,0.5,0.5,0.5,genetic,genetic,genetic,0.05,10
759,719,1022,0.5381167356165624,0.576581826610773,0.5925541715646543,7.69433465085639,8.189151599443672,9.278864970645792,314,0,50,0.5,0.5,0.5,genetic,genetic,genetic,0.05,10
801,723,976,0.5371718221778564,0.5781268134816735,0.5934216781546383,7.476903870162297,8.378976486860305,9.630122950819672,315,0,50,0.5,0.5,0.5,genetic,genetic,genetic,0.05,10
815,715,970,0.5345173242310217,0.5767284823656971,0.5946748090860483,7.689570552147239,8.342657342657343,9.689690721649484,316,0,50,0.5,0.5,0.5,genetic,genetic,genetic,0.05,10
828,711,961,0.534847094579169,0.5747882487482343,0.5952843571073361,7.823671497584541,8.428973277074542,9.823100936524453,317,0,50,0.5,0.5,0.5,genetic,genetic,genetic,0.05,10
859,716,925,0.5337878356831753,0.5741073363655848,0.5975336647014584,7.7508731082654245,8.522346368715084,9.972972972972974,318,0,50,0.5,0.5,0.5,genetic,genetic,genetic,0.05,10
853,726,921,0.5344062038703918,0.5730448486704043,0.5966653417438441,7.953106682297773,8.517906336088155,10.03257328990228,319,0,50,0.5,0.5,0.5,genetic,genetic,genetic,0.05,10
869,745,886,0.534104331417964,0.570806462706943,0.5967137615959106,7.846950517836594,8.451006711409397,10.00451467268623,320,0,50,0.5,0.5,0.5,genetic,genetic,genetic,0.05,10
879,764,857,0.5350806208877271,0.5700122191707923,0.5981331146970513,7.858930602957907,8.519633507853403,10.154025670945158,321,0,50,0.5,0.5,0.5,genetic,genetic,genetic,0.05,10
869,763,868,0.5360683902255178,0.5714886566300463,0.5991644311506124,8.017261219792866,8.618610747051115,9.985023041474655,322,0,50,0.5,0.5,0.5,genetic,genetic,genetic,0.05,10
884,756,860,0.5359184364511769,0.5710257007977048,0.6024459178346087,8.062217194570136,8.691798941798941,9.916279069767441,323,0,50,0.5,0.5,0.5,genetic,genetic,genetic,0.05,10
897,761,842,0.536991571554536,0.5716207626431841,0.6040733527712885,8.13489409141583,8.563731931668856,9.700712589073634,324,0,50,0.5,0.5,0.5,genetic,genetic,genetic,0.05,10
900,759,841,0.5380101553100776,0.5709278727349942,0.6030672890884162,8.26,8.479578392621871,9.621878715814507,325,0,50,0.5,0.5,0.5,genetic,genetic,genetic,0.05,10
884,762,854,0.5392837030869916,0.5710860317295109,0.6034457924688146,8.516968325791856,8.368766404199475,9.394613583138174,326,0,50,0.5,0.5,0.5,genetic,genetic,genetic,0.05,10
881,758,861,0.5384004959052319,0.5722943529830649,0.6035184190497358,8.698070374574348,8.335092348284961,9.344947735191637,327,0,50,0.5,0.5,0.5,genetic,genetic,genetic,0.05,10
914,708,878,0.5389696088791908,0.5729749444050792,0.6018650413195219,8.912472647702407,8.559322033898304,9.006833712984054,328,0,50,0.5,0.5,0.5,genetic,genetic,genetic,0.05,10
911,694,895,0.5400729610261866,0.5736130557164959,0.6015359416979779,8.99451152579583,8.331412103746398,8.998882681564245,329,0,50,0.5,0.5,0.5,genetic,genetic,genetic,0.05,10
940,674,886,0.5403457933974778,0.5749123991041374,0.6022807002820738,9.008510638297873,8.381305637982196,8.91647855530474,330,0,50,0.5,0.5,0.5,genetic,genetic,genetic,0.05,10
935,682,883,0.540335886690238,0.575580723950711,0.6030288851260484,8.996791443850267,7.904692082111437,8.82559456398641,331,0,50,0.5,0.5,0.5,genetic,genetic,genetic,0.05,10
931,667,902,0.5413326470163857,0.5761050888763547,0.6028834160733524,9.054779806659505,7.448275862068965,8.515521064301552,332,0,50,0.5,0.5,0.5,genetic,genetic,genetic,0.05,10
930,675,895,0.5425889094172517,0.5772874490712919,0.6041280054194205,9.016129032258064,7.269629629629629,8.406703910614524,333,0,50,0.5,0.5,0.5,genetic,genetic,genetic,0.05,10
940,675,885,0.543599411257331,0.5788538503589371,0.6053686240528715,8.831914893617022,6.962962962962963,8.427118644067797,334,0,50,0.5,0.5,0.5,genetic,genetic,genetic,0.05,10
972,657,871,0.5433937650489999,0.5796997344004141,0.6037157634443493,8.760288065843621,7.010654490106545,8.180252583237658,335,0,50,0.5,0.5,0.5,genetic,genetic,genetic,0.05,10
978,661,861,0.5424422708989872,0.5794266517990521,0.6046464795403212,8.838445807770961,6.771558245083208,8.033681765389083,336,0,50,0.5,0.5,0.5,genetic,genetic,genetic,0.05,10
984,652,864,0.5422333195113418,0.5790780040498177,0.6048939729986302,9.036585365853659,6.995398773006135,8.113425925925926,337,0,50,0.5,0.5,0.5,genetic,genetic,genetic,0.05,10
980,657,863,0.5399938494974229,0.5807794353121383,0.6053644359556761,8.860204081632654,6.687975646879757,8.179606025492468,338,0,50,0.5,0.5,0.5,genetic,genetic,genetic,0.05,10
969,687,844,0.5380201092477954,0.579502475742318,0.6055598227662033,8.742002063983488,6.640465793304221,8.229857819905213,339,0,50,0.5,0.5,0.5,genetic,genetic,genetic,0.05,10
978,697,825,0.5359025723810964,0.5791790047726159,0.6059548118658967,8.6359918200409,6.659971305595409,8.435151515151516,340,0,50,0.5,0.5,0.5,genetic,genetic,genetic,0.05,10
1002,697,801,0.5362555482411265,0.5802351551645565,0.607150692232172,8.686626746506986,6.839311334289813,8.521847690387016,341,0,50,0.5,0.5,0.5,genetic,genetic,genetic,0.05,10
1032,700,768,0.5369123609649956,0.5805473427052328,0.6093230736652766,8.537790697674419,6.881428571428572,8.489583333333334,342,0,50,0.5,0.5,0.5,genetic,genetic,genetic,0.05,10
1047,706,747,0.5362904706215533,0.5811452526183916,0.6092847706908922,8.635148042024833,6.881019830028329,8.528781793842034,343,0,50,0.5,0.5,0.5,genetic,genetic,genetic,0.05,10
1058,709,733,0.5363962665729423,0.5833611161100348,0.6084570106033296,8.694706994328923,6.909732016925247,8.221009549795362,344,0,50,0.5,0.5,0.5,genetic,genetic,genetic,0.05,10
1077,709,714,0.5370312617429199,0.5828348753459821,0.6079018148783308,8.81987000928505,7.1833568406205925,8.357142857142858,345,0,50,0.5,0.5,0.5,genetic,genetic,genetic,0.05,10
1094,733,673,0.5366688355214061,0.581802708470349,0.6076375687449306,8.837294332723948,7.193724420190996,8.063893016344725,346,0,50,0.5,0.5,0.5,genetic,genetic,genetic,0.05,10
1090,756,654,0.5358795804639459,0.5841759012394907,0.6079564276477646,8.973394495412844,7.144179894179894,8.045871559633028,347,0,50,0.5,0.5,0.5,genetic,genetic,genetic,0.05,10
1071,790,639,0.5356793213732671,0.5864423439205784,0.6087835672013931,9.095238095238095,7.2215189873417724,7.942097026604069,348,0,50,0.5,0.5,0.5,genetic,genetic,genetic,0.05,10
1052,815,633,0.5359930628991683,0.5875647839031044,0.610885858596901,9.29657794676806,7.083435582822086,7.770932069510269,349,0,50,0.5,0.5,0.5,genetic,genetic,genetic,0.05,10
1041,822,637,0.5355851468218332,0.5887206329450807,0.6129769808721885,9.481268011527378,7.1630170316301705,7.594976452119309,350,0,50,0.5,0.5,0.5,genetic,genetic,genetic,0.05,10
1011,855,634,0.5357166846264035,0.5895352520461128,0.6146315932080635,9.75568743818002,7.236257309941521,7.725552050473186,351,0,50,0.5,0.5,0.5,genetic,genetic,genetic,0.05,10
974,913,613,0.5366595667017336,0.5904302270521743,0.616000682168963,9.91170431211499,7.289156626506024,7.952691680261012,352,0,50,0.5,0.5,0.5,genetic,genetic,genetic,0.05,10
960,921,619,0.5361820580485153,0.5902511327644265,0.6195830446066707,10.020833333333334,7.489685124864278,7.762520193861066,353,0,50,0.5,0.5,0.5,genetic,genetic,genetic,0.05,10
918,926,656,0.5383833122832881,0.590037631931237,0.6191106126806319,10.52069716775599,7.713822894168467,7.650914634146342,354,0,50,0.5,0.5,0.5,genetic,genetic,genetic,0.05,10
889,940,671,0.5371999240613515,0.5887713075584369,0.619987282957176,10.658042744656917,7.825531914893617,7.687034277198212,355,0,50,0.5,0.5,0.5,genetic,genetic,genetic,0.05,10
826,975,699,0.5366536543493639,0.5890441144025227,0.6221434078842589,10.753026634382566,7.644102564102564,7.593705293276109,356,0,50,0.5,0.5,0.5,genetic,genetic,genetic,0.05,10
809,984,707,0.5371429519265571,0.5880574167720578,0.6202851157186396,10.705809641532756,7.867886178861789,7.711456859971712,357,0,50,0.5,0.5,0.5,genetic,genetic,genetic,0.05,10
778,1008,714,0.5361623045715084,0.5895017631018278,0.6210120820878046,10.393316195372751,7.839285714285714,7.726890756302521,358,0,50,0.5,0.5,0.5,genetic,genetic,genetic,0.05,10
756,1017,727,0.5364270806506776,0.5897424855136423,0.6199443365623003,10.161375661375661,7.831858407079646,7.595598349381018,359,0,50,0.5,0.5,0.5,genetic,genetic,genetic,0.05,10
746,1014,740,0.5364074266130427,0.5905703494912309,0.6189800659070616,9.966487935656836,7.959566074950691,7.287837837837838,360,0,50,0.5,0.5,0.5,genetic,genetic,genetic,0.05,10
717,1001,782,0.5360620589647783,0.5905274392753056,0.6201636067881673,9.615062761506277,8.101898101898103,7.10997442455243,361,0,50,0.5,0.5,0.5,genetic,genetic,genetic,0.05,10
712,979,809,0.5364978038655857,0.5921814380190029,0.6209957503356279,9.224719101123595,8.368743615934628,7.011124845488257,362,0,50,0.5,0.5,0.5,genetic,genetic,genetic,0.05,10
697,961,842,0.5353482629210791,0.5925015843960013,0.6229595180436672,8.743185078909613,8.355879292403745,6.888361045130641,363,0,50,0.5,0.5,0.5,genetic,genetic,genetic,0.05,10
688,927,885,0.5351183899738942,0.5930272048236547,0.6235449732740924,8.257267441860465,8.5512405609493,6.807909604519774,364,0,50,0.5,0.5,0.5,genetic,genetic,genetic,0.05,10
680,906,914,0.535585215490664,0.5926096249478379,0.6254341718502651,8.05735294117647,8.824503311258278,7.025164113785558,365,0,50,0.5,0.5,0.5,genetic,genetic,genetic,0.05,10
668,868,964,0.5357147529223741,0.592869177062392,0.6263824096648034,7.82185628742515,8.900921658986174,6.91390041493776,366,0,50,0.5,0.5,0.5,genetic,genetic,genetic,0.05,10
691,808,1001,0.5383523959917691,0.5918681501765273,0.6271430216123046,7.6092619392185235,9.139851485148515,6.999000999000999,367,0,50,0.5,0.5,0.5,genetic,genetic,genetic,0.05,10
701,767,1032,0.5375251910431599,0.5907129168766979,0.6281113247241988,7.68188302425107,9.113428943937418,7.237403100775194,368,0,50,0.5,0.5,0.5,genetic,genetic,genetic,0.05,10
713,735,1052,0.5378525149954106,0.5928810231678069,0.6281640571575136,7.632538569424965,9.11156462585034,7.569391634980988,369,0,50,0.5,0.5,0.5,genetic,genetic,genetic,0.05,10
728,702,1070,0.5383984937475687,0.5909311032156439,0.6282004470589315,7.8489010989010985,9.025641025641026,7.85607476635514,370,0,50,0.5,0.5,0.5,genetic,genetic,genetic,0.05,10
753,654,1093,0.5403699457185246,0.5899231672827916,0.6274390278118606,7.98539176626826,9.03822629969419,8.04757548032937,371,0,50,0.5,0.5,0.5,genetic,genetic,genetic,0.05,10
783,643,1074,0.5392462876902366,0.5888525218097576,0.6304322481367292,8.011494252873563,8.618973561430794,8.389199255121042,372,0,50,0.5,0.5,0.5,genetic,genetic,genetic,0.05,10
792,625,1083,0.5408879899424588,0.5862610034348225,0.6305882443810368,8.156565656565656,8.2368,8.620498614958448,373,0,50,0.5,0.5,0.5,genetic,genetic,genetic,0.05,10
828,622,1050,0.5450233688408798,0.5856328913541504,0.6322178971525574,7.874396135265701,7.985530546623794,8.863809523809524,374,0,50,0.5,0.5,0.5,genetic,genetic,genetic,0.05,10
861,612,1027,0.5454810844715059,0.5887363260922809,0.6334707794392677,7.816492450638792,7.8431372549019605,9.089581304771178,375,0,50,0.5,0.5,0.5,genetic,genetic,genetic,0.05,10
887,639,974,0.5468723905115738,0.5873146694400093,0.6334249538356583,7.562570462232244,7.625978090766823,9.373716632443532,376,0,50,0.5,0.5,0.5,genetic,genetic,genetic,0.05,10
944,655,901,0.5485382738536903,0.5875211385753611,0.633850044685505,7.226694915254237,7.326717557251908,9.571587125416205,377,0,50,0.5,0.5,0.5,genetic,genetic,genetic,0.05,10
949,676,875,0.5489378573560226,0.5877593912541127,0.633160889345141,7.2950474183350895,7.3579881656804735,9.804571428571428,378,0,50,0.5,0.5,0.5,genetic,genetic,genetic,0.05,10
999,680,821,0.5507917580486791,0.5867400754033807,0.6335450468525868,7.408408408408408,7.426470588235294,9.890377588306944,379,0,50,0.5,0.5,0.5,genetic,genetic,genetic,0.05,10
1002,692,806,0.5516689915981774,0.5872411060502181,0.633069362671703,7.467065868263473,7.219653179190751,9.758064516129032,380,0,50,0.5,0.5,0.5,genetic,genetic,genetic,0.05,10
1014,704,782,0.5521956887977739,0.5873481390348232,0.6319825776434309,7.613412228796844,7.2727272727272725,9.773657289002557,381,0,50,0.5,0.5,0.5,genetic,genetic,genetic,0.05,10
1055,701,744,0.5520229590206501,0.588345361000048,0.6311526260671043,7.75260663507109,7.439372325249644,9.419354838709678,382,0,50,0.5,0.5,0.5,genetic,genetic,genetic,0.05,10
1068,721,711,0.5534025298131939,0.5885897963099201,0.6311806153667239,7.937265917602996,7.459084604715673,9.490857946554149,383,0,50,0.5,0.5,0.5,genetic,genetic,genetic,0.05,10
1052,783,665,0.5541674393153031,0.5877748895743262,0.6303664266479201,8.084600760456274,7.369093231162196,9.53233082706767,384,0,50,0.5,0.5,0.5,genetic,genetic,genetic,0.05,10
1059,802,639,0.553497091909251,0.5875801315807636,0.6286631348274678,8.36827195467422,7.623441396508728,9.633802816901408,385,0,50,0.5,0.5,0.5,genetic,genetic,genetic,0.05,10
1047,833,620,0.5571905748778839,0.5869942073854805,0.6271783763120945,8.598853868194842,7.861944777911164,9.296774193548387,386,0,50,0.5,0.5,0.5,genetic,genetic,genetic,0.05,10
1041,858,601,0.5575570799136117,0.585196825529791,0.6296280487406724,8.739673390970221,8.044289044289044,8.918469217970049,387,0,50,0.5,0.5,0.5,genetic,genetic,genetic,0.05,10
1011,883,606,0.5580120094213834,0.5851955876841898,0.629515176473534,9.113748763600396,8.105322763306908,8.569306930693068,388,0,50,0.5,0.5,0.5,genetic,genetic,genetic,0.05,10
996,897,607,0.5590710522046886,0.5871548011874251,0.6298719003079168,9.285140562248996,8.402452619843924,8.095551894563426,389,0,50,0.5,0.5,0.5,genetic,genetic,genetic,0.05,10
975,914,611,0.5587669060362586,0.5873098479083265,0.6284483730209364,9.385641025641025,8.562363238512035,7.857610474631751,390,0,50,0.5,0.5,0.5,genetic,genetic,genetic,0.05,10
951,954,595,0.5597903991232626,0.5878117691470263,0.6274949826185244,9.392218717139853,8.68658280922432,7.636974789915967,391,0,50,0.5,0.5,0.5,genetic,genetic,genetic,0.05,10
904,973,623,0.5588852337884667,0.5885648166752029,0.6267075425625853,9.497787610619469,8.660842754367934,7.49438202247191,392,0,50,0.5,0.5,0.5,genetic,genetic,genetic,0.05,10
855,976,669,0.5597716667875807,0.5883662323383189,0.6277102689320758,9.705263157894738,8.772540983606557,7.298953662182361,393,0,50,0.5,0.5,0.5,genetic,genetic,genetic,0.05,10
791,1010,699,0.5575958094189668,0.5870536620932054,0.6291674654413022,9.845764854614412,8.638613861386139,7.261802575107296,394,0,50,0.5,0.5,0.5,genetic,genetic,genetic,0.05,10
772,1000,728,0.5560958993014197,0.5892598144105317,0.6309587624072002,9.663212435233161,8.614,7.031593406593407,395,0,50,0.5,0.5,0.5,genetic,genetic,genetic,0.05,10
739,1006,755,0.5549311709035419,0.5902742089095425,0.6316880557056005,9.715832205683355,8.71868787276342,6.994701986754967,396,0,50,0.5,0.5,0.5,genetic,genetic,genetic,0.05,10
714,992,794,0.553345958687613,0.5920866999627749,0.6326256706846346,9.550420168067227,8.818548387096774,6.95088161209068,397,0,50,0.5,0.5,0.5,genetic,genetic,genetic,0.05,10
694,966,840,0.5551824024108889,0.5951334641868701,0.6350716813190552,9.353025936599424,8.783643892339544,6.954761904761905,398,0,50,0.5,0.5,0.5,genetic,genetic,genetic,0.05,10
660,964,876,0.5533353758740811,0.595979505087451,0.6356297022073417,9.22121212121212,8.687759336099585,7.0091324200913245,399,0,50,0.5,0.5,0.5,genetic,genetic,genetic,0.05,10
665,948,887,0.5519232802535168,0.596984456868869,0.636371109671821,8.984962406015038,8.834388185654008,7.2423900789177,400,0,50,0.5,0.5,0.5,genetic,genetic,genetic,0.05,10
646,919,935,0.5517482008679718,0.5980102680400703,0.6378824321002081,8.876160990712075,8.952121871599564,7.302673796791444,401,0,50,0.5,0.5,0.5,genetic,genetic,genetic,0.05,10
649,872,979,0.5533562821613797,0.5994876895750331,0.6382380765374952,8.727272727272727,8.89105504587156,7.376915219611849,402,0,50,0.5,0.5,0.5,genetic,genetic,genetic,0.05,10
648,839,1013,0.5509877890785871,0.5991409199439853,0.63929764905637,8.493827160493828,8.851013110846246,7.609081934846989,403,0,50,0.5,0.5,0.5,genetic,genetic,genetic,0.05,10
635,801,1064,0.5492792753337239,0.6012011500414014,0.6396518425068186,8.283464566929133,8.625468164794007,7.629699248120301,404,0,50,0.5,0.5,0.5,genetic,genetic,genetic,0.05,10
647,738,1115,0.5477193648341192,0.6043610151334908,0.640625177735096,7.902627511591963,8.483739837398375,7.704932735426009,405,0,50,0.5,0.5,0.5,genetic,genetic,genetic,0.05,10
682,701,1117,0.5492653038832797,0.6040843221246192,0.6429477031374075,7.825513196480938,8.683309557774608,7.90420769919427,406,0,50,0.5,0.5,0.5,genetic,genetic,genetic,0.05,10
697,654,1149,0.5493434696994792,0.6006987055894917,0.6426741193116445,7.845050215208034,8.718654434250764,8.002610966057441,407,0,50,0.5,0.5,0.5,genetic,genetic,genetic,0.05,10
712,638,1150,0.547014961638621,0.5992027019109586,0.6440099956806289,7.842696629213483,8.647335423197493,8.363478260869565,408,0,50,0.5,0.5,0.5,genetic,genetic,genetic,0.05,10
714,624,1162,0.5455289874533206,0.5969995878503266,0.6446645590549857,8.03921568627451,8.084935897435898,8.5223752151463,409,0,50,0.5,0.5,0.5,genetic,genetic,genetic,0.05,10
720,577,1203,0.54476670919384,0.597166929885204,0.6453988524622724,8.256944444444445,7.811091854419411,8.709891936824604,410,0,50,0.5,0.5,0.5,genetic,genetic,genetic,0.05,10
751,577,1172,0.5436970624666357,0.5933595225051921,0.6466904960240154,8.139813581890813,7.878682842287695,9.085324232081911,411,0,50,0.5,0.5,0.5,genetic,genetic,genetic,0.05,10
760,560,1180,0.5430080929915693,0.5906064451441477,0.6466897641196303,8.25263157894737,7.626785714285714,9.385593220338983,412,0,50,0.5,0.5,0.5,genetic,genetic,genetic,0.05,10
773,558,1169,0.5418154647601295,0.5884294572866512,0.6475694011258889,8.257438551099613,7.659498207885305,9.776732249786143,413,0,50,0.5,0.5,0.5,genetic,genetic,genetic,0.05,10
795,538,1167,0.542268347829122,0.5904223331107532,0.6481183826632622,8.451572327044024,7.62453531598513,10.029991431019708,414,0,50,0.5,0.5,0.5,genetic,genetic,genetic,0.05,10
812,530,1158,0.5419117004864007,0.588051453372529,0.649359864126917,8.55911330049261,7.558490566037736,10.348013816925734,415,0,50,0.5,0.5,0.5,genetic,genetic,genetic,0.05,10
800,525,1175,0.5415039294627987,0.5860406797263336,0.6483775634594294,8.68625,7.36952380952381,10.686808510638297,416,0,50,0.5,0.5,0.5,genetic,genetic,genetic,0.05,10
797,541,1162,0.5416192795878678,0.5853115132226823,0.6478134593505972,8.647427854454204,7.288354898336414,11.228915662650602,417,0,50,0.5,0.5,0.5,genetic,genetic,genetic,0.05,10
794,547,1159,0.5415997365898441,0.583019849258274,0.6471774899351934,8.633501259445843,7.0548446069469835,11.528041415012941,418,0,50,0.5,0.5,0.5,genetic,genetic,genetic,0.05,10
815,538,1147,0.5426696926193164,0.5816854288061055,0.646888436786023,8.411042944785276,7.0353159851301115,11.870095902353967,419,0,50,0.5,0.5,0.5,genetic,genetic,genetic,0.05,10
815,542,1143,0.5428420273830038,0.5800274912739158,0.6471025836050834,8.517791411042944,6.9335793357933575,12.148731408573928,420,0,50,0.5,0.5,0.5,genetic,genetic,genetic,0.05,10
841,529,1130,0.5410016006351344,0.5779125876118537,0.6479558040879962,8.49346016646849,6.992438563327032,12.360176991150443,421,0,50,0.5,0.5,0.5,genetic,genetic,genetic,0.05,10
869,532,1099,0.5405969462977,0.5753966400874226,0.6484885791906722,8.321058688147296,6.815789473684211,12.636942675159236,422,0,50,0.5,0.5,0.5,genetic,genetic,genetic,0.05,10
900,550,1050,0.539302191743311,0.5757013471485618,0.6503886682189282,8.168888888888889,6.901818181818181,13.0,423,0,50,0.5,0.5,0.5,genetic,genetic,genetic,0.05,10
905,581,1014,0.540676185251199,0.5751746285310302,0.6501475836912876,8.049723756906078,6.7056798623063685,13.210059171597633,424,0,50,0.5,0.5,0.5,genetic,genetic,genetic,0.05,10
925,608,967,0.5415360623427585,0.5739804216931754,0.6503088246394985,7.9610810810810815,6.652960526315789,13.403309203722854,425,0,50,0.5,0.5,0.5,genetic,genetic,genetic,0.05,10
964,619,917,0.5429281329085646,0.5716036301465522,0.6515771849541859,7.950207468879668,6.77221324717286,13.585605234460196,426,0,50,0.5,0.5,0.5,genetic,genetic,genetic,0.05,10
975,653,872,0.5431742543194282,0.5724395301410793,0.6554139705022767,7.811282051282051,6.63093415007657,13.583715596330276,427,0,50,0.5,0.5,0.5,genetic,genetic,genetic,0.05,10
1012,643,845,0.5428898568153697,0.5719053800131274,0.6580122218114444,7.701581027667984,6.8351477449455675,13.177514792899409,428,0,50,0.5,0.5,0.5,genetic,genetic,genetic,0.05,10
1049,661,790,0.543615855374138,0.5718332190515257,0.6608490948394382,7.619637750238322,6.818456883509834,12.7126582278481,429,0,50,0.5,0.5,0.5,genetic,genetic,genetic,0.05,10
1056,670,774,0.5429126829179963,0.5722262115109595,0.6625128588611096,7.6893939393939394,6.737313432835821,12.140826873385013,430,0,50,0.5,0.5,0.5,genetic,genetic,genetic,0.05,10
1064,710,726,0.5444362214221439,0.5722723465944559,0.6620320568708932,7.703947368421052,6.8,12.106060606060606,431,0,50,0.5,0.5,0.5,genetic,genetic,genetic,0.05,10
1082,733,685,0.5446782867110498,0.5732265524940887,0.6621947092645221,7.7347504621072085,6.747612551159618,11.82043795620438,432,0,50,0.5,0.5,0.5,genetic,genetic,genetic,0.05,10
1075,749,676,0.5445083474095583,0.5762604189579776,0.6638764012160091,7.945116279069768,6.795727636849132,11.016272189349113,433,0,50,0.5,0.5,0.5,genetic,genetic,genetic,0.05,10
1086,768,646,0.5443855770011974,0.5753531423513882,0.6662757479878147,8.069060773480663,6.9296875,10.495356037151703,434,0,50,0.5,0.5,0.5,genetic,genetic,genetic,0.05,10
1080,788,632,0.5456710508741809,0.575081399814211,0.6705322958070948,8.25925925925926,7.016497461928934,9.740506329113924,435,0,50,0.5,0.5,0.5,genetic,genetic,genetic,0.05,10
1058,808,634,0.546585985829622,0.5753732676087775,0.6694321309415707,8.513232514177695,6.909653465346534,9.037854889589905,436,0,50,0.5,0.5,0.5,genetic,genetic,genetic,0.05,10
1036,844,620,0.5471404468048856,0.5766498299163642,0.669631627231228,8.749034749034749,7.003554502369668,8.756451612903225,437,0,50,0.5,0.5,0.5,genetic,genetic,genetic,0.05,10
1034,872,594,0.5474533913416055,0.576685325847691,0.6657196347835227,8.741779497098646,7.097477064220183,8.247474747474747,438,0,50,0.5,0.5,0.5,genetic,genetic,genetic,0.05,10
1002,883,615,0.5490135065654439,0.5771405152555893,0.6654952784132318,8.997005988023952,7.124575311438279,7.804878048780488,439,0,50,0.5,0.5,0.5,genetic,genetic,genetic,0.05,10
1006,891,603,0.5484665124270645,0.5754261644675193,0.6640634981030089,9.108349900596421,7.326599326599327,7.301824212271973,440,0,50,0.5,0.5,0.5,genetic,genetic,genetic,0.05,10
995,896,609,0.5470553094155869,0.5759160973997756,0.6652325939916436,9.274371859296483,7.580357142857143,6.998357963875205,441,0,50,0.5,0.5,0.5,genetic,genetic,genetic,0.05,10
981,905,614,0.5462673235739766,0.5787081958822574,0.6667623039683823,9.397553516819572,7.807734806629834,6.698697068403908,442,0,50,0.5,0.5,0.5,genetic,genetic,genetic,0.05,10
972,886,642,0.5465814051062549,0.5791667437709989,0.6684287724863796,9.639917695473251,7.988713318284424,6.546728971962617,443,0,50,0.5,0.5,0.5,genetic,genetic,genetic,0.05,10
949,874,677,0.5461217253058178,0.5815726022715383,0.6663837897528101,9.771338250790306,8.041189931350115,6.431314623338257,444,0,50,0.5,0.5,0.5,genetic,genetic,genetic,0.05,10
928,869,703,0.5457201915611869,0.580538577553894,0.6660799930079239,9.928879310344827,8.094361334867664,6.510668563300142,445,0,50,0.5,0.5,0.5,genetic,genetic,genetic,0.05,10
888,873,739,0.5447360024807003,0.5810155614349676,0.665736762811588,10.152027027027026,8.025200458190149,6.610284167794316,446,0,50,0.5,0.5,0.5,genetic,genetic,genetic,0.05,10
869,870,761,0.5449874442522763,0.5810140541996429,0.6635898407594009,10.332566168009206,8.15632183908046,6.688567674113009,447,0,50,0.5,0.5,0.5,genetic,genetic,genetic,0.05,10
850,856,794,0.5452741694557688,0.5812814276167225,0.6632220547282531,10.676470588235293,8.452102803738319,6.903022670025189,448,0,50,0.5,0.5,0.5,genetic,genetic,genetic,0.05,10
833,843,824,0.5456341240124383,0.5832854931925637,0.6630226731695212,10.697478991596638,8.294187425860024,6.993932038834951,449,0,50,0.5,0.5,0.5,genetic,genetic,genetic,0.05,10
818,816,866,0.544355402279848,0.5818410735778556,0.6634988983038199,10.778728606356967,8.285539215686274,7.066974595842956,450,0,50,0.5,0.5,0.5,genetic,genetic,genetic,0.05,10
835,768,897,0.5456531604970195,0.5837569659498724,0.6625228434146436,10.759281437125749,8.34375,7.105908584169454,451,0,50,0.5,0.5,0.5,genetic,genetic,genetic,0.05,10
864,726,910,0.546080303712244,0.5850208338062929,0.6627016580747496,10.530092592592593,8.264462809917354,7.253846153846154,452,0,50,0.5,0.5,0.5,genetic,genetic,genetic,0.05,10
864,715,921,0.5471613135578498,0.5838913748058626,0.6627208505516062,10.565972222222221,8.31888111888112,7.499457111834962,453,0,50,0.5,0.5,0.5,genetic,genetic,genetic,0.05,10
859,725,916,0.5466148315498922,0.5812940324275108,0.6628693028832977,10.232828870779977,7.997241379310345,7.83296943231441,454,0,50,0.5,0.5,0.5,genetic,genetic,genetic,0.05,10
847,727,926,0.5474305009889774,0.5823537216700903,0.6631397347569151,10.239669421487603,7.891334250343879,8.12742980561555,455,0,50,0.5,0.5,0.5,genetic,genetic,genetic,0.05,10
890,720,890,0.5476005889351063,0.5834941507818808,0.662624385781837,10.080898876404495,8.170833333333333,8.35505617977528,456,0,50,0.5,0.5,0.5,genetic,genetic,genetic,0.05,10
884,722,894,0.5474720341916249,0.5861818494322563,0.6640408986214006,10.012443438914028,8.160664819944598,8.327740492170022,457,0,50,0.5,0.5,0.5,genetic,genetic,genetic,0.05,10
910,701,889,0.5478672080182355,0.588367519260141,0.6644953191173972,9.971428571428572,8.352353780313837,8.4859392575928,458,0,50,0.5,0.5,0.5,genetic,genetic,genetic,0.05,10
915,717,868,0.550653326908677,0.5900861743550446,0.6633166690057952,9.888524590163934,8.285913528591353,8.660138248847927,459,0,50,0.5,0.5,0.5,genetic,genetic,genetic,0.05,10
926,709,865,0.552179720481527,0.5897162345252261,0.6622119466647363,9.573434125269978,8.160789844851903,8.667052023121387,460,0,50,0.5,0.5,0.5,genetic,genetic,genetic,0.05,10
915,727,858,0.5527413347768237,0.5885743217882018,0.6632694114657778,9.432786885245902,7.843191196698762,8.631701631701631,461,0,50,0.5,0.5,0.5,genetic,genetic,genetic,0.05,10
924,725,851,0.5550403565826104,0.5888395475298592,0.6627017568541184,9.182900432900434,7.7172413793103445,8.658049353701527,462,0,50,0.5,0.5,0.5,genetic,genetic,genetic,0.05,10
931,727,842,0.5547334357208114,0.5891020686267547,0.6637334185164042,9.06015037593985,7.624484181568088,8.59976247030879,463,0,50,0.5,0.5,0.5,genetic,genetic,genetic,0.05,10
951,721,828,0.5558159341556201,0.5890915797957851,0.6659082436699842,8.778128286014722,7.615811373092926,8.43599033816425,464,0,50,0.5,0.5,0.5,genetic,genetic,genetic,0.05,10
945,701,854,0.5571152646039258,0.5897151654923806,0.6648702422395698,9.008465608465608,7.724679029957204,8.471896955503514,465,0,50,0.5,0.5,0.5,genetic,genetic,genetic,0.05,10
939,696,865,0.5566528932701849,0.5906397031468261,0.6660812617196575,9.138445154419596,7.642241379310345,8.286705202312138,466,0,50,0.5,0.5,0.5,genetic,genetic,genetic,0.05,10
924,710,866,0.5582386656714308,0.5933022904549565,0.6664551674031193,8.873376623376624,7.519718309859155,8.416859122401847,467,0,50,0.5,0.5,0.5,genetic,genetic,genetic,0.05,10
916,727,857,0.5599085069231364,0.5935188351905789,0.6664456221810944,8.746724890829695,7.364511691884457,8.453908984830806,468,0,50,0.5,0.5,0.5,genetic,genetic,genetic,0.05,10
916,736,848,0.5598738576462938,0.5944381005425085,0.6683641382981753,8.781659388646288,7.3709239130434785,8.545990566037736,469,0,50,0.5,0.5,0.5,genetic,genetic,genetic,0.05,10
927,727,846,0.5591437797050736,0.5946448704378304,0.669610774331331,8.704422869471413,7.35213204951857,8.26241134751773,470,0,50,0.5,0.5,0.5,genetic,genetic,genetic,0.05,10
930,734,836,0.5597917609693148,0.5936102673219436,0.6681057029464734,8.541935483870967,7.29291553133515,8.203349282296651,471,0,50,0.5,0.5,0.5,genetic,genetic,genetic,0.05,10
945,733,822,0.5574657036698447,0.5957316505181852,0.6680817351935765,8.402116402116402,7.196452933151432,8.22749391727494,472,0,50,0.5,0.5,0.5,genetic,genetic,genetic,0.05,10
962,730,808,0.5574604952389681,0.5963774486431661,0.6677917757619071,8.307692307692308,6.912328767123288,8.246287128712872,473,0,50,0.5,0.5,0.5,genetic,genetic,genetic,0.05,10
958,741,801,0.5582313555730083,0.5963870230627375,0.6705112424425853,8.390396659707724,6.8367071524966265,8.077403245942572,474,0,50,0.5,0.5,0.5,genetic,genetic,genetic,0.05,10
943,752,805,0.5587594383398689,0.5961886396494395,0.6684874568387903,8.312831389183456,6.699468085106383,7.855900621118012,475,0,50,0.5,0.5,0.5,genetic,genetic,genetic,0.05,10
935,738,827,0.5588071202979292,0.5954987456659111,0.6706953082769022,8.462032085561498,6.79810298102981,7.759371221281741,476,0,50,0.5,0.5,0.5,genetic,genetic,genetic,0.05,10
887,758,855,0.5592253562951871,0.5953863909395237,0.6714349229774478,8.535512965050733,6.613456464379947,7.7894736842105265,477,0,50,0.5,0.5,0.5,genetic,genetic,genetic,0.05,10
875,770,855,0.5590867556074517,0.5918555206989127,0.6710610166440831,8.376,6.557142857142857,7.978947368421053,478,0,50,0.5,0.5,0.5,genetic,genetic,genetic,0.05,10
863,798,839,0.5580230459568996,0.5908715845485321,0.6701347784282338,8.254924681344148,6.680451127819549,8.152562574493444,479,0,50,0.5,0.5,0.5,genetic,genetic,genetic,0.05,10
844,807,849,0.5587410036245892,0.5909167239321539,0.6702088671998304,8.298578199052132,6.817843866171004,8.36749116607774,480,0,50,0.5,0.5,0.5,genetic,genetic,genetic,0.05,10
855,804,841,0.5596821285074244,0.5888126636424318,0.6710626834301048,8.380116959064328,7.281094527363184,8.49346016646849,481,0,50,0.5,0.5,0.5,genetic,genetic,genetic,0.05,10
859,807,834,0.5615923183491947,0.5886519006998,0.6726409065718802,8.474970896391152,7.566294919454771,8.593525179856115,482,0,50,0.5,0.5,0.5,genetic,genetic,genetic,0.05,10
855,827,818,0.5611610503872759,0.5891757149074351,0.6729277075113862,8.529824561403508,7.9564691656590085,8.722493887530563,483,0,50,0.5,0.5,0.5,genetic,genetic,genetic,0.05,10
863,831,806,0.5609934663342007,0.5898929408042494,0.6737735924630706,8.331402085747392,8.233453670276775,8.749379652605459,484,0,50,0.5,0.5,0.5,genetic,genetic,genetic,0.05,10
861,838,801,0.5594502473764108,0.5909270965808046,0.6755633332608869,8.180023228803716,8.367541766109785,8.632958801498127,485,0,50,0.5,0.5,0.5,genetic,genetic,genetic,0.05,10
875,838,787,0.5587871709918154,0.5897191426225303,0.6784520575867374,7.902857142857143,8.618138424821002,8.462515883100382,486,0,50,0.5,0.5,0.5,genetic,genetic,genetic,0.05,10
882,799,819,0.5608655044942606,0.5905562985110684,0.6779412934485024,7.942176870748299,8.90738423028786,8.181929181929181,487,0,50,0.5,0.5,0.5,genetic,genetic,genetic,0.05,10
880,798,822,0.5583737783459489,0.590971730974709,0.6769778266534863,7.781818181818182,8.973684210526315,8.132603406326034,488,0,50,0.5,0.5,0.5,genetic,genetic,genetic,0.05,10
886,779,835,0.5580529935669977,0.5924951919106403,0.6775709167512538,7.793453724604966,9.150192554557124,8.079041916167665,489,0,50,0.5,0.5,0.5,genetic,genetic,genetic,0.05,10
922,746,832,0.55785318934003,0.5907279626443459,0.6779936013565998,7.727765726681128,9.379356568364612,7.777644230769231,490,0,50,0.5,0.5,0.5,genetic,genetic,genetic,0.05,10
941,725,834,0.5590811748621166,0.5921003941363989,0.6791235847612689,7.8299681190223165,9.368275862068966,7.5299760191846525,491,0,50,0.5,0.5,0.5,genetic,genetic,genetic,0.05,10
948,708,844,0.5569683742785558,0.596484529320796,0.6806867692701468,7.774261603375527,8.879943502824858,7.252369668246446,492,0,50,0.5,0.5,0.5,genetic,genetic,genetic,0.05,10
954,686,860,0.5564174570027883,0.5962508492372808,0.6802598633727802,7.827044025157233,8.567055393586006,7.28139534883721,493,0,50,0.5,0.5,0.5,genetic,genetic,genetic,0.05,10
952,657,891,0.5577173317867161,0.5960631749663943,0.6795894785221844,7.983193277310924,8.208523592085236,7.037037037037037,494,0,50,0.5,0.5,0.5,genetic,genetic,genetic,0.05,10
986,627,887,0.5578561013486465,0.5945281088317068,0.6801653206435502,8.20182555780933,7.9984051036682615,7.170236753100339,495,0,50,0.5,0.5,0.5,genetic,genetic,genetic,0.05,10
1011,629,860,0.5597651014870294,0.5946680732174504,0.6814744541385631,8.149357072205737,7.653418124006359,7.322093023255814,496,0,50,0.5,0.5,0.5,genetic,genetic,genetic,0.05,10
1027,603,870,0.5596969741001636,0.5976651027195004,0.680291804584606,8.430379746835444,7.262023217247098,7.287356321839081,497,0,50,0.5,0.5,0.5,genetic,genetic,genetic,0.05,10
1039,600,861,0.5597817670135962,0.6005998418603462,0.6808406796771439,8.576515880654476,6.973333333333334,7.416957026713124,498,0,50,0.5,0.5,0.5,genetic,genetic,genetic,0.05,10
1054,606,840,0.5616195499768215,0.6006699969348498,0.6803335718206341,8.814990512333965,6.833333333333333,7.704761904761905,499,0,50,0.5,0.5,0.5,genetic,genetic,genetic,0.05,10
823,855,822,0.5,0.5,0.5,0.0,0.0,0.0,0,1,50,0.5,0.5,0.5,genetic,genetic,genetic,0.05,10
798,865,837,0.5005098805321019,0.49968737506522937,0.5018176610536078,1.0,1.0,1.0,1,1,50,0.5,0.5,0.5,genetic,genetic,genetic,0.05,10
787,851,862,0.5009443651704135,0.49967792441636777,0.5020402322479669,1.8653113087674713,1.8589894242068155,1.8433874709976799,2,1,50,0.5,0.5,0.5,genetic,genetic,genetic,0.05,10
769,831,900,0.5010991242806501,0.4993225615516501,0.5023044495302119,2.6384915474642394,2.614921780986763,2.58,3,1,50,0.5,0.5,0.5,genetic,genetic,genetic,0.05,10
772,830,898,0.501472178179795,0.5002833022857458,0.5030247622743712,3.2862694300518136,3.2987951807228915,3.289532293986637,4,1,50,0.5,0.5,0.5,genetic,genetic,genetic,0.05,10
784,851,865,0.5011368997911045,0.5004933468451876,0.5029457199545234,3.7908163265306123,3.870740305522914,3.9375722543352603,5,1,50,0.5,0.5,0.5,genetic,genetic,genetic,0.05,10
781,840,879,0.5012131302523792,0.4998038154050371,0.5034020837303756,4.3469910371318825,4.397619047619048,4.437997724687144,6,1,50,0.5,0.5,0.5,genetic,genetic,genetic,0.05,10
793,823,884,0.5020335295623465,0.49884740393075344,0.5040235815696689,4.757881462799496,4.8566221142162815,4.888009049773756,7,1,50,0.5,0.5,0.5,genetic,genetic,genetic,0.05,10
797,810,893,0.5019171383046647,0.4995577904735742,0.5038768434892225,5.070263488080301,5.246913580246914,5.239641657334826,8,1,50,0.5,0.5,0.5,genetic,genetic,genetic,0.05,10
789,806,905,0.5024704060441525,0.5013492648177141,0.5056174538632546,5.44106463878327,5.51985111662531,5.54696132596685,9,1,50,0.5,0.5,0.5,genetic,genetic,genetic,0.05,10
793,762,945,0.5028092962837925,0.5012834818543631,0.5085306460373813,5.726355611601513,5.803149606299213,5.75026455026455,10,1,50,0.5,0.5,0.5,genetic,genetic,genetic,0.05,10
835,754,911,0.5027537591742491,0.5018081509090497,0.508527619912905,5.891017964071856,6.157824933687003,6.129527991218441,11,1,50,0.5,0.5,0.5,genetic,genetic,genetic,0.05,10
890,747,863,0.5052894959085283,0.5013911128688167,0.5086472792335835,5.956179775280899,6.409638554216867,6.407879490150638,12,1,50,0.5,0.5,0.5,genetic,genetic,genetic,0.05,10
898,738,864,0.5058007159064739,0.5015765188261236,0.508319153733154,6.295100222717149,6.494579945799458,6.623842592592593,13,1,50,0.5,0.5,0.5,genetic,genetic,genetic,0.05,10
901,737,862,0.5060562428618255,0.5015429809573696,0.508676158820593,6.48834628190899,6.5061058344640434,6.821345707656612,14,1,50,0.5,0.5,0.5,genetic,genetic,genetic,0.05,10
916,733,851,0.5053117947629817,0.5006136282647636,0.5106733118595254,6.718340611353712,6.667121418826739,7.035252643948296,15,1,50,0.5,0.5,0.5,genetic,genetic,genetic,0.05,10
952,723,825,0.5049106941015217,0.4990345642008374,0.5117432204614905,6.899159663865547,6.8437067773167355,7.287272727272727,16,1,50,0.5,0.5,0.5,genetic,genetic,genetic,0.05,10
949,745,806,0.5045412731876691,0.5000476573600755,0.5133097755123642,7.133825079030559,6.793288590604027,7.433002481389578,17,1,50,0.5,0.5,0.5,genetic,genetic,genetic,0.05,10
958,751,791,0.5031065250232309,0.5024763601113452,0.5130264877453877,7.3789144050104385,6.870838881491345,7.553729456384324,18,1,50,0.5,0.5,0.5,genetic,genetic,genetic,0.05,10
967,746,787,0.5033194650396141,0.5035718147880724,0.5122692839076656,7.5997931747673215,7.049597855227882,7.612452350698857,19,1,50,0.5,0.5,0.5,genetic,genetic,genetic,0.05,10
962,772,766,0.5026379441650426,0.5048590326615031,0.5117963540425403,7.8097713097713095,7.069948186528498,7.778067885117493,20,1,50,0.5,0.5,0.5,genetic,genetic,genetic,0.05,10
949,781,770,0.502383745956466,0.5072283325104237,0.5105182129059561,8.027397260273972,6.934699103713188,7.65974025974026,21,1,50,0.5,0.5,0.5,genetic,genetic,genetic,0.05,10
931,803,766,0.5020556522619147,0.5075021105669402,0.5109286189752438,8.287862513426424,7.042341220423412,7.822454308093994,22,1,50,0.5,0.5,0.5,genetic,genetic,genetic,0.05,10
925,800,775,0.5018591344867891,0.5074688458479162,0.5115044045391296,8.536216216216216,7.13875,7.772903225806451,23,1,50,0.5,0.5,0.5,genetic,genetic,genetic,0.05,10
929,796,775,0.5016770746876331,0.5100015431272706,0.5100549162674973,8.604951560818083,7.2298994974874375,7.726451612903226,24,1,50,0.5,0.5,0.5,genetic,genetic,genetic,0.05,10
919,805,776,0.500170338248708,0.510986264201209,0.511576690740377,8.760609357997824,7.188819875776398,7.777061855670103,25,1,50,0.5,0.5,0.5,genetic,genetic,genetic,0.05,10
908,812,780,0.4984838817670883,0.5101638212479129,0.5122905017349756,8.724669603524228,7.157635467980295,7.735897435897436,26,1,50,0.5,0.5,0.5,genetic,genetic,genetic,0.05,10
902,835,763,0.4988421872608828,0.5122570783692801,0.5120991435129945,8.613082039911308,7.164071856287425,7.715596330275229,27,1,50,0.5,0.5,0.5,genetic,genetic,genetic,0.05,10
899,826,775,0.5010362748288019,0.5121423617563897,0.5116053018040909,8.590656284760845,7.323244552058111,7.696774193548387,28,1,50,0.5,0.5,0.5,genetic,genetic,genetic,0.05,10
896,822,782,0.5003435448465964,0.5133713253117447,0.5124984455782325,8.6484375,7.4489051094890515,7.647058823529412,29,1,50,0.5,0.5,0.5,genetic,genetic,genetic,0.05,10
905,815,780,0.5003975218706871,0.5122310854174784,0.5133173610858086,8.686187845303868,7.531288343558282,7.6551282051282055,30,1,50,0.5,0.5,0.5,genetic,genetic,genetic,0.05,10
912,801,787,0.49983899762625755,0.5132676817509726,0.5136323125513759,8.671052631578947,7.525593008739076,7.63151207115629,31,1,50,0.5,0.5,0.5,genetic,genetic,genetic,0.05,10
913,821,766,0.49952868056770905,0.5135401770496221,0.5154160686053729,8.559693318729463,7.53958587088916,7.669712793733681,32,1,50,0.5,0.5,0.5,genetic,genetic,genetic,0.05,10
941,826,733,0.5012862624225213,0.5137120381143707,0.5157818147009398,8.337938363443145,7.589588377723971,7.455661664392906,33,1,50,0.5,0.5,0.5,genetic,genetic,genetic,0.05,10
935,851,714,0.5012605861903882,0.5128038810267588,0.512856850842968,8.270588235294118,7.5675675675675675,7.551820728291316,34,1,50,0.5,0.5,0.5,genetic,genetic,genetic,0.05,10
941,859,700,0.5033643057691697,0.5111458645031387,0.5111369124080983,8.270988310308184,7.783469150174621,7.6414285714285715,35,1,50,0.5,0.5,0.5,genetic,genetic,genetic,0.05,10
920,878,702,0.5032434866115049,0.5094779219807111,0.5125298547336696,8.543478260869565,7.810933940774487,7.653846153846154,36,1,50,0.5,0.5,0.5,genetic,genetic,genetic,0.05,10
882,890,728,0.5036815673063609,0.5091687715673852,0.5123346058608617,8.503401360544217,7.629213483146067,7.449175824175824,37,1,50,0.5,0.5,0.5,genetic,genetic,genetic,0.05,10
867,901,732,0.5044737807279501,0.5089610854203024,0.5103235751673622,8.697808535178778,7.811320754716981,7.579234972677596,38,1,50,0.5,0.5,0.5,genetic,genetic,genetic,0.05,10
835,923,742,0.5047075221647405,0.5066359275547657,0.5100346201268187,8.64431137724551,7.751895991332611,7.439353099730458,39,1,50,0.5,0.5,0.5,genetic,genetic,genetic,0.05,10
818,929,753,0.5044006794160762,0.5066808647214528,0.5131976938293566,8.78484107579462,7.9364908503767495,7.301460823373174,40,1,50,0.5,0.5,0.5,genetic,genetic,genetic,0.05,10
810,914,776,0.5069361681760941,0.5080562476570142,0.5143884679761909,8.687654320987654,7.991247264770241,7.298969072164948,41,1,50,0.5,0.5,0.5,genetic,genetic,genetic,0.05,10
790,924,786,0.5087717315735197,0.5056386269255244,0.5149966422267839,8.759493670886076,7.998917748917749,7.272264631043257,42,1,50,0.5,0.5,0.5,genetic,genetic,genetic,0.05,10
750,962,788,0.5101453062872726,0.5064533336955221,0.5139496597393087,8.582666666666666,7.981288981288981,7.432741116751269,43,1,50,0.5,0.5,0.5,genetic,genetic,genetic,0.05,10
750,982,768,0.514070190768082,0.5075975787456557,0.5129197949505158,8.390666666666666,7.965376782077393,7.477864583333333,44,1,50,0.5,0.5,0.5,genetic,genetic,genetic,0.05,10
739,986,775,0.5148200183460508,0.50849822288094,0.5142762357644357,8.220568335588633,8.11866125760649,7.56258064516129,45,1,50,0.5,0.5,0.5,genetic,genetic,genetic,0.05,10
721,1003,776,0.5153627631510096,0.5092938999894264,0.5149459398379723,7.9986130374479885,8.063808574277168,7.585051546391752,46,1,50,0.5,0.5,0.5,genetic,genetic,genetic,0.05,10
693,1000,807,0.5163132900675638,0.5098865217596685,0.5127766745821177,8.051948051948052,8.105,7.602230483271375,47,1,50,0.5,0.5,0.5,genetic,genetic,genetic,0.05,10
683,1012,805,0.5167736326594596,0.5120801982335508,0.5133247060801566,7.891654465592972,8.215415019762846,7.760248447204969,48,1,50,0.5,0.5,0.5,genetic,genetic,genetic,0.05,10
677,998,825,0.5170325203241952,0.513435147977926,0.5142814203985958,7.9364844903988185,8.334669338677354,7.8133333333333335,49,1,50,0.5,0.5,0.5,genetic,genetic,genetic,0.05,10
703,982,815,0.5162718184030919,0.5137608531791137,0.5151887291629146,7.7894736842105265,8.675152749490834,7.770552147239264,50,1,50,0.5,0.5,0.5,genetic,genetic,genetic,0.05,10
703,955,842,0.5180435768490189,0.5152478196143853,0.5153814390583561,7.803698435277383,8.762303664921467,7.773159144893111,51,1,50,0.5,0.5,0.5,genetic,genetic,genetic,0.05,10
710,950,840,0.5194516834949144,0.5155256049420412,0.5144831882845884,7.842253521126761,8.856842105263159,7.841666666666667,52,1,50,0.5,0.5,0.5,genetic,genetic,genetic,0.05,10
699,932,869,0.5191824877869857,0.5177469029262423,0.5135015525840879,7.874105865522175,8.914163090128755,7.704257767548907,53,1,50,0.5,0.5,0.5,genetic,genetic,genetic,0.05,10
685,941,874,0.5200690967150771,0.518230161166823,0.5135436963655782,7.632116788321168,8.910733262486715,7.770022883295194,54,1,50,0.5,0.5,0.5,genetic,genetic,genetic,0.05,10
687,927,886,0.5182048720042561,0.5191342135383589,0.5152957931868286,7.663755458515284,9.108953613807982,7.843115124153499,55,1,50,0.5,0.5,0.5,genetic,genetic,genetic,0.05,10
713,886,901,0.5192327987087763,0.5209786759550747,0.5151935216385418,7.67601683029453,9.35665914221219,7.8068812430632635,56,1,50,0.5,0.5,0.5,genetic,genetic,genetic,0.05,10
731,852,917,0.5210356328654161,0.5204106007210335,0.5152158498181703,7.6976744186046515,9.591549295774648,7.812431842966194,57,1,50,0.5,0.5,0.5,genetic,genetic,genetic,0.05,10
743,822,935,0.5197215538495369,0.5205259056022873,0.5161802167426209,7.636608344549125,9.616788321167883,7.940106951871658,58,1,50,0.5,0.5,0.5,genetic,genetic,genetic,0.05,10
774,802,924,0.5196212482362793,0.5227516289381474,0.5172026837497239,7.718346253229974,9.807980049875312,8.222943722943723,59,1,50,0.5,0.5,0.5,genetic,genetic,genetic,0.05,10
794,778,928,0.5205576567600075,0.5214122118769919,0.517406716801928,7.818639798488665,9.854755784061696,8.270474137931034,60,1,50,0.5,0.5,0.5,genetic,genetic,genetic,0.05,10
813,774,913,0.5199689755589103,0.5209809445252908,0.5183633666673886,7.731857318573185,9.72609819121447,8.2092004381161,61,1,50,0.5,0.5,0.5,genetic,genetic,genetic,0.05,10
833,765,902,0.5211420361176611,0.5220810995159489,0.5187223756286781,7.815126050420168,9.5359477124183,8.237250554323724,62,1,50,0.5,0.5,0.5,genetic,genetic,genetic,0.05,10
857,773,870,0.5198444148086222,0.5226894232777448,0.5181177442939959,7.7561260210035,9.217335058214747,8.37816091954023,63,1,50,0.5,0.5,0.5,genetic,genetic,genetic,0.05,10
863,773,864,0.5202190265425647,0.5214213259786654,0.5179908063335552,7.783314020857474,9.203104786545925,8.461805555555555,64,1,50,0.5,0.5,0.5,genetic,genetic,genetic,0.05,10
865,790,845,0.520352029511724,0.5225096064487869,0.519384784297995,7.625433526011561,8.888607594936708,8.512426035502958,65,1,50,0.5,0.5,0.5,genetic,genetic,genetic,0.05,10
855,802,843,0.5191362131738977,0.5231646006527184,0.519987101210889,7.781286549707603,8.876558603491272,8.601423487544483,66,1,50,0.5,0.5,0.5,genetic,genetic,genetic,0.05,10
882,789,829,0.5205111412614881,0.523208007720292,0.520943661227296,7.727891156462585,8.773130544993663,8.486127864897467,67,1,50,0.5,0.5,0.5,genetic,genetic,genetic,0.05,10
894,781,825,0.5214985738248779,0.5227576707153783,0.5227027997702364,7.7225950782997765,8.651728553137003,8.202424242424243,68,1,50,0.5,0.5,0.5,genetic,genetic,genetic,0.05,10
897,815,788,0.5196318045043361,0.5228432082066528,0.524757087584471,7.510590858416945,8.373006134969325,8.375634517766498,69,1,50,0.5,0.5,0.5,genetic,genetic,genetic,0.05,10
913,802,785,0.5197591575311932,0.5215334413237296,0.5252131436802314,7.682365826944141,8.57356608478803,8.406369426751592,70,1,50,0.5,0.5,0.5,genetic,genetic,genetic,0.05,10
947,798,755,0.5181737769475571,0.5218229677698091,0.5252412516099189,7.768743400211193,8.647869674185463,8.218543046357615,71,1,50,0.5,0.5,0.5,genetic,genetic,genetic,0.05,10
937,826,737,0.5175092106222848,0.5231763784117857,0.5253326774085169,7.772678762006404,8.48910411622276,8.222523744911804,72,1,50,0.5,0.5,0.5,genetic,genetic,genetic,0.05,10
939,819,742,0.5183073778390309,0.5238192451378444,0.5272377277942126,8.033013844515441,8.492063492063492,8.27088948787062,73,1,50,0.5,0.5,0.5,genetic,genetic,genetic,0.05,10
951,826,723,0.5183057635725625,0.5248021094788815,0.5278991774761728,8.062039957939012,8.49636803874092,8.22268326417704,74,1,50,0.5,0.5,0.5,genetic,genetic,genetic,0.05,10
954,841,705,0.5185481655296588,0.5257306395694543,0.5290436822131953,8.10272536687631,8.393579072532699,8.035460992907801,75,1,50,0.5,0.5,0.5,genetic,genetic,genetic,0.05,10
957,854,689,0.5187044790903672,0.5280577061403476,0.5282341164894314,8.147335423197493,8.318501170960188,7.785195936139332,76,1,50,0.5,0.5,0.5,genetic,genetic,genetic,0.05,10
941,867,692,0.5184569942985594,0.5279540263002833,0.5283282140678263,8.438894792773645,8.477508650519031,7.794797687861272,77,1,50,0.5,0.5,0.5,genetic,genetic,genetic,0.05,10
900,900,700,0.5176546029249435,0.5296569384782542,0.5294545228407301,8.61111111111111,8.277777777777779,7.797142857142857,78,1,50,0.5,0.5,0.5,genetic,genetic,genetic,0.05,10
877,925,698,0.5192505870026984,0.5314337506935174,0.5301733127161381,8.795895096921322,8.316756756756757,7.760744985673353,79,1,50,0.5,0.5,0.5,genetic,genetic,genetic,0.05,10
855,925,720,0.5193333225209292,0.5318444645134233,0.5325730617058645,8.885380116959064,8.372972972972972,7.551388888888889,80,1,50,0.5,0.5,0.5,genetic,genetic,genetic,0.05,10
824,934,742,0.5181984965157229,0.5323274830919403,0.5324338957107314,9.069174757281553,8.41541755888651,7.599730458221024,81,1,50,0.5,0.5,0.5,genetic,genetic,genetic,0.05,10
818,919,763,0.5192894599269452,0.5318776540742026,0.5353390385142964,9.25916870415648,8.594124047878129,7.623853211009174,82,1,50,0.5,0.5,0.5,genetic,genetic,genetic,0.05,10
796,929,775,0.5174042162338193,0.5329318686785494,0.5353375632973912,9.347989949748744,8.72335844994618,7.704516129032258,83,1,50,0.5,0.5,0.5,genetic,genetic,genetic,0.05,10
794,923,783,0.5174764277956775,0.5326851202900591,0.5358996983539476,9.477329974811083,8.947995666305525,7.865900383141763,84,1,50,0.5,0.5,0.5,genetic,genetic,genetic,0.05,10
794,934,772,0.5200880762198747,0.5313358200550311,0.5358936574985037,9.290931989924433,9.092077087794433,8.071243523316062,85,1,50,0.5,0.5,0.5,genetic,genetic,genetic,0.05,10
783,937,780,0.5214351989989459,0.5308357291808734,0.536287999943583,9.413793103448276,9.383137673425827,8.367948717948718,86,1,50,0.5,0.5,0.5,genetic,genetic,genetic,0.05,10
789,920,791,0.523572164958757,0.5298670346994,0.536716096163747,9.480354879594424,9.518478260869566,8.45385587863464,87,1,50,0.5,0.5,0.5,genetic,genetic,genetic,0.05,10
798,906,796,0.5243512299204924,0.5291599646687698,0.5369372259686316,9.362155388471178,9.602649006622517,8.314070351758794,88,1,50,0.5,0.5,0.5,genetic,genetic,genetic,0.05,10
802,894,804,0.5258921063588328,0.5300418365485857,0.538717206982739,9.330423940149625,9.553691275167786,8.303482587064677,89,1,50,0.5,0.5,0.5,genetic,genetic,genetic,0.05,10
800,882,818,0.5290024769351104,0.5302497036296104,0.5387419316121652,9.3625,9.580498866213151,8.32640586797066,90,1,50,0.5,0.5,0.5,genetic,genetic,genetic,0.05,10
813,874,813,0.5303013618687044,0.5300960768096341,0.5408582980502993,9.232472324723247,9.665903890160184,8.189421894218942,91,1,50,0.5,0.5,0.5,genetic,genetic,genetic,0.05,10
804,860,836,0.5298961784988815,0.5303742143177455,0.5402050579038091,9.347014925373134,9.606976744186046,8.155502392344498,92,1,50,0.5,0.5,0.5,genetic,genetic,genetic,0.05,10
805,820,875,0.5314472073190035,0.5317409784605177,0.5409865693308642,9.46335403726708,9.495121951219513,7.956571428571428,93,1,50,0.5,0.5,0.5,genetic,genetic,genetic,0.05,10
779,796,925,0.5310243682470087,0.532913272897191,0.5416303189935117,9.3594351732991,9.262562814070352,7.901621621621621,94,1,50,0.5,0.5,0.5,genetic,genetic,genetic,0.05,10
784,776,940,0.5312819138718125,0.5321115997352488,0.5431213480265372,9.286989795918368,8.849226804123711,7.8563829787234045,95,1,50,0.5,0.5,0.5,genetic,genetic,genetic,0.05,10
772,768,960,0.5320432094352419,0.5337413192258453,0.5430435206304733,9.0220207253886,8.40234375,7.880208333333333,96,1,50,0.5,0.5,0.5,genetic,genetic,genetic,0.05,10
788,737,975,0.534012109648297,0.5341311679787367,0.5436451111019881,8.960659898477157,8.0,7.768205128205128,97,1,50,0.5,0.5,0.5,genetic,genetic,genetic,0.05,10
791,729,980,0.5334480831186612,0.5348936364586468,0.5449405840190572,8.831858407079647,7.828532235939643,7.762244897959183,98,1,50,0.5,0.5,0.5,genetic,genetic,genetic,0.05,10
794,718,988,0.5339551519392394,0.5346508273572057,0.5448964636108702,8.787153652392947,7.690807799442897,7.8582995951417,99,1,50,0.5,0.5,0.5,genetic,genetic,genetic,0.05,10
799,730,971,0.533845927917433,0.536562659978144,0.5446358465036625,8.57947434292866,7.506849315068493,8.314109165808445,100,1,50,0.5,0.5,0.5,genetic,genetic,genetic,0.05,10
799,743,958,0.5319326768423837,0.5368908388415266,0.5462706537500966,8.63078848560701,7.585464333781965,8.634655532359082,101,1,50,0.5,0.5,0.5,genetic,genetic,genetic,0.05,10
779,757,964,0.5296830874750248,0.5384970651246662,0.5464510755382284,8.582798459563543,7.422721268163804,8.91804979253112,102,1,50,0.5,0.5,0.5,genetic,genetic,genetic,0.05,10
788,767,945,0.5281340792018039,0.538303102605982,0.5456778462268521,8.527918781725889,7.614080834419817,9.1989417989418,103,1,50,0.5,0.5,0.5,genetic,genetic,genetic,0.05,10
782,773,945,0.5266846473661743,0.5402235160119996,0.5460153122800223,8.561381074168798,7.703751617076326,9.402116402116402,104,1,50,0.5,0.5,0.5,genetic,genetic,genetic,0.05,10
777,773,950,0.5288781263846069,0.53944663100391,0.5454591163276942,8.368082368082367,7.783958602846054,9.437894736842106,105,1,50,0.5,0.5,0.5,genetic,genetic,genetic,0.05,10
793,745,962,0.5277823403498333,0.5379300681781468,0.5455008156963619,8.445145018915511,7.842953020134228,9.53950103950104,106,1,50,0.5,0.5,0.5,genetic,genetic,genetic,0.05,10
795,750,955,0.5290066563857211,0.538522448969155,0.5447362503421289,8.552201257861634,7.970666666666666,9.624083769633508,107,1,50,0.5,0.5,0.5,genetic,genetic,genetic,0.05,10
824,734,942,0.52817794703341,0.5373344762542093,0.5446516255562122,8.529126213592233,8.219346049046322,9.618895966029724,108,1,50,0.5,0.5,0.5,genetic,genetic,genetic,0.05,10
856,721,923,0.5274664084222583,0.5384569778877776,0.5435330255557547,8.508177570093459,8.373092926490985,9.735644637053088,109,1,50,0.5,0.5,0.5,genetic,genetic,genetic,0.05,10
864,716,920,0.5263865909987971,0.5367291510513813,0.5439857112522005,8.524305555555555,8.256983240223464,9.76086956521739,110,1,50,0.5,0.5,0.5,genetic,genetic,genetic,0.05,10
897,712,891,0.5276732506492071,0.5367634756540725,0.5442744768914762,8.224080267558529,8.088483146067416,9.588103254769921,111,1,50,0.5,0.5,0.5,genetic,genetic,genetic,0.05,10
904,714,882,0.5267099951852713,0.5368890775115125,0.5454265178352996,8.307522123893806,7.990196078431373,9.45578231292517,112,1,50,0.5,0.5,0.5,genetic,genetic,genetic,0.05,10
923,706,871,0.5272767848525566,0.5353649531769344,0.5453123516628103,8.33261105092091,7.992917847025495,9.497129735935706,113,1,50,0.5,0.5,0.5,genetic,genetic,genetic,0.05,10
940,719,841,0.5297726898978772,0.5362794414631932,0.5451714013211444,8.320212765957447,8.070931849791377,9.476813317479191,114,1,50,0.5,0.5,0.5,genetic,genetic,genetic,0.05,10
947,743,810,0.5318068146721198,0.5381980299886224,0.5446636009375746,8.238648363252375,8.100942126514132,9.504938271604939,115,1,50,0.5,0.5,0.5,genetic,genetic,genetic,0.05,10
961,747,792,0.5332989436375746,0.5372296059751653,0.5447670260946197,8.250780437044744,8.082998661311914,9.311868686868687,116,1,50,0.5,0.5,0.5,genetic,genetic,genetic,0.05,10
981,745,774,0.5335517720066942,0.5367728496272759,0.5457479136613081,8.289500509683997,8.18255033557047,9.078811369509044,117,1,50,0.5,0.5,0.5,genetic,genetic,genetic,0.05,10
1002,764,734,0.5329874398586916,0.5383923792129868,0.5455405283999883,8.092814371257486,8.034031413612565,8.713896457765667,118,1,50,0.5,0.5,0.5,genetic,genetic,genetic,0.05,10
1029,788,683,0.5342649268409398,0.5388291310287023,0.5445603648413049,8.078717201166182,8.035532994923859,8.497803806734993,119,1,50,0.5,0.5,0.5,genetic,genetic,genetic,0.05,10
1028,785,687,0.5335496475326957,0.5406456563467154,0.5453084569800443,8.262645914396888,8.006369426751592,8.377001455604075,120,1,50,0.5,0.5,0.5,genetic,genetic,genetic,0.05,10
1008,806,686,0.5338984901935034,0.5412568504870847,0.545828248739314,8.464285714285714,7.861042183622828,8.177842565597668,121,1,50,0.5,0.5,0.5,genetic,genetic,genetic,0.05,10
1015,800,685,0.534003796666392,0.5418288042942586,0.5471982639418742,8.65320197044335,7.7975,7.878832116788321,122,1,50,0.5,0.5,0.5,genetic,genetic,genetic,0.05,10
1004,785,711,0.5337302681106623,0.5433952308381749,0.545918694675854,8.96215139442231,7.689171974522293,7.6019690576652605,123,1,50,0.5,0.5,0.5,genetic,genetic,genetic,0.05,10
992,794,714,0.533560204680115,0.5456964512298509,0.5488266197689022,9.27016129032258,7.6158690176322414,7.477591036414566,124,1,50,0.5,0.5,0.5,genetic,genetic,genetic,0.05,10
982,816,702,0.533147213601969,0.546364462918259,0.5489323530449539,9.525458248472505,7.561274509803922,7.622507122507122,125,1,50,0.5,0.5,0.5,genetic,genetic,genetic,0.05,10
951,830,719,0.533522331895035,0.5455225879121052,0.548421688997707,9.83806519453207,7.607228915662651,7.517385257301808,126,1,50,0.5,0.5,0.5,genetic,genetic,genetic,0.05,10
913,849,738,0.532878351123355,0.544619011044836,0.5490257684026268,10.026286966046003,7.550058892815077,7.547425474254743,127,1,50,0.5,0.5,0.5,genetic,genetic,genetic,0.05,10
885,849,766,0.532213019804686,0.5443787643555935,0.5496749629127352,10.168361581920903,7.522968197879859,7.613577023498695,128,1,50,0.5,0.5,0.5,genetic,genetic,genetic,0.05,10
847,871,782,0.5316914440205747,0.5449192594526192,0.5512625388655565,10.229043683589138,7.40068886337543,7.689258312020461,129,1,50,0.5,0.5,0.5,genetic,genetic,genetic,0.05,10
832,886,782,0.532821401317907,0.545083909917991,0.5507120956119781,10.14423076923077,7.519187358916478,7.845268542199489,130,1,50,0.5,0.5,0.5,genetic,genetic,genetic,0.05,10
830,873,797,0.5322828512048573,0.5456613781584113,0.5510044916279422,10.073493975903615,7.851088201603665,7.78168130489335,131,1,50,0.5,0.5,0.5,genetic,genetic,genetic,0.05,10
802,885,813,0.5319163998615796,0.5471908952662631,0.5508112533475458,9.901496259351621,7.7898305084745765,7.884378843788438,132,1,50,0.5,0.5,0.5,genetic,genetic,genetic,0.05,10
794,872,834,0.5324755041006943,0.546506719800299,0.5513242624827676,9.799748110831235,7.819954128440367,7.937649880095924,133,1,50,0.5,0.5,0.5,genetic,genetic,genetic,0.05,10
797,887,816,0.5317174704211759,0.5478378256841517,0.5497635750200726,9.657465495608532,8.05411499436302,8.17156862745098,134,1,50,0.5,0.5,0.5,genetic,genetic,genetic,0.05,10
791,892,817,0.5331846226381499,0.5487455471344176,0.5488240944537407,9.390644753476613,7.9652466367713,7.9522643818849446,135,1,50,0.5,0.5,0.5,genetic,genetic,genetic,0.05,10
803,888,809,0.5334780402589313,0.5468758360655389,0.5492099698848235,9.141967621419676,8.11936936936937,8.149567367119902,136,1,50,0.5,0.5,0.5,genetic,genetic,genetic,0.05,10
798,883,819,0.5346282590280178,0.5457999306007747,0.5472665619572209,9.057644110275689,8.319365798414497,8.253968253968255,137,1,50,0.5,0.5,0.5,genetic,genetic,genetic,0.05,10
774,892,834,0.5348201162479482,0.5450797487524841,0.5459830873871853,8.762273901808786,8.217488789237668,8.267386091127099,138,1,50,0.5,0.5,0.5,genetic,genetic,genetic,0.05,10
790,871,839,0.5360045296705629,0.5420642030982504,0.5420737724816723,8.467088607594937,8.30195177956372,7.929678188319428,139,1,50,0.5,0.5,0.5,genetic,genetic,genetic,0.05,10
799,854,847,0.5342681546749272,0.5414494655999834,0.5433632262915067,8.37421777221527,8.537470725995316,7.812278630460448,140,1,50,0.5,0.5,0.5,genetic,genetic,genetic,0.05,10
821,842,837,0.5336574915732778,0.5418281906339006,0.5437200665668328,8.180267965895249,8.6270783847981,7.862604540023895,141,1,50,0.5,0.5,0.5,genetic,genetic,genetic,0.05,10
831,828,841,0.5333816048002955,0.5421249487541565,0.5445739873858412,8.1395908543923,8.653381642512077,7.789536266349584,142,1,50,0.5,0.5,0.5,genetic,genetic,genetic,0.05,10
830,822,848,0.5350125458451246,0.5423225780024118,0.5430141370616454,8.079518072289156,8.632603406326034,7.6120283018867925,143,1,50,0.5,0.5,0.5,genetic,genetic,genetic,0.05,10
819,806,875,0.5349628052340234,0.5424758721019023,0.5425313684497721,8.249084249084248,8.562034739454095,7.724571428571428,144,1,50,0.5,0.5,0.5,genetic,genetic,genetic,0.05,10
822,796,882,0.5362355618663369,0.5412970178892658,0.5446902439258677,8.343065693430656,8.615577889447236,7.72562358276644,145,1,50,0.5,0.5,0.5,genetic,genetic,genetic,0.05,10
820,767,913,0.5351328109226641,0.5423337692566413,0.5465591092892441,8.418292682926829,8.4380704041721,7.546549835706462,146,1,50,0.5,0.5,0.5,genetic,genetic,genetic,0.05,10
814,757,929,0.5329943438249903,0.5430479907299621,0.5470369755563385,8.611793611793612,8.225891677675033,7.57481162540366,147,1,50,0.5,0.5,0.5,genetic,genetic,genetic,0.05,10
819,749,932,0.53310381718553,0.5413440726259632,0.5481267653505562,8.649572649572649,8.16154873164219,7.700643776824034,148,1,50,0.5,0.5,0.5,genetic,genetic,genetic,0.05,10
837,766,897,0.5347810784573074,0.5401719842754271,0.5501324544964635,8.437275985663083,8.011749347258485,7.929765886287625,149,1,50,0.5,0.5,0.5,genetic,genetic,genetic,0.05,10
849,757,894,0.5360255522159706,0.5377204990450157,0.5518554008887764,8.375736160188456,7.976221928665786,8.061521252796421,150,1,50,0.5,0.5,0.5,genetic,genetic,genetic,0.05,10
846,780,874,0.5363005595035361,0.5393028526833922,0.55230034671503,8.43498817966903,7.93974358974359,8.311212814645309,151,1,50,0.5,0.5,0.5,genetic,genetic,genetic,0.05,10
833,796,871,0.5363579810601009,0.5413434757910816,0.5514648525143393,8.517406962785113,7.89070351758794,8.437428243398392,152,1,50,0.5,0.5,0.5,genetic,genetic,genetic,0.05,10
806,824,870,0.5404275931471371,0.5397079731620762,0.5518868910494055,8.089330024813895,7.609223300970874,8.458620689655172,153,1,50,0.5,0.5,0.5,genetic,genetic,genetic,0.05,10
803,834,863,0.5414715930076243,0.539764751649264,0.5514233750528091,7.863013698630137,7.47242206235012,8.563151796060255,154,1,50,0.5,0.5,0.5,genetic,genetic,genetic,0.05,10
825,827,848,0.5411350000207938,0.5393183571669043,0.55317280213364,7.695757575757575,7.778718258766626,8.715801886792454,155,1,50,0.5,0.5,0.5,genetic,genetic,genetic,0.05,10
843,819,838,0.5407502358492263,0.5395544346586023,0.5548383473814674,7.510083036773429,7.942612942612943,8.664677804295943,156,1,50,0.5,0.5,0.5,genetic,genetic,genetic,0.05,10
846,831,823,0.5407971919640305,0.5395284910427103,0.5538295242230591,7.4775413711583925,8.077015643802648,8.670716889428919,157,1,50,0.5,0.5,0.5,genetic,genetic,genetic,0.05,10
863,833,804,0.5396136586236793,0.5384071236379573,0.5535097769607034,7.455388180764774,8.220888355342137,8.498756218905474,158,1,50,0.5,0.5,0.5,genetic,genetic,genetic,0.05,10
870,832,798,0.5400762253996303,0.5390816180444866,0.5514300760887041,7.674712643678161,8.424278846153847,8.645363408521304,159,1,50,0.5,0.5,0.5,genetic,genetic,genetic,0.05,10
864,840,796,0.5402278936113064,0.5382703060618872,0.5507426468454973,7.655092592592593,8.435714285714285,8.557788944723619,160,1,50,0.5,0.5,0.5,genetic,genetic,genetic,0.05,10
890,817,793,0.5388832688553197,0.5377640516997687,0.5498142513046136,7.760674157303371,8.593635250917993,8.191677175283733,161,1,50,0.5,0.5,0.5,genetic,genetic,genetic,0.05,10
902,815,783,0.5395978867278428,0.5365184678342972,0.5527293712197526,7.907982261640798,8.94601226993865,8.269476372924649,162,1,50,0.5,0.5,0.5,genetic,genetic,genetic,0.05,10
901,821,778,0.54079965576955,0.5381263762935143,0.5530355626267973,7.944506104328524,9.065773447015834,8.106683804627249,163,1,50,0.5,0.5,0.5,genetic,genetic,genetic,0.05,10
895,813,792,0.5392658676456673,0.5403340312514379,0.5531256368607319,8.235754189944133,9.196801968019681,8.1489898989899,164,1,50,0.5,0.5,0.5,genetic,genetic,genetic,0.05,10
889,804,807,0.537941448850578,0.5405357934282055,0.553900630883925,8.509561304836895,9.24502487562189,8.215613382899628,165,1,50,0.5,0.5,0.5,genetic,genetic,genetic,0.05,10
914,798,788,0.5382618323294424,0.5427106595048647,0.5529129810507405,8.584245076586432,9.50501253132832,8.17005076142132,166,1,50,0.5,0.5,0.5,genetic,genetic,genetic,0.05,10
903,805,792,0.538296308372277,0.5439771425536973,0.5520038534463395,8.694352159468439,9.438509316770187,8.137626262626263,167,1,50,0.5,0.5,0.5,genetic,genetic,genetic,0.05,10
905,793,802,0.5404975879582747,0.5438480489585414,0.5527275864963838,8.85524861878453,9.540983606557377,8.226932668329177,168,1,50,0.5,0.5,0.5,genetic,genetic,genetic,0.05,10
907,799,794,0.5408905831404316,0.5455684391024835,0.5531935029081069,8.835722160970231,9.425531914893616,8.321158690176322,169,1,50,0.5,0.5,0.5,genetic,genetic,genetic,0.05,10
941,779,780,0.5417821869514996,0.5458417959081722,0.5511462624073857,8.802337938363443,9.494223363286265,8.28076923076923,170,1,50,0.5,0.5,0.5,genetic,genetic,genetic,0.05,10
951,786,763,0.5417438903596163,0.5472513327097367,0.549723459287657,8.71503680336488,9.360050890585242,8.43905635648755,171,1,50,0.5,0.5,0.5,genetic,genetic,genetic,0.05,10
986,779,735,0.5403715103452585,0.5486761808059233,0.5496416037065466,8.821501014198782,9.686777920410783,8.444897959183674,172,1,50,0.5,0.5,0.5,genetic,genetic,genetic,0.05,10
995,785,720,0.5413609730326074,0.5478725201629225,0.5479173803228188,8.887437185929649,9.64968152866242,8.4625,173,1,50,0.5,0.5,0.5,genetic,genetic,genetic,0.05,10
986,794,720,0.5432802210360018,0.5476572756810221,0.5469187179796058,9.096348884381339,9.494962216624685,8.363888888888889,174,1,50,0.5,0.5,0.5,genetic,genetic,genetic,0.05,10
979,806,715,0.5443816620831916,0.5472782862110785,0.5473356250166608,9.167517875383044,9.32258064516129,8.244755244755245,175,1,50,0.5,0.5,0.5,genetic,genetic,genetic,0.05,10
981,833,686,0.5439614394260943,0.5485264236247562,0.5466838699222647,9.172273190621814,9.232893157262906,8.220116618075801,176,1,50,0.5,0.5,0.5,genetic,genetic,genetic,0.05,10
986,841,673,0.5435410136876458,0.547577503876966,0.5445764766158173,9.119675456389452,9.096313912009512,8.034175334323923,177,1,50,0.5,0.5,0.5,genetic,genetic,genetic,0.05,10
946,867,687,0.5429823331896219,0.5497079354826221,0.5448854221125736,9.304439746300211,8.896193771626297,7.986899563318778,178,1,50,0.5,0.5,0.5,genetic,genetic,genetic,0.05,10
909,881,710,0.5423631337138964,0.5514489032536937,0.5452205432735675,9.552255225522552,8.629965947786607,7.925352112676056,179,1,50,0.5,0.5,0.5,genetic,genetic,genetic,0.05,10
905,884,711,0.5435949282856662,0.5506351833095867,0.5432401461293721,9.69171270718232,8.588235294117647,7.89592123769339,180,1,50,0.5,0.5,0.5,genetic,genetic,genetic,0.05,10
876,905,719,0.5422390551353874,0.5513133493729384,0.5429972877473761,9.85958904109589,8.486187845303867,7.984700973574409,181,1,50,0.5,0.5,0.5,genetic,genetic,genetic,0.05,10
866,924,710,0.5424254944108076,0.5526815277650058,0.5421469200161252,9.935334872979215,8.424242424242424,8.188732394366196,182,1,50,0.5,0.5,0.5,genetic,genetic,genetic,0.05,10
846,926,728,0.5444990376606955,0.5517034885770151,0.5426610529677581,9.965721040189125,8.3207343412527,8.098901098901099,183,1,50,0.5,0.5,0.5,genetic,genetic,genetic,0.05,10
797,957,746,0.5458759707049495,0.5496641520349544,0.5427013444923343,10.055207026348809,8.189132706374085,8.258713136729222,184,1,50,0.5,0.5,0.5,genetic,genetic,genetic,0.05,10
757,968,775,0.5465371028903907,0.5481749762302055,0.5433931920751502,10.035667107001322,8.085743801652892,8.388387096774194,185,1,50,0.5,0.5,0.5,genetic,genetic,genetic,0.05,10
724,982,794,0.5462601138462125,0.5479609452443495,0.5444822662482682,10.129834254143647,8.281059063136457,8.612090680100756,186,1,50,0.5,0.5,0.5,genetic,genetic,genetic,0.05,10
696,972,832,0.5449101874907718,0.5467411171200648,0.5454472169609368,10.17816091954023,8.233539094650206,8.645432692307692,187,1,50,0.5,0.5,0.5,genetic,genetic,genetic,0.05,10
649,996,855,0.5440408187933884,0.5450432968759018,0.5448384430781131,9.848998459167952,8.184738955823294,8.726315789473684,188,1,50,0.5,0.5,0.5,genetic,genetic,genetic,0.05,10
651,989,860,0.542459830344187,0.5424208984582229,0.5472121932209815,9.549923195084485,8.365015166835187,8.884883720930233,189,1,50,0.5,0.5,0.5,genetic,genetic,genetic,0.05,10
660,973,867,0.5424379298140701,0.5419613544163372,0.5474666806520161,9.295454545454545,8.610483042137718,9.081891580161477,190,1,50,0.5,0.5,0.5,genetic,genetic,genetic,0.05,10
660,987,853,0.5460181921710456,0.540678162962914,0.549613088738155,8.82121212121212,8.678824721377913,9.143024618991793,191,1,50,0.5,0.5,0.5,genetic,genetic,genetic,0.05,10
673,977,850,0.5462595884954959,0.5401780272578969,0.5506129315616852,8.193164933135215,8.787103377686796,9.111764705882353,192,1,50,0.5,0.5,0.5,genetic,genetic,genetic,0.05,10
693,965,842,0.5479176757405017,0.5407811899381897,0.5495047356692498,7.746031746031746,8.966839378238342,9.143705463182897,193,1,50,0.5,0.5,0.5,genetic,genetic,genetic,0.05,10
715,955,830,0.5499223760181817,0.5410736217628899,0.5487529139084102,7.548251748251748,9.296335078534032,9.081927710843374,194,1,50,0.5,0.5,0.5,genetic,genetic,genetic,0.05,10
740,941,819,0.5496716687190923,0.5411091557849043,0.548667474760218,7.481081081081081,9.532412327311372,9.092796092796092,195,1,50,0.5,0.5,0.5,genetic,genetic,genetic,0.05,10
773,955,772,0.5516452693622815,0.5412084373621926,0.5481370160365787,7.363518758085382,9.728795811518324,9.221502590673575,196,1,50,0.5,0.5,0.5,genetic,genetic,genetic,0.05,10
805,925,770,0.5520418667923205,0.5404967074620304,0.5473926713425612,7.35527950310559,10.017297297297297,8.966233766233767,197,1,50,0.5,0.5,0.5,genetic,genetic,genetic,0.05,10
812,929,759,0.5539035715049401,0.5412978101524222,0.5457063001234376,7.642857142857143,10.144241119483315,8.984189723320158,198,1,50,0.5,0.5,0.5,genetic,genetic,genetic,0.05,10
829,924,747,0.5523780097098657,0.5415023996062606,0.5467250867383814,7.714113389626055,10.348484848484848,8.946452476572958,199,1,50,0.5,0.5,0.5,genetic,genetic,genetic,0.05,10
828,926,746,0.5524014218902322,0.5425910237628144,0.5439593055812062,7.914251207729468,10.331533477321814,8.899463806970509,200,1,50,0.5,0.5,0.5,genetic,genetic,genetic,0.05,10
823,931,746,0.5529893868759547,0.5421517515738739,0.5459313706594884,8.16767922235723,10.370569280343716,8.7828418230563,201,1,50,0.5,0.5,0.5,genetic,genetic,genetic,0.05,10
800,962,738,0.5542247184375537,0.5414630393629859,0.5461386585192094,8.1625,10.20893970893971,8.621951219512194,202,1,50,0.5,0.5,0.5,genetic,genetic,genetic,0.05,10
796,963,741,0.5541312429756248,0.5410190563760573,0.5460004802614455,8.394472361809045,10.28141225337487,8.365721997300945,203,1,50,0.5,0.5,0.5,genetic,genetic,genetic,0.05,10
788,948,764,0.5529981563646351,0.540887689850773,0.5451389360615253,8.58756345177665,10.25,8.030104712041885,204,1,50,0.5,0.5,0.5,genetic,genetic,genetic,0.05,10
776,925,799,0.5529949044681164,0.5397976651632673,0.5433106726807989,8.940721649484535,10.414054054054054,7.956195244055069,205,1,50,0.5,0.5,0.5,genetic,genetic,genetic,0.05,10
771,888,841,0.5537143707565718,0.5380320617738191,0.5414608218742759,9.14526588845655,10.539414414414415,7.80499405469679,206,1,50,0.5,0.5,0.5,genetic,genetic,genetic,0.05,10
756,868,876,0.5537604944679323,0.5384054922928306,0.5415151273705996,9.452380952380953,10.527649769585253,7.80365296803653,207,1,50,0.5,0.5,0.5,genetic,genetic,genetic,0.05,10
751,852,897,0.5532442981075355,0.5373424519098353,0.5420440088181566,9.62982689747004,10.524647887323944,7.769230769230769,208,1,50,0.5,0.5,0.5,genetic,genetic,genetic,0.05,10
754,816,930,0.5529260512204454,0.5360203771793333,0.542527997421159,9.690981432360743,10.307598039215685,7.644086021505377,209,1,50,0.5,0.5,0.5,genetic,genetic,genetic,0.05,10
753,779,968,0.5534712694726489,0.5351678428323094,0.5441178514284231,9.751660026560424,10.246469833119384,7.8522727272727275,210,1,50,0.5,0.5,0.5,genetic,genetic,genetic,0.05,10
723,783,994,0.5538382529111654,0.5356974590527498,0.5449069905116984,9.796680497925312,9.82375478927203,8.191146881287727,211,1,50,0.5,0.5,0.5,genetic,genetic,genetic,0.05,10
708,773,1019,0.5541143870933434,0.5335856929143701,0.545045822249738,9.69632768361582,9.347994825355757,8.45829244357213,212,1,50,0.5,0.5,0.5,genetic,genetic,genetic,0.05,10
694,771,1035,0.5532596802396734,0.5336060005688416,0.544360469697381,9.569164265129682,8.783398184176395,8.649275362318841,213,1,50,0.5,0.5,0.5,genetic,genetic,genetic,0.05,10
670,792,1038,0.5515631759233641,0.5344195534977445,0.5440361085693856,9.270149253731343,8.48989898989899,8.914258188824663,214,1,50,0.5,0.5,0.5,genetic,genetic,genetic,0.05,10
654,805,1041,0.5501408989759049,0.5356702653181084,0.5444377467537227,8.81651376146789,8.361490683229814,9.293948126801153,215,1,50,0.5,0.5,0.5,genetic,genetic,genetic,0.05,10
663,800,1037,0.5500742463937781,0.5359753604413426,0.5454070996749422,8.509803921568627,8.44,9.583413693346191,216,1,50,0.5,0.5,0.5,genetic,genetic,genetic,0.05,10
695,787,1018,0.552297735047162,0.5342054682200752,0.5453425378242762,8.309352517985612,8.556543837357053,9.782907662082515,217,1,50,0.5,0.5,0.5,genetic,genetic,genetic,0.05,10
696,802,1002,0.5546153578446488,0.5322345330708838,0.545292764694417,7.952586206896552,8.492518703241895,10.020958083832335,218,1,50,0.5,0.5,0.5,genetic,genetic,genetic,0.05,10
706,797,997,0.5546285086151507,0.5325845669104022,0.5454373805548177,7.896600566572238,8.547051442910917,10.228686058174523,219,1,50,0.5,0.5,0.5,genetic,genetic,genetic,0.05,10
731,783,986,0.5538920726588584,0.5317828197205676,0.5448286479706203,7.600547195622435,8.60536398467433,10.230223123732252,220,1,50,0.5,0.5,0.5,genetic,genetic,genetic,0.05,10
752,792,956,0.5570666953324696,0.5293547554847576,0.5445720495539961,7.134308510638298,8.553030303030303,10.219665271966527,221,1,50,0.5,0.5,0.5,genetic,genetic,genetic,0.05,10
778,785,937,0.5573753576191757,0.5288627978743713,0.5457941868473745,7.026992287917738,8.755414012738854,10.248665955176094,222,1,50,0.5,0.5,0.5,genetic,genetic,genetic,0.05,10
810,781,909,0.5584951068374561,0.5284878528801509,0.5476602361969238,7.01604938271605,9.044814340588989,10.211221122112212,223,1,50,0.5,0.5,0.5,genetic,genetic,genetic,0.05,10
850,764,886,0.5583671926386543,0.5280767626305359,0.5489783485681836,7.008235294117647,9.172774869109947,10.006772009029346,224,1,50,0.5,0.5,0.5,genetic,genetic,genetic,0.05,10
889,727,884,0.5590765301664894,0.5284259715142554,0.5488286800671309,7.150731158605175,9.203576341127922,9.67420814479638,225,1,50,0.5,0.5,0.5,genetic,genetic,genetic,0.05,10
924,688,888,0.5585031200188255,0.5292917013881211,0.5508252291167973,7.411255411255412,9.25,9.42117117117117,226,1,50,0.5,0.5,0.5,genetic,genetic,genetic,0.05,10
927,674,899,0.5595755672064578,0.5317697560526096,0.5518431971938648,7.597626752966558,9.129080118694363,9.348164627363737,227,1,50,0.5,0.5,0.5,genetic,genetic,genetic,0.05,10
914,673,913,0.5583759488085598,0.5307127354833661,0.553955589311631,7.792122538293216,8.613670133729569,9.157721796276013,228,1,50,0.5,0.5,0.5,genetic,genetic,genetic,0.05,10
928,677,895,0.5579217694270422,0.5285595115099929,0.5542344840379756,7.922413793103448,8.369276218611521,9.080446927374302,229,1,50,0.5,0.5,0.5,genetic,genetic,genetic,0.05,10
913,685,902,0.5557932534209603,0.5314330794199108,0.5532791006008153,8.111719605695509,7.9489051094890515,8.850332594235033,230,1,50,0.5,0.5,0.5,genetic,genetic,genetic,0.05,10
918,672,910,0.5560462183920591,0.531750631770562,0.554492527693186,8.458605664488017,7.903273809523809,8.778021978021979,231,1,50,0.5,0.5,0.5,genetic,genetic,genetic,0.05,10
915,677,908,0.5564627374770846,0.5361984011408871,0.5555046867855565,8.580327868852459,7.680945347119645,8.816079295154186,232,1,50,0.5,0.5,0.5,genetic,genetic,genetic,0.05,10
897,682,921,0.555839809550899,0.5390644686753645,0.5558117771185868,8.75473801560758,7.5659824046920825,8.993485342019545,233,1,50,0.5,0.5,0.5,genetic,genetic,genetic,0.05,10
891,708,901,0.5564850906455364,0.5415906781449759,0.5568386215499852,8.835016835016836,7.548022598870056,9.344062153163152,234,1,50,0.5,0.5,0.5,genetic,genetic,genetic,0.05,10
894,719,887,0.5581845539012299,0.5437081721073702,0.5574690173803595,8.787472035794183,7.410292072322671,9.195039458850056,235,1,50,0.5,0.5,0.5,genetic,genetic,genetic,0.05,10
901,740,859,0.5606811638319714,0.5427409236465922,0.5588062993852434,8.79023307436182,7.341891891891892,9.451688009313155,236,1,50,0.5,0.5,0.5,genetic,genetic,genetic,0.05,10
898,761,841,0.5614457282560279,0.5431959248785135,0.5590990142761587,8.748329621380845,7.417871222076215,9.412604042806183,237,1,50,0.5,0.5,0.5,genetic,genetic,genetic,0.05,10
911,756,833,0.5629720962182276,0.5436840192989674,0.5592370961729685,8.690450054884742,7.4563492063492065,9.282112845138055,238,1,50,0.5,0.5,0.5,genetic,genetic,genetic,0.05,10
923,759,818,0.5641490175764675,0.5421544835566532,0.5613443136944138,8.615384615384615,7.4519104084321475,9.245721271393643,239,1,50,0.5,0.5,0.5,genetic,genetic,genetic,0.05,10
944,770,786,0.5642951463005815,0.54131688207364,0.5625095491540415,8.58156779661017,7.536363636363636,9.370229007633588,240,1,50,0.5,0.5,0.5,genetic,genetic,genetic,0.05,10
940,809,751,0.5661804667717768,0.5422638834340248,0.5635994760781998,8.546808510638298,7.580964153275649,9.390146471371505,241,1,50,0.5,0.5,0.5,genetic,genetic,genetic,0.05,10
935,833,732,0.5679661736543488,0.5419642789378669,0.5631889972657711,8.467379679144384,7.625450180072029,9.341530054644808,242,1,50,0.5,0.5,0.5,genetic,genetic,genetic,0.05,10
935,852,713,0.5690031782917208,0.5414716077573936,0.5638971467366445,8.502673796791443,7.733568075117371,9.308555399719495,243,1,50,0.5,0.5,0.5,genetic,genetic,genetic,0.05,10
912,861,727,0.5702057383456514,0.5430443296881654,0.5617130266264874,8.708333333333334,7.5981416957026715,9.112792297111417,244,1,50,0.5,0.5,0.5,genetic,genetic,genetic,0.05,10
893,896,711,0.5715179292363338,0.5427798361298871,0.5620138990251152,8.611422172452407,7.608258928571429,9.115330520393812,245,1,50,0.5,0.5,0.5,genetic,genetic,genetic,0.05,10
866,921,713,0.5711978791624464,0.5433346458385634,0.56211038435236,8.553117782909931,7.550488599348534,8.976157082748948,246,1,50,0.5,0.5,0.5,genetic,genetic,genetic,0.05,10
849,931,720,0.5704384144660164,0.5438071160522199,0.5626322006175358,8.604240282685513,7.6938775510204085,8.8125,247,1,50,0.5,0.5,0.5,genetic,genetic,genetic,0.05,10
825,944,731,0.5709930348324761,0.5445941473300653,0.5641890550938777,8.621818181818181,7.783898305084746,8.718194254445965,248,1,50,0.5,0.5,0.5,genetic,genetic,genetic,0.05,10
781,982,737,0.570944650694632,0.5458441532417223,0.5619156105956041,8.507042253521126,7.8940936863543785,8.721845318860245,249,1,50,0.5,0.5,0.5,genetic,genetic,genetic,0.05,10
737,997,766,0.5688729725720254,0.547117557893481,0.5609425324756568,8.708276797829036,7.89568706118355,8.532637075718016,250,1,50,0.5,0.5,0.5,genetic,genetic,genetic,0.05,10
722,985,793,0.5679538079720269,0.5475894755157292,0.5599811515344921,8.771468144044322,8.207106598984772,8.35561160151324,251,1,50,0.5,0.5,0.5,genetic,genetic,genetic,0.05,10
722,965,813,0.5662951916400333,0.54773548013837,0.5613139933958713,8.720221606648199,8.345077720207254,8.164821648216483,252,1,50,0.5,0.5,0.5,genetic,genetic,genetic,0.05,10
693,964,843,0.5650785783262807,0.5493579076170186,0.5625099266206699,8.826839826839826,8.325726141078839,7.976275207591933,253,1,50,0.5,0.5,0.5,genetic,genetic,genetic,0.05,10
687,938,875,0.5636008846377643,0.5505985955296797,0.5618121163217674,8.737991266375547,8.603411513859275,7.8914285714285715,254,1,50,0.5,0.5,0.5,genetic,genetic,genetic,0.05,10
676,911,913,0.5635398227717375,0.5497206443300361,0.560857127213686,8.584319526627219,8.67178924259056,7.774370208105148,255,1,50,0.5,0.5,0.5,genetic,genetic,genetic,0.05,10
662,892,946,0.5611007291975033,0.5497835713709962,0.5616494091067673,8.646525679758309,8.780269058295964,7.691331923890063,256,1,50,0.5,0.5,0.5,genetic,genetic,genetic,0.05,10
659,877,964,0.5624611019653205,0.55001907797415,0.5604155494520936,8.41578148710167,8.770809578107183,7.816390041493776,257,1,50,0.5,0.5,0.5,genetic,genetic,genetic,0.05,10
645,842,1013,0.5625245022106062,0.5491395289942395,0.5614283929523441,8.51937984496124,8.890736342042755,7.972359328726554,258,1,50,0.5,0.5,0.5,genetic,genetic,genetic,0.05,10
636,823,1041,0.561064936586125,0.5474475601666116,0.5640654044448432,8.45125786163522,9.077764277035238,8.118155619596541,259,1,50,0.5,0.5,0.5,genetic,genetic,genetic,0.05,10
653,780,1067,0.5647284026313225,0.5484238520927767,0.5646292301229239,8.416539050535988,9.28974358974359,8.33552014995314,260,1,50,0.5,0.5,0.5,genetic,genetic,genetic,0.05,10
656,768,1076,0.5664648508473815,0.5475479667203589,0.5656314553423344,8.192073170731707,9.364583333333334,8.661710037174721,261,1,50,0.5,0.5,0.5,genetic,genetic,genetic,0.05,10
668,746,1086,0.5673656061072289,0.5466169009832195,0.5649020159470913,7.899700598802395,9.380697050938338,8.806629834254144,262,1,50,0.5,0.5,0.5,genetic,genetic,genetic,0.05,10
698,735,1067,0.5702461371925368,0.5465702867506009,0.5641486319540397,7.69054441260745,9.346938775510203,9.056232427366448,263,1,50,0.5,0.5,0.5,genetic,genetic,genetic,0.05,10
727,721,1052,0.5705775112781574,0.5475135116283547,0.5628493753755388,7.771664374140302,9.410540915395284,9.401140684410647,264,1,50,0.5,0.5,0.5,genetic,genetic,genetic,0.05,10
748,696,1056,0.5739559052654679,0.5475832129427822,0.5630039481812595,7.7633689839572195,9.37212643678161,9.50189393939394,265,1,50,0.5,0.5,0.5,genetic,genetic,genetic,0.05,10
768,679,1053,0.5748610235333076,0.545760246105391,0.5631341975080454,7.696614583333333,9.156111929307805,9.724596391263058,266,1,50,0.5,0.5,0.5,genetic,genetic,genetic,0.05,10
821,651,1028,0.5778488486824878,0.5442896525240951,0.5623469079165745,7.490864799025578,9.029185867895546,9.720817120622568,267,1,50,0.5,0.5,0.5,genetic,genetic,genetic,0.05,10
842,645,1013,0.5783432952598162,0.544682166635134,0.5626522933178626,7.350356294536817,8.4031007751938,9.934846989141166,268,1,50,0.5,0.5,0.5,genetic,genetic,genetic,0.05,10
867,640,993,0.5798743823647877,0.545151104218699,0.5623034788819086,7.324106113033449,8.1234375,9.962739174219537,269,1,50,0.5,0.5,0.5,genetic,genetic,genetic,0.05,10
918,639,943,0.5797010811902061,0.5459647399033507,0.5619387697014221,7.247276688453159,8.073552425665103,10.073170731707316,270,1,50,0.5,0.5,0.5,genetic,genetic,genetic,0.05,10
960,658,882,0.5802302189344917,0.5467353621323068,0.5613936206119737,7.294791666666667,7.993920972644377,10.200680272108844,271,1,50,0.5,0.5,0.5,genetic,genetic,genetic,0.05,10
989,683,828,0.5801692981455608,0.5481974607683539,0.562237337534209,7.136501516683519,7.856515373352855,10.08816425120773,272,1,50,0.5,0.5,0.5,genetic,genetic,genetic,0.05,10
1016,704,780,0.5807493918253783,0.5478062153003169,0.5639490763717847,7.164370078740157,7.762784090909091,10.22948717948718,273,1,50,0.5,0.5,0.5,genetic,genetic,genetic,0.05,10
1041,709,750,0.5830451033016778,0.5506067277638182,0.5642664515193271,7.310278578290106,7.617771509167842,10.045333333333334,274,1,50,0.5,0.5,0.5,genetic,genetic,genetic,0.05,10
1063,730,707,0.584154285971145,0.5500775467754688,0.5650181964779318,7.6679209783631235,7.704109589041096,9.937765205091937,275,1,50,0.5,0.5,0.5,genetic,genetic,genetic,0.05,10
1057,753,690,0.5844620478452828,0.5509007446352622,0.5671149344575447,7.919583727530747,7.569721115537849,9.789855072463768,276,1,50,0.5,0.5,0.5,genetic,genetic,genetic,0.05,10
1057,774,669,0.5852416450281405,0.5528925933048822,0.5686718254619906,8.07190160832545,7.483204134366925,9.348281016442451,277,1,50,0.5,0.5,0.5,genetic,genetic,genetic,0.05,10
1022,800,678,0.5853319096805326,0.5541235151124886,0.570016439799127,8.314090019569472,7.315,8.823008849557523,278,1,50,0.5,0.5,0.5,genetic,genetic,genetic,0.05,10
998,817,685,0.5838928191826599,0.5538333869210523,0.5722327343419884,8.557114228456914,7.291309669522644,8.497810218978103,279,1,50,0.5,0.5,0.5,genetic,genetic,genetic,0.05,10
975,826,699,0.5831458143185624,0.5545087910920232,0.5761540612325731,8.98974358974359,7.467312348668281,8.407725321888412,280,1,50,0.5,0.5,0.5,genetic,genetic,genetic,0.05,10
983,836,681,0.582950280156256,0.5539319751688531,0.5783148688160645,9.098677517802646,7.54066985645933,8.1424375917768,281,1,50,0.5,0.5,0.5,genetic,genetic,genetic,0.05,10
951,843,706,0.5811336025642575,0.553435908311141,0.5798172712391619,9.35646687697161,7.403321470937129,7.9390934844192635,282,1,50,0.5,0.5,0.5,genetic,genetic,genetic,0.05,10
926,872,702,0.5813160624703921,0.5536732725937531,0.5808793295466443,9.437365010799136,7.352064220183486,7.898860398860399,283,1,50,0.5,0.5,0.5,genetic,genetic,genetic,0.05,10
903,880,717,0.5814722006900158,0.5534747520296162,0.5801681828202396,9.571428571428571,7.454545454545454,7.776847977684798,284,1,50,0.5,0.5,0.5,genetic,genetic,genetic,0.05,10
912,887,701,0.5804962913337572,0.5539978555142677,0.5831021373884357,9.577850877192983,7.6708004509582866,7.790299572039943,285,1,50,0.5,0.5,0.5,genetic,genetic,genetic,0.05,10
879,915,706,0.5780146296975175,0.55467020455867,0.5854170837583026,9.699658703071673,7.584699453551913,7.787535410764873,286,1,50,0.5,0.5,0.5,genetic,genetic,genetic,0.05,10
851,933,716,0.5775321861660939,0.556058385218468,0.5832106743374659,9.623971797884842,7.639871382636656,7.656424581005586,287,1,50,0.5,0.5,0.5,genetic,genetic,genetic,0.05,10
841,941,718,0.5789098091808693,0.5555185084622128,0.5831367219436426,9.600475624256838,7.8034006376195535,7.649025069637883,288,1,50,0.5,0.5,0.5,genetic,genetic,genetic,0.05,10
829,926,745,0.5791227246548935,0.5544749230614485,0.5848101131452098,9.797346200241254,7.9146868250539955,7.471140939597316,289,1,50,0.5,0.5,0.5,genetic,genetic,genetic,0.05,10
802,950,748,0.5811371717990705,0.5551226107399642,0.5838492972780442,9.584788029925187,7.942105263157894,7.57620320855615,290,1,50,0.5,0.5,0.5,genetic,genetic,genetic,0.05,10
772,969,759,0.5822135496444182,0.5560887696721181,0.5822539094284962,9.553108808290155,7.942208462332301,7.561264822134388,291,1,50,0.5,0.5,0.5,genetic,genetic,genetic,0.05,10
747,975,778,0.5801735616956545,0.558392586189206,0.5813620050634111,9.420348058902276,8.073846153846153,7.544987146529563,292,1,50,0.5,0.5,0.5,genetic,genetic,genetic,0.05,10
723,983,794,0.5815557418666951,0.5592311371895352,0.5802184307661156,9.077455048409405,8.095625635808748,7.425692695214106,293,1,50,0.5,0.5,0.5,genetic,genetic,genetic,0.05,10
713,981,806,0.5821802112760106,0.5594333902315417,0.5768990062692178,9.03225806451613,8.20183486238532,7.413151364764268,294,1,50,0.5,0.5,0.5,genetic,genetic,genetic,0.05,10
699,981,820,0.5809884528715555,0.559972468689896,0.5769247481104627,9.120171673819742,8.332313965341488,7.571951219512195,295,1,50,0.5,0.5,0.5,genetic,genetic,genetic,0.05,10
684,982,834,0.5788173410723144,0.5608409968570153,0.5790238070521638,8.940058479532164,8.461303462321792,7.697841726618705,296,1,50,0.5,0.5,0.5,genetic,genetic,genetic,0.05,10
688,957,855,0.5781271829440126,0.5602482979611064,0.5782618716147236,8.658430232558139,8.588296760710554,7.771929824561403,297,1,50,0.5,0.5,0.5,genetic,genetic,genetic,0.05,10
671,942,887,0.5768627974027885,0.5583294036175489,0.5782787107327689,8.444113263785395,8.564755838641188,7.750845546786922,298,1,50,0.5,0.5,0.5,genetic,genetic,genetic,0.05,10
684,909,907,0.5758224737774505,0.5576083561320622,0.5787124141578927,8.353801169590643,8.87018701870187,7.863285556780595,299,1,50,0.5,0.5,0.5,genetic,genetic,genetic,0.05,10
690,906,904,0.5770870544238258,0.5573618788043642,0.5784808193056598,8.115942028985508,9.015452538631347,7.984513274336283,300,1,50,0.5,0.5,0.5,genetic,genetic,genetic,0.05,10
695,889,916,0.578103660651277,0.5582187554056579,0.5794434194015059,8.028776978417266,9.156355455568054,8.18231441048035,301,1,50,0.5,0.5,0.5,genetic,genetic,genetic,0.05,10
691,872,937,0.5776111438434235,0.5583636947519524,0.5787311856116563,7.953690303907381,9.219036697247706,8.306296691568837,302,1,50,0.5,0.5,0.5,genetic,genetic,genetic,0.05,10
712,843,945,0.5773373921129216,0.5567706237649996,0.5782686707823687,7.782303370786517,9.336892052194543,8.369312169312169,303,1,50,0.5,0.5,0.5,genetic,genetic,genetic,0.05,10
748,816,936,0.5774964140397142,0.5575516531915412,0.5780217526842033,7.859625668449198,9.607843137254902,8.577991452991453,304,1,50,0.5,0.5,0.5,genetic,genetic,genetic,0.05,10
790,793,917,0.5795246392180736,0.5568143899342555,0.5766416205887952,7.50253164556962,9.76923076923077,8.668484187568158,305,1,50,0.5,0.5,0.5,genetic,genetic,genetic,0.05,10
820,789,891,0.5834585302002041,0.557739472711726,0.5773458134100553,7.4487804878048784,9.673003802281368,8.89337822671156,306,1,50,0.5,0.5,0.5,genetic,genetic,genetic,0.05,10
833,788,879,0.58414311724223,0.5573575868128985,0.5775997746635326,7.337334933973589,9.614213197969542,8.816837315130831,307,1,50,0.5,0.5,0.5,genetic,genetic,genetic,0.05,10
829,802,869,0.5841008886800454,0.5575454337660388,0.5780991567468801,7.365500603136309,9.34788029925187,8.658227848101266,308,1,50,0.5,0.5,0.5,genetic,genetic,genetic,0.05,10
820,824,856,0.5849314450112809,0.5587975551510059,0.5776859081010778,7.434146341463415,9.237864077669903,8.773364485981308,309,1,50,0.5,0.5,0.5,genetic,genetic,genetic,0.05,10
842,825,833,0.5868027102898032,0.5576390962192749,0.5767050167937692,7.490498812351544,9.192727272727273,8.696278511404563,310,1,50,0.5,0.5,0.5,genetic,genetic,genetic,0.05,10
845,806,849,0.5882428381864033,0.5583675049418392,0.5752624018304567,7.647337278106509,8.941687344913152,8.428739693757361,311,1,50,0.5,0.5,0.5,genetic,genetic,genetic,0.05,10
830,810,860,0.5887851876960459,0.5594217679173632,0.5768683665011897,7.753012048192771,8.75925925925926,8.327906976744186,312,1,50,0.5,0.5,0.5,genetic,genetic,genetic,0.05,10
798,835,867,0.5908402873109777,0.5589358062843417,0.5795131889314808,7.616541353383458,8.273053892215568,8.257208765859286,313,1,50,0.5,0.5,0.5,genetic,genetic,genetic,0.05,10
813,845,842,0.5925346452704476,0.5582967631327528,0.579616993476962,7.415744157441575,8.358579881656805,8.175771971496436,314,1,50,0.5,0.5,0.5,genetic,genetic,genetic,0.05,10
815,848,837,0.5927640081533484,0.561082903498421,0.5803333455062958,7.4748466257668715,8.247641509433961,8.076463560334528,315,1,50,0.5,0.5,0.5,genetic,genetic,genetic,0.05,10
815,875,810,0.5930825569669977,0.5621385903701488,0.5825505222933648,7.292024539877301,7.862857142857143,8.162962962962963,316,1,50,0.5,0.5,0.5,genetic,genetic,genetic,0.05,10
820,882,798,0.593612484378738,0.5607931841182091,0.5846255260995968,7.295121951219512,7.90249433106576,8.140350877192983,317,1,50,0.5,0.5,0.5,genetic,genetic,genetic,0.05,10
830,896,774,0.5921476068676387,0.5606456065147613,0.5858214383187493,7.316867469879518,8.002232142857142,8.167958656330748,318,1,50,0.5,0.5,0.5,genetic,genetic,genetic,0.05,10
820,898,782,0.590444039565685,0.5620031768865856,0.5859680878055197,7.470731707317073,7.741648106904232,8.139386189258312,319,1,50,0.5,0.5,0.5,genetic,genetic,genetic,0.05,10
822,897,781,0.5909890719153219,0.5629625069570543,0.5868075992320936,7.58029197080292,7.845039018952062,8.282970550576184,320,1,50,0.5,0.5,0.5,genetic,genetic,genetic,0.05,10
816,898,786,0.5941140608634784,0.5640552468154313,0.5864483256751336,7.6568627450980395,7.880846325167038,8.091603053435115,321,1,50,0.5,0.5,0.5,genetic,genetic,genetic,0.05,10
824,877,799,0.5957294240189366,0.5653535832709489,0.5881016303888399,7.690533980582524,7.961231470923603,7.989987484355444,322,1,50,0.5,0.5,0.5,genetic,genetic,genetic,0.05,10
813,876,811,0.5966816250061375,0.566863706922953,0.5872310371204017,7.546125461254612,7.955479452054795,7.8717632552404435,323,1,50,0.5,0.5,0.5,genetic,genetic,genetic,0.05,10
801,863,836,0.596618802183823,0.5665053487303148,0.5888952122043695,7.795255930087391,7.893395133256083,7.814593301435407,324,1,50,0.5,0.5,0.5,genetic,genetic,genetic,0.05,10
793,868,839,0.5982285101765672,0.5677618833681908,0.5887773754995206,7.824716267339218,7.912442396313364,7.885578069129917,325,1,50,0.5,0.5,0.5,genetic,genetic,genetic,0.05,10
804,872,824,0.5986761150248091,0.5688395989418973,0.5880606743718977,7.638059701492537,7.9369266055045875,7.918689320388349,326,1,50,0.5,0.5,0.5,genetic,genetic,genetic,0.05,10
807,863,830,0.597896873361007,0.5695112597887515,0.5881095343683855,7.656753407682776,8.030127462340673,7.927710843373494,327,1,50,0.5,0.5,0.5,genetic,genetic,genetic,0.05,10
799,873,828,0.5990091125398462,0.5699430287034536,0.5872610008178332,7.649561952440551,7.966781214203895,7.7729468599033815,328,1,50,0.5,0.5,0.5,genetic,genetic,genetic,0.05,10
791,857,852,0.6017133879492629,0.5723675456633541,0.5849559961509526,7.798988621997472,8.115519253208868,7.661971830985915,329,1,50,0.5,0.5,0.5,genetic,genetic,genetic,0.05,10
818,842,840,0.601543197062323,0.5740640807002196,0.5831066501769955,7.772616136919315,8.331353919239906,7.520238095238096,330,1,50,0.5,0.5,0.5,genetic,genetic,genetic,0.05,10
816,837,847,0.6022784564044388,0.5741030712248264,0.5820139536898254,7.897058823529412,8.126642771804063,7.514757969303424,331,1,50,0.5,0.5,0.5,genetic,genetic,genetic,0.05,10
826,825,849,0.6006385328748642,0.5735144535612675,0.5793304232437373,7.717917675544794,8.123636363636363,7.391048292108363,332,1,50,0.5,0.5,0.5,genetic,genetic,genetic,0.05,10
810,828,862,0.599352256931497,0.5740121604598667,0.577426918218981,7.77283950617284,8.140096618357488,7.619489559164733,333,1,50,0.5,0.5,0.5,genetic,genetic,genetic,0.05,10
801,813,886,0.5986215441042485,0.573770601207303,0.5765625931864677,7.998751560549313,8.02460024600246,7.71783295711061,334,1,50,0.5,0.5,0.5,genetic,genetic,genetic,0.05,10
802,789,909,0.5987012636609135,0.5722988719565703,0.5774543924340597,8.092269326683292,8.115335868187579,7.7997799779978,335,1,50,0.5,0.5,0.5,genetic,genetic,genetic,0.05,10
814,781,905,0.597163104084937,0.5726156015673547,0.5746607003598766,7.992628992628993,7.897567221510884,7.844198895027624,336,1,50,0.5,0.5,0.5,genetic,genetic,genetic,0.05,10
803,785,912,0.5961262706544742,0.5725222466350571,0.5739812753316618,8.037359900373598,7.729936305732484,8.042763157894736,337,1,50,0.5,0.5,0.5,genetic,genetic,genetic,0.05,10
812,775,913,0.5958953433922097,0.5711441579382993,0.5715705637333806,7.842364532019705,7.694193548387097,8.193866374589266,338,1,50,0.5,0.5,0.5,genetic,genetic,genetic,0.05,10
841,764,895,0.5947340095340459,0.5709767909260808,0.569086459728995,7.769322235434007,7.739528795811518,8.302793296089385,339,1,50,0.5,0.5,0.5,genetic,genetic,genetic,0.05,10
865,766,869,0.5955762375564619,0.5693209433327121,0.569059078351087,7.572254335260116,7.7558746736292425,8.463751438434983,340,1,50,0.5,0.5,0.5,genetic,genetic,genetic,0.05,10
891,793,816,0.593459159082468,0.5703303114614877,0.5686162192089896,7.411896745230078,7.630517023959647,8.533088235294118,341,1,50,0.5,0.5,0.5,genetic,genetic,genetic,0.05,10
903,805,792,0.5941756614537785,0.5705686504744406,0.5705478365423925,7.314507198228129,7.520496894409938,8.488636363636363,342,1,50,0.5,0.5,0.5,genetic,genetic,genetic,0.05,10
921,815,764,0.5939873491417704,0.5709346949604213,0.56961640211314,7.197611292073833,7.5104294478527605,8.492146596858639,343,1,50,0.5,0.5,0.5,genetic,genetic,genetic,0.05,10
914,828,758,0.5943797616226265,0.5695880412741003,0.5717062117403783,7.180525164113786,7.241545893719807,8.192612137203167,344,1,50,0.5,0.5,0.5,genetic,genetic,genetic,0.05,10
940,823,737,0.5949866113506725,0.5710830595380734,0.5697930386423857,7.135106382978724,7.417982989064399,7.829036635006784,345,1,50,0.5,0.5,0.5,genetic,genetic,genetic,0.05,10
955,806,739,0.5958486793262746,0.5704455034965388,0.5704968054600249,7.187434554973822,7.439205955334987,7.497970230040595,346,1,50,0.5,0.5,0.5,genetic,genetic,genetic,0.05,10
950,789,761,0.5960644416941743,0.5702014039813935,0.5691249708033715,7.393684210526316,7.359949302915083,7.1879106438896185,347,1,50,0.5,0.5,0.5,genetic,genetic,genetic,0.05,10
957,773,770,0.5970134151825378,0.5692528040720511,0.5737599413007701,7.54858934169279,7.391979301423027,6.962337662337663,348,1,50,0.5,0.5,0.5,genetic,genetic,genetic,0.05,10
956,775,769,0.5983119112192652,0.5687773510433295,0.5750854774344741,7.696652719665272,7.2864516129032255,7.115734720416125,349,1,50,0.5,0.5,0.5,genetic,genetic,genetic,0.05,10
959,772,769,0.5978832986131045,0.5645976154284386,0.5743076735627723,7.887382690302398,7.303108808290156,7.031209362808843,350,1,50,0.5,0.5,0.5,genetic,genetic,genetic,0.05,10
941,771,788,0.5993835726103238,0.5669402742247958,0.5730216078099045,8.138150903294367,7.130998702983139,6.983502538071066,351,1,50,0.5,0.5,0.5,genetic,genetic,genetic,0.05,10
924,781,795,0.5996367871061752,0.5661726170279471,0.5723411431254226,8.387445887445887,7.184379001280409,7.145911949685535,352,1,50,0.5,0.5,0.5,genetic,genetic,genetic,0.05,10
927,794,779,0.59810529726065,0.5658898900435297,0.5721525488797169,8.363538295577131,7.239294710327456,7.413350449293967,353,1,50,0.5,0.5,0.5,genetic,genetic,genetic,0.05,10
937,804,759,0.5979456181229722,0.5641957642337104,0.5708944412072897,8.395944503735326,7.424129353233831,7.686429512516469,354,1,50,0.5,0.5,0.5,genetic,genetic,genetic,0.05,10
943,811,746,0.5977590787515392,0.5652770535674286,0.5697939605718872,8.374337221633086,7.416769420468557,7.674262734584451,355,1,50,0.5,0.5,0.5,genetic,genetic,genetic,0.05,10
962,819,719,0.5975826293205269,0.5650766567608614,0.5680394368340639,8.283783783783784,7.382173382173383,7.696801112656467,356,1,50,0.5,0.5,0.5,genetic,genetic,genetic,0.05,10
942,861,697,0.5983979998916121,0.566701553713205,0.5674665189908045,8.261146496815286,7.32520325203252,7.836441893830703,357,1,50,0.5,0.5,0.5,genetic,genetic,genetic,0.05,10
913,895,692,0.5991875046048175,0.5661055252817019,0.5660210438855585,8.434830230010952,7.210055865921787,7.930635838150289,358,1,50,0.5,0.5,0.5,genetic,genetic,genetic,0.05,10
899,915,686,0.5992452556810549,0.566810755165033,0.5642114601669488,8.296996662958843,7.283060109289617,7.708454810495627,359,1,50,0.5,0.5,0.5,genetic,genetic,genetic,0.05,10
865,933,702,0.6019487455230511,0.5678975240405835,0.5662318364611586,8.55606936416185,7.203644158628081,7.780626780626781,360,1,50,0.5,0.5,0.5,genetic,genetic,genetic,0.05,10
867,938,695,0.6055726313083319,0.5681009740291996,0.5676686341287787,8.504036908881199,7.256929637526652,7.745323741007194,361,1,50,0.5,0.5,0.5,genetic,genetic,genetic,0.05,10
834,958,708,0.609492535719978,0.5694832452042121,0.5694795243073864,8.489208633093526,7.299582463465553,7.498587570621469,362,1,50,0.5,0.5,0.5,genetic,genetic,genetic,0.05,10
819,996,685,0.6099422378900616,0.5698243390761218,0.5695720196711826,8.304029304029305,7.315261044176707,7.435036496350365,363,1,50,0.5,0.5,0.5,genetic,genetic,genetic,0.05,10
806,1023,671,0.6093342483619753,0.5695688748397617,0.5690177368833103,7.9528535980148884,7.3841642228739,7.156482861400894,364,1,50,0.5,0.5,0.5,genetic,genetic,genetic,0.05,10
788,1051,661,0.6111465551399845,0.5691818576852782,0.5696223533527965,8.039340101522843,7.433872502378687,7.0030257186081695,365,1,50,0.5,0.5,0.5,genetic,genetic,genetic,0.05,10
776,1057,667,0.6112521543282613,0.5694098734341078,0.5694266146284742,8.12242268041237,7.671712393566698,6.934032983508246,366,1,50,0.5,0.5,0.5,genetic,genetic,genetic,0.05,10
744,1069,687,0.6132309166927321,0.5696686560343501,0.5698774869569755,8.258064516129032,7.8493919550982225,6.84570596797671,367,1,50,0.5,0.5,0.5,genetic,genetic,genetic,0.05,10
721,1059,720,0.6109031990620957,0.5696897164982383,0.5710318436019431,8.26629680998613,7.995278564683664,6.658333333333333,368,1,50,0.5,0.5,0.5,genetic,genetic,genetic,0.05,10
696,1035,769,0.6093841675579442,0.5711944601623313,0.5721558189387116,8.290229885057471,8.00096618357488,6.572171651495449,369,1,50,0.5,0.5,0.5,genetic,genetic,genetic,0.05,10
675,1016,809,0.6095624591982326,0.5716808188566085,0.572776158450798,8.371851851851853,8.198818897637794,6.705809641532756,370,1,50,0.5,0.5,0.5,genetic,genetic,genetic,0.05,10
658,988,854,0.6099734805158301,0.5716411528532362,0.5744858688073312,8.393617021276595,8.32995951417004,6.660421545667448,371,1,50,0.5,0.5,0.5,genetic,genetic,genetic,0.05,10
633,975,892,0.6074148758069331,0.5713214409872209,0.5745633737429487,8.345971563981042,8.343589743589744,6.881165919282512,372,1,50,0.5,0.5,0.5,genetic,genetic,genetic,0.05,10
624,952,924,0.6064002371810332,0.5711308925320444,0.5748501337607963,8.41826923076923,8.554621848739496,6.954545454545454,373,1,50,0.5,0.5,0.5,genetic,genetic,genetic,0.05,10
619,905,976,0.6047280210733882,0.57201598560538,0.5750960864370246,8.231017770597738,8.43425414364641,7.047131147540983,374,1,50,0.5,0.5,0.5,genetic,genetic,genetic,0.05,10
622,882,996,0.6019754219544842,0.5723956280464236,0.5743497466750074,8.017684887459808,8.47278911564626,7.218875502008032,375,1,50,0.5,0.5,0.5,genetic,genetic,genetic,0.05,10
622,867,1011,0.6040806458145026,0.5730266212609658,0.5746109245813737,7.705787781350482,8.539792387543253,7.235410484668645,376,1,50,0.5,0.5,0.5,genetic,genetic,genetic,0.05,10
664,830,1006,0.6017063633466296,0.5712879410204602,0.5756132270088768,7.272590361445783,8.63855421686747,7.217693836978131,377,1,50,0.5,0.5,0.5,genetic,genetic,genetic,0.05,10
681,794,1025,0.6003312306300208,0.5709209702698916,0.576412932231609,7.086637298091042,8.667506297229219,7.325853658536586,378,1,50,0.5,0.5,0.5,genetic,genetic,genetic,0.05,10
709,760,1031,0.6000706056721299,0.5716061455973827,0.5769846111294058,6.937940761636107,8.70921052631579,7.40737148399612,379,1,50,0.5,0.5,0.5,genetic,genetic,genetic,0.05,10
749,743,1008,0.598463477460668,0.5699968797696252,0.5795921074864889,6.568758344459279,8.655450874831763,7.675595238095238,380,1,50,0.5,0.5,0.5,genetic,genetic,genetic,0.05,10
779,723,998,0.5962484850027796,0.5696791063711443,0.5797459393990173,6.595635430038511,8.839557399723375,7.846693386773547,381,1,50,0.5,0.5,0.5,genetic,genetic,genetic,0.05,10
818,704,978,0.5958093211429171,0.5710782468167034,0.5798620076723117,6.518337408312958,8.660511363636363,7.915132924335379,382,1,50,0.5,0.5,0.5,genetic,genetic,genetic,0.05,10
850,674,976,0.5958690209512866,0.5702425102978208,0.5798232703805798,6.56,8.596439169139465,7.964139344262295,383,1,50,0.5,0.5,0.5,genetic,genetic,genetic,0.05,10
874,655,971,0.5947562379677811,0.5683579274808871,0.5774410775942342,6.705949656750572,8.276335877862595,8.030895983522143,384,1,50,0.5,0.5,0.5,genetic,genetic,genetic,0.05,10
927,637,936,0.595665328328444,0.5678069374172298,0.5772178527888151,6.833872707659116,8.138147566718995,8.07905982905983,385,1,50,0.5,0.5,0.5,genetic,genetic,genetic,0.05,10
984,609,907,0.5963123336037233,0.5677956530754562,0.5763259446248292,7.055894308943089,8.32512315270936,8.120176405733186,386,1,50,0.5,0.5,0.5,genetic,genetic,genetic,0.05,10
993,597,910,0.5960033966705736,0.5671916080210404,0.5765085611942187,7.384692849949648,7.876046901172529,8.304395604395605,387,1,50,0.5,0.5,0.5,genetic,genetic,genetic,0.05,10
999,601,900,0.596531958817031,0.5670908794099028,0.5783570146164132,7.7807807807807805,7.752079866888519,8.547777777777778,388,1,50,0.5,0.5,0.5,genetic,genetic,genetic,0.05,10
1024,600,876,0.59659190096547,0.566365910214415,0.5794590186900967,7.912109375,7.49,8.600456621004566,389,1,50,0.5,0.5,0.5,genetic,genetic,genetic,0.05,10
1033,611,856,0.5978014273465173,0.5685036379287013,0.5799855875335612,8.177153920619554,7.355155482815057,8.782710280373832,390,1,50,0.5,0.5,0.5,genetic,genetic,genetic,0.05,10
1053,601,846,0.5971433243715996,0.5670702882070863,0.5791631262751517,8.489078822412155,7.341098169717138,8.900709219858156,391,1,50,0.5,0.5,0.5,genetic,genetic,genetic,0.05,10
1093,609,798,0.5979058712925058,0.5674667830402237,0.5793951427828752,8.397987191216835,7.261083743842365,8.853383458646617,392,1,50,0.5,0.5,0.5,genetic,genetic,genetic,0.05,10
1102,641,757,0.5974440834219067,0.5677127467877796,0.579182429848823,8.579854809437387,7.049921996879875,8.833553500660502,393,1,50,0.5,0.5,0.5,genetic,genetic,genetic,0.05,10
1118,650,732,0.5977252792915203,0.5684167726579417,0.5813334626508763,8.868515205724508,7.12,8.923497267759563,394,1,50,0.5,0.5,0.5,genetic,genetic,genetic,0.05,10
1113,685,702,0.5985163841069735,0.5690964167604905,0.5802566009141228,9.166217430368373,7.083211678832117,9.1994301994302,395,1,50,0.5,0.5,0.5,genetic,genetic,genetic,0.05,10
1100,733,667,0.5999135119670829,0.5652353724707594,0.5772381436625262,9.382727272727273,6.945429740791269,9.493253373313344,396,1,50,0.5,0.5,0.5,genetic,genetic,genetic,0.05,10
1071,779,650,0.6001218383940422,0.5669462623006969,0.5773414456181564,9.583566760037348,6.761232349165597,9.506153846153847,397,1,50,0.5,0.5,0.5,genetic,genetic,genetic,0.05,10
1056,818,626,0.6015910466292966,0.5686102169520306,0.5770116377916564,9.728219696969697,6.8288508557457215,9.493610223642172,398,1,50,0.5,0.5,0.5,genetic,genetic,genetic,0.05,10
1000,881,619,0.603081027380844,0.568338756254864,0.5786054554380772,9.901,6.782065834279228,9.38610662358643,399,1,50,0.5,0.5,0.5,genetic,genetic,genetic,0.05,10
956,939,605,0.6037576012056448,0.5674728618167639,0.5774347035117469,10.078451882845188,6.9020234291799785,9.373553719008264,400,1,50,0.5,0.5,0.5,genetic,genetic,genetic,0.05,10
923,985,592,0.6064084498142877,0.5672170867412969,0.5783333655442185,10.107258938244854,7.021319796954315,9.320945945945946,401,1,50,0.5,0.5,0.5,genetic,genetic,genetic,0.05,10
899,1011,590,0.6058785819405623,0.5657027535771368,0.5807117606885137,10.157953281423804,7.280909990108803,9.257627118644068,402,1,50,0.5,0.5,0.5,genetic,genetic,genetic,0.05,10
854,1042,604,0.6056890498368236,0.567493077460058,0.5803866574980145,10.244730679156909,7.491362763915547,9.2682119205298,403,1,50,0.5,0.5,0.5,genetic,genetic,genetic,0.05,10
819,1097,584,0.6062562619854007,0.5680045851057043,0.5783089557219077,10.026862026862027,7.621695533272561,9.106164383561644,404,1,50,0.5,0.5,0.5,genetic,genetic,genetic,0.05,10
775,1135,590,0.607560787649007,0.5689314970395025,0.5788372422002359,10.089032258064517,7.832599118942731,8.969491525423729,405,1,50,0.5,0.5,0.5,genetic,genetic,genetic,0.05,10
724,1183,593,0.6063286992473567,0.5697524891095506,0.5806529239030201,9.816298342541437,7.907861369399831,8.252951096121416,406,1,50,0.5,0.5,0.5,genetic,genetic,genetic,0.05,10
694,1192,614,0.6086544891632778,0.5708949688505585,0.5819541214061332,9.432276657060518,8.170302013422818,7.7752442996742674,407,1,50,0.5,0.5,0.5,genetic,genetic,genetic,0.05,10
660,1202,638,0.6083086758956608,0.5705787514951917,0.5828081630468537,9.210606060606061,8.458402662229616,7.628526645768025,408,1,50,0.5,0.5,0.5,genetic,genetic,genetic,0.05,10
631,1230,639,0.6075388772153311,0.56998633505603,0.5796465358872365,8.868462757527734,8.752032520325203,7.701095461658842,409,1,50,0.5,0.5,0.5,genetic,genetic,genetic,0.05,10
621,1205,674,0.6065214038169926,0.5702487672331965,0.5806014540193509,8.470209339774557,9.051452282157676,7.422848664688427,410,1,50,0.5,0.5,0.5,genetic,genetic,genetic,0.05,10
607,1214,679,0.608063154058894,0.568935494645219,0.5841927108576971,8.233937397034596,9.397034596375617,7.284241531664212,411,1,50,0.5,0.5,0.5,genetic,genetic,genetic,0.05,10
602,1208,690,0.6102125140322265,0.5691104712213664,0.5865463473154879,7.961794019933555,9.850993377483444,7.253623188405797,412,1,50,0.5,0.5,0.5,genetic,genetic,genetic,0.05,10
612,1162,726,0.6102569902274407,0.5682868093493052,0.5870003944524669,7.823529411764706,10.273666092943202,6.859504132231405,413,1,50,0.5,0.5,0.5,genetic,genetic,genetic,0.05,10
613,1123,764,0.6119299720890604,0.5699806400559551,0.5865247336476571,7.910277324632952,10.568121104185218,6.672774869109948,414,1,50,0.5,0.5,0.5,genetic,genetic,genetic,0.05,10
603,1103,794,0.611941550400547,0.5703995175436,0.5861150511660682,7.751243781094527,10.690843155031732,6.759445843828716,415,1,50,0.5,0.5,0.5,genetic,genetic,genetic,0.05,10
590,1070,840,0.6144817312499304,0.5703851181422551,0.5872007494747253,7.859322033898305,10.862616822429906,6.673809523809524,416,1,50,0.5,0.5,0.5,genetic,genetic,genetic,0.05,10
580,1062,858,0.6119803220307722,0.5704921998968867,0.5889059951908938,7.517241379310345,10.769303201506592,6.72027972027972,417,1,50,0.5,0.5,0.5,genetic,genetic,genetic,0.05,10
559,1026,915,0.6126792461407494,0.5719210818305954,0.5899808960317238,7.320214669051879,10.687134502923977,6.7923497267759565,418,1,50,0.5,0.5,0.5,genetic,genetic,genetic,0.05,10
538,1013,949,0.6128420463691802,0.5747095461928504,0.5906515877291079,6.901486988847584,10.50345508390918,6.928345626975764,419,1,50,0.5,0.5,0.5,genetic,genetic,genetic,0.05,10
531,961,1008,0.6107916391661775,0.5761468783497253,0.5914727792215075,6.800376647834275,10.499479708636837,6.974206349206349,420,1,50,0.5,0.5,0.5,genetic,genetic,genetic,0.05,10
511,955,1034,0.6084774910648135,0.5753805671435975,0.5909968106447788,6.471624266144814,10.245026178010471,7.241779497098646,421,1,50,0.5,0.5,0.5,genetic,genetic,genetic,0.05,10
516,933,1051,0.6089644827906028,0.5752630750389113,0.5916057401899111,6.294573643410852,10.114683815648446,7.330161750713606,422,1,50,0.5,0.5,0.5,genetic,genetic,genetic,0.05,10
563,879,1058,0.6091876171197358,0.5766802105322074,0.5929578382784788,5.998223801065719,10.13424345847554,7.40359168241966,423,1,50,0.5,0.5,0.5,genetic,genetic,genetic,0.05,10
582,831,1087,0.6089022411932625,0.5788967969223786,0.5929990496421944,5.831615120274914,10.018050541516246,7.458141674333027,424,1,50,0.5,0.5,0.5,genetic,genetic,genetic,0.05,10
614,799,1087,0.608241949920452,0.579102709317367,0.5916556783985963,5.671009771986971,9.926157697121402,7.640294388224471,425,1,50,0.5,0.5,0.5,genetic,genetic,genetic,0.05,10
656,758,1086,0.606634955809169,0.58033827155582,0.5901207872659238,5.652439024390244,9.953825857519789,7.714548802946593,426,1,50,0.5,0.5,0.5,genetic,genetic,genetic,0.05,10
696,715,1089,0.6067904812686358,0.5811478661887557,0.5890626758001851,5.714080459770115,9.924475524475524,7.790633608815427,427,1,50,0.5,0.5,0.5,genetic,genetic,genetic,0.05,10
728,686,1086,0.6066480579870158,0.5819787534140792,0.5895442424089665,5.811813186813187,9.852769679300291,7.956721915285451,428,1,50,0.5,0.5,0.5,genetic,genetic,genetic,0.05,10
784,645,1071,0.6052864506799702,0.580628742216977,0.5885570207844232,5.95280612244898,9.68062015503876,8.026143790849673,429,1,50,0.5,0.5,0.5,genetic,genetic,genetic,0.05,10
809,636,1055,0.6048500786538727,0.579492357979618,0.5879414669523373,6.218788627935723,9.440251572327044,8.381042654028436,430,1,50,0.5,0.5,0.5,genetic,genetic,genetic,0.05,10
848,608,1044,0.6054115261795353,0.5791059029753584,0.5880683039357695,6.277122641509434,8.925986842105264,8.348659003831418,431,1,50,0.5,0.5,0.5,genetic,genetic,genetic,0.05,10
898,581,1021,0.6056715519580512,0.5813087925354903,0.5881039284305457,6.521158129175946,8.827882960413081,8.484818805093045,432,1,50,0.5,0.5,0.5,genetic,genetic,genetic,0.05,10
950,559,991,0.6039219770834631,0.5834142832754873,0.5900308481708191,6.625263157894737,8.330948121645797,8.424823410696266,433,1,50,0.5,0.5,0.5,genetic,genetic,genetic,0.05,10
1004,556,940,0.6032487635965155,0.5827428451781185,0.5880585801241458,6.7041832669322705,8.053956834532373,8.456382978723404,434,1,50,0.5,0.5,0.5,genetic,genetic,genetic,0.05,10
1023,592,885,0.602145497710843,0.5827906763865331,0.5894281719576729,6.8347996089931575,7.356418918918919,8.611299435028249,435,1,50,0.5,0.5,0.5,genetic,genetic,genetic,0.05,10
1022,622,856,0.6008399120930968,0.5832119613245673,0.5914620451274127,7.111545988258317,6.821543408360129,8.705607476635514,436,1,50,0.5,0.5,0.5,genetic,genetic,genetic,0.05,10
1013,644,843,0.6003059317970533,0.5830583889879913,0.5897465254547043,7.524185587364265,6.548136645962733,8.817319098457888,437,1,50,0.5,0.5,0.5,genetic,genetic,genetic,0.05,10
1029,695,776,0.6003758155490171,0.5832932339938766,0.5905798017566518,7.6209912536443145,6.602877697841727,9.091494845360824,438,1,50,0.5,0.5,0.5,genetic,genetic,genetic,0.05,10
1030,726,744,0.5985212303716639,0.5842005187657529,0.5914536310025224,7.792233009708738,6.65426997245179,9.115591397849462,439,1,50,0.5,0.5,0.5,genetic,genetic,genetic,0.05,10
1026,780,694,0.5970515292294166,0.5848577798141766,0.5925747266703166,7.894736842105263,6.597435897435897,9.135446685878962,440,1,50,0.5,0.5,0.5,genetic,genetic,genetic,0.05,10
1027,817,656,0.5974642317189467,0.5861458851557283,0.5909244922834687,7.88412852969815,6.686658506731946,8.925304878048781,441,1,50,0.5,0.5,0.5,genetic,genetic,genetic,0.05,10
1026,869,605,0.596307382201285,0.5873413205264957,0.5891074518860557,7.882066276803119,6.761795166858458,8.952066115702479,442,1,50,0.5,0.5,0.5,genetic,genetic,genetic,0.05,10
1007,894,599,0.5959183645993698,0.5872878807495907,0.589299305345117,8.056603773584905,6.894854586129754,8.637729549248748,443,1,50,0.5,0.5,0.5,genetic,genetic,genetic,0.05,10
988,927,585,0.5946628709858924,0.5891765095307613,0.5902603415085409,8.208502024291498,7.102481121898598,8.234188034188033,444,1,50,0.5,0.5,0.5,genetic,genetic,genetic,0.05,10
956,962,582,0.5948518091251069,0.5865928003488369,0.5938614086538289,8.260460251046025,7.154885654885655,7.678694158075602,445,1,50,0.5,0.5,0.5,genetic,genetic,genetic,0.05,10
932,969,599,0.5938840639520455,0.5858821612271199,0.5961737784841813,8.520386266094421,7.352941176470588,7.397328881469115,446,1,50,0.5,0.5,0.5,genetic,genetic,genetic,0.05,10
907,983,610,0.5966220945899484,0.586214133548786,0.5977532413029085,8.595369349503859,7.472024415055952,7.254098360655738,447,1,50,0.5,0.5,0.5,genetic,genetic,genetic,0.05,10
890,984,626,0.5973064590515821,0.5860848376426616,0.5981739495436991,8.803370786516854,7.712398373983739,7.111821086261981,448,1,50,0.5,0.5,0.5,genetic,genetic,genetic,0.05,10
861,1014,625,0.5984563071844782,0.5857548314568065,0.5973333394817375,8.858304297328688,7.650887573964497,6.8032,449,1,50,0.5,0.5,0.5,genetic,genetic,genetic,0.05,10
849,1036,615,0.5990226304724243,0.5858627199646902,0.5988732970758915,8.840989399293287,7.829150579150579,6.7544715447154475,450,1,50,0.5,0.5,0.5,genetic,genetic,genetic,0.05,10
804,1054,642,0.5966264281137105,0.5844880956292298,0.5984838210814493,8.812189054726367,7.852941176470588,6.545171339563863,451,1,50,0.5,0.5,0.5,genetic,genetic,genetic,0.05,10
799,1030,671,0.5986901579117196,0.5842382701732982,0.5982138302202156,8.902377972465581,7.979611650485437,6.429210134128167,452,1,50,0.5,0.5,0.5,genetic,genetic,genetic,0.05,10
766,1031,703,0.5986097182311226,0.5842322905083632,0.5970547150811039,8.984334203655353,8.070805043646944,6.527738264580369,453,1,50,0.5,0.5,0.5,genetic,genetic,genetic,0.05,10
726,1043,731,0.6016970433382,0.5826461408658936,0.5983705532584843,8.74793388429752,8.052732502396932,6.514363885088919,454,1,50,0.5,0.5,0.5,genetic,genetic,genetic,0.05,10
720,1028,752,0.603230230868217,0.5819676428123662,0.6001080108859155,8.791666666666666,8.243190661478598,6.69813829787234,455,1,50,0.5,0.5,0.5,genetic,genetic,genetic,0.05,10
688,1020,792,0.6036538403146836,0.581292746169646,0.601273167471175,8.776162790697674,8.265686274509804,6.6893939393939394,456,1,50,0.5,0.5,0.5,genetic,genetic,genetic,0.05,10
689,1020,791,0.602931367725887,0.581085304100095,0.6011970196043185,8.683599419448477,8.464705882352941,6.944374209860936,457,1,50,0.5,0.5,0.5,genetic,genetic,genetic,0.05,10
701,993,806,0.6040972130192642,0.5795101504364288,0.6032632852163501,8.216833095577746,8.51460221550856,6.792803970223325,458,1,50,0.5,0.5,0.5,genetic,genetic,genetic,0.05,10
690,991,819,0.6038241383380462,0.5794234937423831,0.6031774899812979,7.897101449275362,8.51564076690212,6.82051282051282,459,1,50,0.5,0.5,0.5,genetic,genetic,genetic,0.05,10
672,991,837,0.6046048538157448,0.5791257324801954,0.6046195669745074,7.903273809523809,8.580221997981836,6.930704898446834,460,1,50,0.5,0.5,0.5,genetic,genetic,genetic,0.05,10
678,979,843,0.6054174656635332,0.5803993718958136,0.6062154574617983,7.491150442477876,8.560776302349336,7.01423487544484,461,1,50,0.5,0.5,0.5,genetic,genetic,genetic,0.05,10
689,957,854,0.6073810027643053,0.5788066692560175,0.6069479462211618,7.293178519593614,8.64576802507837,6.985948477751757,462,1,50,0.5,0.5,0.5,genetic,genetic,genetic,0.05,10
711,939,850,0.6053205006441023,0.5789372988338317,0.6048626751012736,7.073136427566808,8.710330138445155,7.074117647058824,463,1,50,0.5,0.5,0.5,genetic,genetic,genetic,0.05,10
705,927,868,0.6045956195493256,0.5811483173573578,0.6041222348788825,7.024113475177305,8.818770226537216,7.15668202764977,464,1,50,0.5,0.5,0.5,genetic,genetic,genetic,0.05,10
717,877,906,0.6035263074453903,0.5814231726770923,0.603010907453944,7.00836820083682,8.754846066134549,6.97130242825607,465,1,50,0.5,0.5,0.5,genetic,genetic,genetic,0.05,10
728,854,918,0.6038338077699261,0.581608825647961,0.6021445417120332,7.042582417582418,8.755269320843091,7.004357298474946,466,1,50,0.5,0.5,0.5,genetic,genetic,genetic,0.05,10
737,844,919,0.6047868651718101,0.5815616694023502,0.602291770131418,7.092265943012212,8.885071090047393,7.205658324265506,467,1,50,0.5,0.5,0.5,genetic,genetic,genetic,0.05,10
758,834,908,0.6028102363166955,0.5811104070855935,0.6035906096866125,7.120052770448549,9.113908872901678,7.440528634361233,468,1,50,0.5,0.5,0.5,genetic,genetic,genetic,0.05,10
776,818,906,0.6027457496070159,0.5808631249002655,0.6022937785601912,7.140463917525773,9.00244498777506,7.479028697571744,469,1,50,0.5,0.5,0.5,genetic,genetic,genetic,0.05,10
794,803,903,0.6016891144798362,0.5797585105532241,0.6008100326499478,7.18639798488665,9.122042341220423,7.667774086378738,470,1,50,0.5,0.5,0.5,genetic,genetic,genetic,0.05,10
802,784,914,0.6021880706393289,0.5793451258295457,0.597773350260142,7.407730673316708,9.05484693877551,7.634573304157549,471,1,50,0.5,0.5,0.5,genetic,genetic,genetic,0.05,10
823,746,931,0.6028754938458488,0.5799457088283279,0.5971839794084999,7.526123936816525,8.823056300268096,7.584317937701396,472,1,50,0.5,0.5,0.5,genetic,genetic,genetic,0.05,10
830,734,936,0.6012379435613198,0.5801398763124572,0.5971536483622139,7.643373493975903,8.647138964577657,7.614316239316239,473,1,50,0.5,0.5,0.5,genetic,genetic,genetic,0.05,10
859,699,942,0.6009529210294096,0.5786551885705604,0.5975166693948939,7.639115250291036,8.689556509298999,7.74203821656051,474,1,50,0.5,0.5,0.5,genetic,genetic,genetic,0.05,10
875,687,938,0.6001806777914889,0.5787022772367589,0.5976453559889464,7.843428571428571,8.564774381368268,7.717484008528785,475,1,50,0.5,0.5,0.5,genetic,genetic,genetic,0.05,10
904,681,915,0.5985320737329596,0.5799564923824401,0.5980339987596962,7.95353982300885,8.754772393538913,7.997814207650273,476,1,50,0.5,0.5,0.5,genetic,genetic,genetic,0.05,10
933,684,883,0.6009099972490781,0.5791685990909259,0.5983774209154087,7.766345123258307,8.558479532163743,7.978482446206115,477,1,50,0.5,0.5,0.5,genetic,genetic,genetic,0.05,10
965,705,830,0.6008859845546081,0.5785800133819148,0.5989219560686326,7.624870466321243,8.228368794326242,7.897590361445783,478,1,50,0.5,0.5,0.5,genetic,genetic,genetic,0.05,10
954,730,816,0.6002381953251438,0.5780961750310826,0.601420081046896,7.647798742138365,7.810958904109589,7.926470588235294,479,1,50,0.5,0.5,0.5,genetic,genetic,genetic,0.05,10
954,738,808,0.6002487768963365,0.5779303311851783,0.601447014492989,7.69811320754717,7.551490514905149,7.889851485148514,480,1,50,0.5,0.5,0.5,genetic,genetic,genetic,0.05,10
953,773,774,0.5997884977280287,0.5772197028156466,0.6020403902182183,7.6400839454354665,7.33764553686934,7.851421188630491,481,1,50,0.5,0.5,0.5,genetic,genetic,genetic,0.05,10
933,795,772,0.60063951407329,0.5765899741242527,0.6008254148735078,7.872454448017149,7.119496855345912,7.874352331606218,482,1,50,0.5,0.5,0.5,genetic,genetic,genetic,0.05,10
912,830,758,0.6005205419009649,0.576362331777542,0.5997728359919532,7.881578947368421,6.902409638554217,7.982849604221636,483,1,50,0.5,0.5,0.5,genetic,genetic,genetic,0.05,10
885,872,743,0.6013750875467521,0.5767546328069992,0.5999770459023679,7.8621468926553675,6.870412844036697,8.057873485868102,484,1,50,0.5,0.5,0.5,genetic,genetic,genetic,0.05,10
858,909,733,0.6022873901359521,0.5769603557830391,0.6013987686327097,7.989510489510489,6.836083608360836,8.165075034106412,485,1,50,0.5,0.5,0.5,genetic,genetic,genetic,0.05,10
838,940,722,0.6008641178208586,0.5759290907296769,0.6009041510763705,7.977326968973747,7.077659574468085,8.227146814404431,486,1,50,0.5,0.5,0.5,genetic,genetic,genetic,0.05,10
826,970,704,0.5991682379427091,0.5750779259183297,0.6004350608823908,7.894673123486683,7.334020618556701,8.296875,487,1,50,0.5,0.5,0.5,genetic,genetic,genetic,0.05,10
826,1025,649,0.5998757348598965,0.5756355389899591,0.6019964988484173,7.501210653753026,7.530731707317073,8.419106317411401,488,1,50,0.5,0.5,0.5,genetic,genetic,genetic,0.05,10
790,1059,651,0.5991573688892269,0.5753851881977659,0.6010256565422599,7.735443037974684,7.876298394711992,8.43778801843318,489,1,50,0.5,0.5,0.5,genetic,genetic,genetic,0.05,10
783,1052,665,0.6003865386479545,0.5738021071000454,0.6020528589259679,7.727969348659004,8.309885931558936,8.066165413533835,490,1,50,0.5,0.5,0.5,genetic,genetic,genetic,0.05,10
788,1065,647,0.601726308331408,0.5730523666270733,0.6023016093099927,7.697969543147208,8.633802816901408,7.709428129829985,491,1,50,0.5,0.5,0.5,genetic,genetic,genetic,0.05,10
770,1093,637,0.6025209702744263,0.5717966408515698,0.6066059669964611,7.683116883116883,8.817017383348581,7.459968602825746,492,1,50,0.5,0.5,0.5,genetic,genetic,genetic,0.05,10
763,1095,642,0.6037467399303245,0.5716600944595013,0.6083414822237784,7.760157273918741,9.132420091324201,7.2632398753894085,493,1,50,0.5,0.5,0.5,genetic,genetic,genetic,0.05,10
758,1100,642,0.6036865505209,0.5719299108386701,0.6081889157756527,7.667546174142481,9.515454545454546,7.082554517133956,494,1,50,0.5,0.5,0.5,genetic,genetic,genetic,0.05,10
752,1104,644,0.603189807751629,0.57243494595244,0.6074558975777168,7.585106382978723,9.731884057971014,6.987577639751553,495,1,50,0.5,0.5,0.5,genetic,genetic,genetic,0.05,10
750,1088,662,0.6014086555838034,0.5740274106655578,0.6071501201707203,7.484,9.964154411764707,6.688821752265861,496,1,50,0.5,0.5,0.5,genetic,genetic,genetic,0.05,10
727,1057,716,0.5999334624418041,0.5758696700515543,0.6060668585275455,7.6850068775790925,10.186376537369915,6.493016759776537,497,1,50,0.5,0.5,0.5,genetic,genetic,genetic,0.05,10
718,1040,742,0.5974140030763568,0.5751899972443244,0.6060745995077333,7.736768802228412,10.423076923076923,6.455525606469003,498,1,50,0.5,0.5,0.5,genetic,genetic,genetic,0.05,10
710,1004,786,0.5944927038861484,0.5777077763512897,0.6057744288048814,7.805633802816901,10.453187250996017,6.43765903307888,499,1,50,0.5,0.5,0.5,genetic,genetic,genetic,0.05,10
804,847,849,0.5,0.5,0.5,0.0,0.0,0.0,0,2,50,0.5,0.5,0.5,genetic,genetic,genetic,0.05,10
817,804,879,0.5003799576548984,0.5003158442795127,0.4999125893109149,1.0,1.0,1.0,1,2,50,0.5,0.5,0.5,genetic,genetic,genetic,0.05,10
842,817,841,0.5000234098904687,0.5001081474625901,0.5002329171336878,1.82541567695962,1.8482252141982864,1.8632580261593341,2,2,50,0.5,0.5,0.5,genetic,genetic,genetic,0.05,10
831,842,827,0.5003883153715778,0.501031026600917,0.5008665140667552,2.55956678700361,2.5641330166270784,2.6130592503022974,3,2,50,0.5,0.5,0.5,genetic,genetic,genetic,0.05,10
833,834,833,0.5007228199042633,0.5020702697455792,0.5025339713956247,3.211284513805522,3.2014388489208634,3.247298919567827,4,2,50,0.5,0.5,0.5,genetic,genetic,genetic,0.05,10
830,846,824,0.4995468527692966,0.5032310488800714,0.5028256191041676,3.8,3.7529550827423166,3.8240291262135924,5,2,50,0.5,0.5,0.5,genetic,genetic,genetic,0.05,10
829,857,814,0.5000715527752555,0.5037677247738569,0.5028140911129722,4.319662243667069,4.254375729288214,4.358722358722359,6,2,50,0.5,0.5,0.5,genetic,genetic,genetic,0.05,10
808,855,837,0.49945913079358284,0.5055965184210631,0.5032585208707809,4.788366336633663,4.6947368421052635,4.724014336917563,7,2,50,0.5,0.5,0.5,genetic,genetic,genetic,0.05,10
799,871,830,0.5005274781189804,0.5067668460668079,0.5028949364552205,5.137672090112641,5.066590126291619,5.17710843373494,8,2,50,0.5,0.5,0.5,genetic,genetic,genetic,0.05,10
782,889,829,0.4990793613570228,0.5073326262002661,0.5026798138402239,5.529411764705882,5.403824521934758,5.477683956574186,9,2,50,0.5,0.5,0.5,genetic,genetic,genetic,0.05,10
772,889,839,0.5009483645220303,0.5083714730410812,0.5022339356889958,5.83419689119171,5.7266591676040495,5.768772348033373,10,2,50,0.5,0.5,0.5,genetic,genetic,genetic,0.05,10
750,876,874,0.5006378000463804,0.5099209970856895,0.5009696726963433,6.242666666666667,5.980593607305936,5.923340961098398,11,2,50,0.5,0.5,0.5,genetic,genetic,genetic,0.05,10
720,875,905,0.4999674620914171,0.5081783322347774,0.500115748670635,6.404166666666667,6.178285714285714,6.155801104972376,12,2,50,0.5,0.5,0.5,genetic,genetic,genetic,0.05,10
710,895,895,0.49907828446278946,0.5086300207071053,0.49974006445613095,6.488732394366197,6.356424581005586,6.5206703910614525,13,2,50,0.5,0.5,0.5,genetic,genetic,genetic,0.05,10
707,880,913,0.49735868279952034,0.5108545438084252,0.49896104759688764,6.5502121640735504,6.590909090909091,6.700985761226725,14,2,50,0.5,0.5,0.5,genetic,genetic,genetic,0.05,10
723,867,910,0.49587965526684824,0.5128197249100286,0.4989664233997031,6.625172890733057,6.898500576701268,6.972527472527473,15,2,50,0.5,0.5,0.5,genetic,genetic,genetic,0.05,10
720,848,932,0.49463021638885457,0.5128567649584828,0.498075026658002,6.6097222222222225,7.063679245283019,7.111587982832618,16,2,50,0.5,0.5,0.5,genetic,genetic,genetic,0.05,10
731,836,933,0.49587764569829124,0.5140758006651198,0.4982720283334213,6.727770177838577,7.22488038277512,7.311897106109325,17,2,50,0.5,0.5,0.5,genetic,genetic,genetic,0.05,10
776,819,905,0.4957439690429638,0.5118409850840798,0.4984798059428755,6.621134020618556,7.598290598290598,7.516022099447514,18,2,50,0.5,0.5,0.5,genetic,genetic,genetic,0.05,10
781,800,919,0.49468429838446965,0.5116353669484589,0.4990184981247694,6.798975672215109,7.9425,7.683351468988031,19,2,50,0.5,0.5,0.5,genetic,genetic,genetic,0.05,10
809,786,905,0.49352915429616906,0.5113245329081836,0.49943605680231623,6.955500618046972,8.166666666666666,7.98232044198895,20,2,50,0.5,0.5,0.5,genetic,genetic,genetic,0.05,10
825,769,906,0.4944133847696898,0.5107082486117687,0.5007931387422897,6.9806060606060605,8.258777633289988,8.073951434878587,21,2,50,0.5,0.5,0.5,genetic,genetic,genetic,0.05,10
848,736,916,0.49404841955886014,0.5122073785397004,0.5023213021220959,7.194575471698113,8.277173913043478,8.020742358078603,22,2,50,0.5,0.5,0.5,genetic,genetic,genetic,0.05,10
855,729,916,0.49559079457608424,0.5117169640432547,0.5022283842707959,7.436257309941521,8.201646090534979,8.140829694323145,23,2,50,0.5,0.5,0.5,genetic,genetic,genetic,0.05,10
850,726,924,0.4952407176696761,0.5107879678382635,0.5028978500792892,7.5058823529411764,7.898071625344353,8.113636363636363,24,2,50,0.5,0.5,0.5,genetic,genetic,genetic,0.05,10
855,729,916,0.49615367940510074,0.509724337191468,0.5026606923194613,7.584795321637427,7.8559670781893,8.16703056768559,25,2,50,0.5,0.5,0.5,genetic,genetic,genetic,0.05,10
877,720,903,0.49634574144496046,0.5116983992545275,0.5047412905717042,7.592930444697833,7.840277777777778,8.215946843853821,26,2,50,0.5,0.5,0.5,genetic,genetic,genetic,0.05,10
883,735,882,0.496689920658015,0.5104903783099556,0.5066083757411446,7.648924122310306,7.893877551020408,8.356009070294785,27,2,50,0.5,0.5,0.5,genetic,genetic,genetic,0.05,10
880,724,896,0.49790712358380645,0.5110373780078407,0.5065221139683589,7.6693181818181815,7.754143646408839,8.294642857142858,28,2,50,0.5,0.5,0.5,genetic,genetic,genetic,0.05,10
879,727,894,0.4980761974232791,0.5096230346898396,0.5072012848470261,7.805460750853243,7.64786795048143,8.371364653243848,29,2,50,0.5,0.5,0.5,genetic,genetic,genetic,0.05,10
877,729,894,0.49680921978348513,0.5117661656344366,0.5074219712247114,7.832383124287343,7.500685871056241,8.412751677852349,30,2,50,0.5,0.5,0.5,genetic,genetic,genetic,0.05,10
897,735,868,0.49584018163161464,0.5127320040424637,0.5068346390385248,7.827201783723523,7.519727891156463,8.503456221198157,31,2,50,0.5,0.5,0.5,genetic,genetic,genetic,0.05,10
881,741,878,0.4958528442891884,0.5114178289705406,0.506849270209573,8.063564131668558,7.425101214574899,8.545558086560364,32,2,50,0.5,0.5,0.5,genetic,genetic,genetic,0.05,10
869,753,878,0.4956868338083352,0.5113701985796162,0.5057613537095789,8.205983889528193,7.385126162018592,8.533029612756264,33,2,50,0.5,0.5,0.5,genetic,genetic,genetic,0.05,10
893,761,846,0.4960804783704095,0.5118685115011873,0.5056574681120961,8.032474804031356,7.434954007884363,8.542553191489361,34,2,50,0.5,0.5,0.5,genetic,genetic,genetic,0.05,10
884,791,825,0.49512961816441636,0.5103675366080751,0.5078835528195232,7.958144796380091,7.376738305941846,8.69939393939394,35,2,50,0.5,0.5,0.5,genetic,genetic,genetic,0.05,10
892,804,804,0.49513932544477923,0.5100936360923225,0.5068626746416502,7.8408071748878925,7.569651741293533,8.84452736318408,36,2,50,0.5,0.5,0.5,genetic,genetic,genetic,0.05,10
916,786,798,0.49538910211153603,0.5084652066960321,0.5063598335356571,7.913755458515284,7.745547073791348,8.824561403508772,37,2,50,0.5,0.5,0.5,genetic,genetic,genetic,0.05,10
945,784,771,0.4951994002747028,0.5102713755661873,0.5058499687336016,7.830687830687831,7.845663265306122,8.809338521400779,38,2,50,0.5,0.5,0.5,genetic,genetic,genetic,0.05,10
965,791,744,0.49558776559479706,0.5095145645269609,0.5054983123069328,7.882901554404145,7.996207332490519,8.654569892473118,39,2,50,0.5,0.5,0.5,genetic,genetic,genetic,0.05,10
982,793,725,0.49534408074508396,0.5100304069783957,0.5057751535931563,7.879837067209776,8.064312736443885,8.471724137931034,40,2,50,0.5,0.5,0.5,genetic,genetic,genetic,0.05,10
985,781,734,0.49662353065114856,0.5106571447017777,0.5062445467976036,8.085279187817259,8.280409731113956,8.2574931880109,41,2,50,0.5,0.5,0.5,genetic,genetic,genetic,0.05,10
998,757,745,0.4976819811078076,0.510582266178571,0.506934616496474,8.245490981963927,8.445178335535006,7.99731543624161,42,2,50,0.5,0.5,0.5,genetic,genetic,genetic,0.05,10
1022,766,712,0.49960674722933296,0.5110519462900893,0.5073868734546636,8.402152641878669,8.411227154046998,7.939606741573034,43,2,50,0.5,0.5,0.5,genetic,genetic,genetic,0.05,10
1016,782,702,0.5020109872330144,0.5115755664046094,0.506901074266905,8.450787401574804,8.33375959079284,7.72934472934473,44,2,50,0.5,0.5,0.5,genetic,genetic,genetic,0.05,10
1027,775,698,0.5025025072852863,0.5114570140219373,0.506922152111114,8.740993184031158,8.418064516129032,7.467048710601719,45,2,50,0.5,0.5,0.5,genetic,genetic,genetic,0.05,10
993,783,724,0.5025546447226084,0.5112636029442097,0.5077326141582404,9.057401812688822,8.29757343550447,7.379834254143646,46,2,50,0.5,0.5,0.5,genetic,genetic,genetic,0.05,10
977,782,741,0.503875721497198,0.5096665297684513,0.5080351307591865,9.329580348004095,8.32992327365729,7.410256410256411,47,2,50,0.5,0.5,0.5,genetic,genetic,genetic,0.05,10
975,782,743,0.5021115661350515,0.5098289854643178,0.5106454641905261,9.477948717948719,8.297953964194374,7.430686406460296,48,2,50,0.5,0.5,0.5,genetic,genetic,genetic,0.05,10
961,805,734,0.5033155153132716,0.5082893139658555,0.5117298685996176,9.625390218522373,8.208695652173914,7.532697547683924,49,2,50,0.5,0.5,0.5,genetic,genetic,genetic,0.05,10
954,819,727,0.5029835738312041,0.5098749802764254,0.5115747273302488,9.724318658280922,8.122100122100122,7.5612104539202205,50,2,50,0.5,0.5,0.5,genetic,genetic,genetic,0.05,10
963,802,735,0.5036143826381138,0.5096276928489009,0.5150436024212338,9.90134994807892,8.25561097256858,7.525170068027211,51,2,50,0.5,0.5,0.5,genetic,genetic,genetic,0.05,10
940,826,734,0.5024348654714207,0.5095199195433425,0.5138093007074908,9.992553191489362,8.220338983050848,7.674386920980926,52,2,50,0.5,0.5,0.5,genetic,genetic,genetic,0.05,10
916,849,735,0.5026744095298283,0.5099075292864254,0.515838744533668,10.22707423580786,8.196702002355712,7.806802721088435,53,2,50,0.5,0.5,0.5,genetic,genetic,genetic,0.05,10
893,859,748,0.5010976476319237,0.5102695173090478,0.5139691006795137,10.334826427771556,8.142025611175786,7.931818181818182,54,2,50,0.5,0.5,0.5,genetic,genetic,genetic,0.05,10
857,877,766,0.5004053016681554,0.510502713486398,0.515380302635526,10.38973162193699,7.868871151653364,7.964751958224543,55,2,50,0.5,0.5,0.5,genetic,genetic,genetic,0.05,10
824,895,781,0.4983774338109789,0.5126540502989886,0.5139659963142611,10.162621359223301,7.804469273743017,8.111395646606914,56,2,50,0.5,0.5,0.5,genetic,genetic,genetic,0.05,10
795,934,771,0.4972705381006664,0.5132378615149286,0.513181410978534,9.781132075471698,7.749464668094219,8.368352788586252,57,2,50,0.5,0.5,0.5,genetic,genetic,genetic,0.05,10
759,972,769,0.49677601593502335,0.513736943927949,0.5129942842350464,9.47167325428195,7.8559670781893,8.47074122236671,58,2,50,0.5,0.5,0.5,genetic,genetic,genetic,0.05,10
742,1003,755,0.49555190589329723,0.5131206263901155,0.5132222647888132,9.039083557951482,8.032901296111666,8.643708609271522,59,2,50,0.5,0.5,0.5,genetic,genetic,genetic,0.05,10
724,1002,774,0.4961419232181269,0.5135375663019413,0.5127782930765866,9.099447513812155,8.284431137724551,8.666666666666666,60,2,50,0.5,0.5,0.5,genetic,genetic,genetic,0.05,10
711,994,795,0.49615641837884467,0.5126045958074879,0.5112331699663875,8.959212376933896,8.511066398390343,8.652830188679244,61,2,50,0.5,0.5,0.5,genetic,genetic,genetic,0.05,10
717,976,807,0.4954888161363555,0.5122787542674619,0.5126615920028588,8.747559274755927,8.718237704918034,8.485749690210657,62,2,50,0.5,0.5,0.5,genetic,genetic,genetic,0.05,10
717,955,828,0.4948880639358883,0.5117212932276316,0.5118188084542032,8.822873082287309,9.072251308900524,8.704106280193237,63,2,50,0.5,0.5,0.5,genetic,genetic,genetic,0.05,10
700,945,855,0.49603996404006334,0.5127581811367689,0.5099972633648725,8.787142857142857,9.103703703703705,8.657309941520468,64,2,50,0.5,0.5,0.5,genetic,genetic,genetic,0.05,10
692,936,872,0.4989931665675025,0.515283976566383,0.5086561415160823,8.796242774566474,9.258547008547009,8.639908256880734,65,2,50,0.5,0.5,0.5,genetic,genetic,genetic,0.05,10
679,925,896,0.4991366044585782,0.5147257853801076,0.5090032114324651,8.673048600883652,9.245405405405405,8.620535714285714,66,2,50,0.5,0.5,0.5,genetic,genetic,genetic,0.05,10
647,919,934,0.4991957423482264,0.5141767130198955,0.5097474780743484,8.751159196290573,9.182807399347116,8.654175588865096,67,2,50,0.5,0.5,0.5,genetic,genetic,genetic,0.05,10
632,894,974,0.5004635948414664,0.5139295670484961,0.5113938164101721,8.610759493670885,9.332214765100671,8.493839835728952,68,2,50,0.5,0.5,0.5,genetic,genetic,genetic,0.05,10
631,864,1005,0.5007293244496172,0.5133676501114274,0.51058403590322,8.48811410459588,9.51736111111111,8.569154228855721,69,2,50,0.5,0.5,0.5,genetic,genetic,genetic,0.05,10
631,829,1040,0.5001836656320735,0.512588673707692,0.5101608361601566,8.335974643423137,9.613992762364294,8.533653846153847,70,2,50,0.5,0.5,0.5,genetic,genetic,genetic,0.05,10
643,814,1043,0.5011431556043044,0.514322842968492,0.5084988004842392,7.878693623639191,9.42997542997543,8.566634707574305,71,2,50,0.5,0.5,0.5,genetic,genetic,genetic,0.05,10
649,778,1073,0.4993438852903511,0.5137558992770916,0.5086074166639711,8.061633281972265,9.498714652956298,8.715750232991612,72,2,50,0.5,0.5,0.5,genetic,genetic,genetic,0.05,10
668,747,1085,0.49999395165958715,0.5159428020298709,0.5091187931435397,7.815868263473054,9.485943775100402,8.63594470046083,73,2,50,0.5,0.5,0.5,genetic,genetic,genetic,0.05,10
699,699,1102,0.5000097876485456,0.516064899387078,0.5101090044824308,7.7224606580829755,9.742489270386265,8.784029038112523,74,2,50,0.5,0.5,0.5,genetic,genetic,genetic,0.05,10
743,660,1097,0.5023603701630247,0.5150086346022736,0.5102729854285962,7.553162853297443,9.886363636363637,8.774840474020055,75,2,50,0.5,0.5,0.5,genetic,genetic,genetic,0.05,10
772,632,1096,0.5008426058007996,0.5147479066216597,0.5107272591597658,7.569948186528498,9.681962025316455,8.85948905109489,76,2,50,0.5,0.5,0.5,genetic,genetic,genetic,0.05,10
823,616,1061,0.5012005210293452,0.5135686809067668,0.5097346431243476,7.393681652490887,9.592532467532468,9.170593779453347,77,2,50,0.5,0.5,0.5,genetic,genetic,genetic,0.05,10
844,622,1034,0.5024557772321143,0.516566403519569,0.5105517957811428,7.412322274881516,9.17524115755627,9.271760154738878,78,2,50,0.5,0.5,0.5,genetic,genetic,genetic,0.05,10
864,614,1022,0.502567319936179,0.5167187759025862,0.510529197451011,7.640046296296297,9.091205211726384,9.552837573385519,79,2,50,0.5,0.5,0.5,genetic,genetic,genetic,0.05,10
884,649,967,0.5039036279497894,0.5153387257682936,0.5101655488534254,7.53393665158371,8.728813559322035,9.957600827300931,80,2,50,0.5,0.5,0.5,genetic,genetic,genetic,0.05,10
896,658,946,0.5026171703291685,0.5129975436852348,0.5100497775853738,7.6796875,8.389057750759878,10.238900634249472,81,2,50,0.5,0.5,0.5,genetic,genetic,genetic,0.05,10
921,660,919,0.5015705961931003,0.5129916867740362,0.5075463312645654,7.883821932681868,8.25,10.344940152339499,82,2,50,0.5,0.5,0.5,genetic,genetic,genetic,0.05,10
947,662,891,0.5022563710296686,0.5106128688461439,0.5079241713055274,7.896515311510032,8.114803625377643,10.429854096520764,83,2,50,0.5,0.5,0.5,genetic,genetic,genetic,0.05,10
967,675,858,0.5014408138167971,0.511445780467675,0.5071785473504833,8.031023784901757,8.094814814814814,10.58041958041958,84,2,50,0.5,0.5,0.5,genetic,genetic,genetic,0.05,10
977,674,849,0.501816606263022,0.5119070617715514,0.5069765011649956,8.248720573183213,7.971810089020772,10.506478209658422,85,2,50,0.5,0.5,0.5,genetic,genetic,genetic,0.05,10
987,673,840,0.5010580633307998,0.5119591692518198,0.5068706556773884,8.414387031408308,7.904903417533433,10.628571428571428,86,2,50,0.5,0.5,0.5,genetic,genetic,genetic,0.05,10
1021,682,797,0.49987046700279947,0.5132800117566321,0.5064943579668264,8.416258570029383,8.051319648093841,10.755332496863238,87,2,50,0.5,0.5,0.5,genetic,genetic,genetic,0.05,10
1038,672,790,0.500261714553325,0.5144174746490691,0.5078908036997202,8.597302504816955,8.086309523809524,10.364556962025317,88,2,50,0.5,0.5,0.5,genetic,genetic,genetic,0.05,10
1068,673,759,0.5012322222305245,0.5131118027502705,0.508115654276053,8.615168539325843,8.182763744427934,10.138339920948617,89,2,50,0.5,0.5,0.5,genetic,genetic,genetic,0.05,10
1064,695,741,0.5011398763219465,0.5137368543655975,0.5100463751201563,8.753759398496241,7.853237410071943,9.887989203778677,90,2,50,0.5,0.5,0.5,genetic,genetic,genetic,0.05,10
1093,708,699,0.5015493617850457,0.513979792041152,0.5096837226422457,8.865507776761207,7.913841807909605,9.783977110157368,91,2,50,0.5,0.5,0.5,genetic,genetic,genetic,0.05,10
1104,700,696,0.5013253337596482,0.5148836802655896,0.5081730756755842,9.106884057971014,8.022857142857143,9.35344827586207,92,2,50,0.5,0.5,0.5,genetic,genetic,genetic,0.05,10
1114,702,684,0.49968588109360773,0.5155931066610663,0.5127414676826069,9.433572710951527,8.064102564102564,8.907894736842104,93,2,50,0.5,0.5,0.5,genetic,genetic,genetic,0.05,10
1111,718,671,0.5004972129526806,0.5166577905079943,0.513094437435288,9.647164716471647,7.96100278551532,8.794336810730254,94,2,50,0.5,0.5,0.5,genetic,genetic,genetic,0.05,10
1091,747,662,0.5009366966968508,0.5146416515999434,0.5138077721277271,9.829514207149405,7.7724230254350735,8.574018126888218,95,2,50,0.5,0.5,0.5,genetic,genetic,genetic,0.05,10
1063,767,670,0.5011718583860186,0.5148539501977286,0.5162931456730379,10.172154280338663,7.544980443285528,8.214925373134328,96,2,50,0.5,0.5,0.5,genetic,genetic,genetic,0.05,10
1036,780,684,0.4991068004818431,0.5151539102948497,0.5150053151348336,10.582046332046332,7.466666666666667,8.014619883040936,97,2,50,0.5,0.5,0.5,genetic,genetic,genetic,0.05,10
1022,778,700,0.49974638036913155,0.5149824138496637,0.5165680113500235,10.937377690802348,7.39974293059126,7.9157142857142855,98,2,50,0.5,0.5,0.5,genetic,genetic,genetic,0.05,10
1000,798,702,0.49936489094194825,0.5126927675731403,0.5180349338344924,10.989,7.18796992481203,7.676638176638177,99,2,50,0.5,0.5,0.5,genetic,genetic,genetic,0.05,10
972,824,704,0.500539327726526,0.5122890731775394,0.519236134033232,11.27366255144033,7.16747572815534,7.714488636363637,100,2,50,0.5,0.5,0.5,genetic,genetic,genetic,0.05,10
928,885,687,0.5014825288802109,0.5118168729191831,0.5186694696926919,11.372844827586206,7.048587570621469,7.9825327510917035,101,2,50,0.5,0.5,0.5,genetic,genetic,genetic,0.05,10
884,912,704,0.5007218512648013,0.5112012434816594,0.517659586179541,11.5079185520362,7.036184210526316,8.227272727272727,102,2,50,0.5,0.5,0.5,genetic,genetic,genetic,0.05,10
844,946,710,0.5000100170060964,0.509853520411038,0.5164265418330465,11.327014218009479,7.08245243128964,8.073239436619719,103,2,50,0.5,0.5,0.5,genetic,genetic,genetic,0.05,10
829,952,719,0.5018043339482186,0.509088956091002,0.5164996929217894,10.974668275030156,7.323529411764706,7.968011126564673,104,2,50,0.5,0.5,0.5,genetic,genetic,genetic,0.05,10
805,981,714,0.5039549631747746,0.5086462357334394,0.5166429762089736,10.542857142857143,7.531090723751274,7.96218487394958,105,2,50,0.5,0.5,0.5,genetic,genetic,genetic,0.05,10
762,984,754,0.5043876815282569,0.5086718621245103,0.5169742839890911,10.291338582677165,7.655487804878049,7.915119363395226,106,2,50,0.5,0.5,0.5,genetic,genetic,genetic,0.05,10
764,990,746,0.5055703948628321,0.5093018016230526,0.5179118591648985,9.785340314136125,7.9222222222222225,7.82171581769437,107,2,50,0.5,0.5,0.5,genetic,genetic,genetic,0.05,10
757,977,766,0.5068972630826551,0.5104172605181503,0.5174900517051688,9.585204755614267,8.175025588536336,7.6592689295039165,108,2,50,0.5,0.5,0.5,genetic,genetic,genetic,0.05,10
753,985,762,0.5083402531471635,0.5100661599616282,0.517031834576538,8.98539176626826,8.427411167512691,7.797900262467191,109,2,50,0.5,0.5,0.5,genetic,genetic,genetic,0.05,10
735,968,797,0.5100718907237393,0.510358296024919,0.5180591415163363,8.861224489795918,8.585743801652892,7.607277289836889,110,2,50,0.5,0.5,0.5,genetic,genetic,genetic,0.05,10
725,978,797,0.5123435179128518,0.5105032293157149,0.5185402706192836,8.495172413793103,8.685071574642127,7.634880803011292,111,2,50,0.5,0.5,0.5,genetic,genetic,genetic,0.05,10
735,952,813,0.5128398427192687,0.5112663157436974,0.5203490928734812,8.352380952380953,9.038865546218487,7.5264452644526445,112,2,50,0.5,0.5,0.5,genetic,genetic,genetic,0.05,10
736,939,825,0.5143361663244098,0.5122266473882235,0.5211109510596935,8.152173913043478,9.184238551650692,7.551515151515152,113,2,50,0.5,0.5,0.5,genetic,genetic,genetic,0.05,10
712,938,850,0.5167617739103129,0.5139462698816241,0.5205546960338497,8.235955056179776,9.31449893390192,7.575294117647059,114,2,50,0.5,0.5,0.5,genetic,genetic,genetic,0.05,10
705,895,900,0.5174138867302964,0.512210060546478,0.5225448419611406,8.309219858156029,9.459217877094972,7.351111111111111,115,2,50,0.5,0.5,0.5,genetic,genetic,genetic,0.05,10
703,862,935,0.5204462137098351,0.512846231107423,0.5226910652691291,8.322901849217638,9.56032482598608,7.352941176470588,116,2,50,0.5,0.5,0.5,genetic,genetic,genetic,0.05,10
709,820,971,0.5201758924648633,0.5116130701891786,0.5244879088168879,8.404795486600847,9.45609756097561,7.45211122554068,117,2,50,0.5,0.5,0.5,genetic,genetic,genetic,0.05,10
715,796,989,0.5198710600786939,0.5092705644427369,0.5242664775633652,8.437762237762238,9.50251256281407,7.60262891809909,118,2,50,0.5,0.5,0.5,genetic,genetic,genetic,0.05,10
702,778,1020,0.522117086352786,0.5101536658066727,0.525143285760668,8.632478632478632,9.525706940874036,7.776470588235294,119,2,50,0.5,0.5,0.5,genetic,genetic,genetic,0.05,10
724,751,1025,0.5203947500757675,0.5117006836215814,0.5261276515261776,8.662983425414364,9.326231691078561,7.859512195121951,120,2,50,0.5,0.5,0.5,genetic,genetic,genetic,0.05,10
707,751,1042,0.5202775487080796,0.511819696298717,0.5261274586489358,8.676096181046676,9.163781624500666,8.164107485604607,121,2,50,0.5,0.5,0.5,genetic,genetic,genetic,0.05,10
744,687,1069,0.5187258411471107,0.5142304352397296,0.5282867731482495,8.443548387096774,9.139737991266376,8.150608044901777,122,2,50,0.5,0.5,0.5,genetic,genetic,genetic,0.05,10
762,670,1068,0.51764201036514,0.5138486731815057,0.5276699653659442,8.465879265091864,8.865671641791044,8.372659176029963,123,2,50,0.5,0.5,0.5,genetic,genetic,genetic,0.05,10
770,654,1076,0.5181578512320827,0.5140801013843074,0.5283144337800885,8.385714285714286,8.613149847094801,8.611524163568774,124,2,50,0.5,0.5,0.5,genetic,genetic,genetic,0.05,10
782,668,1050,0.5191380482321128,0.5149595125026036,0.529467347374203,8.231457800511508,8.389221556886227,8.926666666666666,125,2,50,0.5,0.5,0.5,genetic,genetic,genetic,0.05,10
784,663,1053,0.5200609133103945,0.5131250283946402,0.5298509238881862,8.099489795918368,8.081447963800905,9.150047483380817,126,2,50,0.5,0.5,0.5,genetic,genetic,genetic,0.05,10
822,665,1013,0.5223800699928683,0.5104178390147,0.5306890573729337,7.976885644768856,7.909774436090226,9.547877591312933,127,2,50,0.5,0.5,0.5,genetic,genetic,genetic,0.05,10
871,660,969,0.5218300638548908,0.507341764520286,0.5301911571440372,7.871412169919632,7.934848484848485,9.618163054695563,128,2,50,0.5,0.5,0.5,genetic,genetic,genetic,0.05,10
902,658,940,0.5216428856317707,0.508336123211777,0.5298920890310135,7.899113082039912,7.939209726443769,9.662765957446808,129,2,50,0.5,0.5,0.5,genetic,genetic,genetic,0.05,10
948,672,880,0.5209478034994767,0.507699712763557,0.5297471670752911,7.668776371308017,7.900297619047619,9.831818181818182,130,2,50,0.5,0.5,0.5,genetic,genetic,genetic,0.05,10
981,667,852,0.5207713746325847,0.5052747548793676,0.5293836355548032,7.779816513761468,7.886056971514243,9.907276995305164,131,2,50,0.5,0.5,0.5,genetic,genetic,genetic,0.05,10
1010,677,813,0.5198683692863401,0.50496104718482,0.52731344835677,7.673267326732673,7.685376661742984,9.927429274292743,132,2,50,0.5,0.5,0.5,genetic,genetic,genetic,0.05,10
1052,677,771,0.5186527003231707,0.5046977689874316,0.52719689043259,7.758555133079848,7.840472673559823,9.894941634241246,133,2,50,0.5,0.5,0.5,genetic,genetic,genetic,0.05,10
1054,683,763,0.5169225194111049,0.5039600688704882,0.5279134175794847,8.000948766603415,7.689604685212299,9.60943643512451,134,2,50,0.5,0.5,0.5,genetic,genetic,genetic,0.05,10
1083,704,713,0.5155006891014368,0.5009484285948353,0.5295805061634329,8.07848568790397,7.599431818181818,9.631136044880785,135,2,50,0.5,0.5,0.5,genetic,genetic,genetic,0.05,10
1085,741,674,0.514605151667199,0.4993925175853563,0.5300609493982937,8.271889400921658,7.631578947368421,9.770029673590505,136,2,50,0.5,0.5,0.5,genetic,genetic,genetic,0.05,10
1067,754,679,0.5142451671173345,0.49944325251943517,0.5316372113492513,8.563261480787254,7.505305039787799,9.637702503681885,137,2,50,0.5,0.5,0.5,genetic,genetic,genetic,0.05,10
1079,773,648,0.5145267117769965,0.4981057155383491,0.5340952534249056,8.75625579240037,7.670116429495472,9.498456790123457,138,2,50,0.5,0.5,0.5,genetic,genetic,genetic,0.05,10
1082,807,611,0.5136320066500678,0.4977323918985214,0.5333938860812,8.836414048059149,7.743494423791821,9.170212765957446,139,2,50,0.5,0.5,0.5,genetic,genetic,genetic,0.05,10
1068,833,599,0.5133601880034511,0.4981916520637388,0.5346217616322876,9.162921348314606,7.881152460984394,9.001669449081803,140,2,50,0.5,0.5,0.5,genetic,genetic,genetic,0.05,10
1058,842,600,0.5116660310732897,0.4976928476282021,0.5340592610985851,9.406427221172022,7.995249406175772,8.618333333333334,141,2,50,0.5,0.5,0.5,genetic,genetic,genetic,0.05,10
1045,859,596,0.5109293777429238,0.4969238728431455,0.5324486890590168,9.77224880382775,8.159487776484283,8.521812080536913,142,2,50,0.5,0.5,0.5,genetic,genetic,genetic,0.05,10
1033,875,592,0.5116951824582802,0.49756681626362653,0.5307186000088854,9.9351403678606,8.326857142857143,8.35135135135135,143,2,50,0.5,0.5,0.5,genetic,genetic,genetic,0.05,10
1009,905,586,0.5124865246300402,0.49661116619536566,0.5287754125775992,10.159563924677899,8.230939226519338,8.25938566552901,144,2,50,0.5,0.5,0.5,genetic,genetic,genetic,0.05,10
998,917,585,0.5133553810170349,0.4965208670595378,0.5284319003834737,10.389779559118237,8.452562704471102,8.03076923076923,145,2,50,0.5,0.5,0.5,genetic,genetic,genetic,0.05,10
980,937,583,0.5149438231110326,0.49820713600557603,0.5287495638702401,10.66530612244898,8.515474919957311,7.909090909090909,146,2,50,0.5,0.5,0.5,genetic,genetic,genetic,0.05,10
944,975,581,0.5152970197889141,0.498368494239463,0.5268462810137745,10.778601694915254,8.506666666666666,8.005163511187607,147,2,50,0.5,0.5,0.5,genetic,genetic,genetic,0.05,10
919,1010,571,0.5145447551458293,0.49770511140998996,0.5251120488807881,10.917301414581067,8.56138613861386,7.887915936952715,148,2,50,0.5,0.5,0.5,genetic,genetic,genetic,0.05,10
870,1043,587,0.5166919246546253,0.49810377575992826,0.5243570140318671,11.056321839080459,8.439117929050814,7.746166950596252,149,2,50,0.5,0.5,0.5,genetic,genetic,genetic,0.05,10
859,1058,583,0.5178318387968626,0.4994184000819054,0.5248057535475038,11.09662398137369,8.601134215500945,7.483704974271012,150,2,50,0.5,0.5,0.5,genetic,genetic,genetic,0.05,10
830,1066,604,0.518918058954913,0.49870011738896897,0.5276437991395326,11.20722891566265,8.856472795497186,7.375827814569536,151,2,50,0.5,0.5,0.5,genetic,genetic,genetic,0.05,10
769,1082,649,0.5198671958652735,0.4996969906919241,0.5291375305716675,11.321196358907672,8.763401109057302,7.288135593220339,152,2,50,0.5,0.5,0.5,genetic,genetic,genetic,0.05,10
741,1073,686,0.5221292758805617,0.49920064711372236,0.530161572394317,11.267206477732794,8.70829450139795,7.013119533527697,153,2,50,0.5,0.5,0.5,genetic,genetic,genetic,0.05,10
704,1066,730,0.5237225891494114,0.498732382710475,0.5283732313030973,11.075284090909092,8.856472795497186,6.902739726027397,154,2,50,0.5,0.5,0.5,genetic,genetic,genetic,0.05,10
675,1060,765,0.5254519775802059,0.4981696088237737,0.5296382620054398,10.927407407407408,9.065094339622641,7.0169934640522875,155,2,50,0.5,0.5,0.5,genetic,genetic,genetic,0.05,10
667,1037,796,0.5282707115979959,0.4975804874965212,0.5294206952071396,10.793103448275861,9.319189971070395,7.0037688442211055,156,2,50,0.5,0.5,0.5,genetic,genetic,genetic,0.05,10
657,1009,834,0.5304481898540059,0.49762260442292977,0.5293779511310663,10.287671232876713,9.492566897918731,7.046762589928058,157,2,50,0.5,0.5,0.5,genetic,genetic,genetic,0.05,10
643,983,874,0.5331001120885986,0.49991006155769324,0.5303969266351088,10.003110419906687,9.631739572736521,7.060640732265446,158,2,50,0.5,0.5,0.5,genetic,genetic,genetic,0.05,10
635,946,919,0.5342738574214551,0.49952729943710683,0.5313664045109887,9.656692913385827,9.766384778012686,7.140369967355822,159,2,50,0.5,0.5,0.5,genetic,genetic,genetic,0.05,10
621,923,956,0.5343636474396166,0.4973555133609657,0.5334513427133115,9.378421900161031,9.874322860238353,7.47907949790795,160,2,50,0.5,0.5,0.5,genetic,genetic,genetic,0.05,10
607,910,983,0.535074698429149,0.49677977126045453,0.5338370778473248,9.191103789126853,9.918681318681319,7.645981688708036,161,2,50,0.5,0.5,0.5,genetic,genetic,genetic,0.05,10
604,884,1012,0.5362843502649367,0.4967142229088679,0.5357733998789188,9.18046357615894,10.210407239819004,8.00098814229249,162,2,50,0.5,0.5,0.5,genetic,genetic,genetic,0.05,10
608,826,1066,0.5355305312368146,0.4964032519246142,0.5372217100271871,8.922697368421053,10.315980629539952,8.056285178236397,163,2,50,0.5,0.5,0.5,genetic,genetic,genetic,0.05,10
621,787,1092,0.5343927840449896,0.49577848090938537,0.5379380355591581,8.702093397745571,10.433290978398983,8.29029304029304,164,2,50,0.5,0.5,0.5,genetic,genetic,genetic,0.05,10
657,759,1084,0.5333605063957253,0.49473980700234643,0.5399376343551459,8.264840182648403,10.408432147562582,8.568265682656827,165,2,50,0.5,0.5,0.5,genetic,genetic,genetic,0.05,10
700,713,1087,0.5353908440574499,0.49738040378237386,0.5407475200339696,8.07857142857143,10.430575035063114,8.735970561177552,166,2,50,0.5,0.5,0.5,genetic,genetic,genetic,0.05,10
747,692,1061,0.5341828963442414,0.4999184931857206,0.5436104368886133,7.781793842034806,10.22543352601156,8.855796418473139,167,2,50,0.5,0.5,0.5,genetic,genetic,genetic,0.05,10
800,654,1046,0.5347822434692067,0.49892522999046873,0.5451425421438802,7.4575,10.100917431192661,8.999043977055448,168,2,50,0.5,0.5,0.5,genetic,genetic,genetic,0.05,10
836,652,1012,0.5343171359561244,0.49906292933670793,0.5443463249234913,7.241626794258373,9.920245398773005,9.311264822134387,169,2,50,0.5,0.5,0.5,genetic,genetic,genetic,0.05,10
898,643,959,0.5351169456667347,0.49965581540196496,0.5457323178614631,7.0924276169265035,9.698289269051322,9.46089676746611,170,2,50,0.5,0.5,0.5,genetic,genetic,genetic,0.05,10
931,639,930,0.5354533113137344,0.49909687728860685,0.5469620537329882,7.164339419978518,9.593114241001565,9.593548387096774,171,2,50,0.5,0.5,0.5,genetic,genetic,genetic,0.05,10
964,640,896,0.5349520616801428,0.4991422037979688,0.5492282872722068,7.212655601659751,9.375,9.660714285714286,172,2,50,0.5,0.5,0.5,genetic,genetic,genetic,0.05,10
1011,626,863,0.5349734482822461,0.5000146600171329,0.5487937586865292,7.402571711177052,9.30670926517572,9.812282734646582,173,2,50,0.5,0.5,0.5,genetic,genetic,genetic,0.05,10
1031,634,835,0.5352895680952515,0.5031051695260561,0.5502206625409074,7.5780795344325895,8.973186119873818,10.05748502994012,174,2,50,0.5,0.5,0.5,genetic,genetic,genetic,0.05,10
1041,648,811,0.534920718775129,0.5040674416442794,0.5524135232800866,7.837656099903938,8.537037037037036,10.122071516646116,175,2,50,0.5,0.5,0.5,genetic,genetic,genetic,0.05,10
1072,654,774,0.535640839250617,0.5057564179160331,0.5526299398962473,7.989738805970149,8.324159021406729,9.926356589147288,176,2,50,0.5,0.5,0.5,genetic,genetic,genetic,0.05,10
1083,650,767,0.5362972816927578,0.5070665691607507,0.5548209588504733,8.30932594644506,8.244615384615384,9.717079530638852,177,2,50,0.5,0.5,0.5,genetic,genetic,genetic,0.05,10
1083,673,744,0.5356918692542931,0.5080198878736298,0.5532917770637413,8.644506001846722,8.053491827637444,9.779569892473118,178,2,50,0.5,0.5,0.5,genetic,genetic,genetic,0.05,10
1096,688,716,0.5367701770551814,0.5104176587049508,0.553190837947722,8.709854014598541,7.954941860465116,9.641061452513966,179,2,50,0.5,0.5,0.5,genetic,genetic,genetic,0.05,10
1060,733,707,0.5369548016826249,0.513554177637662,0.5550167865784967,9.004716981132075,7.545702592087312,9.612446958981613,180,2,50,0.5,0.5,0.5,genetic,genetic,genetic,0.05,10
1046,750,704,0.5363467387699177,0.516330401649,0.5556498108473724,9.300191204588911,7.501333333333333,9.470170454545455,181,2,50,0.5,0.5,0.5,genetic,genetic,genetic,0.05,10
1031,786,683,0.5373083859728551,0.5153915251252222,0.5566262738979652,9.400581959262851,7.440203562340967,9.53294289897511,182,2,50,0.5,0.5,0.5,genetic,genetic,genetic,0.05,10
999,842,659,0.5366940761427026,0.5152397703133752,0.5575516153078873,9.545545545545545,7.371733966745843,9.514415781487102,183,2,50,0.5,0.5,0.5,genetic,genetic,genetic,0.05,10
982,850,668,0.536737986687696,0.5143906277227991,0.5572031611051116,9.69450101832994,7.556470588235294,9.175149700598803,184,2,50,0.5,0.5,0.5,genetic,genetic,genetic,0.05,10
982,860,658,0.5369954962166135,0.5144331007303193,0.556282236303254,9.689409368635438,7.666279069767442,8.81306990881459,185,2,50,0.5,0.5,0.5,genetic,genetic,genetic,0.05,10
967,881,652,0.5362366865734574,0.5151711880378713,0.5556786563094505,9.807652533609101,7.791146424517594,8.820552147239264,186,2,50,0.5,0.5,0.5,genetic,genetic,genetic,0.05,10
943,905,652,0.5383506510971139,0.5153118515742366,0.5536065977824626,10.031813361611878,7.965745856353591,8.690184049079754,187,2,50,0.5,0.5,0.5,genetic,genetic,genetic,0.05,10
902,939,659,0.5380302206993903,0.5159773394068063,0.5521818279352879,10.141906873614191,8.045793397231098,8.268588770864946,188,2,50,0.5,0.5,0.5,genetic,genetic,genetic,0.05,10
884,950,666,0.5393713693431129,0.5185128327617448,0.5516023432237628,10.125565610859729,8.33263157894737,7.990990990990991,189,2,50,0.5,0.5,0.5,genetic,genetic,genetic,0.05,10
850,963,687,0.5395913530582397,0.5203024118792953,0.5524317400377065,10.25529411764706,8.538940809968848,7.957787481804949,190,2,50,0.5,0.5,0.5,genetic,genetic,genetic,0.05,10
822,969,709,0.5388885471277962,0.5214398605470902,0.5517491868165052,10.273722627737227,8.697626418988648,7.922425952045134,191,2,50,0.5,0.5,0.5,genetic,genetic,genetic,0.05,10
800,998,702,0.5377642570790355,0.5225826517017398,0.5514483678263775,10.14125,8.741482965931864,8.123931623931623,192,2,50,0.5,0.5,0.5,genetic,genetic,genetic,0.05,10
771,993,736,0.5386758024885522,0.5218288937010672,0.5500621303034999,10.17639429312581,8.847935548841892,7.955163043478261,193,2,50,0.5,0.5,0.5,genetic,genetic,genetic,0.05,10
731,1007,762,0.537989140518612,0.5225644386347487,0.5488689897391607,10.235294117647058,8.803376365441906,7.934383202099737,194,2,50,0.5,0.5,0.5,genetic,genetic,genetic,0.05,10
712,1003,785,0.5382292696692327,0.5226161126408522,0.5491199137884673,10.150280898876405,8.877367896311068,7.921019108280254,195,2,50,0.5,0.5,0.5,genetic,genetic,genetic,0.05,10
685,1017,798,0.5387038824470887,0.5224527517723572,0.5485003081778664,9.85985401459854,8.907571288102261,8.088972431077694,196,2,50,0.5,0.5,0.5,genetic,genetic,genetic,0.05,10
665,1009,826,0.5380847467723437,0.5214420295879196,0.5479013558594859,9.598496240601504,8.87611496531219,8.119854721549636,197,2,50,0.5,0.5,0.5,genetic,genetic,genetic,0.05,10
635,1019,846,0.5388965177836498,0.5217328060194332,0.5479325410938124,9.143307086614174,8.874386653581944,8.27659574468085,198,2,50,0.5,0.5,0.5,genetic,genetic,genetic,0.05,10
626,994,880,0.5380068014757214,0.5222895175568365,0.5471603112041318,8.808306709265176,8.860160965794769,8.110227272727272,199,2,50,0.5,0.5,0.5,genetic,genetic,genetic,0.05,10
638,970,892,0.5390292472128361,0.5221098680667063,0.5461948814819058,8.18025078369906,8.972164948453608,8.058295964125561,200,2,50,0.5,0.5,0.5,genetic,genetic,genetic,0.05,10
652,951,897,0.5403013758592832,0.521517081777938,0.5487379004478713,7.923312883435583,9.188222923238696,8.049052396878484,201,2,50,0.5,0.5,0.5,genetic,genetic,genetic,0.05,10
653,927,920,0.5403732729416885,0.5210452655593765,0.5500234351453263,7.5895865237366005,9.29665587918015,7.96304347826087,202,2,50,0.5,0.5,0.5,genetic,genetic,genetic,0.05,10
682,896,922,0.5378483021208218,0.521274223925477,0.5509838898126793,7.338709677419355,9.455357142857142,7.933839479392625,203,2,50,0.5,0.5,0.5,genetic,genetic,genetic,0.05,10
706,850,944,0.5382577529773666,0.520944055604364,0.550765879208251,7.446175637393767,9.751764705882353,7.8951271186440675,204,2,50,0.5,0.5,0.5,genetic,genetic,genetic,0.05,10
724,806,970,0.5363886474792492,0.521029960959995,0.5519239105092367,7.443370165745856,9.616625310173697,7.778350515463917,205,2,50,0.5,0.5,0.5,genetic,genetic,genetic,0.05,10
746,756,998,0.5377835229136387,0.5203623809375589,0.5531751574577826,7.631367292225201,9.744708994708995,7.842685370741483,206,2,50,0.5,0.5,0.5,genetic,genetic,genetic,0.05,10
751,751,998,0.5376669608993275,0.5201247124400191,0.5536494782692294,7.537949400798935,9.58988015978695,8.059118236472946,207,2,50,0.5,0.5,0.5,genetic,genetic,genetic,0.05,10
768,707,1025,0.5367919039489384,0.5213458001709733,0.5546835333634725,7.688802083333333,9.390381895332391,8.099512195121951,208,2,50,0.5,0.5,0.5,genetic,genetic,genetic,0.05,10
784,679,1037,0.5379888572369267,0.5209063929294773,0.5558185938343936,7.864795918367347,9.575846833578792,8.297974927675988,209,2,50,0.5,0.5,0.5,genetic,genetic,genetic,0.05,10
802,666,1032,0.5364505326668181,0.5210429901075581,0.5556772266100508,7.953865336658354,9.357357357357357,8.44186046511628,210,2,50,0.5,0.5,0.5,genetic,genetic,genetic,0.05,10
830,641,1029,0.5362811717259978,0.5249599303373869,0.5542614386117056,8.022891566265061,9.305772230889236,8.623906705539358,211,2,50,0.5,0.5,0.5,genetic,genetic,genetic,0.05,10
860,610,1030,0.5372569952128873,0.5270229039734327,0.5555773843184414,8.151162790697674,9.237704918032787,8.72135922330097,212,2,50,0.5,0.5,0.5,genetic,genetic,genetic,0.05,10
878,593,1029,0.5375327684409906,0.5302366224727807,0.5543430517864719,8.14009111617312,8.883642495784148,8.673469387755102,213,2,50,0.5,0.5,0.5,genetic,genetic,genetic,0.05,10
896,582,1022,0.5369479049440374,0.532252139326705,0.5547581922636443,8.222098214285714,8.383161512027492,8.833659491193737,214,2,50,0.5,0.5,0.5,genetic,genetic,genetic,0.05,10
883,589,1028,0.5366082074091723,0.5363880046105198,0.5553862671905793,8.394110985277463,7.98981324278438,9.03307392996109,215,2,50,0.5,0.5,0.5,genetic,genetic,genetic,0.05,10
900,571,1029,0.5361441554183385,0.5395735616652414,0.5540613286654937,8.588888888888889,7.602451838879159,9.115646258503402,216,2,50,0.5,0.5,0.5,genetic,genetic,genetic,0.05,10
922,559,1019,0.5366381062638522,0.539627647519159,0.5555146645438213,8.748373101952277,7.572450805008945,9.258096172718352,217,2,50,0.5,0.5,0.5,genetic,genetic,genetic,0.05,10
941,560,999,0.5353370784971714,0.543911080455639,0.555600986853549,8.763018065887353,7.557142857142857,9.567567567567568,218,2,50,0.5,0.5,0.5,genetic,genetic,genetic,0.05,10
1001,545,954,0.5349746900385702,0.5433469203895286,0.5557468641211374,8.618381618381619,7.269724770642202,9.657232704402515,219,2,50,0.5,0.5,0.5,genetic,genetic,genetic,0.05,10
1057,532,911,0.5360991205219994,0.540513799397524,0.5561086225430968,8.484389782403028,7.135338345864661,9.735455543358945,220,2,50,0.5,0.5,0.5,genetic,genetic,genetic,0.05,10
1095,524,881,0.5363599322343886,0.5451036225777818,0.5553776849377217,8.518721461187214,6.818702290076335,9.743473325766175,221,2,50,0.5,0.5,0.5,genetic,genetic,genetic,0.05,10
1155,518,827,0.5367876464031248,0.5473173908522145,0.5550295793974178,8.519480519480519,6.864864864864865,9.851269649334945,222,2,50,0.5,0.5,0.5,genetic,genetic,genetic,0.05,10
1203,543,754,0.5365963421722909,0.5465625136118311,0.556934252257913,8.520365752285953,6.7992633517495396,10.088859416445624,223,2,50,0.5,0.5,0.5,genetic,genetic,genetic,0.05,10
1231,564,705,0.5366817634154359,0.5462464495903198,0.55681078844966,8.597075548334688,6.703900709219858,10.113475177304965,224,2,50,0.5,0.5,0.5,genetic,genetic,genetic,0.05,10
1251,581,668,0.5360174061795919,0.5482771882743326,0.5557042059704883,8.784972022382094,6.741824440619621,9.817365269461078,225,2,50,0.5,0.5,0.5,genetic,genetic,genetic,0.05,10
1254,603,643,0.5363067035265452,0.5472845186724037,0.5545075042946329,9.114035087719298,6.651741293532338,9.505443234836703,226,2,50,0.5,0.5,0.5,genetic,genetic,genetic,0.05,10
1222,672,606,0.5361360775728765,0.5433298756525774,0.55511450961382,9.309328968903436,6.322916666666667,9.503300330033003,227,2,50,0.5,0.5,0.5,genetic,genetic,genetic,0.05,10
1233,696,571,0.5367956653422182,0.5409485398592624,0.5557390288521422,9.48499594484996,6.373563218390805,9.001751313485114,228,2,50,0.5,0.5,0.5,genetic,genetic,genetic,0.05,10
1213,745,542,0.5385045742031265,0.5406796492754697,0.5543342006445726,9.734542456718879,6.351677852348994,8.881918819188192,229,2,50,0.5,0.5,0.5,genetic,genetic,genetic,0.05,10
1175,793,532,0.5377814125935148,0.5409415191999928,0.5531261810521537,9.977021276595744,6.414880201765448,8.656015037593985,230,2,50,0.5,0.5,0.5,genetic,genetic,genetic,0.05,10
1129,856,515,0.5360251234724872,0.539488813721369,0.5538048503036405,10.093002657218777,6.447429906542056,8.23883495145631,231,2,50,0.5,0.5,0.5,genetic,genetic,genetic,0.05,10
1111,904,485,0.5363872180246546,0.539970932837867,0.5536688197030684,10.149414941494149,6.621681415929204,7.944329896907217,232,2,50,0.5,0.5,0.5,genetic,genetic,genetic,0.05,10
1037,962,501,0.5359706505096303,0.5388328745943244,0.5549206048118382,10.425265188042431,6.6829521829521825,7.808383233532934,233,2,50,0.5,0.5,0.5,genetic,genetic,genetic,0.05,10
991,1003,506,0.5368274956680983,0.540341432125433,0.5567249155567747,10.561049445005045,6.966101694915254,7.486166007905139,234,2,50,0.5,0.5,0.5,genetic,genetic,genetic,0.05,10
950,1042,508,0.5369960379369301,0.5392087715704934,0.554669386543529,10.767368421052632,7.203454894433781,7.403543307086614,235,2,50,0.5,0.5,0.5,genetic,genetic,genetic,0.05,10
922,1069,509,0.536294218724254,0.53945327921543,0.5571684921006099,10.716919739696312,7.479887745556595,7.019646365422397,236,2,50,0.5,0.5,0.5,genetic,genetic,genetic,0.05,10
891,1102,507,0.5353777690178212,0.5414463152573953,0.5578686646469393,10.698092031425364,7.69600725952813,6.936883629191321,237,2,50,0.5,0.5,0.5,genetic,genetic,genetic,0.05,10
840,1148,512,0.535446599591273,0.5422236576365737,0.5589269238486457,10.632142857142858,7.843205574912892,6.548828125,238,2,50,0.5,0.5,0.5,genetic,genetic,genetic,0.05,10
776,1197,527,0.5340115561542851,0.5418663223925791,0.5596569262688118,10.783505154639176,7.944026733500418,6.550284629981024,239,2,50,0.5,0.5,0.5,genetic,genetic,genetic,0.05,10
709,1230,561,0.5328373890909697,0.5408440541015042,0.5623026818195862,10.898448519040903,8.244715447154471,6.60427807486631,240,2,50,0.5,0.5,0.5,genetic,genetic,genetic,0.05,10
684,1255,561,0.5321553433595273,0.5417809260684422,0.5641443261678525,10.431286549707602,8.453386454183267,6.648841354723707,241,2,50,0.5,0.5,0.5,genetic,genetic,genetic,0.05,10
639,1290,571,0.5305527679164878,0.5432203853715903,0.5660954928280719,10.211267605633802,8.634108527131783,6.774080560420315,242,2,50,0.5,0.5,0.5,genetic,genetic,genetic,0.05,10
601,1278,621,0.530849829985453,0.543351699038285,0.565599556102728,10.13477537437604,8.797339593114241,6.545893719806763,243,2,50,0.5,0.5,0.5,genetic,genetic,genetic,0.05,10
572,1260,668,0.5313466858620453,0.543525807326176,0.56688059432057,9.984265734265735,9.222222222222221,6.505988023952096,244,2,50,0.5,0.5,0.5,genetic,genetic,genetic,0.05,10
555,1227,718,0.5309381700440683,0.5428099753277107,0.5680674371918151,9.432432432432432,9.52322738386308,6.3314763231197775,245,2,50,0.5,0.5,0.5,genetic,genetic,genetic,0.05,10
542,1185,773,0.5284714842940996,0.5425140211919305,0.5693415913641267,8.664206642066421,9.717299578059071,6.120310478654592,246,2,50,0.5,0.5,0.5,genetic,genetic,genetic,0.05,10
543,1130,827,0.5268124751545726,0.5415135031618296,0.5730800404496912,8.370165745856353,10.046017699115044,6.153567110036276,247,2,50,0.5,0.5,0.5,genetic,genetic,genetic,0.05,10
538,1087,875,0.5255585330835763,0.5409266499276641,0.5735031594691488,8.20446096654275,10.26034958601656,6.336,248,2,50,0.5,0.5,0.5,genetic,genetic,genetic,0.05,10
539,1034,927,0.5251261326353154,0.5407714901884432,0.5727744472952134,8.061224489795919,10.43907156673114,6.37108953613808,249,2,50,0.5,0.5,0.5,genetic,genetic,genetic,0.05,10
538,949,1013,0.5257808759555165,0.5431411472128415,0.5741021176377019,8.262081784386616,10.768177028451001,6.445212240868707,250,2,50,0.5,0.5,0.5,genetic,genetic,genetic,0.05,10
564,891,1045,0.5270179382968152,0.5432001042793967,0.5748651037954966,7.914893617021277,10.951739618406284,6.647846889952153,251,2,50,0.5,0.5,0.5,genetic,genetic,genetic,0.05,10
592,832,1076,0.5273161684210361,0.5447499827222428,0.5756613322463748,7.5625,10.96875,6.818773234200743,252,2,50,0.5,0.5,0.5,genetic,genetic,genetic,0.05,10
618,800,1082,0.5301594331229039,0.5468832290206055,0.5759937693662002,7.351132686084142,10.9475,7.081330868761553,253,2,50,0.5,0.5,0.5,genetic,genetic,genetic,0.05,10
639,747,1114,0.5341818801221604,0.5468506722290948,0.5773002574166556,7.021909233176839,10.872824631860777,7.192998204667863,254,2,50,0.5,0.5,0.5,genetic,genetic,genetic,0.05,10
684,681,1135,0.535634181519825,0.5481342127572684,0.5771328234291595,6.926900584795321,10.953010279001468,7.33568281938326,255,2,50,0.5,0.5,0.5,genetic,genetic,genetic,0.05,10
731,638,1131,0.5382150447084355,0.5475281644566238,0.5776590403180323,6.6976744186046515,10.72884012539185,7.5570291777188325,256,2,50,0.5,0.5,0.5,genetic,genetic,genetic,0.05,10
759,599,1142,0.5407646881590029,0.5466464768880137,0.579044719052897,6.678524374176548,10.013355592654424,7.675131348511384,257,2,50,0.5,0.5,0.5,genetic,genetic,genetic,0.05,10
806,546,1148,0.541622806857517,0.5461801245366065,0.5796954629539455,6.7754342431761785,9.972527472527473,7.977351916376307,258,2,50,0.5,0.5,0.5,genetic,genetic,genetic,0.05,10
840,521,1139,0.5438070320250823,0.5460432777855444,0.579511372009318,6.742857142857143,9.253358925143955,8.201053555750658,259,2,50,0.5,0.5,0.5,genetic,genetic,genetic,0.05,10
911,511,1078,0.5442057933657506,0.5457208716429738,0.5807506678666388,6.736553238199781,9.013698630136986,8.582560296846012,260,2,50,0.5,0.5,0.5,genetic,genetic,genetic,0.05,10
952,514,1034,0.544589955190469,0.5447503281495008,0.5794319755112913,6.784663865546219,8.488326848249027,8.911025145067699,261,2,50,0.5,0.5,0.5,genetic,genetic,genetic,0.05,10
999,512,989,0.5473517086496356,0.5480247518284875,0.5804780264400315,6.876876876876877,8.01953125,9.207280080889788,262,2,50,0.5,0.5,0.5,genetic,genetic,genetic,0.05,10
1051,524,925,0.5456832601846773,0.5502897822125373,0.582045804151715,7.0256898192197905,7.778625954198473,9.408648648648649,263,2,50,0.5,0.5,0.5,genetic,genetic,genetic,0.05,10
1098,535,867,0.5460423936554307,0.5502000040514191,0.583160383492402,7.1329690346083785,7.517757009345795,9.690888119953863,264,2,50,0.5,0.5,0.5,genetic,genetic,genetic,0.05,10
1142,543,815,0.5462515654180471,0.5503930457372344,0.582584752366972,7.3476357267950965,7.152854511970534,9.757055214723927,265,2,50,0.5,0.5,0.5,genetic,genetic,genetic,0.05,10
1181,567,752,0.5471761121300593,0.551343182980951,0.5808768141585237,7.5723962743437765,6.911816578483245,9.78058510638298,266,2,50,0.5,0.5,0.5,genetic,genetic,genetic,0.05,10
1196,566,738,0.5469735883637789,0.5509077636120423,0.5807084094528691,8.00752508361204,6.84982332155477,9.792682926829269,267,2,50,0.5,0.5,0.5,genetic,genetic,genetic,0.05,10
1194,607,699,0.5469791105354591,0.5473742407923391,0.5795767166023215,8.241206030150753,6.627677100494234,9.815450643776824,268,2,50,0.5,0.5,0.5,genetic,genetic,genetic,0.05,10
1220,612,668,0.5477082192841124,0.546053289675619,0.5808397324467133,8.51311475409836,6.669934640522876,9.468562874251496,269,2,50,0.5,0.5,0.5,genetic,genetic,genetic,0.05,10
1225,622,653,0.5481604050020217,0.5467215827938772,0.5823810279914591,8.816326530612244,6.745980707395498,9.352220520673812,270,2,50,0.5,0.5,0.5,genetic,genetic,genetic,0.05,10
1203,658,639,0.5484780586454928,0.5451932873425842,0.5819158151629975,9.245220282626766,6.577507598784194,9.327073552425665,271,2,50,0.5,0.5,0.5,genetic,genetic,genetic,0.05,10
1193,680,627,0.5480807004841715,0.5432155312521619,0.581371575074672,9.592623637887678,6.697058823529412,9.27591706539075,272,2,50,0.5,0.5,0.5,genetic,genetic,genetic,0.05,10
1199,681,620,0.5477216013630682,0.5414241895149984,0.5818756195157333,9.841534612176813,6.820851688693098,8.679032258064517,273,2,50,0.5,0.5,0.5,genetic,genetic,genetic,0.05,10
1174,728,598,0.5470935911620547,0.5399105998477449,0.5809565303718616,10.05962521294719,6.885989010989011,8.74581939799331,274,2,50,0.5,0.5,0.5,genetic,genetic,genetic,0.05,10
1136,775,589,0.5469413692161851,0.5404740304661706,0.5823006079552222,10.272007042253522,6.754838709677419,8.553480475382003,275,2,50,0.5,0.5,0.5,genetic,genetic,genetic,0.05,10
1091,808,601,0.5446794606418067,0.5391151994304122,0.583157957461461,10.642529789184234,6.73019801980198,8.374376039933445,276,2,50,0.5,0.5,0.5,genetic,genetic,genetic,0.05,10
1038,849,613,0.5424652932124011,0.5375577053090785,0.5831379174164679,10.821772639691714,6.70906949352179,8.243066884176182,277,2,50,0.5,0.5,0.5,genetic,genetic,genetic,0.05,10
989,889,622,0.5408204032176009,0.5375903671743477,0.5852472995222543,10.977755308392316,6.535433070866142,8.0,278,2,50,0.5,0.5,0.5,genetic,genetic,genetic,0.05,10
941,918,641,0.5409775998292924,0.5393493383082925,0.5875989322713423,11.214665249734326,6.636165577342048,7.876755070202808,279,2,50,0.5,0.5,0.5,genetic,genetic,genetic,0.05,10
918,933,649,0.5414405250601477,0.5416579901868965,0.5875736927746377,11.22004357298475,6.790996784565916,7.887519260400616,280,2,50,0.5,0.5,0.5,genetic,genetic,genetic,0.05,10
893,947,660,0.5404201279307226,0.5413525512471145,0.589345347164575,11.347144456886898,7.076029567053855,7.8121212121212125,281,2,50,0.5,0.5,0.5,genetic,genetic,genetic,0.05,10
862,953,685,0.5401748514867941,0.5407722873188245,0.5893970810951523,11.591647331786543,7.409233997901364,7.915328467153285,282,2,50,0.5,0.5,0.5,genetic,genetic,genetic,0.05,10
851,940,709,0.5402189049235554,0.5410251265327441,0.5920668820898101,11.552291421856639,7.780851063829787,7.812411847672778,283,2,50,0.5,0.5,0.5,genetic,genetic,genetic,0.05,10
843,920,737,0.539328142610512,0.5413420025969756,0.5945405535127903,11.504151838671412,8.154347826086957,7.712347354138399,284,2,50,0.5,0.5,0.5,genetic,genetic,genetic,0.05,10
818,923,759,0.5395469417649715,0.5428918036877675,0.5960934164692703,11.507334963325183,8.213434452871073,7.653491436100132,285,2,50,0.5,0.5,0.5,genetic,genetic,genetic,0.05,10
825,907,768,0.5417161480208681,0.5429543986217171,0.5974019981703956,11.221818181818183,8.512679162072768,7.645833333333333,286,2,50,0.5,0.5,0.5,genetic,genetic,genetic,0.05,10
826,880,794,0.5420044912138642,0.5425592402880316,0.5966939064048548,11.138014527845037,8.728409090909091,7.707808564231738,287,2,50,0.5,0.5,0.5,genetic,genetic,genetic,0.05,10
816,869,815,0.5421886867839287,0.5433659455516455,0.5963358436140268,10.992647058823529,8.924050632911392,7.76319018404908,288,2,50,0.5,0.5,0.5,genetic,genetic,genetic,0.05,10
813,849,838,0.5432799996258086,0.5433538140764427,0.5976956448600151,10.92250922509225,9.15547703180212,7.812649164677804,289,2,50,0.5,0.5,0.5,genetic,genetic,genetic,0.05,10
807,814,879,0.542436756003107,0.5459091423740515,0.5979801507737202,10.789343246592317,9.146191646191646,7.80773606370876,290,2,50,0.5,0.5,0.5,genetic,genetic,genetic,0.05,10
792,829,879,0.5400980729119096,0.5463012319240156,0.5978820729773198,10.06060606060606,8.955367913148372,7.815699658703072,291,2,50,0.5,0.5,0.5,genetic,genetic,genetic,0.05,10
779,817,904,0.5387418926600975,0.5477736878196442,0.5973728572082481,9.632862644415917,8.734394124847002,7.873893805309734,292,2,50,0.5,0.5,0.5,genetic,genetic,genetic,0.05,10
794,796,910,0.5375474349181832,0.5496200001301658,0.5971786534344651,9.222921914357682,8.773869346733669,7.84065934065934,293,2,50,0.5,0.5,0.5,genetic,genetic,genetic,0.05,10
803,788,909,0.5382364171420301,0.5474851116833114,0.5954500712220874,8.748443337484433,8.480964467005077,7.8756875687568755,294,2,50,0.5,0.5,0.5,genetic,genetic,genetic,0.05,10
842,757,901,0.5384540482695032,0.549078769864732,0.5959580443920673,8.446555819477435,8.50330250990753,7.846836847946726,295,2,50,0.5,0.5,0.5,genetic,genetic,genetic,0.05,10
850,733,917,0.5387547024782919,0.5519440212271579,0.5962826068710666,8.271764705882353,8.413369713506139,7.80370774263904,296,2,50,0.5,0.5,0.5,genetic,genetic,genetic,0.05,10
851,733,916,0.538265202286206,0.5550181717207785,0.5948833483316606,8.072855464159812,8.21418826739427,7.929039301310044,297,2,50,0.5,0.5,0.5,genetic,genetic,genetic,0.05,10
889,713,898,0.5406224580998475,0.5562205939661876,0.5940637558236538,7.877390326209224,8.307152875175316,7.858574610244989,298,2,50,0.5,0.5,0.5,genetic,genetic,genetic,0.05,10
898,715,887,0.5405567624171409,0.5571272641088573,0.592153912528223,7.827394209354121,8.23076923076923,7.976324689966178,299,2,50,0.5,0.5,0.5,genetic,genetic,genetic,0.05,10
917,717,866,0.5390229970584195,0.5570339331266992,0.5937773542282918,7.735005452562705,8.241283124128312,8.129330254041571,300,2,50,0.5,0.5,0.5,genetic,genetic,genetic,0.05,10
953,705,842,0.5419307579107326,0.5561438103183215,0.5968464250211435,7.754459601259182,8.12482269503546,8.01543942992874,301,2,50,0.5,0.5,0.5,genetic,genetic,genetic,0.05,10
967,700,833,0.5461669131746021,0.5589040233915342,0.5967917473864364,7.980351602895554,8.128571428571428,8.09483793517407,302,2,50,0.5,0.5,0.5,genetic,genetic,genetic,0.05,10
997,690,813,0.5476532414947682,0.5595825603396627,0.5981121859106128,7.892678034102307,7.976811594202899,7.959409594095941,303,2,50,0.5,0.5,0.5,genetic,genetic,genetic,0.05,10
1013,700,787,0.5487873626105987,0.5626948994996357,0.5985310897300363,8.051332675222113,8.052857142857142,8.100381194409149,304,2,50,0.5,0.5,0.5,genetic,genetic,genetic,0.05,10
1028,684,788,0.5496249467702456,0.5644886985525636,0.5999531783496966,8.321011673151752,7.856725146198831,8.08756345177665,305,2,50,0.5,0.5,0.5,genetic,genetic,genetic,0.05,10
1030,692,778,0.5505686952890685,0.5648946915515475,0.6001742431338851,8.560194174757282,7.728323699421965,8.016709511568124,306,2,50,0.5,0.5,0.5,genetic,genetic,genetic,0.05,10
1038,717,745,0.552905473848981,0.5661913948311679,0.6001606482479183,8.589595375722544,7.601115760111576,8.236241610738254,307,2,50,0.5,0.5,0.5,genetic,genetic,genetic,0.05,10
1054,720,726,0.5527047359191852,0.5672257869079096,0.6005647012382407,8.772296015180265,7.684722222222222,8.24793388429752,308,2,50,0.5,0.5,0.5,genetic,genetic,genetic,0.05,10
1056,744,700,0.5531135419647781,0.5668427250129979,0.6009790166375535,8.914772727272727,7.678763440860215,8.492857142857142,309,2,50,0.5,0.5,0.5,genetic,genetic,genetic,0.05,10
1054,755,691,0.5521264822592887,0.5669641785613077,0.6006210133851524,8.877609108159392,7.464900662251655,8.205499276410999,310,2,50,0.5,0.5,0.5,genetic,genetic,genetic,0.05,10
1043,791,666,0.5532972741763204,0.566489960892912,0.6010520301008904,8.702780441035475,7.326169405815423,8.124624624624625,311,2,50,0.5,0.5,0.5,genetic,genetic,genetic,0.05,10
1035,823,642,0.5533079800331266,0.5679679027763674,0.601436266554436,8.796135265700483,7.35722964763062,8.179127725856699,312,2,50,0.5,0.5,0.5,genetic,genetic,genetic,0.05,10
998,859,643,0.5536453104902438,0.5674495511305493,0.6037028134149202,8.990981963927856,7.278230500582072,8.062208398133748,313,2,50,0.5,0.5,0.5,genetic,genetic,genetic,0.05,10
992,905,603,0.5547804449800965,0.5678628900353174,0.6036426853202304,8.820564516129032,7.285082872928177,7.9436152570480925,314,2,50,0.5,0.5,0.5,genetic,genetic,genetic,0.05,10
959,954,587,0.555681532134551,0.567045965269186,0.603902206261212,8.773722627737227,7.385744234800838,7.904599659284497,315,2,50,0.5,0.5,0.5,genetic,genetic,genetic,0.05,10
916,978,606,0.5565158269971024,0.566415460651421,0.605183079884877,9.075327510917031,7.552147239263804,7.688118811881188,316,2,50,0.5,0.5,0.5,genetic,genetic,genetic,0.05,10
894,1004,602,0.5570162613213936,0.5662691823595827,0.6084269869620123,9.042505592841163,7.642430278884462,7.1827242524916945,317,2,50,0.5,0.5,0.5,genetic,genetic,genetic,0.05,10
858,1033,609,0.5582649808355832,0.5652638823902026,0.6088213933711347,8.913752913752914,7.6737657308809295,6.970443349753695,318,2,50,0.5,0.5,0.5,genetic,genetic,genetic,0.05,10
827,1049,624,0.558516143471847,0.5656690314482106,0.6112827641340459,8.773881499395404,7.860819828408007,6.583333333333333,319,2,50,0.5,0.5,0.5,genetic,genetic,genetic,0.05,10
784,1076,640,0.559110865773198,0.5661243418985185,0.6130900438405016,8.552295918367347,8.077137546468402,6.559375,320,2,50,0.5,0.5,0.5,genetic,genetic,genetic,0.05,10
739,1093,668,0.5589423991832948,0.5663165842017728,0.6127040161754329,8.351826792963465,8.071363220494053,6.347305389221557,321,2,50,0.5,0.5,0.5,genetic,genetic,genetic,0.05,10
710,1078,712,0.5601778650968656,0.5683509953944926,0.6136131701207589,8.425352112676057,8.35064935064935,6.226123595505618,322,2,50,0.5,0.5,0.5,genetic,genetic,genetic,0.05,10
694,1065,741,0.5608158270515313,0.5683438676884476,0.6131375379664672,8.32564841498559,8.592488262910798,6.34412955465587,323,2,50,0.5,0.5,0.5,genetic,genetic,genetic,0.05,10
695,1060,745,0.560685636418406,0.5680412863212561,0.6134109561211374,8.037410071942446,8.797169811320755,6.330201342281879,324,2,50,0.5,0.5,0.5,genetic,genetic,genetic,0.05,10
699,1030,771,0.5599106582136177,0.5682957748185652,0.6160868035885447,7.839771101573676,9.089320388349515,6.246433203631647,325,2,50,0.5,0.5,0.5,genetic,genetic,genetic,0.05,10
686,1027,787,0.5609068287945268,0.5679705571009149,0.6157655937199434,7.771137026239067,9.263875365141187,6.419313850063532,326,2,50,0.5,0.5,0.5,genetic,genetic,genetic,0.05,10
673,1029,798,0.5606095447183169,0.566682989420263,0.616722931524237,7.630014858841011,9.387755102040817,6.602756892230577,327,2,50,0.5,0.5,0.5,genetic,genetic,genetic,0.05,10
690,997,813,0.559591440495872,0.5676314673123285,0.6165875642967221,7.504347826086956,9.623871614844534,6.555965559655596,328,2,50,0.5,0.5,0.5,genetic,genetic,genetic,0.05,10
709,944,847,0.5621713302734321,0.5678636541198475,0.6174492476186271,7.337094499294781,9.650423728813559,6.527744982290437,329,2,50,0.5,0.5,0.5,genetic,genetic,genetic,0.05,10
716,924,860,0.5630244108848305,0.5675766997003688,0.6181819796944126,7.23463687150838,9.556277056277056,6.629069767441861,330,2,50,0.5,0.5,0.5,genetic,genetic,genetic,0.05,10
734,895,871,0.5626155619920893,0.5694093857432825,0.6199030301522065,7.047683923705722,9.548603351955308,6.641791044776119,331,2,50,0.5,0.5,0.5,genetic,genetic,genetic,0.05,10
764,884,852,0.5641204087251309,0.5710130083366904,0.6213282175223038,6.778795811518324,9.436651583710407,6.683098591549296,332,2,50,0.5,0.5,0.5,genetic,genetic,genetic,0.05,10
801,852,847,0.5630385972012668,0.5729119165802486,0.6233282843996234,6.7790262172284645,9.433098591549296,6.7190082644628095,333,2,50,0.5,0.5,0.5,genetic,genetic,genetic,0.05,10
812,833,855,0.5645131490838449,0.5739130439230838,0.6237074319740981,6.843596059113301,9.04561824729892,6.674853801169591,334,2,50,0.5,0.5,0.5,genetic,genetic,genetic,0.05,10
836,803,861,0.5642074497465619,0.5752301117734244,0.6266966228767493,6.952153110047847,8.902864259028643,6.666666666666667,335,2,50,0.5,0.5,0.5,genetic,genetic,genetic,0.05,10
854,791,855,0.5657798172867858,0.5752541847673532,0.625738650491935,7.0936768149882905,8.86346396965866,6.674853801169591,336,2,50,0.5,0.5,0.5,genetic,genetic,genetic,0.05,10
880,777,843,0.5665087179264222,0.5778868619363392,0.625706660127972,7.206818181818182,8.851994851994853,6.767497034400949,337,2,50,0.5,0.5,0.5,genetic,genetic,genetic,0.05,10
905,762,833,0.5679551938235753,0.5789997827052403,0.626383268618755,7.176795580110498,8.759842519685039,6.633853541416567,338,2,50,0.5,0.5,0.5,genetic,genetic,genetic,0.05,10
926,766,808,0.5679548720856192,0.5760701133955877,0.6254805809006945,7.181425485961123,8.497389033942559,6.6844059405940595,339,2,50,0.5,0.5,0.5,genetic,genetic,genetic,0.05,10
925,763,812,0.5693615311536983,0.5776197078974717,0.6242955504943895,7.3297297297297295,8.231979030144167,6.745073891625616,340,2,50,0.5,0.5,0.5,genetic,genetic,genetic,0.05,10
908,759,833,0.568516950148545,0.5779768503038019,0.62328117252017,7.466960352422907,7.723320158102767,6.799519807923169,341,2,50,0.5,0.5,0.5,genetic,genetic,genetic,0.05,10
896,790,814,0.5707082225677705,0.5772797312961608,0.6213438587028117,7.478794642857143,7.289873417721519,6.972972972972973,342,2,50,0.5,0.5,0.5,genetic,genetic,genetic,0.05,10
895,783,822,0.5727797381060951,0.5770915286524914,0.6196847435711553,7.624581005586593,7.108556832694764,7.046228710462287,343,2,50,0.5,0.5,0.5,genetic,genetic,genetic,0.05,10
879,803,818,0.573375273009063,0.5771268840213092,0.6198446272957764,7.7542662116040955,6.8555417185554175,7.0464547677261615,344,2,50,0.5,0.5,0.5,genetic,genetic,genetic,0.05,10
872,814,814,0.572799303742905,0.5777357022860878,0.6192053901789597,7.954128440366972,6.898034398034398,7.356265356265356,345,2,50,0.5,0.5,0.5,genetic,genetic,genetic,0.05,10
871,822,807,0.5731436749148775,0.5776840469215038,0.6185309500707983,8.05740528128588,7.048661800486618,7.483271375464684,346,2,50,0.5,0.5,0.5,genetic,genetic,genetic,0.05,10
850,856,794,0.5727131214794972,0.5769799408750658,0.6181001354365357,8.02235294117647,6.960280373831775,7.614609571788413,347,2,50,0.5,0.5,0.5,genetic,genetic,genetic,0.05,10
820,893,787,0.5714999969541856,0.5758302869530815,0.6173659678926745,8.05,6.99104143337066,7.700127064803049,348,2,50,0.5,0.5,0.5,genetic,genetic,genetic,0.05,10
821,897,782,0.5726252108265809,0.5783718036343545,0.6182181383756283,8.053593179049939,7.150501672240803,7.6368286445012785,349,2,50,0.5,0.5,0.5,genetic,genetic,genetic,0.05,10
815,876,809,0.574122498556062,0.5777900573608914,0.6190181579645462,8.229447852760735,7.40296803652968,7.573547589616811,350,2,50,0.5,0.5,0.5,genetic,genetic,genetic,0.05,10
816,892,792,0.5738620457303435,0.5766073449874957,0.6199391037553084,8.104166666666666,7.670403587443946,7.789141414141414,351,2,50,0.5,0.5,0.5,genetic,genetic,genetic,0.05,10
813,902,785,0.5728084043705368,0.5753152791989079,0.6203478729952295,7.862238622386224,7.691796008869179,7.643312101910828,352,2,50,0.5,0.5,0.5,genetic,genetic,genetic,0.05,10
814,914,772,0.5736507363535143,0.5769823499808273,0.6181803566642937,7.495085995085995,7.733041575492341,7.678756476683938,353,2,50,0.5,0.5,0.5,genetic,genetic,genetic,0.05,10
823,920,757,0.5753183453889673,0.5752579334687964,0.6185363839639595,7.416767922235723,7.881521739130434,7.775429326287979,354,2,50,0.5,0.5,0.5,genetic,genetic,genetic,0.05,10
842,890,768,0.5758020600124321,0.5764656894568085,0.6178553985049954,7.340855106888361,7.902247191011236,7.315104166666667,355,2,50,0.5,0.5,0.5,genetic,genetic,genetic,0.05,10
838,874,788,0.5764497143673064,0.5764630870729783,0.6142871570323719,7.440334128878281,7.966819221967963,7.208121827411167,356,2,50,0.5,0.5,0.5,genetic,genetic,genetic,0.05,10
837,879,784,0.5774794865893942,0.5772292877369211,0.6128602374005857,7.45400238948626,7.891922639362912,7.26530612244898,357,2,50,0.5,0.5,0.5,genetic,genetic,genetic,0.05,10
832,855,813,0.5783308810960843,0.5770732486517831,0.610732926235455,7.5673076923076925,7.838596491228071,6.993849938499385,358,2,50,0.5,0.5,0.5,genetic,genetic,genetic,0.05,10
826,850,824,0.5786852461586345,0.5776709659331681,0.6100387996407998,7.554479418886198,7.9,7.006067961165049,359,2,50,0.5,0.5,0.5,genetic,genetic,genetic,0.05,10
795,844,861,0.5787401314830558,0.5780327342902032,0.609588010723624,7.7924528301886795,7.936018957345971,7.097560975609756,360,2,50,0.5,0.5,0.5,genetic,genetic,genetic,0.05,10
790,806,904,0.5800819221054013,0.5773343003238779,0.6090733160270742,8.046835443037974,8.03225806451613,7.103982300884955,361,2,50,0.5,0.5,0.5,genetic,genetic,genetic,0.05,10
809,782,909,0.5795520534156159,0.577291124113828,0.609122076638706,8.084054388133499,8.173913043478262,7.211221122112211,362,2,50,0.5,0.5,0.5,genetic,genetic,genetic,0.05,10
783,773,944,0.5797847359275018,0.5749185631363433,0.6077716215719022,8.191570881226054,7.865459249676585,7.373940677966102,363,2,50,0.5,0.5,0.5,genetic,genetic,genetic,0.05,10
780,784,936,0.581920044706102,0.5755917891031374,0.6070993474231402,8.247435897435897,7.841836734693878,7.701923076923077,364,2,50,0.5,0.5,0.5,genetic,genetic,genetic,0.05,10
780,775,945,0.5834139339760412,0.5770433731193869,0.6075037576659588,8.243589743589743,7.72258064516129,7.870899470899471,365,2,50,0.5,0.5,0.5,genetic,genetic,genetic,0.05,10
784,760,956,0.5843247476332015,0.5777292194413578,0.6073962601295843,8.15561224489796,7.785526315789474,8.083682008368202,366,2,50,0.5,0.5,0.5,genetic,genetic,genetic,0.05,10
799,748,953,0.5826536131683857,0.578242572744046,0.608268567931067,8.200250312891114,7.811497326203209,8.329485834207764,367,2,50,0.5,0.5,0.5,genetic,genetic,genetic,0.05,10
817,725,958,0.5817190073884075,0.5783798150543374,0.6091963368901503,8.18359853121175,7.844137931034483,8.411273486430062,368,2,50,0.5,0.5,0.5,genetic,genetic,genetic,0.05,10
839,701,960,0.5816552667626775,0.5790263052929633,0.6120015888800016,8.164481525625744,7.633380884450784,8.457291666666666,369,2,50,0.5,0.5,0.5,genetic,genetic,genetic,0.05,10
868,693,939,0.580334100845535,0.5800497924500078,0.6127792534098452,7.970046082949309,7.5685425685425685,8.511182108626198,370,2,50,0.5,0.5,0.5,genetic,genetic,genetic,0.05,10
858,708,934,0.5815795334960739,0.5768039612983696,0.6146317054463343,7.821678321678322,7.15819209039548,8.550321199143468,371,2,50,0.5,0.5,0.5,genetic,genetic,genetic,0.05,10
892,712,896,0.5814063871158547,0.5763118444397227,0.6158449634373137,7.540358744394619,7.182584269662922,8.753348214285714,372,2,50,0.5,0.5,0.5,genetic,genetic,genetic,0.05,10
905,719,876,0.5825788601097767,0.5769783937105994,0.6179399381441558,7.520441988950276,7.216968011126565,8.780821917808218,373,2,50,0.5,0.5,0.5,genetic,genetic,genetic,0.05,10
925,720,855,0.5840590184780159,0.5780807777830074,0.6192616833979038,7.627027027027027,7.498611111111111,9.140350877192983,374,2,50,0.5,0.5,0.5,genetic,genetic,genetic,0.05,10
942,739,819,0.5836611866033634,0.5779816173495137,0.6204284900733139,7.665605095541402,7.464140730717185,9.101343101343101,375,2,50,0.5,0.5,0.5,genetic,genetic,genetic,0.05,10
961,717,822,0.5819903407261912,0.5774130359819878,0.6224492670359534,7.790842872008325,7.410041841004184,8.782238442822385,376,2,50,0.5,0.5,0.5,genetic,genetic,genetic,0.05,10
955,728,817,0.582161600940922,0.580041194180455,0.6246701680315664,7.975916230366492,7.388736263736264,8.822521419828641,377,2,50,0.5,0.5,0.5,genetic,genetic,genetic,0.05,10
975,705,820,0.5829538420406527,0.5803672007685986,0.6242128063299117,8.137435897435898,7.531914893617022,8.596341463414634,378,2,50,0.5,0.5,0.5,genetic,genetic,genetic,0.05,10
987,714,799,0.5810383482404073,0.5794099740958726,0.6256500415700239,8.026342451874367,7.406162464985995,8.237797246558198,379,2,50,0.5,0.5,0.5,genetic,genetic,genetic,0.05,10
1022,670,808,0.581138231488034,0.5797392948827159,0.6259082661048433,8.294520547945206,7.53134328358209,7.944306930693069,380,2,50,0.5,0.5,0.5,genetic,genetic,genetic,0.05,10
1058,647,795,0.5807422735153708,0.5827162998946938,0.6269054547253,8.378071833648393,7.6460587326120555,7.793710691823899,381,2,50,0.5,0.5,0.5,genetic,genetic,genetic,0.05,10
1072,664,764,0.580986167518568,0.5835643404335148,0.6283607590209038,8.486940298507463,7.5,7.99738219895288,382,2,50,0.5,0.5,0.5,genetic,genetic,genetic,0.05,10
1088,657,755,0.5806071718023065,0.5836193518018886,0.6277576054387571,8.629595588235293,7.3561643835616435,7.766887417218543,383,2,50,0.5,0.5,0.5,genetic,genetic,genetic,0.05,10
1111,653,736,0.5811889968055864,0.5843965162258229,0.6295468589514287,8.626462646264626,7.200612557427259,7.506793478260869,384,2,50,0.5,0.5,0.5,genetic,genetic,genetic,0.05,10
1115,670,715,0.5817705269253527,0.5817481985780271,0.6268112938041666,8.758744394618834,7.13134328358209,7.64055944055944,385,2,50,0.5,0.5,0.5,genetic,genetic,genetic,0.05,10
1132,686,682,0.5821027992111335,0.5822385224183595,0.6279962985018396,8.709363957597173,7.1209912536443145,7.447214076246334,386,2,50,0.5,0.5,0.5,genetic,genetic,genetic,0.05,10
1120,698,682,0.5822970830210071,0.5819431374978702,0.625768840471646,8.836607142857142,6.918338108882521,7.456011730205279,387,2,50,0.5,0.5,0.5,genetic,genetic,genetic,0.05,10
1125,694,681,0.5834250238896082,0.5810994235179864,0.6236022342624694,9.030222222222223,6.801152737752162,7.320117474302497,388,2,50,0.5,0.5,0.5,genetic,genetic,genetic,0.05,10
1135,707,658,0.5836717196240453,0.5788423397081232,0.6235915625719083,9.02114537444934,6.667609618104668,7.036474164133739,389,2,50,0.5,0.5,0.5,genetic,genetic,genetic,0.05,10
1112,711,677,0.586163889570674,0.5804996799647775,0.6260176859891461,9.214028776978417,6.549929676511955,6.914327917282127,390,2,50,0.5,0.5,0.5,genetic,genetic,genetic,0.05,10
1103,713,684,0.5871921803112626,0.5769454847079516,0.6248720684392434,9.266545784224842,6.486676016830295,6.754385964912281,391,2,50,0.5,0.5,0.5,genetic,genetic,genetic,0.05,10
1096,723,681,0.5884856840880686,0.575306729554387,0.6224207324007868,9.354014598540147,6.478561549100968,6.5506607929515415,392,2,50,0.5,0.5,0.5,genetic,genetic,genetic,0.05,10
1101,753,646,0.5900139877566422,0.5750139014855601,0.6239736293443563,9.365122615803815,6.52456839309429,6.682662538699691,393,2,50,0.5,0.5,0.5,genetic,genetic,genetic,0.05,10
1107,761,632,0.5910672760745598,0.5725958814719,0.6225767271930169,9.5420054200542,6.540078843626807,6.643987341772152,394,2,50,0.5,0.5,0.5,genetic,genetic,genetic,0.05,10
1085,776,639,0.5909568723648058,0.5739600112749592,0.6231462482117844,9.790783410138248,6.570876288659794,6.77621283255086,395,2,50,0.5,0.5,0.5,genetic,genetic,genetic,0.05,10
1089,798,613,0.5894145623235428,0.5747146829850911,0.6234422293272693,9.804407713498623,6.805764411027569,6.8368678629690045,396,2,50,0.5,0.5,0.5,genetic,genetic,genetic,0.05,10
1073,823,604,0.591717025636566,0.5729206444816698,0.6244135297462473,9.611369990680336,6.6099635479951395,6.8658940397351,397,2,50,0.5,0.5,0.5,genetic,genetic,genetic,0.05,10
1052,826,622,0.5931262052072666,0.5686277928166489,0.62548580491118,9.746197718631178,6.743341404358354,6.755627009646302,398,2,50,0.5,0.5,0.5,genetic,genetic,genetic,0.05,10
1040,869,591,0.5943217977271782,0.5681943254911673,0.6261908332861736,9.709615384615384,6.803222094361335,6.7969543147208125,399,2,50,0.5,0.5,0.5,genetic,genetic,genetic,0.05,10
1018,902,580,0.5954061639309073,0.568134838044378,0.626417119236422,9.694499017681729,6.835920177383592,6.893103448275862,400,2,50,0.5,0.5,0.5,genetic,genetic,genetic,0.05,10
992,923,585,0.5956441127661152,0.5680360123427012,0.6258922113470321,9.68649193548387,6.859154929577465,6.791452991452991,401,2,50,0.5,0.5,0.5,genetic,genetic,genetic,0.05,10
958,957,585,0.5961109768330906,0.5692081197943585,0.6263392009240634,9.81106471816284,6.913270637408568,6.745299145299145,402,2,50,0.5,0.5,0.5,genetic,genetic,genetic,0.05,10
907,994,599,0.5981254101628144,0.5695223547560757,0.6276981044176965,9.824696802646086,6.8480885311871225,6.649415692821369,403,2,50,0.5,0.5,0.5,genetic,genetic,genetic,0.05,10
892,1014,594,0.6002571347310195,0.5706717462145948,0.6273620187762932,9.693946188340806,6.9211045364891515,6.296296296296297,404,2,50,0.5,0.5,0.5,genetic,genetic,genetic,0.05,10
863,1038,599,0.6027922986436488,0.5700341094082986,0.6268907737495129,9.345307068366164,6.971098265895954,6.136894824707847,405,2,50,0.5,0.5,0.5,genetic,genetic,genetic,0.05,10
802,1082,616,0.6021528534424783,0.5711597801510747,0.6276234090610181,9.330423940149625,7.108133086876156,6.008116883116883,406,2,50,0.5,0.5,0.5,genetic,genetic,genetic,0.05,10
751,1095,654,0.6042957221104489,0.5705911627398839,0.6254751620638939,9.272969374167776,7.260273972602739,6.0015290519877675,407,2,50,0.5,0.5,0.5,genetic,genetic,genetic,0.05,10
700,1101,699,0.6052176232817155,0.5695531549313931,0.6270340464309206,9.235714285714286,7.430517711171662,5.988555078683834,408,2,50,0.5,0.5,0.5,genetic,genetic,genetic,0.05,10
645,1105,750,0.6053431211989471,0.5715689960259587,0.6268068689821851,9.096124031007752,7.546606334841629,6.050666666666666,409,2,50,0.5,0.5,0.5,genetic,genetic,genetic,0.05,10
605,1108,787,0.6070862849453815,0.5731466646643891,0.6246330237621304,8.750413223140496,7.88086642599278,6.351969504447268,410,2,50,0.5,0.5,0.5,genetic,genetic,genetic,0.05,10
583,1087,830,0.6092502250984444,0.5745564351133052,0.6261715337210646,8.620926243567753,8.121435142594295,6.478313253012049,411,2,50,0.5,0.5,0.5,genetic,genetic,genetic,0.05,10
583,1049,868,0.6079799398807115,0.576060523472456,0.6262571781911963,8.518010291595198,8.492850333651097,6.599078341013825,412,2,50,0.5,0.5,0.5,genetic,genetic,genetic,0.05,10
577,1002,921,0.6078228197103019,0.5779518619688688,0.6280334343512616,8.542461005199307,8.838323353293413,6.729641693811075,413,2,50,0.5,0.5,0.5,genetic,genetic,genetic,0.05,10
612,954,934,0.6093724696532198,0.5791749266466364,0.6290196978328342,7.872549019607843,9.20125786163522,6.777301927194861,414,2,50,0.5,0.5,0.5,genetic,genetic,genetic,0.05,10
639,897,964,0.6055770865159765,0.5785623342984286,0.6281256429289291,7.514866979655712,9.345596432552954,6.7396265560165975,415,2,50,0.5,0.5,0.5,genetic,genetic,genetic,0.05,10
667,869,964,0.6054860554302723,0.5788164761291464,0.62947656803807,7.391304347826087,9.686996547756042,6.9470954356846475,416,2,50,0.5,0.5,0.5,genetic,genetic,genetic,0.05,10
685,848,967,0.6036555734953958,0.5813855033735944,0.6283766747443658,7.429197080291971,9.83254716981132,7.191313340227508,417,2,50,0.5,0.5,0.5,genetic,genetic,genetic,0.05,10
699,832,969,0.6026552266279513,0.5827883610108773,0.630077440888349,7.291845493562231,9.884615384615385,7.332301341589267,418,2,50,0.5,0.5,0.5,genetic,genetic,genetic,0.05,10
720,808,972,0.6033641534232013,0.5824470356615167,0.6312334866876741,7.229166666666667,9.832920792079207,7.520576131687243,419,2,50,0.5,0.5,0.5,genetic,genetic,genetic,0.05,10
724,805,971,0.6066378767909072,0.5829055363514952,0.6322777721411793,7.069060773480663,9.71304347826087,7.6189495365602475,420,2,50,0.5,0.5,0.5,genetic,genetic,genetic,0.05,10
750,800,950,0.606366213325199,0.5829771317567682,0.6346110229013625,6.968,9.81,7.904210526315789,421,2,50,0.5,0.5,0.5,genetic,genetic,genetic,0.05,10
784,749,967,0.6071657978464132,0.5831176525882847,0.6355920388731284,7.010204081632653,9.870493991989319,7.864529472595657,422,2,50,0.5,0.5,0.5,genetic,genetic,genetic,0.05,10
827,705,968,0.6079227038486961,0.5842041145716682,0.6345708377560114,6.911729141475211,9.836879432624114,7.836776859504132,423,2,50,0.5,0.5,0.5,genetic,genetic,genetic,0.05,10
863,667,970,0.609289689613951,0.5851681453039025,0.6339394637290925,7.151796060254925,9.986506746626686,7.777319587628866,424,2,50,0.5,0.5,0.5,genetic,genetic,genetic,0.05,10
910,620,970,0.6087076916174364,0.5860580998930119,0.635712665817043,7.257142857142857,9.843548387096774,7.723711340206186,425,2,50,0.5,0.5,0.5,genetic,genetic,genetic,0.05,10
931,613,956,0.6107160690018701,0.5838876037526844,0.6355107394995998,7.395273899033297,9.714518760195759,7.926778242677824,426,2,50,0.5,0.5,0.5,genetic,genetic,genetic,0.05,10
968,606,926,0.6104253088241125,0.585222864787097,0.6349831790699553,7.418388429752066,9.48019801980198,8.130669546436286,427,2,50,0.5,0.5,0.5,genetic,genetic,genetic,0.05,10
996,607,897,0.6116276822885808,0.5854573554354944,0.6353453059147953,7.569277108433735,9.088962108731467,8.39241917502787,428,2,50,0.5,0.5,0.5,genetic,genetic,genetic,0.05,10
1008,624,868,0.6137911512051092,0.5838335147155996,0.635879552244496,7.758928571428571,8.503205128205128,8.567972350230415,429,2,50,0.5,0.5,0.5,genetic,genetic,genetic,0.05,10
1017,647,836,0.6135940985155305,0.5825901837123644,0.636834767269712,7.942969518190757,7.969088098918084,8.711722488038278,430,2,50,0.5,0.5,0.5,genetic,genetic,genetic,0.05,10
1019,664,817,0.6152762904724665,0.5820237663581332,0.6395956637624832,8.240431795878312,7.420180722891566,8.878824969400245,431,2,50,0.5,0.5,0.5,genetic,genetic,genetic,0.05,10
996,695,809,0.6156477632931692,0.583236438812023,0.6399628342998004,8.413654618473895,6.922302158273381,8.948084054388133,432,2,50,0.5,0.5,0.5,genetic,genetic,genetic,0.05,10
998,727,775,0.6173092975205294,0.5843078590554784,0.6404454925623404,8.361723446893787,6.796423658872077,8.963870967741936,433,2,50,0.5,0.5,0.5,genetic,genetic,genetic,0.05,10
976,773,751,0.6181580513527616,0.5844238626041992,0.6401798363724635,8.49077868852459,6.485122897800776,9.026631158455393,434,2,50,0.5,0.5,0.5,genetic,genetic,genetic,0.05,10
959,814,727,0.6191802473988178,0.5845678584115087,0.6386827737017987,8.540145985401459,6.538083538083538,9.259972489683632,435,2,50,0.5,0.5,0.5,genetic,genetic,genetic,0.05,10
945,855,700,0.6200254495195502,0.5847187535849461,0.6391357448535104,8.446560846560846,6.509941520467836,9.347142857142858,436,2,50,0.5,0.5,0.5,genetic,genetic,genetic,0.05,10
899,901,700,0.6215381290206843,0.5832088284125396,0.6384374572372387,8.546162402669633,6.490566037735849,9.162857142857144,437,2,50,0.5,0.5,0.5,genetic,genetic,genetic,0.05,10
852,937,711,0.6233320494022588,0.5833762179907848,0.6365942364187884,8.652582159624414,6.623265741728922,9.236286919831224,438,2,50,0.5,0.5,0.5,genetic,genetic,genetic,0.05,10
820,968,712,0.6277722907230247,0.5828267759347705,0.6363528167646219,8.6,6.8078512396694215,9.094101123595506,439,2,50,0.5,0.5,0.5,genetic,genetic,genetic,0.05,10
791,983,726,0.6275258190710241,0.583069741439197,0.6358760119527712,8.460176991150442,7.042726347914547,8.829201101928374,440,2,50,0.5,0.5,0.5,genetic,genetic,genetic,0.05,10
765,993,742,0.6277775971884804,0.5837528049692866,0.6359646887831069,8.441830065359477,7.19436052366566,8.607816711590296,441,2,50,0.5,0.5,0.5,genetic,genetic,genetic,0.05,10
765,994,741,0.6270211273019792,0.5849209409797826,0.6365200394231348,8.305882352941177,7.511066398390342,8.64642375168691,442,2,50,0.5,0.5,0.5,genetic,genetic,genetic,0.05,10
747,1005,748,0.6258788355584821,0.58604772283654,0.6365881624501835,8.477911646586346,7.754228855721393,8.449197860962567,443,2,50,0.5,0.5,0.5,genetic,genetic,genetic,0.05,10
721,1025,754,0.6291960303579381,0.5879207366769291,0.6376989275766712,8.310679611650485,7.890731707317073,8.555702917771884,444,2,50,0.5,0.5,0.5,genetic,genetic,genetic,0.05,10
702,1033,765,0.6294452142032894,0.5881583375605416,0.6380197961132854,8.222222222222221,8.092933204259438,8.286274509803922,445,2,50,0.5,0.5,0.5,genetic,genetic,genetic,0.05,10
694,1018,788,0.6305755450045878,0.5875169627765855,0.6375954343642875,8.002881844380404,8.36836935166994,8.025380710659899,446,2,50,0.5,0.5,0.5,genetic,genetic,genetic,0.05,10
697,982,821,0.6308123322570061,0.5852263763137774,0.6378254875202063,7.806312769010043,8.614052953156822,7.684531059683313,447,2,50,0.5,0.5,0.5,genetic,genetic,genetic,0.05,10
700,976,824,0.6264250666241538,0.5851037565999321,0.6374972315065973,7.838571428571429,8.873975409836065,7.859223300970874,448,2,50,0.5,0.5,0.5,genetic,genetic,genetic,0.05,10
695,956,849,0.6243683163015012,0.5859412556424741,0.636345302124421,7.966906474820144,9.02928870292887,7.804475853945819,449,2,50,0.5,0.5,0.5,genetic,genetic,genetic,0.05,10
704,928,868,0.6218038545341484,0.5864740792484148,0.6377131184130884,7.839488636363637,9.125,7.746543778801843,450,2,50,0.5,0.5,0.5,genetic,genetic,genetic,0.05,10
727,915,858,0.6223498754344148,0.5854932351861993,0.6383999529668712,7.536451169188446,9.256830601092895,7.708624708624709,451,2,50,0.5,0.5,0.5,genetic,genetic,genetic,0.05,10
727,891,882,0.6208283290720297,0.585823630072414,0.6385359650209748,7.78404401650619,9.343434343434344,7.717687074829932,452,2,50,0.5,0.5,0.5,genetic,genetic,genetic,0.05,10
741,874,885,0.6195015736266893,0.5847479902297845,0.638275193951309,7.780026990553306,9.493135011441648,7.738983050847458,453,2,50,0.5,0.5,0.5,genetic,genetic,genetic,0.05,10
773,845,882,0.6184035682146124,0.5850049973373558,0.6373968947699874,7.640362225097024,9.545562130177515,7.656462585034014,454,2,50,0.5,0.5,0.5,genetic,genetic,genetic,0.05,10
798,820,882,0.6184153833048036,0.5840458573940736,0.6361032095535054,7.43609022556391,9.532926829268293,7.63718820861678,455,2,50,0.5,0.5,0.5,genetic,genetic,genetic,0.05,10
835,798,867,0.618540229105077,0.5856053287572275,0.635745692195093,7.386826347305389,9.586466165413533,7.612456747404845,456,2,50,0.5,0.5,0.5,genetic,genetic,genetic,0.05,10
884,777,839,0.6176417741943008,0.585896835230897,0.6364512513407761,7.347285067873303,9.516087516087516,7.499404052443385,457,2,50,0.5,0.5,0.5,genetic,genetic,genetic,0.05,10
930,777,793,0.6188417359667883,0.585450536744495,0.6373850608179514,7.196774193548387,9.378378378378379,7.395964691046658,458,2,50,0.5,0.5,0.5,genetic,genetic,genetic,0.05,10
957,798,745,0.6210488583589745,0.587607011835708,0.6378345235917813,7.141065830721003,9.164160401002507,7.397315436241611,459,2,50,0.5,0.5,0.5,genetic,genetic,genetic,0.05,10
943,811,746,0.6221751181174558,0.5897877113852581,0.6379590315795218,7.47932131495228,8.90012330456227,7.436997319034853,460,2,50,0.5,0.5,0.5,genetic,genetic,genetic,0.05,10
929,844,727,0.6238140724504694,0.5914176507652655,0.6388781471578464,7.481162540365985,8.574644549763033,7.327372764786795,461,2,50,0.5,0.5,0.5,genetic,genetic,genetic,0.05,10
922,851,727,0.6229352276316967,0.5909631077584866,0.6380865679037993,7.515184381778742,8.27614571092832,7.232462173314993,462,2,50,0.5,0.5,0.5,genetic,genetic,genetic,0.05,10
919,849,732,0.6228466857788746,0.593039940886545,0.6394550089633592,7.625680087051142,7.840989399293286,7.081967213114754,463,2,50,0.5,0.5,0.5,genetic,genetic,genetic,0.05,10
897,861,742,0.6220546936246623,0.594903974139092,0.6403407813767629,7.891861761426979,7.691056910569106,7.203504043126685,464,2,50,0.5,0.5,0.5,genetic,genetic,genetic,0.05,10
885,892,723,0.6227585841307467,0.5955707237058988,0.6407080335246914,7.989830508474577,7.668161434977579,7.3070539419087135,465,2,50,0.5,0.5,0.5,genetic,genetic,genetic,0.05,10
901,898,701,0.6222872824455208,0.5978514945903928,0.6407359274837294,8.003329633740288,7.83184855233853,7.312410841654779,466,2,50,0.5,0.5,0.5,genetic,genetic,genetic,0.05,10
913,912,675,0.6223051976615808,0.59861998506305,0.6402674114192649,8.038335158817086,7.896929824561403,7.220740740740741,467,2,50,0.5,0.5,0.5,genetic,genetic,genetic,0.05,10
889,945,666,0.6234647153468396,0.5994993667708292,0.6415538947796354,8.249718785151856,7.8317460317460315,7.114114114114114,468,2,50,0.5,0.5,0.5,genetic,genetic,genetic,0.05,10
865,960,675,0.6234129054777108,0.5997917066730138,0.6414891727983946,8.363005780346821,7.726041666666666,7.051851851851852,469,2,50,0.5,0.5,0.5,genetic,genetic,genetic,0.05,10
840,978,682,0.6221657300239494,0.5999615098375132,0.6438807594210565,8.40952380952381,7.810838445807771,6.873900293255132,470,2,50,0.5,0.5,0.5,genetic,genetic,genetic,0.05,10
828,969,703,0.6206028819288674,0.5999983443699978,0.6445271676721207,8.446859903381643,7.730650154798762,6.623044096728307,471,2,50,0.5,0.5,0.5,genetic,genetic,genetic,0.05,10
815,974,711,0.621213598643508,0.5998573054919472,0.643565986629526,8.50920245398773,7.869609856262834,6.5977496483825595,472,2,50,0.5,0.5,0.5,genetic,genetic,genetic,0.05,10
835,947,718,0.6207760539592287,0.6014536900986516,0.6432554585785988,8.550898203592814,8.15417106652587,6.6754874651810585,473,2,50,0.5,0.5,0.5,genetic,genetic,genetic,0.05,10
827,956,717,0.6208306638685592,0.5998757366536428,0.6457307916376639,8.506650544135429,8.148535564853557,6.910739191073919,474,2,50,0.5,0.5,0.5,genetic,genetic,genetic,0.05,10
811,977,712,0.6204748669899075,0.6003376789998727,0.6450294949753059,8.52774352651048,8.140225179119755,7.008426966292135,475,2,50,0.5,0.5,0.5,genetic,genetic,genetic,0.05,10
806,960,734,0.6205168909115276,0.6010268862458527,0.6458612630009162,8.501240694789082,8.2125,6.9141689373297,476,2,50,0.5,0.5,0.5,genetic,genetic,genetic,0.05,10
799,977,724,0.6223194155010714,0.6000972493353394,0.6451057867315008,8.428035043804757,8.27021494370522,7.0207182320441985,477,2,50,0.5,0.5,0.5,genetic,genetic,genetic,0.05,10
807,978,715,0.6199599273282745,0.6016443344517027,0.6483523673089734,8.234200743494425,8.425357873210634,7.072727272727272,478,2,50,0.5,0.5,0.5,genetic,genetic,genetic,0.05,10
813,987,700,0.6213818718816165,0.6015071346712064,0.6507502896872466,8.062730627306273,8.731509625126646,7.1971428571428575,479,2,50,0.5,0.5,0.5,genetic,genetic,genetic,0.05,10
813,1005,682,0.6211227998018675,0.6031413735046636,0.6503861525012007,8.13530135301353,8.883582089552238,7.463343108504398,480,2,50,0.5,0.5,0.5,genetic,genetic,genetic,0.05,10
801,1026,673,0.6211974758690506,0.6031538559754398,0.6521008595662072,8.101123595505618,9.02729044834308,7.463595839524517,481,2,50,0.5,0.5,0.5,genetic,genetic,genetic,0.05,10
809,1048,643,0.6214469188191656,0.6019961836428861,0.6508358477572882,7.907292954264524,9.229007633587786,7.522550544323484,482,2,50,0.5,0.5,0.5,genetic,genetic,genetic,0.05,10
779,1078,643,0.6220148708377362,0.6024488947598952,0.6503580095526402,7.852374839537869,9.15491651205937,7.175738724727839,483,2,50,0.5,0.5,0.5,genetic,genetic,genetic,0.05,10
761,1083,656,0.6189059978271417,0.6021784273930867,0.6497062660829582,7.914586070959264,9.380424746075716,6.9817073170731705,484,2,50,0.5,0.5,0.5,genetic,genetic,genetic,0.05,10
740,1084,676,0.618855238819115,0.6019632757888309,0.6482097138556522,7.879729729729729,9.546125461254613,6.831360946745562,485,2,50,0.5,0.5,0.5,genetic,genetic,genetic,0.05,10
732,1066,702,0.6188889914432905,0.6019904105805085,0.648199737444767,7.737704918032787,9.643527204502814,6.396011396011396,486,2,50,0.5,0.5,0.5,genetic,genetic,genetic,0.05,10
736,1042,722,0.6190685726292835,0.6005543621195922,0.6470182031417205,7.578804347826087,9.72168905950096,6.21606648199446,487,2,50,0.5,0.5,0.5,genetic,genetic,genetic,0.05,10
719,1007,774,0.6194926497665594,0.5990838160711854,0.6479774331994494,7.680111265646731,9.707050645481628,6.114987080103359,488,2,50,0.5,0.5,0.5,genetic,genetic,genetic,0.05,10
698,982,820,0.619889218246063,0.5989777645899557,0.6465332778481536,7.915472779369628,9.75254582484725,6.197560975609756,489,2,50,0.5,0.5,0.5,genetic,genetic,genetic,0.05,10
713,918,869,0.6178481166388194,0.6002731877280799,0.6448749580561972,8.075736325385694,9.864923747276688,6.082853855005753,490,2,50,0.5,0.5,0.5,genetic,genetic,genetic,0.05,10
708,888,904,0.6188010340576545,0.5984277577262834,0.6443906635441531,8.004237288135593,9.532657657657658,6.179203539823009,491,2,50,0.5,0.5,0.5,genetic,genetic,genetic,0.05,10
720,861,919,0.6189988451500109,0.5995452191297782,0.6436741309533048,7.743055555555555,9.291521486643438,6.280739934711643,492,2,50,0.5,0.5,0.5,genetic,genetic,genetic,0.05,10
713,832,955,0.616282121032701,0.5996038345154422,0.6436860545508964,7.549789621318373,8.889423076923077,6.2408376963350785,493,2,50,0.5,0.5,0.5,genetic,genetic,genetic,0.05,10
723,810,967,0.6146316425148292,0.5995216140408182,0.6438371701282853,7.572614107883817,8.639506172839507,6.524301964839711,494,2,50,0.5,0.5,0.5,genetic,genetic,genetic,0.05,10
725,806,969,0.6158632159532317,0.6010753552393525,0.6422630696247221,7.491034482758621,8.366004962779156,6.730650154798762,495,2,50,0.5,0.5,0.5,genetic,genetic,genetic,0.05,10
735,759,1006,0.6143642332900416,0.5991241672775339,0.6433198054270555,7.401360544217687,8.042160737812912,6.754473161033797,496,2,50,0.5,0.5,0.5,genetic,genetic,genetic,0.05,10
762,752,986,0.6142784782025656,0.5995597556231298,0.6438490051633812,7.258530183727034,7.8125,6.863083164300203,497,2,50,0.5,0.5,0.5,genetic,genetic,genetic,0.05,10
777,748,975,0.6149379449520598,0.6011679069681153,0.6434433344252299,7.172458172458173,7.573529411764706,7.137435897435897,498,2,50,0.5,0.5,0.5,genetic,genetic,genetic,0.05,10
773,757,970,0.6139415458812734,0.6016431556594566,0.6439358618940791,7.0362225097024576,7.2100396301188905,7.420618556701031,499,2,50,0.5,0.5,0.5,genetic,genetic,genetic,0.05,10
845,834,821,0.5,0.5,0.5,0.0,0.0,0.0,0,3,50,0.5,0.5,0.5,genetic,genetic,genetic,0.05,10
839,850,811,0.5000937583111043,0.49860627292611465,0.49977448711948874,1.0,1.0,1.0,1,3,50,0.5,0.5,0.5,genetic,genetic,genetic,0.05,10
820,872,808,0.5005067403685045,0.49868536952681597,0.4999249609412783,1.8560975609756099,1.8371559633027523,1.8576732673267327,2,3,50,0.5,0.5,0.5,genetic,genetic,genetic,0.05,10
794,863,843,0.501393124245637,0.49803432966627414,0.5009687901429848,2.6284634760705288,2.5944380069524913,2.5705812574139975,3,3,50,0.5,0.5,0.5,genetic,genetic,genetic,0.05,10
751,885,864,0.5017258454324159,0.49992891735332645,0.5021094160124713,3.2916111850865515,3.1887005649717515,3.2291666666666665,4,3,50,0.5,0.5,0.5,genetic,genetic,genetic,0.05,10
718,878,904,0.5018575332501916,0.49895538805640005,0.5019546227376162,3.8885793871866294,3.7312072892938497,3.7577433628318584,5,3,50,0.5,0.5,0.5,genetic,genetic,genetic,0.05,10
714,852,934,0.5021151669495167,0.49948901899982906,0.5040026693048818,4.368347338935574,4.254694835680751,4.258029978586724,6,3,50,0.5,0.5,0.5,genetic,genetic,genetic,0.05,10
713,832,955,0.5023369553571628,0.4989790704803011,0.5046008177421063,4.802244039270687,4.751201923076923,4.727748691099476,7,3,50,0.5,0.5,0.5,genetic,genetic,genetic,0.05,10
740,790,970,0.5028292501223887,0.5004234855311627,0.5047544614656255,5.108108108108108,5.245569620253165,5.164948453608248,8,3,50,0.5,0.5,0.5,genetic,genetic,genetic,0.05,10
735,764,1001,0.5037670500079675,0.5012758114361544,0.5049444263309161,5.408163265306122,5.484293193717278,5.4995004995005,9,3,50,0.5,0.5,0.5,genetic,genetic,genetic,0.05,10
740,766,994,0.5035845073313109,0.5028320036854104,0.5038672031342641,5.614864864864865,5.797650130548303,6.003018108651911,10,3,50,0.5,0.5,0.5,genetic,genetic,genetic,0.05,10
753,732,1015,0.5056251392326576,0.5038657268792619,0.504174414819176,5.8791500664010625,6.109289617486339,6.32807881773399,11,3,50,0.5,0.5,0.5,genetic,genetic,genetic,0.05,10
786,721,993,0.506278132796365,0.5038726007745002,0.5038154882814714,5.964376590330788,6.260748959778086,6.640483383685801,12,3,50,0.5,0.5,0.5,genetic,genetic,genetic,0.05,10
793,726,981,0.5067298779452865,0.5065611047448951,0.5028299029667833,6.090794451450189,6.263085399449036,7.026503567787971,13,3,50,0.5,0.5,0.5,genetic,genetic,genetic,0.05,10
849,686,965,0.5055933251399023,0.5062376544943973,0.503875330421169,6.173144876325089,6.502915451895044,7.269430051813472,14,3,50,0.5,0.5,0.5,genetic,genetic,genetic,0.05,10
901,691,908,0.5066386549095571,0.505899454686206,0.5036771564066261,6.196448390677025,6.70767004341534,7.552863436123348,15,3,50,0.5,0.5,0.5,genetic,genetic,genetic,0.05,10
916,692,892,0.5064624346302872,0.5058341096656678,0.5042514852964671,6.397379912663755,6.758670520231214,7.765695067264574,16,3,50,0.5,0.5,0.5,genetic,genetic,genetic,0.05,10
962,708,830,0.5066073410739648,0.5070561885407555,0.5043873623310746,6.4407484407484406,6.820621468926554,7.953012048192771,17,3,50,0.5,0.5,0.5,genetic,genetic,genetic,0.05,10
976,727,797,0.5079240581660593,0.5093716773659513,0.5051653489892647,6.520491803278689,6.874828060522696,8.058971141781681,18,3,50,0.5,0.5,0.5,genetic,genetic,genetic,0.05,10
988,719,793,0.5076896119223323,0.506674156906036,0.5053103170514888,6.727732793522267,6.9694019471488176,8.056746532156367,19,3,50,0.5,0.5,0.5,genetic,genetic,genetic,0.05,10
992,754,754,0.5075422064615832,0.5078778613033851,0.5068211136932345,6.954637096774194,6.9442970822281165,8.107427055702917,20,3,50,0.5,0.5,0.5,genetic,genetic,genetic,0.05,10
981,762,757,0.5066014084104489,0.5078386028528143,0.5079141369023996,7.244648318042813,6.975065616797901,8.107001321003963,21,3,50,0.5,0.5,0.5,genetic,genetic,genetic,0.05,10
984,767,749,0.5072353291521965,0.5100067296856929,0.5073540516034382,7.448170731707317,7.161668839634942,8.19626168224299,22,3,50,0.5,0.5,0.5,genetic,genetic,genetic,0.05,10
991,796,713,0.5071061240822721,0.5101723702518816,0.5082060967516393,7.530776992936428,7.208542713567839,8.126227208976157,23,3,50,0.5,0.5,0.5,genetic,genetic,genetic,0.05,10
991,814,695,0.5055597397950352,0.5097271851899007,0.5073754119109173,7.748738647830474,7.38943488943489,7.985611510791367,24,3,50,0.5,0.5,0.5,genetic,genetic,genetic,0.05,10
980,826,694,0.5059393519706504,0.5121386855442958,0.5071523484206991,7.981632653061224,7.572639225181598,7.96685878962536,25,3,50,0.5,0.5,0.5,genetic,genetic,genetic,0.05,10
975,834,691,0.5062886852785073,0.512718699820057,0.5060187425565004,8.213333333333333,7.635491606714628,7.908827785817656,26,3,50,0.5,0.5,0.5,genetic,genetic,genetic,0.05,10
961,840,699,0.5065808485521748,0.5130488346175662,0.50359450728177,8.58480749219563,7.639285714285714,7.686695278969957,27,3,50,0.5,0.5,0.5,genetic,genetic,genetic,0.05,10
967,845,688,0.5088995301636797,0.5122978931716884,0.5024323349901849,8.778697001034127,7.583431952662722,7.3895348837209305,28,3,50,0.5,0.5,0.5,genetic,genetic,genetic,0.05,10
934,861,705,0.5096659985317631,0.5128854358035292,0.4999264483272646,8.995717344753748,7.51451800232288,7.401418439716312,29,3,50,0.5,0.5,0.5,genetic,genetic,genetic,0.05,10
916,873,711,0.5100019377797677,0.5112264804924189,0.4980489276569142,9.14410480349345,7.533791523482245,7.327707454289733,30,3,50,0.5,0.5,0.5,genetic,genetic,genetic,0.05,10
898,890,712,0.5113220663489426,0.5104979549715434,0.4984183121563613,9.170378619153675,7.643820224719101,7.224719101123595,31,3,50,0.5,0.5,0.5,genetic,genetic,genetic,0.05,10
855,926,719,0.5110814943892039,0.5117689248089174,0.4984743731181264,9.299415204678363,7.682505399568035,7.304589707927677,32,3,50,0.5,0.5,0.5,genetic,genetic,genetic,0.05,10
825,947,728,0.5108846314263181,0.5124388618257635,0.49874406899509055,9.52,7.83104540654699,7.347527472527473,33,3,50,0.5,0.5,0.5,genetic,genetic,genetic,0.05,10
789,949,762,0.5129629462017172,0.51159573624023,0.5009111941381382,9.679340937896072,7.8861959957850365,7.304461942257218,34,3,50,0.5,0.5,0.5,genetic,genetic,genetic,0.05,10
749,966,785,0.5146811726420125,0.5108337767206992,0.4992320969999587,9.562082777036048,7.891304347826087,7.476433121019109,35,3,50,0.5,0.5,0.5,genetic,genetic,genetic,0.05,10
714,960,826,0.5139074250501959,0.5107329150755511,0.500615131368135,9.564425770308123,8.009375,7.49273607748184,36,3,50,0.5,0.5,0.5,genetic,genetic,genetic,0.05,10
688,943,869,0.5141882506474215,0.5092989895851371,0.5007933772466263,9.393895348837209,8.113467656415695,7.578826237054085,37,3,50,0.5,0.5,0.5,genetic,genetic,genetic,0.05,10
673,934,893,0.5136484757976051,0.5078524210625691,0.5009335561351851,8.947994056463596,8.10813704496788,7.673012318029115,38,3,50,0.5,0.5,0.5,genetic,genetic,genetic,0.05,10
641,911,948,0.5141408647469429,0.5067329521543528,0.5012895239058655,9.210608424336973,8.138309549945115,7.720464135021097,39,3,50,0.5,0.5,0.5,genetic,genetic,genetic,0.05,10
645,874,981,0.5136080970529914,0.5059483672997217,0.5006555128107336,9.178294573643411,8.37070938215103,7.830784913353721,40,3,50,0.5,0.5,0.5,genetic,genetic,genetic,0.05,10
640,868,992,0.5123614902944637,0.5058585247419437,0.500247444833482,8.759375,8.30184331797235,7.945564516129032,41,3,50,0.5,0.5,0.5,genetic,genetic,genetic,0.05,10
634,870,996,0.5118972451870081,0.5063441029480055,0.5004501611722731,8.386435331230285,8.397701149425288,8.218875502008032,42,3,50,0.5,0.5,0.5,genetic,genetic,genetic,0.05,10
633,842,1025,0.5144521245306813,0.5055256129537326,0.5018610906549127,8.017377567140601,8.504750593824228,8.353170731707317,43,3,50,0.5,0.5,0.5,genetic,genetic,genetic,0.05,10
656,810,1034,0.5137249805957634,0.505955017224627,0.5008586527550023,7.625,8.78888888888889,8.588007736943908,44,3,50,0.5,0.5,0.5,genetic,genetic,genetic,0.05,10
683,794,1023,0.5134750939241033,0.5047330557249504,0.5009402363751028,7.1405563689604685,8.564231738035264,8.654936461388074,45,3,50,0.5,0.5,0.5,genetic,genetic,genetic,0.05,10
695,756,1049,0.5129079342414774,0.504665704006099,0.500082459282864,7.283453237410072,8.588624338624339,8.696854146806482,46,3,50,0.5,0.5,0.5,genetic,genetic,genetic,0.05,10
714,722,1064,0.5127591499959918,0.5049928768330713,0.5001358032770127,7.285714285714286,8.703601108033242,8.813909774436091,47,3,50,0.5,0.5,0.5,genetic,genetic,genetic,0.05,10
742,708,1050,0.5118832651698808,0.5038882167485891,0.49918116239928406,7.268194070080862,8.877118644067796,9.03047619047619,48,3,50,0.5,0.5,0.5,genetic,genetic,genetic,0.05,10
786,678,1036,0.5111229597224943,0.5042207971007912,0.49999189085172774,7.245547073791348,8.9070796460177,9.038610038610038,49,3,50,0.5,0.5,0.5,genetic,genetic,genetic,0.05,10
839,656,1005,0.5102840331232467,0.5057370949110018,0.5007042187333437,7.141835518474374,9.00609756097561,9.06268656716418,50,3,50,0.5,0.5,0.5,genetic,genetic,genetic,0.05,10
864,661,975,0.5116996569542593,0.5047451610710348,0.5000324778713827,6.966435185185185,8.664145234493192,9.191794871794873,51,3,50,0.5,0.5,0.5,genetic,genetic,genetic,0.05,10
895,645,960,0.5113199413170455,0.5062190702251117,0.5006029258839981,7.11731843575419,8.483720930232558,9.376041666666667,52,3,50,0.5,0.5,0.5,genetic,genetic,genetic,0.05,10
947,628,925,0.5123601833725119,0.5073539269721026,0.49954612321596165,7.209081309398099,8.320063694267516,9.41081081081081,53,3,50,0.5,0.5,0.5,genetic,genetic,genetic,0.05,10
1004,614,882,0.5138086439925972,0.5072643084900408,0.49907282527366736,7.29183266932271,8.133550488599349,9.341269841269842,54,3,50,0.5,0.5,0.5,genetic,genetic,genetic,0.05,10
1044,595,861,0.5149558920621354,0.5091223332091487,0.5012205038184211,7.559386973180077,7.875630252100841,9.290360046457607,55,3,50,0.5,0.5,0.5,genetic,genetic,genetic,0.05,10
1092,606,802,0.5146289972382498,0.5074982509432308,0.5014892891922367,7.701465201465202,7.816831683168317,9.432668329177057,56,3,50,0.5,0.5,0.5,genetic,genetic,genetic,0.05,10
1108,625,767,0.5138617233226419,0.5079731304321966,0.5024966808775334,8.005415162454874,7.7936,9.61799217731421,57,3,50,0.5,0.5,0.5,genetic,genetic,genetic,0.05,10
1127,651,722,0.5157108573153385,0.5089655735755327,0.5017006521002503,8.270629991126885,7.751152073732719,9.862880886426593,58,3,50,0.5,0.5,0.5,genetic,genetic,genetic,0.05,10
1129,695,676,0.5158240720442541,0.5089400983879303,0.5032309092627741,8.443755535872453,7.644604316546762,9.755917159763314,59,3,50,0.5,0.5,0.5,genetic,genetic,genetic,0.05,10
1111,728,661,0.5168276967472868,0.5096169093033103,0.5041473901756389,8.5994599459946,7.605769230769231,9.585476550680786,60,3,50,0.5,0.5,0.5,genetic,genetic,genetic,0.05,10
1096,765,639,0.5172675774227605,0.5116179940846438,0.5052007571800677,8.853102189781023,7.509803921568627,9.389671361502348,61,3,50,0.5,0.5,0.5,genetic,genetic,genetic,0.05,10
1080,792,628,0.5176491778188848,0.5131464412331824,0.5044729774795791,9.036111111111111,7.502525252525253,9.11624203821656,62,3,50,0.5,0.5,0.5,genetic,genetic,genetic,0.05,10
1053,823,624,0.516403797723731,0.5128294683734721,0.5051826366419424,9.215574548907883,7.444714459295262,8.85897435897436,63,3,50,0.5,0.5,0.5,genetic,genetic,genetic,0.05,10
1033,852,615,0.5162141659333779,0.5113197008270551,0.5056737169300555,9.294288480154888,7.380281690140845,8.801626016260162,64,3,50,0.5,0.5,0.5,genetic,genetic,genetic,0.05,10
1005,887,608,0.5162086592523398,0.5140854257329179,0.5058957930492682,9.48955223880597,7.325817361894025,8.717105263157896,65,3,50,0.5,0.5,0.5,genetic,genetic,genetic,0.05,10
981,919,600,0.5144575989068245,0.5141024226003356,0.5065967249085384,9.707441386340468,7.485310119695321,8.598333333333333,66,3,50,0.5,0.5,0.5,genetic,genetic,genetic,0.05,10
954,924,622,0.5147678345274435,0.5148609441492199,0.5070735742149292,9.970649895178196,7.621212121212121,8.292604501607718,67,3,50,0.5,0.5,0.5,genetic,genetic,genetic,0.05,10
916,954,630,0.5144944869039526,0.515839956936052,0.5095348153884885,10.216157205240174,7.6257861635220126,8.37936507936508,68,3,50,0.5,0.5,0.5,genetic,genetic,genetic,0.05,10
896,976,628,0.5145608622165032,0.5142230903457036,0.5083987577156155,10.155133928571429,7.608606557377049,8.106687898089172,69,3,50,0.5,0.5,0.5,genetic,genetic,genetic,0.05,10
853,994,653,0.5132519604588328,0.5148867116358629,0.510996077029035,10.143024618991793,7.637826961770624,7.993874425727412,70,3,50,0.5,0.5,0.5,genetic,genetic,genetic,0.05,10
773,1051,676,0.5107488372208572,0.5170586777833385,0.5106100917109907,10.078913324708926,7.422454804947669,7.877218934911243,71,3,50,0.5,0.5,0.5,genetic,genetic,genetic,0.05,10
701,1100,699,0.5111424441864819,0.5159800869568173,0.5119351427661591,10.154065620542083,7.4763636363636365,7.934191702432046,72,3,50,0.5,0.5,0.5,genetic,genetic,genetic,0.05,10
694,1093,713,0.5114110807499779,0.5150818031381592,0.5121913500620308,9.881844380403459,7.780420860018299,7.719495091164095,73,3,50,0.5,0.5,0.5,genetic,genetic,genetic,0.05,10
685,1108,707,0.5104370718163193,0.51441659332388,0.5115274634033067,9.541605839416059,8.135379061371841,7.770862800565771,74,3,50,0.5,0.5,0.5,genetic,genetic,genetic,0.05,10
666,1099,735,0.5120506615444661,0.5152137157235036,0.5100172460549204,9.432432432432432,8.40764331210191,7.631292517006803,75,3,50,0.5,0.5,0.5,genetic,genetic,genetic,0.05,10
641,1103,756,0.511008232191373,0.5134814194864818,0.5098704276173729,9.482059282371296,8.56391659111514,7.559523809523809,76,3,50,0.5,0.5,0.5,genetic,genetic,genetic,0.05,10
621,1091,788,0.5126878034630248,0.5107034485607362,0.5092716145310007,9.148148148148149,8.787351054078826,7.408629441624366,77,3,50,0.5,0.5,0.5,genetic,genetic,genetic,0.05,10
608,1070,822,0.5137064814624175,0.5110950175994399,0.5098112764611062,8.942434210526315,9.027102803738318,7.391727493917275,78,3,50,0.5,0.5,0.5,genetic,genetic,genetic,0.05,10
598,1039,863,0.5132884241348445,0.5093212211494524,0.5115464064288895,8.816053511705686,9.287776708373435,7.457705677867903,79,3,50,0.5,0.5,0.5,genetic,genetic,genetic,0.05,10
590,1008,902,0.5125054330479978,0.5078379331360334,0.5093222521733685,8.67457627118644,9.608134920634921,7.5631929046563195,80,3,50,0.5,0.5,0.5,genetic,genetic,genetic,0.05,10
609,959,932,0.5142487309348438,0.5078512710541502,0.5093647579545404,8.520525451559934,9.91866527632951,7.713519313304721,81,3,50,0.5,0.5,0.5,genetic,genetic,genetic,0.05,10
609,932,959,0.513593346087362,0.5076468112530893,0.5095559146724955,8.211822660098521,10.1137339055794,7.885297184567258,82,3,50,0.5,0.5,0.5,genetic,genetic,genetic,0.05,10
614,889,997,0.5116740519015857,0.5069234317126646,0.5080687456154971,8.161237785016286,10.364454443194601,8.148445336008024,83,3,50,0.5,0.5,0.5,genetic,genetic,genetic,0.05,10
650,845,1005,0.5119767336625358,0.5067156184897345,0.5074622102145987,7.969230769230769,10.566863905325445,8.437810945273633,84,3,50,0.5,0.5,0.5,genetic,genetic,genetic,0.05,10
674,794,1032,0.5107473014373198,0.507157790729484,0.5073038095836553,7.862017804154303,10.454659949622167,8.339147286821705,85,3,50,0.5,0.5,0.5,genetic,genetic,genetic,0.05,10
720,779,1001,0.5124827988067949,0.5071644544348471,0.5069793856688483,7.686111111111111,10.39152759948652,8.548451548451549,86,3,50,0.5,0.5,0.5,genetic,genetic,genetic,0.05,10
740,761,999,0.5121827766089695,0.5061843175458695,0.5071050390384616,7.748648648648649,10.293035479632064,8.771771771771771,87,3,50,0.5,0.5,0.5,genetic,genetic,genetic,0.05,10
776,702,1022,0.5107366427737009,0.5052407717036287,0.5068191742647379,7.73840206185567,10.14102564102564,8.750489236790607,88,3,50,0.5,0.5,0.5,genetic,genetic,genetic,0.05,10
803,690,1007,0.5127212459138035,0.5034163783758503,0.5092626046977271,7.724782067247821,9.844927536231884,8.917576961271102,89,3,50,0.5,0.5,0.5,genetic,genetic,genetic,0.05,10
822,675,1003,0.5116324866034152,0.5021352999693788,0.5088926859294497,7.822384428223844,9.518518518518519,8.940179461615154,90,3,50,0.5,0.5,0.5,genetic,genetic,genetic,0.05,10
856,657,987,0.5127541698389456,0.5017250625803577,0.5084583404950784,7.700934579439252,9.298325722983257,9.068895643363728,91,3,50,0.5,0.5,0.5,genetic,genetic,genetic,0.05,10
888,627,985,0.5120411273581962,0.5021311356928884,0.5086391074715957,7.601351351351352,8.925039872408293,8.953299492385787,92,3,50,0.5,0.5,0.5,genetic,genetic,genetic,0.05,10
911,634,955,0.5114891929578312,0.49912137913710564,0.5098427383900003,7.58397365532382,8.518927444794953,9.13717277486911,93,3,50,0.5,0.5,0.5,genetic,genetic,genetic,0.05,10
927,636,937,0.5105667288222387,0.49895475121925253,0.511372765192497,7.588996763754046,8.320754716981131,9.344717182497332,94,3,50,0.5,0.5,0.5,genetic,genetic,genetic,0.05,10
968,627,905,0.5095308103065219,0.4972086329021784,0.5094728655462768,7.636363636363637,8.231259968102073,9.561325966850829,95,3,50,0.5,0.5,0.5,genetic,genetic,genetic,0.05,10
1001,632,867,0.50801166753702,0.4970243644097117,0.5099734421814172,7.833166833166834,8.24367088607595,9.802768166089965,96,3,50,0.5,0.5,0.5,genetic,genetic,genetic,0.05,10
1007,655,838,0.508952834798466,0.4969574188498139,0.5119489924190397,7.912611717974181,8.02442748091603,9.898568019093078,97,3,50,0.5,0.5,0.5,genetic,genetic,genetic,0.05,10
1034,674,792,0.5095831892585397,0.49749597654385036,0.5127638142692414,8.054158607350097,8.195845697329377,10.012626262626263,98,3,50,0.5,0.5,0.5,genetic,genetic,genetic,0.05,10
1022,722,756,0.509038192775834,0.49715708471703446,0.5115110850900214,8.191780821917808,8.016620498614959,10.279100529100528,99,3,50,0.5,0.5,0.5,genetic,genetic,genetic,0.05,10
1039,729,732,0.5110272727340079,0.49845428294733196,0.5108980829450173,8.207892204042349,8.002743484224967,10.12295081967213,100,3,50,0.5,0.5,0.5,genetic,genetic,genetic,0.05,10
1061,748,691,0.5107811983659032,0.4995245667757241,0.5119749790783708,8.217719132893496,8.032085561497325,10.004341534008683,101,3,50,0.5,0.5,0.5,genetic,genetic,genetic,0.05,10
1067,755,678,0.5114783732690616,0.4996537898165425,0.5112261956543357,8.411433926897844,8.026490066225165,9.702064896755163,102,3,50,0.5,0.5,0.5,genetic,genetic,genetic,0.05,10
1066,778,656,0.5131714197819324,0.49960460205699475,0.5085422111497295,8.712945590994371,8.091259640102828,9.597560975609756,103,3,50,0.5,0.5,0.5,genetic,genetic,genetic,0.05,10
1068,808,624,0.5143248742673584,0.49905362367571826,0.5106697663429448,8.859550561797754,8.23019801980198,9.560897435897436,104,3,50,0.5,0.5,0.5,genetic,genetic,genetic,0.05,10
1050,841,609,0.5147880128510961,0.500287727883227,0.509556154224221,9.220952380952381,8.411414982164091,9.420361247947454,105,3,50,0.5,0.5,0.5,genetic,genetic,genetic,0.05,10
1046,871,583,0.5135333433938182,0.5010551542895041,0.5076343715435636,9.404397705544934,8.588978185993112,9.286449399656947,106,3,50,0.5,0.5,0.5,genetic,genetic,genetic,0.05,10
1032,907,561,0.512925927535046,0.5020817637720001,0.5069516545032687,9.773255813953488,8.776185226019846,9.00891265597148,107,3,50,0.5,0.5,0.5,genetic,genetic,genetic,0.05,10
1023,930,547,0.513731289275986,0.5025280782723828,0.5061724243406357,10.005865102639296,8.948387096774194,8.79890310786106,108,3,50,0.5,0.5,0.5,genetic,genetic,genetic,0.05,10
1005,940,555,0.5160641400241536,0.5030033332265077,0.5057874846708933,10.186069651741294,9.117021276595745,8.502702702702702,109,3,50,0.5,0.5,0.5,genetic,genetic,genetic,0.05,10
981,966,553,0.5163591051865332,0.5030987520233062,0.5055840794598706,10.355759429153924,9.23913043478261,8.439421338155515,110,3,50,0.5,0.5,0.5,genetic,genetic,genetic,0.05,10
944,979,577,0.5165396939343307,0.5049806775596782,0.5063853331008654,10.67478813559322,9.28702757916241,8.090121317157712,111,3,50,0.5,0.5,0.5,genetic,genetic,genetic,0.05,10
925,972,603,0.5170325448352752,0.5054593362520052,0.5062143264865933,10.754594594594595,9.290123456790123,7.892205638474295,112,3,50,0.5,0.5,0.5,genetic,genetic,genetic,0.05,10
905,987,608,0.5168385906605012,0.506861187343374,0.5086283624165265,10.770165745856353,9.185410334346505,7.708881578947368,113,3,50,0.5,0.5,0.5,genetic,genetic,genetic,0.05,10
889,987,624,0.5162487285789076,0.507844606423303,0.506490034134219,10.586051743532058,9.127659574468085,7.371794871794871,114,3,50,0.5,0.5,0.5,genetic,genetic,genetic,0.05,10
839,1012,649,0.5155227673878451,0.509635167785511,0.5068880204603716,10.67342073897497,9.188735177865613,7.519260400616333,115,3,50,0.5,0.5,0.5,genetic,genetic,genetic,0.05,10
809,1018,673,0.5161311906793401,0.5115801367597561,0.5069568500042746,10.65265760197775,9.420432220039293,7.563150074294205,116,3,50,0.5,0.5,0.5,genetic,genetic,genetic,0.05,10
798,1004,698,0.5147500147090885,0.5116127631254396,0.5068462480839504,10.520050125313283,9.52191235059761,7.5573065902578795,117,3,50,0.5,0.5,0.5,genetic,genetic,genetic,0.05,10
765,1002,733,0.5142144676432882,0.5117500579722533,0.5101947701533974,10.484967320261438,9.462075848303392,7.465211459754434,118,3,50,0.5,0.5,0.5,genetic,genetic,genetic,0.05,10
750,988,762,0.5155735096396348,0.51341549391887,0.5130312807243232,10.316,9.618421052631579,7.409448818897638,119,3,50,0.5,0.5,0.5,genetic,genetic,genetic,0.05,10
756,981,763,0.5160143961845192,0.5145493241977852,0.5142000562111518,10.076719576719576,9.773700305810397,7.474442988204456,120,3,50,0.5,0.5,0.5,genetic,genetic,genetic,0.05,10
740,979,781,0.5179458909419548,0.5161314487000468,0.5152493830472819,10.013513513513514,9.713993871297243,7.504481434058899,121,3,50,0.5,0.5,0.5,genetic,genetic,genetic,0.05,10
750,963,787,0.5172368080075862,0.517085721707196,0.516657615063605,9.810666666666666,9.939771547248183,7.4917407878017785,122,3,50,0.5,0.5,0.5,genetic,genetic,genetic,0.05,10
752,940,808,0.5169970235129743,0.5166257735662573,0.5152902946917,9.636968085106384,10.068085106382979,7.431930693069307,123,3,50,0.5,0.5,0.5,genetic,genetic,genetic,0.05,10
746,933,821,0.5173374688506891,0.5180799306483723,0.5140876631249995,9.41823056300268,9.829581993569132,7.5566382460414125,124,3,50,0.5,0.5,0.5,genetic,genetic,genetic,0.05,10
739,940,821,0.5164179796353915,0.5175580906294486,0.5150077183238285,9.127198917456022,9.698936170212766,7.545676004872107,125,3,50,0.5,0.5,0.5,genetic,genetic,genetic,0.05,10
737,935,828,0.5167253775416633,0.5174809999541823,0.5151884366844807,8.899592944369063,9.607486631016043,7.567632850241546,126,3,50,0.5,0.5,0.5,genetic,genetic,genetic,0.05,10
749,923,828,0.5160542216978173,0.5190520511369345,0.5166319813130004,8.805073431241656,9.648970747562297,7.580917874396135,127,3,50,0.5,0.5,0.5,genetic,genetic,genetic,0.05,10
755,911,834,0.5151618306522858,0.5174815434518347,0.5168968922657142,8.725827814569536,9.81119648737651,7.750599520383693,128,3,50,0.5,0.5,0.5,genetic,genetic,genetic,0.05,10
756,895,849,0.5167320712350266,0.5186092331343335,0.5178913411298302,8.763227513227513,9.823463687150838,7.858657243816254,129,3,50,0.5,0.5,0.5,genetic,genetic,genetic,0.05,10
763,873,864,0.516892074669397,0.5174465719989648,0.5186375586012367,8.732634338138926,9.88888888888889,7.847222222222222,130,3,50,0.5,0.5,0.5,genetic,genetic,genetic,0.05,10
763,850,887,0.5181660924596665,0.5182886034743542,0.518426714763379,8.813892529488859,9.98470588235294,7.792559188275084,131,3,50,0.5,0.5,0.5,genetic,genetic,genetic,0.05,10
808,829,863,0.5179436922533257,0.5196346063323926,0.5187045508504561,8.44059405940594,9.934861278648974,7.7682502896871375,132,3,50,0.5,0.5,0.5,genetic,genetic,genetic,0.05,10
807,819,874,0.5196823318391386,0.5219923669132004,0.5157944863479568,8.467162329615862,9.854700854700855,7.87070938215103,133,3,50,0.5,0.5,0.5,genetic,genetic,genetic,0.05,10
804,815,881,0.5206066222452261,0.5236361387474271,0.5146548336693975,8.502487562189055,9.788957055214723,7.97616345062429,134,3,50,0.5,0.5,0.5,genetic,genetic,genetic,0.05,10
814,798,888,0.5232259806998926,0.5248265929246836,0.5140123775888075,8.457002457002456,9.609022556390977,7.987612612612613,135,3,50,0.5,0.5,0.5,genetic,genetic,genetic,0.05,10
837,758,905,0.5233974924063796,0.525271189743994,0.5117317642165772,8.540023894862605,9.5844327176781,8.004419889502762,136,3,50,0.5,0.5,0.5,genetic,genetic,genetic,0.05,10
847,748,905,0.5228232661143153,0.5219608008446727,0.5117487973520856,8.506493506493506,9.439839572192513,7.9502762430939224,137,3,50,0.5,0.5,0.5,genetic,genetic,genetic,0.05,10
860,736,904,0.5237762168523864,0.5200717918043128,0.5111274669499816,8.43720930232558,9.21195652173913,8.076327433628318,138,3,50,0.5,0.5,0.5,genetic,genetic,genetic,0.05,10
863,742,895,0.5246032831985744,0.5211288859814684,0.5113619447324589,8.409038238702202,9.10512129380054,8.445810055865921,139,3,50,0.5,0.5,0.5,genetic,genetic,genetic,0.05,10
888,721,891,0.5233454376453667,0.5223357933795677,0.5119392474713151,8.318693693693694,9.0748959778086,8.521885521885523,140,3,50,0.5,0.5,0.5,genetic,genetic,genetic,0.05,10
894,727,879,0.522918015202917,0.5230522993974616,0.5147240126166049,8.446308724832214,8.83493810178817,8.592718998862344,141,3,50,0.5,0.5,0.5,genetic,genetic,genetic,0.05,10
916,723,861,0.5235010204413983,0.5215282132803242,0.5168613473947137,8.490174672489083,8.836791147994468,8.665505226480835,142,3,50,0.5,0.5,0.5,genetic,genetic,genetic,0.05,10
926,738,836,0.5245074134251461,0.5208089484963607,0.517722735566268,8.383369330453563,8.78319783197832,8.830143540669857,143,3,50,0.5,0.5,0.5,genetic,genetic,genetic,0.05,10
947,743,810,0.5238408553665557,0.519648408934538,0.5180110929368428,8.545934530095037,8.971736204576043,9.018518518518519,144,3,50,0.5,0.5,0.5,genetic,genetic,genetic,0.05,10
937,763,800,0.5240972085615576,0.5206614440287262,0.5152580788180201,8.659551760939168,8.676277850589777,8.9725,145,3,50,0.5,0.5,0.5,genetic,genetic,genetic,0.05,10
951,751,798,0.5239692093814626,0.521273954942881,0.5153249225292513,8.832807570977918,8.583222370173102,8.971177944862156,146,3,50,0.5,0.5,0.5,genetic,genetic,genetic,0.05,10
954,767,779,0.5244068319121414,0.5210661997393266,0.5141097714362789,8.985324947589099,8.66232073011734,9.101412066752246,147,3,50,0.5,0.5,0.5,genetic,genetic,genetic,0.05,10
957,767,776,0.524809242092812,0.5201694408724729,0.5130752325948639,9.154649947753397,8.664928292046936,9.131443298969073,148,3,50,0.5,0.5,0.5,genetic,genetic,genetic,0.05,10
964,761,775,0.5260549644695379,0.5193724985377666,0.5137774820553209,9.266597510373444,8.725361366622865,9.103225806451613,149,3,50,0.5,0.5,0.5,genetic,genetic,genetic,0.05,10
981,777,742,0.5253441067484433,0.5197076493245127,0.5123879162040643,9.226299694189603,8.754182754182754,9.30188679245283,150,3,50,0.5,0.5,0.5,genetic,genetic,genetic,0.05,10
991,777,732,0.5244731584229239,0.5202525573204372,0.5126655158815291,9.34409687184662,8.882882882882884,9.341530054644808,151,3,50,0.5,0.5,0.5,genetic,genetic,genetic,0.05,10
1013,789,698,0.5235711870746893,0.5194944738686951,0.5132970737977297,9.31095755182626,9.02788339670469,9.399713467048711,152,3,50,0.5,0.5,0.5,genetic,genetic,genetic,0.05,10
1021,809,670,0.5234763442107604,0.5199068910012986,0.5098789144126655,9.451518119490695,9.239802224969099,9.362686567164179,153,3,50,0.5,0.5,0.5,genetic,genetic,genetic,0.05,10
1015,830,655,0.522783348592101,0.5209008059693442,0.5107828763471,9.575369458128078,9.059036144578313,9.345038167938931,154,3,50,0.5,0.5,0.5,genetic,genetic,genetic,0.05,10
1007,862,631,0.5240746911472344,0.5209708963533981,0.5104598600396025,9.707050645481628,8.952436194895592,9.302694136291601,155,3,50,0.5,0.5,0.5,genetic,genetic,genetic,0.05,10
969,891,640,0.5234216385047216,0.5200737200778187,0.5104238209649925,10.0546955624355,8.771043771043772,9.2765625,156,3,50,0.5,0.5,0.5,genetic,genetic,genetic,0.05,10
957,908,635,0.5243215057724779,0.5192585005874368,0.5088978569474281,10.204806687565307,8.821585903083701,9.176377952755905,157,3,50,0.5,0.5,0.5,genetic,genetic,genetic,0.05,10
933,928,639,0.5236783597118875,0.5182209943163132,0.5087498594624117,10.497320471596998,8.948275862068966,9.046948356807512,158,3,50,0.5,0.5,0.5,genetic,genetic,genetic,0.05,10
888,955,657,0.5241148473013341,0.5183381571047747,0.506413168661098,10.786036036036036,8.851308900523561,9.118721461187215,159,3,50,0.5,0.5,0.5,genetic,genetic,genetic,0.05,10
876,978,646,0.5230910046881624,0.5194504927417773,0.5055538459311073,10.585616438356164,8.885480572597137,8.897832817337461,160,3,50,0.5,0.5,0.5,genetic,genetic,genetic,0.05,10
845,1003,652,0.5227806890703326,0.521713306424883,0.5024711956064957,10.788165680473373,9.008973080757727,8.866564417177914,161,3,50,0.5,0.5,0.5,genetic,genetic,genetic,0.05,10
815,1023,662,0.5243068105038362,0.5209058651000831,0.5024217482562999,10.896932515337424,8.994134897360704,8.774924471299094,162,3,50,0.5,0.5,0.5,genetic,genetic,genetic,0.05,10
790,1033,677,0.5257305542953393,0.5207495295203504,0.4996361605382325,10.853164556962025,8.978702807357212,8.714918759231905,163,3,50,0.5,0.5,0.5,genetic,genetic,genetic,0.05,10
779,1045,676,0.5261092842578285,0.5220485542736983,0.4999414700308925,10.609756097560975,9.026794258373206,8.733727810650887,164,3,50,0.5,0.5,0.5,genetic,genetic,genetic,0.05,10
791,1038,671,0.5262120805539067,0.523267814107822,0.5015232687664324,10.609355246523387,9.45086705202312,8.794336810730254,165,3,50,0.5,0.5,0.5,genetic,genetic,genetic,0.05,10
789,1037,674,0.5255115418013803,0.5237920806047662,0.5026010581176433,10.581749049429657,9.670202507232402,8.624629080118694,166,3,50,0.5,0.5,0.5,genetic,genetic,genetic,0.05,10
786,1013,701,0.5231253677956685,0.5248928473893318,0.5055299061134917,10.5,9.603158933859822,8.186875891583453,167,3,50,0.5,0.5,0.5,genetic,genetic,genetic,0.05,10
785,986,729,0.5230820750341612,0.5262975568367366,0.5054224420233312,10.231847133757961,9.77079107505071,7.8765432098765435,168,3,50,0.5,0.5,0.5,genetic,genetic,genetic,0.05,10
787,973,740,0.5213695798538871,0.5254910334894168,0.504959709299879,10.196950444726811,10.078108941418295,7.714864864864865,169,3,50,0.5,0.5,0.5,genetic,genetic,genetic,0.05,10
783,940,777,0.5189336110385603,0.5256677393915845,0.5062654747190283,10.003831417624522,10.075531914893617,7.407979407979408,170,3,50,0.5,0.5,0.5,genetic,genetic,genetic,0.05,10
776,924,800,0.5203510854846305,0.5261703140378415,0.5045347550391317,9.97680412371134,10.107142857142858,7.51375,171,3,50,0.5,0.5,0.5,genetic,genetic,genetic,0.05,10
772,899,829,0.5214036956528967,0.525699953853201,0.5042020495893765,10.16839378238342,10.2825361512792,7.632086851628468,172,3,50,0.5,0.5,0.5,genetic,genetic,genetic,0.05,10
768,899,833,0.5218004807783706,0.5242431935111928,0.5050300914694522,10.087239583333334,10.337041156840934,7.834333733493398,173,3,50,0.5,0.5,0.5,genetic,genetic,genetic,0.05,10
783,890,827,0.5229813111620325,0.5249102440481592,0.5067882559474667,10.106002554278417,10.50561797752809,8.102781136638452,174,3,50,0.5,0.5,0.5,genetic,genetic,genetic,0.05,10
780,867,853,0.5242427106472661,0.5263947647727925,0.5072993254615626,10.40128205128205,10.666666666666666,8.235638921453694,175,3,50,0.5,0.5,0.5,genetic,genetic,genetic,0.05,10
783,851,866,0.5239722982063263,0.5286032908827774,0.507122167890192,10.19029374201788,10.702702702702704,8.197459584295611,176,3,50,0.5,0.5,0.5,genetic,genetic,genetic,0.05,10
785,836,879,0.5250853482283702,0.5295676316208706,0.5070916798706961,10.259872611464969,10.793062200956937,8.422070534698522,177,3,50,0.5,0.5,0.5,genetic,genetic,genetic,0.05,10
780,834,886,0.52441071156921,0.5285846678518927,0.508690730387412,10.397435897435898,10.73021582733813,8.511286681715575,178,3,50,0.5,0.5,0.5,genetic,genetic,genetic,0.05,10
750,831,919,0.5240550420421296,0.5285883672859454,0.5106540310194431,10.373333333333333,10.14560770156438,8.45810663764962,179,3,50,0.5,0.5,0.5,genetic,genetic,genetic,0.05,10
725,831,944,0.522872510106477,0.5269687252879504,0.5107366404820761,10.428965517241378,9.677496991576414,8.698093220338983,180,3,50,0.5,0.5,0.5,genetic,genetic,genetic,0.05,10
729,833,938,0.5228739762699215,0.5277388295008523,0.512051723081447,10.165980795610425,9.711884753901561,8.892324093816631,181,3,50,0.5,0.5,0.5,genetic,genetic,genetic,0.05,10
737,838,925,0.5211023183352594,0.5274909045891132,0.5143035564917229,9.663500678426052,9.363961813842483,8.905945945945946,182,3,50,0.5,0.5,0.5,genetic,genetic,genetic,0.05,10
743,825,932,0.5214852940389008,0.5300804212623038,0.5134657550399154,9.500672947510095,9.277575757575757,8.901287553648068,183,3,50,0.5,0.5,0.5,genetic,genetic,genetic,0.05,10
751,822,927,0.5216704883196519,0.5303347455002317,0.5147493939065283,9.299600532623169,9.518248175182482,9.13160733549083,184,3,50,0.5,0.5,0.5,genetic,genetic,genetic,0.05,10
755,821,924,0.5211630851484045,0.5318838537423817,0.5142614858120157,8.878145695364239,9.341047503045067,9.087662337662337,185,3,50,0.5,0.5,0.5,genetic,genetic,genetic,0.05,10
757,816,927,0.5211906229978461,0.5313082838516268,0.5144704871454464,8.715984147952444,9.194852941176471,9.147788565264294,186,3,50,0.5,0.5,0.5,genetic,genetic,genetic,0.05,10
778,796,926,0.5210930581943196,0.5328968321512799,0.5132608391603486,8.695372750642674,9.222361809045227,9.1792656587473,187,3,50,0.5,0.5,0.5,genetic,genetic,genetic,0.05,10
797,775,928,0.5213454796680301,0.5321387855893752,0.515620737241998,8.656210790464241,9.298064516129033,9.142241379310345,188,3,50,0.5,0.5,0.5,genetic,genetic,genetic,0.05,10
790,783,927,0.521116364395718,0.5330213487908818,0.5165038949384257,8.639240506329115,9.151979565772669,9.34519956850054,189,3,50,0.5,0.5,0.5,genetic,genetic,genetic,0.05,10
813,759,928,0.5229218091374156,0.5328333525461779,0.5169186460410709,8.706027060270603,9.209486166007904,9.25323275862069,190,3,50,0.5,0.5,0.5,genetic,genetic,genetic,0.05,10
812,752,936,0.5235692200504142,0.5348082496994371,0.5159294737175861,8.676108374384237,9.013297872340425,9.097222222222221,191,3,50,0.5,0.5,0.5,genetic,genetic,genetic,0.05,10
810,744,946,0.5246331634590112,0.5335163170229044,0.5145425724683045,8.885185185185184,8.893817204301076,9.170190274841438,192,3,50,0.5,0.5,0.5,genetic,genetic,genetic,0.05,10
808,761,931,0.5243034259336679,0.535914672917785,0.5159166905362157,8.849009900990099,8.576872536136662,9.29967776584318,193,3,50,0.5,0.5,0.5,genetic,genetic,genetic,0.05,10
816,766,918,0.5226786272393334,0.5350430907929475,0.5153568206068433,8.872549019607844,8.677545691906005,9.465141612200435,194,3,50,0.5,0.5,0.5,genetic,genetic,genetic,0.05,10
800,789,911,0.5236043565448918,0.5348014316530385,0.5163745405821624,8.70375,8.50190114068441,9.625686059275521,195,3,50,0.5,0.5,0.5,genetic,genetic,genetic,0.05,10
797,804,899,0.5249982638948169,0.5369099926035942,0.5161482217288723,8.728983688833123,8.48134328358209,9.74972191323693,196,3,50,0.5,0.5,0.5,genetic,genetic,genetic,0.05,10
806,798,896,0.5265135434806129,0.5354554913209078,0.5170012786069104,8.73697270471464,8.583959899749374,9.678571428571429,197,3,50,0.5,0.5,0.5,genetic,genetic,genetic,0.05,10
814,789,897,0.5266123410473782,0.5360940302005938,0.5156162524620611,8.646191646191646,8.536121673003802,9.64659977703456,198,3,50,0.5,0.5,0.5,genetic,genetic,genetic,0.05,10
817,811,872,0.5260863183715395,0.5378428744345751,0.5162093232330638,8.659730722154222,8.47102342786683,9.68348623853211,199,3,50,0.5,0.5,0.5,genetic,genetic,genetic,0.05,10
809,833,858,0.5275122611605915,0.5387381154865564,0.5151633757881967,8.624227441285537,8.500600240096038,9.78904428904429,200,3,50,0.5,0.5,0.5,genetic,genetic,genetic,0.05,10
809,851,840,0.5278201219530322,0.5367485092537381,0.5162830739076676,8.603213844252164,8.670975323149236,9.878571428571428,201,3,50,0.5,0.5,0.5,genetic,genetic,genetic,0.05,10
803,865,832,0.5303808435708492,0.5369868611039454,0.5173933601110102,8.561643835616438,8.634682080924856,9.927884615384615,202,3,50,0.5,0.5,0.5,genetic,genetic,genetic,0.05,10
803,861,836,0.5301782532258092,0.5370657985397729,0.5178874399659787,8.551681195516812,8.832752613240418,9.901913875598087,203,3,50,0.5,0.5,0.5,genetic,genetic,genetic,0.05,10
820,853,827,0.5295418530446225,0.5376907639075149,0.5172655102246224,8.503658536585366,8.94021101992966,9.910519951632406,204,3,50,0.5,0.5,0.5,genetic,genetic,genetic,0.05,10
830,854,816,0.5314550206777227,0.5362178293487005,0.5190529818765622,8.483132530120482,8.923887587822014,9.817401960784315,205,3,50,0.5,0.5,0.5,genetic,genetic,genetic,0.05,10
831,866,803,0.5333603325679331,0.5344263783698536,0.520864700411462,8.558363417569193,9.103926096997691,9.763387297633873,206,3,50,0.5,0.5,0.5,genetic,genetic,genetic,0.05,10
851,860,789,0.5343056126039418,0.5355123505668284,0.5221845963578419,8.707403055229141,9.327906976744186,9.76932826362484,207,3,50,0.5,0.5,0.5,genetic,genetic,genetic,0.05,10
863,859,778,0.536272389671246,0.5358014654794725,0.5233168850463975,8.805330243337195,9.426076833527357,9.517994858611825,208,3,50,0.5,0.5,0.5,genetic,genetic,genetic,0.05,10
874,842,784,0.5361052031534237,0.5374115442236621,0.5249215062936735,8.938215102974828,9.578384798099762,9.043367346938776,209,3,50,0.5,0.5,0.5,genetic,genetic,genetic,0.05,10
880,830,790,0.5352651853368706,0.5371767387496709,0.5256267769334076,9.01590909090909,9.374698795180723,8.778481012658228,210,3,50,0.5,0.5,0.5,genetic,genetic,genetic,0.05,10
856,829,815,0.5347448032190294,0.539177515303117,0.524814603473105,9.01051401869159,9.212303980699637,8.495705521472393,211,3,50,0.5,0.5,0.5,genetic,genetic,genetic,0.05,10
850,819,831,0.5340482030475016,0.5387323696821199,0.52584925322765,9.174117647058823,9.074481074481074,8.316486161251504,212,3,50,0.5,0.5,0.5,genetic,genetic,genetic,0.05,10
848,806,846,0.5326643836378797,0.5400225488528946,0.5273260668864433,9.246462264150944,8.945409429280398,8.004728132387706,213,3,50,0.5,0.5,0.5,genetic,genetic,genetic,0.05,10
841,797,862,0.5330745978216642,0.5402682742806804,0.52627690052531,9.438763376932224,8.918444165621079,8.047563805104408,214,3,50,0.5,0.5,0.5,genetic,genetic,genetic,0.05,10
825,797,878,0.5314773963670342,0.5383307416937115,0.5275076370565088,9.60969696969697,8.711417816813048,8.328018223234624,215,3,50,0.5,0.5,0.5,genetic,genetic,genetic,0.05,10
821,810,869,0.5315184409538696,0.5374136489047061,0.5245917165952332,9.394640682095005,8.37283950617284,8.398158803222094,216,3,50,0.5,0.5,0.5,genetic,genetic,genetic,0.05,10
807,836,857,0.5311046409891295,0.5384238540086822,0.5218678666327505,9.377942998760842,8.316985645933014,8.638273045507585,217,3,50,0.5,0.5,0.5,genetic,genetic,genetic,0.05,10
792,850,858,0.5315162518709904,0.5387017386839836,0.5214705640452222,9.597222222222221,8.208235294117648,8.7995337995338,218,3,50,0.5,0.5,0.5,genetic,genetic,genetic,0.05,10
769,851,880,0.5296244977565957,0.5409810265450491,0.5212921736028516,9.58777633289987,7.968272620446533,8.611363636363636,219,3,50,0.5,0.5,0.5,genetic,genetic,genetic,0.05,10
768,867,865,0.5304536812482289,0.5411248620649449,0.521306022530849,9.26953125,7.901960784313726,8.705202312138729,220,3,50,0.5,0.5,0.5,genetic,genetic,genetic,0.05,10
737,887,876,0.5280023409668806,0.5409287253954922,0.5188944120457956,9.217096336499322,7.852311161217587,8.738584474885844,221,3,50,0.5,0.5,0.5,genetic,genetic,genetic,0.05,10
728,896,876,0.5271066733342619,0.540372481838023,0.518468828124498,8.982142857142858,7.883928571428571,8.752283105022832,222,3,50,0.5,0.5,0.5,genetic,genetic,genetic,0.05,10
713,900,887,0.5264646272840218,0.5419418107361657,0.5177957665143367,8.67741935483871,7.898888888888889,8.760992108229988,223,3,50,0.5,0.5,0.5,genetic,genetic,genetic,0.05,10
718,892,890,0.5266205088222341,0.5429630157879276,0.5162407871634292,8.470752089136491,8.013452914798206,8.841573033707865,224,3,50,0.5,0.5,0.5,genetic,genetic,genetic,0.05,10
709,892,899,0.5258295397025068,0.5424907541256396,0.5157525833065616,8.029619181946403,7.994394618834081,8.82424916573971,225,3,50,0.5,0.5,0.5,genetic,genetic,genetic,0.05,10
727,869,904,0.5252680006734589,0.540717720101911,0.5153464160181004,7.756533700137552,8.052934407364788,8.6570796460177,226,3,50,0.5,0.5,0.5,genetic,genetic,genetic,0.05,10
761,857,882,0.5263606021782715,0.5378532293063463,0.5141467064597619,7.54796320630749,8.163360560093349,8.5578231292517,227,3,50,0.5,0.5,0.5,genetic,genetic,genetic,0.05,10
782,821,897,0.5259169251098263,0.5385007724931095,0.5111983844374638,7.469309462915601,8.336175395858708,8.211817168338907,228,3,50,0.5,0.5,0.5,genetic,genetic,genetic,0.05,10
794,792,914,0.5276686509919577,0.5367615368604,0.5094834672994687,7.341309823677582,8.241161616161616,7.944201312910285,229,3,50,0.5,0.5,0.5,genetic,genetic,genetic,0.05,10
821,765,914,0.526979805187801,0.5385365949502544,0.5103796331463993,7.259439707673569,8.230065359477123,7.774617067833698,230,3,50,0.5,0.5,0.5,genetic,genetic,genetic,0.05,10
811,747,942,0.5271936975560428,0.5400219715809128,0.5104947865566087,7.515413070283601,8.117804551539491,7.8789808917197455,231,3,50,0.5,0.5,0.5,genetic,genetic,genetic,0.05,10
831,726,943,0.5277265482536063,0.5400190509154765,0.5094666225514193,7.481347773766546,8.049586776859504,7.949098621420997,232,3,50,0.5,0.5,0.5,genetic,genetic,genetic,0.05,10
832,744,924,0.5287948431479529,0.5388505039900803,0.508332411248272,7.546875,7.907258064516129,8.318181818181818,233,3,50,0.5,0.5,0.5,genetic,genetic,genetic,0.05,10
823,759,918,0.5292398273728837,0.5380866355851263,0.508724116996394,7.720534629404617,7.894598155467721,8.510893246187363,234,3,50,0.5,0.5,0.5,genetic,genetic,genetic,0.05,10
828,755,917,0.5301012585986763,0.5392039005937028,0.5070243200048119,7.573671497584541,7.682119205298013,8.646673936750272,235,3,50,0.5,0.5,0.5,genetic,genetic,genetic,0.05,10
838,758,904,0.5291819022925071,0.5387379101812644,0.5077013916639589,7.7040572792362765,7.806068601583114,8.951327433628318,236,3,50,0.5,0.5,0.5,genetic,genetic,genetic,0.05,10
830,771,899,0.5279672234588005,0.5384887438622411,0.5092085810513337,7.8590361445783135,7.875486381322958,9.202447163515016,237,3,50,0.5,0.5,0.5,genetic,genetic,genetic,0.05,10
835,789,876,0.5257395935032477,0.5395883586758683,0.5089851791932212,7.7844311377245505,7.784537389100127,9.288812785388128,238,3,50,0.5,0.5,0.5,genetic,genetic,genetic,0.05,10
810,814,876,0.5253104531235696,0.5424359851678551,0.5096705635836971,7.830864197530865,7.484029484029484,9.343607305936073,239,3,50,0.5,0.5,0.5,genetic,genetic,genetic,0.05,10
807,826,867,0.5282781676634313,0.543475433496076,0.510333564205169,7.825278810408922,7.4576271186440675,9.39446366782007,240,3,50,0.5,0.5,0.5,genetic,genetic,genetic,0.05,10
816,841,843,0.5263429801132709,0.5428112499147851,0.5120137945639873,7.7120098039215685,7.382877526753864,9.561091340450771,241,3,50,0.5,0.5,0.5,genetic,genetic,genetic,0.05,10
806,840,854,0.5251671526871223,0.5420090661042222,0.512790438004837,7.818858560794045,7.429761904761905,9.353629976580796,242,3,50,0.5,0.5,0.5,genetic,genetic,genetic,0.05,10
792,847,861,0.526648484429902,0.5446933758185937,0.5158905958788105,7.75,7.2703659976387245,9.16260162601626,243,3,50,0.5,0.5,0.5,genetic,genetic,genetic,0.05,10
815,830,855,0.5282198823970451,0.5448932590901564,0.5181976688475907,7.83680981595092,7.3421686746987955,8.995321637426901,244,3,50,0.5,0.5,0.5,genetic,genetic,genetic,0.05,10
823,822,855,0.5266148858952671,0.5448872508532835,0.5184543633711158,7.848116646415553,7.39294403892944,8.887719298245614,245,3,50,0.5,0.5,0.5,genetic,genetic,genetic,0.05,10
823,816,861,0.5250402766666693,0.5445447787940264,0.5183148652113959,7.913730255164034,7.480392156862745,8.78048780487805,246,3,50,0.5,0.5,0.5,genetic,genetic,genetic,0.05,10
808,807,885,0.524849764179581,0.5435171825438255,0.5186146343577926,8.137376237623762,7.384138785625774,8.675706214689265,247,3,50,0.5,0.5,0.5,genetic,genetic,genetic,0.05,10
812,802,886,0.5269760558626715,0.5420388330725227,0.5185745357230453,7.9655172413793105,7.507481296758105,8.888261851015802,248,3,50,0.5,0.5,0.5,genetic,genetic,genetic,0.05,10
842,791,867,0.5266225274010193,0.5421397261328584,0.5171110043638235,7.912114014251782,7.597977243994943,8.740484429065743,249,3,50,0.5,0.5,0.5,genetic,genetic,genetic,0.05,10
841,798,861,0.5267765875071329,0.5410394882087606,0.5169055546357452,7.964328180737217,7.68546365914787,8.854819976771196,250,3,50,0.5,0.5,0.5,genetic,genetic,genetic,0.05,10
854,789,857,0.5277258947756134,0.5398091929479347,0.5171788050223203,8.18384074941452,7.936628643852979,9.057176196032673,251,3,50,0.5,0.5,0.5,genetic,genetic,genetic,0.05,10
850,816,834,0.5271970410830952,0.5383625260361538,0.5161350502976622,8.123529411764705,7.952205882352941,9.113908872901678,252,3,50,0.5,0.5,0.5,genetic,genetic,genetic,0.05,10
845,838,817,0.5279055403620219,0.5374390923823885,0.5167257652384529,8.02603550295858,7.906921241050119,9.204406364749081,253,3,50,0.5,0.5,0.5,genetic,genetic,genetic,0.05,10
807,884,809,0.529266934735471,0.5380829256972701,0.515134618347285,8.133828996282528,7.710407239819005,9.137206427688504,254,3,50,0.5,0.5,0.5,genetic,genetic,genetic,0.05,10
805,899,796,0.5305397137254709,0.5365716364111724,0.5152907083055612,7.9590062111801245,7.777530589543938,9.100502512562814,255,3,50,0.5,0.5,0.5,genetic,genetic,genetic,0.05,10
809,924,767,0.5347153047956444,0.536786941386569,0.5154976121480832,7.720642768850433,7.791125541125541,9.05606258148631,256,3,50,0.5,0.5,0.5,genetic,genetic,genetic,0.05,10
780,957,763,0.5345047512922341,0.5353340537145609,0.5148810425215355,7.673076923076923,7.821316614420063,9.041939711664483,257,3,50,0.5,0.5,0.5,genetic,genetic,genetic,0.05,10
762,978,760,0.5350835173596089,0.5342246647666078,0.5143410152643596,7.583989501312336,7.837423312883436,8.95,258,3,50,0.5,0.5,0.5,genetic,genetic,genetic,0.05,10
745,997,758,0.5360335362855413,0.5337722676528801,0.5169250217647543,7.570469798657718,7.947843530591776,8.79815303430079,259,3,50,0.5,0.5,0.5,genetic,genetic,genetic,0.05,10
741,1013,746,0.5379572435537465,0.5339943779458233,0.5182331378346586,7.399460188933873,8.155972359328727,8.521447721179625,260,3,50,0.5,0.5,0.5,genetic,genetic,genetic,0.05,10
730,1015,755,0.5390924910828238,0.5338536516199692,0.5187550514058434,7.4,8.395073891625616,8.495364238410597,261,3,50,0.5,0.5,0.5,genetic,genetic,genetic,0.05,10
703,1022,775,0.5420114354507403,0.5345652889313158,0.5174886606906819,7.416785206258891,8.565557729941291,8.420645161290322,262,3,50,0.5,0.5,0.5,genetic,genetic,genetic,0.05,10
715,984,801,0.541698081083006,0.5344672581318781,0.5157084854398744,7.483916083916084,8.768292682926829,8.021223470661672,263,3,50,0.5,0.5,0.5,genetic,genetic,genetic,0.05,10
719,948,833,0.5427187572646115,0.5350030517834136,0.5148931257079156,7.592489568845619,9.145569620253164,7.990396158463385,264,3,50,0.5,0.5,0.5,genetic,genetic,genetic,0.05,10
739,925,836,0.5451159597184473,0.5358271758413226,0.5153116385866305,7.529093369418133,9.471351351351352,7.900717703349282,265,3,50,0.5,0.5,0.5,genetic,genetic,genetic,0.05,10
735,897,868,0.5435122909196874,0.5377621277864403,0.5169609485263985,7.628571428571429,9.746934225195094,8.02073732718894,266,3,50,0.5,0.5,0.5,genetic,genetic,genetic,0.05,10
730,881,889,0.544499938733245,0.5373945472005213,0.5160935209956661,7.721917808219178,9.953461975028377,7.985376827896513,267,3,50,0.5,0.5,0.5,genetic,genetic,genetic,0.05,10
725,856,919,0.5431699722629283,0.5397219883640483,0.5169868530803836,7.64551724137931,10.065420560747663,7.914036996735582,268,3,50,0.5,0.5,0.5,genetic,genetic,genetic,0.05,10
741,822,937,0.5418359471949631,0.5398864138047362,0.5157961588246376,7.502024291497976,10.143552311435522,7.861259338313768,269,3,50,0.5,0.5,0.5,genetic,genetic,genetic,0.05,10
763,776,961,0.541172174850782,0.5402829102009314,0.5144740614830736,7.54521625163827,10.304123711340207,7.883454734651405,270,3,50,0.5,0.5,0.5,genetic,genetic,genetic,0.05,10
782,761,957,0.5387469644693648,0.540145038917898,0.5134927976246556,7.59079283887468,10.115637319316688,8.142110762800417,271,3,50,0.5,0.5,0.5,genetic,genetic,genetic,0.05,10
808,747,945,0.5389673554361076,0.5404802955662495,0.5138465783770515,7.461633663366337,9.914323962516734,8.167195767195768,272,3,50,0.5,0.5,0.5,genetic,genetic,genetic,0.05,10
817,732,951,0.5382013186236664,0.5415503688714542,0.5132751620367563,7.717258261933905,9.841530054644808,8.384858044164037,273,3,50,0.5,0.5,0.5,genetic,genetic,genetic,0.05,10
828,702,970,0.537457435594853,0.5422827544945,0.5130056969532303,7.921497584541063,9.522792022792023,8.421649484536083,274,3,50,0.5,0.5,0.5,genetic,genetic,genetic,0.05,10
863,674,963,0.5394225898934801,0.5435198892081226,0.510869996086115,8.045191193511009,9.611275964391691,8.556593977154725,275,3,50,0.5,0.5,0.5,genetic,genetic,genetic,0.05,10
887,670,943,0.5397490682017169,0.544607379614626,0.5113201144171128,8.067643742953777,9.368656716417911,8.615058324496289,276,3,50,0.5,0.5,0.5,genetic,genetic,genetic,0.05,10
891,681,928,0.5419103060872824,0.5431665247012177,0.5111657768419732,8.166105499438833,8.939794419970632,8.80280172413793,277,3,50,0.5,0.5,0.5,genetic,genetic,genetic,0.05,10
912,668,920,0.5424187938855151,0.5440405642274478,0.5108393946571174,8.212719298245615,8.6437125748503,8.78804347826087,278,3,50,0.5,0.5,0.5,genetic,genetic,genetic,0.05,10
889,682,929,0.5417110267294231,0.5453612924895865,0.5123721744877503,8.437570303712036,8.32991202346041,8.959095801937567,279,3,50,0.5,0.5,0.5,genetic,genetic,genetic,0.05,10
878,699,923,0.541365682738621,0.545578742323529,0.5132132865275923,8.28246013667426,7.8626609442060085,9.017334777898158,280,3,50,0.5,0.5,0.5,genetic,genetic,genetic,0.05,10
869,724,907,0.5426223990164166,0.5448463472640183,0.5138720153227377,8.433831990794015,7.509668508287293,9.312017640573318,281,3,50,0.5,0.5,0.5,genetic,genetic,genetic,0.05,10
830,767,903,0.5417712383682558,0.5453769491524713,0.5148855655698826,8.416867469879518,7.423728813559322,9.526024363233665,282,3,50,0.5,0.5,0.5,genetic,genetic,genetic,0.05,10
837,775,888,0.5408620911115941,0.5438235190177709,0.5155156404689857,8.244922341696535,7.290322580645161,9.594594594594595,283,3,50,0.5,0.5,0.5,genetic,genetic,genetic,0.05,10
829,796,875,0.5393913480378558,0.5423894266456758,0.5162482208019012,8.208685162846804,7.268844221105527,9.681142857142857,284,3,50,0.5,0.5,0.5,genetic,genetic,genetic,0.05,10
824,831,845,0.539993961540553,0.5411618627267506,0.5177995789722082,7.91626213592233,7.2587244283995185,9.720710059171598,285,3,50,0.5,0.5,0.5,genetic,genetic,genetic,0.05,10
835,862,803,0.538164998141093,0.5401827628816649,0.5174181502516361,7.605988023952095,7.2122969837587005,9.699875466998755,286,3,50,0.5,0.5,0.5,genetic,genetic,genetic,0.05,10
835,867,798,0.5391770959401824,0.5403029483196176,0.5172408112023812,7.552095808383234,7.259515570934256,9.62907268170426,287,3,50,0.5,0.5,0.5,genetic,genetic,genetic,0.05,10
835,901,764,0.5397583641203256,0.5387340107089013,0.5192534586936867,7.3065868263473055,7.279689234184239,9.583769633507853,288,3,50,0.5,0.5,0.5,genetic,genetic,genetic,0.05,10
839,907,754,0.5389416356923137,0.5375173266905914,0.5192811310096221,7.147794994040525,7.411245865490629,9.259946949602123,289,3,50,0.5,0.5,0.5,genetic,genetic,genetic,0.05,10
851,920,729,0.5397161701598991,0.5367459524097149,0.5197725614570475,7.175088131609871,7.641304347826087,9.126200274348422,290,3,50,0.5,0.5,0.5,genetic,genetic,genetic,0.05,10
859,911,730,0.5414760419779349,0.5357711669260949,0.5219311923180227,7.247962747380675,7.870472008781559,8.868493150684932,291,3,50,0.5,0.5,0.5,genetic,genetic,genetic,0.05,10
869,911,720,0.5412790846306212,0.5337429256883762,0.5246527066623197,7.387802071346375,8.193194291986828,8.58611111111111,292,3,50,0.5,0.5,0.5,genetic,genetic,genetic,0.05,10
869,913,718,0.5419691252213666,0.5324910703663637,0.5267177439231645,7.513233601841197,8.334063526834612,8.274373259052926,293,3,50,0.5,0.5,0.5,genetic,genetic,genetic,0.05,10
856,917,727,0.5424390069743981,0.5319911614351647,0.5273323782433175,7.73714953271028,8.559432933478735,8.044016506189822,294,3,50,0.5,0.5,0.5,genetic,genetic,genetic,0.05,10
830,934,736,0.5417122742204128,0.5306112413874041,0.5280614410085636,8.108433734939759,8.577087794432549,8.05163043478261,295,3,50,0.5,0.5,0.5,genetic,genetic,genetic,0.05,10
804,935,761,0.5413744006868796,0.5300376928617498,0.5267565493674392,8.342039800995025,8.655614973262033,7.92904073587385,296,3,50,0.5,0.5,0.5,genetic,genetic,genetic,0.05,10
776,932,792,0.5415595283317054,0.5284461185398502,0.5265079549151734,8.494845360824742,8.65450643776824,7.866161616161616,297,3,50,0.5,0.5,0.5,genetic,genetic,genetic,0.05,10
766,919,815,0.5418953873865779,0.5281697096167509,0.5284073382229653,8.533942558746736,8.609357997823722,7.7975460122699385,298,3,50,0.5,0.5,0.5,genetic,genetic,genetic,0.05,10
729,934,837,0.5399271038947606,0.5278091501791924,0.5279693717117179,8.718792866941016,8.637044967880085,7.995221027479092,299,3,50,0.5,0.5,0.5,genetic,genetic,genetic,0.05,10
696,942,862,0.5393137709804484,0.5276489375829486,0.5253770825276473,8.721264367816092,8.526539278131635,8.119489559164734,300,3,50,0.5,0.5,0.5,genetic,genetic,genetic,0.05,10
685,932,883,0.5394896914581754,0.5252953926424293,0.5265540634467196,8.56058394160584,8.433476394849786,8.124575311438278,301,3,50,0.5,0.5,0.5,genetic,genetic,genetic,0.05,10
686,924,890,0.5378882597874565,0.5238385094405859,0.5265739913178282,8.518950437317784,8.574675324675324,8.266292134831462,302,3,50,0.5,0.5,0.5,genetic,genetic,genetic,0.05,10
679,914,907,0.538882043699486,0.5219630980038273,0.5263504604687796,8.36818851251841,8.606126914660832,8.151047409040794,303,3,50,0.5,0.5,0.5,genetic,genetic,genetic,0.05,10
663,892,945,0.539634992516131,0.521592314457681,0.5259383752516601,8.38763197586727,8.647982062780269,8.106878306878308,304,3,50,0.5,0.5,0.5,genetic,genetic,genetic,0.05,10
650,883,967,0.5404018708192884,0.5213607636610587,0.5257395866366552,8.42153846153846,8.770101925254814,8.301964839710445,305,3,50,0.5,0.5,0.5,genetic,genetic,genetic,0.05,10
657,866,977,0.5401827179076535,0.523206725364944,0.5246949933996751,8.21613394216134,8.854503464203233,8.407369498464687,306,3,50,0.5,0.5,0.5,genetic,genetic,genetic,0.05,10
648,856,996,0.5387130003804701,0.5251313713463865,0.5238492014090006,8.157407407407407,8.643691588785046,8.578313253012048,307,3,50,0.5,0.5,0.5,genetic,genetic,genetic,0.05,10
664,830,1006,0.5416786211820603,0.5241800043159156,0.5233409728858927,8.102409638554217,8.893975903614457,8.782306163021868,308,3,50,0.5,0.5,0.5,genetic,genetic,genetic,0.05,10
674,815,1011,0.5420995252779495,0.5240235560939913,0.5222500683799907,7.808605341246291,9.062576687116565,8.927794263105836,309,3,50,0.5,0.5,0.5,genetic,genetic,genetic,0.05,10
699,810,991,0.5446849966437574,0.5244625266092692,0.5208741233896889,7.635193133047211,9.41604938271605,9.15539858728557,310,3,50,0.5,0.5,0.5,genetic,genetic,genetic,0.05,10
727,803,970,0.5444136419579706,0.5232708437109723,0.5221454592724073,7.449793672627235,9.55915317559153,9.296907216494846,311,3,50,0.5,0.5,0.5,genetic,genetic,genetic,0.05,10
762,792,946,0.5465032278104571,0.5234350715306165,0.5239513226082771,7.272965879265092,9.757575757575758,9.487315010570825,312,3,50,0.5,0.5,0.5,genetic,genetic,genetic,0.05,10
794,784,922,0.5478250974580161,0.5240952767006064,0.5255707841978323,7.171284634760705,9.830357142857142,9.491323210412148,313,3,50,0.5,0.5,0.5,genetic,genetic,genetic,0.05,10
808,786,906,0.5477349756675775,0.5256649264726545,0.5245715061689283,7.133663366336633,9.731552162849873,9.34878587196468,314,3,50,0.5,0.5,0.5,genetic,genetic,genetic,0.05,10
828,789,883,0.5487251209353725,0.5272514137737765,0.5243179335188016,7.269323671497585,9.629911280101394,9.336353340883353,315,3,50,0.5,0.5,0.5,genetic,genetic,genetic,0.05,10
839,774,887,0.5493787016752952,0.5279932226944828,0.5251689377571502,7.31227651966627,9.488372093023257,9.20856820744081,316,3,50,0.5,0.5,0.5,genetic,genetic,genetic,0.05,10
863,763,874,0.548393113093109,0.5282178103215504,0.5211585500460751,7.148319814600232,9.304062909567497,9.096109839816934,317,3,50,0.5,0.5,0.5,genetic,genetic,genetic,0.05,10
870,752,878,0.5496475122009469,0.5284405267504307,0.521116957132664,7.1770114942528735,9.037234042553191,8.888382687927107,318,3,50,0.5,0.5,0.5,genetic,genetic,genetic,0.05,10
904,750,846,0.5496201551561463,0.5285295402183188,0.5189498170466401,7.334070796460177,9.142666666666667,8.923167848699764,319,3,50,0.5,0.5,0.5,genetic,genetic,genetic,0.05,10
915,725,860,0.5513616971962186,0.5283339842323295,0.5198427921452813,7.5683060109289615,8.922758620689654,8.486046511627906,320,3,50,0.5,0.5,0.5,genetic,genetic,genetic,0.05,10
937,734,829,0.552035971933643,0.5297975373830324,0.5185526486472245,7.652081109925294,8.670299727520437,8.294330518697226,321,3,50,0.5,0.5,0.5,genetic,genetic,genetic,0.05,10
939,735,826,0.5512703487993591,0.5303383081418188,0.5198814617240379,7.618743343982961,8.398639455782313,8.25181598062954,322,3,50,0.5,0.5,0.5,genetic,genetic,genetic,0.05,10
950,718,832,0.5517201795314695,0.5284060116284941,0.5203968534398216,7.862105263157895,8.364902506963789,8.19951923076923,323,3,50,0.5,0.5,0.5,genetic,genetic,genetic,0.05,10
984,714,802,0.5511507929175402,0.5292838830092259,0.5207702088406707,8.040650406504065,8.31232492997199,8.33291770573566,324,3,50,0.5,0.5,0.5,genetic,genetic,genetic,0.05,10
1011,717,772,0.5514852587986023,0.5292535671601614,0.5207119909317037,8.122650840751731,8.309623430962343,8.36139896373057,325,3,50,0.5,0.5,0.5,genetic,genetic,genetic,0.05,10
995,753,752,0.5522542479590246,0.5307977432995303,0.518161734124906,8.071356783919597,7.872509960159363,8.352393617021276,326,3,50,0.5,0.5,0.5,genetic,genetic,genetic,0.05,10
1004,756,740,0.551981778419132,0.5321452562647713,0.5210125162145615,8.139442231075698,7.904761904761905,8.154054054054054,327,3,50,0.5,0.5,0.5,genetic,genetic,genetic,0.05,10
1009,770,721,0.5518026929854155,0.534782877336769,0.5212068019667957,8.138751238850347,7.811688311688312,8.091539528432733,328,3,50,0.5,0.5,0.5,genetic,genetic,genetic,0.05,10
994,803,703,0.5536634798211136,0.5359419694554274,0.5221090545040948,8.20523138832998,7.6699875466998755,8.06827880512091,329,3,50,0.5,0.5,0.5,genetic,genetic,genetic,0.05,10
964,838,698,0.5539378287252194,0.5364006362889264,0.5238754650495073,8.346473029045644,7.437947494033413,8.10888252148997,330,3,50,0.5,0.5,0.5,genetic,genetic,genetic,0.05,10
957,852,691,0.553438981497653,0.5382790095752273,0.525083511587985,8.442006269592477,7.495305164319249,7.903039073806078,331,3,50,0.5,0.5,0.5,genetic,genetic,genetic,0.05,10
947,857,696,0.5564145879062372,0.5400849126011931,0.5262773962888623,8.555438225976769,7.516919486581097,7.635057471264368,332,3,50,0.5,0.5,0.5,genetic,genetic,genetic,0.05,10
951,872,677,0.557257085183248,0.538797948156669,0.529804549582059,8.679284963196634,7.654816513761468,7.670605612998523,333,3,50,0.5,0.5,0.5,genetic,genetic,genetic,0.05,10
938,903,659,0.557227835848739,0.5400240452075814,0.5325229236071375,8.813432835820896,7.675526024363234,7.628224582701062,334,3,50,0.5,0.5,0.5,genetic,genetic,genetic,0.05,10
908,965,627,0.5571519166835488,0.5416404556945343,0.5337073327456133,8.765418502202643,7.737823834196891,7.773524720893142,335,3,50,0.5,0.5,0.5,genetic,genetic,genetic,0.05,10
885,1000,615,0.5577630132802748,0.54363102680822,0.5337846041696137,8.820338983050847,7.768,7.764227642276423,336,3,50,0.5,0.5,0.5,genetic,genetic,genetic,0.05,10
850,1013,637,0.558338550045911,0.5437042586514425,0.5327869316713209,9.034117647058823,8.027640671273446,7.634222919937206,337,3,50,0.5,0.5,0.5,genetic,genetic,genetic,0.05,10
830,1027,643,0.5588187495462672,0.5453473686436967,0.5330630268514138,9.118072289156627,8.165530671859786,7.510108864696734,338,3,50,0.5,0.5,0.5,genetic,genetic,genetic,0.05,10
814,1042,644,0.558949994117261,0.5461271691733695,0.5340995386868171,9.152334152334152,8.27447216890595,7.368012422360248,339,3,50,0.5,0.5,0.5,genetic,genetic,genetic,0.05,10
768,1082,650,0.5599522600300771,0.5467801417890511,0.533605026315962,9.10546875,8.32902033271719,7.355384615384615,340,3,50,0.5,0.5,0.5,genetic,genetic,genetic,0.05,10
748,1080,672,0.5589919239383799,0.5492814583941728,0.5354075643031638,9.12566844919786,8.347222222222221,7.2336309523809526,341,3,50,0.5,0.5,0.5,genetic,genetic,genetic,0.05,10
744,1091,665,0.5591763017474822,0.5517744171319009,0.5339701718108588,8.94489247311828,8.554537121906508,7.070676691729323,342,3,50,0.5,0.5,0.5,genetic,genetic,genetic,0.05,10
716,1101,683,0.5587028707113283,0.5530706083174057,0.5340188573079028,9.011173184357542,8.802906448683016,7.007320644216691,343,3,50,0.5,0.5,0.5,genetic,genetic,genetic,0.05,10
676,1119,705,0.5606448990851997,0.5513468153759414,0.5345938557845906,9.075443786982248,8.921358355674709,7.018439716312057,344,3,50,0.5,0.5,0.5,genetic,genetic,genetic,0.05,10
662,1084,754,0.5615043901577205,0.5528874923564742,0.533237429206342,9.102719033232628,9.11070110701107,6.954907161803714,345,3,50,0.5,0.5,0.5,genetic,genetic,genetic,0.05,10
618,1065,817,0.5606322075437938,0.5527619517861975,0.5340293485007617,9.079288025889968,9.152112676056339,6.962056303549572,346,3,50,0.5,0.5,0.5,genetic,genetic,genetic,0.05,10
595,1048,857,0.5624958367481266,0.5523115389123386,0.5331189394638285,8.685714285714285,9.261450381679388,6.914819136522754,347,3,50,0.5,0.5,0.5,genetic,genetic,genetic,0.05,10
603,1019,878,0.5629039140701199,0.5538325429724339,0.5332901535439777,8.477611940298507,9.452404317958782,6.924829157175399,348,3,50,0.5,0.5,0.5,genetic,genetic,genetic,0.05,10
601,977,922,0.5630543311213552,0.5544309583930856,0.5339053441599875,7.993344425956739,9.471852610030707,6.849240780911063,349,3,50,0.5,0.5,0.5,genetic,genetic,genetic,0.05,10
617,938,945,0.5630739614588212,0.5545479339041207,0.5353142934171738,7.53322528363047,9.554371002132196,6.923809523809524,350,3,50,0.5,0.5,0.5,genetic,genetic,genetic,0.05,10
616,889,995,0.564520904533361,0.5529696494753432,0.5375009734985705,7.446428571428571,9.582677165354331,6.971859296482412,351,3,50,0.5,0.5,0.5,genetic,genetic,genetic,0.05,10
625,853,1022,0.5630293638910938,0.5525441055729713,0.5378410461539433,7.2736,9.50293083235639,7.096868884540117,352,3,50,0.5,0.5,0.5,genetic,genetic,genetic,0.05,10
655,808,1037,0.5640150259326081,0.5533873998776554,0.5369420416471155,7.186259541984733,9.68440594059406,7.300867888138862,353,3,50,0.5,0.5,0.5,genetic,genetic,genetic,0.05,10
677,753,1070,0.5636609177576429,0.5531771132218294,0.5381074909084931,6.8124076809453475,9.523240371845949,7.242990654205608,354,3,50,0.5,0.5,0.5,genetic,genetic,genetic,0.05,10
727,701,1072,0.5612990609436611,0.5537403497074439,0.536186902067413,6.665749656121045,9.684736091298145,7.468283582089552,355,3,50,0.5,0.5,0.5,genetic,genetic,genetic,0.05,10
743,657,1100,0.5632974684425983,0.5534350102691749,0.537065055707722,6.9528936742934055,9.429223744292237,7.655454545454545,356,3,50,0.5,0.5,0.5,genetic,genetic,genetic,0.05,10
780,623,1097,0.5640915474649479,0.5526858069873212,0.535098865009206,7.092307692307692,9.412520064205458,7.8605287146763905,357,3,50,0.5,0.5,0.5,genetic,genetic,genetic,0.05,10
802,591,1107,0.5631747604573488,0.5525624479978444,0.5346679118202788,7.127182044887781,9.09306260575296,8.064137308039747,358,3,50,0.5,0.5,0.5,genetic,genetic,genetic,0.05,10
855,569,1076,0.5614761518337225,0.5515578713458852,0.5347778279032142,7.012865497076024,8.718804920913884,8.274163568773234,359,3,50,0.5,0.5,0.5,genetic,genetic,genetic,0.05,10
885,555,1060,0.560383499258248,0.5533410090898472,0.5370994017112188,7.070056497175141,8.073873873873874,8.445283018867924,360,3,50,0.5,0.5,0.5,genetic,genetic,genetic,0.05,10
882,568,1050,0.5597070083293313,0.5556547505132998,0.5366858144125829,7.188208616780045,7.408450704225352,8.607619047619048,361,3,50,0.5,0.5,0.5,genetic,genetic,genetic,0.05,10
943,572,985,0.5589192002382911,0.5513368013181766,0.5346858205189592,7.053022269353129,7.333916083916084,8.793908629441624,362,3,50,0.5,0.5,0.5,genetic,genetic,genetic,0.05,10
937,608,955,0.559405808469748,0.5520378266688718,0.5341610827835482,7.228388473852721,7.139802631578948,9.150785340314137,363,3,50,0.5,0.5,0.5,genetic,genetic,genetic,0.05,10
969,624,907,0.5590252739485315,0.5523701020888786,0.5336146164469856,7.242518059855521,6.996794871794871,9.276736493936053,364,3,50,0.5,0.5,0.5,genetic,genetic,genetic,0.05,10
973,655,872,0.560282176499775,0.5545147181453118,0.5350595765854113,7.220966084275437,6.636641221374046,9.442660550458715,365,3,50,0.5,0.5,0.5,genetic,genetic,genetic,0.05,10
982,686,832,0.5595162171167533,0.5543215516666202,0.5324172041924966,7.261710794297352,6.558309037900875,9.650240384615385,366,3,50,0.5,0.5,0.5,genetic,genetic,genetic,0.05,10
990,715,795,0.5595653041039907,0.5538502483571562,0.5343180565521373,7.423232323232323,6.629370629370629,10.032704402515723,367,3,50,0.5,0.5,0.5,genetic,genetic,genetic,0.05,10
979,741,780,0.560511608210482,0.5549746884180654,0.5349518682433381,7.491317671092952,6.611336032388664,10.080769230769231,368,3,50,0.5,0.5,0.5,genetic,genetic,genetic,0.05,10
1011,761,728,0.5639623821647949,0.55419084316199,0.536217983102049,7.501483679525222,6.886990801576872,10.17445054945055,369,3,50,0.5,0.5,0.5,genetic,genetic,genetic,0.05,10
996,813,691,0.5637639297124913,0.5547811478699615,0.5363005176814435,7.627510040160643,6.84009840098401,10.332850940665702,370,3,50,0.5,0.5,0.5,genetic,genetic,genetic,0.05,10
988,836,676,0.5632123483488277,0.5575356150980779,0.5376993088008045,7.90587044534413,6.967703349282297,10.25887573964497,371,3,50,0.5,0.5,0.5,genetic,genetic,genetic,0.05,10
992,879,629,0.5633765750445309,0.5581541550809489,0.5408716738735817,8.048387096774194,7.204778156996587,10.314785373608903,372,3,50,0.5,0.5,0.5,genetic,genetic,genetic,0.05,10
971,926,603,0.5626318774179218,0.5597051789142475,0.5402103932527438,8.057672502574665,7.275377969762419,9.918739635157545,373,3,50,0.5,0.5,0.5,genetic,genetic,genetic,0.05,10
955,980,565,0.5623327858631515,0.5591031680692017,0.5409344551645324,8.11937172774869,7.492857142857143,9.546902654867257,374,3,50,0.5,0.5,0.5,genetic,genetic,genetic,0.05,10
954,1030,516,0.5615921476774198,0.5584955229900869,0.5419652648709532,8.015723270440251,7.675728155339806,9.248062015503876,375,3,50,0.5,0.5,0.5,genetic,genetic,genetic,0.05,10
925,1070,505,0.5620011912035109,0.5572250608590277,0.5420038622467584,8.212972972972972,7.830841121495327,8.506930693069307,376,3,50,0.5,0.5,0.5,genetic,genetic,genetic,0.05,10
883,1095,522,0.5617370166814868,0.5557842615143613,0.543184410485658,8.489241223103058,8.000913242009132,7.745210727969349,377,3,50,0.5,0.5,0.5,genetic,genetic,genetic,0.05,10
861,1090,549,0.5609903960402806,0.5562551338651931,0.5414184341701502,8.707317073170731,8.331192660550458,7.327868852459017,378,3,50,0.5,0.5,0.5,genetic,genetic,genetic,0.05,10
840,1089,571,0.5608075734180681,0.5562951480906698,0.5406043495166368,8.786904761904761,8.532598714416896,6.7373029772329245,379,3,50,0.5,0.5,0.5,genetic,genetic,genetic,0.05,10
796,1095,609,0.562312058919213,0.5569311884979524,0.5442468940605598,9.010050251256281,8.646575342465754,6.594417077175698,380,3,50,0.5,0.5,0.5,genetic,genetic,genetic,0.05,10
759,1097,644,0.5625220740783834,0.5569041238742656,0.5454985749547213,9.163372859025033,8.755697356426618,6.3478260869565215,381,3,50,0.5,0.5,0.5,genetic,genetic,genetic,0.05,10
732,1105,663,0.5632708363608002,0.5565963517917614,0.546328609666181,9.26775956284153,8.93212669683258,6.432880844645551,382,3,50,0.5,0.5,0.5,genetic,genetic,genetic,0.05,10
680,1092,728,0.5622169556888534,0.5562494441331217,0.5460940744159619,9.229411764705882,8.972527472527473,6.343406593406593,383,3,50,0.5,0.5,0.5,genetic,genetic,genetic,0.05,10
618,1122,760,0.563691031488997,0.557464726242153,0.5475922099973511,9.147249190938512,8.827094474153297,6.464473684210526,384,3,50,0.5,0.5,0.5,genetic,genetic,genetic,0.05,10
613,1095,792,0.5647075431876991,0.5584222172960189,0.548556952433557,8.876019575856443,8.925114155251142,6.406565656565657,385,3,50,0.5,0.5,0.5,genetic,genetic,genetic,0.05,10
572,1083,845,0.5645433414166723,0.5572620050391981,0.5455781225309505,8.613636363636363,8.831024930747922,6.371597633136095,386,3,50,0.5,0.5,0.5,genetic,genetic,genetic,0.05,10
565,1044,891,0.5638394788592006,0.5583048728906781,0.5443413066525956,8.506194690265486,8.877394636015326,6.423120089786757,387,3,50,0.5,0.5,0.5,genetic,genetic,genetic,0.05,10
579,1007,914,0.5616509623131898,0.5594210047330198,0.5460870684633434,8.134715025906736,9.001986097318769,6.602844638949672,388,3,50,0.5,0.5,0.5,genetic,genetic,genetic,0.05,10
615,976,909,0.560203737487593,0.560555676849582,0.5461643988356687,7.559349593495935,9.30327868852459,6.811881188118812,389,3,50,0.5,0.5,0.5,genetic,genetic,genetic,0.05,10
650,943,907,0.5614446906330073,0.5601080157969864,0.5459791057003668,7.153846153846154,9.559915164369036,7.077177508269019,390,3,50,0.5,0.5,0.5,genetic,genetic,genetic,0.05,10
678,912,910,0.5622541923382481,0.5592147891170202,0.5449678466195833,7.088495575221239,9.599780701754385,7.268131868131868,391,3,50,0.5,0.5,0.5,genetic,genetic,genetic,0.05,10
705,908,887,0.5623082481875986,0.5576124456093957,0.5457881852349223,6.859574468085106,9.864537444933921,7.496054114994363,392,3,50,0.5,0.5,0.5,genetic,genetic,genetic,0.05,10
729,874,897,0.5643721203513582,0.5587003877772933,0.5458624906407843,6.868312757201646,9.947368421052632,7.4738015607580826,393,3,50,0.5,0.5,0.5,genetic,genetic,genetic,0.05,10
751,842,907,0.5618516444505913,0.5603358132484546,0.5469817170432675,6.941411451398136,10.136579572446555,7.467475192943771,394,3,50,0.5,0.5,0.5,genetic,genetic,genetic,0.05,10
799,822,879,0.5629987094705204,0.5604720667911525,0.5472970219106472,6.842302878598248,10.262773722627736,7.4755403868031856,395,3,50,0.5,0.5,0.5,genetic,genetic,genetic,0.05,10
829,792,879,0.5610510524967378,0.5610147709938751,0.5486412063709712,6.990349819059108,10.353535353535353,7.469852104664391,396,3,50,0.5,0.5,0.5,genetic,genetic,genetic,0.05,10
866,764,870,0.5591541528052116,0.5592706412458027,0.5500757078659386,7.1362586605080836,10.263089005235603,7.332183908045977,397,3,50,0.5,0.5,0.5,genetic,genetic,genetic,0.05,10
893,749,858,0.5595068684585381,0.5598772848154775,0.5506532065001548,7.3348264277715565,10.23497997329773,7.346153846153846,398,3,50,0.5,0.5,0.5,genetic,genetic,genetic,0.05,10
927,727,846,0.558543436345662,0.5600333768589584,0.5482375247024794,7.555555555555555,10.317744154057772,7.382978723404255,399,3,50,0.5,0.5,0.5,genetic,genetic,genetic,0.05,10
922,741,837,0.5602281192757036,0.5595132513027216,0.54811239558532,7.6193058568329715,9.843454790823213,7.459976105137396,400,3,50,0.5,0.5,0.5,genetic,genetic,genetic,0.05,10
916,753,831,0.558997985351559,0.5599203648374891,0.5503646640097334,7.783842794759825,9.292164674634794,7.5318892900120336,401,3,50,0.5,0.5,0.5,genetic,genetic,genetic,0.05,10
920,755,825,0.5604471634300233,0.5618495188840749,0.5516061611580361,7.923913043478261,9.017218543046358,7.5248484848484845,402,3,50,0.5,0.5,0.5,genetic,genetic,genetic,0.05,10
925,750,825,0.5631881464809735,0.5626544168566658,0.5512132225899626,8.090810810810812,8.810666666666666,7.721212121212122,403,3,50,0.5,0.5,0.5,genetic,genetic,genetic,0.05,10
949,756,795,0.563572803203542,0.561957847417851,0.5488063330934905,8.010537407797681,8.551587301587302,7.781132075471698,404,3,50,0.5,0.5,0.5,genetic,genetic,genetic,0.05,10
970,778,752,0.5654511280812203,0.5618780832978669,0.5482371984958547,8.02061855670103,8.228791773778921,7.9787234042553195,405,3,50,0.5,0.5,0.5,genetic,genetic,genetic,0.05,10
969,811,720,0.5670831443380026,0.5627135701954877,0.5455363310259578,7.95046439628483,8.018495684340321,8.027777777777779,406,3,50,0.5,0.5,0.5,genetic,genetic,genetic,0.05,10
959,860,681,0.5670132760295093,0.5643401020012565,0.5454914912308717,7.936392075078206,7.977906976744186,8.220264317180616,407,3,50,0.5,0.5,0.5,genetic,genetic,genetic,0.05,10
925,918,657,0.5682871728593806,0.5636541601979236,0.5466862033140331,8.215135135135135,7.869281045751634,8.365296803652969,408,3,50,0.5,0.5,0.5,genetic,genetic,genetic,0.05,10
938,941,621,0.5698511160431783,0.564625724372683,0.5486791780732808,8.222814498933902,7.9628055260361315,8.285024154589372,409,3,50,0.5,0.5,0.5,genetic,genetic,genetic,0.05,10
917,965,618,0.568935240153369,0.5651955031953956,0.5479229029421921,8.572519083969466,8.003108808290156,8.147249190938512,410,3,50,0.5,0.5,0.5,genetic,genetic,genetic,0.05,10
887,979,634,0.5675425701022193,0.5646887613938995,0.5445389505849223,8.798196166854567,8.08682328907048,8.209779179810726,411,3,50,0.5,0.5,0.5,genetic,genetic,genetic,0.05,10
841,1024,635,0.568331070387867,0.5646620829263093,0.5431196090034544,8.97859690844233,8.04296875,8.231496062992125,412,3,50,0.5,0.5,0.5,genetic,genetic,genetic,0.05,10
825,1028,647,0.5672765598448168,0.5648539498865084,0.5407814817670807,9.17939393939394,8.271400778210117,8.304482225656878,413,3,50,0.5,0.5,0.5,genetic,genetic,genetic,0.05,10
802,1025,673,0.5659410749375963,0.5638724285204523,0.5419280410114993,9.345386533665835,8.53951219512195,8.13372956909361,414,3,50,0.5,0.5,0.5,genetic,genetic,genetic,0.05,10
778,1027,695,0.5666450175805272,0.5628341600391655,0.5424817605707674,9.25706940874036,8.68062317429406,7.883453237410072,415,3,50,0.5,0.5,0.5,genetic,genetic,genetic,0.05,10
755,1038,707,0.5661855533027036,0.5622687871901594,0.5441994995488422,9.157615894039735,8.715799614643545,7.943422913719943,416,3,50,0.5,0.5,0.5,genetic,genetic,genetic,0.05,10
711,1037,752,0.5662408852215736,0.5612058797164722,0.5458015837607315,9.357243319268635,8.581485053037609,7.670212765957447,417,3,50,0.5,0.5,0.5,genetic,genetic,genetic,0.05,10
702,1023,775,0.5655540432129489,0.5622609398300429,0.5468779594831751,9.205128205128204,8.651026392961876,7.539354838709677,418,3,50,0.5,0.5,0.5,genetic,genetic,genetic,0.05,10
658,1012,830,0.5659925074257885,0.5622873634325068,0.5471879346757308,9.115501519756839,8.726284584980236,7.354216867469879,419,3,50,0.5,0.5,0.5,genetic,genetic,genetic,0.05,10
647,975,878,0.5664540163814732,0.561404676636183,0.5476934167340513,9.162287480680062,8.793846153846154,7.2505694760820045,420,3,50,0.5,0.5,0.5,genetic,genetic,genetic,0.05,10
639,948,913,0.5669822340762839,0.5608927517417275,0.5475742831395473,8.945226917057903,8.88396624472574,7.097480832420591,421,3,50,0.5,0.5,0.5,genetic,genetic,genetic,0.05,10
622,959,919,0.5667577787957502,0.560542924813326,0.5480424343961133,8.405144694533762,8.931178310740355,7.2491838955386285,422,3,50,0.5,0.5,0.5,genetic,genetic,genetic,0.05,10
633,925,942,0.5657620654802704,0.5608132934360197,0.5488225465732299,8.208530805687204,9.123243243243243,7.284501061571126,423,3,50,0.5,0.5,0.5,genetic,genetic,genetic,0.05,10
635,905,960,0.5668906635681796,0.5613175280128657,0.5497221341405083,7.817322834645669,8.89281767955801,7.442708333333333,424,3,50,0.5,0.5,0.5,genetic,genetic,genetic,0.05,10
643,883,974,0.5660460896209097,0.5623820583061507,0.5505205856877484,7.726283048211508,9.0079275198188,7.672484599589322,425,3,50,0.5,0.5,0.5,genetic,genetic,genetic,0.05,10
661,861,978,0.5661474217426388,0.5627822183432598,0.5510726144560347,7.285930408472012,8.846689895470384,7.833333333333333,426,3,50,0.5,0.5,0.5,genetic,genetic,genetic,0.05,10
684,816,1000,0.5638287816539918,0.5640984123792768,0.5483385814090589,7.2821637426900585,8.878676470588236,7.927,427,3,50,0.5,0.5,0.5,genetic,genetic,genetic,0.05,10
690,804,1006,0.5616228035548304,0.5635071388154229,0.5489802499996029,7.001449275362319,8.847014925373134,8.151093439363818,428,3,50,0.5,0.5,0.5,genetic,genetic,genetic,0.05,10
710,785,1005,0.5630567363234537,0.5625657673446622,0.5495836392498377,6.953521126760563,8.82547770700637,8.344278606965174,429,3,50,0.5,0.5,0.5,genetic,genetic,genetic,0.05,10
713,758,1029,0.5626636860068396,0.5642207553647155,0.5484976078621959,7.0897615708274895,8.936675461741425,8.465500485908649,430,3,50,0.5,0.5,0.5,genetic,genetic,genetic,0.05,10
731,731,1038,0.5639438178814459,0.5641068482136775,0.548795956531513,7.2298221614227085,8.978112175102599,8.547206165703276,431,3,50,0.5,0.5,0.5,genetic,genetic,genetic,0.05,10
761,700,1039,0.5614117527190665,0.5664681735955995,0.5481310404896361,7.09592641261498,8.927142857142858,8.610202117420597,432,3,50,0.5,0.5,0.5,genetic,genetic,genetic,0.05,10
780,686,1034,0.5601262172732591,0.5653784326293486,0.5480596469204098,7.053846153846154,8.721574344023324,8.680851063829786,433,3,50,0.5,0.5,0.5,genetic,genetic,genetic,0.05,10
826,669,1005,0.5581501749704477,0.5636544113327,0.5476901840440317,7.039951573849879,8.638266068759343,8.917412935323384,434,3,50,0.5,0.5,0.5,genetic,genetic,genetic,0.05,10
862,652,986,0.5595525535562059,0.5633396279124921,0.5467487642013712,7.140371229698376,8.315950920245399,9.145030425963489,435,3,50,0.5,0.5,0.5,genetic,genetic,genetic,0.05,10
872,650,978,0.5575346765587624,0.5655174046531675,0.5471281414202201,7.334862385321101,8.118461538461538,9.243353783231084,436,3,50,0.5,0.5,0.5,genetic,genetic,genetic,0.05,10
890,644,966,0.5576196814768265,0.564772810796471,0.5488245825573287,7.450561797752809,7.709627329192546,9.353002070393375,437,3,50,0.5,0.5,0.5,genetic,genetic,genetic,0.05,10
917,640,943,0.5568363907929519,0.5644333966798925,0.5496351907935122,7.464558342420938,7.5875,9.251325556733828,438,3,50,0.5,0.5,0.5,genetic,genetic,genetic,0.05,10
934,643,923,0.5563418243257334,0.5646869100961031,0.5502004935526185,7.571734475374733,7.485225505443235,9.287107258938246,439,3,50,0.5,0.5,0.5,genetic,genetic,genetic,0.05,10
964,630,906,0.5557853318195133,0.5656190908272292,0.550362132146603,7.695020746887967,7.415873015873016,9.293598233995585,440,3,50,0.5,0.5,0.5,genetic,genetic,genetic,0.05,10
978,627,895,0.5559792739462172,0.5649134802183272,0.5515957022495532,7.931492842535787,7.365231259968102,9.30391061452514,441,3,50,0.5,0.5,0.5,genetic,genetic,genetic,0.05,10
1001,631,868,0.5564608884215383,0.5644272744712997,0.5526342707722206,8.051948051948052,7.194928684627575,9.400921658986174,442,3,50,0.5,0.5,0.5,genetic,genetic,genetic,0.05,10
1028,643,829,0.558089897407501,0.566030113220504,0.5532319151000681,7.8180933852140075,7.108864696734059,9.35102533172497,443,3,50,0.5,0.5,0.5,genetic,genetic,genetic,0.05,10
1069,633,798,0.5568148865477592,0.562828275910773,0.5528514427731029,7.797942001870908,6.862559241706161,9.077694235588972,444,3,50,0.5,0.5,0.5,genetic,genetic,genetic,0.05,10
1090,660,750,0.5561367440787861,0.5634644501807966,0.551827499690113,7.89908256880734,6.759090909090909,8.976,445,3,50,0.5,0.5,0.5,genetic,genetic,genetic,0.05,10
1103,666,731,0.557196912917655,0.5632853537901709,0.5538702074495215,8.198549410698096,6.818318318318318,8.943912448700411,446,3,50,0.5,0.5,0.5,genetic,genetic,genetic,0.05,10
1104,697,699,0.5584157881101002,0.5658630611782061,0.5520245373825874,8.328804347826088,6.803443328550933,8.921316165951358,447,3,50,0.5,0.5,0.5,genetic,genetic,genetic,0.05,10
1103,726,671,0.5577234289937139,0.5667724713515809,0.5519129299592984,8.502266545784225,6.650137741046832,8.788375558867362,448,3,50,0.5,0.5,0.5,genetic,genetic,genetic,0.05,10
1085,764,651,0.5580066507652066,0.5665240184831739,0.5527968265387944,8.795391705069125,6.719895287958115,8.71889400921659,449,3,50,0.5,0.5,0.5,genetic,genetic,genetic,0.05,10
1054,798,648,0.5581753461738755,0.5665391280987154,0.5523740151672449,9.131878557874764,6.68922305764411,8.574074074074074,450,3,50,0.5,0.5,0.5,genetic,genetic,genetic,0.05,10
1026,821,653,0.5572072147813127,0.5650435449201547,0.5525061136791453,9.160818713450292,6.732034104750305,8.248085758039815,451,3,50,0.5,0.5,0.5,genetic,genetic,genetic,0.05,10
1000,851,649,0.5561958576959902,0.5653311059315138,0.5511226715139946,9.306,6.760282021151586,8.055469953775038,452,3,50,0.5,0.5,0.5,genetic,genetic,genetic,0.05,10
956,888,656,0.5560183937445278,0.5647494682684522,0.5520931400924685,9.401673640167363,6.868243243243243,8.262195121951219,453,3,50,0.5,0.5,0.5,genetic,genetic,genetic,0.05,10
933,911,656,0.5556531654123794,0.5660639428028772,0.5501888602956928,9.438370846730976,7.038419319429199,8.294207317073171,454,3,50,0.5,0.5,0.5,genetic,genetic,genetic,0.05,10
913,942,645,0.5566895318669298,0.5658075551846152,0.5492098812693696,9.408543263964951,7.288747346072187,8.413953488372092,455,3,50,0.5,0.5,0.5,genetic,genetic,genetic,0.05,10
882,956,662,0.5553824062117578,0.5664537703567432,0.5496907988143355,9.647392290249433,7.364016736401673,8.290030211480362,456,3,50,0.5,0.5,0.5,genetic,genetic,genetic,0.05,10
852,979,669,0.5566649109365114,0.5654079762413221,0.5474743867135206,9.62793427230047,7.441266598569969,8.146487294469358,457,3,50,0.5,0.5,0.5,genetic,genetic,genetic,0.05,10
797,1040,663,0.557596689020443,0.5662686109745763,0.5458328138225198,9.751568381430364,7.456730769230769,7.906485671191554,458,3,50,0.5,0.5,0.5,genetic,genetic,genetic,0.05,10
741,1063,696,0.5585407319719972,0.5661087145514446,0.546376020634328,9.959514170040485,7.539981185324553,7.7701149425287355,459,3,50,0.5,0.5,0.5,genetic,genetic,genetic,0.05,10
704,1075,721,0.5588009494717007,0.5655306295057654,0.5479543022425151,9.984375,7.6902325581395345,7.757281553398058,460,3,50,0.5,0.5,0.5,genetic,genetic,genetic,0.05,10
660,1092,748,0.5583031305499542,0.5652212922282431,0.548197577736498,9.868181818181819,7.90934065934066,7.75668449197861,461,3,50,0.5,0.5,0.5,genetic,genetic,genetic,0.05,10
643,1099,758,0.558022462149669,0.5663362675186856,0.5459292899427374,9.552099533437014,8.152866242038217,7.758575197889182,462,3,50,0.5,0.5,0.5,genetic,genetic,genetic,0.05,10
622,1095,783,0.5564155941147256,0.5667917866747592,0.5444109564135754,9.128617363344052,8.381735159817351,7.786717752234994,463,3,50,0.5,0.5,0.5,genetic,genetic,genetic,0.05,10
602,1068,830,0.554264407983232,0.5677214273837452,0.5430747838513718,8.943521594684386,8.593632958801498,7.627710843373494,464,3,50,0.5,0.5,0.5,genetic,genetic,genetic,0.05,10
577,1045,878,0.5534038615616531,0.5680980261816723,0.5424685050047043,8.850953206239168,8.94066985645933,7.724373576309795,465,3,50,0.5,0.5,0.5,genetic,genetic,genetic,0.05,10
541,1043,916,0.5490474514679404,0.5699475325375206,0.5443006166990465,8.700554528650647,8.99424736337488,7.854803493449782,466,3,50,0.5,0.5,0.5,genetic,genetic,genetic,0.05,10
525,995,980,0.5498808266541495,0.5695767444030094,0.5456719312977747,8.615238095238094,9.26934673366834,7.892857142857143,467,3,50,0.5,0.5,0.5,genetic,genetic,genetic,0.05,10
517,940,1043,0.5503973562221363,0.5688924219525529,0.5446571640807133,8.500967117988395,9.498936170212765,7.919463087248322,468,3,50,0.5,0.5,0.5,genetic,genetic,genetic,0.05,10
523,912,1065,0.5494145342195995,0.5701051923220546,0.5448075631191843,8.298279158699808,9.615131578947368,7.931455399061033,469,3,50,0.5,0.5,0.5,genetic,genetic,genetic,0.05,10
518,896,1086,0.5491676480108877,0.5719102721117117,0.5444808179550542,8.301158301158301,9.907366071428571,8.151933701657459,470,3,50,0.5,0.5,0.5,genetic,genetic,genetic,0.05,10
512,873,1115,0.5472368502648943,0.574748423817862,0.546040892059841,7.9296875,9.780068728522338,8.349775784753364,471,3,50,0.5,0.5,0.5,genetic,genetic,genetic,0.05,10
503,831,1166,0.5454374773003463,0.5747281213433835,0.54429753796091,7.608349900596422,9.59927797833935,8.499142367066895,472,3,50,0.5,0.5,0.5,genetic,genetic,genetic,0.05,10
520,818,1162,0.5457301182645814,0.5747549711333098,0.5438133559146514,7.1461538461538465,9.552567237163814,8.77538726333907,473,3,50,0.5,0.5,0.5,genetic,genetic,genetic,0.05,10
547,790,1163,0.5494727384019781,0.5746502964165819,0.5441872044801636,6.641681901279708,9.50632911392405,8.951848667239897,474,3,50,0.5,0.5,0.5,genetic,genetic,genetic,0.05,10
576,774,1150,0.5542420941782294,0.5744231599325541,0.5438959363484968,6.371527777777778,9.536175710594316,9.320869565217391,475,3,50,0.5,0.5,0.5,genetic,genetic,genetic,0.05,10
615,765,1120,0.5570484141509768,0.5733061189011549,0.5438707254473728,6.035772357723578,9.730718954248365,9.550892857142857,476,3,50,0.5,0.5,0.5,genetic,genetic,genetic,0.05,10
655,744,1101,0.556656868803846,0.5732160228234587,0.5441719134962205,5.964885496183206,9.579301075268818,9.736603088101726,477,3,50,0.5,0.5,0.5,genetic,genetic,genetic,0.05,10
688,722,1090,0.556667372997847,0.5721524303105748,0.544036251204103,5.921511627906977,9.554016620498615,9.777981651376146,478,3,50,0.5,0.5,0.5,genetic,genetic,genetic,0.05,10
734,674,1092,0.5564496756084466,0.5710112274529394,0.5439625072449588,6.010899182561308,9.770029673590505,9.80952380952381,479,3,50,0.5,0.5,0.5,genetic,genetic,genetic,0.05,10
800,649,1051,0.5566323635322089,0.5714156149755474,0.5436721149934133,6.08625,10.006163328197227,9.897240723120838,480,3,50,0.5,0.5,0.5,genetic,genetic,genetic,0.05,10
864,628,1008,0.5569250599279955,0.5707877323615111,0.5432436860524628,6.1875,10.280254777070065,10.075396825396826,481,3,50,0.5,0.5,0.5,genetic,genetic,genetic,0.05,10
932,613,955,0.5537567795186005,0.5703960400682444,0.5431378561247533,6.283261802575107,10.099510603588907,10.144502617801047,482,3,50,0.5,0.5,0.5,genetic,genetic,genetic,0.05,10
953,616,931,0.5540679670009582,0.5697979621265019,0.5439145067415176,6.524658971668416,9.810064935064934,10.167561761546724,483,3,50,0.5,0.5,0.5,genetic,genetic,genetic,0.05,10
995,613,892,0.5524558903915152,0.5710539233968173,0.542119895465462,6.728643216080402,9.469820554649266,10.20067264573991,484,3,50,0.5,0.5,0.5,genetic,genetic,genetic,0.05,10
1041,608,851,0.5511745643299305,0.5692054278951716,0.541620520844911,6.92507204610951,9.069078947368421,10.022326674500588,485,3,50,0.5,0.5,0.5,genetic,genetic,genetic,0.05,10
1062,626,812,0.5531596322789661,0.5662790005763977,0.5404922481697901,7.174199623352166,8.616613418530351,10.077586206896552,486,3,50,0.5,0.5,0.5,genetic,genetic,genetic,0.05,10
1081,649,770,0.5525666249273014,0.56663905335498,0.539355523053213,7.306197964847364,7.887519260400616,9.56103896103896,487,3,50,0.5,0.5,0.5,genetic,genetic,genetic,0.05,10
1100,662,738,0.5525204747570331,0.5642210013132837,0.5397678258803458,7.566363636363636,7.632930513595166,9.294037940379404,488,3,50,0.5,0.5,0.5,genetic,genetic,genetic,0.05,10
1116,689,695,0.5521912024115948,0.5625676089709856,0.5394094005183883,7.689068100358423,7.516690856313498,9.335251798561151,489,3,50,0.5,0.5,0.5,genetic,genetic,genetic,0.05,10
1123,723,654,0.5518280431920158,0.5613889041034539,0.5404424774239649,7.934105075690116,7.304287690179806,9.31039755351682,490,3,50,0.5,0.5,0.5,genetic,genetic,genetic,0.05,10
1105,758,637,0.5516282912535494,0.5607514914487634,0.5409863060495151,8.238009049773755,7.117414248021108,8.923076923076923,491,3,50,0.5,0.5,0.5,genetic,genetic,genetic,0.05,10
1084,798,618,0.5521801700591378,0.5611821075055484,0.5405413338737359,8.615313653136532,7.223057644110276,8.642394822006473,492,3,50,0.5,0.5,0.5,genetic,genetic,genetic,0.05,10
1071,822,607,0.5517630262892672,0.5603568166283651,0.5439705435072237,8.796451914098974,7.197080291970803,8.499176276771005,493,3,50,0.5,0.5,0.5,genetic,genetic,genetic,0.05,10
1049,863,588,0.5524254561173677,0.5601001138743451,0.5449968379738167,9.010486177311725,7.283893395133256,8.238095238095237,494,3,50,0.5,0.5,0.5,genetic,genetic,genetic,0.05,10
1033,886,581,0.5523638590719163,0.5561685873350443,0.5454397563752381,9.074540174249758,7.357787810383747,7.641996557659208,495,3,50,0.5,0.5,0.5,genetic,genetic,genetic,0.05,10
986,922,592,0.5536127170672415,0.5541925128114011,0.5439897090182907,9.310344827586206,7.390455531453362,7.508445945945946,496,3,50,0.5,0.5,0.5,genetic,genetic,genetic,0.05,10
958,939,603,0.5538784532021007,0.5526752189792524,0.5445159992868007,9.346555323590815,7.560170394036208,7.412935323383085,497,3,50,0.5,0.5,0.5,genetic,genetic,genetic,0.05,10
919,986,595,0.5549476439044276,0.552695799952477,0.5447283313725064,9.346028291621327,7.589249492900609,7.205042016806723,498,3,50,0.5,0.5,0.5,genetic,genetic,genetic,0.05,10
863,1038,599,0.5548451603023951,0.553794434865759,0.5412906171761356,9.190034762456547,7.508670520231214,7.063439065108514,499,3,50,0.5,0.5,0.5,genetic,genetic,genetic,0.05,10
