R_density,P_density,S_density,R_invasion,P_invasion,S_invasion,R_age,P_age,S_age,epoch,seed,grid_dim,R_init_invasion,P_init_invasion,S_init_invasion,R_policy,P_policy,S_policy
1802,1934,1889,0.2,0.5,0.5,0.0,0.0,0.0,0,0,75,0.2,0.5,0.5,inheritance,inheritance,inheritance
1668,1829,2128,0.2,0.5,0.5,1.0,1.0,1.0,1,0,75,0.2,0.5,0.5,inheritance,inheritance,inheritance
1549,1730,2346,0.19999999999999998,0.5,0.5,1.932859909619109,1.8734104046242774,1.8631713554987213,2,0,75,0.2,0.5,0.5,inheritance,inheritance,inheritance
1472,1657,2496,0.19999999999999998,0.5,0.5,2.766983695652174,2.6463488231744114,2.655849358974359,3,0,75,0.2,0.5,0.5,inheritance,inheritance,inheritance
1415,1516,2694,0.2,0.5,0.5,3.547703180212014,3.3515831134564644,3.3466963622865626,4,0,75,0.2,0.5,0.5,inheritance,inheritance,inheritance
1376,1365,2884,0.19999999999999996,0.5,0.5,4.226744186046512,3.989010989010989,3.973647711511789,5,0,75,0.2,0.5,0.5,inheritance,inheritance,inheritance
1368,1216,3041,0.19999999999999993,0.5,0.5,4.834795321637427,4.53125,4.5998026964814205,6,0,75,0.2,0.5,0.5,inheritance,inheritance,inheritance
1383,1066,3176,0.19999999999999993,0.5,0.5,5.3644251626898045,5.052532833020638,5.199622166246852,7,0,75,0.2,0.5,0.5,inheritance,inheritance,inheritance
1427,920,3278,0.19999999999999998,0.5,0.5,5.811492641906097,5.528260869565218,5.797742525930445,8,0,75,0.2,0.5,0.5,inheritance,inheritance,inheritance
1460,795,3370,0.2,0.5,0.5,6.315068493150685,5.877987421383648,6.416320474777448,9,0,75,0.2,0.5,0.5,inheritance,inheritance,inheritance
1535,668,3422,0.2,0.5,0.5,6.717263843648208,6.203592814371257,7.036820572764465,10,0,75,0.2,0.5,0.5,inheritance,inheritance,inheritance
1634,576,3415,0.19999999999999998,0.5,0.5,7.100367197062424,6.612847222222222,7.742020497803806,11,0,75,0.2,0.5,0.5,inheritance,inheritance,inheritance
1707,494,3424,0.2,0.5,0.5,7.467486818980668,6.461538461538462,8.380257009345794,12,0,75,0.2,0.5,0.5,inheritance,inheritance,inheritance
1816,435,3374,0.20000000000000004,0.5,0.5,7.772026431718062,6.544827586206897,9.07320687611144,13,0,75,0.2,0.5,0.5,inheritance,inheritance,inheritance
1937,372,3316,0.2,0.5,0.5,8.112028910686629,6.865591397849462,9.761761158021713,14,0,75,0.2,0.5,0.5,inheritance,inheritance,inheritance
2059,324,3242,0.20000000000000004,0.5,0.5,8.446818844099077,6.645061728395062,10.467612584824183,15,0,75,0.2,0.5,0.5,inheritance,inheritance,inheritance
2169,316,3140,0.19999999999999998,0.5,0.5,8.786998616874136,6.5094936708860756,11.247452229299363,16,0,75,0.2,0.5,0.5,inheritance,inheritance,inheritance
2304,280,3041,0.19999999999999998,0.5,0.5,9.113715277777779,6.603571428571429,11.932259125287734,17,0,75,0.2,0.5,0.5,inheritance,inheritance,inheritance
2449,263,2913,0.19999999999999998,0.5,0.5,9.407513270722744,6.076045627376426,12.606591143151391,18,0,75,0.2,0.5,0.5,inheritance,inheritance,inheritance
2577,250,2798,0.19999999999999996,0.5,0.5,9.796662786185488,5.932,13.340957827019299,19,0,75,0.2,0.5,0.5,inheritance,inheritance,inheritance
2687,258,2680,0.19999999999999996,0.5,0.5,10.215481950130258,5.62015503875969,14.070522388059702,20,0,75,0.2,0.5,0.5,inheritance,inheritance,inheritance
2826,256,2543,0.19999999999999998,0.5,0.5,10.517338995046002,5.49609375,14.757766417616988,21,0,75,0.2,0.5,0.5,inheritance,inheritance,inheritance
2945,271,2409,0.2,0.5,0.5,10.885568760611205,5.398523985239852,15.488999584889996,22,0,75,0.2,0.5,0.5,inheritance,inheritance,inheritance
3065,290,2270,0.2,0.5,0.5,11.255464926590538,5.2827586206896555,16.19295154185022,23,0,75,0.2,0.5,0.5,inheritance,inheritance,inheritance
3166,295,2164,0.2,0.5,0.5,11.629816803537587,5.193220338983051,16.67513863216266,24,0,75,0.2,0.5,0.5,inheritance,inheritance,inheritance
3261,326,2038,0.19999999999999998,0.5,0.5,12.02821220484514,4.984662576687117,17.27379784102061,25,0,75,0.2,0.5,0.5,inheritance,inheritance,inheritance
3363,328,1934,0.2,0.5,0.5,12.506393101397562,5.100609756097561,17.815925542916236,26,0,75,0.2,0.5,0.5,inheritance,inheritance,inheritance
3450,337,1838,0.2,0.5,0.5,12.969565217391304,5.228486646884273,18.239390642002178,27,0,75,0.2,0.5,0.5,inheritance,inheritance,inheritance
3525,341,1759,0.2,0.5,0.5,13.421560283687944,5.2082111436950145,18.42239909039227,28,0,75,0.2,0.5,0.5,inheritance,inheritance,inheritance
3590,360,1675,0.2,0.5,0.5,13.90724233983287,5.116666666666666,18.85373134328358,29,0,75,0.2,0.5,0.5,inheritance,inheritance,inheritance
3667,383,1575,0.2,0.5,0.5,14.343877829288246,5.195822454308094,19.260952380952382,30,0,75,0.2,0.5,0.5,inheritance,inheritance,inheritance
3727,418,1480,0.2,0.5,0.5,14.784813522940704,5.172248803827751,19.623648648648647,31,0,75,0.2,0.5,0.5,inheritance,inheritance,inheritance
3801,442,1382,0.2,0.5,0.5,15.232044198895027,5.398190045248869,19.888567293777136,32,0,75,0.2,0.5,0.5,inheritance,inheritance,inheritance
3865,470,1290,0.2,0.5,0.5,15.626908150064683,5.461702127659574,19.863565891472867,33,0,75,0.2,0.5,0.5,inheritance,inheritance,inheritance
3887,509,1229,0.2,0.5,0.5,16.16593774118858,5.477406679764243,19.879576891781937,34,0,75,0.2,0.5,0.5,inheritance,inheritance,inheritance
3887,553,1185,0.2,0.5,0.5,16.70002572678158,5.359855334538879,19.62447257383966,35,0,75,0.2,0.5,0.5,inheritance,inheritance,inheritance
3887,586,1152,0.2,0.5,0.5,17.228968356058658,5.353242320819112,19.15625,36,0,75,0.2,0.5,0.5,inheritance,inheritance,inheritance
3870,631,1124,0.2,0.5,0.5,17.807751937984495,5.358161648177496,18.79626334519573,37,0,75,0.2,0.5,0.5,inheritance,inheritance,inheritance
3881,653,1091,0.2,0.5,0.5,18.37078072661685,5.614088820826953,18.374885426214483,38,0,75,0.2,0.5,0.5,inheritance,inheritance,inheritance
3842,728,1055,0.2,0.5,0.5,18.903695991671004,5.678571428571429,18.318483412322276,39,0,75,0.2,0.5,0.5,inheritance,inheritance,inheritance
3817,787,1021,0.2,0.5,0.5,19.352632957820276,5.866581956797967,17.997061704211557,40,0,75,0.2,0.5,0.5,inheritance,inheritance,inheritance
3758,865,1002,0.20000000000000004,0.5,0.5,19.98616285258116,5.886705202312139,17.597804391217565,41,0,75,0.2,0.5,0.5,inheritance,inheritance,inheritance
3695,948,982,0.2,0.5,0.5,20.54316644113667,5.95042194092827,16.822810590631363,42,0,75,0.2,0.5,0.5,inheritance,inheritance,inheritance
3608,1004,1013,0.2,0.5,0.5,21.159368070953438,6.014940239043825,15.969397828232971,43,0,75,0.2,0.5,0.5,inheritance,inheritance,inheritance
3530,1047,1048,0.2,0.5,0.5,21.74985835694051,6.10792741165234,15.415076335877863,44,0,75,0.2,0.5,0.5,inheritance,inheritance,inheritance
3429,1108,1088,0.2,0.5,0.5,22.344998541848934,6.097472924187725,14.696691176470589,45,0,75,0.2,0.5,0.5,inheritance,inheritance,inheritance
3306,1210,1109,0.2,0.5,0.5,22.891107078039926,6.059504132231405,14.247971145175834,46,0,75,0.2,0.5,0.5,inheritance,inheritance,inheritance
3182,1300,1143,0.20000000000000004,0.5,0.5,23.489943431803898,5.974615384615385,14.015748031496063,47,0,75,0.2,0.5,0.5,inheritance,inheritance,inheritance
3078,1337,1210,0.19999999999999998,0.5,0.5,24.13125406107862,6.12041884816754,13.349586776859503,48,0,75,0.2,0.5,0.5,inheritance,inheritance,inheritance
2972,1392,1261,0.19999999999999998,0.5,0.5,24.55114401076716,6.248563218390805,12.852498017446472,49,0,75,0.2,0.5,0.5,inheritance,inheritance,inheritance
2855,1473,1297,0.19999999999999996,0.5,0.5,24.970227670753065,6.381534283774609,12.629144178874325,50,0,75,0.2,0.5,0.5,inheritance,inheritance,inheritance
2710,1543,1372,0.2,0.5,0.5,25.402583025830257,6.4180168502916395,12.199708454810496,51,0,75,0.2,0.5,0.5,inheritance,inheritance,inheritance
2576,1611,1438,0.19999999999999998,0.5,0.5,25.738742236024844,6.500310366232154,11.668289290681502,52,0,75,0.2,0.5,0.5,inheritance,inheritance,inheritance
2456,1658,1511,0.19999999999999998,0.5,0.5,26.13843648208469,6.644149577804584,11.324288550628722,53,0,75,0.2,0.5,0.5,inheritance,inheritance,inheritance
2333,1693,1599,0.19999999999999996,0.5,0.5,26.31204457779683,6.741287655050207,10.913696060037523,54,0,75,0.2,0.5,0.5,inheritance,inheritance,inheritance
2215,1720,1690,0.19999999999999996,0.5,0.5,26.41218961625282,6.879069767441861,10.640236686390532,55,0,75,0.2,0.5,0.5,inheritance,inheritance,inheritance
2108,1734,1783,0.2,0.5,0.5,26.41888045540797,7.0455594002306805,10.408861469433539,56,0,75,0.2,0.5,0.5,inheritance,inheritance,inheritance
1970,1756,1899,0.20000000000000007,0.5,0.5,26.408629441624367,7.011958997722096,10.293312269615587,57,0,75,0.2,0.5,0.5,inheritance,inheritance,inheritance
1868,1778,1979,0.2,0.5,0.5,26.24678800856531,7.21541057367829,10.378979282465892,58,0,75,0.2,0.5,0.5,inheritance,inheritance,inheritance
1756,1754,2115,0.20000000000000004,0.5,0.5,25.757972665148063,7.294754846066135,10.272813238770686,59,0,75,0.2,0.5,0.5,inheritance,inheritance,inheritance
1677,1731,2217,0.19999999999999998,0.5,0.5,25.12283840190817,7.508376660889659,10.372575552548488,60,0,75,0.2,0.5,0.5,inheritance,inheritance,inheritance
1601,1736,2288,0.19999999999999998,0.5,0.5,24.434103685196753,7.722350230414746,10.608828671328672,61,0,75,0.2,0.5,0.5,inheritance,inheritance,inheritance
1530,1695,2400,0.2,0.5,0.5,23.78235294117647,7.815339233038348,10.6125,62,0,75,0.2,0.5,0.5,inheritance,inheritance,inheritance
1490,1635,2500,0.2,0.5,0.5,22.522147651006712,8.018960244648317,10.7156,63,0,75,0.2,0.5,0.5,inheritance,inheritance,inheritance
1455,1584,2586,0.2,0.5,0.5,21.40824742268041,8.181818181818182,10.824052590873936,64,0,75,0.2,0.5,0.5,inheritance,inheritance,inheritance
1418,1530,2677,0.19999999999999998,0.5,0.5,20.351904090267983,8.292156862745099,10.989914082928651,65,0,75,0.2,0.5,0.5,inheritance,inheritance,inheritance
1365,1470,2790,0.19999999999999996,0.5,0.5,19.3018315018315,8.319727891156463,11.162007168458782,66,0,75,0.2,0.5,0.5,inheritance,inheritance,inheritance
1334,1381,2910,0.19999999999999996,0.5,0.5,18.751874062968515,8.40260680666184,11.362886597938145,67,0,75,0.2,0.5,0.5,inheritance,inheritance,inheritance
1346,1276,3003,0.19999999999999996,0.5,0.5,17.64710252600297,8.531347962382446,11.488844488844489,68,0,75,0.2,0.5,0.5,inheritance,inheritance,inheritance
1374,1206,3045,0.19999999999999996,0.5,0.5,16.74890829694323,8.844941956882256,11.810837438423645,69,0,75,0.2,0.5,0.5,inheritance,inheritance,inheritance
1392,1137,3096,0.19999999999999998,0.5,0.5,15.72198275862069,9.062445030782762,12.113372093023257,70,0,75,0.2,0.5,0.5,inheritance,inheritance,inheritance
1391,1063,3171,0.19999999999999996,0.5,0.5,15.218547807332854,9.095954844778927,12.458215074109114,71,0,75,0.2,0.5,0.5,inheritance,inheritance,inheritance
1419,995,3211,0.19999999999999996,0.5,0.5,14.698379140239606,9.17889447236181,12.81002802865151,72,0,75,0.2,0.5,0.5,inheritance,inheritance,inheritance
1445,920,3260,0.2,0.5,0.5,14.224221453287198,9.11304347826087,13.110429447852761,73,0,75,0.2,0.5,0.5,inheritance,inheritance,inheritance
1456,861,3308,0.19999999999999998,0.5,0.5,14.26923076923077,9.245063879210221,13.55229746070133,74,0,75,0.2,0.5,0.5,inheritance,inheritance,inheritance
1488,782,3355,0.19999999999999998,0.5,0.5,14.311155913978494,9.55626598465473,13.960059612518629,75,0,75,0.2,0.5,0.5,inheritance,inheritance,inheritance
1527,697,3401,0.19999999999999998,0.5,0.5,14.348395546823838,9.842180774748924,14.360776242281682,76,0,75,0.2,0.5,0.5,inheritance,inheritance,inheritance
1609,607,3409,0.2,0.5,0.5,14.149782473586079,9.98682042833608,14.738633030214139,77,0,75,0.2,0.5,0.5,inheritance,inheritance,inheritance
1702,531,3392,0.2,0.5,0.5,13.892479435957696,10.009416195856874,15.03242924528302,78,0,75,0.2,0.5,0.5,inheritance,inheritance,inheritance
1770,480,3375,0.2,0.5,0.5,13.927683615819209,9.789583333333333,15.434962962962963,79,0,75,0.2,0.5,0.5,inheritance,inheritance,inheritance
1829,414,3382,0.20000000000000004,0.5,0.5,14.057408419901586,9.618357487922705,15.89591957421644,80,0,75,0.2,0.5,0.5,inheritance,inheritance,inheritance
1912,372,3341,0.20000000000000004,0.5,0.5,14.04968619246862,9.274193548387096,16.353486979946123,81,0,75,0.2,0.5,0.5,inheritance,inheritance,inheritance
1984,334,3307,0.20000000000000004,0.5,0.5,14.168850806451612,8.937125748502995,16.784699123072272,82,0,75,0.2,0.5,0.5,inheritance,inheritance,inheritance
2051,310,3264,0.2,0.5,0.5,14.394441735738663,8.116129032258064,17.332720588235293,83,0,75,0.2,0.5,0.5,inheritance,inheritance,inheritance
2138,285,3202,0.19999999999999998,0.5,0.5,14.50420954162769,7.726315789473684,17.81636477201749,84,0,75,0.2,0.5,0.5,inheritance,inheritance,inheritance
2219,281,3125,0.19999999999999998,0.5,0.5,14.609734114465976,7.483985765124555,18.45344,85,0,75,0.2,0.5,0.5,inheritance,inheritance,inheritance
2296,267,3062,0.19999999999999998,0.5,0.5,14.900696864111499,7.453183520599251,18.96930111038537,86,0,75,0.2,0.5,0.5,inheritance,inheritance,inheritance
2370,266,2989,0.2,0.5,0.5,15.172573839662448,7.304511278195489,19.619939779190364,87,0,75,0.2,0.5,0.5,inheritance,inheritance,inheritance
2444,261,2920,0.19999999999999998,0.5,0.5,15.438625204582651,6.475095785440613,20.226369863013698,88,0,75,0.2,0.5,0.5,inheritance,inheritance,inheritance
2503,286,2836,0.19999999999999996,0.5,0.5,15.685976827806632,5.895104895104895,20.872355430183358,89,0,75,0.2,0.5,0.5,inheritance,inheritance,inheritance
2560,315,2750,0.19999999999999998,0.5,0.5,15.915625,5.574603174603174,21.507636363636365,90,0,75,0.2,0.5,0.5,inheritance,inheritance,inheritance
2604,342,2679,0.19999999999999998,0.5,0.5,16.121351766513058,5.116959064327485,22.03471444568869,91,0,75,0.2,0.5,0.5,inheritance,inheritance,inheritance
2648,364,2613,0.19999999999999996,0.5,0.5,16.44297583081571,5.156593406593407,22.625334864140836,92,0,75,0.2,0.5,0.5,inheritance,inheritance,inheritance
2716,370,2539,0.19999999999999998,0.5,0.5,16.659057437407952,5.275675675675676,23.118550610476564,93,0,75,0.2,0.5,0.5,inheritance,inheritance,inheritance
2755,383,2487,0.19999999999999996,0.5,0.5,16.92667876588022,5.250652741514361,23.535182951347004,94,0,75,0.2,0.5,0.5,inheritance,inheritance,inheritance
2827,394,2404,0.19999999999999996,0.5,0.5,17.02370003537319,5.192893401015229,23.87853577371048,95,0,75,0.2,0.5,0.5,inheritance,inheritance,inheritance
2881,427,2317,0.2,0.5,0.5,17.245053800763625,5.231850117096019,24.604229607250755,96,0,75,0.2,0.5,0.5,inheritance,inheritance,inheritance
2956,436,2233,0.19999999999999998,0.5,0.5,17.402232746955345,5.506880733944954,25.038513210927004,97,0,75,0.2,0.5,0.5,inheritance,inheritance,inheritance
3005,466,2154,0.19999999999999996,0.5,0.5,17.58901830282862,5.465665236051502,25.438718662952645,98,0,75,0.2,0.5,0.5,inheritance,inheritance,inheritance
3031,504,2090,0.19999999999999998,0.5,0.5,17.735730781920157,5.535714285714286,25.72153110047847,99,0,75,0.2,0.5,0.5,inheritance,inheritance,inheritance
3073,530,2022,0.19999999999999998,0.5,0.5,17.951838594207615,5.637735849056604,25.909990108803164,100,0,75,0.2,0.5,0.5,inheritance,inheritance,inheritance
3098,559,1968,0.19999999999999998,0.5,0.5,18.122014202711426,5.728085867620751,26.135162601626018,101,0,75,0.2,0.5,0.5,inheritance,inheritance,inheritance
3130,573,1922,0.2,0.5,0.5,18.366453674121406,5.949389179755672,26.170655567117585,102,0,75,0.2,0.5,0.5,inheritance,inheritance,inheritance
3167,601,1857,0.20000000000000004,0.5,0.5,18.57751815598358,6.091514143094842,26.306946688206786,103,0,75,0.2,0.5,0.5,inheritance,inheritance,inheritance
3184,621,1820,0.19999999999999998,0.5,0.5,18.785489949748744,6.082125603864735,26.201648351648352,104,0,75,0.2,0.5,0.5,inheritance,inheritance,inheritance
3209,650,1766,0.19999999999999998,0.5,0.5,18.942038018074168,6.08,26.12400906002265,105,0,75,0.2,0.5,0.5,inheritance,inheritance,inheritance
3208,708,1709,0.2,0.5,0.5,19.153054862842893,6.062146892655368,26.14862492685781,106,0,75,0.2,0.5,0.5,inheritance,inheritance,inheritance
3200,722,1703,0.2,0.5,0.5,19.5175,6.055401662049862,25.652965355255432,107,0,75,0.2,0.5,0.5,inheritance,inheritance,inheritance
3188,782,1655,0.2,0.5,0.5,19.821831869510664,6.071611253196931,25.57703927492447,108,0,75,0.2,0.5,0.5,inheritance,inheritance,inheritance
3190,823,1612,0.2,0.5,0.5,20.022884012539183,6.185905224787363,25.333746898263026,109,0,75,0.2,0.5,0.5,inheritance,inheritance,inheritance
3151,866,1608,0.2,0.5,0.5,20.406854966677244,6.227482678983834,24.87313432835821,110,0,75,0.2,0.5,0.5,inheritance,inheritance,inheritance
3129,905,1591,0.19999999999999998,0.5,0.5,20.70661553211889,6.293922651933702,24.265241986172217,111,0,75,0.2,0.5,0.5,inheritance,inheritance,inheritance
3106,975,1544,0.19999999999999998,0.5,0.5,20.677720540888604,6.242051282051282,23.635362694300518,112,0,75,0.2,0.5,0.5,inheritance,inheritance,inheritance
3086,996,1543,0.2,0.5,0.5,20.954309786130914,6.493975903614458,22.990926766040182,113,0,75,0.2,0.5,0.5,inheritance,inheritance,inheritance
3065,1000,1560,0.2,0.5,0.5,21.303099510603587,6.7,22.200641025641026,114,0,75,0.2,0.5,0.5,inheritance,inheritance,inheritance
3036,1029,1560,0.19999999999999998,0.5,0.5,21.59288537549407,6.836734693877551,21.655128205128204,115,0,75,0.2,0.5,0.5,inheritance,inheritance,inheritance
2960,1077,1588,0.2,0.5,0.5,21.86993243243243,6.705663881151346,20.847607052896727,116,0,75,0.2,0.5,0.5,inheritance,inheritance,inheritance
2902,1101,1622,0.19999999999999998,0.5,0.5,22.280496209510684,6.7238873751135335,20.268803945745994,117,0,75,0.2,0.5,0.5,inheritance,inheritance,inheritance
2879,1131,1615,0.19999999999999998,0.5,0.5,22.39562348037513,6.892130857648099,19.83219814241486,118,0,75,0.2,0.5,0.5,inheritance,inheritance,inheritance
2822,1180,1623,0.19999999999999996,0.5,0.5,22.47236002834869,6.861016949152543,19.05422057917437,119,0,75,0.2,0.5,0.5,inheritance,inheritance,inheritance
2793,1174,1658,0.19999999999999996,0.5,0.5,22.53705692803437,6.9216354344122655,17.99577804583836,120,0,75,0.2,0.5,0.5,inheritance,inheritance,inheritance
2725,1216,1684,0.19999999999999996,0.5,0.5,22.807339449541285,6.9555921052631575,17.821258907363422,121,0,75,0.2,0.5,0.5,inheritance,inheritance,inheritance
2665,1246,1714,0.2,0.5,0.5,22.990994371482177,7.057784911717496,17.421820303383896,122,0,75,0.2,0.5,0.5,inheritance,inheritance,inheritance
2577,1292,1756,0.19999999999999996,0.5,0.5,23.340706247574698,7.059597523219814,17.279043280182233,123,0,75,0.2,0.5,0.5,inheritance,inheritance,inheritance
2485,1341,1799,0.19999999999999998,0.5,0.5,23.18229376257545,7.04772557792692,16.887715397443024,124,0,75,0.2,0.5,0.5,inheritance,inheritance,inheritance
2405,1367,1853,0.2,0.5,0.5,23.25821205821206,7.00512070226774,16.550998381003776,125,0,75,0.2,0.5,0.5,inheritance,inheritance,inheritance
2347,1365,1913,0.19999999999999998,0.5,0.5,23.406476352790797,7.106227106227106,16.033455305802406,126,0,75,0.2,0.5,0.5,inheritance,inheritance,inheritance
2269,1389,1967,0.19999999999999998,0.5,0.5,23.39268400176289,7.167746580273578,15.632435180477884,127,0,75,0.2,0.5,0.5,inheritance,inheritance,inheritance
2210,1397,2018,0.19999999999999996,0.5,0.5,23.3868778280543,7.318539727988547,15.529236868186324,128,0,75,0.2,0.5,0.5,inheritance,inheritance,inheritance
2127,1417,2081,0.19999999999999998,0.5,0.5,23.241184767277858,7.217360621030346,15.16722729456992,129,0,75,0.2,0.5,0.5,inheritance,inheritance,inheritance
2059,1411,2155,0.20000000000000004,0.5,0.5,23.151529868868383,7.319631467044649,14.931786542923433,130,0,75,0.2,0.5,0.5,inheritance,inheritance,inheritance
1983,1421,2221,0.2,0.5,0.5,23.068582955118508,7.4574243490499645,14.904997748761819,131,0,75,0.2,0.5,0.5,inheritance,inheritance,inheritance
1933,1418,2274,0.2,0.5,0.5,22.665804449042938,7.5627644569816646,14.842568161829375,132,0,75,0.2,0.5,0.5,inheritance,inheritance,inheritance
1859,1452,2314,0.20000000000000004,0.5,0.5,22.07799892415277,7.537878787878788,14.919187554019015,133,0,75,0.2,0.5,0.5,inheritance,inheritance,inheritance
1810,1447,2368,0.2,0.5,0.5,21.39281767955801,7.7505183137525915,14.89695945945946,134,0,75,0.2,0.5,0.5,inheritance,inheritance,inheritance
1754,1436,2435,0.2,0.5,0.5,21.118015963511972,7.927576601671309,14.855441478439426,135,0,75,0.2,0.5,0.5,inheritance,inheritance,inheritance
1699,1422,2504,0.20000000000000004,0.5,0.5,20.821659799882283,8.074542897327708,15.03035143769968,136,0,75,0.2,0.5,0.5,inheritance,inheritance,inheritance
1656,1423,2546,0.20000000000000004,0.5,0.5,20.33514492753623,8.281799016163037,15.209347996857817,137,0,75,0.2,0.5,0.5,inheritance,inheritance,inheritance
1619,1422,2584,0.19999999999999998,0.5,0.5,19.79802347127857,8.445147679324894,15.318885448916408,138,0,75,0.2,0.5,0.5,inheritance,inheritance,inheritance
1580,1391,2654,0.2,0.5,0.5,19.11898734177215,8.525521207764198,15.40580256217031,139,0,75,0.2,0.5,0.5,inheritance,inheritance,inheritance
1548,1363,2714,0.2,0.5,0.5,18.439922480620154,8.715333822450477,15.471260132645542,140,0,75,0.2,0.5,0.5,inheritance,inheritance,inheritance
1540,1300,2785,0.2,0.5,0.5,17.90844155844156,8.95,15.424416517055656,141,0,75,0.2,0.5,0.5,inheritance,inheritance,inheritance
1525,1258,2842,0.2,0.5,0.5,17.521311475409835,9.0302066772655,15.562280084447572,142,0,75,0.2,0.5,0.5,inheritance,inheritance,inheritance
1527,1198,2900,0.19999999999999998,0.5,0.5,16.903732809430256,9.117696160267112,15.569310344827587,143,0,75,0.2,0.5,0.5,inheritance,inheritance,inheritance
1552,1121,2952,0.19999999999999998,0.5,0.5,16.269974226804123,9.077609277430865,15.452235772357724,144,0,75,0.2,0.5,0.5,inheritance,inheritance,inheritance
1566,1078,2981,0.19999999999999998,0.5,0.5,16.05044699872286,9.360853432282005,15.748071117074806,145,0,75,0.2,0.5,0.5,inheritance,inheritance,inheritance
1588,1019,3018,0.2,0.5,0.5,15.499370277078086,9.346418056918548,15.907223326706427,146,0,75,0.2,0.5,0.5,inheritance,inheritance,inheritance
1629,946,3050,0.19999999999999998,0.5,0.5,15.338244321669736,9.497885835095138,15.974426229508197,147,0,75,0.2,0.5,0.5,inheritance,inheritance,inheritance
1651,904,3070,0.20000000000000004,0.5,0.5,15.251968503937007,9.470132743362832,16.234201954397395,148,0,75,0.2,0.5,0.5,inheritance,inheritance,inheritance
1691,842,3092,0.20000000000000004,0.5,0.5,15.059727971614429,9.596199524940618,16.372897800776197,149,0,75,0.2,0.5,0.5,inheritance,inheritance,inheritance
1751,767,3107,0.20000000000000004,0.5,0.5,14.77441462021702,9.661016949152541,16.574187318957193,150,0,75,0.2,0.5,0.5,inheritance,inheritance,inheritance
1797,725,3103,0.19999999999999998,0.5,0.5,14.722871452420701,9.572413793103449,16.93103448275862,151,0,75,0.2,0.5,0.5,inheritance,inheritance,inheritance
1862,673,3090,0.2,0.5,0.5,14.588077336197637,9.347696879643388,17.014563106796118,152,0,75,0.2,0.5,0.5,inheritance,inheritance,inheritance
1933,600,3092,0.2,0.5,0.5,14.585618210036213,9.265,17.185316946959897,153,0,75,0.2,0.5,0.5,inheritance,inheritance,inheritance
1984,576,3065,0.20000000000000004,0.5,0.5,14.585685483870968,9.15451388888889,17.58564437194127,154,0,75,0.2,0.5,0.5,inheritance,inheritance,inheritance
2042,558,3025,0.20000000000000004,0.5,0.5,14.613614103819785,8.725806451612904,18.019173553719007,155,0,75,0.2,0.5,0.5,inheritance,inheritance,inheritance
2123,542,2960,0.19999999999999998,0.5,0.5,14.472444653791804,8.333948339483396,18.353716216216217,156,0,75,0.2,0.5,0.5,inheritance,inheritance,inheritance
2188,518,2919,0.19999999999999996,0.5,0.5,14.575868372943328,8.287644787644787,18.632065775950668,157,0,75,0.2,0.5,0.5,inheritance,inheritance,inheritance
2238,500,2887,0.19999999999999998,0.5,0.5,14.708668453976765,7.764,18.923103567717355,158,0,75,0.2,0.5,0.5,inheritance,inheritance,inheritance
2282,518,2825,0.19999999999999998,0.5,0.5,14.826029798422436,7.691119691119691,19.313628318584072,159,0,75,0.2,0.5,0.5,inheritance,inheritance,inheritance
2347,495,2783,0.19999999999999998,0.5,0.5,15.002130379207498,7.496969696969697,19.598634567014013,160,0,75,0.2,0.5,0.5,inheritance,inheritance,inheritance
2404,494,2727,0.19999999999999998,0.5,0.5,15.114392678868553,7.119433198380567,19.95966263292996,161,0,75,0.2,0.5,0.5,inheritance,inheritance,inheritance
2474,472,2679,0.19999999999999998,0.5,0.5,15.400565885206143,7.408898305084746,20.297499066815977,162,0,75,0.2,0.5,0.5,inheritance,inheritance,inheritance
2528,476,2621,0.19999999999999996,0.5,0.5,15.594541139240507,7.40546218487395,20.587943533002672,163,0,75,0.2,0.5,0.5,inheritance,inheritance,inheritance
2581,470,2574,0.19999999999999998,0.5,0.5,15.83727237504843,7.382978723404255,20.89121989121989,164,0,75,0.2,0.5,0.5,inheritance,inheritance,inheritance
2622,490,2513,0.19999999999999996,0.5,0.5,16.112128146453088,7.1204081632653065,21.290887385594907,165,0,75,0.2,0.5,0.5,inheritance,inheritance,inheritance
2683,491,2451,0.19999999999999996,0.5,0.5,16.22027581065971,7.15274949083503,21.757241942064464,166,0,75,0.2,0.5,0.5,inheritance,inheritance,inheritance
2727,499,2399,0.19999999999999996,0.5,0.5,16.46974697469747,7.190380761523046,22.102125885785743,167,0,75,0.2,0.5,0.5,inheritance,inheritance,inheritance
2761,524,2340,0.19999999999999993,0.5,0.5,16.69141615356755,6.879770992366412,22.383333333333333,168,0,75,0.2,0.5,0.5,inheritance,inheritance,inheritance
2799,531,2295,0.19999999999999998,0.5,0.5,17.01964987495534,6.988700564971752,22.63834422657952,169,0,75,0.2,0.5,0.5,inheritance,inheritance,inheritance
2835,535,2255,0.19999999999999996,0.5,0.5,17.29488536155203,6.822429906542056,22.70820399113082,170,0,75,0.2,0.5,0.5,inheritance,inheritance,inheritance
2842,552,2231,0.19999999999999996,0.5,0.5,17.580225193525685,6.773550724637682,22.919318691169877,171,0,75,0.2,0.5,0.5,inheritance,inheritance,inheritance
2873,571,2181,0.19999999999999996,0.5,0.5,17.802297250261052,6.858143607705779,23.20907840440165,172,0,75,0.2,0.5,0.5,inheritance,inheritance,inheritance
2890,606,2129,0.2,0.5,0.5,18.110034602076123,6.815181518151816,23.621888210427432,173,0,75,0.2,0.5,0.5,inheritance,inheritance,inheritance
2926,629,2070,0.2,0.5,0.5,18.2095010252905,6.756756756756757,23.701449275362318,174,0,75,0.2,0.5,0.5,inheritance,inheritance,inheritance
2921,652,2052,0.2,0.5,0.5,18.517630948305374,6.79601226993865,23.787037037037038,175,0,75,0.2,0.5,0.5,inheritance,inheritance,inheritance
2959,663,2003,0.19999999999999998,0.5,0.5,18.633997972287936,6.71342383107089,23.709435846230654,176,0,75,0.2,0.5,0.5,inheritance,inheritance,inheritance
2957,693,1975,0.19999999999999998,0.5,0.5,18.82448427460264,6.4271284271284275,23.610126582278482,177,0,75,0.2,0.5,0.5,inheritance,inheritance,inheritance
2968,722,1935,0.19999999999999996,0.5,0.5,19.047506738544474,6.411357340720222,23.560723514211887,178,0,75,0.2,0.5,0.5,inheritance,inheritance,inheritance
2981,753,1891,0.19999999999999998,0.5,0.5,19.24152968802415,6.345285524568393,23.604970914859862,179,0,75,0.2,0.5,0.5,inheritance,inheritance,inheritance
2998,761,1866,0.19999999999999998,0.5,0.5,19.433955970647098,6.283837056504599,23.075562700964632,180,0,75,0.2,0.5,0.5,inheritance,inheritance,inheritance
3004,760,1861,0.19999999999999998,0.5,0.5,19.750665778961384,6.461842105263158,22.93068242880172,181,0,75,0.2,0.5,0.5,inheritance,inheritance,inheritance
2984,824,1817,0.19999999999999998,0.5,0.5,19.851541554959784,6.279126213592233,22.76609796367639,182,0,75,0.2,0.5,0.5,inheritance,inheritance,inheritance
2967,860,1798,0.19999999999999998,0.5,0.5,20.007414897202562,6.2406976744186045,22.487764182424918,183,0,75,0.2,0.5,0.5,inheritance,inheritance,inheritance
2961,874,1790,0.2,0.5,0.5,20.229989868287742,6.374141876430206,22.2536312849162,184,0,75,0.2,0.5,0.5,inheritance,inheritance,inheritance
2944,920,1761,0.19999999999999998,0.5,0.5,20.238111413043477,6.390217391304348,21.93923906871096,185,0,75,0.2,0.5,0.5,inheritance,inheritance,inheritance
2936,944,1745,0.19999999999999998,0.5,0.5,20.442438692098094,6.539194915254237,21.416618911174783,186,0,75,0.2,0.5,0.5,inheritance,inheritance,inheritance
2905,984,1736,0.2,0.5,0.5,20.635456110154905,6.554878048780488,20.907258064516128,187,0,75,0.2,0.5,0.5,inheritance,inheritance,inheritance
2876,1002,1747,0.19999999999999998,0.5,0.5,20.902990264255912,6.641716566866267,20.571837435603893,188,0,75,0.2,0.5,0.5,inheritance,inheritance,inheritance
2807,1064,1754,0.19999999999999998,0.5,0.5,21.093694335589596,6.5855263157894735,20.37229190421893,189,0,75,0.2,0.5,0.5,inheritance,inheritance,inheritance
2777,1078,1770,0.19999999999999996,0.5,0.5,21.12855599567879,6.626159554730983,19.703954802259886,190,0,75,0.2,0.5,0.5,inheritance,inheritance,inheritance
2728,1115,1782,0.19999999999999996,0.5,0.5,21.282624633431084,6.669058295964126,19.34006734006734,191,0,75,0.2,0.5,0.5,inheritance,inheritance,inheritance
2696,1113,1816,0.19999999999999998,0.5,0.5,21.405415430267063,6.769092542677448,18.770374449339208,192,0,75,0.2,0.5,0.5,inheritance,inheritance,inheritance
2664,1113,1848,0.19999999999999998,0.5,0.5,21.48460960960961,6.9200359389038635,18.291125541125542,193,0,75,0.2,0.5,0.5,inheritance,inheritance,inheritance
2597,1154,1874,0.19999999999999998,0.5,0.5,21.42895648825568,6.924610051993068,17.746531483457844,194,0,75,0.2,0.5,0.5,inheritance,inheritance,inheritance
2529,1192,1904,0.19999999999999996,0.5,0.5,21.43614076710162,6.985738255033557,17.503676470588236,195,0,75,0.2,0.5,0.5,inheritance,inheritance,inheritance
2473,1221,1931,0.19999999999999998,0.5,0.5,21.367165386170644,6.962325962325962,17.051268772656655,196,0,75,0.2,0.5,0.5,inheritance,inheritance,inheritance
2413,1240,1972,0.2,0.5,0.5,21.279320348114382,6.943548387096774,16.51419878296146,197,0,75,0.2,0.5,0.5,inheritance,inheritance,inheritance
2357,1245,2023,0.19999999999999998,0.5,0.5,21.355112431056426,6.9847389558232935,16.03361344537815,198,0,75,0.2,0.5,0.5,inheritance,inheritance,inheritance
2313,1257,2055,0.19999999999999998,0.5,0.5,21.252918287937742,7.0914876690533015,15.92360097323601,199,0,75,0.2,0.5,0.5,inheritance,inheritance,inheritance
2248,1284,2093,0.19999999999999996,0.5,0.5,21.01067615658363,7.183021806853582,15.722885809842332,200,0,75,0.2,0.5,0.5,inheritance,inheritance,inheritance
2185,1252,2188,0.19999999999999998,0.5,0.5,21.03203661327231,7.246006389776358,15.292047531992687,201,0,75,0.2,0.5,0.5,inheritance,inheritance,inheritance
2124,1276,2225,0.19999999999999998,0.5,0.5,20.74576271186441,7.260188087774295,15.179775280898877,202,0,75,0.2,0.5,0.5,inheritance,inheritance,inheritance
2086,1249,2290,0.2,0.5,0.5,20.602109300095876,7.393915132105684,15.049344978165939,203,0,75,0.2,0.5,0.5,inheritance,inheritance,inheritance
2062,1246,2317,0.20000000000000004,0.5,0.5,20.395732298739087,7.551364365971107,15.004315925766077,204,0,75,0.2,0.5,0.5,inheritance,inheritance,inheritance
2002,1255,2368,0.20000000000000004,0.5,0.5,20.291708291708293,7.461354581673307,15.005912162162161,205,0,75,0.2,0.5,0.5,inheritance,inheritance,inheritance
1964,1249,2412,0.20000000000000004,0.5,0.5,20.077902240325866,7.544435548438751,15.019485903814262,206,0,75,0.2,0.5,0.5,inheritance,inheritance,inheritance
1924,1261,2440,0.20000000000000004,0.5,0.5,19.58004158004158,7.576526566217288,15.025,207,0,75,0.2,0.5,0.5,inheritance,inheritance,inheritance
1889,1273,2463,0.2,0.5,0.5,19.217046056114345,7.660644147682639,15.175395858708892,208,0,75,0.2,0.5,0.5,inheritance,inheritance,inheritance
1843,1268,2514,0.2,0.5,0.5,19.079218665219752,7.705835962145111,15.300318217979315,209,0,75,0.2,0.5,0.5,inheritance,inheritance,inheritance
1832,1237,2556,0.20000000000000004,0.5,0.5,18.812227074235807,7.803556992724333,15.338810641627543,210,0,75,0.2,0.5,0.5,inheritance,inheritance,inheritance
1811,1221,2593,0.20000000000000004,0.5,0.5,18.199889563776917,7.82964782964783,15.297724643270342,211,0,75,0.2,0.5,0.5,inheritance,inheritance,inheritance
1787,1190,2648,0.2,0.5,0.5,17.753217683268048,7.987394957983193,15.32892749244713,212,0,75,0.2,0.5,0.5,inheritance,inheritance,inheritance
1785,1134,2706,0.20000000000000004,0.5,0.5,17.578151260504203,8.182539682539682,15.248337028824833,213,0,75,0.2,0.5,0.5,inheritance,inheritance,inheritance
1798,1070,2757,0.2,0.5,0.5,17.372080088987765,8.228971962616823,15.17228871962278,214,0,75,0.2,0.5,0.5,inheritance,inheritance,inheritance
1806,1028,2791,0.20000000000000004,0.5,0.5,17.08637873754153,8.27626459143969,15.192762450734504,215,0,75,0.2,0.5,0.5,inheritance,inheritance,inheritance
1813,1000,2812,0.2,0.5,0.5,16.693325979040264,8.288,15.253911806543385,216,0,75,0.2,0.5,0.5,inheritance,inheritance,inheritance
1818,985,2822,0.2,0.5,0.5,16.546754675467547,8.379695431472081,15.434089298369951,217,0,75,0.2,0.5,0.5,inheritance,inheritance,inheritance
1841,938,2846,0.2,0.5,0.5,16.183595871808798,8.615138592750533,15.557976106816584,218,0,75,0.2,0.5,0.5,inheritance,inheritance,inheritance
1857,900,2868,0.2,0.5,0.5,16.087775982767905,8.648888888888889,15.750697350069736,219,0,75,0.2,0.5,0.5,inheritance,inheritance,inheritance
1861,879,2885,0.2,0.5,0.5,16.16550241805481,8.7872582480091,16.122703639514732,220,0,75,0.2,0.5,0.5,inheritance,inheritance,inheritance
1861,861,2903,0.2,0.5,0.5,16.084363245566898,8.634146341463415,16.415432311401997,221,0,75,0.2,0.5,0.5,inheritance,inheritance,inheritance
1860,867,2898,0.20000000000000004,0.5,0.5,16.133870967741935,8.487889273356402,16.79848171152519,222,0,75,0.2,0.5,0.5,inheritance,inheritance,inheritance
1883,830,2912,0.2,0.5,0.5,16.0,8.46987951807229,16.915178571428573,223,0,75,0.2,0.5,0.5,inheritance,inheritance,inheritance
1893,803,2929,0.2,0.5,0.5,16.066561014263076,8.438356164383562,17.15295322635712,224,0,75,0.2,0.5,0.5,inheritance,inheritance,inheritance
1897,788,2940,0.2,0.5,0.5,16.167105956773852,8.458121827411167,17.53639455782313,225,0,75,0.2,0.5,0.5,inheritance,inheritance,inheritance
1910,756,2959,0.20000000000000004,0.5,0.5,16.182722513089004,8.343915343915343,17.749239607975667,226,0,75,0.2,0.5,0.5,inheritance,inheritance,inheritance
1933,728,2964,0.2,0.5,0.5,16.153129849974132,8.138736263736265,17.931511470985154,227,0,75,0.2,0.5,0.5,inheritance,inheritance,inheritance
1968,700,2957,0.20000000000000004,0.5,0.5,16.110772357723576,7.944285714285714,18.088603314169767,228,0,75,0.2,0.5,0.5,inheritance,inheritance,inheritance
2006,693,2926,0.2,0.5,0.5,15.975074775672981,7.851370851370851,18.493164730006836,229,0,75,0.2,0.5,0.5,inheritance,inheritance,inheritance
2025,680,2920,0.20000000000000004,0.5,0.5,15.901728395061728,7.563235294117647,18.778767123287672,230,0,75,0.2,0.5,0.5,inheritance,inheritance,inheritance
2025,671,2929,0.20000000000000004,0.5,0.5,16.027654320987654,7.317436661698957,19.09696142027996,231,0,75,0.2,0.5,0.5,inheritance,inheritance,inheritance
2046,671,2908,0.2,0.5,0.5,16.055718475073313,7.211624441132638,19.37585969738652,232,0,75,0.2,0.5,0.5,inheritance,inheritance,inheritance
2078,655,2892,0.2,0.5,0.5,16.078922040423485,7.245801526717557,19.47752420470263,233,0,75,0.2,0.5,0.5,inheritance,inheritance,inheritance
2091,660,2874,0.19999999999999998,0.5,0.5,16.29459588713534,7.153030303030303,19.826026443980513,234,0,75,0.2,0.5,0.5,inheritance,inheritance,inheritance
2094,650,2881,0.2,0.5,0.5,16.43839541547278,6.912307692307692,20.059007289135717,235,0,75,0.2,0.5,0.5,inheritance,inheritance,inheritance
2114,631,2880,0.19999999999999998,0.5,0.5,16.454588457899717,6.749603803486529,20.217708333333334,236,0,75,0.2,0.5,0.5,inheritance,inheritance,inheritance
2122,639,2864,0.19999999999999998,0.5,0.5,16.557964184731386,6.636932707355243,20.48987430167598,237,0,75,0.2,0.5,0.5,inheritance,inheritance,inheritance
2120,645,2860,0.2,0.5,0.5,16.756132075471697,6.367441860465116,20.737062937062937,238,0,75,0.2,0.5,0.5,inheritance,inheritance,inheritance
2136,640,2849,0.19999999999999996,0.5,0.5,16.848782771535582,6.3578125,20.991575991575992,239,0,75,0.2,0.5,0.5,inheritance,inheritance,inheritance
2144,638,2843,0.19999999999999998,0.5,0.5,16.88292910447761,6.206896551724138,21.124164614843476,240,0,75,0.2,0.5,0.5,inheritance,inheritance,inheritance
2177,652,2796,0.19999999999999996,0.5,0.5,16.625631603123566,6.226993865030675,21.390200286123033,241,0,75,0.2,0.5,0.5,inheritance,inheritance,inheritance
2194,676,2755,0.19999999999999998,0.5,0.5,16.55742935278031,6.06508875739645,21.67912885662432,242,0,75,0.2,0.5,0.5,inheritance,inheritance,inheritance
2232,657,2736,0.19999999999999998,0.5,0.5,16.500448028673834,6.17351598173516,21.67580409356725,243,0,75,0.2,0.5,0.5,inheritance,inheritance,inheritance
2279,647,2699,0.19999999999999998,0.5,0.5,16.354980254497587,6.14064914992272,21.67024824008892,244,0,75,0.2,0.5,0.5,inheritance,inheritance,inheritance
2319,622,2684,0.19999999999999998,0.5,0.5,16.41267787839586,6.233118971061093,21.61028315946349,245,0,75,0.2,0.5,0.5,inheritance,inheritance,inheritance
2370,632,2623,0.2,0.5,0.5,16.247679324894516,6.284810126582278,21.874189858940145,246,0,75,0.2,0.5,0.5,inheritance,inheritance,inheritance
2381,665,2579,0.19999999999999998,0.5,0.5,16.17597648047039,6.1458646616541355,22.0884063590539,247,0,75,0.2,0.5,0.5,inheritance,inheritance,inheritance
2413,665,2547,0.2,0.5,0.5,16.271031910484872,6.442105263157894,22.3407930899097,248,0,75,0.2,0.5,0.5,inheritance,inheritance,inheritance
2431,704,2490,0.19999999999999998,0.5,0.5,16.34183463595228,6.511363636363637,22.598393574297187,249,0,75,0.2,0.5,0.5,inheritance,inheritance,inheritance
2473,695,2457,0.19999999999999998,0.5,0.5,16.435503437120907,6.676258992805756,22.563288563288562,250,0,75,0.2,0.5,0.5,inheritance,inheritance,inheritance
2522,706,2397,0.19999999999999996,0.5,0.5,16.484536082474225,6.794617563739377,22.78639966624948,251,0,75,0.2,0.5,0.5,inheritance,inheritance,inheritance
2529,715,2381,0.19999999999999996,0.5,0.5,16.612495057334915,6.744055944055944,22.823603527929443,252,0,75,0.2,0.5,0.5,inheritance,inheritance,inheritance
2537,738,2350,0.19999999999999996,0.5,0.5,16.589278675601104,6.623306233062331,22.782978723404256,253,0,75,0.2,0.5,0.5,inheritance,inheritance,inheritance
2539,766,2320,0.19999999999999998,0.5,0.5,16.600630169358016,6.706266318537859,22.737068965517242,254,0,75,0.2,0.5,0.5,inheritance,inheritance,inheritance
2559,811,2255,0.19999999999999998,0.5,0.5,16.591246580695586,6.79284833538841,23.000886917960088,255,0,75,0.2,0.5,0.5,inheritance,inheritance,inheritance
2591,816,2218,0.19999999999999998,0.5,0.5,16.729834040910845,6.832107843137255,22.852119026149683,256,0,75,0.2,0.5,0.5,inheritance,inheritance,inheritance
2627,824,2174,0.19999999999999998,0.5,0.5,16.83022459078797,6.939320388349515,22.842686292548297,257,0,75,0.2,0.5,0.5,inheritance,inheritance,inheritance
2656,839,2130,0.19999999999999998,0.5,0.5,16.964231927710845,7.100119189511323,22.876056338028167,258,0,75,0.2,0.5,0.5,inheritance,inheritance,inheritance
2666,849,2110,0.19999999999999998,0.5,0.5,17.144411102775695,7.241460541813899,22.8521327014218,259,0,75,0.2,0.5,0.5,inheritance,inheritance,inheritance
2699,837,2089,0.19999999999999998,0.5,0.5,17.27528714338644,7.4958183990442055,22.72426998563906,260,0,75,0.2,0.5,0.5,inheritance,inheritance,inheritance
2715,846,2064,0.19999999999999996,0.5,0.5,17.41841620626151,7.58628841607565,22.400678294573645,261,0,75,0.2,0.5,0.5,inheritance,inheritance,inheritance
2705,872,2048,0.2,0.5,0.5,17.602957486136784,7.245412844036697,22.04736328125,262,0,75,0.2,0.5,0.5,inheritance,inheritance,inheritance
2694,884,2047,0.19999999999999998,0.5,0.5,17.88641425389755,7.123303167420814,21.847093307278946,263,0,75,0.2,0.5,0.5,inheritance,inheritance,inheritance
2696,909,2020,0.19999999999999998,0.5,0.5,17.945103857566764,7.005500550055006,21.404950495049505,264,0,75,0.2,0.5,0.5,inheritance,inheritance,inheritance
2672,911,2042,0.19999999999999996,0.5,0.5,18.23502994011976,6.945115257958288,21.01420176297747,265,0,75,0.2,0.5,0.5,inheritance,inheritance,inheritance
2651,934,2040,0.19999999999999998,0.5,0.5,18.268955111278764,6.916488222698073,20.597549019607843,266,0,75,0.2,0.5,0.5,inheritance,inheritance,inheritance
2625,945,2055,0.2,0.5,0.5,18.399619047619048,6.895238095238096,20.241362530413625,267,0,75,0.2,0.5,0.5,inheritance,inheritance,inheritance
2617,987,2021,0.19999999999999996,0.5,0.5,18.38517386320214,6.891590678824722,19.985650667986146,268,0,75,0.2,0.5,0.5,inheritance,inheritance,inheritance
2581,1007,2037,0.19999999999999998,0.5,0.5,18.75397132894227,6.843098311817279,19.77761413843888,269,0,75,0.2,0.5,0.5,inheritance,inheritance,inheritance
2537,1028,2060,0.19999999999999996,0.5,0.5,19.138352384706344,7.012645914396887,19.807766990291263,270,0,75,0.2,0.5,0.5,inheritance,inheritance,inheritance
2513,1047,2065,0.19999999999999996,0.5,0.5,19.235177079188222,7.127029608404967,19.681840193704602,271,0,75,0.2,0.5,0.5,inheritance,inheritance,inheritance
2491,1042,2092,0.19999999999999998,0.5,0.5,19.265355279004417,7.323416506717851,19.22848948374761,272,0,75,0.2,0.5,0.5,inheritance,inheritance,inheritance
2505,1026,2094,0.19999999999999998,0.5,0.5,19.24950099800399,7.546783625730995,18.99331423113658,273,0,75,0.2,0.5,0.5,inheritance,inheritance,inheritance
2476,1048,2101,0.19999999999999998,0.5,0.5,19.277059773828757,7.505725190839694,18.835792479771538,274,0,75,0.2,0.5,0.5,inheritance,inheritance,inheritance
2465,1053,2107,0.19999999999999998,0.5,0.5,19.270993914807303,7.570750237416904,18.60654959658282,275,0,75,0.2,0.5,0.5,inheritance,inheritance,inheritance
2461,1066,2098,0.19999999999999998,0.5,0.5,19.21210889882162,7.721388367729831,18.32316491897045,276,0,75,0.2,0.5,0.5,inheritance,inheritance,inheritance
2406,1096,2123,0.19999999999999998,0.5,0.5,19.192851205320032,7.578467153284672,18.147432878002824,277,0,75,0.2,0.5,0.5,inheritance,inheritance,inheritance
2389,1106,2130,0.19999999999999998,0.5,0.5,19.237337798241942,7.656419529837251,17.978403755868545,278,0,75,0.2,0.5,0.5,inheritance,inheritance,inheritance
2355,1123,2147,0.2,0.5,0.5,19.283227176220805,7.769367764915406,17.910107126222638,279,0,75,0.2,0.5,0.5,inheritance,inheritance,inheritance
2326,1135,2164,0.19999999999999998,0.5,0.5,19.22914875322442,7.707488986784141,17.639556377079483,280,0,75,0.2,0.5,0.5,inheritance,inheritance,inheritance
2307,1136,2182,0.19999999999999998,0.5,0.5,19.149111400086692,7.77112676056338,17.42025664527956,281,0,75,0.2,0.5,0.5,inheritance,inheritance,inheritance
2297,1146,2182,0.19999999999999998,0.5,0.5,19.04309969525468,7.890052356020942,17.391384051329055,282,0,75,0.2,0.5,0.5,inheritance,inheritance,inheritance
2247,1181,2197,0.19999999999999998,0.5,0.5,19.08322207387628,7.8924640135478406,17.437869822485208,283,0,75,0.2,0.5,0.5,inheritance,inheritance,inheritance
2216,1200,2209,0.19999999999999996,0.5,0.5,18.954873646209386,7.836666666666667,17.428700769578995,284,0,75,0.2,0.5,0.5,inheritance,inheritance,inheritance
2215,1162,2248,0.19999999999999996,0.5,0.5,18.838374717832956,7.896729776247849,17.22909252669039,285,0,75,0.2,0.5,0.5,inheritance,inheritance,inheritance
2181,1166,2278,0.19999999999999996,0.5,0.5,18.86336542870243,7.843053173241852,17.150570676031606,286,0,75,0.2,0.5,0.5,inheritance,inheritance,inheritance
2141,1162,2322,0.19999999999999996,0.5,0.5,18.930873423633816,7.837349397590361,17.06201550387597,287,0,75,0.2,0.5,0.5,inheritance,inheritance,inheritance
2142,1153,2330,0.19999999999999998,0.5,0.5,18.69934640522876,7.862098872506505,16.95793991416309,288,0,75,0.2,0.5,0.5,inheritance,inheritance,inheritance
2141,1149,2335,0.19999999999999996,0.5,0.5,18.563288183092013,7.894691035683203,16.96830835117773,289,0,75,0.2,0.5,0.5,inheritance,inheritance,inheritance
2129,1135,2361,0.19999999999999998,0.5,0.5,18.54485674025364,7.912775330396475,16.780177890724268,290,0,75,0.2,0.5,0.5,inheritance,inheritance,inheritance
2137,1121,2367,0.19999999999999998,0.5,0.5,18.311651848385587,7.9607493309545045,16.728770595690747,291,0,75,0.2,0.5,0.5,inheritance,inheritance,inheritance
2131,1087,2407,0.19999999999999996,0.5,0.5,18.348193336461755,8.084636614535418,16.61404237640216,292,0,75,0.2,0.5,0.5,inheritance,inheritance,inheritance
2117,1079,2429,0.19999999999999998,0.5,0.5,18.25129900803023,8.184430027803522,16.55866611774393,293,0,75,0.2,0.5,0.5,inheritance,inheritance,inheritance
2064,1094,2467,0.20000000000000004,0.5,0.5,18.055717054263567,7.914990859232176,16.527766518038103,294,0,75,0.2,0.5,0.5,inheritance,inheritance,inheritance
2037,1091,2497,0.20000000000000004,0.5,0.5,17.879234167893962,7.8744271310724105,16.574289146976373,295,0,75,0.2,0.5,0.5,inheritance,inheritance,inheritance
2035,1039,2551,0.20000000000000004,0.5,0.5,17.772481572481574,7.864292589027912,16.515876127009015,296,0,75,0.2,0.5,0.5,inheritance,inheritance,inheritance
2030,1023,2572,0.20000000000000004,0.5,0.5,17.540394088669952,7.8670576735092865,16.58709175738725,297,0,75,0.2,0.5,0.5,inheritance,inheritance,inheritance
2006,1027,2592,0.2,0.5,0.5,17.230309072781655,7.852969814995132,16.58641975308642,298,0,75,0.2,0.5,0.5,inheritance,inheritance,inheritance
2011,985,2629,0.2,0.5,0.5,17.238687220288412,7.758375634517766,16.580068467097757,299,0,75,0.2,0.5,0.5,inheritance,inheritance,inheritance
2019,933,2673,0.20000000000000004,0.5,0.5,17.06587419514611,7.790996784565916,16.44668911335578,300,0,75,0.2,0.5,0.5,inheritance,inheritance,inheritance
2029,880,2716,0.20000000000000004,0.5,0.5,17.04287826515525,7.967045454545454,16.539764359351988,301,0,75,0.2,0.5,0.5,inheritance,inheritance,inheritance
2072,826,2727,0.2,0.5,0.5,16.966216216216218,8.148910411622277,16.63219655298863,302,0,75,0.2,0.5,0.5,inheritance,inheritance,inheritance
2077,808,2740,0.2,0.5,0.5,17.01396244583534,8.243811881188119,16.94014598540146,303,0,75,0.2,0.5,0.5,inheritance,inheritance,inheritance
2111,776,2738,0.19999999999999998,0.5,0.5,16.984367598294646,8.212628865979381,17.20525931336742,304,0,75,0.2,0.5,0.5,inheritance,inheritance,inheritance
2142,742,2741,0.19999999999999998,0.5,0.5,16.938375350140056,8.020215633423181,17.28201386355345,305,0,75,0.2,0.5,0.5,inheritance,inheritance,inheritance
2172,731,2722,0.19999999999999998,0.5,0.5,16.91988950276243,7.841313269493844,17.45113886847906,306,0,75,0.2,0.5,0.5,inheritance,inheritance,inheritance
2186,717,2722,0.19999999999999996,0.5,0.5,17.13174748398902,7.919107391910739,17.74136664217487,307,0,75,0.2,0.5,0.5,inheritance,inheritance,inheritance
2223,700,2702,0.19999999999999996,0.5,0.5,17.041385515069727,7.752857142857143,17.86861584011843,308,0,75,0.2,0.5,0.5,inheritance,inheritance,inheritance
2261,670,2694,0.19999999999999998,0.5,0.5,17.013710747456877,7.817910447761194,18.062731997030436,309,0,75,0.2,0.5,0.5,inheritance,inheritance,inheritance
2277,652,2696,0.19999999999999998,0.5,0.5,17.239350021958717,7.693251533742331,18.2566765578635,310,0,75,0.2,0.5,0.5,inheritance,inheritance,inheritance
2324,628,2673,0.19999999999999998,0.5,0.5,17.22117039586919,7.617834394904459,18.411148522259634,311,0,75,0.2,0.5,0.5,inheritance,inheritance,inheritance
2359,628,2638,0.19999999999999998,0.5,0.5,17.146672318779142,7.3471337579617835,18.55458680818802,312,0,75,0.2,0.5,0.5,inheritance,inheritance,inheritance
2385,630,2610,0.19999999999999998,0.5,0.5,17.130817610062895,6.953968253968254,18.78544061302682,313,0,75,0.2,0.5,0.5,inheritance,inheritance,inheritance
2391,642,2592,0.19999999999999998,0.5,0.5,17.148891677122542,6.654205607476635,19.104166666666668,314,0,75,0.2,0.5,0.5,inheritance,inheritance,inheritance
2422,648,2555,0.19999999999999998,0.5,0.5,17.249793559042114,6.720679012345679,19.302544031311154,315,0,75,0.2,0.5,0.5,inheritance,inheritance,inheritance
2446,638,2541,0.19999999999999998,0.5,0.5,17.387980376124286,6.843260188087775,19.56158992522629,316,0,75,0.2,0.5,0.5,inheritance,inheritance,inheritance
2461,631,2533,0.19999999999999998,0.5,0.5,17.653392929703372,6.887480190174326,19.754836162652982,317,0,75,0.2,0.5,0.5,inheritance,inheritance,inheritance
2480,632,2513,0.19999999999999998,0.5,0.5,17.815322580645162,6.825949367088608,19.881018702745724,318,0,75,0.2,0.5,0.5,inheritance,inheritance,inheritance
2528,635,2462,0.19999999999999996,0.5,0.5,17.84018987341772,6.924409448818897,20.089764419171406,319,0,75,0.2,0.5,0.5,inheritance,inheritance,inheritance
2554,639,2432,0.19999999999999998,0.5,0.5,17.925215348472985,6.677621283255086,20.278782894736842,320,0,75,0.2,0.5,0.5,inheritance,inheritance,inheritance
2574,665,2386,0.19999999999999998,0.5,0.5,18.01825951825952,6.62406015037594,20.575859178541492,321,0,75,0.2,0.5,0.5,inheritance,inheritance,inheritance
2579,688,2358,0.19999999999999998,0.5,0.5,18.25436215587437,6.550872093023256,20.785835453774386,322,0,75,0.2,0.5,0.5,inheritance,inheritance,inheritance
2633,698,2294,0.19999999999999996,0.5,0.5,18.3475123433346,6.564469914040115,20.896251089799478,323,0,75,0.2,0.5,0.5,inheritance,inheritance,inheritance
2636,716,2273,0.19999999999999998,0.5,0.5,18.44878603945372,6.581005586592179,21.003079630444347,324,0,75,0.2,0.5,0.5,inheritance,inheritance,inheritance
2648,727,2250,0.19999999999999996,0.5,0.5,18.68882175226586,6.5515818431911965,21.108444444444444,325,0,75,0.2,0.5,0.5,inheritance,inheritance,inheritance
2678,754,2193,0.19999999999999996,0.5,0.5,18.738984316654218,6.681697612732095,21.125854993160054,326,0,75,0.2,0.5,0.5,inheritance,inheritance,inheritance
2690,764,2171,0.19999999999999996,0.5,0.5,19.000371747211897,6.794502617801047,21.160755412252417,327,0,75,0.2,0.5,0.5,inheritance,inheritance,inheritance
2705,786,2134,0.2,0.5,0.5,19.11053604436229,6.885496183206107,21.16588566073102,328,0,75,0.2,0.5,0.5,inheritance,inheritance,inheritance
2715,800,2110,0.19999999999999996,0.5,0.5,19.264456721915284,6.9275,21.08388625592417,329,0,75,0.2,0.5,0.5,inheritance,inheritance,inheritance
2719,828,2078,0.19999999999999998,0.5,0.5,19.383229128356014,7.020531400966184,21.12512030798845,330,0,75,0.2,0.5,0.5,inheritance,inheritance,inheritance
2701,858,2066,0.19999999999999998,0.5,0.5,19.5020362828582,6.847319347319347,21.028557599225557,331,0,75,0.2,0.5,0.5,inheritance,inheritance,inheritance
2705,863,2057,0.2,0.5,0.5,19.621441774491682,6.8539976825028965,20.831793874574622,332,0,75,0.2,0.5,0.5,inheritance,inheritance,inheritance
2656,915,2054,0.19999999999999998,0.5,0.5,19.65850903614458,6.678688524590164,20.801363193768257,333,0,75,0.2,0.5,0.5,inheritance,inheritance,inheritance
2637,933,2055,0.19999999999999998,0.5,0.5,19.715965111869547,6.573419078242229,20.4345498783455,334,0,75,0.2,0.5,0.5,inheritance,inheritance,inheritance
2619,949,2057,0.19999999999999998,0.5,0.5,19.865597556319205,6.710221285563751,20.388429752066116,335,0,75,0.2,0.5,0.5,inheritance,inheritance,inheritance
2572,991,2062,0.19999999999999998,0.5,0.5,19.798989113530325,6.630676084762865,20.319107662463626,336,0,75,0.2,0.5,0.5,inheritance,inheritance,inheritance
2537,1012,2076,0.19999999999999996,0.5,0.5,19.67678360268033,6.669960474308301,20.192196531791907,337,0,75,0.2,0.5,0.5,inheritance,inheritance,inheritance
2533,1025,2067,0.19999999999999996,0.5,0.5,19.647058823529413,6.863414634146341,20.194484760522496,338,0,75,0.2,0.5,0.5,inheritance,inheritance,inheritance
2496,1057,2072,0.19999999999999998,0.5,0.5,19.57011217948718,6.950804162724692,19.91891891891892,339,0,75,0.2,0.5,0.5,inheritance,inheritance,inheritance
2473,1060,2092,0.19999999999999998,0.5,0.5,19.642539425798624,7.021698113207547,19.46414913957935,340,0,75,0.2,0.5,0.5,inheritance,inheritance,inheritance
2459,1077,2089,0.19999999999999998,0.5,0.5,19.43432289548597,7.195914577530177,19.303015797032074,341,0,75,0.2,0.5,0.5,inheritance,inheritance,inheritance
2438,1079,2108,0.19999999999999998,0.5,0.5,19.55045118949959,7.324374420759963,19.17789373814042,342,0,75,0.2,0.5,0.5,inheritance,inheritance,inheritance
2408,1065,2152,0.2,0.5,0.5,19.57308970099668,7.391549295774648,18.768122676579925,343,0,75,0.2,0.5,0.5,inheritance,inheritance,inheritance
2393,1066,2166,0.19999999999999998,0.5,0.5,19.592561638111157,7.452157598499062,18.602954755309327,344,0,75,0.2,0.5,0.5,inheritance,inheritance,inheritance
2390,1053,2182,0.19999999999999998,0.5,0.5,19.613807531380754,7.581196581196581,18.284601283226397,345,0,75,0.2,0.5,0.5,inheritance,inheritance,inheritance
2372,1026,2227,0.19999999999999998,0.5,0.5,19.7318718381113,7.60916179337232,18.015267175572518,346,0,75,0.2,0.5,0.5,inheritance,inheritance,inheritance
2358,1003,2264,0.19999999999999998,0.5,0.5,19.92790500424088,7.603190428713859,17.787102473498233,347,0,75,0.2,0.5,0.5,inheritance,inheritance,inheritance
2357,980,2288,0.19999999999999998,0.5,0.5,19.95714891811625,7.578571428571428,17.54326923076923,348,0,75,0.2,0.5,0.5,inheritance,inheritance,inheritance
2308,989,2328,0.19999999999999998,0.5,0.5,20.003032928942808,7.475227502527805,17.692439862542955,349,0,75,0.2,0.5,0.5,inheritance,inheritance,inheritance
2305,973,2347,0.19999999999999998,0.5,0.5,20.073318872017353,7.651593011305241,17.529186195142735,350,0,75,0.2,0.5,0.5,inheritance,inheritance,inheritance
2272,1001,2352,0.19999999999999998,0.5,0.5,20.120158450704224,7.639360639360639,17.73171768707483,351,0,75,0.2,0.5,0.5,inheritance,inheritance,inheritance
2276,998,2351,0.19999999999999998,0.5,0.5,19.96133567662566,7.670340681362726,17.60102084219481,352,0,75,0.2,0.5,0.5,inheritance,inheritance,inheritance
2271,985,2369,0.19999999999999998,0.5,0.5,19.71334214002642,7.761421319796955,17.58885605740819,353,0,75,0.2,0.5,0.5,inheritance,inheritance,inheritance
2273,966,2386,0.19999999999999998,0.5,0.5,19.55829300483942,7.715320910973085,17.480720871751885,354,0,75,0.2,0.5,0.5,inheritance,inheritance,inheritance
2259,962,2404,0.19999999999999998,0.5,0.5,19.490925188136345,7.529106029106029,17.39559068219634,355,0,75,0.2,0.5,0.5,inheritance,inheritance,inheritance
2259,965,2401,0.19999999999999998,0.5,0.5,19.294820717131476,7.393782383419689,17.232403165347773,356,0,75,0.2,0.5,0.5,inheritance,inheritance,inheritance
2257,946,2422,0.19999999999999996,0.5,0.5,19.33628710677891,7.457716701902749,17.26878612716763,357,0,75,0.2,0.5,0.5,inheritance,inheritance,inheritance
2236,942,2447,0.19999999999999998,0.5,0.5,19.118067978533094,7.376857749469214,17.1659174499387,358,0,75,0.2,0.5,0.5,inheritance,inheritance,inheritance
2219,930,2476,0.19999999999999998,0.5,0.5,19.217214961694456,7.402150537634409,17.16962843295638,359,0,75,0.2,0.5,0.5,inheritance,inheritance,inheritance
2191,923,2511,0.19999999999999996,0.5,0.5,19.29849383842994,7.373781148429035,17.279171644763043,360,0,75,0.2,0.5,0.5,inheritance,inheritance,inheritance
2204,891,2530,0.19999999999999998,0.5,0.5,19.326225045372052,7.320987654320987,17.33320158102767,361,0,75,0.2,0.5,0.5,inheritance,inheritance,inheritance
2217,893,2515,0.19999999999999996,0.5,0.5,19.3531799729364,7.493840985442329,17.460437375745528,362,0,75,0.2,0.5,0.5,inheritance,inheritance,inheritance
2266,860,2499,0.19999999999999998,0.5,0.5,19.14695498676081,7.618604651162791,17.541016406562626,363,0,75,0.2,0.5,0.5,inheritance,inheritance,inheritance
2290,848,2487,0.2,0.5,0.5,18.990393013100437,7.548349056603773,17.61439485323683,364,0,75,0.2,0.5,0.5,inheritance,inheritance,inheritance
2302,827,2496,0.19999999999999998,0.5,0.5,19.103822762814943,7.655380894800484,17.682291666666668,365,0,75,0.2,0.5,0.5,inheritance,inheritance,inheritance
2316,806,2503,0.19999999999999998,0.5,0.5,19.283246977547496,7.875930521091812,17.82620854974031,366,0,75,0.2,0.5,0.5,inheritance,inheritance,inheritance
2344,782,2499,0.19999999999999998,0.5,0.5,19.310153583617748,7.874680306905371,17.741896758703483,367,0,75,0.2,0.5,0.5,inheritance,inheritance,inheritance
2370,780,2475,0.2,0.5,0.5,19.053586497890297,7.812820512820513,17.966464646464647,368,0,75,0.2,0.5,0.5,inheritance,inheritance,inheritance
2365,778,2482,0.19999999999999998,0.5,0.5,19.161099365750527,7.746786632390745,18.153908138597906,369,0,75,0.2,0.5,0.5,inheritance,inheritance,inheritance
2393,747,2485,0.19999999999999998,0.5,0.5,19.209778520685333,7.706827309236948,18.288933601609656,370,0,75,0.2,0.5,0.5,inheritance,inheritance,inheritance
2421,751,2453,0.19999999999999998,0.5,0.5,19.08756712102437,7.66844207723036,18.57562168772931,371,0,75,0.2,0.5,0.5,inheritance,inheritance,inheritance
2425,772,2428,0.2,0.5,0.5,18.86144329896907,7.433937823834197,18.63797364085667,372,0,75,0.2,0.5,0.5,inheritance,inheritance,inheritance
2409,791,2425,0.2,0.5,0.5,18.8675799086758,7.246523388116309,18.82061855670103,373,0,75,0.2,0.5,0.5,inheritance,inheritance,inheritance
2438,800,2387,0.19999999999999998,0.5,0.5,18.618539786710418,7.22,18.8232090490155,374,0,75,0.2,0.5,0.5,inheritance,inheritance,inheritance
2444,803,2378,0.19999999999999998,0.5,0.5,18.659574468085108,7.328767123287672,18.82632464255677,375,0,75,0.2,0.5,0.5,inheritance,inheritance,inheritance
2447,808,2370,0.19999999999999998,0.5,0.5,18.747445852063752,7.2227722772277225,18.856118143459916,376,0,75,0.2,0.5,0.5,inheritance,inheritance,inheritance
2457,834,2334,0.19999999999999998,0.5,0.5,18.679283679283678,7.288968824940048,19.12082262210797,377,0,75,0.2,0.5,0.5,inheritance,inheritance,inheritance
2450,845,2330,0.2,0.5,0.5,18.721632653061224,7.189349112426036,19.096995708154505,378,0,75,0.2,0.5,0.5,inheritance,inheritance,inheritance
2450,859,2316,0.2,0.5,0.5,18.66530612244898,7.038416763678696,19.188255613126078,379,0,75,0.2,0.5,0.5,inheritance,inheritance,inheritance
2484,852,2289,0.19999999999999998,0.5,0.5,18.594605475040257,7.17018779342723,19.137614678899084,380,0,75,0.2,0.5,0.5,inheritance,inheritance,inheritance
2493,865,2267,0.19999999999999996,0.5,0.5,18.397513036502207,7.157225433526012,19.143802382002647,381,0,75,0.2,0.5,0.5,inheritance,inheritance,inheritance
2495,878,2252,0.19999999999999998,0.5,0.5,18.24448897795591,7.060364464692483,18.959147424511546,382,0,75,0.2,0.5,0.5,inheritance,inheritance,inheritance
2503,877,2245,0.19999999999999996,0.5,0.5,18.176588094286856,7.1071835803876855,18.943429844097995,383,0,75,0.2,0.5,0.5,inheritance,inheritance,inheritance
2527,850,2248,0.19999999999999996,0.5,0.5,18.197071626434507,7.237647058823529,18.854982206405694,384,0,75,0.2,0.5,0.5,inheritance,inheritance,inheritance
2546,836,2243,0.19999999999999998,0.5,0.5,18.328358208955223,7.394736842105263,19.00178332590281,385,0,75,0.2,0.5,0.5,inheritance,inheritance,inheritance
2564,830,2231,0.19999999999999998,0.5,0.5,18.31513260530421,7.375903614457831,19.008964589870015,386,0,75,0.2,0.5,0.5,inheritance,inheritance,inheritance
2560,844,2221,0.19999999999999998,0.5,0.5,18.426953125,7.349526066350711,19.0108059432688,387,0,75,0.2,0.5,0.5,inheritance,inheritance,inheritance
2585,821,2219,0.2,0.5,0.5,18.51063829787234,7.456760048721072,18.872915727805317,388,0,75,0.2,0.5,0.5,inheritance,inheritance,inheritance
2582,815,2228,0.19999999999999996,0.5,0.5,18.62509682416731,7.251533742331288,18.858617594254937,389,0,75,0.2,0.5,0.5,inheritance,inheritance,inheritance
2580,817,2228,0.2,0.5,0.5,18.642635658914728,7.269277845777234,18.778725314183124,390,0,75,0.2,0.5,0.5,inheritance,inheritance,inheritance
2579,819,2227,0.19999999999999998,0.5,0.5,18.823187281892206,7.105006105006105,18.69465648854962,391,0,75,0.2,0.5,0.5,inheritance,inheritance,inheritance
2569,831,2225,0.19999999999999998,0.5,0.5,19.036200856364346,7.15884476534296,18.845842696629212,392,0,75,0.2,0.5,0.5,inheritance,inheritance,inheritance
2583,828,2214,0.19999999999999996,0.5,0.5,19.05265195509098,7.188405797101449,18.9159891598916,393,0,75,0.2,0.5,0.5,inheritance,inheritance,inheritance
2599,804,2222,0.19999999999999998,0.5,0.5,19.192381685263562,7.385572139303482,18.755175517551756,394,0,75,0.2,0.5,0.5,inheritance,inheritance,inheritance
2600,798,2227,0.2,0.5,0.5,19.356923076923078,7.338345864661654,18.63313875168388,395,0,75,0.2,0.5,0.5,inheritance,inheritance,inheritance
2605,773,2247,0.2,0.5,0.5,19.452591170825336,7.3260025873221215,18.48820649755229,396,0,75,0.2,0.5,0.5,inheritance,inheritance,inheritance
2601,769,2255,0.2,0.5,0.5,19.7039600153787,7.278283485045514,18.572062084257205,397,0,75,0.2,0.5,0.5,inheritance,inheritance,inheritance
2620,760,2245,0.2,0.5,0.5,19.835114503816794,7.301315789473684,18.610244988864142,398,0,75,0.2,0.5,0.5,inheritance,inheritance,inheritance
2633,751,2241,0.19999999999999996,0.5,0.5,20.009494872768705,7.4194407456724365,18.763944667559127,399,0,75,0.2,0.5,0.5,inheritance,inheritance,inheritance
2644,720,2261,0.19999999999999998,0.5,0.5,20.351361573373676,7.634722222222222,18.644405130473242,400,0,75,0.2,0.5,0.5,inheritance,inheritance,inheritance
2644,722,2259,0.19999999999999998,0.5,0.5,20.527231467473523,7.368421052631579,18.675077467906153,401,0,75,0.2,0.5,0.5,inheritance,inheritance,inheritance
2639,722,2264,0.19999999999999998,0.5,0.5,20.677908298597952,7.265927977839335,18.68374558303887,402,0,75,0.2,0.5,0.5,inheritance,inheritance,inheritance
2669,723,2233,0.19999999999999998,0.5,0.5,20.62270513300862,7.196403872752421,18.40394088669951,403,0,75,0.2,0.5,0.5,inheritance,inheritance,inheritance
2681,716,2228,0.19999999999999993,0.5,0.5,20.865721745617307,7.261173184357542,18.563734290843804,404,0,75,0.2,0.5,0.5,inheritance,inheritance,inheritance
2720,692,2213,0.19999999999999996,0.5,0.5,21.02169117647059,7.395953757225434,18.571170356981472,405,0,75,0.2,0.5,0.5,inheritance,inheritance,inheritance
2750,705,2170,0.19999999999999993,0.5,0.5,21.05090909090909,7.3120567375886525,18.754377880184332,406,0,75,0.2,0.5,0.5,inheritance,inheritance,inheritance
2759,710,2156,0.19999999999999996,0.5,0.5,21.15730337078652,7.146478873239436,18.87569573283859,407,0,75,0.2,0.5,0.5,inheritance,inheritance,inheritance
2741,749,2135,0.19999999999999993,0.5,0.5,21.302444363371034,7.0627503337783715,19.166744730679156,408,0,75,0.2,0.5,0.5,inheritance,inheritance,inheritance
2767,760,2098,0.19999999999999996,0.5,0.5,21.411637152150345,7.1802631578947365,19.319351763584365,409,0,75,0.2,0.5,0.5,inheritance,inheritance,inheritance
2743,778,2104,0.19999999999999996,0.5,0.5,21.71454611738972,7.196658097686376,19.49334600760456,410,0,75,0.2,0.5,0.5,inheritance,inheritance,inheritance
2706,811,2108,0.19999999999999998,0.5,0.5,21.840354767184035,7.154130702836005,19.560246679316887,411,0,75,0.2,0.5,0.5,inheritance,inheritance,inheritance
2707,814,2104,0.19999999999999996,0.5,0.5,21.949390469154046,7.027027027027027,19.34458174904943,412,0,75,0.2,0.5,0.5,inheritance,inheritance,inheritance
2696,839,2090,0.19999999999999998,0.5,0.5,21.7959940652819,7.106078665077473,19.31291866028708,413,0,75,0.2,0.5,0.5,inheritance,inheritance,inheritance
2687,863,2075,0.19999999999999996,0.5,0.5,21.933382954968366,7.106604866743917,19.54698795180723,414,0,75,0.2,0.5,0.5,inheritance,inheritance,inheritance
2660,879,2086,0.2,0.5,0.5,22.089473684210525,6.951080773606371,19.56903163950144,415,0,75,0.2,0.5,0.5,inheritance,inheritance,inheritance
2598,924,2103,0.19999999999999996,0.5,0.5,22.1401077752117,6.762987012987013,19.417974322396578,416,0,75,0.2,0.5,0.5,inheritance,inheritance,inheritance
2563,954,2108,0.19999999999999996,0.5,0.5,22.194303550526726,6.743186582809225,19.42267552182163,417,0,75,0.2,0.5,0.5,inheritance,inheritance,inheritance
2553,945,2127,0.19999999999999998,0.5,0.5,22.242459851155502,6.77989417989418,19.22002820874471,418,0,75,0.2,0.5,0.5,inheritance,inheritance,inheritance
2529,1002,2094,0.19999999999999996,0.5,0.5,22.198892843020957,6.8373253493013975,19.476122254059216,419,0,75,0.2,0.5,0.5,inheritance,inheritance,inheritance
2462,1061,2102,0.19999999999999998,0.5,0.5,22.054833468724613,6.767200754005655,19.288296860133208,420,0,75,0.2,0.5,0.5,inheritance,inheritance,inheritance
2416,1068,2141,0.19999999999999998,0.5,0.5,22.05753311258278,6.824906367041199,19.002802428771602,421,0,75,0.2,0.5,0.5,inheritance,inheritance,inheritance
2386,1082,2157,0.19999999999999998,0.5,0.5,22.095976529756914,6.8622920517560075,18.845155308298562,422,0,75,0.2,0.5,0.5,inheritance,inheritance,inheritance
2340,1089,2196,0.19999999999999998,0.5,0.5,22.165811965811965,6.9081726354453625,18.64207650273224,423,0,75,0.2,0.5,0.5,inheritance,inheritance,inheritance
2288,1141,2196,0.19999999999999998,0.5,0.5,22.076486013986013,7.07011393514461,18.69945355191257,424,0,75,0.2,0.5,0.5,inheritance,inheritance,inheritance
2239,1155,2231,0.19999999999999998,0.5,0.5,21.947297900848593,7.135064935064935,18.698789780367548,425,0,75,0.2,0.5,0.5,inheritance,inheritance,inheritance
2218,1173,2234,0.19999999999999996,0.5,0.5,21.930117222723172,7.379369138959932,18.6781557743957,426,0,75,0.2,0.5,0.5,inheritance,inheritance,inheritance
2194,1168,2263,0.19999999999999998,0.5,0.5,21.633546034639927,7.524828767123288,18.368095448519664,427,0,75,0.2,0.5,0.5,inheritance,inheritance,inheritance
2168,1146,2311,0.19999999999999996,0.5,0.5,21.60470479704797,7.659685863874346,18.16962353959325,428,0,75,0.2,0.5,0.5,inheritance,inheritance,inheritance
2172,1123,2330,0.19999999999999998,0.5,0.5,21.423112338858196,7.974176313446127,18.21158798283262,429,0,75,0.2,0.5,0.5,inheritance,inheritance,inheritance
2151,1109,2365,0.19999999999999996,0.5,0.5,21.272896327289633,8.075743913435527,18.089640591966173,430,0,75,0.2,0.5,0.5,inheritance,inheritance,inheritance
2144,1096,2385,0.19999999999999998,0.5,0.5,21.018190298507463,7.969890510948905,17.99748427672956,431,0,75,0.2,0.5,0.5,inheritance,inheritance,inheritance
2128,1097,2400,0.19999999999999998,0.5,0.5,20.578007518796994,7.966271649954421,17.973333333333333,432,0,75,0.2,0.5,0.5,inheritance,inheritance,inheritance
2126,1069,2430,0.19999999999999996,0.5,0.5,20.296331138287865,8.020579981290926,17.92222222222222,433,0,75,0.2,0.5,0.5,inheritance,inheritance,inheritance
2107,1075,2443,0.19999999999999998,0.5,0.5,19.881822496440435,8.133953488372093,17.968481375358166,434,0,75,0.2,0.5,0.5,inheritance,inheritance,inheritance
2098,1048,2479,0.2,0.5,0.5,19.562440419447093,8.102099236641221,17.768051633723275,435,0,75,0.2,0.5,0.5,inheritance,inheritance,inheritance
2095,1010,2520,0.2,0.5,0.5,19.487350835322196,8.199009900990099,17.81626984126984,436,0,75,0.2,0.5,0.5,inheritance,inheritance,inheritance
2105,988,2532,0.2,0.5,0.5,19.306888361045132,8.252024291497976,17.704581358609794,437,0,75,0.2,0.5,0.5,inheritance,inheritance,inheritance
2104,946,2575,0.19999999999999998,0.5,0.5,19.312262357414447,8.312896405919663,17.551844660194174,438,0,75,0.2,0.5,0.5,inheritance,inheritance,inheritance
2102,942,2581,0.19999999999999998,0.5,0.5,19.0104662226451,8.14755838641189,17.569934134056567,439,0,75,0.2,0.5,0.5,inheritance,inheritance,inheritance
2106,907,2612,0.19999999999999998,0.5,0.5,19.037037037037038,8.209481808158765,17.616003062787136,440,0,75,0.2,0.5,0.5,inheritance,inheritance,inheritance
2116,888,2621,0.19999999999999998,0.5,0.5,18.655954631379963,8.04054054054054,17.655093475772606,441,0,75,0.2,0.5,0.5,inheritance,inheritance,inheritance
2128,875,2622,0.19999999999999998,0.5,0.5,18.491541353383457,8.019428571428572,17.682684973302823,442,0,75,0.2,0.5,0.5,inheritance,inheritance,inheritance
2149,839,2637,0.19999999999999998,0.5,0.5,18.444858073522568,7.948748510131108,17.708759954493743,443,0,75,0.2,0.5,0.5,inheritance,inheritance,inheritance
2165,816,2644,0.19999999999999998,0.5,0.5,18.432332563510393,7.96078431372549,17.771558245083206,444,0,75,0.2,0.5,0.5,inheritance,inheritance,inheritance
2172,786,2667,0.19999999999999998,0.5,0.5,18.306629834254142,7.876590330788804,17.716910386201725,445,0,75,0.2,0.5,0.5,inheritance,inheritance,inheritance
2166,767,2692,0.19999999999999996,0.5,0.5,18.6191135734072,8.026075619295959,17.86738484398217,446,0,75,0.2,0.5,0.5,inheritance,inheritance,inheritance
2167,765,2693,0.19999999999999998,0.5,0.5,18.622058144900784,7.806535947712418,18.022279985146678,447,0,75,0.2,0.5,0.5,inheritance,inheritance,inheritance
2180,758,2687,0.19999999999999998,0.5,0.5,18.661926605504586,7.641160949868074,18.180498697432082,448,0,75,0.2,0.5,0.5,inheritance,inheritance,inheritance
2187,743,2695,0.19999999999999996,0.5,0.5,18.657064471879288,7.615074024226111,18.22003710575139,449,0,75,0.2,0.5,0.5,inheritance,inheritance,inheritance
2181,729,2715,0.19999999999999996,0.5,0.5,18.914718019257222,7.463648834019204,18.433149171270717,450,0,75,0.2,0.5,0.5,inheritance,inheritance,inheritance
2153,743,2729,0.19999999999999998,0.5,0.5,18.956339990710635,7.180349932705249,18.620373763283254,451,0,75,0.2,0.5,0.5,inheritance,inheritance,inheritance
2132,739,2754,0.19999999999999998,0.5,0.5,19.165103189493433,7.031123139377537,18.675018155410314,452,0,75,0.2,0.5,0.5,inheritance,inheritance,inheritance
2131,739,2755,0.19999999999999996,0.5,0.5,19.294697325199436,7.036535859269283,18.968058076225045,453,0,75,0.2,0.5,0.5,inheritance,inheritance,inheritance
2136,739,2750,0.19999999999999996,0.5,0.5,19.542134831460675,7.2814614343707715,19.410545454545453,454,0,75,0.2,0.5,0.5,inheritance,inheritance,inheritance
2116,764,2745,0.19999999999999998,0.5,0.5,19.600661625708884,7.130890052356021,19.726775956284154,455,0,75,0.2,0.5,0.5,inheritance,inheritance,inheritance
2103,777,2745,0.2,0.5,0.5,19.595339990489776,6.951093951093951,19.954826958105645,456,0,75,0.2,0.5,0.5,inheritance,inheritance,inheritance
2074,796,2755,0.20000000000000004,0.5,0.5,19.62102217936355,6.694723618090452,20.12885662431942,457,0,75,0.2,0.5,0.5,inheritance,inheritance,inheritance
2054,798,2773,0.20000000000000004,0.5,0.5,19.7555988315482,6.646616541353383,20.398846015146052,458,0,75,0.2,0.5,0.5,inheritance,inheritance,inheritance
2022,814,2789,0.2,0.5,0.5,19.58259149357072,6.46068796068796,20.501254930082467,459,0,75,0.2,0.5,0.5,inheritance,inheritance,inheritance
2026,805,2794,0.2,0.5,0.5,19.680651530108587,6.663354037267081,20.695060844667143,460,0,75,0.2,0.5,0.5,inheritance,inheritance,inheritance
2010,826,2789,0.20000000000000004,0.5,0.5,19.80049751243781,6.635593220338983,20.995338831122265,461,0,75,0.2,0.5,0.5,inheritance,inheritance,inheritance
2013,853,2759,0.2,0.5,0.5,19.662692498758073,6.749120750293083,21.31424429140993,462,0,75,0.2,0.5,0.5,inheritance,inheritance,inheritance
2002,877,2746,0.20000000000000004,0.5,0.5,19.616883116883116,6.819840364880274,21.59577567370721,463,0,75,0.2,0.5,0.5,inheritance,inheritance,inheritance
1974,912,2739,0.20000000000000004,0.5,0.5,19.455927051671733,6.8048245614035086,21.867469879518072,464,0,75,0.2,0.5,0.5,inheritance,inheritance,inheritance
1981,920,2724,0.2,0.5,0.5,19.406360424028268,7.039130434782609,22.151615271659324,465,0,75,0.2,0.5,0.5,inheritance,inheritance,inheritance
1975,952,2698,0.20000000000000007,0.5,0.5,19.392911392405065,7.304621848739496,22.51223128243143,466,0,75,0.2,0.5,0.5,inheritance,inheritance,inheritance
1976,926,2723,0.2,0.5,0.5,19.361842105263158,7.449244060475162,22.608887256702168,467,0,75,0.2,0.5,0.5,inheritance,inheritance,inheritance
1976,916,2733,0.2,0.5,0.5,19.236842105263158,7.47707423580786,22.655323819978047,468,0,75,0.2,0.5,0.5,inheritance,inheritance,inheritance
1955,914,2756,0.20000000000000007,0.5,0.5,19.267519181585676,7.62253829321663,22.687953555878085,469,0,75,0.2,0.5,0.5,inheritance,inheritance,inheritance
1953,886,2786,0.20000000000000004,0.5,0.5,19.11930363543267,7.732505643340858,22.520818377602296,470,0,75,0.2,0.5,0.5,inheritance,inheritance,inheritance
1965,867,2793,0.20000000000000004,0.5,0.5,19.146564885496183,7.945790080738178,22.63873970640888,471,0,75,0.2,0.5,0.5,inheritance,inheritance,inheritance
1980,836,2809,0.20000000000000004,0.5,0.5,18.817171717171718,7.893540669856459,22.575293698825206,472,0,75,0.2,0.5,0.5,inheritance,inheritance,inheritance
2013,797,2815,0.2,0.5,0.5,18.69846000993542,8.18444165621079,22.548490230905863,473,0,75,0.2,0.5,0.5,inheritance,inheritance,inheritance
2032,775,2818,0.20000000000000004,0.5,0.5,18.656496062992126,8.113548387096774,22.609652235628104,474,0,75,0.2,0.5,0.5,inheritance,inheritance,inheritance
2047,760,2818,0.20000000000000004,0.5,0.5,18.631656082071324,8.121052631578948,22.68275372604684,475,0,75,0.2,0.5,0.5,inheritance,inheritance,inheritance
2062,753,2810,0.20000000000000004,0.5,0.5,18.385548011639184,7.99070385126162,22.729537366548044,476,0,75,0.2,0.5,0.5,inheritance,inheritance,inheritance
2109,734,2782,0.19999999999999998,0.5,0.5,18.208629682313894,8.091280653950953,22.944644140905822,477,0,75,0.2,0.5,0.5,inheritance,inheritance,inheritance
2121,723,2781,0.19999999999999998,0.5,0.5,18.15794436586516,7.8865836791148,22.989212513484357,478,0,75,0.2,0.5,0.5,inheritance,inheritance,inheritance
2163,699,2763,0.19999999999999996,0.5,0.5,18.083680073971337,7.783977110157368,23.160694896851247,479,0,75,0.2,0.5,0.5,inheritance,inheritance,inheritance
2179,687,2759,0.19999999999999998,0.5,0.5,18.13079394217531,7.770014556040757,23.322943095324394,480,0,75,0.2,0.5,0.5,inheritance,inheritance,inheritance
2216,685,2724,0.19999999999999996,0.5,0.5,17.783393501805055,7.499270072992701,23.38105726872247,481,0,75,0.2,0.5,0.5,inheritance,inheritance,inheritance
2243,683,2699,0.19999999999999996,0.5,0.5,17.72625947391886,7.506588579795022,23.421267135976287,482,0,75,0.2,0.5,0.5,inheritance,inheritance,inheritance
2252,707,2666,0.19999999999999998,0.5,0.5,17.69227353463588,7.315417256011315,23.691672918229557,483,0,75,0.2,0.5,0.5,inheritance,inheritance,inheritance
2282,702,2641,0.19999999999999998,0.5,0.5,17.599474145486415,7.3917378917378915,23.790609617569103,484,0,75,0.2,0.5,0.5,inheritance,inheritance,inheritance
2312,713,2600,0.19999999999999998,0.5,0.5,17.502162629757784,7.464235624123422,24.08923076923077,485,0,75,0.2,0.5,0.5,inheritance,inheritance,inheritance
2334,721,2570,0.19999999999999998,0.5,0.5,17.46872322193659,7.2995839112343965,23.932684824902722,486,0,75,0.2,0.5,0.5,inheritance,inheritance,inheritance
2352,717,2556,0.19999999999999998,0.5,0.5,17.36267006802721,7.175732217573222,23.969874804381845,487,0,75,0.2,0.5,0.5,inheritance,inheritance,inheritance
2345,727,2553,0.19999999999999998,0.5,0.5,17.36588486140725,6.9642365887207704,23.935370152761458,488,0,75,0.2,0.5,0.5,inheritance,inheritance,inheritance
2357,727,2541,0.19999999999999998,0.5,0.5,17.43826898599915,7.0646492434663,24.022825659189294,489,0,75,0.2,0.5,0.5,inheritance,inheritance,inheritance
2392,726,2507,0.19999999999999998,0.5,0.5,17.50041806020067,7.128099173553719,24.09772636617471,490,0,75,0.2,0.5,0.5,inheritance,inheritance,inheritance
2430,713,2482,0.2,0.5,0.5,17.56954732510288,7.20617110799439,24.061240934730055,491,0,75,0.2,0.5,0.5,inheritance,inheritance,inheritance
2453,720,2452,0.19999999999999998,0.5,0.5,17.50835711373828,7.302777777777778,24.223898858075042,492,0,75,0.2,0.5,0.5,inheritance,inheritance,inheritance
2440,738,2447,0.2,0.5,0.5,17.646311475409835,7.188346883468835,24.207192480588475,493,0,75,0.2,0.5,0.5,inheritance,inheritance,inheritance
2437,770,2418,0.19999999999999998,0.5,0.5,17.65038982355355,7.144155844155844,24.244416873449133,494,0,75,0.2,0.5,0.5,inheritance,inheritance,inheritance
2446,773,2406,0.19999999999999998,0.5,0.5,17.492641046606703,7.0504527813712805,24.079384871155444,495,0,75,0.2,0.5,0.5,inheritance,inheritance,inheritance
2457,800,2368,0.19999999999999998,0.5,0.5,17.474969474969473,7.12375,24.176097972972972,496,0,75,0.2,0.5,0.5,inheritance,inheritance,inheritance
2451,818,2356,0.19999999999999998,0.5,0.5,17.503875968992247,7.02322738386308,24.115449915110357,497,0,75,0.2,0.5,0.5,inheritance,inheritance,inheritance
2462,829,2334,0.19999999999999998,0.5,0.5,17.477254264825344,7.09167671893848,24.128963153384746,498,0,75,0.2,0.5,0.5,inheritance,inheritance,inheritance
2475,826,2324,0.19999999999999998,0.5,0.5,17.66020202020202,7.168280871670702,24.004302925989673,499,0,75,0.2,0.5,0.5,inheritance,inheritance,inheritance
2479,829,2317,0.19999999999999998,0.5,0.5,17.72408229124647,7.295536791314837,23.691842900302113,500,0,75,0.2,0.5,0.5,inheritance,inheritance,inheritance
2504,843,2278,0.19999999999999998,0.5,0.5,17.67891373801917,7.3119810201660735,23.513608428446005,501,0,75,0.2,0.5,0.5,inheritance,inheritance,inheritance
2548,831,2246,0.19999999999999996,0.5,0.5,17.70800627943485,7.664259927797834,23.276491540516474,502,0,75,0.2,0.5,0.5,inheritance,inheritance,inheritance
2579,847,2199,0.19999999999999998,0.5,0.5,17.61535478867778,7.615112160566706,23.012733060482038,503,0,75,0.2,0.5,0.5,inheritance,inheritance,inheritance
2589,869,2167,0.19999999999999998,0.5,0.5,17.753186558516802,7.718066743383199,22.893401015228427,504,0,75,0.2,0.5,0.5,inheritance,inheritance,inheritance
2603,889,2133,0.19999999999999996,0.5,0.5,17.85900883595851,7.74015748031496,22.91092358180966,505,0,75,0.2,0.5,0.5,inheritance,inheritance,inheritance
2628,882,2115,0.19999999999999996,0.5,0.5,18.090563165905632,7.938775510204081,22.621276595744682,506,0,75,0.2,0.5,0.5,inheritance,inheritance,inheritance
2649,890,2086,0.19999999999999998,0.5,0.5,18.201963004907512,8.020224719101124,22.324544582933843,507,0,75,0.2,0.5,0.5,inheritance,inheritance,inheritance
2682,853,2090,0.19999999999999996,0.5,0.5,18.30462341536167,7.977725674091442,21.719617224880384,508,0,75,0.2,0.5,0.5,inheritance,inheritance,inheritance
2669,855,2101,0.19999999999999998,0.5,0.5,18.518920944173846,8.03859649122807,21.43979057591623,509,0,75,0.2,0.5,0.5,inheritance,inheritance,inheritance
2672,846,2107,0.19999999999999996,0.5,0.5,18.695359281437124,7.952718676122932,20.867584242999527,510,0,75,0.2,0.5,0.5,inheritance,inheritance,inheritance
2700,809,2116,0.19999999999999996,0.5,0.5,18.863703703703703,8.054388133498145,20.2679584120983,511,0,75,0.2,0.5,0.5,inheritance,inheritance,inheritance
2712,782,2131,0.19999999999999996,0.5,0.5,19.077433628318584,8.088235294117647,19.872360394181136,512,0,75,0.2,0.5,0.5,inheritance,inheritance,inheritance
2718,779,2128,0.19999999999999996,0.5,0.5,19.259381898454745,7.861360718870347,19.61325187969925,513,0,75,0.2,0.5,0.5,inheritance,inheritance,inheritance
2716,776,2133,0.19999999999999998,0.5,0.5,19.59977908689249,7.662371134020619,19.27754336615096,514,0,75,0.2,0.5,0.5,inheritance,inheritance,inheritance
2716,766,2143,0.19999999999999998,0.5,0.5,19.878129602356406,7.68668407310705,19.011199253383108,515,0,75,0.2,0.5,0.5,inheritance,inheritance,inheritance
2731,739,2155,0.19999999999999993,0.5,0.5,20.229586232149394,7.696887686062246,18.877958236658934,516,0,75,0.2,0.5,0.5,inheritance,inheritance,inheritance
2751,738,2136,0.19999999999999993,0.5,0.5,20.36932024718284,7.513550135501355,18.82818352059925,517,0,75,0.2,0.5,0.5,inheritance,inheritance,inheritance
2754,739,2132,0.19999999999999996,0.5,0.5,20.621278140885984,7.49255751014885,18.693245778611633,518,0,75,0.2,0.5,0.5,inheritance,inheritance,inheritance
2748,751,2126,0.19999999999999996,0.5,0.5,20.852983988355167,7.4194407456724365,18.68250235183443,519,0,75,0.2,0.5,0.5,inheritance,inheritance,inheritance
2730,759,2136,0.19999999999999996,0.5,0.5,21.064835164835166,7.146245059288537,18.625,520,0,75,0.2,0.5,0.5,inheritance,inheritance,inheritance
2737,749,2139,0.19999999999999996,0.5,0.5,21.33649981731823,7.142857142857143,18.479195885928004,521,0,75,0.2,0.5,0.5,inheritance,inheritance,inheritance
2777,759,2089,0.19999999999999996,0.5,0.5,21.316528628015845,7.283267457180501,18.361416945907134,522,0,75,0.2,0.5,0.5,inheritance,inheritance,inheritance
2787,767,2071,0.19999999999999998,0.5,0.5,21.393972012917114,7.03780964797914,18.35683244809271,523,0,75,0.2,0.5,0.5,inheritance,inheritance,inheritance
2772,781,2072,0.19999999999999996,0.5,0.5,21.633477633477632,7.062740076824584,18.48310810810811,524,0,75,0.2,0.5,0.5,inheritance,inheritance,inheritance
2765,798,2062,0.19999999999999996,0.5,0.5,21.84737793851718,7.076441102756892,18.48302618816683,525,0,75,0.2,0.5,0.5,inheritance,inheritance,inheritance
2755,798,2072,0.19999999999999996,0.5,0.5,21.96551724137931,7.072681704260652,18.47104247104247,526,0,75,0.2,0.5,0.5,inheritance,inheritance,inheritance
2736,837,2052,0.19999999999999993,0.5,0.5,22.031432748538013,7.03584229390681,18.67495126705653,527,0,75,0.2,0.5,0.5,inheritance,inheritance,inheritance
2757,848,2020,0.19999999999999996,0.5,0.5,22.13855640188611,7.283018867924528,18.87178217821782,528,0,75,0.2,0.5,0.5,inheritance,inheritance,inheritance
2728,892,2005,0.19999999999999996,0.5,0.5,22.274193548387096,7.254484304932736,18.93067331670823,529,0,75,0.2,0.5,0.5,inheritance,inheritance,inheritance
2725,917,1983,0.19999999999999996,0.5,0.5,22.295412844036697,7.236641221374046,18.883509833585478,530,0,75,0.2,0.5,0.5,inheritance,inheritance,inheritance
2714,934,1977,0.19999999999999998,0.5,0.5,22.427781871775977,7.39186295503212,18.753161355589278,531,0,75,0.2,0.5,0.5,inheritance,inheritance,inheritance
2695,959,1971,0.19999999999999996,0.5,0.5,22.4025974025974,7.425443169968718,18.747843734145103,532,0,75,0.2,0.5,0.5,inheritance,inheritance,inheritance
2652,987,1986,0.19999999999999998,0.5,0.5,22.350678733031675,7.295845997973657,18.673212487411885,533,0,75,0.2,0.5,0.5,inheritance,inheritance,inheritance
2641,1003,1981,0.2,0.5,0.5,22.388110564180234,7.450648055832502,18.721352852094903,534,0,75,0.2,0.5,0.5,inheritance,inheritance,inheritance
2621,1013,1991,0.19999999999999998,0.5,0.5,22.357878672262494,7.420533070088845,18.587644399799096,535,0,75,0.2,0.5,0.5,inheritance,inheritance,inheritance
2577,1027,2021,0.19999999999999996,0.5,0.5,22.463329452852154,7.400194741966894,18.461652647204353,536,0,75,0.2,0.5,0.5,inheritance,inheritance,inheritance
2551,1051,2023,0.19999999999999998,0.5,0.5,22.28890631125049,7.320647002854424,18.29560059317845,537,0,75,0.2,0.5,0.5,inheritance,inheritance,inheritance
2494,1082,2049,0.19999999999999998,0.5,0.5,22.240577385725743,7.329944547134935,18.20546608101513,538,0,75,0.2,0.5,0.5,inheritance,inheritance,inheritance
2436,1103,2086,0.19999999999999998,0.5,0.5,22.316091954022987,7.13871260199456,17.94391179290508,539,0,75,0.2,0.5,0.5,inheritance,inheritance,inheritance
2402,1135,2088,0.19999999999999998,0.5,0.5,22.260199833472107,7.2889867841409695,17.941570881226053,540,0,75,0.2,0.5,0.5,inheritance,inheritance,inheritance
2388,1148,2089,0.19999999999999998,0.5,0.5,22.14572864321608,7.5322299651567945,17.851603638104358,541,0,75,0.2,0.5,0.5,inheritance,inheritance,inheritance
2386,1146,2093,0.19999999999999998,0.5,0.5,22.109388097233865,7.609947643979058,17.477783086478738,542,0,75,0.2,0.5,0.5,inheritance,inheritance,inheritance
2375,1149,2101,0.2,0.5,0.5,21.99663157894737,7.591818973020017,17.30366492146597,543,0,75,0.2,0.5,0.5,inheritance,inheritance,inheritance
2363,1128,2134,0.19999999999999998,0.5,0.5,21.921709691070674,7.788120567375887,17.06841611996251,544,0,75,0.2,0.5,0.5,inheritance,inheritance,inheritance
2371,1131,2123,0.19999999999999998,0.5,0.5,21.771404470687475,7.9204244031830235,17.1205840791333,545,0,75,0.2,0.5,0.5,inheritance,inheritance,inheritance
2354,1122,2149,0.19999999999999998,0.5,0.5,21.685216652506373,7.980392156862745,16.981852024197302,546,0,75,0.2,0.5,0.5,inheritance,inheritance,inheritance
2364,1120,2141,0.19999999999999998,0.5,0.5,21.622673434856175,8.230357142857143,16.976646426903315,547,0,75,0.2,0.5,0.5,inheritance,inheritance,inheritance
2345,1105,2175,0.19999999999999998,0.5,0.5,21.569296375266525,8.463348416289593,16.957241379310346,548,0,75,0.2,0.5,0.5,inheritance,inheritance,inheritance
2333,1083,2209,0.19999999999999996,0.5,0.5,21.60780111444492,8.556786703601109,16.85740153915799,549,0,75,0.2,0.5,0.5,inheritance,inheritance,inheritance
2330,1066,2229,0.19999999999999998,0.5,0.5,21.48154506437768,8.52532833020638,16.664423508299684,550,0,75,0.2,0.5,0.5,inheritance,inheritance,inheritance
2299,1055,2271,0.19999999999999998,0.5,0.5,21.29230100043497,8.26350710900474,16.273007485689124,551,0,75,0.2,0.5,0.5,inheritance,inheritance,inheritance
2281,1046,2298,0.19999999999999998,0.5,0.5,21.351600175361682,8.219885277246654,16.320278503046126,552,0,75,0.2,0.5,0.5,inheritance,inheritance,inheritance
2284,1012,2329,0.19999999999999998,0.5,0.5,21.177758318739055,8.209486166007904,16.22842421640189,553,0,75,0.2,0.5,0.5,inheritance,inheritance,inheritance
2272,1016,2337,0.19999999999999998,0.5,0.5,20.96875,8.167322834645669,16.235772357723576,554,0,75,0.2,0.5,0.5,inheritance,inheritance,inheritance
2255,1023,2347,0.19999999999999996,0.5,0.5,20.72239467849224,8.09286412512219,16.196420962931402,555,0,75,0.2,0.5,0.5,inheritance,inheritance,inheritance
2253,1001,2371,0.19999999999999996,0.5,0.5,20.667554371948512,8.008991008991009,16.19654154365247,556,0,75,0.2,0.5,0.5,inheritance,inheritance,inheritance
2233,1013,2379,0.19999999999999998,0.5,0.5,20.340797133900583,7.950641658440277,16.240857503152586,557,0,75,0.2,0.5,0.5,inheritance,inheritance,inheritance
2206,1005,2414,0.19999999999999996,0.5,0.5,20.148232094288304,7.7880597014925375,16.082435791217897,558,0,75,0.2,0.5,0.5,inheritance,inheritance,inheritance
2195,998,2432,0.19999999999999996,0.5,0.5,20.24510250569476,7.930861723446894,16.11924342105263,559,0,75,0.2,0.5,0.5,inheritance,inheritance,inheritance
2188,984,2453,0.19999999999999996,0.5,0.5,20.25091407678245,8.103658536585366,16.153689359967387,560,0,75,0.2,0.5,0.5,inheritance,inheritance,inheritance
2163,961,2501,0.19999999999999996,0.5,0.5,20.273693943596857,8.085327783558792,16.200719712115156,561,0,75,0.2,0.5,0.5,inheritance,inheritance,inheritance
2151,928,2546,0.19999999999999996,0.5,0.5,20.258019525801952,7.876077586206897,16.150039277297722,562,0,75,0.2,0.5,0.5,inheritance,inheritance,inheritance
2139,913,2573,0.19999999999999998,0.5,0.5,20.161290322580644,7.951807228915663,16.194714341235912,563,0,75,0.2,0.5,0.5,inheritance,inheritance,inheritance
2159,885,2581,0.19999999999999998,0.5,0.5,20.05002315886985,8.005649717514125,16.299108872530027,564,0,75,0.2,0.5,0.5,inheritance,inheritance,inheritance
2164,882,2579,0.19999999999999998,0.5,0.5,19.97781885397412,7.959183673469388,16.423419930205505,565,0,75,0.2,0.5,0.5,inheritance,inheritance,inheritance
2157,870,2598,0.19999999999999998,0.5,0.5,19.882243857209087,7.925287356321839,16.577367205542725,566,0,75,0.2,0.5,0.5,inheritance,inheritance,inheritance
2133,877,2615,0.19999999999999998,0.5,0.5,19.86263478668542,7.789053591790194,16.81453154875717,567,0,75,0.2,0.5,0.5,inheritance,inheritance,inheritance
2131,874,2620,0.19999999999999996,0.5,0.5,19.600187705302673,7.71395881006865,17.02557251908397,568,0,75,0.2,0.5,0.5,inheritance,inheritance,inheritance
2119,879,2627,0.19999999999999998,0.5,0.5,19.43416705993393,7.642775881683732,17.132470498667683,569,0,75,0.2,0.5,0.5,inheritance,inheritance,inheritance
2132,856,2637,0.19999999999999998,0.5,0.5,19.515478424015008,7.797897196261682,17.288585513841486,570,0,75,0.2,0.5,0.5,inheritance,inheritance,inheritance
2151,847,2627,0.19999999999999996,0.5,0.5,19.417015341701536,7.868949232585596,17.528359345260753,571,0,75,0.2,0.5,0.5,inheritance,inheritance,inheritance
2146,848,2631,0.19999999999999996,0.5,0.5,19.410065237651445,7.850235849056604,17.716837704294946,572,0,75,0.2,0.5,0.5,inheritance,inheritance,inheritance
2130,827,2668,0.2,0.5,0.5,19.543661971830986,7.798065296251512,17.821964017991004,573,0,75,0.2,0.5,0.5,inheritance,inheritance,inheritance
2137,812,2676,0.19999999999999998,0.5,0.5,19.656527842770238,7.870689655172414,18.061285500747385,574,0,75,0.2,0.5,0.5,inheritance,inheritance,inheritance
2138,797,2690,0.19999999999999998,0.5,0.5,19.479420018709074,7.789209535759096,18.26282527881041,575,0,75,0.2,0.5,0.5,inheritance,inheritance,inheritance
2128,804,2693,0.19999999999999998,0.5,0.5,19.602443609022558,7.757462686567164,18.591162272558485,576,0,75,0.2,0.5,0.5,inheritance,inheritance,inheritance
2109,832,2684,0.19999999999999998,0.5,0.5,19.80417259364628,7.688701923076923,18.97429210134128,577,0,75,0.2,0.5,0.5,inheritance,inheritance,inheritance
2122,830,2673,0.19999999999999998,0.5,0.5,19.701225259189442,7.765060240963855,19.153759820426487,578,0,75,0.2,0.5,0.5,inheritance,inheritance,inheritance
2141,829,2655,0.19999999999999996,0.5,0.5,19.60345632881831,7.855247285886611,19.45310734463277,579,0,75,0.2,0.5,0.5,inheritance,inheritance,inheritance
2151,829,2645,0.19999999999999996,0.5,0.5,19.513249651324966,7.837153196622436,19.77844990548204,580,0,75,0.2,0.5,0.5,inheritance,inheritance,inheritance
2159,813,2653,0.19999999999999998,0.5,0.5,19.54284390921723,7.910209102091021,20.006784771956276,581,0,75,0.2,0.5,0.5,inheritance,inheritance,inheritance
2172,826,2627,0.19999999999999998,0.5,0.5,19.57136279926335,8.111380145278451,20.304149219642177,582,0,75,0.2,0.5,0.5,inheritance,inheritance,inheritance
2169,833,2623,0.19999999999999998,0.5,0.5,19.56615952051637,8.078031212484994,20.627906976744185,583,0,75,0.2,0.5,0.5,inheritance,inheritance,inheritance
2176,843,2606,0.19999999999999996,0.5,0.5,19.532628676470587,8.176749703440095,20.88142747505756,584,0,75,0.2,0.5,0.5,inheritance,inheritance,inheritance
2153,878,2594,0.19999999999999998,0.5,0.5,19.419879238272177,8.009111617312072,21.084811102544332,585,0,75,0.2,0.5,0.5,inheritance,inheritance,inheritance
2137,896,2592,0.19999999999999998,0.5,0.5,19.474029012634535,8.160714285714286,21.38155864197531,586,0,75,0.2,0.5,0.5,inheritance,inheritance,inheritance
2128,914,2583,0.19999999999999998,0.5,0.5,19.61842105263158,8.182713347921226,21.636082075106465,587,0,75,0.2,0.5,0.5,inheritance,inheritance,inheritance
2106,924,2595,0.19999999999999998,0.5,0.5,19.71937321937322,8.012987012987013,21.761078998073216,588,0,75,0.2,0.5,0.5,inheritance,inheritance,inheritance
2092,952,2581,0.19999999999999998,0.5,0.5,19.72562141491396,7.902310924369748,21.994575745834947,589,0,75,0.2,0.5,0.5,inheritance,inheritance,inheritance
2085,956,2584,0.2,0.5,0.5,19.598561151079135,7.912133891213389,22.087848297213622,590,0,75,0.2,0.5,0.5,inheritance,inheritance,inheritance
2077,954,2594,0.2,0.5,0.5,19.54886856042369,7.944444444444445,22.242097147262914,591,0,75,0.2,0.5,0.5,inheritance,inheritance,inheritance
2061,972,2592,0.2,0.5,0.5,19.184861717612808,7.88477366255144,22.332561728395063,592,0,75,0.2,0.5,0.5,inheritance,inheritance,inheritance
2049,955,2621,0.20000000000000004,0.5,0.5,19.10736944851147,8.001047120418848,22.292254864555513,593,0,75,0.2,0.5,0.5,inheritance,inheritance,inheritance
2050,946,2629,0.20000000000000007,0.5,0.5,18.80829268292683,7.876321353065539,22.13579307721567,594,0,75,0.2,0.5,0.5,inheritance,inheritance,inheritance
2073,934,2618,0.2,0.5,0.5,18.670525808007717,8.010706638115632,22.22918258212376,595,0,75,0.2,0.5,0.5,inheritance,inheritance,inheritance
2060,944,2621,0.20000000000000007,0.5,0.5,18.29660194174757,7.825211864406779,22.194582220526517,596,0,75,0.2,0.5,0.5,inheritance,inheritance,inheritance
2032,947,2646,0.20000000000000004,0.5,0.5,18.209645669291337,7.569165786694826,22.24867724867725,597,0,75,0.2,0.5,0.5,inheritance,inheritance,inheritance
2038,937,2650,0.20000000000000004,0.5,0.5,18.055446516192344,7.532550693703309,22.211320754716983,598,0,75,0.2,0.5,0.5,inheritance,inheritance,inheritance
2046,932,2647,0.2,0.5,0.5,17.87585532746823,7.703862660944206,22.1681148469966,599,0,75,0.2,0.5,0.5,inheritance,inheritance,inheritance
2056,909,2660,0.2,0.5,0.5,17.56614785992218,7.792079207920792,22.14624060150376,600,0,75,0.2,0.5,0.5,inheritance,inheritance,inheritance
2059,894,2672,0.20000000000000004,0.5,0.5,17.630403108305003,7.919463087248322,22.211077844311376,601,0,75,0.2,0.5,0.5,inheritance,inheritance,inheritance
2072,902,2651,0.2,0.5,0.5,17.457046332046332,7.919068736141907,22.187476423990947,602,0,75,0.2,0.5,0.5,inheritance,inheritance,inheritance
2068,876,2681,0.20000000000000004,0.5,0.5,17.432301740812377,7.9771689497716896,22.06788511749347,603,0,75,0.2,0.5,0.5,inheritance,inheritance,inheritance
2086,838,2701,0.2,0.5,0.5,17.248322147651006,7.859188544152745,21.79489078119215,604,0,75,0.2,0.5,0.5,inheritance,inheritance,inheritance
2115,796,2714,0.2,0.5,0.5,17.33191489361702,7.989949748743719,21.680913780397937,605,0,75,0.2,0.5,0.5,inheritance,inheritance,inheritance
2151,769,2705,0.19999999999999996,0.5,0.5,17.14225941422594,8.020806241872561,21.653604436229205,606,0,75,0.2,0.5,0.5,inheritance,inheritance,inheritance
2190,740,2695,0.19999999999999998,0.5,0.5,17.03972602739726,7.918918918918919,21.531725417439702,607,0,75,0.2,0.5,0.5,inheritance,inheritance,inheritance
2233,722,2670,0.19999999999999998,0.5,0.5,17.13255709807434,8.03601108033241,21.801498127340825,608,0,75,0.2,0.5,0.5,inheritance,inheritance,inheritance
2304,689,2632,0.19999999999999998,0.5,0.5,17.03862847222222,8.312046444121917,21.75607902735562,609,0,75,0.2,0.5,0.5,inheritance,inheritance,inheritance
2306,696,2623,0.19999999999999998,0.5,0.5,17.153946227233305,8.150862068965518,21.94586351505909,610,0,75,0.2,0.5,0.5,inheritance,inheritance,inheritance
2351,676,2598,0.19999999999999998,0.5,0.5,17.277754147171418,8.1301775147929,21.947652040030793,611,0,75,0.2,0.5,0.5,inheritance,inheritance,inheritance
2354,678,2593,0.19999999999999998,0.5,0.5,17.497875955819882,8.008849557522124,21.88468954878519,612,0,75,0.2,0.5,0.5,inheritance,inheritance,inheritance
2384,670,2571,0.19999999999999998,0.5,0.5,17.66736577181208,7.998507462686567,21.847919097627383,613,0,75,0.2,0.5,0.5,inheritance,inheritance,inheritance
2387,681,2557,0.19999999999999998,0.5,0.5,17.69752827817344,7.8766519823788546,21.956198670316777,614,0,75,0.2,0.5,0.5,inheritance,inheritance,inheritance
2420,680,2525,0.2,0.5,0.5,17.72396694214876,7.708823529411765,21.97148514851485,615,0,75,0.2,0.5,0.5,inheritance,inheritance,inheritance
2413,706,2506,0.2,0.5,0.5,17.898881060920015,7.514164305949008,22.18635275339186,616,0,75,0.2,0.5,0.5,inheritance,inheritance,inheritance
2430,701,2494,0.2,0.5,0.5,18.009053497942386,7.326676176890157,22.203688853247794,617,0,75,0.2,0.5,0.5,inheritance,inheritance,inheritance
2446,713,2466,0.19999999999999998,0.5,0.5,18.12959934587081,7.447405329593268,22.272506082725062,618,0,75,0.2,0.5,0.5,inheritance,inheritance,inheritance
2472,717,2436,0.19999999999999998,0.5,0.5,18.211569579288025,7.517433751743376,22.327175697865353,619,0,75,0.2,0.5,0.5,inheritance,inheritance,inheritance
2514,712,2399,0.19999999999999998,0.5,0.5,18.22832140015911,7.293539325842697,22.28720300125052,620,0,75,0.2,0.5,0.5,inheritance,inheritance,inheritance
2543,692,2390,0.19999999999999996,0.5,0.5,18.458513566653558,7.332369942196531,22.256903765690378,621,0,75,0.2,0.5,0.5,inheritance,inheritance,inheritance
2569,698,2358,0.19999999999999998,0.5,0.5,18.732191514207862,7.2979942693409745,22.376590330788805,622,0,75,0.2,0.5,0.5,inheritance,inheritance,inheritance
2587,693,2345,0.19999999999999996,0.5,0.5,19.018554310011595,7.458874458874459,22.612793176972282,623,0,75,0.2,0.5,0.5,inheritance,inheritance,inheritance
2603,698,2324,0.19999999999999996,0.5,0.5,19.14099116404149,7.383954154727793,22.639414802065403,624,0,75,0.2,0.5,0.5,inheritance,inheritance,inheritance
2597,730,2298,0.19999999999999998,0.5,0.5,19.249133615710434,7.276712328767124,22.786771105308965,625,0,75,0.2,0.5,0.5,inheritance,inheritance,inheritance
2598,736,2291,0.19999999999999996,0.5,0.5,19.514241724403387,7.395380434782608,22.85901353120908,626,0,75,0.2,0.5,0.5,inheritance,inheritance,inheritance
2621,752,2252,0.19999999999999998,0.5,0.5,19.636016787485694,7.457446808510638,22.984902309058615,627,0,75,0.2,0.5,0.5,inheritance,inheritance,inheritance
2640,757,2228,0.2,0.5,0.5,19.611742424242426,7.299867899603699,22.63734290843806,628,0,75,0.2,0.5,0.5,inheritance,inheritance,inheritance
2641,764,2220,0.2,0.5,0.5,19.769405528209013,7.223821989528796,22.655405405405407,629,0,75,0.2,0.5,0.5,inheritance,inheritance,inheritance
2667,757,2201,0.19999999999999996,0.5,0.5,19.775778027746533,7.3315719947159845,22.44979554747842,630,0,75,0.2,0.5,0.5,inheritance,inheritance,inheritance
2652,798,2175,0.19999999999999998,0.5,0.5,20.004147812971343,7.200501253132832,22.381149425287358,631,0,75,0.2,0.5,0.5,inheritance,inheritance,inheritance
2642,840,2143,0.19999999999999998,0.5,0.5,20.137017411052234,7.146428571428571,22.32104526364909,632,0,75,0.2,0.5,0.5,inheritance,inheritance,inheritance
2604,865,2156,0.19999999999999998,0.5,0.5,20.2215821812596,6.858959537572255,22.198051948051948,633,0,75,0.2,0.5,0.5,inheritance,inheritance,inheritance
2577,905,2143,0.19999999999999996,0.5,0.5,20.194024058983313,6.8762430939226515,21.710219318712085,634,0,75,0.2,0.5,0.5,inheritance,inheritance,inheritance
2569,920,2136,0.19999999999999998,0.5,0.5,20.24756714674971,6.916304347826087,21.4873595505618,635,0,75,0.2,0.5,0.5,inheritance,inheritance,inheritance
2535,960,2130,0.19999999999999996,0.5,0.5,20.21577909270217,6.776041666666667,21.38450704225352,636,0,75,0.2,0.5,0.5,inheritance,inheritance,inheritance
2510,984,2131,0.19999999999999998,0.5,0.5,20.314342629482073,6.853658536585366,21.44016893477241,637,0,75,0.2,0.5,0.5,inheritance,inheritance,inheritance
2496,1008,2121,0.19999999999999998,0.5,0.5,20.34014423076923,6.882936507936508,21.246110325318245,638,0,75,0.2,0.5,0.5,inheritance,inheritance,inheritance
2489,1029,2107,0.19999999999999998,0.5,0.5,20.031337886701486,6.903790087463557,20.899857617465592,639,0,75,0.2,0.5,0.5,inheritance,inheritance,inheritance
2447,1080,2098,0.19999999999999998,0.5,0.5,19.96730690641602,6.9564814814814815,20.756434699714013,640,0,75,0.2,0.5,0.5,inheritance,inheritance,inheritance
2432,1117,2076,0.19999999999999998,0.5,0.5,19.657894736842106,7.085944494180842,20.315992292870906,641,0,75,0.2,0.5,0.5,inheritance,inheritance,inheritance
2397,1124,2104,0.19999999999999998,0.5,0.5,19.587400917813934,7.205516014234876,20.0,642,0,75,0.2,0.5,0.5,inheritance,inheritance,inheritance
2341,1171,2113,0.19999999999999998,0.5,0.5,19.52926099957283,7.141759180187874,19.827259820160908,643,0,75,0.2,0.5,0.5,inheritance,inheritance,inheritance
2303,1183,2139,0.19999999999999996,0.5,0.5,19.51932262266609,7.118343195266272,19.40486208508649,644,0,75,0.2,0.5,0.5,inheritance,inheritance,inheritance
2270,1173,2182,0.19999999999999998,0.5,0.5,19.39603524229075,7.202898550724638,19.0884509624198,645,0,75,0.2,0.5,0.5,inheritance,inheritance,inheritance
2261,1183,2181,0.19999999999999998,0.5,0.5,19.141972578505086,7.3930684699915465,18.767996331957818,646,0,75,0.2,0.5,0.5,inheritance,inheritance,inheritance
2224,1179,2222,0.19999999999999998,0.5,0.5,19.086780575539567,7.393553859202714,18.237623762376238,647,0,75,0.2,0.5,0.5,inheritance,inheritance,inheritance
2208,1175,2242,0.19999999999999996,0.5,0.5,18.94429347826087,7.404255319148936,18.052185548617306,648,0,75,0.2,0.5,0.5,inheritance,inheritance,inheritance
2195,1196,2234,0.19999999999999996,0.5,0.5,18.670615034168566,7.3938127090301,17.683079677708147,649,0,75,0.2,0.5,0.5,inheritance,inheritance,inheritance
2144,1219,2262,0.19999999999999998,0.5,0.5,18.478544776119403,7.447908121410992,17.481432360742705,650,0,75,0.2,0.5,0.5,inheritance,inheritance,inheritance
2123,1193,2309,0.19999999999999998,0.5,0.5,18.497409326424872,7.589270746018441,17.226504980511045,651,0,75,0.2,0.5,0.5,inheritance,inheritance,inheritance
2083,1197,2345,0.2,0.5,0.5,18.435429668747,7.649958228905597,17.194882729211088,652,0,75,0.2,0.5,0.5,inheritance,inheritance,inheritance
2092,1174,2359,0.19999999999999998,0.5,0.5,18.152963671128106,7.8160136286201025,17.031369224247562,653,0,75,0.2,0.5,0.5,inheritance,inheritance,inheritance
2086,1158,2381,0.2,0.5,0.5,17.960690316395013,7.889464594127807,16.839143217135657,654,0,75,0.2,0.5,0.5,inheritance,inheritance,inheritance
2074,1122,2429,0.20000000000000004,0.5,0.5,17.9122468659595,8.036541889483066,16.674763277068752,655,0,75,0.2,0.5,0.5,inheritance,inheritance,inheritance
2057,1108,2460,0.20000000000000004,0.5,0.5,17.908118619348567,8.176895306859207,16.650813008130083,656,0,75,0.2,0.5,0.5,inheritance,inheritance,inheritance
2049,1071,2505,0.20000000000000004,0.5,0.5,17.944363103953147,8.278244631185808,16.479041916167663,657,0,75,0.2,0.5,0.5,inheritance,inheritance,inheritance
2049,1051,2525,0.20000000000000004,0.5,0.5,17.831625183016104,8.26070409134158,16.405940594059405,658,0,75,0.2,0.5,0.5,inheritance,inheritance,inheritance
2053,1005,2567,0.2,0.5,0.5,17.779347296639063,8.200995024875622,16.385664199454617,659,0,75,0.2,0.5,0.5,inheritance,inheritance,inheritance
2042,969,2614,0.20000000000000004,0.5,0.5,17.93780607247796,8.37048503611971,16.327850038255548,660,0,75,0.2,0.5,0.5,inheritance,inheritance,inheritance
2040,955,2630,0.20000000000000007,0.5,0.5,17.852941176470587,8.326701570680628,16.299619771863117,661,0,75,0.2,0.5,0.5,inheritance,inheritance,inheritance
2040,916,2669,0.20000000000000007,0.5,0.5,17.862745098039216,8.300218340611353,16.356313225927313,662,0,75,0.2,0.5,0.5,inheritance,inheritance,inheritance
2041,866,2718,0.20000000000000004,0.5,0.5,18.066634002939736,8.308314087759815,16.450699043414275,663,0,75,0.2,0.5,0.5,inheritance,inheritance,inheritance
2035,818,2772,0.20000000000000004,0.5,0.5,18.23734643734644,8.179706601466993,16.615079365079364,664,0,75,0.2,0.5,0.5,inheritance,inheritance,inheritance
2059,801,2765,0.20000000000000004,0.5,0.5,18.129674599320058,8.146067415730338,16.80253164556962,665,0,75,0.2,0.5,0.5,inheritance,inheritance,inheritance
2077,771,2777,0.2,0.5,0.5,18.240731824747233,8.011673151750973,17.00756211739287,666,0,75,0.2,0.5,0.5,inheritance,inheritance,inheritance
2082,748,2795,0.19999999999999998,0.5,0.5,18.170028818443804,7.665775401069519,17.074060822898034,667,0,75,0.2,0.5,0.5,inheritance,inheritance,inheritance
2099,728,2798,0.19999999999999998,0.5,0.5,18.249166269652214,7.487637362637362,17.235525375268047,668,0,75,0.2,0.5,0.5,inheritance,inheritance,inheritance
2097,702,2826,0.19999999999999998,0.5,0.5,18.362422508345254,7.344729344729345,17.514861995753716,669,0,75,0.2,0.5,0.5,inheritance,inheritance,inheritance
2079,689,2857,0.20000000000000004,0.5,0.5,18.565175565175565,7.269956458635704,17.64403220161008,670,0,75,0.2,0.5,0.5,inheritance,inheritance,inheritance
2077,683,2865,0.2,0.5,0.5,18.77034183919114,6.942898975109809,17.965095986038396,671,0,75,0.2,0.5,0.5,inheritance,inheritance,inheritance
2087,687,2851,0.19999999999999998,0.5,0.5,18.666027791087686,6.8384279475982535,18.31462644686075,672,0,75,0.2,0.5,0.5,inheritance,inheritance,inheritance
2095,696,2834,0.2,0.5,0.5,18.667780429594274,6.89367816091954,18.711009174311926,673,0,75,0.2,0.5,0.5,inheritance,inheritance,inheritance
2081,716,2828,0.2,0.5,0.5,18.461316674675636,6.733240223463687,19.036067892503535,674,0,75,0.2,0.5,0.5,inheritance,inheritance,inheritance
2094,717,2814,0.2,0.5,0.5,18.342884431709646,6.835425383542538,19.443852167732764,675,0,75,0.2,0.5,0.5,inheritance,inheritance,inheritance
2100,737,2788,0.2,0.5,0.5,18.161428571428573,6.7272727272727275,19.7467718794835,676,0,75,0.2,0.5,0.5,inheritance,inheritance,inheritance
2097,739,2789,0.19999999999999998,0.5,0.5,18.153552694325228,6.638700947225981,19.946217282179994,677,0,75,0.2,0.5,0.5,inheritance,inheritance,inheritance
2102,760,2763,0.19999999999999998,0.5,0.5,17.971455756422454,6.719736842105263,20.325009048136085,678,0,75,0.2,0.5,0.5,inheritance,inheritance,inheritance
2090,782,2753,0.2,0.5,0.5,17.830622009569378,6.612531969309463,20.6080639302579,679,0,75,0.2,0.5,0.5,inheritance,inheritance,inheritance
2105,808,2712,0.2,0.5,0.5,17.544418052256532,6.665841584158416,20.829646017699115,680,0,75,0.2,0.5,0.5,inheritance,inheritance,inheritance
2141,793,2691,0.19999999999999996,0.5,0.5,17.425969173283512,6.976040353089534,20.989594946116686,681,0,75,0.2,0.5,0.5,inheritance,inheritance,inheritance
2196,766,2663,0.19999999999999996,0.5,0.5,17.31830601092896,7.12532637075718,20.98610589560646,682,0,75,0.2,0.5,0.5,inheritance,inheritance,inheritance
2210,763,2652,0.19999999999999996,0.5,0.5,17.45022624434389,7.242463958060289,21.2605580693816,683,0,75,0.2,0.5,0.5,inheritance,inheritance,inheritance
2235,761,2629,0.19999999999999998,0.5,0.5,17.51767337807606,7.315374507227332,21.427158615443133,684,0,75,0.2,0.5,0.5,inheritance,inheritance,inheritance
2261,758,2606,0.19999999999999998,0.5,0.5,17.526758071649713,7.307387862796833,21.55679201841903,685,0,75,0.2,0.5,0.5,inheritance,inheritance,inheritance
2303,753,2569,0.19999999999999996,0.5,0.5,17.50065132435953,7.320053120849933,21.637602179836513,686,0,75,0.2,0.5,0.5,inheritance,inheritance,inheritance
2325,767,2533,0.19999999999999998,0.5,0.5,17.44301075268817,7.318122555410691,21.76194236083695,687,0,75,0.2,0.5,0.5,inheritance,inheritance,inheritance
2379,757,2489,0.19999999999999998,0.5,0.5,17.355611601513242,7.347424042272126,21.847730012053034,688,0,75,0.2,0.5,0.5,inheritance,inheritance,inheritance
2412,735,2478,0.19999999999999998,0.5,0.5,17.46973466003317,7.3238095238095235,21.833333333333332,689,0,75,0.2,0.5,0.5,inheritance,inheritance,inheritance
2428,748,2449,0.2,0.5,0.5,17.520593080724876,7.247326203208556,22.05430788076766,690,0,75,0.2,0.5,0.5,inheritance,inheritance,inheritance
2428,766,2431,0.2,0.5,0.5,17.539538714991764,7.0861618798955615,22.13821472645002,691,0,75,0.2,0.5,0.5,inheritance,inheritance,inheritance
2450,754,2421,0.2,0.5,0.5,17.571020408163264,7.114058355437666,22.106567534076827,692,0,75,0.2,0.5,0.5,inheritance,inheritance,inheritance
2463,768,2394,0.19999999999999998,0.5,0.5,17.542021924482338,7.240885416666667,22.106098579782792,693,0,75,0.2,0.5,0.5,inheritance,inheritance,inheritance
2493,770,2362,0.19999999999999996,0.5,0.5,17.458483754512635,7.416883116883117,22.17485182049111,694,0,75,0.2,0.5,0.5,inheritance,inheritance,inheritance
2505,777,2343,0.19999999999999998,0.5,0.5,17.377644710578842,7.455598455598456,22.1468203158344,695,0,75,0.2,0.5,0.5,inheritance,inheritance,inheritance
2508,773,2344,0.19999999999999996,0.5,0.5,17.443381180223284,7.319534282018111,22.06058020477816,696,0,75,0.2,0.5,0.5,inheritance,inheritance,inheritance
2540,772,2313,0.19999999999999996,0.5,0.5,17.53267716535433,7.496113989637306,21.964980544747082,697,0,75,0.2,0.5,0.5,inheritance,inheritance,inheritance
2543,788,2294,0.19999999999999996,0.5,0.5,17.550924105387338,7.317258883248731,21.92153443766347,698,0,75,0.2,0.5,0.5,inheritance,inheritance,inheritance
2557,824,2244,0.19999999999999996,0.5,0.5,17.398122800156433,7.20873786407767,21.902852049910873,699,0,75,0.2,0.5,0.5,inheritance,inheritance,inheritance
2561,846,2218,0.19999999999999998,0.5,0.5,17.5064427957829,7.374704491725768,22.08160504959423,700,0,75,0.2,0.5,0.5,inheritance,inheritance,inheritance
2528,896,2201,0.19999999999999996,0.5,0.5,17.632911392405063,7.340401785714286,22.074965924579736,701,0,75,0.2,0.5,0.5,inheritance,inheritance,inheritance
2538,904,2183,0.19999999999999996,0.5,0.5,17.5531914893617,7.524336283185841,21.715071003206596,702,0,75,0.2,0.5,0.5,inheritance,inheritance,inheritance
2561,901,2163,0.19999999999999998,0.5,0.5,17.629441624365484,7.561598224195339,21.601017105871474,703,0,75,0.2,0.5,0.5,inheritance,inheritance,inheritance
2557,914,2154,0.19999999999999996,0.5,0.5,17.624951114587407,7.671772428884026,21.37975858867224,704,0,75,0.2,0.5,0.5,inheritance,inheritance,inheritance
2589,915,2121,0.19999999999999998,0.5,0.5,17.598686751641562,7.843715846994535,21.075907590759076,705,0,75,0.2,0.5,0.5,inheritance,inheritance,inheritance
2582,914,2129,0.19999999999999996,0.5,0.5,17.781177381874517,7.951859956236324,20.840300610615312,706,0,75,0.2,0.5,0.5,inheritance,inheritance,inheritance
2589,926,2110,0.19999999999999998,0.5,0.5,17.977211278485903,7.912526997840173,20.51469194312796,707,0,75,0.2,0.5,0.5,inheritance,inheritance,inheritance
2616,910,2099,0.19999999999999998,0.5,0.5,18.097477064220183,8.037362637362637,20.27012863268223,708,0,75,0.2,0.5,0.5,inheritance,inheritance,inheritance
2619,885,2121,0.19999999999999998,0.5,0.5,18.365788468881252,8.102824858757062,19.744931636020745,709,0,75,0.2,0.5,0.5,inheritance,inheritance,inheritance
2641,857,2127,0.2,0.5,0.5,18.48807269973495,8.148191365227538,19.293370944992947,710,0,75,0.2,0.5,0.5,inheritance,inheritance,inheritance
2648,848,2129,0.19999999999999996,0.5,0.5,18.696752265861026,7.9504716981132075,19.128698919680602,711,0,75,0.2,0.5,0.5,inheritance,inheritance,inheritance
2645,842,2138,0.2,0.5,0.5,19.044990548204158,7.95249406175772,19.095884003741816,712,0,75,0.2,0.5,0.5,inheritance,inheritance,inheritance
2647,865,2113,0.19999999999999998,0.5,0.5,19.241405364563658,7.89364161849711,19.108849976336963,713,0,75,0.2,0.5,0.5,inheritance,inheritance,inheritance
2610,898,2117,0.19999999999999996,0.5,0.5,19.304597701149426,7.646993318485523,18.760037789324517,714,0,75,0.2,0.5,0.5,inheritance,inheritance,inheritance
2606,884,2135,0.2,0.5,0.5,19.51611665387567,7.608597285067873,18.55878220140515,715,0,75,0.2,0.5,0.5,inheritance,inheritance,inheritance
2605,870,2150,0.2,0.5,0.5,19.534740882917465,7.377011494252874,18.234418604651164,716,0,75,0.2,0.5,0.5,inheritance,inheritance,inheritance
2572,891,2162,0.19999999999999998,0.5,0.5,19.730559875583204,7.0886644219977555,18.253931544865864,717,0,75,0.2,0.5,0.5,inheritance,inheritance,inheritance
2543,901,2181,0.19999999999999996,0.5,0.5,20.01533621706646,7.014428412874584,18.106373223292067,718,0,75,0.2,0.5,0.5,inheritance,inheritance,inheritance
2529,900,2196,0.19999999999999996,0.5,0.5,20.22459470146303,7.05,18.121584699453553,719,0,75,0.2,0.5,0.5,inheritance,inheritance,inheritance
2519,908,2198,0.19999999999999998,0.5,0.5,20.256053989678446,7.0,18.05186533212011,720,0,75,0.2,0.5,0.5,inheritance,inheritance,inheritance
2518,919,2188,0.19999999999999996,0.5,0.5,20.292692613185068,7.150163220892274,18.13345521023766,721,0,75,0.2,0.5,0.5,inheritance,inheritance,inheritance
2512,923,2190,0.19999999999999996,0.5,0.5,20.241242038216562,7.296858071505959,18.121917808219177,722,0,75,0.2,0.5,0.5,inheritance,inheritance,inheritance
2502,932,2191,0.19999999999999996,0.5,0.5,20.392086330935253,7.369098712446352,18.184390689183022,723,0,75,0.2,0.5,0.5,inheritance,inheritance,inheritance
2486,926,2213,0.19999999999999998,0.5,0.5,20.664521319388577,7.524838012958964,18.241753276095796,724,0,75,0.2,0.5,0.5,inheritance,inheritance,inheritance
2481,921,2223,0.19999999999999998,0.5,0.5,20.782345828295043,7.626492942453854,18.035537561853353,725,0,75,0.2,0.5,0.5,inheritance,inheritance,inheritance
2505,885,2235,0.19999999999999998,0.5,0.5,20.758483033932137,7.8474576271186445,17.866666666666667,726,0,75,0.2,0.5,0.5,inheritance,inheritance,inheritance
2491,864,2270,0.19999999999999998,0.5,0.5,20.822962665596148,7.7407407407407405,17.825550660792953,727,0,75,0.2,0.5,0.5,inheritance,inheritance,inheritance
2504,856,2265,0.19999999999999998,0.5,0.5,20.835862619808307,7.677570093457944,17.801324503311257,728,0,75,0.2,0.5,0.5,inheritance,inheritance,inheritance
2493,873,2259,0.19999999999999996,0.5,0.5,20.897312474929805,7.698739977090493,18.048251438689686,729,0,75,0.2,0.5,0.5,inheritance,inheritance,inheritance
2501,877,2247,0.19999999999999998,0.5,0.5,20.98160735705718,7.824401368301026,18.268357810413885,730,0,75,0.2,0.5,0.5,inheritance,inheritance,inheritance
2507,879,2239,0.19999999999999996,0.5,0.5,20.932987634623057,7.830489192263936,18.19472979008486,731,0,75,0.2,0.5,0.5,inheritance,inheritance,inheritance
2488,880,2257,0.19999999999999996,0.5,0.5,20.988344051446944,7.670454545454546,18.161719096145326,732,0,75,0.2,0.5,0.5,inheritance,inheritance,inheritance
2486,895,2244,0.19999999999999998,0.5,0.5,21.177795655671762,7.677094972067039,18.3048128342246,733,0,75,0.2,0.5,0.5,inheritance,inheritance,inheritance
2483,906,2236,0.19999999999999996,0.5,0.5,21.210632299637535,7.4613686534216335,18.279516994633273,734,0,75,0.2,0.5,0.5,inheritance,inheritance,inheritance
2467,917,2241,0.19999999999999998,0.5,0.5,21.1738954195379,7.3522355507088335,18.220437304774656,735,0,75,0.2,0.5,0.5,inheritance,inheritance,inheritance
2468,904,2253,0.19999999999999998,0.5,0.5,20.95907617504052,7.352876106194691,18.08566355969818,736,0,75,0.2,0.5,0.5,inheritance,inheritance,inheritance
2448,921,2256,0.19999999999999998,0.5,0.5,20.74142156862745,7.299674267100977,18.05673758865248,737,0,75,0.2,0.5,0.5,inheritance,inheritance,inheritance
2433,940,2252,0.19999999999999998,0.5,0.5,20.683518290176735,7.215957446808511,18.128774422735347,738,0,75,0.2,0.5,0.5,inheritance,inheritance,inheritance
2377,975,2273,0.19999999999999998,0.5,0.5,20.613798906184265,6.958974358974359,18.16058073031236,739,0,75,0.2,0.5,0.5,inheritance,inheritance,inheritance
2359,999,2267,0.19999999999999998,0.5,0.5,20.539635438745233,7.01001001001001,18.146890163211292,740,0,75,0.2,0.5,0.5,inheritance,inheritance,inheritance
2339,996,2290,0.19999999999999998,0.5,0.5,20.638306968790083,7.081325301204819,18.08340611353712,741,0,75,0.2,0.5,0.5,inheritance,inheritance,inheritance
2315,997,2313,0.19999999999999998,0.5,0.5,20.655291576673868,7.202607823470411,17.992217898832685,742,0,75,0.2,0.5,0.5,inheritance,inheritance,inheritance
2296,1022,2307,0.19999999999999998,0.5,0.5,20.55226480836237,7.363992172211351,18.234503684438664,743,0,75,0.2,0.5,0.5,inheritance,inheritance,inheritance
2306,1021,2298,0.19999999999999998,0.5,0.5,20.52688638334779,7.523016650342801,18.360748476936468,744,0,75,0.2,0.5,0.5,inheritance,inheritance,inheritance
2295,1040,2290,0.2,0.5,0.5,20.189106753812638,7.630769230769231,18.41659388646288,745,0,75,0.2,0.5,0.5,inheritance,inheritance,inheritance
2255,1067,2303,0.19999999999999996,0.5,0.5,20.16541019955654,7.587628865979381,18.490230134607035,746,0,75,0.2,0.5,0.5,inheritance,inheritance,inheritance
2242,1055,2328,0.19999999999999998,0.5,0.5,20.064674397859054,7.7791469194312794,18.533505154639176,747,0,75,0.2,0.5,0.5,inheritance,inheritance,inheritance
2237,1073,2315,0.19999999999999996,0.5,0.5,19.892713455520788,7.805219012115564,18.54686825053996,748,0,75,0.2,0.5,0.5,inheritance,inheritance,inheritance
2212,1094,2319,0.19999999999999996,0.5,0.5,19.8499095840868,7.929616087751371,18.71755066839155,749,0,75,0.2,0.5,0.5,inheritance,inheritance,inheritance
2189,1097,2339,0.19999999999999998,0.5,0.5,19.684330744632252,7.8441203281677305,18.504916631038906,750,0,75,0.2,0.5,0.5,inheritance,inheritance,inheritance
2170,1081,2374,0.19999999999999998,0.5,0.5,19.650230414746545,7.888066604995375,18.39932603201348,751,0,75,0.2,0.5,0.5,inheritance,inheritance,inheritance
2168,1080,2377,0.19999999999999996,0.5,0.5,19.398062730627306,7.8314814814814815,18.423643247791333,752,0,75,0.2,0.5,0.5,inheritance,inheritance,inheritance
2139,1058,2428,0.19999999999999998,0.5,0.5,19.355773726040205,7.741020793950851,18.280065897858318,753,0,75,0.2,0.5,0.5,inheritance,inheritance,inheritance
2145,1014,2466,0.19999999999999998,0.5,0.5,19.31981351981352,7.720907297830375,18.227088402270883,754,0,75,0.2,0.5,0.5,inheritance,inheritance,inheritance
2159,982,2484,0.19999999999999998,0.5,0.5,19.22788327929597,7.945010183299389,18.115942028985508,755,0,75,0.2,0.5,0.5,inheritance,inheritance,inheritance
2149,965,2511,0.19999999999999998,0.5,0.5,19.137273150302466,7.909844559585492,18.111509358821188,756,0,75,0.2,0.5,0.5,inheritance,inheritance,inheritance
2169,917,2539,0.19999999999999998,0.5,0.5,19.009681881051176,8.016357688113413,17.941709334383617,757,0,75,0.2,0.5,0.5,inheritance,inheritance,inheritance
2165,889,2571,0.19999999999999998,0.5,0.5,19.022170900692842,8.166479190101237,17.932322053675612,758,0,75,0.2,0.5,0.5,inheritance,inheritance,inheritance
2161,870,2594,0.19999999999999996,0.5,0.5,19.09578898658029,8.070114942528736,18.01117964533539,759,0,75,0.2,0.5,0.5,inheritance,inheritance,inheritance
2155,835,2635,0.19999999999999998,0.5,0.5,19.245939675174014,8.050299401197606,17.982163187855786,760,0,75,0.2,0.5,0.5,inheritance,inheritance,inheritance
2154,812,2659,0.19999999999999998,0.5,0.5,19.297585886722377,7.932266009852217,17.95336592704024,761,0,75,0.2,0.5,0.5,inheritance,inheritance,inheritance
2153,787,2685,0.19999999999999998,0.5,0.5,19.213190896423594,7.578144853875476,17.960893854748605,762,0,75,0.2,0.5,0.5,inheritance,inheritance,inheritance
2177,762,2686,0.19999999999999996,0.5,0.5,19.07762976573266,7.4921259842519685,18.130305286671632,763,0,75,0.2,0.5,0.5,inheritance,inheritance,inheritance
2172,748,2705,0.19999999999999998,0.5,0.5,19.093922651933703,7.42379679144385,18.316081330868762,764,0,75,0.2,0.5,0.5,inheritance,inheritance,inheritance
2198,740,2687,0.19999999999999996,0.5,0.5,19.22975432211101,7.5608108108108105,18.381466319315223,765,0,75,0.2,0.5,0.5,inheritance,inheritance,inheritance
2201,740,2684,0.19999999999999996,0.5,0.5,19.290776919582008,7.485135135135135,18.68070044709389,766,0,75,0.2,0.5,0.5,inheritance,inheritance,inheritance
2234,730,2661,0.19999999999999998,0.5,0.5,19.344225604297225,7.608219178082192,18.98609545283728,767,0,75,0.2,0.5,0.5,inheritance,inheritance,inheritance
2258,718,2649,0.19999999999999996,0.5,0.5,19.449512843224092,7.693593314763231,19.19026047565119,768,0,75,0.2,0.5,0.5,inheritance,inheritance,inheritance
2257,724,2644,0.19999999999999996,0.5,0.5,19.552946389011964,7.468232044198895,19.50378214826021,769,0,75,0.2,0.5,0.5,inheritance,inheritance,inheritance
2273,722,2630,0.19999999999999998,0.5,0.5,19.57457105147382,7.39196675900277,19.775285171102663,770,0,75,0.2,0.5,0.5,inheritance,inheritance,inheritance
2276,734,2615,0.19999999999999998,0.5,0.5,19.671353251318102,7.282016348773842,20.00956022944551,771,0,75,0.2,0.5,0.5,inheritance,inheritance,inheritance
2258,748,2619,0.19999999999999996,0.5,0.5,19.760407440212578,7.262032085561497,20.3520427644139,772,0,75,0.2,0.5,0.5,inheritance,inheritance,inheritance
2300,742,2583,0.2,0.5,0.5,19.50913043478261,7.163072776280323,20.399148277197057,773,0,75,0.2,0.5,0.5,inheritance,inheritance,inheritance
2318,750,2557,0.19999999999999998,0.5,0.5,19.514236410698878,7.217333333333333,20.666797027766915,774,0,75,0.2,0.5,0.5,inheritance,inheritance,inheritance
2333,766,2526,0.19999999999999996,0.5,0.5,19.458208315473637,7.067885117493472,20.732779097387173,775,0,75,0.2,0.5,0.5,inheritance,inheritance,inheritance
2354,759,2512,0.19999999999999998,0.5,0.5,19.49660152931181,7.32806324110672,20.94466560509554,776,0,75,0.2,0.5,0.5,inheritance,inheritance,inheritance
2367,773,2485,0.19999999999999998,0.5,0.5,19.39163498098859,7.148771021992238,21.040241448692154,777,0,75,0.2,0.5,0.5,inheritance,inheritance,inheritance
2399,760,2466,0.19999999999999998,0.5,0.5,19.42642767819925,7.235526315789474,21.12449310624493,778,0,75,0.2,0.5,0.5,inheritance,inheritance,inheritance
2424,760,2441,0.19999999999999998,0.5,0.5,19.373349834983497,7.338157894736842,21.247029905776323,779,0,75,0.2,0.5,0.5,inheritance,inheritance,inheritance
2462,762,2401,0.19999999999999998,0.5,0.5,19.346872461413486,7.494750656167979,21.370262390670554,780,0,75,0.2,0.5,0.5,inheritance,inheritance,inheritance
2482,780,2363,0.19999999999999998,0.5,0.5,19.29734085414988,7.448717948717949,21.48370715192552,781,0,75,0.2,0.5,0.5,inheritance,inheritance,inheritance
2485,793,2347,0.19999999999999998,0.5,0.5,19.177464788732394,7.267339218158891,21.3992330634853,782,0,75,0.2,0.5,0.5,inheritance,inheritance,inheritance
2515,799,2311,0.19999999999999996,0.5,0.5,19.097813121272367,7.4030037546933665,21.465166594547814,783,0,75,0.2,0.5,0.5,inheritance,inheritance,inheritance
2532,794,2299,0.19999999999999996,0.5,0.5,19.123617693522906,7.447103274559194,21.470204436711615,784,0,75,0.2,0.5,0.5,inheritance,inheritance,inheritance
2541,820,2264,0.19999999999999998,0.5,0.5,19.07870916961826,7.462195121951219,21.546378091872793,785,0,75,0.2,0.5,0.5,inheritance,inheritance,inheritance
2560,823,2242,0.19999999999999998,0.5,0.5,19.13359375,7.5103280680437425,21.762265834076718,786,0,75,0.2,0.5,0.5,inheritance,inheritance,inheritance
2576,823,2226,0.19999999999999998,0.5,0.5,19.150621118012424,7.526123936816525,21.5884995507637,787,0,75,0.2,0.5,0.5,inheritance,inheritance,inheritance
2589,819,2217,0.19999999999999998,0.5,0.5,19.188876013904984,7.6239316239316235,21.572846188543075,788,0,75,0.2,0.5,0.5,inheritance,inheritance,inheritance
2598,839,2188,0.19999999999999996,0.5,0.5,19.322940723633565,7.6460071513706795,21.72074954296161,789,0,75,0.2,0.5,0.5,inheritance,inheritance,inheritance
2620,831,2174,0.2,0.5,0.5,19.511832061068702,7.802647412755716,21.679392824287028,790,0,75,0.2,0.5,0.5,inheritance,inheritance,inheritance
2617,863,2145,0.19999999999999996,0.5,0.5,19.50324799388613,7.784472769409038,21.846620046620046,791,0,75,0.2,0.5,0.5,inheritance,inheritance,inheritance
2638,860,2127,0.19999999999999996,0.5,0.5,19.45261561789234,7.887209302325582,21.676069581570285,792,0,75,0.2,0.5,0.5,inheritance,inheritance,inheritance
2653,852,2120,0.19999999999999996,0.5,0.5,19.569920844327175,7.894366197183099,21.492924528301888,793,0,75,0.2,0.5,0.5,inheritance,inheritance,inheritance
2645,873,2107,0.2,0.5,0.5,19.655198487712667,7.784650630011455,21.572852396772664,794,0,75,0.2,0.5,0.5,inheritance,inheritance,inheritance
2637,896,2092,0.19999999999999998,0.5,0.5,19.71368979901403,7.780133928571429,21.58699808795411,795,0,75,0.2,0.5,0.5,inheritance,inheritance,inheritance
2607,937,2081,0.19999999999999996,0.5,0.5,19.626006904487916,7.647812166488794,21.512734262373858,796,0,75,0.2,0.5,0.5,inheritance,inheritance,inheritance
2610,933,2082,0.19999999999999996,0.5,0.5,19.76513409961686,7.638799571275456,21.312680115273775,797,0,75,0.2,0.5,0.5,inheritance,inheritance,inheritance
2604,927,2094,0.19999999999999998,0.5,0.5,19.855222734254994,7.6655879180151025,21.06590257879656,798,0,75,0.2,0.5,0.5,inheritance,inheritance,inheritance
2598,937,2090,0.19999999999999996,0.5,0.5,19.78598922247883,7.573105656350053,20.905263157894737,799,0,75,0.2,0.5,0.5,inheritance,inheritance,inheritance
2582,967,2076,0.19999999999999996,0.5,0.5,19.74632068164214,7.450879007238883,20.727842003853564,800,0,75,0.2,0.5,0.5,inheritance,inheritance,inheritance
2556,996,2073,0.19999999999999998,0.5,0.5,20.00508607198748,7.473895582329317,20.769416304872166,801,0,75,0.2,0.5,0.5,inheritance,inheritance,inheritance
2525,1015,2085,0.19999999999999996,0.5,0.5,20.074455445544555,7.3399014778325125,20.519424460431654,802,0,75,0.2,0.5,0.5,inheritance,inheritance,inheritance
2516,1009,2100,0.19999999999999998,0.5,0.5,20.124006359300477,7.390485629335976,20.07857142857143,803,0,75,0.2,0.5,0.5,inheritance,inheritance,inheritance
2516,1007,2102,0.19999999999999998,0.5,0.5,20.12877583465819,7.519364448857994,19.690294957183635,804,0,75,0.2,0.5,0.5,inheritance,inheritance,inheritance
2498,1019,2108,0.19999999999999996,0.5,0.5,20.128502802241794,7.609421000981354,19.43548387096774,805,0,75,0.2,0.5,0.5,inheritance,inheritance,inheritance
2469,1027,2129,0.19999999999999998,0.5,0.5,20.36289995949777,7.506329113924051,19.297322686707375,806,0,75,0.2,0.5,0.5,inheritance,inheritance,inheritance
2441,1031,2153,0.19999999999999998,0.5,0.5,20.53625563293732,7.598448108632396,19.127728750580584,807,0,75,0.2,0.5,0.5,inheritance,inheritance,inheritance
2410,1045,2170,0.2,0.5,0.5,20.61410788381743,7.555023923444976,18.881566820276497,808,0,75,0.2,0.5,0.5,inheritance,inheritance,inheritance
2380,1045,2200,0.2,0.5,0.5,20.522689075630254,7.568421052631579,18.57318181818182,809,0,75,0.2,0.5,0.5,inheritance,inheritance,inheritance
2342,1058,2225,0.19999999999999996,0.5,0.5,20.613578138343296,7.531190926275992,18.46067415730337,810,0,75,0.2,0.5,0.5,inheritance,inheritance,inheritance
2293,1085,2247,0.19999999999999998,0.5,0.5,20.637156563453992,7.48294930875576,18.2340898976413,811,0,75,0.2,0.5,0.5,inheritance,inheritance,inheritance
2278,1062,2285,0.19999999999999998,0.5,0.5,20.713784021071113,7.645951035781544,18.123851203501093,812,0,75,0.2,0.5,0.5,inheritance,inheritance,inheritance
2225,1077,2323,0.19999999999999998,0.5,0.5,20.790112359550562,7.670380687093779,18.23547137322428,813,0,75,0.2,0.5,0.5,inheritance,inheritance,inheritance
2212,1062,2351,0.19999999999999996,0.5,0.5,20.75768535262206,7.623352165725047,18.12207571246278,814,0,75,0.2,0.5,0.5,inheritance,inheritance,inheritance
2178,1044,2403,0.19999999999999996,0.5,0.5,20.899908172635445,7.57183908045977,18.07282563462339,815,0,75,0.2,0.5,0.5,inheritance,inheritance,inheritance
2141,1038,2446,0.19999999999999996,0.5,0.5,21.00513778608127,7.563583815028902,18.057645134914146,816,0,75,0.2,0.5,0.5,inheritance,inheritance,inheritance
2111,1049,2465,0.19999999999999998,0.5,0.5,20.84130743723354,7.446139180171592,18.06896551724138,817,0,75,0.2,0.5,0.5,inheritance,inheritance,inheritance
2093,1032,2500,0.2,0.5,0.5,20.997611084567605,7.545542635658915,18.134,818,0,75,0.2,0.5,0.5,inheritance,inheritance,inheritance
2071,992,2562,0.2,0.5,0.5,21.124577498792853,7.576612903225806,18.078454332552692,819,0,75,0.2,0.5,0.5,inheritance,inheritance,inheritance
2041,1003,2581,0.20000000000000004,0.5,0.5,21.123468887800097,7.581256231306082,18.20922123208059,820,0,75,0.2,0.5,0.5,inheritance,inheritance,inheritance
2041,967,2617,0.20000000000000004,0.5,0.5,21.18863302302793,7.596690796277146,18.11616354604509,821,0,75,0.2,0.5,0.5,inheritance,inheritance,inheritance
2016,987,2622,0.2,0.5,0.5,20.84375,7.586626139817629,18.117467581998476,822,0,75,0.2,0.5,0.5,inheritance,inheritance,inheritance
1994,980,2651,0.20000000000000004,0.5,0.5,20.810431293881646,7.590816326530613,18.04262542436816,823,0,75,0.2,0.5,0.5,inheritance,inheritance,inheritance
1953,976,2696,0.20000000000000004,0.5,0.5,20.763952892985152,7.589139344262295,18.140949554896142,824,0,75,0.2,0.5,0.5,inheritance,inheritance,inheritance
1951,955,2719,0.2,0.5,0.5,20.434136340338288,7.5884816753926705,18.19529238690695,825,0,75,0.2,0.5,0.5,inheritance,inheritance,inheritance
1939,954,2732,0.20000000000000004,0.5,0.5,19.897885507993813,7.554507337526205,18.34187408491947,826,0,75,0.2,0.5,0.5,inheritance,inheritance,inheritance
1922,957,2746,0.20000000000000004,0.5,0.5,19.426638917793966,7.545454545454546,18.587035688273854,827,0,75,0.2,0.5,0.5,inheritance,inheritance,inheritance
1926,949,2750,0.2,0.5,0.5,18.741952232606437,7.297154899894626,18.628,828,0,75,0.2,0.5,0.5,inheritance,inheritance,inheritance
1912,944,2769,0.20000000000000004,0.5,0.5,18.463912133891213,7.273305084745763,18.75189599133261,829,0,75,0.2,0.5,0.5,inheritance,inheritance,inheritance
1908,926,2791,0.2,0.5,0.5,18.196540880503143,7.29913606911447,18.850591185954855,830,0,75,0.2,0.5,0.5,inheritance,inheritance,inheritance
1928,903,2794,0.2,0.5,0.5,17.929979253112034,7.457364341085271,18.919470293486043,831,0,75,0.2,0.5,0.5,inheritance,inheritance,inheritance
1943,909,2773,0.2,0.5,0.5,17.67884714359238,7.611661166116612,19.173818968626037,832,0,75,0.2,0.5,0.5,inheritance,inheritance,inheritance
1961,888,2776,0.2,0.5,0.5,17.42580316165222,7.8141891891891895,19.35086455331412,833,0,75,0.2,0.5,0.5,inheritance,inheritance,inheritance
1978,870,2777,0.2,0.5,0.5,17.212335692618808,7.8597701149425285,19.487576521426,834,0,75,0.2,0.5,0.5,inheritance,inheritance,inheritance
2024,848,2753,0.20000000000000004,0.5,0.5,16.893774703557312,8.10377358490566,19.784598619687614,835,0,75,0.2,0.5,0.5,inheritance,inheritance,inheritance
2050,842,2733,0.20000000000000007,0.5,0.5,16.62682926829268,8.15439429928741,19.86681302597878,836,0,75,0.2,0.5,0.5,inheritance,inheritance,inheritance
2083,794,2748,0.2,0.5,0.5,16.720115218434948,8.40176322418136,19.979621542940322,837,0,75,0.2,0.5,0.5,inheritance,inheritance,inheritance
2132,761,2732,0.19999999999999998,0.5,0.5,16.765947467166978,8.742444152431013,20.170937042459737,838,0,75,0.2,0.5,0.5,inheritance,inheritance,inheritance
2170,745,2710,0.19999999999999998,0.5,0.5,16.825806451612902,8.6751677852349,20.357564575645757,839,0,75,0.2,0.5,0.5,inheritance,inheritance,inheritance
2177,726,2722,0.19999999999999996,0.5,0.5,17.12953605879651,8.666666666666666,20.522777369581192,840,0,75,0.2,0.5,0.5,inheritance,inheritance,inheritance
2175,724,2726,0.19999999999999998,0.5,0.5,17.300689655172413,8.292817679558011,20.65920763022744,841,0,75,0.2,0.5,0.5,inheritance,inheritance,inheritance
2228,700,2697,0.19999999999999996,0.5,0.5,17.241921005385997,8.215714285714286,20.85761957730812,842,0,75,0.2,0.5,0.5,inheritance,inheritance,inheritance
2286,685,2654,0.19999999999999998,0.5,0.5,17.097550306211723,8.267153284671533,20.985681989449887,843,0,75,0.2,0.5,0.5,inheritance,inheritance,inheritance
2334,669,2622,0.19999999999999998,0.5,0.5,17.177806341045414,8.269058295964125,21.144927536231883,844,0,75,0.2,0.5,0.5,inheritance,inheritance,inheritance
2385,664,2576,0.19999999999999998,0.5,0.5,17.341719077568133,8.189759036144578,21.356754658385093,845,0,75,0.2,0.5,0.5,inheritance,inheritance,inheritance
2392,671,2562,0.19999999999999998,0.5,0.5,17.5309364548495,7.906110283159464,21.615925058548008,846,0,75,0.2,0.5,0.5,inheritance,inheritance,inheritance
2433,681,2511,0.19999999999999998,0.5,0.5,17.452938758734074,7.759177679882526,21.738749502190363,847,0,75,0.2,0.5,0.5,inheritance,inheritance,inheritance
2454,680,2491,0.19999999999999998,0.5,0.5,17.54849225753871,7.580882352941177,21.84343637093537,848,0,75,0.2,0.5,0.5,inheritance,inheritance,inheritance
2496,667,2462,0.19999999999999998,0.5,0.5,17.65985576923077,7.664167916041979,21.853777416734363,849,0,75,0.2,0.5,0.5,inheritance,inheritance,inheritance
2496,683,2446,0.19999999999999998,0.5,0.5,17.885016025641026,7.497803806734993,21.998364677023712,850,0,75,0.2,0.5,0.5,inheritance,inheritance,inheritance
2518,702,2405,0.19999999999999996,0.5,0.5,17.978951548848293,7.434472934472934,22.185031185031185,851,0,75,0.2,0.5,0.5,inheritance,inheritance,inheritance
2527,715,2383,0.19999999999999996,0.5,0.5,18.198654531064502,7.381818181818182,22.279060008392783,852,0,75,0.2,0.5,0.5,inheritance,inheritance,inheritance
2536,711,2378,0.19999999999999998,0.5,0.5,18.43533123028391,7.2644163150492265,22.262405382674515,853,0,75,0.2,0.5,0.5,inheritance,inheritance,inheritance
2550,737,2338,0.19999999999999998,0.5,0.5,18.663529411764706,7.470827679782904,22.519247219846022,854,0,75,0.2,0.5,0.5,inheritance,inheritance,inheritance
2560,764,2301,0.19999999999999998,0.5,0.5,18.796875,7.354712041884817,22.603650586701434,855,0,75,0.2,0.5,0.5,inheritance,inheritance,inheritance
2581,777,2267,0.19999999999999998,0.5,0.5,18.796203022084462,7.274131274131274,22.582708425231584,856,0,75,0.2,0.5,0.5,inheritance,inheritance,inheritance
2593,794,2238,0.19999999999999996,0.5,0.5,19.107211723871963,7.328715365239295,22.626899016979447,857,0,75,0.2,0.5,0.5,inheritance,inheritance,inheritance
2591,818,2216,0.19999999999999998,0.5,0.5,19.355461211887302,7.312958435207824,22.802797833935017,858,0,75,0.2,0.5,0.5,inheritance,inheritance,inheritance
2569,831,2225,0.19999999999999998,0.5,0.5,19.566368236667966,7.239470517448857,22.67011235955056,859,0,75,0.2,0.5,0.5,inheritance,inheritance,inheritance
2562,852,2211,0.19999999999999998,0.5,0.5,19.891491022638565,7.395539906103286,22.642695612844868,860,0,75,0.2,0.5,0.5,inheritance,inheritance,inheritance
2565,850,2210,0.19999999999999996,0.5,0.5,20.07095516569201,7.504705882352941,22.338009049773756,861,0,75,0.2,0.5,0.5,inheritance,inheritance,inheritance
2542,867,2216,0.19999999999999996,0.5,0.5,20.254130605822187,7.446366782006921,22.2572202166065,862,0,75,0.2,0.5,0.5,inheritance,inheritance,inheritance
2499,896,2230,0.19999999999999998,0.5,0.5,20.507402961184475,7.295758928571429,22.183856502242154,863,0,75,0.2,0.5,0.5,inheritance,inheritance,inheritance
2483,908,2234,0.19999999999999996,0.5,0.5,20.48288360853806,7.20704845814978,21.998657117278423,864,0,75,0.2,0.5,0.5,inheritance,inheritance,inheritance
2467,905,2253,0.19999999999999998,0.5,0.5,20.605188488042156,7.174585635359116,21.897026187305816,865,0,75,0.2,0.5,0.5,inheritance,inheritance,inheritance
2424,931,2270,0.19999999999999998,0.5,0.5,20.664191419141915,7.007518796992481,21.71497797356828,866,0,75,0.2,0.5,0.5,inheritance,inheritance,inheritance
2404,937,2284,0.19999999999999998,0.5,0.5,20.631863560732114,6.8729989327641405,21.532399299474605,867,0,75,0.2,0.5,0.5,inheritance,inheritance,inheritance
2376,978,2271,0.19999999999999998,0.5,0.5,20.313973063973062,6.697341513292433,21.36327608982827,868,0,75,0.2,0.5,0.5,inheritance,inheritance,inheritance
2364,977,2284,0.19999999999999998,0.5,0.5,20.372250423011845,6.824974411463664,21.15630472854641,869,0,75,0.2,0.5,0.5,inheritance,inheritance,inheritance
2328,991,2306,0.19999999999999996,0.5,0.5,20.336340206185568,6.833501513622603,21.054206418039897,870,0,75,0.2,0.5,0.5,inheritance,inheritance,inheritance
2299,1015,2311,0.19999999999999998,0.5,0.5,20.31230969986951,6.733004926108374,20.641713543920382,871,0,75,0.2,0.5,0.5,inheritance,inheritance,inheritance
2297,1011,2317,0.19999999999999998,0.5,0.5,20.02829777971267,6.8269040553907026,20.244712990936556,872,0,75,0.2,0.5,0.5,inheritance,inheritance,inheritance
2273,1037,2315,0.19999999999999998,0.5,0.5,19.97228332600088,6.847637415621986,20.115766738660906,873,0,75,0.2,0.5,0.5,inheritance,inheritance,inheritance
2256,1022,2347,0.19999999999999998,0.5,0.5,19.952570921985817,7.073385518590998,20.04047720494248,874,0,75,0.2,0.5,0.5,inheritance,inheritance,inheritance
2233,1045,2347,0.19999999999999998,0.5,0.5,19.81459919390954,7.137799043062201,19.865786109927566,875,0,75,0.2,0.5,0.5,inheritance,inheritance,inheritance
2237,1040,2348,0.19999999999999996,0.5,0.5,19.58962896736701,7.369230769230769,19.702725724020443,876,0,75,0.2,0.5,0.5,inheritance,inheritance,inheritance
2230,1036,2359,0.19999999999999998,0.5,0.5,19.442152466367713,7.510617760617761,19.473081814328104,877,0,75,0.2,0.5,0.5,inheritance,inheritance,inheritance
2251,1004,2370,0.19999999999999998,0.5,0.5,19.389604620168814,7.74003984063745,19.29915611814346,878,0,75,0.2,0.5,0.5,inheritance,inheritance,inheritance
2242,991,2392,0.19999999999999998,0.5,0.5,19.258697591436217,7.676084762865792,19.023829431438127,879,0,75,0.2,0.5,0.5,inheritance,inheritance,inheritance
2229,1000,2396,0.19999999999999998,0.5,0.5,19.092418124719604,7.709,18.86602671118531,880,0,75,0.2,0.5,0.5,inheritance,inheritance,inheritance
2222,962,2441,0.19999999999999996,0.5,0.5,19.082808280828083,7.785862785862786,18.621466612044244,881,0,75,0.2,0.5,0.5,inheritance,inheritance,inheritance
2256,923,2446,0.19999999999999998,0.5,0.5,18.956117021276597,7.952329360780065,18.56868356500409,882,0,75,0.2,0.5,0.5,inheritance,inheritance,inheritance
2281,913,2431,0.19999999999999998,0.5,0.5,18.92240245506357,8.072289156626505,18.552858905800083,883,0,75,0.2,0.5,0.5,inheritance,inheritance,inheritance
2287,872,2466,0.19999999999999998,0.5,0.5,19.021425448185397,8.083715596330276,18.29845904298459,884,0,75,0.2,0.5,0.5,inheritance,inheritance,inheritance
2296,829,2500,0.19999999999999998,0.5,0.5,19.15897212543554,8.07599517490953,18.0884,885,0,75,0.2,0.5,0.5,inheritance,inheritance,inheritance
2290,818,2517,0.2,0.5,0.5,19.10131004366812,7.932762836185819,18.00953516090584,886,0,75,0.2,0.5,0.5,inheritance,inheritance,inheritance
2325,795,2505,0.19999999999999998,0.5,0.5,18.930752688172042,7.918238993710692,18.031536926147705,887,0,75,0.2,0.5,0.5,inheritance,inheritance,inheritance
2338,795,2492,0.19999999999999996,0.5,0.5,18.968776732249786,7.961006289308176,18.213483146067414,888,0,75,0.2,0.5,0.5,inheritance,inheritance,inheritance
2345,782,2498,0.19999999999999998,0.5,0.5,18.933901918976545,7.840153452685422,18.192554043234587,889,0,75,0.2,0.5,0.5,inheritance,inheritance,inheritance
2354,784,2487,0.19999999999999998,0.5,0.5,18.832625318606627,7.670918367346939,18.365500603136308,890,0,75,0.2,0.5,0.5,inheritance,inheritance,inheritance
2375,797,2453,0.2,0.5,0.5,18.68842105263158,7.564617314930992,18.604565837749693,891,0,75,0.2,0.5,0.5,inheritance,inheritance,inheritance
2370,807,2448,0.2,0.5,0.5,18.67130801687764,7.479553903345725,18.702205882352942,892,0,75,0.2,0.5,0.5,inheritance,inheritance,inheritance
2367,819,2439,0.19999999999999998,0.5,0.5,18.76045627376426,7.538461538461538,18.93111931119311,893,0,75,0.2,0.5,0.5,inheritance,inheritance,inheritance
2366,856,2403,0.19999999999999998,0.5,0.5,18.664835164835164,7.502336448598131,19.122763212650852,894,0,75,0.2,0.5,0.5,inheritance,inheritance,inheritance
2358,880,2387,0.19999999999999998,0.5,0.5,18.565309584393553,7.470454545454546,19.237536656891496,895,0,75,0.2,0.5,0.5,inheritance,inheritance,inheritance
2357,881,2387,0.19999999999999998,0.5,0.5,18.47645311837081,7.508513053348468,19.277754503560956,896,0,75,0.2,0.5,0.5,inheritance,inheritance,inheritance
2346,897,2382,0.19999999999999998,0.5,0.5,18.44160272804774,7.4738015607580826,19.341729638958856,897,0,75,0.2,0.5,0.5,inheritance,inheritance,inheritance
2306,951,2368,0.19999999999999998,0.5,0.5,18.262359063313095,7.290220820189274,19.42989864864865,898,0,75,0.2,0.5,0.5,inheritance,inheritance,inheritance
2297,964,2364,0.19999999999999998,0.5,0.5,18.375707444492818,7.428423236514523,19.472081218274113,899,0,75,0.2,0.5,0.5,inheritance,inheritance,inheritance
2286,1009,2330,0.19999999999999998,0.5,0.5,18.273840769903764,7.4598612487611495,19.64763948497854,900,0,75,0.2,0.5,0.5,inheritance,inheritance,inheritance
2272,1021,2332,0.19999999999999998,0.5,0.5,18.165052816901408,7.292850146914789,19.452830188679247,901,0,75,0.2,0.5,0.5,inheritance,inheritance,inheritance
2258,1044,2323,0.19999999999999996,0.5,0.5,18.097431355181577,7.280651340996169,19.315970727507533,902,0,75,0.2,0.5,0.5,inheritance,inheritance,inheritance
2248,1034,2343,0.19999999999999996,0.5,0.5,18.043594306049823,7.306576402321083,19.060606060606062,903,0,75,0.2,0.5,0.5,inheritance,inheritance,inheritance
2242,1057,2326,0.19999999999999998,0.5,0.5,17.860392506690456,7.3907284768211925,19.191315563198625,904,0,75,0.2,0.5,0.5,inheritance,inheritance,inheritance
2244,1037,2344,0.19999999999999998,0.5,0.5,17.757130124777184,7.6123432979749275,19.07721843003413,905,0,75,0.2,0.5,0.5,inheritance,inheritance,inheritance
2235,1022,2368,0.19999999999999998,0.5,0.5,17.838926174496645,7.669275929549902,19.0777027027027,906,0,75,0.2,0.5,0.5,inheritance,inheritance,inheritance
2254,1007,2364,0.19999999999999998,0.5,0.5,17.721384205856257,7.726911618669315,19.052453468697124,907,0,75,0.2,0.5,0.5,inheritance,inheritance,inheritance
2231,998,2396,0.19999999999999996,0.5,0.5,17.583594800537874,7.585170340681363,18.680717863105176,908,0,75,0.2,0.5,0.5,inheritance,inheritance,inheritance
2223,996,2406,0.19999999999999996,0.5,0.5,17.631129104813315,7.651606425702811,18.54821280133001,909,0,75,0.2,0.5,0.5,inheritance,inheritance,inheritance
2200,1013,2412,0.19999999999999996,0.5,0.5,17.50181818181818,7.522211253701876,18.57296849087894,910,0,75,0.2,0.5,0.5,inheritance,inheritance,inheritance
2181,1012,2432,0.19999999999999996,0.5,0.5,17.519027968821643,7.451581027667984,18.392269736842106,911,0,75,0.2,0.5,0.5,inheritance,inheritance,inheritance
2156,1009,2460,0.19999999999999996,0.5,0.5,17.663265306122447,7.525272547076313,18.334552845528457,912,0,75,0.2,0.5,0.5,inheritance,inheritance,inheritance
2164,986,2475,0.19999999999999998,0.5,0.5,17.719038817005547,7.503042596348885,18.21010101010101,913,0,75,0.2,0.5,0.5,inheritance,inheritance,inheritance
2188,950,2487,0.19999999999999996,0.5,0.5,17.779707495429616,7.502105263157895,17.993566546039403,914,0,75,0.2,0.5,0.5,inheritance,inheritance,inheritance
2180,952,2493,0.19999999999999998,0.5,0.5,17.735779816513762,7.485294117647059,18.050541516245488,915,0,75,0.2,0.5,0.5,inheritance,inheritance,inheritance
2161,966,2498,0.19999999999999996,0.5,0.5,17.637667746413698,7.399585921325052,18.06044835868695,916,0,75,0.2,0.5,0.5,inheritance,inheritance,inheritance
2168,946,2511,0.19999999999999996,0.5,0.5,17.613929889298895,7.4482029598308666,17.951812027080845,917,0,75,0.2,0.5,0.5,inheritance,inheritance,inheritance
2164,922,2539,0.19999999999999998,0.5,0.5,17.496765249537894,7.414316702819956,18.00669554942891,918,0,75,0.2,0.5,0.5,inheritance,inheritance,inheritance
2163,910,2552,0.19999999999999996,0.5,0.5,17.36754507628294,7.282417582417582,17.91065830721003,919,0,75,0.2,0.5,0.5,inheritance,inheritance,inheritance
2149,905,2571,0.19999999999999998,0.5,0.5,17.284318287575616,7.0143646408839775,17.815246985608713,920,0,75,0.2,0.5,0.5,inheritance,inheritance,inheritance
2151,865,2609,0.19999999999999996,0.5,0.5,17.366341236634124,7.04971098265896,17.761211192027595,921,0,75,0.2,0.5,0.5,inheritance,inheritance,inheritance
2156,845,2624,0.19999999999999996,0.5,0.5,17.474025974025974,7.0958579881656805,17.787728658536587,922,0,75,0.2,0.5,0.5,inheritance,inheritance,inheritance
2143,852,2630,0.19999999999999998,0.5,0.5,17.626691553896407,7.084507042253521,17.96958174904943,923,0,75,0.2,0.5,0.5,inheritance,inheritance,inheritance
2135,847,2643,0.2,0.5,0.5,17.682435597189695,6.953955135773318,18.004161937192585,924,0,75,0.2,0.5,0.5,inheritance,inheritance,inheritance
2130,825,2670,0.2,0.5,0.5,17.826291079812208,7.116363636363636,18.116104868913858,925,0,75,0.2,0.5,0.5,inheritance,inheritance,inheritance
2128,829,2668,0.19999999999999998,0.5,0.5,17.952537593984964,7.2219541616405305,18.326836581709145,926,0,75,0.2,0.5,0.5,inheritance,inheritance,inheritance
2158,813,2654,0.19999999999999996,0.5,0.5,18.108897126969417,7.359163591635916,18.573474001507158,927,0,75,0.2,0.5,0.5,inheritance,inheritance,inheritance
2175,775,2675,0.19999999999999998,0.5,0.5,18.202758620689654,7.549677419354839,18.56822429906542,928,0,75,0.2,0.5,0.5,inheritance,inheritance,inheritance
2184,754,2687,0.19999999999999998,0.5,0.5,18.38324175824176,7.539787798408488,18.68515072571641,929,0,75,0.2,0.5,0.5,inheritance,inheritance,inheritance
2188,754,2683,0.19999999999999996,0.5,0.5,18.471206581352835,7.489389920424403,18.825568393589265,930,0,75,0.2,0.5,0.5,inheritance,inheritance,inheritance
2217,734,2674,0.19999999999999996,0.5,0.5,18.350022552999548,7.643051771117166,18.86312640239342,931,0,75,0.2,0.5,0.5,inheritance,inheritance,inheritance
2235,710,2680,0.19999999999999998,0.5,0.5,18.398657718120806,7.608450704225352,18.93320895522388,932,0,75,0.2,0.5,0.5,inheritance,inheritance,inheritance
2220,718,2687,0.19999999999999996,0.5,0.5,18.6009009009009,7.4094707520891365,19.19873464830666,933,0,75,0.2,0.5,0.5,inheritance,inheritance,inheritance
2214,691,2720,0.19999999999999996,0.5,0.5,18.456639566395665,7.143270622286542,19.245588235294118,934,0,75,0.2,0.5,0.5,inheritance,inheritance,inheritance
2215,688,2722,0.19999999999999996,0.5,0.5,18.380135440180588,6.734011627906977,19.347171197648787,935,0,75,0.2,0.5,0.5,inheritance,inheritance,inheritance
2233,698,2694,0.19999999999999998,0.5,0.5,18.309896999552173,6.677650429799427,19.56013363028953,936,0,75,0.2,0.5,0.5,inheritance,inheritance,inheritance
2263,701,2661,0.19999999999999996,0.5,0.5,18.208130799823245,6.717546362339515,19.85719654265314,937,0,75,0.2,0.5,0.5,inheritance,inheritance,inheritance
2280,713,2632,0.2,0.5,0.5,17.969736842105263,6.649368863955119,20.02659574468085,938,0,75,0.2,0.5,0.5,inheritance,inheritance,inheritance
2316,718,2591,0.19999999999999998,0.5,0.5,17.70293609671848,6.721448467966574,20.200308761096103,939,0,75,0.2,0.5,0.5,inheritance,inheritance,inheritance
2370,711,2544,0.2,0.5,0.5,17.480168776371308,6.852320675105485,20.29559748427673,940,0,75,0.2,0.5,0.5,inheritance,inheritance,inheritance
2396,725,2504,0.19999999999999998,0.5,0.5,17.281302170283805,6.937931034482759,20.431309904153355,941,0,75,0.2,0.5,0.5,inheritance,inheritance,inheritance
2427,742,2456,0.19999999999999998,0.5,0.5,17.18417799752781,6.8584905660377355,20.634364820846905,942,0,75,0.2,0.5,0.5,inheritance,inheritance,inheritance
2463,762,2400,0.19999999999999998,0.5,0.5,16.809175801867642,6.89501312335958,20.819166666666668,943,0,75,0.2,0.5,0.5,inheritance,inheritance,inheritance
2494,778,2353,0.19999999999999998,0.5,0.5,16.783881315156375,6.953727506426735,20.87675308117297,944,0,75,0.2,0.5,0.5,inheritance,inheritance,inheritance
2509,796,2320,0.19999999999999998,0.5,0.5,16.74491829414109,6.96608040201005,20.980172413793102,945,0,75,0.2,0.5,0.5,inheritance,inheritance,inheritance
2525,803,2297,0.19999999999999996,0.5,0.5,16.857821782178217,7.019925280199253,20.96952546800174,946,0,75,0.2,0.5,0.5,inheritance,inheritance,inheritance
2547,814,2264,0.19999999999999998,0.5,0.5,16.82292893600314,7.063882063882064,20.90856890459364,947,0,75,0.2,0.5,0.5,inheritance,inheritance,inheritance
2551,819,2255,0.19999999999999998,0.5,0.5,17.02704821638573,7.118437118437118,20.964523281596453,948,0,75,0.2,0.5,0.5,inheritance,inheritance,inheritance
2573,822,2230,0.19999999999999996,0.5,0.5,17.1002720559658,7.124087591240876,20.802242152466366,949,0,75,0.2,0.5,0.5,inheritance,inheritance,inheritance
2572,855,2198,0.19999999999999998,0.5,0.5,17.17379471228616,7.1988304093567255,21.076433121019107,950,0,75,0.2,0.5,0.5,inheritance,inheritance,inheritance
2566,876,2183,0.19999999999999998,0.5,0.5,17.33398285268901,7.228310502283105,20.849289967934034,951,0,75,0.2,0.5,0.5,inheritance,inheritance,inheritance
2574,889,2162,0.19999999999999998,0.5,0.5,17.383838383838384,7.257592800899888,20.615171137835336,952,0,75,0.2,0.5,0.5,inheritance,inheritance,inheritance
2568,917,2140,0.19999999999999996,0.5,0.5,17.547897196261683,7.436205016357688,20.710280373831775,953,0,75,0.2,0.5,0.5,inheritance,inheritance,inheritance
2587,883,2155,0.19999999999999996,0.5,0.5,17.736760726710475,7.509626274065685,20.36241299303944,954,0,75,0.2,0.5,0.5,inheritance,inheritance,inheritance
2578,883,2164,0.19999999999999996,0.5,0.5,17.910007757951902,7.560588901472253,20.17652495378928,955,0,75,0.2,0.5,0.5,inheritance,inheritance,inheritance
2572,869,2184,0.19999999999999998,0.5,0.5,18.120139968895803,7.485615650172612,19.8246336996337,956,0,75,0.2,0.5,0.5,inheritance,inheritance,inheritance
2555,878,2192,0.19999999999999998,0.5,0.5,18.3545988258317,7.482915717539863,19.855839416058394,957,0,75,0.2,0.5,0.5,inheritance,inheritance,inheritance
2558,870,2197,0.19999999999999998,0.5,0.5,18.568021892103207,7.558620689655172,19.755575785161582,958,0,75,0.2,0.5,0.5,inheritance,inheritance,inheritance
2550,848,2227,0.19999999999999998,0.5,0.5,18.81137254901961,7.632075471698113,19.514593623709025,959,0,75,0.2,0.5,0.5,inheritance,inheritance,inheritance
2548,843,2234,0.19999999999999996,0.5,0.5,18.933673469387756,7.708185053380783,19.426141450313338,960,0,75,0.2,0.5,0.5,inheritance,inheritance,inheritance
2540,840,2245,0.19999999999999996,0.5,0.5,19.258267716535432,7.5321428571428575,19.29665924276169,961,0,75,0.2,0.5,0.5,inheritance,inheritance,inheritance
2555,822,2248,0.19999999999999998,0.5,0.5,19.296673189823874,7.537712895377129,18.95329181494662,962,0,75,0.2,0.5,0.5,inheritance,inheritance,inheritance
2543,815,2267,0.19999999999999996,0.5,0.5,19.658277624852538,7.682208588957055,18.9836788707543,963,0,75,0.2,0.5,0.5,inheritance,inheritance,inheritance
2527,814,2284,0.19999999999999996,0.5,0.5,19.938266719430153,7.561425061425061,18.973730297723293,964,0,75,0.2,0.5,0.5,inheritance,inheritance,inheritance
2483,862,2280,0.19999999999999996,0.5,0.5,19.949657672170762,7.190255220417633,19.105701754385965,965,0,75,0.2,0.5,0.5,inheritance,inheritance,inheritance
2468,898,2259,0.19999999999999998,0.5,0.5,19.9242301458671,7.15924276169265,19.091190792386012,966,0,75,0.2,0.5,0.5,inheritance,inheritance,inheritance
2408,928,2289,0.2,0.5,0.5,20.100083056478404,7.060344827586207,19.206203582350373,967,0,75,0.2,0.5,0.5,inheritance,inheritance,inheritance
2382,964,2279,0.19999999999999998,0.5,0.5,20.128043660789253,7.013485477178423,19.20096533567354,968,0,75,0.2,0.5,0.5,inheritance,inheritance,inheritance
2356,983,2286,0.19999999999999998,0.5,0.5,20.10653650254669,6.953204476093591,19.108048993875766,969,0,75,0.2,0.5,0.5,inheritance,inheritance,inheritance
2322,989,2314,0.19999999999999998,0.5,0.5,20.343238587424633,6.867542972699697,19.082108902333623,970,0,75,0.2,0.5,0.5,inheritance,inheritance,inheritance
2307,1018,2300,0.19999999999999998,0.5,0.5,20.30039011703511,6.886051080550098,19.191739130434783,971,0,75,0.2,0.5,0.5,inheritance,inheritance,inheritance
2293,1017,2315,0.19999999999999998,0.5,0.5,20.296554731792412,7.018682399213373,19.210799136069113,972,0,75,0.2,0.5,0.5,inheritance,inheritance,inheritance
2275,1036,2314,0.2,0.5,0.5,20.192527472527473,7.044401544401544,19.076923076923077,973,0,75,0.2,0.5,0.5,inheritance,inheritance,inheritance
2243,1063,2319,0.19999999999999996,0.5,0.5,20.17744092732947,7.144873000940734,19.128934885726608,974,0,75,0.2,0.5,0.5,inheritance,inheritance,inheritance
2224,1067,2334,0.19999999999999998,0.5,0.5,20.216276978417266,7.339268978444236,19.164524421593832,975,0,75,0.2,0.5,0.5,inheritance,inheritance,inheritance
2200,1095,2330,0.19999999999999996,0.5,0.5,19.991818181818182,7.260273972602739,19.223175965665234,976,0,75,0.2,0.5,0.5,inheritance,inheritance,inheritance
2161,1096,2368,0.19999999999999996,0.5,0.5,20.01295696436835,7.271897810218978,19.26266891891892,977,0,75,0.2,0.5,0.5,inheritance,inheritance,inheritance
2117,1101,2407,0.19999999999999998,0.5,0.5,19.863958431743033,7.287011807447775,19.191109264644787,978,0,75,0.2,0.5,0.5,inheritance,inheritance,inheritance
2103,1099,2423,0.2,0.5,0.5,19.609605325725155,7.29572338489536,19.196863392488652,979,0,75,0.2,0.5,0.5,inheritance,inheritance,inheritance
2069,1108,2448,0.20000000000000004,0.5,0.5,19.450459159014017,7.385379061371841,19.1343954248366,980,0,75,0.2,0.5,0.5,inheritance,inheritance,inheritance
2065,1111,2449,0.20000000000000004,0.5,0.5,19.182566585956415,7.55985598559856,19.053491220906494,981,0,75,0.2,0.5,0.5,inheritance,inheritance,inheritance
2046,1117,2462,0.2,0.5,0.5,19.116324535679375,7.542524619516562,19.100324939073925,982,0,75,0.2,0.5,0.5,inheritance,inheritance,inheritance
2025,1100,2500,0.20000000000000004,0.5,0.5,18.84888888888889,7.356363636363636,18.9636,983,0,75,0.2,0.5,0.5,inheritance,inheritance,inheritance
2005,1110,2510,0.20000000000000004,0.5,0.5,18.466832917705737,7.205405405405405,18.923107569721115,984,0,75,0.2,0.5,0.5,inheritance,inheritance,inheritance
1980,1120,2525,0.20000000000000004,0.5,0.5,18.21969696969697,7.2821428571428575,18.931485148514852,985,0,75,0.2,0.5,0.5,inheritance,inheritance,inheritance
1964,1116,2545,0.20000000000000004,0.5,0.5,17.811608961303463,7.491039426523297,18.854616895874262,986,0,75,0.2,0.5,0.5,inheritance,inheritance,inheritance
1968,1088,2569,0.20000000000000004,0.5,0.5,17.476117886178862,7.685661764705882,18.775009731413,987,0,75,0.2,0.5,0.5,inheritance,inheritance,inheritance
1968,1082,2575,0.20000000000000004,0.5,0.5,17.16920731707317,7.77079482439926,18.834174757281552,988,0,75,0.2,0.5,0.5,inheritance,inheritance,inheritance
1970,1055,2600,0.20000000000000007,0.5,0.5,16.934010152284262,7.9914691943127965,18.755384615384614,989,0,75,0.2,0.5,0.5,inheritance,inheritance,inheritance
1959,1059,2607,0.20000000000000004,0.5,0.5,16.661051556916796,8.067044381491973,18.728039892596854,990,0,75,0.2,0.5,0.5,inheritance,inheritance,inheritance
1964,1057,2604,0.20000000000000004,0.5,0.5,16.30448065173116,8.14096499526963,18.782258064516128,991,0,75,0.2,0.5,0.5,inheritance,inheritance,inheritance
1961,1026,2638,0.2,0.5,0.5,16.44416114227435,8.203703703703704,18.821455648218347,992,0,75,0.2,0.5,0.5,inheritance,inheritance,inheritance
1968,973,2684,0.20000000000000004,0.5,0.5,16.265243902439025,8.334018499486126,18.752980625931446,993,0,75,0.2,0.5,0.5,inheritance,inheritance,inheritance
1975,938,2712,0.20000000000000007,0.5,0.5,16.288101265822785,8.332622601279319,18.765117994100294,994,0,75,0.2,0.5,0.5,inheritance,inheritance,inheritance
1990,907,2728,0.20000000000000004,0.5,0.5,16.05929648241206,8.362734288864388,18.733137829912025,995,0,75,0.2,0.5,0.5,inheritance,inheritance,inheritance
2023,869,2733,0.2,0.5,0.5,16.00741473059812,8.464902186421174,18.848518111964875,996,0,75,0.2,0.5,0.5,inheritance,inheritance,inheritance
2065,817,2743,0.20000000000000004,0.5,0.5,15.923486682808717,8.450428396572827,18.82500911410864,997,0,75,0.2,0.5,0.5,inheritance,inheritance,inheritance
2100,784,2741,0.2,0.5,0.5,15.958095238095238,8.508928571428571,18.780736957314847,998,0,75,0.2,0.5,0.5,inheritance,inheritance,inheritance
2137,735,2753,0.19999999999999998,0.5,0.5,16.072999532054283,8.598639455782314,18.77697057755176,999,0,75,0.2,0.5,0.5,inheritance,inheritance,inheritance
1863,1879,1883,0.2,0.5,0.5,0.0,0.0,0.0,0,1,75,0.2,0.5,0.5,inheritance,inheritance,inheritance
1721,1798,2106,0.20000000000000004,0.5,0.5,1.0,1.0,1.0,1,1,75,0.2,0.5,0.5,inheritance,inheritance,inheritance
1578,1757,2290,0.2,0.5,0.5,1.9226869455006337,1.85885031303358,1.8655021834061136,2,1,75,0.2,0.5,0.5,inheritance,inheritance,inheritance
1489,1646,2490,0.19999999999999996,0.5,0.5,2.783075889858966,2.6482381530984203,2.633734939759036,3,1,75,0.2,0.5,0.5,inheritance,inheritance,inheritance
1428,1501,2696,0.19999999999999998,0.5,0.5,3.5623249299719886,3.3431045969353765,3.3167655786350148,4,1,75,0.2,0.5,0.5,inheritance,inheritance,inheritance
1402,1366,2857,0.19999999999999998,0.5,0.5,4.25962910128388,4.021229868228404,3.9884494224711236,5,1,75,0.2,0.5,0.5,inheritance,inheritance,inheritance
1402,1223,3000,0.19999999999999998,0.5,0.5,4.848787446504993,4.622240392477514,4.631,6,1,75,0.2,0.5,0.5,inheritance,inheritance,inheritance
1440,1059,3126,0.2,0.5,0.5,5.393055555555556,5.21152030217186,5.248240563019833,7,1,75,0.2,0.5,0.5,inheritance,inheritance,inheritance
1484,927,3214,0.19999999999999996,0.5,0.5,5.8719676549865225,5.62891046386192,5.853764779091475,8,1,75,0.2,0.5,0.5,inheritance,inheritance,inheritance
1516,809,3300,0.19999999999999996,0.5,0.5,6.439313984168866,6.018541409147095,6.507878787878788,9,1,75,0.2,0.5,0.5,inheritance,inheritance,inheritance
1560,743,3322,0.2,0.5,0.5,6.851923076923077,6.2503364737550475,7.176700782661047,10,1,75,0.2,0.5,0.5,inheritance,inheritance,inheritance
1662,624,3339,0.2,0.5,0.5,7.138387484957882,6.541666666666667,7.763102725366877,11,1,75,0.2,0.5,0.5,inheritance,inheritance,inheritance
1742,576,3307,0.2,0.5,0.5,7.494833524684271,6.703125,8.44148775325068,12,1,75,0.2,0.5,0.5,inheritance,inheritance,inheritance
1806,538,3281,0.20000000000000004,0.5,0.5,7.809523809523809,6.5055762081784385,9.08107284364523,13,1,75,0.2,0.5,0.5,inheritance,inheritance,inheritance
1902,468,3255,0.2,0.5,0.5,8.164563617245005,6.495726495726496,9.673425499231952,14,1,75,0.2,0.5,0.5,inheritance,inheritance,inheritance
1991,430,3204,0.2,0.5,0.5,8.544450025113008,6.497674418604651,10.34019975031211,15,1,75,0.2,0.5,0.5,inheritance,inheritance,inheritance
2118,403,3104,0.19999999999999998,0.5,0.5,8.79367327667611,6.622828784119107,11.016430412371134,16,1,75,0.2,0.5,0.5,inheritance,inheritance,inheritance
2226,370,3029,0.19999999999999996,0.5,0.5,9.118149146451033,6.5027027027027025,11.669527896995708,17,1,75,0.2,0.5,0.5,inheritance,inheritance,inheritance
2346,341,2938,0.19999999999999998,0.5,0.5,9.434356351236147,6.439882697947214,12.276718856364875,18,1,75,0.2,0.5,0.5,inheritance,inheritance,inheritance
2431,347,2847,0.19999999999999998,0.5,0.5,9.842040312628548,6.420749279538905,12.969090270460134,19,1,75,0.2,0.5,0.5,inheritance,inheritance,inheritance
2552,337,2736,0.19999999999999998,0.5,0.5,10.16575235109718,6.373887240356083,13.634868421052632,20,1,75,0.2,0.5,0.5,inheritance,inheritance,inheritance
2661,323,2641,0.19999999999999998,0.5,0.5,10.52423900789177,6.182662538699691,14.223021582733812,21,1,75,0.2,0.5,0.5,inheritance,inheritance,inheritance
2764,338,2523,0.19999999999999996,0.5,0.5,10.903762662807525,6.002958579881657,14.862465319064606,22,1,75,0.2,0.5,0.5,inheritance,inheritance,inheritance
2861,342,2422,0.19999999999999998,0.5,0.5,11.266340440405452,5.918128654970761,15.514863748967795,23,1,75,0.2,0.5,0.5,inheritance,inheritance,inheritance
2959,384,2282,0.19999999999999998,0.5,0.5,11.570462994254816,5.744791666666667,16.20245398773006,24,1,75,0.2,0.5,0.5,inheritance,inheritance,inheritance
3052,381,2192,0.19999999999999998,0.5,0.5,11.986238532110091,6.039370078740157,16.72308394160584,25,1,75,0.2,0.5,0.5,inheritance,inheritance,inheritance
3138,397,2090,0.2,0.5,0.5,12.363926067558955,6.020151133501259,17.210526315789473,26,1,75,0.2,0.5,0.5,inheritance,inheritance,inheritance
3231,424,1970,0.2,0.5,0.5,12.692045806251935,6.044811320754717,17.822842639593908,27,1,75,0.2,0.5,0.5,inheritance,inheritance,inheritance
3316,432,1877,0.2,0.5,0.5,13.055488540410133,5.958333333333333,18.271177410761855,28,1,75,0.2,0.5,0.5,inheritance,inheritance,inheritance
3382,469,1774,0.20000000000000004,0.5,0.5,13.453282081608515,5.931769722814499,18.609921082299888,29,1,75,0.2,0.5,0.5,inheritance,inheritance,inheritance
3449,496,1680,0.19999999999999998,0.5,0.5,13.885184111336619,5.790322580645161,18.929166666666667,30,1,75,0.2,0.5,0.5,inheritance,inheritance,inheritance
3495,536,1594,0.2,0.5,0.5,14.284978540772531,5.652985074626866,19.205771643663738,31,1,75,0.2,0.5,0.5,inheritance,inheritance,inheritance
3506,570,1549,0.2,0.5,0.5,14.758699372504278,5.707017543859649,19.08973531310523,32,1,75,0.2,0.5,0.5,inheritance,inheritance,inheritance
3559,587,1479,0.2,0.5,0.5,15.144422590615342,5.802385008517888,18.992562542258284,33,1,75,0.2,0.5,0.5,inheritance,inheritance,inheritance
3563,635,1427,0.20000000000000004,0.5,0.5,15.611843951726074,5.792125984251968,18.957252978276102,34,1,75,0.2,0.5,0.5,inheritance,inheritance,inheritance
3543,680,1402,0.2,0.5,0.5,16.12559977420265,5.807352941176471,18.686162624821684,35,1,75,0.2,0.5,0.5,inheritance,inheritance,inheritance
3556,722,1347,0.2,0.5,0.5,16.513779527559056,5.781163434903047,18.48181143281366,36,1,75,0.2,0.5,0.5,inheritance,inheritance,inheritance
3528,744,1353,0.2,0.5,0.5,17.08078231292517,5.780913978494624,18.040650406504064,37,1,75,0.2,0.5,0.5,inheritance,inheritance,inheritance
3535,770,1320,0.2,0.5,0.5,17.502121640735503,5.975324675324675,17.76969696969697,38,1,75,0.2,0.5,0.5,inheritance,inheritance,inheritance
3506,807,1312,0.2,0.5,0.5,18.028237307472903,5.981412639405204,17.477134146341463,39,1,75,0.2,0.5,0.5,inheritance,inheritance,inheritance
3446,859,1320,0.2,0.5,0.5,18.54933255948926,5.962747380675204,17.046969696969697,40,1,75,0.2,0.5,0.5,inheritance,inheritance,inheritance
3399,912,1314,0.2,0.5,0.5,18.98323036187114,5.831140350877193,16.735159817351597,41,1,75,0.2,0.5,0.5,inheritance,inheritance,inheritance
3330,980,1315,0.2,0.5,0.5,19.476276276276277,5.790816326530612,16.29809885931559,42,1,75,0.2,0.5,0.5,inheritance,inheritance,inheritance
3265,1029,1331,0.2,0.5,0.5,19.88790199081164,5.766763848396502,15.697971450037565,43,1,75,0.2,0.5,0.5,inheritance,inheritance,inheritance
3185,1097,1343,0.2,0.5,0.5,20.361695447409733,5.854147675478578,15.317944899478778,44,1,75,0.2,0.5,0.5,inheritance,inheritance,inheritance
3120,1119,1386,0.2,0.5,0.5,20.754807692307693,5.929401251117069,14.608225108225108,45,1,75,0.2,0.5,0.5,inheritance,inheritance,inheritance
3057,1152,1416,0.20000000000000004,0.5,0.5,21.234543670264966,6.047743055555555,14.225282485875706,46,1,75,0.2,0.5,0.5,inheritance,inheritance,inheritance
2984,1174,1467,0.19999999999999998,0.5,0.5,21.632037533512065,6.190800681431005,13.755964553510566,47,1,75,0.2,0.5,0.5,inheritance,inheritance,inheritance
2922,1215,1488,0.19999999999999998,0.5,0.5,22.04072553045859,6.31275720164609,13.728494623655914,48,1,75,0.2,0.5,0.5,inheritance,inheritance,inheritance
2848,1250,1527,0.19999999999999996,0.5,0.5,22.43820224719101,6.4376,13.370006548788474,49,1,75,0.2,0.5,0.5,inheritance,inheritance,inheritance
2786,1285,1554,0.19999999999999998,0.5,0.5,22.695262024407754,6.588326848249027,13.314671814671815,50,1,75,0.2,0.5,0.5,inheritance,inheritance,inheritance
2700,1327,1598,0.19999999999999996,0.5,0.5,22.977777777777778,6.652599849284099,13.027534418022528,51,1,75,0.2,0.5,0.5,inheritance,inheritance,inheritance
2652,1354,1619,0.19999999999999998,0.5,0.5,23.096907993966816,6.816100443131463,12.74613959234095,52,1,75,0.2,0.5,0.5,inheritance,inheritance,inheritance
2571,1353,1701,0.19999999999999998,0.5,0.5,23.459743290548424,6.931263858093127,12.492063492063492,53,1,75,0.2,0.5,0.5,inheritance,inheritance,inheritance
2464,1405,1756,0.19999999999999998,0.5,0.5,23.645292207792206,6.859786476868328,12.47892938496583,54,1,75,0.2,0.5,0.5,inheritance,inheritance,inheritance
2380,1402,1843,0.2,0.5,0.5,23.941176470588236,6.863052781740371,12.323385784047748,55,1,75,0.2,0.5,0.5,inheritance,inheritance,inheritance
2322,1424,1879,0.19999999999999998,0.5,0.5,23.790267011197244,6.953651685393258,12.312932410856838,56,1,75,0.2,0.5,0.5,inheritance,inheritance,inheritance
2230,1432,1963,0.19999999999999998,0.5,0.5,23.75919282511211,6.943435754189944,12.247580234335201,57,1,75,0.2,0.5,0.5,inheritance,inheritance,inheritance
2143,1448,2034,0.19999999999999998,0.5,0.5,23.665888940737283,6.991022099447513,12.212389380530974,58,1,75,0.2,0.5,0.5,inheritance,inheritance,inheritance
2098,1437,2090,0.2,0.5,0.5,23.455195424213535,7.210160055671538,12.106698564593302,59,1,75,0.2,0.5,0.5,inheritance,inheritance,inheritance
2059,1408,2158,0.20000000000000004,0.5,0.5,23.482272948033025,7.4460227272727275,12.114921223354958,60,1,75,0.2,0.5,0.5,inheritance,inheritance,inheritance
1997,1405,2223,0.20000000000000004,0.5,0.5,23.217325988983475,7.533096085409253,12.136302294197032,61,1,75,0.2,0.5,0.5,inheritance,inheritance,inheritance
1940,1387,2298,0.20000000000000004,0.5,0.5,23.182989690721648,7.735400144196107,12.232375979112271,62,1,75,0.2,0.5,0.5,inheritance,inheritance,inheritance
1908,1344,2373,0.2,0.5,0.5,23.085429769392032,7.928571428571429,12.303834808259587,63,1,75,0.2,0.5,0.5,inheritance,inheritance,inheritance
1903,1285,2437,0.2,0.5,0.5,22.808197582764056,8.136964980544747,12.340993024210094,64,1,75,0.2,0.5,0.5,inheritance,inheritance,inheritance
1890,1216,2519,0.2,0.5,0.5,22.54126984126984,8.204769736842104,12.394998015085351,65,1,75,0.2,0.5,0.5,inheritance,inheritance,inheritance
1875,1174,2576,0.2,0.5,0.5,22.268266666666666,8.347529812606474,12.593167701863354,66,1,75,0.2,0.5,0.5,inheritance,inheritance,inheritance
1859,1139,2627,0.20000000000000004,0.5,0.5,21.76546530392684,8.263388937664619,12.890749904834411,67,1,75,0.2,0.5,0.5,inheritance,inheritance,inheritance
1837,1113,2675,0.20000000000000004,0.5,0.5,21.41480675013609,8.146451033243487,13.051214953271028,68,1,75,0.2,0.5,0.5,inheritance,inheritance,inheritance
1809,1082,2734,0.2,0.5,0.5,21.059701492537314,8.224584103512015,13.398683247988295,69,1,75,0.2,0.5,0.5,inheritance,inheritance,inheritance
1817,1037,2771,0.2,0.5,0.5,20.628508530544853,8.186113789778206,13.643450018044028,70,1,75,0.2,0.5,0.5,inheritance,inheritance,inheritance
1811,1036,2778,0.20000000000000004,0.5,0.5,20.350635008282715,8.254826254826256,14.120230381569474,71,1,75,0.2,0.5,0.5,inheritance,inheritance,inheritance
1800,1026,2799,0.2,0.5,0.5,19.98777777777778,8.242690058479532,14.469096105752055,72,1,75,0.2,0.5,0.5,inheritance,inheritance,inheritance
1805,1006,2814,0.2,0.5,0.5,19.357340720221607,8.236580516898607,14.691186922530207,73,1,75,0.2,0.5,0.5,inheritance,inheritance,inheritance
1786,991,2848,0.20000000000000004,0.5,0.5,18.922172452407615,8.1372351160444,15.016502808988765,74,1,75,0.2,0.5,0.5,inheritance,inheritance,inheritance
1755,1026,2844,0.2,0.5,0.5,18.10997150997151,7.948343079922028,15.418776371308017,75,1,75,0.2,0.5,0.5,inheritance,inheritance,inheritance
1781,1027,2817,0.20000000000000004,0.5,0.5,17.443571027512633,8.07205452775073,15.716719914802981,76,1,75,0.2,0.5,0.5,inheritance,inheritance,inheritance
1786,1013,2826,0.20000000000000004,0.5,0.5,17.00895856662934,8.08390918065153,15.984430290162774,77,1,75,0.2,0.5,0.5,inheritance,inheritance,inheritance
1801,992,2832,0.20000000000000004,0.5,0.5,16.53636868406441,8.30141129032258,16.182909604519775,78,1,75,0.2,0.5,0.5,inheritance,inheritance,inheritance
1799,986,2840,0.20000000000000004,0.5,0.5,15.988882712618121,8.312373225152129,16.45105633802817,79,1,75,0.2,0.5,0.5,inheritance,inheritance,inheritance
1805,962,2858,0.2,0.5,0.5,15.75567867036011,8.41891891891892,16.6445066480056,80,1,75,0.2,0.5,0.5,inheritance,inheritance,inheritance
1822,926,2877,0.2,0.5,0.5,15.557080131723382,8.479481641468682,16.896767466110532,81,1,75,0.2,0.5,0.5,inheritance,inheritance,inheritance
1853,893,2879,0.2,0.5,0.5,15.398273070696169,8.70548712206047,17.16220910038208,82,1,75,0.2,0.5,0.5,inheritance,inheritance,inheritance
1899,868,2858,0.20000000000000004,0.5,0.5,15.061611374407583,8.72004608294931,17.42302309307208,83,1,75,0.2,0.5,0.5,inheritance,inheritance,inheritance
1907,851,2867,0.20000000000000004,0.5,0.5,15.068169900367069,8.72150411280846,17.710149982560168,84,1,75,0.2,0.5,0.5,inheritance,inheritance,inheritance
1970,821,2834,0.20000000000000007,0.5,0.5,15.003045685279188,8.802679658952497,18.02364149611856,85,1,75,0.2,0.5,0.5,inheritance,inheritance,inheritance
2019,785,2821,0.20000000000000004,0.5,0.5,15.03912828132739,9.001273885350319,18.220489188231124,86,1,75,0.2,0.5,0.5,inheritance,inheritance,inheritance
2064,763,2798,0.20000000000000004,0.5,0.5,14.953488372093023,9.116644823066842,18.45818441744103,87,1,75,0.2,0.5,0.5,inheritance,inheritance,inheritance
2130,716,2779,0.2,0.5,0.5,14.966666666666667,9.272346368715084,18.614609571788414,88,1,75,0.2,0.5,0.5,inheritance,inheritance,inheritance
2155,682,2788,0.19999999999999998,0.5,0.5,15.19767981438515,9.392961876832844,18.874461979913917,89,1,75,0.2,0.5,0.5,inheritance,inheritance,inheritance
2212,670,2743,0.19999999999999996,0.5,0.5,15.225135623869802,9.304477611940298,19.12759752096245,90,1,75,0.2,0.5,0.5,inheritance,inheritance,inheritance
2266,658,2701,0.19999999999999998,0.5,0.5,15.201235657546338,9.174772036474165,19.300999629766753,91,1,75,0.2,0.5,0.5,inheritance,inheritance,inheritance
2337,617,2671,0.19999999999999996,0.5,0.5,15.154043645699614,9.205834683954619,19.260950954698615,92,1,75,0.2,0.5,0.5,inheritance,inheritance,inheritance
2397,600,2628,0.19999999999999998,0.5,0.5,15.342511472674175,9.121666666666666,19.50076103500761,93,1,75,0.2,0.5,0.5,inheritance,inheritance,inheritance
2489,575,2561,0.19999999999999998,0.5,0.5,15.322619525914021,9.135652173913044,19.725497852401407,94,1,75,0.2,0.5,0.5,inheritance,inheritance,inheritance
2543,560,2522,0.19999999999999996,0.5,0.5,15.454187966968147,8.92142857142857,19.837827121332275,95,1,75,0.2,0.5,0.5,inheritance,inheritance,inheritance
2604,542,2479,0.19999999999999998,0.5,0.5,15.664362519201228,8.846863468634686,19.979427188382413,96,1,75,0.2,0.5,0.5,inheritance,inheritance,inheritance
2631,534,2460,0.19999999999999998,0.5,0.5,15.903458760927403,8.395131086142323,20.140650406504065,97,1,75,0.2,0.5,0.5,inheritance,inheritance,inheritance
2666,516,2443,0.19999999999999998,0.5,0.5,16.1807951987997,7.994186046511628,20.15963978714695,98,1,75,0.2,0.5,0.5,inheritance,inheritance,inheritance
2689,520,2416,0.19999999999999998,0.5,0.5,16.528821123094087,7.526923076923077,20.346026490066226,99,1,75,0.2,0.5,0.5,inheritance,inheritance,inheritance
2722,525,2378,0.19999999999999996,0.5,0.5,16.75863335782513,6.9123809523809525,20.44449116904962,100,1,75,0.2,0.5,0.5,inheritance,inheritance,inheritance
2752,514,2359,0.19999999999999996,0.5,0.5,16.966933139534884,6.535019455252918,20.501907587961,101,1,75,0.2,0.5,0.5,inheritance,inheritance,inheritance
2790,517,2318,0.2,0.5,0.5,17.283870967741937,6.30174081237911,20.72476272648835,102,1,75,0.2,0.5,0.5,inheritance,inheritance,inheritance
2822,524,2279,0.19999999999999996,0.5,0.5,17.55740609496811,6.08587786259542,20.903905221588417,103,1,75,0.2,0.5,0.5,inheritance,inheritance,inheritance
2849,528,2248,0.19999999999999998,0.5,0.5,17.89189189189189,5.941287878787879,21.065391459074732,104,1,75,0.2,0.5,0.5,inheritance,inheritance,inheritance
2875,547,2203,0.2,0.5,0.5,18.214260869565216,6.058500914076783,21.434407625964592,105,1,75,0.2,0.5,0.5,inheritance,inheritance,inheritance
2882,580,2163,0.19999999999999998,0.5,0.5,18.5794587092297,6.156896551724138,21.73740175681923,106,1,75,0.2,0.5,0.5,inheritance,inheritance,inheritance
2911,623,2091,0.2,0.5,0.5,18.806595671590518,6.178170144462279,22.10234337637494,107,1,75,0.2,0.5,0.5,inheritance,inheritance,inheritance
2912,652,2061,0.19999999999999998,0.5,0.5,19.12877747252747,6.289877300613497,22.37117903930131,108,1,75,0.2,0.5,0.5,inheritance,inheritance,inheritance
2912,694,2019,0.19999999999999998,0.5,0.5,19.337912087912088,6.236311239193084,22.371966319960375,109,1,75,0.2,0.5,0.5,inheritance,inheritance,inheritance
2935,702,1988,0.19999999999999996,0.5,0.5,19.463713798977853,6.066951566951567,22.17404426559356,110,1,75,0.2,0.5,0.5,inheritance,inheritance,inheritance
2948,703,1974,0.19999999999999996,0.5,0.5,19.702849389416553,6.230440967283073,22.062310030395135,111,1,75,0.2,0.5,0.5,inheritance,inheritance,inheritance
2952,728,1945,0.19999999999999998,0.5,0.5,19.823848238482384,6.2239010989010985,21.93573264781491,112,1,75,0.2,0.5,0.5,inheritance,inheritance,inheritance
2948,776,1901,0.19999999999999996,0.5,0.5,19.922659430122117,6.202319587628866,21.75644397685429,113,1,75,0.2,0.5,0.5,inheritance,inheritance,inheritance
2915,822,1888,0.2,0.5,0.5,20.102915951972555,6.091240875912408,21.694915254237287,114,1,75,0.2,0.5,0.5,inheritance,inheritance,inheritance
2885,865,1875,0.2,0.5,0.5,20.411785095320624,6.253179190751445,21.561066666666665,115,1,75,0.2,0.5,0.5,inheritance,inheritance,inheritance
2885,884,1856,0.2,0.5,0.5,20.503986135181975,6.381221719457014,21.23491379310345,116,1,75,0.2,0.5,0.5,inheritance,inheritance,inheritance
2877,890,1858,0.19999999999999998,0.5,0.5,20.710462287104622,6.5539325842696625,20.896663078579117,117,1,75,0.2,0.5,0.5,inheritance,inheritance,inheritance
2845,920,1860,0.19999999999999996,0.5,0.5,20.915289982425307,6.639130434782609,20.726344086021506,118,1,75,0.2,0.5,0.5,inheritance,inheritance,inheritance
2825,949,1851,0.2,0.5,0.5,20.853805309734515,6.6680716543730245,20.172879524581308,119,1,75,0.2,0.5,0.5,inheritance,inheritance,inheritance
2775,1003,1847,0.19999999999999996,0.5,0.5,20.915675675675676,6.61814556331007,20.155387114239307,120,1,75,0.2,0.5,0.5,inheritance,inheritance,inheritance
2744,1017,1864,0.19999999999999996,0.5,0.5,20.931851311953352,6.678466076696165,19.5568669527897,121,1,75,0.2,0.5,0.5,inheritance,inheritance,inheritance
2701,1065,1859,0.19999999999999998,0.5,0.5,20.85857089966679,6.686384976525821,19.30554061323292,122,1,75,0.2,0.5,0.5,inheritance,inheritance,inheritance
2664,1076,1885,0.19999999999999998,0.5,0.5,20.94406906906907,6.655204460966543,18.879045092838197,123,1,75,0.2,0.5,0.5,inheritance,inheritance,inheritance
2625,1132,1868,0.2,0.5,0.5,20.96457142857143,6.77208480565371,18.79764453961456,124,1,75,0.2,0.5,0.5,inheritance,inheritance,inheritance
2581,1147,1897,0.19999999999999998,0.5,0.5,20.840371948857033,6.853530950305144,18.33579335793358,125,1,75,0.2,0.5,0.5,inheritance,inheritance,inheritance
2548,1161,1916,0.19999999999999996,0.5,0.5,20.726059654631083,6.839793281653747,17.83507306889353,126,1,75,0.2,0.5,0.5,inheritance,inheritance,inheritance
2529,1144,1952,0.19999999999999996,0.5,0.5,20.83155397390273,7.054195804195804,17.71516393442623,127,1,75,0.2,0.5,0.5,inheritance,inheritance,inheritance
2504,1144,1977,0.19999999999999998,0.5,0.5,20.741613418530353,7.125,17.486090035407184,128,1,75,0.2,0.5,0.5,inheritance,inheritance,inheritance
2480,1145,2000,0.19999999999999998,0.5,0.5,20.656048387096774,7.220087336244542,17.2445,129,1,75,0.2,0.5,0.5,inheritance,inheritance,inheritance
2446,1140,2039,0.19999999999999998,0.5,0.5,20.635322976287817,7.336842105263158,16.806277587052477,130,1,75,0.2,0.5,0.5,inheritance,inheritance,inheritance
2423,1140,2062,0.2,0.5,0.5,20.578208832026412,7.484210526315789,16.545101842871,131,1,75,0.2,0.5,0.5,inheritance,inheritance,inheritance
2363,1148,2114,0.19999999999999998,0.5,0.5,20.648751586965723,7.5339721254355405,16.392620624408703,132,1,75,0.2,0.5,0.5,inheritance,inheritance,inheritance
2334,1156,2135,0.19999999999999998,0.5,0.5,20.557412167952013,7.617647058823529,16.355971896955502,133,1,75,0.2,0.5,0.5,inheritance,inheritance,inheritance
2336,1151,2138,0.19999999999999998,0.5,0.5,20.42166095890411,7.774978279756733,16.270346117867167,134,1,75,0.2,0.5,0.5,inheritance,inheritance,inheritance
2319,1152,2154,0.19999999999999998,0.5,0.5,20.424320827943077,7.8671875,16.149025069637883,135,1,75,0.2,0.5,0.5,inheritance,inheritance,inheritance
2306,1151,2168,0.19999999999999998,0.5,0.5,20.38117953165655,7.933101650738489,16.143450184501845,136,1,75,0.2,0.5,0.5,inheritance,inheritance,inheritance
2284,1144,2197,0.19999999999999998,0.5,0.5,20.433450087565674,7.976398601398602,16.099226217569413,137,1,75,0.2,0.5,0.5,inheritance,inheritance,inheritance
2281,1132,2212,0.19999999999999998,0.5,0.5,20.477860587461638,8.200530035335689,16.214285714285715,138,1,75,0.2,0.5,0.5,inheritance,inheritance,inheritance
2250,1118,2257,0.19999999999999998,0.5,0.5,20.361333333333334,8.047406082289804,16.06734603455915,139,1,75,0.2,0.5,0.5,inheritance,inheritance,inheritance
2208,1112,2305,0.19999999999999996,0.5,0.5,20.669384057971016,8.086330935251798,16.164425162689806,140,1,75,0.2,0.5,0.5,inheritance,inheritance,inheritance
2207,1100,2318,0.19999999999999996,0.5,0.5,20.561848663343905,8.311818181818182,16.227351164797238,141,1,75,0.2,0.5,0.5,inheritance,inheritance,inheritance
2201,1093,2331,0.19999999999999996,0.5,0.5,20.374829622898684,8.266239707227813,16.2985842985843,142,1,75,0.2,0.5,0.5,inheritance,inheritance,inheritance
2160,1096,2369,0.19999999999999998,0.5,0.5,20.341203703703705,8.138686131386862,16.293372731110175,143,1,75,0.2,0.5,0.5,inheritance,inheritance,inheritance
2146,1094,2385,0.19999999999999996,0.5,0.5,19.88583410997204,8.144424131627057,16.279245283018867,144,1,75,0.2,0.5,0.5,inheritance,inheritance,inheritance
2112,1114,2399,0.19999999999999998,0.5,0.5,19.64962121212121,7.957809694793537,16.395581492288454,145,1,75,0.2,0.5,0.5,inheritance,inheritance,inheritance
2105,1106,2414,0.2,0.5,0.5,19.469358669833728,7.986437613019891,16.519055509527753,146,1,75,0.2,0.5,0.5,inheritance,inheritance,inheritance
2100,1072,2453,0.2,0.5,0.5,19.336190476190477,8.026119402985074,16.30900937627395,147,1,75,0.2,0.5,0.5,inheritance,inheritance,inheritance
2089,1078,2458,0.2,0.5,0.5,19.06653901388224,8.112244897959183,16.431244914564687,148,1,75,0.2,0.5,0.5,inheritance,inheritance,inheritance
2126,1060,2439,0.19999999999999996,0.5,0.5,18.768579492003763,8.372641509433961,16.515785157851578,149,1,75,0.2,0.5,0.5,inheritance,inheritance,inheritance
2159,1021,2445,0.19999999999999998,0.5,0.5,18.517369152385363,8.39079333986288,16.318200408997956,150,1,75,0.2,0.5,0.5,inheritance,inheritance,inheritance
2165,1015,2445,0.19999999999999998,0.5,0.5,18.303002309468823,8.550738916256158,16.46952965235174,151,1,75,0.2,0.5,0.5,inheritance,inheritance,inheritance
2180,1007,2438,0.19999999999999998,0.5,0.5,17.942201834862384,8.455809334657399,16.4019688269073,152,1,75,0.2,0.5,0.5,inheritance,inheritance,inheritance
2190,997,2438,0.19999999999999998,0.5,0.5,17.600456621004565,8.424272818455366,16.526661197703035,153,1,75,0.2,0.5,0.5,inheritance,inheritance,inheritance
2202,972,2451,0.19999999999999996,0.5,0.5,17.6802906448683,8.516460905349794,16.71766625866993,154,1,75,0.2,0.5,0.5,inheritance,inheritance,inheritance
2172,976,2477,0.19999999999999998,0.5,0.5,17.486187845303867,8.234631147540984,16.754945498587002,155,1,75,0.2,0.5,0.5,inheritance,inheritance,inheritance
2146,970,2509,0.19999999999999996,0.5,0.5,17.23299161230196,8.030927835051546,16.789956157831806,156,1,75,0.2,0.5,0.5,inheritance,inheritance,inheritance
2155,950,2520,0.19999999999999998,0.5,0.5,16.9754060324826,7.808421052631579,16.83015873015873,157,1,75,0.2,0.5,0.5,inheritance,inheritance,inheritance
2138,940,2547,0.19999999999999998,0.5,0.5,17.007951356407858,7.671276595744681,16.814683941892422,158,1,75,0.2,0.5,0.5,inheritance,inheritance,inheritance
2148,919,2558,0.19999999999999998,0.5,0.5,16.889199255121042,7.828073993471165,16.861610633307272,159,1,75,0.2,0.5,0.5,inheritance,inheritance,inheritance
2175,904,2546,0.19999999999999998,0.5,0.5,16.850114942528737,7.905973451327434,17.048311076197958,160,1,75,0.2,0.5,0.5,inheritance,inheritance,inheritance
2193,910,2522,0.19999999999999996,0.5,0.5,16.666210670314637,7.954945054945055,17.15107057890563,161,1,75,0.2,0.5,0.5,inheritance,inheritance,inheritance
2221,891,2513,0.19999999999999996,0.5,0.5,16.628545700135074,8.125701459034792,17.14524472741743,162,1,75,0.2,0.5,0.5,inheritance,inheritance,inheritance
2215,893,2517,0.19999999999999996,0.5,0.5,16.542212189616254,7.996640537513998,17.15534366309098,163,1,75,0.2,0.5,0.5,inheritance,inheritance,inheritance
2203,912,2510,0.19999999999999996,0.5,0.5,16.493871992737176,8.075657894736842,17.357370517928288,164,1,75,0.2,0.5,0.5,inheritance,inheritance,inheritance
2217,900,2508,0.19999999999999996,0.5,0.5,16.425800631483988,8.016666666666667,17.359649122807017,165,1,75,0.2,0.5,0.5,inheritance,inheritance,inheritance
2206,912,2507,0.19999999999999996,0.5,0.5,16.59111514052584,7.8410087719298245,17.5492620662146,166,1,75,0.2,0.5,0.5,inheritance,inheritance,inheritance
2202,912,2511,0.19999999999999996,0.5,0.5,16.40644868301544,7.707236842105263,17.588610115491836,167,1,75,0.2,0.5,0.5,inheritance,inheritance,inheritance
2230,871,2524,0.19999999999999998,0.5,0.5,16.46457399103139,7.777267508610792,17.538827258320126,168,1,75,0.2,0.5,0.5,inheritance,inheritance,inheritance
2264,846,2515,0.19999999999999998,0.5,0.5,16.401501766784452,7.955082742316785,17.473956262425446,169,1,75,0.2,0.5,0.5,inheritance,inheritance,inheritance
2272,840,2513,0.19999999999999998,0.5,0.5,16.289172535211268,7.895238095238096,17.41782729805014,170,1,75,0.2,0.5,0.5,inheritance,inheritance,inheritance
2281,834,2510,0.19999999999999998,0.5,0.5,16.370013152126262,7.7601918465227815,17.454183266932272,171,1,75,0.2,0.5,0.5,inheritance,inheritance,inheritance
2288,822,2515,0.19999999999999998,0.5,0.5,16.442744755244757,7.673965936739659,17.57534791252485,172,1,75,0.2,0.5,0.5,inheritance,inheritance,inheritance
2300,829,2496,0.2,0.5,0.5,16.379565217391303,7.5054282267792525,17.58533653846154,173,1,75,0.2,0.5,0.5,inheritance,inheritance,inheritance
2270,844,2511,0.19999999999999998,0.5,0.5,16.501321585903085,7.290284360189573,17.74273197929112,174,1,75,0.2,0.5,0.5,inheritance,inheritance,inheritance
2276,851,2498,0.19999999999999998,0.5,0.5,16.486818980667838,7.207990599294948,17.835868694955966,175,1,75,0.2,0.5,0.5,inheritance,inheritance,inheritance
2253,856,2516,0.19999999999999996,0.5,0.5,16.629383044829115,7.0607476635514015,17.91295707472178,176,1,75,0.2,0.5,0.5,inheritance,inheritance,inheritance
2230,877,2518,0.19999999999999998,0.5,0.5,16.834977578475335,6.911060433295325,18.017871326449562,177,1,75,0.2,0.5,0.5,inheritance,inheritance,inheritance
2227,863,2535,0.19999999999999998,0.5,0.5,16.769196228109564,6.78215527230591,18.10138067061144,178,1,75,0.2,0.5,0.5,inheritance,inheritance,inheritance
2219,869,2537,0.19999999999999998,0.5,0.5,16.834159531320413,6.66283084004603,18.298778084351596,179,1,75,0.2,0.5,0.5,inheritance,inheritance,inheritance
2212,881,2532,0.19999999999999996,0.5,0.5,16.965641952983724,6.744608399545971,18.477883096366508,180,1,75,0.2,0.5,0.5,inheritance,inheritance,inheritance
2199,883,2543,0.19999999999999998,0.5,0.5,16.986357435197817,6.592298980747452,18.481714510420762,181,1,75,0.2,0.5,0.5,inheritance,inheritance,inheritance
2184,887,2554,0.19999999999999998,0.5,0.5,17.11813186813187,6.598647125140925,18.671104150352388,182,1,75,0.2,0.5,0.5,inheritance,inheritance,inheritance
2175,871,2579,0.19999999999999998,0.5,0.5,17.21793103448276,6.607347876004592,18.77782086079876,183,1,75,0.2,0.5,0.5,inheritance,inheritance,inheritance
2174,853,2598,0.19999999999999998,0.5,0.5,17.23505059797608,6.740914419695193,18.930715935334874,184,1,75,0.2,0.5,0.5,inheritance,inheritance,inheritance
2181,861,2583,0.19999999999999996,0.5,0.5,17.25126088950023,6.860627177700349,19.181958962446767,185,1,75,0.2,0.5,0.5,inheritance,inheritance,inheritance
2175,872,2578,0.19999999999999998,0.5,0.5,17.13471264367816,6.803899082568807,19.290923196276182,186,1,75,0.2,0.5,0.5,inheritance,inheritance,inheritance
2160,872,2593,0.19999999999999998,0.5,0.5,17.29537037037037,6.814220183486238,19.37524103355187,187,1,75,0.2,0.5,0.5,inheritance,inheritance,inheritance
2174,864,2587,0.19999999999999998,0.5,0.5,17.301747930082797,6.984953703703703,19.44221105527638,188,1,75,0.2,0.5,0.5,inheritance,inheritance,inheritance
2188,886,2551,0.19999999999999996,0.5,0.5,17.113802559414992,7.023702031602709,19.568404547236376,189,1,75,0.2,0.5,0.5,inheritance,inheritance,inheritance
2192,890,2543,0.19999999999999996,0.5,0.5,17.036496350364963,6.992134831460674,19.667322060558394,190,1,75,0.2,0.5,0.5,inheritance,inheritance,inheritance
2201,893,2531,0.19999999999999996,0.5,0.5,17.127214902317128,6.9921612541993285,19.818253654681943,191,1,75,0.2,0.5,0.5,inheritance,inheritance,inheritance
2199,921,2505,0.19999999999999998,0.5,0.5,16.97044110959527,6.955483170466884,19.926546906187625,192,1,75,0.2,0.5,0.5,inheritance,inheritance,inheritance
2203,937,2485,0.19999999999999996,0.5,0.5,16.887426236949615,7.163287086446105,20.15251509054326,193,1,75,0.2,0.5,0.5,inheritance,inheritance,inheritance
2191,933,2501,0.19999999999999996,0.5,0.5,17.012779552715656,7.227224008574491,20.151139544182328,194,1,75,0.2,0.5,0.5,inheritance,inheritance,inheritance
2172,953,2500,0.19999999999999998,0.5,0.5,16.944751381215468,7.136411332633788,20.1716,195,1,75,0.2,0.5,0.5,inheritance,inheritance,inheritance
2168,966,2491,0.19999999999999996,0.5,0.5,16.814575645756456,7.212215320910973,20.240465676435168,196,1,75,0.2,0.5,0.5,inheritance,inheritance,inheritance
2173,975,2477,0.19999999999999996,0.5,0.5,16.793833410032214,7.32923076923077,20.319741622930966,197,1,75,0.2,0.5,0.5,inheritance,inheritance,inheritance
2180,961,2484,0.19999999999999998,0.5,0.5,16.733027522935778,7.625390218522372,20.23953301127214,198,1,75,0.2,0.5,0.5,inheritance,inheritance,inheritance
2203,929,2493,0.19999999999999996,0.5,0.5,16.624148887880164,7.895586652314316,20.03329322101885,199,1,75,0.2,0.5,0.5,inheritance,inheritance,inheritance
2246,911,2468,0.19999999999999998,0.5,0.5,16.40204808548531,8.153677277716795,19.948946515397083,200,1,75,0.2,0.5,0.5,inheritance,inheritance,inheritance
2265,896,2464,0.19999999999999998,0.5,0.5,16.371302428256072,8.302455357142858,19.9650974025974,201,1,75,0.2,0.5,0.5,inheritance,inheritance,inheritance
2252,883,2490,0.19999999999999998,0.5,0.5,16.489786856127886,8.157417893544734,20.010843373493977,202,1,75,0.2,0.5,0.5,inheritance,inheritance,inheritance
2271,871,2483,0.19999999999999998,0.5,0.5,16.44165565830031,7.912743972445465,19.772049939589206,203,1,75,0.2,0.5,0.5,inheritance,inheritance,inheritance
2285,842,2498,0.2,0.5,0.5,16.607002188183806,7.804038004750594,19.54763811048839,204,1,75,0.2,0.5,0.5,inheritance,inheritance,inheritance
2280,824,2521,0.2,0.5,0.5,16.535526315789475,7.524271844660194,19.45497818326061,205,1,75,0.2,0.5,0.5,inheritance,inheritance,inheritance
2306,796,2523,0.19999999999999998,0.5,0.5,16.520381613183,7.6545226130653266,19.327784383670235,206,1,75,0.2,0.5,0.5,inheritance,inheritance,inheritance
2316,775,2534,0.19999999999999998,0.5,0.5,16.537564766839377,7.464516129032258,19.181925808997633,207,1,75,0.2,0.5,0.5,inheritance,inheritance,inheritance
2356,735,2534,0.19999999999999998,0.5,0.5,16.701188455008488,7.47891156462585,19.21349644830308,208,1,75,0.2,0.5,0.5,inheritance,inheritance,inheritance
2348,709,2568,0.19999999999999996,0.5,0.5,16.945911413969334,7.241184767277856,19.100467289719628,209,1,75,0.2,0.5,0.5,inheritance,inheritance,inheritance
2372,687,2566,0.19999999999999998,0.5,0.5,16.938870151770658,7.06113537117904,18.924006235385814,210,1,75,0.2,0.5,0.5,inheritance,inheritance,inheritance
2398,671,2556,0.19999999999999998,0.5,0.5,17.04462051709758,6.864381520119225,18.92488262910798,211,1,75,0.2,0.5,0.5,inheritance,inheritance,inheritance
2419,664,2542,0.19999999999999998,0.5,0.5,17.25961140967342,6.725903614457831,18.883162863886703,212,1,75,0.2,0.5,0.5,inheritance,inheritance,inheritance
2452,668,2505,0.19999999999999998,0.5,0.5,17.430668841761825,6.699101796407185,19.019161676646707,213,1,75,0.2,0.5,0.5,inheritance,inheritance,inheritance
2510,663,2452,0.19999999999999998,0.5,0.5,17.388446215139442,6.856711915535445,19.067699836867863,214,1,75,0.2,0.5,0.5,inheritance,inheritance,inheritance
2547,671,2407,0.19999999999999998,0.5,0.5,17.334511189634863,6.825633383010432,18.99459908599917,215,1,75,0.2,0.5,0.5,inheritance,inheritance,inheritance
2559,677,2389,0.19999999999999998,0.5,0.5,17.57952325127003,6.7562776957163955,19.112599413980746,216,1,75,0.2,0.5,0.5,inheritance,inheritance,inheritance
2559,691,2375,0.19999999999999998,0.5,0.5,17.82883939038687,6.568740955137482,19.21557894736842,217,1,75,0.2,0.5,0.5,inheritance,inheritance,inheritance
2539,742,2344,0.19999999999999998,0.5,0.5,17.912957857424182,6.183288409703504,19.293941979522184,218,1,75,0.2,0.5,0.5,inheritance,inheritance,inheritance
2532,761,2332,0.19999999999999996,0.5,0.5,18.099526066350712,6.006570302233903,19.382933104631217,219,1,75,0.2,0.5,0.5,inheritance,inheritance,inheritance
2519,799,2307,0.19999999999999998,0.5,0.5,18.315601429138546,6.02377972465582,19.478977026441267,220,1,75,0.2,0.5,0.5,inheritance,inheritance,inheritance
2517,833,2275,0.19999999999999996,0.5,0.5,18.472387763210172,6.313325330132053,19.705054945054947,221,1,75,0.2,0.5,0.5,inheritance,inheritance,inheritance
2494,858,2273,0.19999999999999998,0.5,0.5,18.6327185244587,6.31002331002331,19.710074791025075,222,1,75,0.2,0.5,0.5,inheritance,inheritance,inheritance
2483,881,2261,0.19999999999999996,0.5,0.5,18.77124446234394,6.451759364358684,19.76205218929677,223,1,75,0.2,0.5,0.5,inheritance,inheritance,inheritance
2470,901,2254,0.19999999999999998,0.5,0.5,18.833603238866395,6.491675915649279,19.830523513753327,224,1,75,0.2,0.5,0.5,inheritance,inheritance,inheritance
2462,909,2254,0.19999999999999998,0.5,0.5,19.02599512591389,6.697469746974697,19.65616681455191,225,1,75,0.2,0.5,0.5,inheritance,inheritance,inheritance
2465,904,2256,0.19999999999999998,0.5,0.5,18.935902636916836,6.851769911504425,19.54654255319149,226,1,75,0.2,0.5,0.5,inheritance,inheritance,inheritance
2449,913,2263,0.19999999999999998,0.5,0.5,18.99591670069416,6.8225629791894855,19.441007512152012,227,1,75,0.2,0.5,0.5,inheritance,inheritance,inheritance
2454,901,2270,0.19999999999999998,0.5,0.5,19.2200488997555,7.061043285238624,19.22555066079295,228,1,75,0.2,0.5,0.5,inheritance,inheritance,inheritance
2461,895,2269,0.19999999999999998,0.5,0.5,19.169443315725314,7.014525139664804,19.015866020273247,229,1,75,0.2,0.5,0.5,inheritance,inheritance,inheritance
2479,885,2261,0.19999999999999998,0.5,0.5,19.152884227511095,7.215819209039548,18.737726669615213,230,1,75,0.2,0.5,0.5,inheritance,inheritance,inheritance
2480,858,2287,0.19999999999999998,0.5,0.5,19.349193548387095,7.386946386946387,18.566681241801486,231,1,75,0.2,0.5,0.5,inheritance,inheritance,inheritance
2513,832,2280,0.19999999999999996,0.5,0.5,19.358535614803024,7.516826923076923,18.39078947368421,232,1,75,0.2,0.5,0.5,inheritance,inheritance,inheritance
2536,797,2292,0.19999999999999998,0.5,0.5,19.440457413249213,7.560853199498118,18.19677137870855,233,1,75,0.2,0.5,0.5,inheritance,inheritance,inheritance
2555,779,2291,0.19999999999999998,0.5,0.5,19.477103718199608,7.585365853658536,18.050632911392405,234,1,75,0.2,0.5,0.5,inheritance,inheritance,inheritance
2577,739,2309,0.19999999999999996,0.5,0.5,19.566938300349243,7.422192151556157,17.902988306626245,235,1,75,0.2,0.5,0.5,inheritance,inheritance,inheritance
2600,735,2290,0.2,0.5,0.5,19.518076923076922,7.3795918367346935,17.913973799126637,236,1,75,0.2,0.5,0.5,inheritance,inheritance,inheritance
2600,737,2288,0.2,0.5,0.5,19.596153846153847,7.180461329715061,17.96896853146853,237,1,75,0.2,0.5,0.5,inheritance,inheritance,inheritance
2629,715,2281,0.19999999999999998,0.5,0.5,19.671738303537467,7.197202797202797,17.889960543621218,238,1,75,0.2,0.5,0.5,inheritance,inheritance,inheritance
2665,703,2257,0.2,0.5,0.5,19.603377110694183,6.97724039829303,17.84359769605671,239,1,75,0.2,0.5,0.5,inheritance,inheritance,inheritance
2695,697,2233,0.19999999999999996,0.5,0.5,19.66530612244898,7.061692969870875,17.93551276309897,240,1,75,0.2,0.5,0.5,inheritance,inheritance,inheritance
2738,686,2201,0.19999999999999996,0.5,0.5,19.68371073776479,7.051020408163265,17.979554747841892,241,1,75,0.2,0.5,0.5,inheritance,inheritance,inheritance
2734,727,2164,0.19999999999999998,0.5,0.5,19.73482077542063,6.7785419532324624,18.066081330868762,242,1,75,0.2,0.5,0.5,inheritance,inheritance,inheritance
2749,755,2121,0.19999999999999996,0.5,0.5,19.803928701345946,6.823841059602649,18.38095238095238,243,1,75,0.2,0.5,0.5,inheritance,inheritance,inheritance
2755,781,2089,0.19999999999999996,0.5,0.5,19.6464609800363,6.719590268886043,18.343705122067973,244,1,75,0.2,0.5,0.5,inheritance,inheritance,inheritance
2761,804,2060,0.19999999999999993,0.5,0.5,19.709887721839912,6.710199004975125,18.528640776699028,245,1,75,0.2,0.5,0.5,inheritance,inheritance,inheritance
2773,843,2009,0.19999999999999996,0.5,0.5,19.67255679769203,6.65717674970344,18.584868093578894,246,1,75,0.2,0.5,0.5,inheritance,inheritance,inheritance
2769,886,1970,0.19999999999999998,0.5,0.5,19.58107620079451,6.654627539503386,18.628426395939087,247,1,75,0.2,0.5,0.5,inheritance,inheritance,inheritance
2754,911,1960,0.19999999999999996,0.5,0.5,19.513071895424837,6.613611416026345,18.47295918367347,248,1,75,0.2,0.5,0.5,inheritance,inheritance,inheritance
2743,960,1922,0.19999999999999996,0.5,0.5,19.447320452059788,6.710416666666666,18.534859521331946,249,1,75,0.2,0.5,0.5,inheritance,inheritance,inheritance
2691,1009,1925,0.19999999999999998,0.5,0.5,19.49944258639911,6.770069375619425,18.523636363636363,250,1,75,0.2,0.5,0.5,inheritance,inheritance,inheritance
2688,1011,1926,0.19999999999999996,0.5,0.5,19.548363095238095,7.063303659742829,18.219106957424714,251,1,75,0.2,0.5,0.5,inheritance,inheritance,inheritance
2646,1085,1894,0.19999999999999998,0.5,0.5,19.5124716553288,7.083870967741936,18.479408658922914,252,1,75,0.2,0.5,0.5,inheritance,inheritance,inheritance
2611,1134,1880,0.19999999999999998,0.5,0.5,19.417847567981617,7.1878306878306875,18.310106382978724,253,1,75,0.2,0.5,0.5,inheritance,inheritance,inheritance
2583,1166,1876,0.19999999999999996,0.5,0.5,19.51219512195122,7.393653516295026,18.28091684434968,254,1,75,0.2,0.5,0.5,inheritance,inheritance,inheritance
2570,1195,1860,0.19999999999999996,0.5,0.5,19.540856031128406,7.518828451882845,18.38279569892473,255,1,75,0.2,0.5,0.5,inheritance,inheritance,inheritance
2538,1224,1863,0.19999999999999996,0.5,0.5,19.558707643814028,7.750816993464053,18.311862587224905,256,1,75,0.2,0.5,0.5,inheritance,inheritance,inheritance
2507,1230,1888,0.19999999999999996,0.5,0.5,19.54208216992421,7.941463414634146,17.988347457627118,257,1,75,0.2,0.5,0.5,inheritance,inheritance,inheritance
2475,1245,1905,0.19999999999999998,0.5,0.5,19.404848484848486,8.106024096385543,17.644619422572177,258,1,75,0.2,0.5,0.5,inheritance,inheritance,inheritance
2477,1253,1895,0.19999999999999998,0.5,0.5,19.31893419459023,8.383080606544294,17.4754617414248,259,1,75,0.2,0.5,0.5,inheritance,inheritance,inheritance
2438,1264,1923,0.19999999999999998,0.5,0.5,19.49056603773585,8.466772151898734,17.2272490899636,260,1,75,0.2,0.5,0.5,inheritance,inheritance,inheritance
2402,1261,1962,0.19999999999999998,0.5,0.5,19.575353871773522,8.599524187153053,16.950560652395513,261,1,75,0.2,0.5,0.5,inheritance,inheritance,inheritance
2368,1258,1999,0.19999999999999998,0.5,0.5,19.63893581081081,8.625596184419713,16.670335167583794,262,1,75,0.2,0.5,0.5,inheritance,inheritance,inheritance
2351,1247,2027,0.19999999999999998,0.5,0.5,19.63334751169715,8.793905372894947,16.478046373951653,263,1,75,0.2,0.5,0.5,inheritance,inheritance,inheritance
2346,1240,2039,0.19999999999999998,0.5,0.5,19.782608695652176,8.981451612903227,16.530652280529672,264,1,75,0.2,0.5,0.5,inheritance,inheritance,inheritance
2330,1228,2067,0.19999999999999998,0.5,0.5,19.785836909871243,8.972312703583063,16.335268505079824,265,1,75,0.2,0.5,0.5,inheritance,inheritance,inheritance
2329,1232,2064,0.19999999999999998,0.5,0.5,19.617432374409617,8.954545454545455,16.17877906976744,266,1,75,0.2,0.5,0.5,inheritance,inheritance,inheritance
2278,1243,2104,0.19999999999999998,0.5,0.5,19.681299385425813,8.868061142397426,16.113593155893536,267,1,75,0.2,0.5,0.5,inheritance,inheritance,inheritance
2237,1277,2111,0.19999999999999996,0.5,0.5,19.60706303084488,8.738449490994519,16.119374703931786,268,1,75,0.2,0.5,0.5,inheritance,inheritance,inheritance
2227,1262,2136,0.19999999999999998,0.5,0.5,19.43780871127077,8.724247226624406,15.865168539325843,269,1,75,0.2,0.5,0.5,inheritance,inheritance,inheritance
2188,1269,2168,0.19999999999999996,0.5,0.5,19.323126142595978,8.6903073286052,15.759686346863468,270,1,75,0.2,0.5,0.5,inheritance,inheritance,inheritance
2147,1262,2216,0.19999999999999998,0.5,0.5,19.171401956217977,8.62757527733756,15.652978339350181,271,1,75,0.2,0.5,0.5,inheritance,inheritance,inheritance
2118,1250,2257,0.19999999999999998,0.5,0.5,19.152974504249293,8.6328,15.509525919361986,272,1,75,0.2,0.5,0.5,inheritance,inheritance,inheritance
2098,1245,2282,0.2,0.5,0.5,19.044804575786465,8.5285140562249,15.536371603856267,273,1,75,0.2,0.5,0.5,inheritance,inheritance,inheritance
2066,1267,2292,0.2,0.5,0.5,18.753630203291383,8.54538279400158,15.607329842931938,274,1,75,0.2,0.5,0.5,inheritance,inheritance,inheritance
2023,1256,2346,0.2,0.5,0.5,18.69204152249135,8.450636942675159,15.392156862745098,275,1,75,0.2,0.5,0.5,inheritance,inheritance,inheritance
1987,1261,2377,0.20000000000000004,0.5,0.5,18.174635128334174,8.313243457573355,15.315523769457299,276,1,75,0.2,0.5,0.5,inheritance,inheritance,inheritance
1934,1253,2438,0.20000000000000004,0.5,0.5,18.164943123061015,8.30167597765363,15.161607875307629,277,1,75,0.2,0.5,0.5,inheritance,inheritance,inheritance
1932,1226,2467,0.20000000000000004,0.5,0.5,17.814699792960663,8.425774877650896,15.156870693149575,278,1,75,0.2,0.5,0.5,inheritance,inheritance,inheritance
1887,1202,2536,0.2,0.5,0.5,17.659247482776895,8.362728785357737,15.035488958990536,279,1,75,0.2,0.5,0.5,inheritance,inheritance,inheritance
1851,1164,2610,0.2,0.5,0.5,17.381955699621827,8.193298969072165,14.927969348659003,280,1,75,0.2,0.5,0.5,inheritance,inheritance,inheritance
1839,1093,2693,0.20000000000000004,0.5,0.5,17.331702011963024,8.19487648673376,14.932046045302636,281,1,75,0.2,0.5,0.5,inheritance,inheritance,inheritance
1827,1054,2744,0.20000000000000004,0.5,0.5,17.20744389709907,8.31214421252372,15.036807580174926,282,1,75,0.2,0.5,0.5,inheritance,inheritance,inheritance
1822,1029,2774,0.2,0.5,0.5,16.856201975850713,8.107871720116618,15.195025234318674,283,1,75,0.2,0.5,0.5,inheritance,inheritance,inheritance
1827,1000,2798,0.20000000000000004,0.5,0.5,16.447728516694035,8.023,15.313795568263044,284,1,75,0.2,0.5,0.5,inheritance,inheritance,inheritance
1823,966,2836,0.2,0.5,0.5,16.361492046077892,8.040372670807454,15.456629055007053,285,1,75,0.2,0.5,0.5,inheritance,inheritance,inheritance
1849,932,2844,0.20000000000000004,0.5,0.5,15.938885884261763,7.963519313304721,15.618143459915611,286,1,75,0.2,0.5,0.5,inheritance,inheritance,inheritance
1860,899,2866,0.20000000000000004,0.5,0.5,15.67258064516129,7.935483870967742,15.743545010467551,287,1,75,0.2,0.5,0.5,inheritance,inheritance,inheritance
1848,886,2891,0.2,0.5,0.5,15.561688311688311,7.94920993227991,15.947423037011415,288,1,75,0.2,0.5,0.5,inheritance,inheritance,inheritance
1851,891,2883,0.2,0.5,0.5,15.3290113452188,7.732884399551066,16.13111342351717,289,1,75,0.2,0.5,0.5,inheritance,inheritance,inheritance
1846,888,2891,0.2,0.5,0.5,15.380823401950163,7.783783783783784,16.408163265306122,290,1,75,0.2,0.5,0.5,inheritance,inheritance,inheritance
1873,880,2872,0.2,0.5,0.5,15.178857447944473,7.793181818181818,16.649373259052926,291,1,75,0.2,0.5,0.5,inheritance,inheritance,inheritance
1871,865,2889,0.2,0.5,0.5,15.17156600748263,7.551445086705202,16.90238836967809,292,1,75,0.2,0.5,0.5,inheritance,inheritance,inheritance
1859,862,2904,0.20000000000000004,0.5,0.5,15.13663259817106,7.473317865429235,17.226928374655646,293,1,75,0.2,0.5,0.5,inheritance,inheritance,inheritance
1885,831,2909,0.2,0.5,0.5,15.077453580901857,7.4247894103489775,17.3822619456858,294,1,75,0.2,0.5,0.5,inheritance,inheritance,inheritance
1889,830,2906,0.2,0.5,0.5,15.0428798305982,7.1975903614457835,17.61355815554026,295,1,75,0.2,0.5,0.5,inheritance,inheritance,inheritance
1901,816,2908,0.2,0.5,0.5,15.02682798527091,7.314950980392157,17.84181568088033,296,1,75,0.2,0.5,0.5,inheritance,inheritance,inheritance
1949,773,2903,0.20000000000000004,0.5,0.5,14.994869163673679,7.496765847347995,17.959352394075093,297,1,75,0.2,0.5,0.5,inheritance,inheritance,inheritance
1981,762,2882,0.2,0.5,0.5,15.085310449268047,7.545931758530184,18.140527411519777,298,1,75,0.2,0.5,0.5,inheritance,inheritance,inheritance
2028,725,2872,0.2,0.5,0.5,15.006410256410257,7.547586206896551,18.348537604456826,299,1,75,0.2,0.5,0.5,inheritance,inheritance,inheritance
2053,705,2867,0.2,0.5,0.5,15.248904042864101,7.709219858156028,18.690617370073248,300,1,75,0.2,0.5,0.5,inheritance,inheritance,inheritance
2097,682,2846,0.19999999999999998,0.5,0.5,15.302336671435384,7.571847507331379,18.922347153900212,301,1,75,0.2,0.5,0.5,inheritance,inheritance,inheritance
2148,665,2812,0.19999999999999998,0.5,0.5,15.306331471135941,7.628571428571429,19.019203413940257,302,1,75,0.2,0.5,0.5,inheritance,inheritance,inheritance
2170,656,2799,0.19999999999999998,0.5,0.5,15.48110599078341,7.615853658536586,19.283315469810645,303,1,75,0.2,0.5,0.5,inheritance,inheritance,inheritance
2205,631,2789,0.19999999999999996,0.5,0.5,15.621315192743765,7.622820919175911,19.513804230907134,304,1,75,0.2,0.5,0.5,inheritance,inheritance,inheritance
2251,618,2756,0.19999999999999998,0.5,0.5,15.789871168369613,7.610032362459547,19.814949201741655,305,1,75,0.2,0.5,0.5,inheritance,inheritance,inheritance
2279,606,2740,0.19999999999999998,0.5,0.5,16.015796401930672,7.518151815181518,20.046715328467155,306,1,75,0.2,0.5,0.5,inheritance,inheritance,inheritance
2323,584,2718,0.19999999999999996,0.5,0.5,16.0938441670254,7.345890410958904,20.205665930831493,307,1,75,0.2,0.5,0.5,inheritance,inheritance,inheritance
2335,562,2728,0.19999999999999998,0.5,0.5,16.438115631691648,7.128113879003559,20.387463343108504,308,1,75,0.2,0.5,0.5,inheritance,inheritance,inheritance
2390,525,2710,0.19999999999999998,0.5,0.5,16.62092050209205,7.0476190476190474,20.446863468634685,309,1,75,0.2,0.5,0.5,inheritance,inheritance,inheritance
2430,526,2669,0.2,0.5,0.5,16.718930041152262,6.834600760456274,20.759835144248783,310,1,75,0.2,0.5,0.5,inheritance,inheritance,inheritance
2460,522,2643,0.2,0.5,0.5,16.975609756097562,6.689655172413793,20.99167612561483,311,1,75,0.2,0.5,0.5,inheritance,inheritance,inheritance
2504,532,2589,0.19999999999999998,0.5,0.5,17.117811501597444,6.552631578947368,21.426805716492854,312,1,75,0.2,0.5,0.5,inheritance,inheritance,inheritance
2517,562,2546,0.19999999999999996,0.5,0.5,17.349622566547477,6.265124555160142,21.77769049489395,313,1,75,0.2,0.5,0.5,inheritance,inheritance,inheritance
2543,582,2500,0.19999999999999996,0.5,0.5,17.564294140778607,6.1116838487972505,22.1412,314,1,75,0.2,0.5,0.5,inheritance,inheritance,inheritance
2567,596,2462,0.19999999999999998,0.5,0.5,17.784573432021816,5.988255033557047,22.211210398050365,315,1,75,0.2,0.5,0.5,inheritance,inheritance,inheritance
2584,603,2438,0.19999999999999998,0.5,0.5,17.8780959752322,5.996683250414594,22.375307629204265,316,1,75,0.2,0.5,0.5,inheritance,inheritance,inheritance
2603,622,2400,0.19999999999999996,0.5,0.5,18.091817134076067,6.059485530546624,22.855,317,1,75,0.2,0.5,0.5,inheritance,inheritance,inheritance
2645,625,2355,0.2,0.5,0.5,18.191682419659735,6.28,23.197452229299362,318,1,75,0.2,0.5,0.5,inheritance,inheritance,inheritance
2654,670,2301,0.19999999999999998,0.5,0.5,18.31160512434062,6.21044776119403,23.575836592785745,319,1,75,0.2,0.5,0.5,inheritance,inheritance,inheritance
2650,705,2270,0.2,0.5,0.5,18.436603773584906,6.201418439716312,23.880616740088104,320,1,75,0.2,0.5,0.5,inheritance,inheritance,inheritance
2667,725,2233,0.19999999999999996,0.5,0.5,18.536557930258716,6.089655172413793,23.862516793551276,321,1,75,0.2,0.5,0.5,inheritance,inheritance,inheritance
2673,737,2215,0.19999999999999996,0.5,0.5,18.768799102132437,6.181818181818182,23.95801354401806,322,1,75,0.2,0.5,0.5,inheritance,inheritance,inheritance
2656,777,2192,0.19999999999999998,0.5,0.5,19.00414156626506,6.277992277992278,23.99543795620438,323,1,75,0.2,0.5,0.5,inheritance,inheritance,inheritance
2626,821,2178,0.19999999999999998,0.5,0.5,19.052170601675552,6.07795371498173,23.95270890725436,324,1,75,0.2,0.5,0.5,inheritance,inheritance,inheritance
2634,840,2151,0.19999999999999998,0.5,0.5,19.13477600607441,6.2,23.767549976755,325,1,75,0.2,0.5,0.5,inheritance,inheritance,inheritance
2629,844,2152,0.19999999999999998,0.5,0.5,19.275389882084443,6.290284360189573,23.443308550185872,326,1,75,0.2,0.5,0.5,inheritance,inheritance,inheritance
2629,851,2145,0.19999999999999998,0.5,0.5,19.384556865728413,6.393654524089307,23.136130536130537,327,1,75,0.2,0.5,0.5,inheritance,inheritance,inheritance
2603,872,2150,0.19999999999999996,0.5,0.5,19.456396465616596,6.327981651376147,22.90325581395349,328,1,75,0.2,0.5,0.5,inheritance,inheritance,inheritance
2594,886,2145,0.19999999999999998,0.5,0.5,19.511565150346954,6.316027088036117,22.545920745920746,329,1,75,0.2,0.5,0.5,inheritance,inheritance,inheritance
2568,907,2150,0.19999999999999996,0.5,0.5,19.65848909657321,6.432194046306505,22.295813953488373,330,1,75,0.2,0.5,0.5,inheritance,inheritance,inheritance
2563,917,2145,0.19999999999999996,0.5,0.5,19.74326960593055,6.660850599781898,22.087179487179487,331,1,75,0.2,0.5,0.5,inheritance,inheritance,inheritance
2565,910,2150,0.19999999999999996,0.5,0.5,19.882651072124755,6.741758241758242,21.869767441860464,332,1,75,0.2,0.5,0.5,inheritance,inheritance,inheritance
2576,920,2129,0.19999999999999998,0.5,0.5,19.620729813664596,6.792391304347826,21.567402536402067,333,1,75,0.2,0.5,0.5,inheritance,inheritance,inheritance
2564,936,2125,0.19999999999999998,0.5,0.5,19.671996879875195,6.889957264957265,21.295529411764704,334,1,75,0.2,0.5,0.5,inheritance,inheritance,inheritance
2557,927,2141,0.19999999999999996,0.5,0.5,19.757919436840048,6.969795037756203,20.97477814105558,335,1,75,0.2,0.5,0.5,inheritance,inheritance,inheritance
2525,930,2170,0.19999999999999996,0.5,0.5,19.80237623762376,6.778494623655914,20.3,336,1,75,0.2,0.5,0.5,inheritance,inheritance,inheritance
2497,935,2193,0.19999999999999996,0.5,0.5,19.81097316780136,6.662032085561497,20.06748746010032,337,1,75,0.2,0.5,0.5,inheritance,inheritance,inheritance
2492,915,2218,0.19999999999999998,0.5,0.5,19.87199036918138,6.628415300546448,19.86789900811542,338,1,75,0.2,0.5,0.5,inheritance,inheritance,inheritance
2479,899,2247,0.19999999999999998,0.5,0.5,19.92698668818072,6.630700778642937,19.63640409434802,339,1,75,0.2,0.5,0.5,inheritance,inheritance,inheritance
2496,883,2246,0.19999999999999998,0.5,0.5,19.94471153846154,6.796149490373726,19.407836153161174,340,1,75,0.2,0.5,0.5,inheritance,inheritance,inheritance
2506,879,2240,0.19999999999999998,0.5,0.5,19.897446129289705,6.852104664391354,19.29598214285714,341,1,75,0.2,0.5,0.5,inheritance,inheritance,inheritance
2491,884,2250,0.19999999999999998,0.5,0.5,19.869128863910078,6.734162895927602,18.933333333333334,342,1,75,0.2,0.5,0.5,inheritance,inheritance,inheritance
2507,889,2229,0.19999999999999996,0.5,0.5,19.741922616673314,6.803149606299213,18.85464333781965,343,1,75,0.2,0.5,0.5,inheritance,inheritance,inheritance
2508,897,2220,0.19999999999999996,0.5,0.5,19.760765550239235,6.959866220735786,18.962612612612613,344,1,75,0.2,0.5,0.5,inheritance,inheritance,inheritance
2525,893,2207,0.19999999999999996,0.5,0.5,19.7980198019802,7.020156774916013,18.696420480289987,345,1,75,0.2,0.5,0.5,inheritance,inheritance,inheritance
2524,900,2201,0.19999999999999998,0.5,0.5,19.826862123613314,7.164444444444444,18.751476601544752,346,1,75,0.2,0.5,0.5,inheritance,inheritance,inheritance
2529,903,2193,0.19999999999999996,0.5,0.5,19.822459470146303,7.248062015503876,18.596443228454174,347,1,75,0.2,0.5,0.5,inheritance,inheritance,inheritance
2545,919,2161,0.19999999999999998,0.5,0.5,19.469941060903732,7.257889009793254,18.432670060157335,348,1,75,0.2,0.5,0.5,inheritance,inheritance,inheritance
2535,952,2138,0.19999999999999996,0.5,0.5,19.325049309664696,7.13655462184874,18.342376052385408,349,1,75,0.2,0.5,0.5,inheritance,inheritance,inheritance
2500,970,2155,0.19999999999999998,0.5,0.5,19.2192,6.982474226804124,18.25336426914153,350,1,75,0.2,0.5,0.5,inheritance,inheritance,inheritance
2502,944,2179,0.19999999999999996,0.5,0.5,19.337330135891285,7.110169491525424,17.96374483708123,351,1,75,0.2,0.5,0.5,inheritance,inheritance,inheritance
2513,945,2167,0.19999999999999996,0.5,0.5,19.147632311977716,7.20952380952381,17.84910013844024,352,1,75,0.2,0.5,0.5,inheritance,inheritance,inheritance
2497,944,2184,0.19999999999999996,0.5,0.5,18.923908690428515,7.138771186440678,17.626373626373628,353,1,75,0.2,0.5,0.5,inheritance,inheritance,inheritance
2505,946,2174,0.19999999999999998,0.5,0.5,18.747305389221555,7.107822410147992,17.448022079116836,354,1,75,0.2,0.5,0.5,inheritance,inheritance,inheritance
2507,943,2175,0.19999999999999996,0.5,0.5,18.417231751096928,7.104984093319194,17.15586206896552,355,1,75,0.2,0.5,0.5,inheritance,inheritance,inheritance
2489,962,2174,0.19999999999999998,0.5,0.5,18.325833668139815,7.132016632016632,17.051977920883164,356,1,75,0.2,0.5,0.5,inheritance,inheritance,inheritance
2460,987,2178,0.2,0.5,0.5,18.097154471544716,6.955420466058764,16.961432506887054,357,1,75,0.2,0.5,0.5,inheritance,inheritance,inheritance
2421,1007,2197,0.19999999999999998,0.5,0.5,18.062783973564642,6.895729890764647,16.918980427856166,358,1,75,0.2,0.5,0.5,inheritance,inheritance,inheritance
2428,1016,2181,0.2,0.5,0.5,17.907742998352553,7.068897637795276,16.938560293443373,359,1,75,0.2,0.5,0.5,inheritance,inheritance,inheritance
2413,1024,2188,0.2,0.5,0.5,17.944881889763778,7.16015625,16.847349177330894,360,1,75,0.2,0.5,0.5,inheritance,inheritance,inheritance
2435,1010,2180,0.2,0.5,0.5,17.915400410677616,7.358415841584159,16.759174311926607,361,1,75,0.2,0.5,0.5,inheritance,inheritance,inheritance
2435,1001,2189,0.2,0.5,0.5,17.902258726899383,7.445554445554445,16.70854271356784,362,1,75,0.2,0.5,0.5,inheritance,inheritance,inheritance
2441,981,2203,0.19999999999999998,0.5,0.5,17.917247029905777,7.495412844036697,16.458465728551975,363,1,75,0.2,0.5,0.5,inheritance,inheritance,inheritance
2463,981,2181,0.19999999999999998,0.5,0.5,18.0812017864393,7.73598369011213,16.573131591013297,364,1,75,0.2,0.5,0.5,inheritance,inheritance,inheritance
2476,951,2198,0.19999999999999998,0.5,0.5,18.31744749596123,7.986330178759201,16.649226569608736,365,1,75,0.2,0.5,0.5,inheritance,inheritance,inheritance
2474,942,2209,0.19999999999999998,0.5,0.5,18.499191592562653,8.008492569002124,16.548211860570394,366,1,75,0.2,0.5,0.5,inheritance,inheritance,inheritance
2473,930,2222,0.19999999999999998,0.5,0.5,18.677315002021835,8.141935483870968,16.523402340234025,367,1,75,0.2,0.5,0.5,inheritance,inheritance,inheritance
2472,903,2250,0.19999999999999998,0.5,0.5,18.812702265372167,8.146179401993356,16.290222222222223,368,1,75,0.2,0.5,0.5,inheritance,inheritance,inheritance
2484,878,2263,0.19999999999999998,0.5,0.5,19.117149758454108,8.156036446469248,16.3663278833407,369,1,75,0.2,0.5,0.5,inheritance,inheritance,inheritance
2472,873,2280,0.19999999999999998,0.5,0.5,19.35477346278317,8.019473081328751,16.489912280701756,370,1,75,0.2,0.5,0.5,inheritance,inheritance,inheritance
2454,861,2310,0.19999999999999998,0.5,0.5,19.59290953545232,7.936120789779326,16.416883116883117,371,1,75,0.2,0.5,0.5,inheritance,inheritance,inheritance
2444,857,2324,0.19999999999999998,0.5,0.5,19.82774140752864,7.920653442240374,16.533993115318417,372,1,75,0.2,0.5,0.5,inheritance,inheritance,inheritance
2445,831,2349,0.2,0.5,0.5,20.062576687116565,7.995186522262334,16.483184333759045,373,1,75,0.2,0.5,0.5,inheritance,inheritance,inheritance
2450,820,2355,0.2,0.5,0.5,20.04,7.75,16.369851380042462,374,1,75,0.2,0.5,0.5,inheritance,inheritance,inheritance
2446,807,2372,0.19999999999999998,0.5,0.5,20.349141455437447,7.741016109045849,16.447301854974704,375,1,75,0.2,0.5,0.5,inheritance,inheritance,inheritance
2438,789,2398,0.19999999999999998,0.5,0.5,20.64191960623462,7.724968314321926,16.53377814845705,376,1,75,0.2,0.5,0.5,inheritance,inheritance,inheritance
2412,803,2410,0.19999999999999998,0.5,0.5,20.73922056384743,7.495641344956414,16.6701244813278,377,1,75,0.2,0.5,0.5,inheritance,inheritance,inheritance
2390,809,2426,0.19999999999999998,0.5,0.5,20.82887029288703,7.456118665018542,16.80997526793075,378,1,75,0.2,0.5,0.5,inheritance,inheritance,inheritance
2401,810,2414,0.19999999999999998,0.5,0.5,20.568929612661393,7.250617283950617,16.813587406793705,379,1,75,0.2,0.5,0.5,inheritance,inheritance,inheritance
2396,812,2417,0.19999999999999998,0.5,0.5,20.570951585976626,7.187192118226601,16.928009929664874,380,1,75,0.2,0.5,0.5,inheritance,inheritance,inheritance
2373,818,2434,0.19999999999999996,0.5,0.5,20.765697429414242,7.006112469437653,17.12695152013147,381,1,75,0.2,0.5,0.5,inheritance,inheritance,inheritance
2359,830,2436,0.19999999999999998,0.5,0.5,20.799491309877066,6.953012048192771,17.39326765188834,382,1,75,0.2,0.5,0.5,inheritance,inheritance,inheritance
2357,828,2440,0.19999999999999998,0.5,0.5,20.747984726347052,6.9396135265700485,17.589344262295082,383,1,75,0.2,0.5,0.5,inheritance,inheritance,inheritance
2340,856,2429,0.19999999999999998,0.5,0.5,20.635470085470086,7.003504672897196,17.89954713874022,384,1,75,0.2,0.5,0.5,inheritance,inheritance,inheritance
2341,892,2392,0.19999999999999998,0.5,0.5,20.162750961127724,6.987668161434978,18.062709030100333,385,1,75,0.2,0.5,0.5,inheritance,inheritance,inheritance
2326,903,2396,0.19999999999999998,0.5,0.5,20.004299226139295,7.027685492801772,18.16193656093489,386,1,75,0.2,0.5,0.5,inheritance,inheritance,inheritance
2308,912,2405,0.19999999999999998,0.5,0.5,20.030329289428078,7.178728070175438,18.236590436590436,387,1,75,0.2,0.5,0.5,inheritance,inheritance,inheritance
2289,944,2392,0.19999999999999998,0.5,0.5,19.841415465268675,7.141949152542373,18.46655518394649,388,1,75,0.2,0.5,0.5,inheritance,inheritance,inheritance
2284,933,2408,0.19999999999999998,0.5,0.5,19.98598949211909,7.383708467309753,18.565199335548172,389,1,75,0.2,0.5,0.5,inheritance,inheritance,inheritance
2270,946,2409,0.19999999999999998,0.5,0.5,19.982819383259912,7.423890063424947,18.669157326691572,390,1,75,0.2,0.5,0.5,inheritance,inheritance,inheritance
2296,907,2422,0.19999999999999998,0.5,0.5,19.719076655052266,7.639470782800441,18.51197357555739,391,1,75,0.2,0.5,0.5,inheritance,inheritance,inheritance
2265,947,2413,0.19999999999999998,0.5,0.5,19.607064017660043,7.542766631467793,18.70203066721923,392,1,75,0.2,0.5,0.5,inheritance,inheritance,inheritance
2262,940,2423,0.19999999999999996,0.5,0.5,19.621573828470382,7.652127659574468,18.71853074700784,393,1,75,0.2,0.5,0.5,inheritance,inheritance,inheritance
2243,968,2414,0.19999999999999996,0.5,0.5,19.482389656709763,7.613636363636363,18.904308202154102,394,1,75,0.2,0.5,0.5,inheritance,inheritance,inheritance
2233,993,2399,0.19999999999999998,0.5,0.5,19.372145096283027,7.646525679758308,19.014589412255106,395,1,75,0.2,0.5,0.5,inheritance,inheritance,inheritance
2200,1010,2415,0.19999999999999996,0.5,0.5,19.331363636363637,7.583168316831683,19.262111801242234,396,1,75,0.2,0.5,0.5,inheritance,inheritance,inheritance
2168,1045,2412,0.19999999999999996,0.5,0.5,19.16559040590406,7.692822966507177,19.529850746268657,397,1,75,0.2,0.5,0.5,inheritance,inheritance,inheritance
2166,1045,2414,0.19999999999999996,0.5,0.5,18.903970452446906,7.844019138755981,19.48301574150787,398,1,75,0.2,0.5,0.5,inheritance,inheritance,inheritance
2149,1049,2427,0.19999999999999998,0.5,0.5,18.723592368543507,7.971401334604385,19.53605274000824,399,1,75,0.2,0.5,0.5,inheritance,inheritance,inheritance
2167,1017,2441,0.19999999999999998,0.5,0.5,18.70466082141209,8.19960668633235,19.492830807046293,400,1,75,0.2,0.5,0.5,inheritance,inheritance,inheritance
2151,1007,2467,0.19999999999999996,0.5,0.5,18.767549976755,8.270109235352532,19.566274827725984,401,1,75,0.2,0.5,0.5,inheritance,inheritance,inheritance
2180,995,2450,0.19999999999999998,0.5,0.5,18.726605504587155,8.526633165829146,19.704489795918366,402,1,75,0.2,0.5,0.5,inheritance,inheritance,inheritance
2187,963,2475,0.19999999999999996,0.5,0.5,18.770919067215363,8.758047767393562,19.677171717171717,403,1,75,0.2,0.5,0.5,inheritance,inheritance,inheritance
2211,938,2476,0.19999999999999996,0.5,0.5,18.657168701944823,8.917910447761194,19.649434571890147,404,1,75,0.2,0.5,0.5,inheritance,inheritance,inheritance
2208,931,2486,0.19999999999999996,0.5,0.5,18.55072463768116,8.780880773361977,19.63917940466613,405,1,75,0.2,0.5,0.5,inheritance,inheritance,inheritance
2207,910,2508,0.19999999999999996,0.5,0.5,18.47757136384232,8.724175824175823,19.517942583732058,406,1,75,0.2,0.5,0.5,inheritance,inheritance,inheritance
2212,914,2499,0.19999999999999996,0.5,0.5,18.414556962025316,8.669584245076587,19.615846338535412,407,1,75,0.2,0.5,0.5,inheritance,inheritance,inheritance
2214,890,2521,0.19999999999999996,0.5,0.5,18.597560975609756,8.579775280898877,19.66084886949623,408,1,75,0.2,0.5,0.5,inheritance,inheritance,inheritance
2219,855,2551,0.19999999999999998,0.5,0.5,18.753492564218117,8.661988304093567,19.557428459427676,409,1,75,0.2,0.5,0.5,inheritance,inheritance,inheritance
2256,835,2534,0.19999999999999998,0.5,0.5,18.749113475177303,8.823952095808384,19.559984214680348,410,1,75,0.2,0.5,0.5,inheritance,inheritance,inheritance
2276,810,2539,0.19999999999999998,0.5,0.5,18.781195079086118,8.875308641975309,19.558487593540764,411,1,75,0.2,0.5,0.5,inheritance,inheritance,inheritance
2285,793,2547,0.2,0.5,0.5,18.81531728665208,8.610340479192939,19.60149195131527,412,1,75,0.2,0.5,0.5,inheritance,inheritance,inheritance
2311,764,2550,0.19999999999999998,0.5,0.5,18.759411510168757,8.396596858638743,19.444313725490197,413,1,75,0.2,0.5,0.5,inheritance,inheritance,inheritance
2318,746,2561,0.19999999999999998,0.5,0.5,18.83304572907679,8.289544235924932,19.442795782897306,414,1,75,0.2,0.5,0.5,inheritance,inheritance,inheritance
2340,732,2553,0.19999999999999998,0.5,0.5,18.885470085470086,8.110655737704919,19.54876615746181,415,1,75,0.2,0.5,0.5,inheritance,inheritance,inheritance
2374,734,2517,0.19999999999999998,0.5,0.5,18.952822240943554,8.098092643051771,19.811283273738578,416,1,75,0.2,0.5,0.5,inheritance,inheritance,inheritance
2397,718,2510,0.19999999999999998,0.5,0.5,19.08468919482687,8.200557103064067,19.932669322709163,417,1,75,0.2,0.5,0.5,inheritance,inheritance,inheritance
2399,721,2505,0.19999999999999998,0.5,0.5,19.299708211754897,8.022191400832178,20.058682634730538,418,1,75,0.2,0.5,0.5,inheritance,inheritance,inheritance
2418,715,2492,0.2,0.5,0.5,19.281637717121587,7.886713286713286,20.15008025682183,419,1,75,0.2,0.5,0.5,inheritance,inheritance,inheritance
2435,715,2475,0.2,0.5,0.5,19.42135523613963,7.689510489510489,20.17979797979798,420,1,75,0.2,0.5,0.5,inheritance,inheritance,inheritance
2447,721,2457,0.19999999999999998,0.5,0.5,19.58316305680425,7.59500693481276,20.376475376475376,421,1,75,0.2,0.5,0.5,inheritance,inheritance,inheritance
2466,726,2433,0.19999999999999998,0.5,0.5,19.593268450932683,7.539944903581267,20.627620221948213,422,1,75,0.2,0.5,0.5,inheritance,inheritance,inheritance
2487,724,2414,0.19999999999999998,0.5,0.5,19.593486127864896,7.5,20.79950289975145,423,1,75,0.2,0.5,0.5,inheritance,inheritance,inheritance
2485,733,2407,0.19999999999999998,0.5,0.5,19.63903420523139,7.57980900409277,20.81138346489406,424,1,75,0.2,0.5,0.5,inheritance,inheritance,inheritance
2476,753,2396,0.19999999999999998,0.5,0.5,19.828352180936996,7.48207171314741,20.906510851419032,425,1,75,0.2,0.5,0.5,inheritance,inheritance,inheritance
2497,767,2361,0.19999999999999996,0.5,0.5,19.90108129755707,7.588005215123859,21.084709868699704,426,1,75,0.2,0.5,0.5,inheritance,inheritance,inheritance
2519,750,2356,0.19999999999999998,0.5,0.5,20.09011512504962,7.549333333333333,20.99151103565365,427,1,75,0.2,0.5,0.5,inheritance,inheritance,inheritance
2521,763,2341,0.19999999999999998,0.5,0.5,20.344704482348273,7.504587155963303,21.12259718069201,428,1,75,0.2,0.5,0.5,inheritance,inheritance,inheritance
2491,802,2332,0.19999999999999998,0.5,0.5,20.62304295463669,7.410224438902743,21.38893653516295,429,1,75,0.2,0.5,0.5,inheritance,inheritance,inheritance
2492,804,2329,0.19999999999999998,0.5,0.5,20.686195826645264,7.396766169154229,21.371833404894804,430,1,75,0.2,0.5,0.5,inheritance,inheritance,inheritance
2481,818,2326,0.19999999999999998,0.5,0.5,20.76622329705764,7.354523227383863,21.3469475494411,431,1,75,0.2,0.5,0.5,inheritance,inheritance,inheritance
2487,810,2328,0.19999999999999998,0.5,0.5,20.923602734217933,7.383950617283951,21.32431271477663,432,1,75,0.2,0.5,0.5,inheritance,inheritance,inheritance
2486,806,2333,0.19999999999999998,0.5,0.5,20.996379726468223,7.447890818858561,21.299614230604373,433,1,75,0.2,0.5,0.5,inheritance,inheritance,inheritance
2489,797,2339,0.19999999999999998,0.5,0.5,21.085978304539974,7.603513174404015,21.276186404446346,434,1,75,0.2,0.5,0.5,inheritance,inheritance,inheritance
2484,812,2329,0.19999999999999998,0.5,0.5,21.253623188405797,7.649014778325123,21.42679261485616,435,1,75,0.2,0.5,0.5,inheritance,inheritance,inheritance
2456,832,2337,0.19999999999999998,0.5,0.5,21.246335504885995,7.424278846153846,21.407359863072315,436,1,75,0.2,0.5,0.5,inheritance,inheritance,inheritance
2434,845,2346,0.19999999999999998,0.5,0.5,21.31429745275267,7.405917159763313,21.407928388746804,437,1,75,0.2,0.5,0.5,inheritance,inheritance,inheritance
2409,866,2350,0.2,0.5,0.5,21.382731423827313,7.274826789838337,21.546382978723404,438,1,75,0.2,0.5,0.5,inheritance,inheritance,inheritance
2396,907,2322,0.19999999999999998,0.5,0.5,21.368948247078464,7.1984564498346195,21.571490094745908,439,1,75,0.2,0.5,0.5,inheritance,inheritance,inheritance
2372,911,2342,0.19999999999999998,0.5,0.5,21.292158516020237,7.15257958287596,21.403074295473953,440,1,75,0.2,0.5,0.5,inheritance,inheritance,inheritance
2342,934,2349,0.19999999999999996,0.5,0.5,21.360375747224595,7.185224839400428,21.414644529587058,441,1,75,0.2,0.5,0.5,inheritance,inheritance,inheritance
2299,953,2373,0.19999999999999998,0.5,0.5,21.605045672031316,7.082896117523609,21.5267593763169,442,1,75,0.2,0.5,0.5,inheritance,inheritance,inheritance
2276,977,2372,0.19999999999999998,0.5,0.5,21.460896309314588,7.048106448311157,21.46964586846543,443,1,75,0.2,0.5,0.5,inheritance,inheritance,inheritance
2254,1000,2371,0.19999999999999998,0.5,0.5,21.28793256433008,7.111,21.413327709827076,444,1,75,0.2,0.5,0.5,inheritance,inheritance,inheritance
2240,1014,2371,0.19999999999999998,0.5,0.5,20.960267857142856,7.233727810650888,21.424715309995783,445,1,75,0.2,0.5,0.5,inheritance,inheritance,inheritance
2248,1017,2360,0.19999999999999996,0.5,0.5,20.81094306049822,7.349065880039332,21.383474576271187,446,1,75,0.2,0.5,0.5,inheritance,inheritance,inheritance
2220,1048,2357,0.19999999999999996,0.5,0.5,20.230630630630632,7.351145038167939,21.347475604582097,447,1,75,0.2,0.5,0.5,inheritance,inheritance,inheritance
2212,1045,2368,0.19999999999999996,0.5,0.5,20.0999095840868,7.69377990430622,21.35472972972973,448,1,75,0.2,0.5,0.5,inheritance,inheritance,inheritance
2199,1050,2376,0.19999999999999998,0.5,0.5,19.896771259663485,7.8238095238095235,21.21969696969697,449,1,75,0.2,0.5,0.5,inheritance,inheritance,inheritance
2178,1051,2396,0.19999999999999996,0.5,0.5,19.767217630853995,7.806850618458611,20.94449081803005,450,1,75,0.2,0.5,0.5,inheritance,inheritance,inheritance
2173,1060,2392,0.19999999999999996,0.5,0.5,19.46387482742752,7.913207547169812,20.95484949832776,451,1,75,0.2,0.5,0.5,inheritance,inheritance,inheritance
2168,1045,2412,0.19999999999999996,0.5,0.5,19.407287822878228,7.932057416267942,20.65174129353234,452,1,75,0.2,0.5,0.5,inheritance,inheritance,inheritance
2151,1021,2453,0.19999999999999996,0.5,0.5,19.492329149232916,8.056807051909892,20.366897676314718,453,1,75,0.2,0.5,0.5,inheritance,inheritance,inheritance
2147,995,2483,0.19999999999999998,0.5,0.5,19.374941779226827,8.092462311557789,20.017720499395892,454,1,75,0.2,0.5,0.5,inheritance,inheritance,inheritance
2153,988,2484,0.19999999999999998,0.5,0.5,19.23269856014863,8.201417004048583,19.924315619967793,455,1,75,0.2,0.5,0.5,inheritance,inheritance,inheritance
2153,978,2494,0.19999999999999998,0.5,0.5,19.151881096144916,8.297546012269938,19.920208500400964,456,1,75,0.2,0.5,0.5,inheritance,inheritance,inheritance
2131,952,2542,0.19999999999999996,0.5,0.5,19.13608634443923,8.108193277310924,19.730527143981117,457,1,75,0.2,0.5,0.5,inheritance,inheritance,inheritance
2127,949,2549,0.19999999999999998,0.5,0.5,19.22472966619652,8.122233930453108,19.792075323656334,458,1,75,0.2,0.5,0.5,inheritance,inheritance,inheritance
2148,938,2539,0.19999999999999998,0.5,0.5,19.039571694599626,8.103411513859275,19.80661677825916,459,1,75,0.2,0.5,0.5,inheritance,inheritance,inheritance
2162,896,2567,0.19999999999999998,0.5,0.5,18.993524514338574,8.222098214285714,19.685625243474874,460,1,75,0.2,0.5,0.5,inheritance,inheritance,inheritance
2184,882,2559,0.19999999999999998,0.5,0.5,18.84157509157509,8.198412698412698,19.711215318483784,461,1,75,0.2,0.5,0.5,inheritance,inheritance,inheritance
2215,856,2554,0.19999999999999996,0.5,0.5,18.879006772009028,8.198598130841122,19.737666405638215,462,1,75,0.2,0.5,0.5,inheritance,inheritance,inheritance
2220,842,2563,0.19999999999999996,0.5,0.5,18.771621621621623,8.098574821852731,19.566523605150216,463,1,75,0.2,0.5,0.5,inheritance,inheritance,inheritance
2230,839,2556,0.19999999999999998,0.5,0.5,18.786547085201793,8.090584028605482,19.602503912363066,464,1,75,0.2,0.5,0.5,inheritance,inheritance,inheritance
2225,847,2553,0.19999999999999998,0.5,0.5,18.890337078651687,8.028335301062574,19.54406580493537,465,1,75,0.2,0.5,0.5,inheritance,inheritance,inheritance
2226,813,2586,0.19999999999999996,0.5,0.5,18.976190476190474,8.025830258302584,19.47138437741686,466,1,75,0.2,0.5,0.5,inheritance,inheritance,inheritance
2224,807,2594,0.19999999999999998,0.5,0.5,18.994604316546763,7.952912019826518,19.429452582883577,467,1,75,0.2,0.5,0.5,inheritance,inheritance,inheritance
2259,776,2590,0.19999999999999998,0.5,0.5,18.855245683930942,7.931701030927835,19.491119691119692,468,1,75,0.2,0.5,0.5,inheritance,inheritance,inheritance
2253,792,2580,0.19999999999999996,0.5,0.5,18.747447847314692,7.6022727272727275,19.50736434108527,469,1,75,0.2,0.5,0.5,inheritance,inheritance,inheritance
2261,794,2570,0.19999999999999998,0.5,0.5,18.65811587793012,7.585642317380352,19.755642023346304,470,1,75,0.2,0.5,0.5,inheritance,inheritance,inheritance
2267,796,2562,0.19999999999999998,0.5,0.5,18.456991618879577,7.221105527638191,19.83489461358314,471,1,75,0.2,0.5,0.5,inheritance,inheritance,inheritance
2264,783,2578,0.19999999999999998,0.5,0.5,18.306095406360424,7.077905491698595,19.844840961986037,472,1,75,0.2,0.5,0.5,inheritance,inheritance,inheritance
2275,780,2570,0.2,0.5,0.5,18.16923076923077,6.964102564102564,19.66964980544747,473,1,75,0.2,0.5,0.5,inheritance,inheritance,inheritance
2305,746,2574,0.19999999999999998,0.5,0.5,18.14229934924078,7.100536193029491,19.614607614607614,474,1,75,0.2,0.5,0.5,inheritance,inheritance,inheritance
2331,735,2559,0.19999999999999998,0.5,0.5,18.13985413985414,7.114285714285714,19.778038296209456,475,1,75,0.2,0.5,0.5,inheritance,inheritance,inheritance
2334,748,2543,0.19999999999999998,0.5,0.5,17.976006855184234,7.196524064171123,19.688163586315376,476,1,75,0.2,0.5,0.5,inheritance,inheritance,inheritance
2368,749,2508,0.19999999999999998,0.5,0.5,17.7347972972973,7.1602136181575435,19.921850079744818,477,1,75,0.2,0.5,0.5,inheritance,inheritance,inheritance
2376,752,2497,0.19999999999999998,0.5,0.5,17.742845117845118,6.972074468085107,19.983580296355626,478,1,75,0.2,0.5,0.5,inheritance,inheritance,inheritance
2408,728,2489,0.2,0.5,0.5,17.70847176079734,6.971153846153846,19.796303736440336,479,1,75,0.2,0.5,0.5,inheritance,inheritance,inheritance
2460,710,2455,0.2,0.5,0.5,17.608943089430895,7.022535211267606,19.772301425661915,480,1,75,0.2,0.5,0.5,inheritance,inheritance,inheritance
2468,703,2454,0.19999999999999998,0.5,0.5,17.728119935170177,6.971550497866287,19.69478402607987,481,1,75,0.2,0.5,0.5,inheritance,inheritance,inheritance
2517,678,2430,0.19999999999999996,0.5,0.5,17.82201032975765,6.924778761061947,19.728395061728396,482,1,75,0.2,0.5,0.5,inheritance,inheritance,inheritance
2539,674,2412,0.19999999999999998,0.5,0.5,17.88223710122095,6.931750741839763,19.84535655058043,483,1,75,0.2,0.5,0.5,inheritance,inheritance,inheritance
2569,666,2390,0.19999999999999998,0.5,0.5,17.840404826780848,6.98948948948949,19.965271966527197,484,1,75,0.2,0.5,0.5,inheritance,inheritance,inheritance
2580,672,2373,0.2,0.5,0.5,18.032945736434108,7.022321428571429,20.114201432785503,485,1,75,0.2,0.5,0.5,inheritance,inheritance,inheritance
2606,674,2345,0.2,0.5,0.5,18.048733691481196,6.916913946587537,20.21449893390192,486,1,75,0.2,0.5,0.5,inheritance,inheritance,inheritance
2625,637,2363,0.2,0.5,0.5,18.492571428571427,7.152276295133438,20.2644942869234,487,1,75,0.2,0.5,0.5,inheritance,inheritance,inheritance
2661,623,2341,0.19999999999999998,0.5,0.5,18.719654265313793,7.200642054574639,20.395130286202477,488,1,75,0.2,0.5,0.5,inheritance,inheritance,inheritance
2650,637,2338,0.2,0.5,0.5,19.115471698113208,7.083202511773941,20.56971770744226,489,1,75,0.2,0.5,0.5,inheritance,inheritance,inheritance
2693,632,2300,0.19999999999999996,0.5,0.5,19.231711845525435,7.174050632911392,20.67695652173913,490,1,75,0.2,0.5,0.5,inheritance,inheritance,inheritance
2734,626,2265,0.19999999999999998,0.5,0.5,19.351133869787855,6.9712460063897765,20.606622516556293,491,1,75,0.2,0.5,0.5,inheritance,inheritance,inheritance
2757,650,2218,0.19999999999999996,0.5,0.5,19.456293072179907,6.8707692307692305,20.863841298467086,492,1,75,0.2,0.5,0.5,inheritance,inheritance,inheritance
2760,683,2182,0.19999999999999996,0.5,0.5,19.705797101449274,6.748169838945827,21.11319890009166,493,1,75,0.2,0.5,0.5,inheritance,inheritance,inheritance
2781,701,2143,0.19999999999999998,0.5,0.5,19.878101402373247,6.728958630527817,21.189454036397574,494,1,75,0.2,0.5,0.5,inheritance,inheritance,inheritance
2779,724,2122,0.19999999999999998,0.5,0.5,20.055415617128464,6.754143646408839,21.23468426013195,495,1,75,0.2,0.5,0.5,inheritance,inheritance,inheritance
2770,748,2107,0.19999999999999996,0.5,0.5,20.289169675090253,6.786096256684492,21.34171808258187,496,1,75,0.2,0.5,0.5,inheritance,inheritance,inheritance
2764,785,2076,0.19999999999999996,0.5,0.5,20.435962373371925,6.817834394904459,21.581888246628132,497,1,75,0.2,0.5,0.5,inheritance,inheritance,inheritance
2744,807,2074,0.19999999999999996,0.5,0.5,20.681122448979593,6.659231722428748,21.625843780135003,498,1,75,0.2,0.5,0.5,inheritance,inheritance,inheritance
2721,854,2050,0.19999999999999993,0.5,0.5,20.75707460492466,6.482435597189696,21.710243902439025,499,1,75,0.2,0.5,0.5,inheritance,inheritance,inheritance
2703,892,2030,0.19999999999999996,0.5,0.5,20.912689604143544,6.617713004484305,21.776354679802957,500,1,75,0.2,0.5,0.5,inheritance,inheritance,inheritance
2688,920,2017,0.19999999999999996,0.5,0.5,20.839657738095237,6.532608695652174,21.576598909271194,501,1,75,0.2,0.5,0.5,inheritance,inheritance,inheritance
2660,958,2007,0.2,0.5,0.5,20.85112781954887,6.599164926931106,21.69357249626308,502,1,75,0.2,0.5,0.5,inheritance,inheritance,inheritance
2629,990,2006,0.19999999999999998,0.5,0.5,20.96120197793838,6.704040404040404,21.626121635094716,503,1,75,0.2,0.5,0.5,inheritance,inheritance,inheritance
2603,1003,2019,0.19999999999999996,0.5,0.5,21.09220130618517,6.861415752741775,21.439326399207527,504,1,75,0.2,0.5,0.5,inheritance,inheritance,inheritance
2575,1060,1990,0.19999999999999996,0.5,0.5,20.985242718446603,6.8283018867924525,21.29748743718593,505,1,75,0.2,0.5,0.5,inheritance,inheritance,inheritance
2529,1084,2012,0.19999999999999996,0.5,0.5,20.990905496243574,6.867158671586716,21.128230616302186,506,1,75,0.2,0.5,0.5,inheritance,inheritance,inheritance
2521,1087,2017,0.19999999999999998,0.5,0.5,21.22054740182467,7.068997240110396,21.015369360436292,507,1,75,0.2,0.5,0.5,inheritance,inheritance,inheritance
2485,1119,2021,0.19999999999999998,0.5,0.5,21.10543259557344,7.140303842716711,20.7897080653142,508,1,75,0.2,0.5,0.5,inheritance,inheritance,inheritance
2442,1137,2046,0.19999999999999998,0.5,0.5,21.137592137592137,7.247141600703606,20.47702834799609,509,1,75,0.2,0.5,0.5,inheritance,inheritance,inheritance
2424,1131,2070,0.19999999999999998,0.5,0.5,21.02145214521452,7.342175066312997,19.918840579710146,510,1,75,0.2,0.5,0.5,inheritance,inheritance,inheritance
2404,1134,2087,0.19999999999999998,0.5,0.5,21.073627287853576,7.605820105820106,19.626736942980354,511,1,75,0.2,0.5,0.5,inheritance,inheritance,inheritance
2371,1141,2113,0.19999999999999998,0.5,0.5,20.82243778996204,7.481156879929886,19.221959299574067,512,1,75,0.2,0.5,0.5,inheritance,inheritance,inheritance
2342,1148,2135,0.19999999999999996,0.5,0.5,20.917591801878736,7.549651567944251,18.928805620608898,513,1,75,0.2,0.5,0.5,inheritance,inheritance,inheritance
2287,1170,2168,0.19999999999999998,0.5,0.5,20.85264538696983,7.516239316239316,18.59640221402214,514,1,75,0.2,0.5,0.5,inheritance,inheritance,inheritance
2244,1185,2196,0.19999999999999998,0.5,0.5,20.768270944741534,7.489451476793249,18.299180327868854,515,1,75,0.2,0.5,0.5,inheritance,inheritance,inheritance
2223,1169,2233,0.19999999999999996,0.5,0.5,20.81556455240666,7.619332763045338,17.995073891625616,516,1,75,0.2,0.5,0.5,inheritance,inheritance,inheritance
2198,1166,2261,0.19999999999999996,0.5,0.5,20.736578707916287,7.712692967409948,17.803184431667404,517,1,75,0.2,0.5,0.5,inheritance,inheritance,inheritance
2194,1159,2272,0.19999999999999998,0.5,0.5,20.600273473108476,7.867989646246764,17.535211267605632,518,1,75,0.2,0.5,0.5,inheritance,inheritance,inheritance
2173,1158,2294,0.19999999999999996,0.5,0.5,20.684767602393006,7.963730569948186,17.486050566695727,519,1,75,0.2,0.5,0.5,inheritance,inheritance,inheritance
2138,1144,2343,0.19999999999999998,0.5,0.5,20.66604303086997,8.077797202797203,17.249679897567223,520,1,75,0.2,0.5,0.5,inheritance,inheritance,inheritance
2124,1136,2365,0.19999999999999998,0.5,0.5,20.38276836158192,8.050176056338028,17.002536997885834,521,1,75,0.2,0.5,0.5,inheritance,inheritance,inheritance
2107,1126,2392,0.19999999999999998,0.5,0.5,20.231608922638824,8.069271758436946,16.930602006688964,522,1,75,0.2,0.5,0.5,inheritance,inheritance,inheritance
2075,1136,2414,0.20000000000000004,0.5,0.5,19.82168674698795,7.920774647887324,16.8003314001657,523,1,75,0.2,0.5,0.5,inheritance,inheritance,inheritance
2042,1104,2479,0.20000000000000004,0.5,0.5,19.808521057786482,7.767210144927536,16.55748285599032,524,1,75,0.2,0.5,0.5,inheritance,inheritance,inheritance
1989,1102,2534,0.20000000000000004,0.5,0.5,19.802916038210157,7.58983666061706,16.483425414364643,525,1,75,0.2,0.5,0.5,inheritance,inheritance,inheritance
1958,1074,2593,0.20000000000000004,0.5,0.5,19.686925434116446,7.5251396648044695,16.37948322406479,526,1,75,0.2,0.5,0.5,inheritance,inheritance,inheritance
1945,1075,2605,0.20000000000000004,0.5,0.5,19.4,7.5088372093023255,16.208829174664107,527,1,75,0.2,0.5,0.5,inheritance,inheritance,inheritance
1889,1075,2661,0.2,0.5,0.5,19.414505029115933,7.322790697674419,16.302517850432167,528,1,75,0.2,0.5,0.5,inheritance,inheritance,inheritance
1867,1062,2696,0.2,0.5,0.5,19.172469201928227,7.46045197740113,16.344584569732937,529,1,75,0.2,0.5,0.5,inheritance,inheritance,inheritance
1839,1034,2752,0.20000000000000004,0.5,0.5,19.13648722131593,7.482591876208898,16.420421511627907,530,1,75,0.2,0.5,0.5,inheritance,inheritance,inheritance
1818,987,2820,0.2,0.5,0.5,19.007700770077008,7.444782168186424,16.252836879432625,531,1,75,0.2,0.5,0.5,inheritance,inheritance,inheritance
1828,938,2859,0.2,0.5,0.5,18.7718818380744,7.655650319829424,16.378454004896817,532,1,75,0.2,0.5,0.5,inheritance,inheritance,inheritance
1855,897,2873,0.2,0.5,0.5,18.58167115902965,7.860646599777034,16.60146188652976,533,1,75,0.2,0.5,0.5,inheritance,inheritance,inheritance
1864,863,2898,0.20000000000000004,0.5,0.5,18.209763948497855,7.804171494785631,16.84679089026915,534,1,75,0.2,0.5,0.5,inheritance,inheritance,inheritance
1898,822,2905,0.2,0.5,0.5,18.07323498419389,8.079075425790755,17.017211703958694,535,1,75,0.2,0.5,0.5,inheritance,inheritance,inheritance
1917,800,2908,0.2,0.5,0.5,17.89358372456964,7.97125,17.361760660247594,536,1,75,0.2,0.5,0.5,inheritance,inheritance,inheritance
1952,765,2908,0.20000000000000004,0.5,0.5,17.67827868852459,8.07843137254902,17.528541953232462,537,1,75,0.2,0.5,0.5,inheritance,inheritance,inheritance
1982,749,2894,0.20000000000000004,0.5,0.5,17.178607467204845,7.991989319092123,17.727021423635108,538,1,75,0.2,0.5,0.5,inheritance,inheritance,inheritance
1997,741,2887,0.20000000000000004,0.5,0.5,17.00600901352028,7.947368421052632,18.04468306200208,539,1,75,0.2,0.5,0.5,inheritance,inheritance,inheritance
2018,717,2890,0.2,0.5,0.5,16.76065411298315,7.880055788005579,18.23840830449827,540,1,75,0.2,0.5,0.5,inheritance,inheritance,inheritance
2040,701,2884,0.20000000000000007,0.5,0.5,16.726960784313725,7.977175463623396,18.5873786407767,541,1,75,0.2,0.5,0.5,inheritance,inheritance,inheritance
2057,689,2879,0.20000000000000004,0.5,0.5,16.654837141468157,7.825834542815675,18.882945467176103,542,1,75,0.2,0.5,0.5,inheritance,inheritance,inheritance
2114,658,2853,0.19999999999999998,0.5,0.5,16.535004730368968,7.995440729483283,19.157728706624606,543,1,75,0.2,0.5,0.5,inheritance,inheritance,inheritance
2161,639,2825,0.19999999999999996,0.5,0.5,16.49976862563628,8.014084507042254,19.452035398230088,544,1,75,0.2,0.5,0.5,inheritance,inheritance,inheritance
2207,606,2812,0.19999999999999996,0.5,0.5,16.598096964204803,8.021452145214521,19.667140825035563,545,1,75,0.2,0.5,0.5,inheritance,inheritance,inheritance
2262,569,2794,0.19999999999999996,0.5,0.5,16.645446507515473,7.736379613356767,19.78668575518969,546,1,75,0.2,0.5,0.5,inheritance,inheritance,inheritance
2318,548,2759,0.19999999999999998,0.5,0.5,16.69758412424504,7.5273722627737225,20.131931859369338,547,1,75,0.2,0.5,0.5,inheritance,inheritance,inheritance
2375,549,2701,0.2,0.5,0.5,16.701473684210526,7.46448087431694,20.439837097371345,548,1,75,0.2,0.5,0.5,inheritance,inheritance,inheritance
2401,548,2676,0.19999999999999998,0.5,0.5,16.886713869221158,7.295620437956204,20.714499252615845,549,1,75,0.2,0.5,0.5,inheritance,inheritance,inheritance
2444,532,2649,0.19999999999999998,0.5,0.5,16.963993453355155,7.1992481203007515,20.884107210268027,550,1,75,0.2,0.5,0.5,inheritance,inheritance,inheritance
2488,531,2606,0.19999999999999996,0.5,0.5,17.058279742765272,7.015065913370998,21.04029163468918,551,1,75,0.2,0.5,0.5,inheritance,inheritance,inheritance
2526,526,2573,0.19999999999999998,0.5,0.5,17.145684877276327,6.914448669201521,21.146521570151574,552,1,75,0.2,0.5,0.5,inheritance,inheritance,inheritance
2576,542,2507,0.19999999999999998,0.5,0.5,17.203804347826086,6.928044280442805,21.491822895891502,553,1,75,0.2,0.5,0.5,inheritance,inheritance,inheritance
2627,555,2443,0.19999999999999998,0.5,0.5,17.282451465550057,6.830630630630631,21.893982808022923,554,1,75,0.2,0.5,0.5,inheritance,inheritance,inheritance
2656,551,2418,0.19999999999999998,0.5,0.5,17.53012048192771,6.733212341197822,22.020264681555005,555,1,75,0.2,0.5,0.5,inheritance,inheritance,inheritance
2731,529,2365,0.19999999999999993,0.5,0.5,17.61918711094837,6.776937618147448,22.140803382663847,556,1,75,0.2,0.5,0.5,inheritance,inheritance,inheritance
2747,572,2306,0.19999999999999996,0.5,0.5,17.814342919548597,6.548951048951049,22.707718993928882,557,1,75,0.2,0.5,0.5,inheritance,inheritance,inheritance
2763,593,2269,0.19999999999999996,0.5,0.5,17.938472674629026,6.3844856661045535,22.88056412516527,558,1,75,0.2,0.5,0.5,inheritance,inheritance,inheritance
2782,635,2208,0.19999999999999996,0.5,0.5,18.095974119338607,6.35748031496063,23.0606884057971,559,1,75,0.2,0.5,0.5,inheritance,inheritance,inheritance
2797,666,2162,0.19999999999999996,0.5,0.5,18.297461565963534,6.177177177177177,23.10823311748381,560,1,75,0.2,0.5,0.5,inheritance,inheritance,inheritance
2824,693,2108,0.19999999999999998,0.5,0.5,18.407932011331443,6.298701298701299,23.15796963946869,561,1,75,0.2,0.5,0.5,inheritance,inheritance,inheritance
2805,740,2080,0.2,0.5,0.5,18.575044563279857,6.143243243243243,23.213461538461537,562,1,75,0.2,0.5,0.5,inheritance,inheritance,inheritance
2798,748,2079,0.19999999999999996,0.5,0.5,18.907433881343817,6.143048128342246,23.03848003848004,563,1,75,0.2,0.5,0.5,inheritance,inheritance,inheritance
2801,791,2033,0.2,0.5,0.5,19.02963227418779,6.078381795195955,22.97442203639941,564,1,75,0.2,0.5,0.5,inheritance,inheritance,inheritance
2810,802,2013,0.2,0.5,0.5,19.23879003558719,6.185785536159601,22.663189269746645,565,1,75,0.2,0.5,0.5,inheritance,inheritance,inheritance
2775,835,2015,0.19999999999999996,0.5,0.5,19.361441441441443,6.083832335329341,22.50818858560794,566,1,75,0.2,0.5,0.5,inheritance,inheritance,inheritance
2768,864,1993,0.19999999999999996,0.5,0.5,19.402095375722542,6.162037037037037,22.40190667335675,567,1,75,0.2,0.5,0.5,inheritance,inheritance,inheritance
2743,885,1997,0.19999999999999996,0.5,0.5,19.60007291286912,6.222598870056498,22.068102153229844,568,1,75,0.2,0.5,0.5,inheritance,inheritance,inheritance
2741,910,1974,0.19999999999999993,0.5,0.5,19.68150310105801,6.315384615384615,21.68693009118541,569,1,75,0.2,0.5,0.5,inheritance,inheritance,inheritance
2722,933,1970,0.19999999999999996,0.5,0.5,19.76451138868479,6.428724544480171,21.474111675126903,570,1,75,0.2,0.5,0.5,inheritance,inheritance,inheritance
2665,984,1976,0.2,0.5,0.5,19.92607879924953,6.411585365853658,21.223684210526315,571,1,75,0.2,0.5,0.5,inheritance,inheritance,inheritance
2649,988,1988,0.19999999999999998,0.5,0.5,20.106455266138166,6.532388663967612,20.898390342052313,572,1,75,0.2,0.5,0.5,inheritance,inheritance,inheritance
2610,1021,1994,0.19999999999999996,0.5,0.5,20.127969348659004,6.545543584720862,20.649949849548644,573,1,75,0.2,0.5,0.5,inheritance,inheritance,inheritance
2591,1027,2007,0.19999999999999998,0.5,0.5,20.228097259745272,6.642648490749757,20.10064773293473,574,1,75,0.2,0.5,0.5,inheritance,inheritance,inheritance
2561,1044,2020,0.19999999999999998,0.5,0.5,20.302616165560327,6.771072796934866,19.73069306930693,575,1,75,0.2,0.5,0.5,inheritance,inheritance,inheritance
2546,1061,2018,0.19999999999999998,0.5,0.5,20.451296150824824,6.958529688972667,19.469772051536175,576,1,75,0.2,0.5,0.5,inheritance,inheritance,inheritance
2512,1067,2046,0.19999999999999996,0.5,0.5,20.47093949044586,6.928772258669166,19.15982404692082,577,1,75,0.2,0.5,0.5,inheritance,inheritance,inheritance
2491,1079,2055,0.19999999999999998,0.5,0.5,20.53151344841429,6.916589434661724,18.654014598540147,578,1,75,0.2,0.5,0.5,inheritance,inheritance,inheritance
2469,1102,2054,0.19999999999999998,0.5,0.5,20.366140137707575,6.891107078039927,18.24001947419669,579,1,75,0.2,0.5,0.5,inheritance,inheritance,inheritance
2426,1114,2085,0.19999999999999998,0.5,0.5,20.555647155812036,6.95870736086176,17.934292565947242,580,1,75,0.2,0.5,0.5,inheritance,inheritance,inheritance
2362,1142,2121,0.19999999999999998,0.5,0.5,20.751481795088907,6.946584938704028,17.827439886845827,581,1,75,0.2,0.5,0.5,inheritance,inheritance,inheritance
2333,1166,2126,0.19999999999999996,0.5,0.5,20.723103300471497,6.9879931389365355,17.599717779868296,582,1,75,0.2,0.5,0.5,inheritance,inheritance,inheritance
2271,1183,2171,0.19999999999999998,0.5,0.5,20.662263320123294,6.963651732882502,17.357899585444496,583,1,75,0.2,0.5,0.5,inheritance,inheritance,inheritance
2243,1185,2197,0.19999999999999996,0.5,0.5,20.386981720909496,7.008438818565401,17.22303140646336,584,1,75,0.2,0.5,0.5,inheritance,inheritance,inheritance
2207,1153,2265,0.19999999999999996,0.5,0.5,20.314907113729046,7.108412836079792,17.034437086092716,585,1,75,0.2,0.5,0.5,inheritance,inheritance,inheritance
2194,1151,2280,0.19999999999999998,0.5,0.5,20.133090246125796,7.220677671589922,16.895175438596493,586,1,75,0.2,0.5,0.5,inheritance,inheritance,inheritance
2190,1164,2271,0.19999999999999998,0.5,0.5,19.971232876712328,7.469072164948454,16.81946279172171,587,1,75,0.2,0.5,0.5,inheritance,inheritance,inheritance
2178,1162,2285,0.19999999999999996,0.5,0.5,19.78374655647383,7.530120481927711,16.67133479212254,588,1,75,0.2,0.5,0.5,inheritance,inheritance,inheritance
2119,1196,2310,0.19999999999999998,0.5,0.5,19.411986786219916,7.502508361204013,16.666233766233766,589,1,75,0.2,0.5,0.5,inheritance,inheritance,inheritance
2092,1197,2336,0.19999999999999998,0.5,0.5,19.28776290630975,7.610693400167085,16.592893835616437,590,1,75,0.2,0.5,0.5,inheritance,inheritance,inheritance
2054,1219,2352,0.20000000000000004,0.5,0.5,18.813047711781888,7.5332239540607056,16.55527210884354,591,1,75,0.2,0.5,0.5,inheritance,inheritance,inheritance
2042,1212,2371,0.20000000000000004,0.5,0.5,18.57639569049951,7.644389438943894,16.506537326022777,592,1,75,0.2,0.5,0.5,inheritance,inheritance,inheritance
1999,1214,2412,0.20000000000000004,0.5,0.5,18.10855427713857,7.582372322899506,16.374378109452735,593,1,75,0.2,0.5,0.5,inheritance,inheritance,inheritance
1991,1201,2433,0.2,0.5,0.5,17.56002009040683,7.511240632805995,16.265926839293055,594,1,75,0.2,0.5,0.5,inheritance,inheritance,inheritance
1957,1177,2491,0.20000000000000004,0.5,0.5,17.473684210526315,7.564146134239592,16.21196306704135,595,1,75,0.2,0.5,0.5,inheritance,inheritance,inheritance
1945,1160,2520,0.20000000000000004,0.5,0.5,17.252956298200512,7.498275862068965,15.982936507936508,596,1,75,0.2,0.5,0.5,inheritance,inheritance,inheritance
1912,1136,2577,0.20000000000000004,0.5,0.5,17.163702928870293,7.560739436619718,15.961583236321303,597,1,75,0.2,0.5,0.5,inheritance,inheritance,inheritance
1919,1077,2629,0.20000000000000004,0.5,0.5,16.87597707139135,7.6861652739090065,15.908330163560288,598,1,75,0.2,0.5,0.5,inheritance,inheritance,inheritance
1949,1025,2651,0.20000000000000004,0.5,0.5,16.727039507439713,7.933658536585366,15.972463221425876,599,1,75,0.2,0.5,0.5,inheritance,inheritance,inheritance
1960,1008,2657,0.20000000000000007,0.5,0.5,16.740816326530613,8.040674603174603,16.088445615355663,600,1,75,0.2,0.5,0.5,inheritance,inheritance,inheritance
1973,979,2673,0.2,0.5,0.5,16.773948302078054,8.159346271705822,16.36288814066592,601,1,75,0.2,0.5,0.5,inheritance,inheritance,inheritance
1988,939,2698,0.2,0.5,0.5,16.8556338028169,8.247071352502662,16.459599703484063,602,1,75,0.2,0.5,0.5,inheritance,inheritance,inheritance
2009,900,2716,0.20000000000000004,0.5,0.5,16.674464907914384,8.366666666666667,16.50957290132548,603,1,75,0.2,0.5,0.5,inheritance,inheritance,inheritance
2011,854,2760,0.2,0.5,0.5,16.76678269517653,8.295081967213115,16.579710144927535,604,1,75,0.2,0.5,0.5,inheritance,inheritance,inheritance
2021,827,2777,0.2,0.5,0.5,16.583374567046018,8.239419588875453,16.647101188332734,605,1,75,0.2,0.5,0.5,inheritance,inheritance,inheritance
2043,792,2790,0.20000000000000004,0.5,0.5,16.69652471855115,8.152777777777779,16.89641577060932,606,1,75,0.2,0.5,0.5,inheritance,inheritance,inheritance
2074,764,2787,0.20000000000000004,0.5,0.5,16.68129218900675,8.120418848167539,17.085037674919267,607,1,75,0.2,0.5,0.5,inheritance,inheritance,inheritance
2090,760,2775,0.2,0.5,0.5,16.65980861244019,8.080263157894738,17.50162162162162,608,1,75,0.2,0.5,0.5,inheritance,inheritance,inheritance
2113,768,2744,0.19999999999999998,0.5,0.5,16.539990534784668,7.97265625,17.842201166180757,609,1,75,0.2,0.5,0.5,inheritance,inheritance,inheritance
2130,779,2716,0.2,0.5,0.5,16.431455399061033,7.794608472400514,18.125920471281297,610,1,75,0.2,0.5,0.5,inheritance,inheritance,inheritance
2168,789,2668,0.19999999999999996,0.5,0.5,16.25830258302583,7.512040557667934,18.347076461769117,611,1,75,0.2,0.5,0.5,inheritance,inheritance,inheritance
2200,787,2638,0.19999999999999996,0.5,0.5,16.223636363636363,7.538754764930115,18.437831690674752,612,1,75,0.2,0.5,0.5,inheritance,inheritance,inheritance
2209,811,2605,0.19999999999999996,0.5,0.5,16.24490719782707,7.605425400739827,18.700191938579653,613,1,75,0.2,0.5,0.5,inheritance,inheritance,inheritance
2222,813,2590,0.19999999999999996,0.5,0.5,16.257425742574256,7.476014760147602,18.806949806949806,614,1,75,0.2,0.5,0.5,inheritance,inheritance,inheritance
2223,810,2592,0.19999999999999996,0.5,0.5,16.241115609536664,7.303703703703704,18.680555555555557,615,1,75,0.2,0.5,0.5,inheritance,inheritance,inheritance
2222,828,2575,0.19999999999999996,0.5,0.5,16.312331233123313,7.298309178743962,18.859417475728154,616,1,75,0.2,0.5,0.5,inheritance,inheritance,inheritance
2225,825,2575,0.19999999999999998,0.5,0.5,16.40179775280899,7.330909090909091,19.033009708737865,617,1,75,0.2,0.5,0.5,inheritance,inheritance,inheritance
2199,838,2588,0.19999999999999998,0.5,0.5,16.572078217371534,7.270883054892601,19.17001545595054,618,1,75,0.2,0.5,0.5,inheritance,inheritance,inheritance
2216,818,2591,0.19999999999999996,0.5,0.5,16.69178700361011,7.5354523227383865,19.209185642609032,619,1,75,0.2,0.5,0.5,inheritance,inheritance,inheritance
2223,809,2593,0.19999999999999996,0.5,0.5,16.674313990103464,7.4004944375772554,19.277670651754725,620,1,75,0.2,0.5,0.5,inheritance,inheritance,inheritance
2233,804,2588,0.19999999999999998,0.5,0.5,16.645768025078368,7.340796019900497,19.388330757341578,621,1,75,0.2,0.5,0.5,inheritance,inheritance,inheritance
2231,828,2566,0.19999999999999996,0.5,0.5,16.623487225459435,7.179951690821256,19.569758378799687,622,1,75,0.2,0.5,0.5,inheritance,inheritance,inheritance
2246,820,2559,0.19999999999999998,0.5,0.5,16.572128227960818,7.25,19.64673700664322,623,1,75,0.2,0.5,0.5,inheritance,inheritance,inheritance
2270,819,2536,0.19999999999999998,0.5,0.5,16.606167400881056,7.192918192918193,19.718454258675077,624,1,75,0.2,0.5,0.5,inheritance,inheritance,inheritance
2279,824,2522,0.19999999999999998,0.5,0.5,16.610794207985958,7.20752427184466,19.67129262490087,625,1,75,0.2,0.5,0.5,inheritance,inheritance,inheritance
2279,832,2514,0.19999999999999998,0.5,0.5,16.719175076788066,7.183894230769231,19.737867939538585,626,1,75,0.2,0.5,0.5,inheritance,inheritance,inheritance
2296,819,2510,0.19999999999999998,0.5,0.5,16.65156794425087,7.329670329670329,19.609561752988046,627,1,75,0.2,0.5,0.5,inheritance,inheritance,inheritance
2305,798,2522,0.19999999999999998,0.5,0.5,16.828633405639913,7.424812030075188,19.755749405233942,628,1,75,0.2,0.5,0.5,inheritance,inheritance,inheritance
2303,790,2532,0.19999999999999996,0.5,0.5,16.963091619626574,7.224050632911393,19.753159557661927,629,1,75,0.2,0.5,0.5,inheritance,inheritance,inheritance
2310,793,2522,0.19999999999999998,0.5,0.5,16.862337662337662,7.102143757881463,19.5979381443299,630,1,75,0.2,0.5,0.5,inheritance,inheritance,inheritance
2281,825,2519,0.19999999999999998,0.5,0.5,16.886453309951776,7.002424242424242,19.878920206431122,631,1,75,0.2,0.5,0.5,inheritance,inheritance,inheritance
2278,831,2516,0.19999999999999998,0.5,0.5,17.082967515364356,6.956678700361011,19.95985691573927,632,1,75,0.2,0.5,0.5,inheritance,inheritance,inheritance
2275,836,2514,0.2,0.5,0.5,17.014505494505496,6.795454545454546,19.96778042959427,633,1,75,0.2,0.5,0.5,inheritance,inheritance,inheritance
2284,828,2513,0.19999999999999998,0.5,0.5,17.09632224168126,6.875603864734299,20.030640668523677,634,1,75,0.2,0.5,0.5,inheritance,inheritance,inheritance
2251,850,2524,0.19999999999999998,0.5,0.5,17.03198578409596,6.581176470588235,20.123217115689382,635,1,75,0.2,0.5,0.5,inheritance,inheritance,inheritance
2240,853,2532,0.19999999999999998,0.5,0.5,17.108035714285716,6.616647127784291,20.135860979462876,636,1,75,0.2,0.5,0.5,inheritance,inheritance,inheritance
2247,855,2523,0.19999999999999998,0.5,0.5,17.143302180685357,6.722807017543859,20.126436781609197,637,1,75,0.2,0.5,0.5,inheritance,inheritance,inheritance
2251,866,2508,0.19999999999999998,0.5,0.5,17.095957352287872,6.6362586605080836,20.063795853269536,638,1,75,0.2,0.5,0.5,inheritance,inheritance,inheritance
2279,851,2495,0.19999999999999998,0.5,0.5,17.07108380868802,6.6650998824911865,20.129859719438876,639,1,75,0.2,0.5,0.5,inheritance,inheritance,inheritance
2284,828,2513,0.19999999999999998,0.5,0.5,17.174693520140107,6.736714975845411,20.08674890569041,640,1,75,0.2,0.5,0.5,inheritance,inheritance,inheritance
2298,824,2503,0.19999999999999998,0.5,0.5,17.260661444734552,6.894417475728155,20.189372752696762,641,1,75,0.2,0.5,0.5,inheritance,inheritance,inheritance
2284,819,2522,0.19999999999999998,0.5,0.5,17.416812609457093,6.903540903540904,20.190325138778746,642,1,75,0.2,0.5,0.5,inheritance,inheritance,inheritance
2308,808,2509,0.19999999999999998,0.5,0.5,17.36048526863085,7.079207920792079,20.074930251096053,643,1,75,0.2,0.5,0.5,inheritance,inheritance,inheritance
2347,797,2481,0.19999999999999998,0.5,0.5,17.149978696207924,7.015056461731493,20.002821442966546,644,1,75,0.2,0.5,0.5,inheritance,inheritance,inheritance
2377,781,2467,0.19999999999999998,0.5,0.5,17.119057635675222,7.11651728553137,19.94770976895014,645,1,75,0.2,0.5,0.5,inheritance,inheritance,inheritance
2391,772,2462,0.19999999999999998,0.5,0.5,17.25512337933919,7.2474093264248705,19.824532900081234,646,1,75,0.2,0.5,0.5,inheritance,inheritance,inheritance
2417,762,2446,0.19999999999999998,0.5,0.5,17.288787753413324,7.33989501312336,19.81847914963205,647,1,75,0.2,0.5,0.5,inheritance,inheritance,inheritance
2439,751,2435,0.19999999999999998,0.5,0.5,17.428864288642888,7.318242343541944,19.962217659137576,648,1,75,0.2,0.5,0.5,inheritance,inheritance,inheritance
2432,752,2441,0.19999999999999998,0.5,0.5,17.57935855263158,7.179521276595745,19.967226546497336,649,1,75,0.2,0.5,0.5,inheritance,inheritance,inheritance
2453,740,2432,0.19999999999999998,0.5,0.5,17.55686913982878,7.063513513513514,19.91200657894737,650,1,75,0.2,0.5,0.5,inheritance,inheritance,inheritance
2462,747,2416,0.19999999999999998,0.5,0.5,17.597887896019497,6.914323962516733,19.86837748344371,651,1,75,0.2,0.5,0.5,inheritance,inheritance,inheritance
2462,742,2421,0.19999999999999998,0.5,0.5,17.76888708367181,6.749326145552561,19.849235852953324,652,1,75,0.2,0.5,0.5,inheritance,inheritance,inheritance
2432,783,2410,0.19999999999999998,0.5,0.5,17.708059210526315,6.515964240102171,19.93402489626556,653,1,75,0.2,0.5,0.5,inheritance,inheritance,inheritance
2426,784,2415,0.19999999999999998,0.5,0.5,17.89282769991756,6.557397959183674,19.834368530020704,654,1,75,0.2,0.5,0.5,inheritance,inheritance,inheritance
2418,799,2408,0.2,0.5,0.5,18.012820512820515,6.44055068836045,19.824750830564785,655,1,75,0.2,0.5,0.5,inheritance,inheritance,inheritance
2402,810,2413,0.19999999999999998,0.5,0.5,18.143213988343046,6.3049382716049385,19.902610857853293,656,1,75,0.2,0.5,0.5,inheritance,inheritance,inheritance
2391,820,2414,0.19999999999999998,0.5,0.5,18.29276453366792,6.3707317073170735,19.991300745650374,657,1,75,0.2,0.5,0.5,inheritance,inheritance,inheritance
2385,828,2412,0.19999999999999998,0.5,0.5,18.348008385744233,6.504830917874396,20.074212271973465,658,1,75,0.2,0.5,0.5,inheritance,inheritance,inheritance
2381,846,2398,0.19999999999999998,0.5,0.5,18.307433851322973,6.5177304964539005,19.94954128440367,659,1,75,0.2,0.5,0.5,inheritance,inheritance,inheritance
2355,859,2411,0.2,0.5,0.5,18.49044585987261,6.334109429569266,19.576109498133555,660,1,75,0.2,0.5,0.5,inheritance,inheritance,inheritance
2323,878,2424,0.19999999999999996,0.5,0.5,18.609556607834698,6.428246013667426,19.738861386138613,661,1,75,0.2,0.5,0.5,inheritance,inheritance,inheritance
2287,908,2430,0.19999999999999998,0.5,0.5,18.813729777000436,6.3766519823788546,19.746090534979423,662,1,75,0.2,0.5,0.5,inheritance,inheritance,inheritance
2267,920,2438,0.19999999999999998,0.5,0.5,18.852227613586237,6.443478260869565,19.649302707136997,663,1,75,0.2,0.5,0.5,inheritance,inheritance,inheritance
2239,943,2443,0.19999999999999998,0.5,0.5,18.87896382313533,6.488865323435843,19.718379042161278,664,1,75,0.2,0.5,0.5,inheritance,inheritance,inheritance
2200,973,2452,0.19999999999999996,0.5,0.5,18.826363636363638,6.344295991778006,19.659869494290376,665,1,75,0.2,0.5,0.5,inheritance,inheritance,inheritance
2166,985,2474,0.19999999999999996,0.5,0.5,18.772391505078485,6.3776649746192895,19.529506871463216,666,1,75,0.2,0.5,0.5,inheritance,inheritance,inheritance
2152,1008,2465,0.19999999999999998,0.5,0.5,18.61802973977695,6.400793650793651,19.556997971602435,667,1,75,0.2,0.5,0.5,inheritance,inheritance,inheritance
2106,1051,2468,0.19999999999999998,0.5,0.5,18.194681861348528,6.381541389153187,19.45705024311183,668,1,75,0.2,0.5,0.5,inheritance,inheritance,inheritance
2074,1067,2484,0.20000000000000004,0.5,0.5,17.948891031822566,6.43298969072165,19.48148148148148,669,1,75,0.2,0.5,0.5,inheritance,inheritance,inheritance
2049,1080,2496,0.20000000000000004,0.5,0.5,17.69546120058565,6.523148148148148,19.326121794871796,670,1,75,0.2,0.5,0.5,inheritance,inheritance,inheritance
2037,1068,2520,0.20000000000000004,0.5,0.5,17.440844378988707,6.633895131086143,19.327380952380953,671,1,75,0.2,0.5,0.5,inheritance,inheritance,inheritance
2012,1059,2554,0.20000000000000004,0.5,0.5,17.20924453280318,6.762039660056657,19.160924040720438,672,1,75,0.2,0.5,0.5,inheritance,inheritance,inheritance
2023,1047,2555,0.2,0.5,0.5,16.87444389520514,6.922636103151863,18.931898238747554,673,1,75,0.2,0.5,0.5,inheritance,inheritance,inheritance
2014,1057,2554,0.20000000000000004,0.5,0.5,16.68222442899702,7.097445600756859,18.90250587314017,674,1,75,0.2,0.5,0.5,inheritance,inheritance,inheritance
1979,1057,2589,0.20000000000000004,0.5,0.5,16.33046993431026,7.143803216650899,18.7825415218231,675,1,75,0.2,0.5,0.5,inheritance,inheritance,inheritance
2012,1006,2607,0.20000000000000004,0.5,0.5,16.07455268389662,7.465208747514911,18.642117376294593,676,1,75,0.2,0.5,0.5,inheritance,inheritance,inheritance
2030,1015,2580,0.20000000000000004,0.5,0.5,15.808866995073892,7.716256157635468,18.811627906976746,677,1,75,0.2,0.5,0.5,inheritance,inheritance,inheritance
2018,1008,2599,0.2,0.5,0.5,15.498513379583747,7.7023809523809526,18.713736052327818,678,1,75,0.2,0.5,0.5,inheritance,inheritance,inheritance
2050,985,2590,0.20000000000000007,0.5,0.5,15.162439024390244,7.92994923857868,18.76061776061776,679,1,75,0.2,0.5,0.5,inheritance,inheritance,inheritance
2065,960,2600,0.20000000000000004,0.5,0.5,15.139467312348668,8.045833333333333,18.686923076923076,680,1,75,0.2,0.5,0.5,inheritance,inheritance,inheritance
2092,933,2600,0.19999999999999998,0.5,0.5,15.050669216061186,8.217577706323688,18.73730769230769,681,1,75,0.2,0.5,0.5,inheritance,inheritance,inheritance
2128,906,2591,0.19999999999999998,0.5,0.5,15.00798872180451,8.263796909492275,18.659590891547666,682,1,75,0.2,0.5,0.5,inheritance,inheritance,inheritance
2174,873,2578,0.19999999999999998,0.5,0.5,14.961361545538178,8.50057273768614,18.647401086113266,683,1,75,0.2,0.5,0.5,inheritance,inheritance,inheritance
2214,854,2557,0.19999999999999996,0.5,0.5,14.982836495031616,8.588992974238876,18.648416112631992,684,1,75,0.2,0.5,0.5,inheritance,inheritance,inheritance
2235,834,2556,0.19999999999999998,0.5,0.5,15.098881431767337,8.480815347721823,18.762519561815335,685,1,75,0.2,0.5,0.5,inheritance,inheritance,inheritance
2279,828,2518,0.19999999999999998,0.5,0.5,15.116279069767442,8.31280193236715,18.832803812549642,686,1,75,0.2,0.5,0.5,inheritance,inheritance,inheritance
2348,803,2474,0.19999999999999996,0.5,0.5,15.096678023850085,8.470734744707347,18.731608730800325,687,1,75,0.2,0.5,0.5,inheritance,inheritance,inheritance
2368,806,2451,0.19999999999999998,0.5,0.5,15.253800675675675,8.310173697270471,18.89718482252142,688,1,75,0.2,0.5,0.5,inheritance,inheritance,inheritance
2393,806,2426,0.19999999999999998,0.5,0.5,15.40576681989135,8.294044665012407,18.94270403957131,689,1,75,0.2,0.5,0.5,inheritance,inheritance,inheritance
2418,810,2397,0.2,0.5,0.5,15.59305210918114,8.337037037037037,18.991239048811014,690,1,75,0.2,0.5,0.5,inheritance,inheritance,inheritance
2428,803,2394,0.2,0.5,0.5,15.800247116968698,8.291407222914073,18.981203007518797,691,1,75,0.2,0.5,0.5,inheritance,inheritance,inheritance
2463,805,2357,0.19999999999999998,0.5,0.5,15.919610231425091,8.136645962732919,19.086550700042427,692,1,75,0.2,0.5,0.5,inheritance,inheritance,inheritance
2501,808,2316,0.19999999999999998,0.5,0.5,16.1703318672531,8.258663366336634,19.27245250431779,693,1,75,0.2,0.5,0.5,inheritance,inheritance,inheritance
2528,794,2303,0.19999999999999996,0.5,0.5,16.34375,8.2632241813602,19.226226660877117,694,1,75,0.2,0.5,0.5,inheritance,inheritance,inheritance
2533,805,2287,0.19999999999999996,0.5,0.5,16.52230556652191,8.136645962732919,19.174464363795366,695,1,75,0.2,0.5,0.5,inheritance,inheritance,inheritance
2547,824,2254,0.19999999999999998,0.5,0.5,16.552807224185315,7.985436893203883,19.29547471162378,696,1,75,0.2,0.5,0.5,inheritance,inheritance,inheritance
2583,834,2208,0.19999999999999996,0.5,0.5,16.557104142469996,7.954436450839329,19.22735507246377,697,1,75,0.2,0.5,0.5,inheritance,inheritance,inheritance
2581,852,2192,0.19999999999999998,0.5,0.5,16.71638899651298,7.823943661971831,19.243613138686133,698,1,75,0.2,0.5,0.5,inheritance,inheritance,inheritance
2584,886,2155,0.19999999999999998,0.5,0.5,16.79798761609907,7.714446952595937,19.138747099767983,699,1,75,0.2,0.5,0.5,inheritance,inheritance,inheritance
2576,879,2170,0.19999999999999998,0.5,0.5,17.130434782608695,7.639362912400455,19.00506912442396,700,1,75,0.2,0.5,0.5,inheritance,inheritance,inheritance
2554,927,2144,0.19999999999999998,0.5,0.5,17.351605324980422,7.429341963322546,19.103544776119403,701,1,75,0.2,0.5,0.5,inheritance,inheritance,inheritance
2528,958,2139,0.19999999999999996,0.5,0.5,17.537183544303797,7.27035490605428,19.096306685366994,702,1,75,0.2,0.5,0.5,inheritance,inheritance,inheritance
2490,978,2157,0.19999999999999998,0.5,0.5,17.844578313253013,7.2218813905930475,19.02086230876217,703,1,75,0.2,0.5,0.5,inheritance,inheritance,inheritance
2443,1016,2166,0.19999999999999998,0.5,0.5,18.0683585755219,7.22244094488189,18.948291782086795,704,1,75,0.2,0.5,0.5,inheritance,inheritance,inheritance
2417,1043,2165,0.19999999999999998,0.5,0.5,18.136119155978484,7.261744966442953,18.861431870669747,705,1,75,0.2,0.5,0.5,inheritance,inheritance,inheritance
2416,1047,2162,0.19999999999999998,0.5,0.5,18.158940397350992,7.347659980897803,18.6840888066605,706,1,75,0.2,0.5,0.5,inheritance,inheritance,inheritance
2401,1052,2172,0.19999999999999998,0.5,0.5,18.2457309454394,7.4638783269961975,18.552486187845304,707,1,75,0.2,0.5,0.5,inheritance,inheritance,inheritance
2369,1051,2205,0.19999999999999998,0.5,0.5,18.542000844238075,7.577545195052331,18.38684807256236,708,1,75,0.2,0.5,0.5,inheritance,inheritance,inheritance
2339,1031,2255,0.19999999999999998,0.5,0.5,18.784523300555794,7.6420950533462655,18.148558758314856,709,1,75,0.2,0.5,0.5,inheritance,inheritance,inheritance
2320,1016,2289,0.19999999999999998,0.5,0.5,18.813793103448276,7.674212598425197,17.89646133682831,710,1,75,0.2,0.5,0.5,inheritance,inheritance,inheritance
2303,991,2331,0.19999999999999996,0.5,0.5,19.026921406860616,7.641775983854692,17.70870870870871,711,1,75,0.2,0.5,0.5,inheritance,inheritance,inheritance
2284,985,2356,0.19999999999999998,0.5,0.5,19.110332749562172,7.343147208121827,17.59974533106961,712,1,75,0.2,0.5,0.5,inheritance,inheritance,inheritance
2271,978,2376,0.19999999999999998,0.5,0.5,19.093791281373843,7.307770961145194,17.417087542087543,713,1,75,0.2,0.5,0.5,inheritance,inheritance,inheritance
2251,987,2387,0.19999999999999998,0.5,0.5,19.219902265659705,7.146909827760892,17.409300377042314,714,1,75,0.2,0.5,0.5,inheritance,inheritance,inheritance
2203,1022,2400,0.19999999999999996,0.5,0.5,19.197458011802087,7.097847358121331,17.44625,715,1,75,0.2,0.5,0.5,inheritance,inheritance,inheritance
2163,1027,2435,0.19999999999999996,0.5,0.5,19.39251040221914,7.0077896786757545,17.458726899383983,716,1,75,0.2,0.5,0.5,inheritance,inheritance,inheritance
2129,1054,2442,0.19999999999999998,0.5,0.5,19.428370126820102,6.958254269449715,17.53890253890254,717,1,75,0.2,0.5,0.5,inheritance,inheritance,inheritance
2104,1080,2441,0.19999999999999998,0.5,0.5,19.22671102661597,7.026851851851852,17.74068004916018,718,1,75,0.2,0.5,0.5,inheritance,inheritance,inheritance
2071,1085,2469,0.2,0.5,0.5,19.095123128923227,7.019354838709678,17.704738760631834,719,1,75,0.2,0.5,0.5,inheritance,inheritance,inheritance
2021,1089,2515,0.2,0.5,0.5,19.11528946066304,6.992653810835629,17.72485089463221,720,1,75,0.2,0.5,0.5,inheritance,inheritance,inheritance
1991,1102,2532,0.2,0.5,0.5,18.948769462581616,7.191470054446461,17.898499210110586,721,1,75,0.2,0.5,0.5,inheritance,inheritance,inheritance
1948,1134,2543,0.2,0.5,0.5,18.444045174537987,7.243386243386244,18.064883995281164,722,1,75,0.2,0.5,0.5,inheritance,inheritance,inheritance
1890,1162,2573,0.2,0.5,0.5,18.396296296296295,7.1970740103270225,18.204430625728723,723,1,75,0.2,0.5,0.5,inheritance,inheritance,inheritance
1851,1160,2614,0.2,0.5,0.5,18.280388978930308,7.344827586206897,18.293037490436113,724,1,75,0.2,0.5,0.5,inheritance,inheritance,inheritance
1810,1150,2665,0.2,0.5,0.5,18.056906077348067,7.400869565217391,18.244652908067543,725,1,75,0.2,0.5,0.5,inheritance,inheritance,inheritance
1795,1120,2710,0.2,0.5,0.5,17.514763231197772,7.494642857142857,18.126937269372693,726,1,75,0.2,0.5,0.5,inheritance,inheritance,inheritance
1787,1078,2760,0.2,0.5,0.5,17.037493005036374,7.679962894248608,18.08695652173913,727,1,75,0.2,0.5,0.5,inheritance,inheritance,inheritance
1777,1069,2779,0.2,0.5,0.5,16.65391108610017,7.788587464920487,18.141417776178482,728,1,75,0.2,0.5,0.5,inheritance,inheritance,inheritance
1783,1025,2817,0.2,0.5,0.5,16.385305664610208,7.852682926829268,18.086616968406105,729,1,75,0.2,0.5,0.5,inheritance,inheritance,inheritance
1781,1009,2835,0.20000000000000004,0.5,0.5,16.32116788321168,7.925668979187314,18.21693121693122,730,1,75,0.2,0.5,0.5,inheritance,inheritance,inheritance
1772,993,2860,0.19999999999999998,0.5,0.5,15.996613995485328,7.895266868076535,18.2479020979021,731,1,75,0.2,0.5,0.5,inheritance,inheritance,inheritance
1779,947,2899,0.20000000000000004,0.5,0.5,15.90725126475548,8.07286166842661,18.21904104863746,732,1,75,0.2,0.5,0.5,inheritance,inheritance,inheritance
1821,901,2903,0.2,0.5,0.5,15.693574958813839,8.208657047724751,18.282810885291077,733,1,75,0.2,0.5,0.5,inheritance,inheritance,inheritance
1837,883,2905,0.20000000000000004,0.5,0.5,15.556341861731083,8.109852774631937,18.533218588640274,734,1,75,0.2,0.5,0.5,inheritance,inheritance,inheritance
1855,823,2947,0.2,0.5,0.5,15.628571428571428,8.036452004860267,18.68306752629793,735,1,75,0.2,0.5,0.5,inheritance,inheritance,inheritance
1863,807,2955,0.2,0.5,0.5,15.505636070853463,7.774473358116481,18.859898477157362,736,1,75,0.2,0.5,0.5,inheritance,inheritance,inheritance
1899,810,2916,0.20000000000000004,0.5,0.5,15.272248551869405,7.67037037037037,19.15775034293553,737,1,75,0.2,0.5,0.5,inheritance,inheritance,inheritance
1905,833,2887,0.20000000000000004,0.5,0.5,15.379002624671916,7.530612244897959,19.47800484932456,738,1,75,0.2,0.5,0.5,inheritance,inheritance,inheritance
1924,818,2883,0.20000000000000004,0.5,0.5,15.319126819126819,7.536674816625917,19.638224072147068,739,1,75,0.2,0.5,0.5,inheritance,inheritance,inheritance
1964,795,2866,0.20000000000000004,0.5,0.5,15.356924643584522,7.60125786163522,19.904047452896023,740,1,75,0.2,0.5,0.5,inheritance,inheritance,inheritance
2003,775,2847,0.2,0.5,0.5,15.284073889166251,7.618064516129032,20.060063224446786,741,1,75,0.2,0.5,0.5,inheritance,inheritance,inheritance
2027,763,2835,0.2,0.5,0.5,15.421805624074988,7.703800786369594,20.18941798941799,742,1,75,0.2,0.5,0.5,inheritance,inheritance,inheritance
2045,763,2817,0.20000000000000004,0.5,0.5,15.389242053789731,7.650065530799476,20.389776357827476,743,1,75,0.2,0.5,0.5,inheritance,inheritance,inheritance
2078,769,2778,0.2,0.5,0.5,15.437439846005775,7.739921976592978,20.621310295176386,744,1,75,0.2,0.5,0.5,inheritance,inheritance,inheritance
2128,740,2757,0.19999999999999998,0.5,0.5,15.441259398496241,7.783783783783784,20.520130576713818,745,1,75,0.2,0.5,0.5,inheritance,inheritance,inheritance
2171,725,2729,0.19999999999999996,0.5,0.5,15.500690925840626,8.006896551724138,20.65591791865152,746,1,75,0.2,0.5,0.5,inheritance,inheritance,inheritance
2217,702,2706,0.19999999999999996,0.5,0.5,15.506540369869192,7.92022792022792,20.636363636363637,747,1,75,0.2,0.5,0.5,inheritance,inheritance,inheritance
2258,688,2679,0.19999999999999996,0.5,0.5,15.655004428697962,8.011627906976743,20.949608062709967,748,1,75,0.2,0.5,0.5,inheritance,inheritance,inheritance
2278,678,2669,0.19999999999999998,0.5,0.5,15.714661984196663,7.737463126843658,20.947920569501687,749,1,75,0.2,0.5,0.5,inheritance,inheritance,inheritance
2336,677,2612,0.19999999999999998,0.5,0.5,15.683647260273972,7.738552437223043,21.0072741194487,750,1,75,0.2,0.5,0.5,inheritance,inheritance,inheritance
2362,655,2608,0.19999999999999998,0.5,0.5,15.899661303979679,7.561832061068702,20.965874233128833,751,1,75,0.2,0.5,0.5,inheritance,inheritance,inheritance
2369,647,2609,0.19999999999999998,0.5,0.5,16.154073448712538,7.469860896445131,21.036795707167496,752,1,75,0.2,0.5,0.5,inheritance,inheritance,inheritance
2405,620,2600,0.2,0.5,0.5,16.234927234927234,7.362903225806452,20.97230769230769,753,1,75,0.2,0.5,0.5,inheritance,inheritance,inheritance
2456,605,2564,0.19999999999999998,0.5,0.5,16.36197068403909,7.304132231404958,21.198127925117003,754,1,75,0.2,0.5,0.5,inheritance,inheritance,inheritance
2513,604,2508,0.19999999999999996,0.5,0.5,16.3891762833267,7.031456953642384,21.294258373205743,755,1,75,0.2,0.5,0.5,inheritance,inheritance,inheritance
2527,622,2476,0.19999999999999996,0.5,0.5,16.479224376731302,6.734726688102894,21.557754442649436,756,1,75,0.2,0.5,0.5,inheritance,inheritance,inheritance
2536,664,2425,0.19999999999999998,0.5,0.5,16.543769716088327,6.344879518072289,21.748865979381442,757,1,75,0.2,0.5,0.5,inheritance,inheritance,inheritance
2517,723,2385,0.19999999999999996,0.5,0.5,16.58243941199841,5.842323651452282,21.87631027253669,758,1,75,0.2,0.5,0.5,inheritance,inheritance,inheritance
2529,748,2348,0.19999999999999996,0.5,0.5,16.641360221431395,5.891711229946524,21.955706984667803,759,1,75,0.2,0.5,0.5,inheritance,inheritance,inheritance
2516,795,2314,0.19999999999999998,0.5,0.5,16.75,5.939622641509434,22.09636992221262,760,1,75,0.2,0.5,0.5,inheritance,inheritance,inheritance
2509,816,2300,0.19999999999999998,0.5,0.5,16.72259864487844,5.8125,21.905652173913044,761,1,75,0.2,0.5,0.5,inheritance,inheritance,inheritance
2505,838,2282,0.19999999999999998,0.5,0.5,16.871457085828343,5.994033412887828,21.838737949167395,762,1,75,0.2,0.5,0.5,inheritance,inheritance,inheritance
2510,846,2269,0.19999999999999998,0.5,0.5,17.01394422310757,6.148936170212766,21.806963420008813,763,1,75,0.2,0.5,0.5,inheritance,inheritance,inheritance
2500,877,2248,0.19999999999999998,0.5,0.5,17.1072,6.241733181299886,21.856316725978647,764,1,75,0.2,0.5,0.5,inheritance,inheritance,inheritance
2494,901,2230,0.19999999999999998,0.5,0.5,17.1074578989575,6.3873473917869035,21.769955156950672,765,1,75,0.2,0.5,0.5,inheritance,inheritance,inheritance
2483,906,2236,0.19999999999999996,0.5,0.5,17.201369311316956,6.422737306843267,21.493738819320214,766,1,75,0.2,0.5,0.5,inheritance,inheritance,inheritance
2440,948,2237,0.2,0.5,0.5,17.33483606557377,6.413502109704641,21.44166294143943,767,1,75,0.2,0.5,0.5,inheritance,inheritance,inheritance
2431,964,2230,0.19999999999999998,0.5,0.5,17.39695598519128,6.449170124481328,21.339910313901346,768,1,75,0.2,0.5,0.5,inheritance,inheritance,inheritance
2433,967,2225,0.19999999999999998,0.5,0.5,17.290587751746816,6.5760082730093075,21.06741573033708,769,1,75,0.2,0.5,0.5,inheritance,inheritance,inheritance
2431,971,2223,0.19999999999999998,0.5,0.5,17.44014808720691,6.72399588053553,20.672064777327936,770,1,75,0.2,0.5,0.5,inheritance,inheritance,inheritance
2434,948,2243,0.19999999999999998,0.5,0.5,17.49013968775678,6.85337552742616,20.094516272848864,771,1,75,0.2,0.5,0.5,inheritance,inheritance,inheritance
2401,981,2243,0.19999999999999998,0.5,0.5,17.52186588921283,6.777777777777778,19.808738296923764,772,1,75,0.2,0.5,0.5,inheritance,inheritance,inheritance
2387,995,2243,0.19999999999999998,0.5,0.5,17.509007121910347,6.757788944723618,19.592955862683905,773,1,75,0.2,0.5,0.5,inheritance,inheritance,inheritance
2372,1010,2243,0.19999999999999998,0.5,0.5,17.536256323777405,6.718811881188119,19.21399910833705,774,1,75,0.2,0.5,0.5,inheritance,inheritance,inheritance
2353,995,2277,0.19999999999999998,0.5,0.5,17.568635784105396,6.856281407035176,18.827404479578394,775,1,75,0.2,0.5,0.5,inheritance,inheritance,inheritance
2333,988,2304,0.19999999999999996,0.5,0.5,17.573939134162025,6.90080971659919,18.666666666666668,776,1,75,0.2,0.5,0.5,inheritance,inheritance,inheritance
2325,984,2316,0.19999999999999998,0.5,0.5,17.61935483870968,6.852642276422764,18.462435233160623,777,1,75,0.2,0.5,0.5,inheritance,inheritance,inheritance
2294,996,2335,0.19999999999999998,0.5,0.5,17.86965998256321,6.844377510040161,18.43982869379015,778,1,75,0.2,0.5,0.5,inheritance,inheritance,inheritance
2283,975,2367,0.19999999999999998,0.5,0.5,18.06438896189225,6.955897435897436,18.28094634558513,779,1,75,0.2,0.5,0.5,inheritance,inheritance,inheritance
2296,950,2379,0.19999999999999998,0.5,0.5,18.031358885017422,7.127368421052632,18.01429171920975,780,1,75,0.2,0.5,0.5,inheritance,inheritance,inheritance
2291,944,2390,0.19999999999999998,0.5,0.5,18.189000436490616,7.219279661016949,17.919665271966526,781,1,75,0.2,0.5,0.5,inheritance,inheritance,inheritance
2278,942,2405,0.19999999999999998,0.5,0.5,18.310359964881474,7.246284501061571,17.82162162162162,782,1,75,0.2,0.5,0.5,inheritance,inheritance,inheritance
2278,940,2407,0.19999999999999998,0.5,0.5,18.223441615452153,7.286170212765957,17.765267968425427,783,1,75,0.2,0.5,0.5,inheritance,inheritance,inheritance
2291,925,2409,0.19999999999999998,0.5,0.5,18.003055434308163,7.220540540540541,17.537982565379824,784,1,75,0.2,0.5,0.5,inheritance,inheritance,inheritance
2274,896,2455,0.19999999999999998,0.5,0.5,17.927000879507474,7.185267857142857,17.287169042769857,785,1,75,0.2,0.5,0.5,inheritance,inheritance,inheritance
2274,882,2469,0.19999999999999998,0.5,0.5,17.839929639401934,7.026077097505669,17.25273390036452,786,1,75,0.2,0.5,0.5,inheritance,inheritance,inheritance
2262,889,2474,0.19999999999999996,0.5,0.5,17.800618921308576,6.988751406074241,17.550121261115603,787,1,75,0.2,0.5,0.5,inheritance,inheritance,inheritance
2272,879,2474,0.19999999999999998,0.5,0.5,17.839788732394368,7.020477815699659,17.568714632174615,788,1,75,0.2,0.5,0.5,inheritance,inheritance,inheritance
2316,855,2454,0.19999999999999998,0.5,0.5,17.734455958549223,7.187134502923977,17.664629176854117,789,1,75,0.2,0.5,0.5,inheritance,inheritance,inheritance
2309,864,2452,0.19999999999999998,0.5,0.5,17.851883932438284,7.1655092592592595,17.770799347471453,790,1,75,0.2,0.5,0.5,inheritance,inheritance,inheritance
2310,850,2465,0.19999999999999998,0.5,0.5,17.945021645021644,7.0858823529411765,17.68843813387424,791,1,75,0.2,0.5,0.5,inheritance,inheritance,inheritance
2335,831,2459,0.19999999999999998,0.5,0.5,17.880085653104924,7.208182912154031,17.793818625457504,792,1,75,0.2,0.5,0.5,inheritance,inheritance,inheritance
2355,832,2438,0.2,0.5,0.5,17.74352441613588,7.122596153846154,17.79614438063987,793,1,75,0.2,0.5,0.5,inheritance,inheritance,inheritance
2382,805,2438,0.19999999999999998,0.5,0.5,17.671704450041982,7.204968944099379,17.76743232157506,794,1,75,0.2,0.5,0.5,inheritance,inheritance,inheritance
2386,806,2433,0.19999999999999998,0.5,0.5,17.76110645431685,7.228287841191067,17.803945745992603,795,1,75,0.2,0.5,0.5,inheritance,inheritance,inheritance
2436,803,2386,0.19999999999999998,0.5,0.5,17.57881773399015,7.2914072229140725,17.97024308466052,796,1,75,0.2,0.5,0.5,inheritance,inheritance,inheritance
2436,839,2350,0.19999999999999998,0.5,0.5,17.5311986863711,7.064362336114422,18.131063829787234,797,1,75,0.2,0.5,0.5,inheritance,inheritance,inheritance
2459,856,2310,0.19999999999999998,0.5,0.5,17.379829198861326,7.05607476635514,18.056277056277057,798,1,75,0.2,0.5,0.5,inheritance,inheritance,inheritance
2472,868,2285,0.19999999999999998,0.5,0.5,17.308252427184467,7.0449308755760365,18.164113785557987,799,1,75,0.2,0.5,0.5,inheritance,inheritance,inheritance
2480,855,2290,0.19999999999999998,0.5,0.5,17.425403225806452,7.016374269005848,18.043231441048036,800,1,75,0.2,0.5,0.5,inheritance,inheritance,inheritance
2514,841,2270,0.19999999999999998,0.5,0.5,17.48926014319809,7.192627824019025,17.964757709251103,801,1,75,0.2,0.5,0.5,inheritance,inheritance,inheritance
2516,833,2276,0.19999999999999998,0.5,0.5,17.53577106518283,7.097238895558223,17.79481546572935,802,1,75,0.2,0.5,0.5,inheritance,inheritance,inheritance
2522,825,2278,0.19999999999999996,0.5,0.5,17.632434575733544,7.0206060606060605,17.667690956979808,803,1,75,0.2,0.5,0.5,inheritance,inheritance,inheritance
2533,816,2276,0.19999999999999996,0.5,0.5,17.833793920252663,7.112745098039215,17.813268892794376,804,1,75,0.2,0.5,0.5,inheritance,inheritance,inheritance
2562,812,2251,0.19999999999999998,0.5,0.5,17.75175644028103,6.976600985221675,17.589071523767213,805,1,75,0.2,0.5,0.5,inheritance,inheritance,inheritance
2584,788,2253,0.19999999999999998,0.5,0.5,17.8765479876161,7.001269035532995,17.540168664003552,806,1,75,0.2,0.5,0.5,inheritance,inheritance,inheritance
2593,771,2261,0.19999999999999996,0.5,0.5,18.036637099884302,6.861219195849546,17.450243255196817,807,1,75,0.2,0.5,0.5,inheritance,inheritance,inheritance
2555,803,2267,0.19999999999999998,0.5,0.5,18.369471624266144,6.646326276463263,17.525805028672256,808,1,75,0.2,0.5,0.5,inheritance,inheritance,inheritance
2563,799,2263,0.19999999999999996,0.5,0.5,18.507218103784627,6.753441802252816,17.524524966858152,809,1,75,0.2,0.5,0.5,inheritance,inheritance,inheritance
2572,778,2275,0.19999999999999998,0.5,0.5,18.696734059097977,6.832904884318766,17.374505494505495,810,1,75,0.2,0.5,0.5,inheritance,inheritance,inheritance
2588,766,2271,0.19999999999999996,0.5,0.5,18.76081916537867,6.851174934725848,17.20871862615588,811,1,75,0.2,0.5,0.5,inheritance,inheritance,inheritance
2592,766,2267,0.19999999999999998,0.5,0.5,19.01003086419753,6.955613577023499,17.311865902073226,812,1,75,0.2,0.5,0.5,inheritance,inheritance,inheritance
2582,770,2273,0.19999999999999996,0.5,0.5,19.16305189775368,6.7623376623376625,17.392432908051035,813,1,75,0.2,0.5,0.5,inheritance,inheritance,inheritance
2569,796,2260,0.19999999999999998,0.5,0.5,19.232386142467885,6.6206030150753765,17.51150442477876,814,1,75,0.2,0.5,0.5,inheritance,inheritance,inheritance
2576,791,2258,0.19999999999999998,0.5,0.5,19.362577639751553,6.6852085967130215,17.480956598759963,815,1,75,0.2,0.5,0.5,inheritance,inheritance,inheritance
2573,804,2248,0.19999999999999996,0.5,0.5,19.443062572872133,6.635572139303482,17.612099644128115,816,1,75,0.2,0.5,0.5,inheritance,inheritance,inheritance
2576,810,2239,0.19999999999999998,0.5,0.5,19.657996894409937,6.890123456790123,17.68914694059848,817,1,75,0.2,0.5,0.5,inheritance,inheritance,inheritance
2590,817,2218,0.2,0.5,0.5,19.664864864864864,7.025703794369645,17.83814247069432,818,1,75,0.2,0.5,0.5,inheritance,inheritance,inheritance
2571,824,2230,0.19999999999999998,0.5,0.5,19.808634772462078,6.985436893203883,17.873991031390133,819,1,75,0.2,0.5,0.5,inheritance,inheritance,inheritance
2554,846,2225,0.19999999999999998,0.5,0.5,20.019968676585748,6.962174940898345,18.014831460674156,820,1,75,0.2,0.5,0.5,inheritance,inheritance,inheritance
2542,842,2241,0.19999999999999996,0.5,0.5,20.113296616837136,6.938242280285036,17.947791164658636,821,1,75,0.2,0.5,0.5,inheritance,inheritance,inheritance
2543,841,2241,0.19999999999999996,0.5,0.5,20.260715690129768,7.014268727705113,17.985720660419457,822,1,75,0.2,0.5,0.5,inheritance,inheritance,inheritance
2564,836,2225,0.19999999999999998,0.5,0.5,20.05226209048362,6.98444976076555,17.750112359550563,823,1,75,0.2,0.5,0.5,inheritance,inheritance,inheritance
2568,827,2230,0.19999999999999996,0.5,0.5,20.050233644859812,6.9310761789600965,17.65560538116592,824,1,75,0.2,0.5,0.5,inheritance,inheritance,inheritance
2554,852,2219,0.19999999999999998,0.5,0.5,20.050509005481597,6.846244131455399,17.854438936457864,825,1,75,0.2,0.5,0.5,inheritance,inheritance,inheritance
2574,846,2205,0.19999999999999998,0.5,0.5,20.015151515151516,6.91016548463357,17.81904761904762,826,1,75,0.2,0.5,0.5,inheritance,inheritance,inheritance
2561,885,2179,0.19999999999999998,0.5,0.5,20.07848496680984,6.941242937853107,17.915098669114272,827,1,75,0.2,0.5,0.5,inheritance,inheritance,inheritance
2557,875,2193,0.19999999999999996,0.5,0.5,20.254204145482987,7.045714285714285,17.901504787961695,828,1,75,0.2,0.5,0.5,inheritance,inheritance,inheritance
2544,887,2194,0.19999999999999998,0.5,0.5,20.319182389937108,7.095828635851184,17.99042844120328,829,1,75,0.2,0.5,0.5,inheritance,inheritance,inheritance
2554,872,2199,0.19999999999999998,0.5,0.5,20.49177760375881,7.1639908256880735,17.994088221919053,830,1,75,0.2,0.5,0.5,inheritance,inheritance,inheritance
2545,868,2212,0.19999999999999998,0.5,0.5,20.541846758349706,7.203917050691245,18.112115732368895,831,1,75,0.2,0.5,0.5,inheritance,inheritance,inheritance
2560,845,2220,0.19999999999999998,0.5,0.5,20.6515625,7.3810650887573965,18.014414414414414,832,1,75,0.2,0.5,0.5,inheritance,inheritance,inheritance
2557,865,2203,0.19999999999999996,0.5,0.5,20.582323034806414,7.3468208092485545,18.235133908306853,833,1,75,0.2,0.5,0.5,inheritance,inheritance,inheritance
2550,877,2198,0.19999999999999998,0.5,0.5,20.590588235294117,7.359179019384264,18.287534121929028,834,1,75,0.2,0.5,0.5,inheritance,inheritance,inheritance
2565,881,2179,0.19999999999999996,0.5,0.5,20.523976608187134,7.464245175936436,18.374024782010096,835,1,75,0.2,0.5,0.5,inheritance,inheritance,inheritance
2561,885,2179,0.19999999999999998,0.5,0.5,20.502538071065988,7.473446327683615,18.46718678292795,836,1,75,0.2,0.5,0.5,inheritance,inheritance,inheritance
2551,895,2179,0.19999999999999998,0.5,0.5,20.475107800862407,7.5273743016759775,18.58788435061955,837,1,75,0.2,0.5,0.5,inheritance,inheritance,inheritance
2563,884,2178,0.19999999999999996,0.5,0.5,20.356613343737806,7.472850678733032,18.34894398530762,838,1,75,0.2,0.5,0.5,inheritance,inheritance,inheritance
2578,892,2155,0.19999999999999996,0.5,0.5,20.184251357641582,7.463004484304933,18.34941995359629,839,1,75,0.2,0.5,0.5,inheritance,inheritance,inheritance
2606,899,2120,0.2,0.5,0.5,20.069071373752877,7.575083426028921,18.564622641509434,840,1,75,0.2,0.5,0.5,inheritance,inheritance,inheritance
2598,902,2125,0.19999999999999996,0.5,0.5,20.14665127020785,7.524390243902439,18.579764705882354,841,1,75,0.2,0.5,0.5,inheritance,inheritance,inheritance
2596,902,2127,0.2,0.5,0.5,20.241140215716488,7.635254988913526,18.614480488951575,842,1,75,0.2,0.5,0.5,inheritance,inheritance,inheritance
2588,904,2133,0.19999999999999996,0.5,0.5,20.322642967542503,7.634955752212389,18.505391467416786,843,1,75,0.2,0.5,0.5,inheritance,inheritance,inheritance
2582,907,2136,0.19999999999999996,0.5,0.5,20.412470952749807,7.536934950385888,18.404962546816478,844,1,75,0.2,0.5,0.5,inheritance,inheritance,inheritance
2564,912,2149,0.19999999999999998,0.5,0.5,20.351014040561623,7.553728070175438,18.319218241042346,845,1,75,0.2,0.5,0.5,inheritance,inheritance,inheritance
2567,905,2153,0.19999999999999998,0.5,0.5,20.50253213868329,7.586740331491713,18.348351137947052,846,1,75,0.2,0.5,0.5,inheritance,inheritance,inheritance
2550,919,2156,0.19999999999999998,0.5,0.5,20.506274509803923,7.482045701849837,18.18460111317254,847,1,75,0.2,0.5,0.5,inheritance,inheritance,inheritance
2545,916,2164,0.19999999999999998,0.5,0.5,20.55677799607073,7.46943231441048,18.079482439926064,848,1,75,0.2,0.5,0.5,inheritance,inheritance,inheritance
2528,937,2160,0.19999999999999996,0.5,0.5,20.678006329113924,7.384204909284952,18.02453703703704,849,1,75,0.2,0.5,0.5,inheritance,inheritance,inheritance
2484,954,2187,0.19999999999999998,0.5,0.5,20.652173913043477,7.2578616352201255,17.92684042066758,850,1,75,0.2,0.5,0.5,inheritance,inheritance,inheritance
2471,972,2182,0.19999999999999998,0.5,0.5,20.537838931606636,7.145061728395062,17.88634280476627,851,1,75,0.2,0.5,0.5,inheritance,inheritance,inheritance
2425,999,2201,0.2,0.5,0.5,20.57443298969072,7.025025025025025,17.711949114039072,852,1,75,0.2,0.5,0.5,inheritance,inheritance,inheritance
2420,1017,2188,0.2,0.5,0.5,20.458264462809918,7.123893805309734,17.79159049360146,853,1,75,0.2,0.5,0.5,inheritance,inheritance,inheritance
2419,1037,2169,0.19999999999999998,0.5,0.5,20.356345597354277,7.340405014464802,17.765329644997696,854,1,75,0.2,0.5,0.5,inheritance,inheritance,inheritance
2415,1041,2169,0.2,0.5,0.5,20.26335403726708,7.532180595581172,17.584601198709084,855,1,75,0.2,0.5,0.5,inheritance,inheritance,inheritance
2405,1038,2182,0.2,0.5,0.5,20.09064449064449,7.6888246628131025,17.470669110907423,856,1,75,0.2,0.5,0.5,inheritance,inheritance,inheritance
2402,1033,2190,0.19999999999999998,0.5,0.5,19.92880932556203,7.743465634075508,17.217351598173515,857,1,75,0.2,0.5,0.5,inheritance,inheritance,inheritance
2376,1048,2201,0.19999999999999998,0.5,0.5,19.968855218855218,7.840648854961832,17.268514311676512,858,1,75,0.2,0.5,0.5,inheritance,inheritance,inheritance
2341,1049,2235,0.19999999999999998,0.5,0.5,19.88979068774028,7.785510009532889,17.29261744966443,859,1,75,0.2,0.5,0.5,inheritance,inheritance,inheritance
2331,1054,2240,0.19999999999999998,0.5,0.5,19.78850278850279,7.882352941176471,17.257589285714285,860,1,75,0.2,0.5,0.5,inheritance,inheritance,inheritance
2328,1062,2235,0.19999999999999996,0.5,0.5,19.598797250859107,7.965160075329567,17.334228187919464,861,1,75,0.2,0.5,0.5,inheritance,inheritance,inheritance
2326,1058,2241,0.19999999999999998,0.5,0.5,19.44625967325881,8.101134215500945,17.42302543507363,862,1,75,0.2,0.5,0.5,inheritance,inheritance,inheritance
2314,1052,2259,0.19999999999999998,0.5,0.5,19.45678478824546,8.257604562737642,17.45993802567508,863,1,75,0.2,0.5,0.5,inheritance,inheritance,inheritance
2312,1017,2296,0.19999999999999998,0.5,0.5,19.58304498269896,8.48180924287119,17.246080139372822,864,1,75,0.2,0.5,0.5,inheritance,inheritance,inheritance
2305,1002,2318,0.19999999999999998,0.5,0.5,19.490238611713664,8.375249500998004,17.170405522001726,865,1,75,0.2,0.5,0.5,inheritance,inheritance,inheritance
2305,966,2354,0.19999999999999998,0.5,0.5,19.686334056399133,8.29192546583851,17.081563296516567,866,1,75,0.2,0.5,0.5,inheritance,inheritance,inheritance
2301,938,2386,0.19999999999999998,0.5,0.5,19.581920903954803,8.178038379530918,17.051550712489522,867,1,75,0.2,0.5,0.5,inheritance,inheritance,inheritance
2304,910,2411,0.19999999999999998,0.5,0.5,19.696614583333332,8.193406593406593,17.0812940688511,868,1,75,0.2,0.5,0.5,inheritance,inheritance,inheritance
2319,875,2431,0.19999999999999998,0.5,0.5,19.65804225959465,7.984,17.085972850678733,869,1,75,0.2,0.5,0.5,inheritance,inheritance,inheritance
2339,854,2432,0.19999999999999998,0.5,0.5,19.669944420692605,8.032786885245901,17.140625,870,1,75,0.2,0.5,0.5,inheritance,inheritance,inheritance
2346,830,2449,0.19999999999999998,0.5,0.5,19.7924126172208,7.943373493975904,17.168231931400573,871,1,75,0.2,0.5,0.5,inheritance,inheritance,inheritance
2338,818,2469,0.19999999999999996,0.5,0.5,19.85928143712575,7.617359413202934,17.13568246253544,872,1,75,0.2,0.5,0.5,inheritance,inheritance,inheritance
2337,816,2472,0.19999999999999996,0.5,0.5,19.870346598202826,7.388480392156863,17.161003236245953,873,1,75,0.2,0.5,0.5,inheritance,inheritance,inheritance
2338,813,2474,0.19999999999999996,0.5,0.5,19.994011976047904,7.340713407134071,17.280921584478577,874,1,75,0.2,0.5,0.5,inheritance,inheritance,inheritance
2340,831,2454,0.19999999999999998,0.5,0.5,20.03034188034188,7.255114320096269,17.535452322738386,875,1,75,0.2,0.5,0.5,inheritance,inheritance,inheritance
2342,832,2451,0.19999999999999996,0.5,0.5,20.14730999146029,7.284855769230769,17.82292941656467,876,1,75,0.2,0.5,0.5,inheritance,inheritance,inheritance
2338,859,2428,0.19999999999999996,0.5,0.5,20.15654405474765,7.311990686845169,18.161037891268535,877,1,75,0.2,0.5,0.5,inheritance,inheritance,inheritance
2333,871,2421,0.19999999999999996,0.5,0.5,20.36262323189027,7.42939150401837,18.444444444444443,878,1,75,0.2,0.5,0.5,inheritance,inheritance,inheritance
2320,890,2415,0.19999999999999998,0.5,0.5,20.458189655172415,7.4584269662921345,18.679089026915115,879,1,75,0.2,0.5,0.5,inheritance,inheritance,inheritance
2307,908,2410,0.19999999999999998,0.5,0.5,20.70307758994365,7.469162995594714,18.8,880,1,75,0.2,0.5,0.5,inheritance,inheritance,inheritance
2322,918,2385,0.19999999999999998,0.5,0.5,20.680878552971578,7.639433551198257,19.057023060796645,881,1,75,0.2,0.5,0.5,inheritance,inheritance,inheritance
2305,918,2402,0.19999999999999998,0.5,0.5,20.914533622559652,7.73202614379085,19.23480432972523,882,1,75,0.2,0.5,0.5,inheritance,inheritance,inheritance
2322,892,2411,0.19999999999999998,0.5,0.5,20.87898363479759,7.9024663677130045,19.21858150145168,883,1,75,0.2,0.5,0.5,inheritance,inheritance,inheritance
2328,899,2398,0.19999999999999996,0.5,0.5,20.737972508591064,7.9699666295884315,19.40283569641368,884,1,75,0.2,0.5,0.5,inheritance,inheritance,inheritance
2322,890,2413,0.19999999999999998,0.5,0.5,20.66752799310939,8.068539325842696,19.387484459179444,885,1,75,0.2,0.5,0.5,inheritance,inheritance,inheritance
2321,897,2407,0.19999999999999998,0.5,0.5,20.622576475657045,8.142697881828317,19.545492314083923,886,1,75,0.2,0.5,0.5,inheritance,inheritance,inheritance
2325,899,2401,0.19999999999999998,0.5,0.5,20.603870967741937,8.224694104560623,19.555601832569764,887,1,75,0.2,0.5,0.5,inheritance,inheritance,inheritance
2347,877,2401,0.19999999999999998,0.5,0.5,20.549211759693225,8.402508551881414,19.446897126197417,888,1,75,0.2,0.5,0.5,inheritance,inheritance,inheritance
2343,866,2416,0.19999999999999996,0.5,0.5,20.57362355953905,8.387990762124712,19.413079470198674,889,1,75,0.2,0.5,0.5,inheritance,inheritance,inheritance
2371,848,2406,0.19999999999999998,0.5,0.5,20.35301560522986,8.383254716981131,19.45303408146301,890,1,75,0.2,0.5,0.5,inheritance,inheritance,inheritance
2358,861,2406,0.19999999999999998,0.5,0.5,20.17345207803223,8.077816492450639,19.49459684123026,891,1,75,0.2,0.5,0.5,inheritance,inheritance,inheritance
2379,855,2391,0.19999999999999998,0.5,0.5,20.10550651534258,8.152046783625732,19.60016729401924,892,1,75,0.2,0.5,0.5,inheritance,inheritance,inheritance
2384,863,2378,0.19999999999999998,0.5,0.5,19.982382550335572,8.15874855156431,19.61354079058032,893,1,75,0.2,0.5,0.5,inheritance,inheritance,inheritance
2389,876,2360,0.19999999999999998,0.5,0.5,19.79321892005023,8.150684931506849,19.654237288135594,894,1,75,0.2,0.5,0.5,inheritance,inheritance,inheritance
2379,887,2359,0.19999999999999998,0.5,0.5,19.73560319461959,7.994363021420519,19.564222128020347,895,1,75,0.2,0.5,0.5,inheritance,inheritance,inheritance
2366,914,2345,0.19999999999999998,0.5,0.5,19.566356720202872,7.843544857768053,19.573134328358208,896,1,75,0.2,0.5,0.5,inheritance,inheritance,inheritance
2372,906,2347,0.19999999999999998,0.5,0.5,19.738617200674536,7.9072847682119205,19.66169578184917,897,1,75,0.2,0.5,0.5,inheritance,inheritance,inheritance
2370,928,2327,0.2,0.5,0.5,19.70210970464135,7.877155172413793,19.724967769660505,898,1,75,0.2,0.5,0.5,inheritance,inheritance,inheritance
2369,937,2319,0.19999999999999998,0.5,0.5,19.598142676234698,7.774813233724653,19.69987063389392,899,1,75,0.2,0.5,0.5,inheritance,inheritance,inheritance
2370,964,2291,0.2,0.5,0.5,19.533333333333335,7.788381742738589,19.81230903535574,900,1,75,0.2,0.5,0.5,inheritance,inheritance,inheritance
2371,960,2294,0.19999999999999998,0.5,0.5,19.700548291859974,7.867708333333334,19.678291194420225,901,1,75,0.2,0.5,0.5,inheritance,inheritance,inheritance
2356,963,2306,0.19999999999999998,0.5,0.5,19.631154499151105,7.784008307372793,19.457068516912404,902,1,75,0.2,0.5,0.5,inheritance,inheritance,inheritance
2333,970,2322,0.19999999999999996,0.5,0.5,19.456493784826403,7.670103092783505,19.180447889750216,903,1,75,0.2,0.5,0.5,inheritance,inheritance,inheritance
2318,992,2315,0.19999999999999998,0.5,0.5,19.286453839516824,7.647177419354839,19.02289416846652,904,1,75,0.2,0.5,0.5,inheritance,inheritance,inheritance
2280,999,2346,0.2,0.5,0.5,19.375877192982458,7.64064064064064,18.91687979539642,905,1,75,0.2,0.5,0.5,inheritance,inheritance,inheritance
2278,989,2358,0.19999999999999998,0.5,0.5,19.20149253731343,7.569261880687563,18.762934690415605,906,1,75,0.2,0.5,0.5,inheritance,inheritance,inheritance
2272,996,2357,0.19999999999999998,0.5,0.5,19.016285211267604,7.509036144578313,18.604157827747137,907,1,75,0.2,0.5,0.5,inheritance,inheritance,inheritance
2239,1006,2380,0.19999999999999998,0.5,0.5,18.82492184010719,7.357852882703777,18.436134453781513,908,1,75,0.2,0.5,0.5,inheritance,inheritance,inheritance
2214,981,2430,0.19999999999999996,0.5,0.5,18.68608852755194,7.327217125382263,18.250205761316874,909,1,75,0.2,0.5,0.5,inheritance,inheritance,inheritance
2202,973,2450,0.19999999999999996,0.5,0.5,18.569028156221616,7.447070914696814,18.206122448979592,910,1,75,0.2,0.5,0.5,inheritance,inheritance,inheritance
2179,965,2481,0.19999999999999998,0.5,0.5,18.45709040844424,7.3917098445595855,18.22571543732366,911,1,75,0.2,0.5,0.5,inheritance,inheritance,inheritance
2189,947,2489,0.19999999999999998,0.5,0.5,18.420740063956146,7.50791974656811,18.163519485737243,912,1,75,0.2,0.5,0.5,inheritance,inheritance,inheritance
2192,949,2484,0.19999999999999996,0.5,0.5,18.199361313868614,7.489989462592202,18.113123993558776,913,1,75,0.2,0.5,0.5,inheritance,inheritance,inheritance
2164,961,2500,0.19999999999999998,0.5,0.5,17.902033271719038,7.433922996878252,18.1608,914,1,75,0.2,0.5,0.5,inheritance,inheritance,inheritance
2133,957,2535,0.19999999999999998,0.5,0.5,17.804969526488513,7.394984326018808,18.19171597633136,915,1,75,0.2,0.5,0.5,inheritance,inheritance,inheritance
2111,958,2556,0.19999999999999998,0.5,0.5,17.74940786357177,7.487473903966597,18.215571205007826,916,1,75,0.2,0.5,0.5,inheritance,inheritance,inheritance
2105,953,2567,0.2,0.5,0.5,17.595724465558195,7.511017838405037,18.183872224386445,917,1,75,0.2,0.5,0.5,inheritance,inheritance,inheritance
2116,945,2564,0.19999999999999998,0.5,0.5,17.492911153119092,7.706878306878306,18.296021840873635,918,1,75,0.2,0.5,0.5,inheritance,inheritance,inheritance
2124,948,2553,0.19999999999999998,0.5,0.5,17.421374764595104,7.8544303797468356,18.56874265569918,919,1,75,0.2,0.5,0.5,inheritance,inheritance,inheritance
2145,936,2544,0.19999999999999998,0.5,0.5,17.05174825174825,7.885683760683761,18.354166666666668,920,1,75,0.2,0.5,0.5,inheritance,inheritance,inheritance
2131,941,2553,0.19999999999999996,0.5,0.5,16.928671984983577,7.659936238044633,18.405797101449274,921,1,75,0.2,0.5,0.5,inheritance,inheritance,inheritance
2115,941,2569,0.2,0.5,0.5,17.15697399527187,7.569606801275239,18.549630206305956,922,1,75,0.2,0.5,0.5,inheritance,inheritance,inheritance
2122,926,2577,0.19999999999999998,0.5,0.5,17.08152686145146,7.520518358531318,18.447419480015522,923,1,75,0.2,0.5,0.5,inheritance,inheritance,inheritance
2120,932,2573,0.2,0.5,0.5,16.986792452830187,7.380901287553648,18.53322969296541,924,1,75,0.2,0.5,0.5,inheritance,inheritance,inheritance
2120,938,2567,0.2,0.5,0.5,16.960849056603774,7.37953091684435,18.61628359953253,925,1,75,0.2,0.5,0.5,inheritance,inheritance,inheritance
2119,916,2590,0.19999999999999998,0.5,0.5,16.86880604058518,7.323144104803493,18.57065637065637,926,1,75,0.2,0.5,0.5,inheritance,inheritance,inheritance
2145,911,2569,0.19999999999999998,0.5,0.5,16.88904428904429,7.440175631174533,18.673024523160763,927,1,75,0.2,0.5,0.5,inheritance,inheritance,inheritance
2161,899,2565,0.19999999999999996,0.5,0.5,17.020823692734844,7.589543937708565,18.716179337231967,928,1,75,0.2,0.5,0.5,inheritance,inheritance,inheritance
2177,892,2556,0.19999999999999996,0.5,0.5,16.87046394120349,7.552690582959642,18.684663536776213,929,1,75,0.2,0.5,0.5,inheritance,inheritance,inheritance
2156,921,2548,0.19999999999999996,0.5,0.5,16.866419294990724,7.525515743756786,18.934458398744113,930,1,75,0.2,0.5,0.5,inheritance,inheritance,inheritance
2168,917,2540,0.19999999999999996,0.5,0.5,16.97140221402214,7.688113413304253,19.137795275590552,931,1,75,0.2,0.5,0.5,inheritance,inheritance,inheritance
2188,912,2525,0.19999999999999996,0.5,0.5,17.0036563071298,7.9298245614035086,19.328712871287127,932,1,75,0.2,0.5,0.5,inheritance,inheritance,inheritance
2213,903,2509,0.19999999999999996,0.5,0.5,16.990510619069138,8.007751937984496,19.382223993622958,933,1,75,0.2,0.5,0.5,inheritance,inheritance,inheritance
2230,896,2499,0.19999999999999998,0.5,0.5,16.92152466367713,8.2265625,19.434573829531814,934,1,75,0.2,0.5,0.5,inheritance,inheritance,inheritance
2266,890,2469,0.19999999999999998,0.5,0.5,16.89894086496028,8.314606741573034,19.51478331308222,935,1,75,0.2,0.5,0.5,inheritance,inheritance,inheritance
2330,851,2444,0.19999999999999998,0.5,0.5,16.94420600858369,8.528789659224442,19.534369885433716,936,1,75,0.2,0.5,0.5,inheritance,inheritance,inheritance
2331,866,2428,0.19999999999999998,0.5,0.5,16.746889746889746,8.25866050808314,19.5329489291598,937,1,75,0.2,0.5,0.5,inheritance,inheritance,inheritance
2358,852,2415,0.19999999999999998,0.5,0.5,16.818066157760814,8.415492957746478,19.43312629399586,938,1,75,0.2,0.5,0.5,inheritance,inheritance,inheritance
2384,847,2394,0.19999999999999998,0.5,0.5,16.800335570469798,8.563164108618654,19.387218045112782,939,1,75,0.2,0.5,0.5,inheritance,inheritance,inheritance
2403,849,2373,0.2,0.5,0.5,16.833541406575115,8.54416961130742,19.564686051411716,940,1,75,0.2,0.5,0.5,inheritance,inheritance,inheritance
2450,811,2364,0.2,0.5,0.5,16.740408163265307,8.508014796547473,19.331218274111674,941,1,75,0.2,0.5,0.5,inheritance,inheritance,inheritance
2486,806,2333,0.19999999999999998,0.5,0.5,16.7586484312148,8.449131513647643,19.288469781397342,942,1,75,0.2,0.5,0.5,inheritance,inheritance,inheritance
2531,797,2297,0.19999999999999998,0.5,0.5,16.73962860529435,8.255959849435383,19.27165868524162,943,1,75,0.2,0.5,0.5,inheritance,inheritance,inheritance
2554,785,2286,0.19999999999999998,0.5,0.5,16.949882537196554,8.185987261146497,19.178477690288712,944,1,75,0.2,0.5,0.5,inheritance,inheritance,inheritance
2573,768,2284,0.19999999999999996,0.5,0.5,17.099883404586087,7.9375,19.015323992994745,945,1,75,0.2,0.5,0.5,inheritance,inheritance,inheritance
2609,755,2261,0.19999999999999998,0.5,0.5,17.226140283633576,7.796026490066225,18.98673153471915,946,1,75,0.2,0.5,0.5,inheritance,inheritance,inheritance
2633,743,2249,0.19999999999999996,0.5,0.5,17.471325484238513,7.499327052489906,18.90929301911961,947,1,75,0.2,0.5,0.5,inheritance,inheritance,inheritance
2637,758,2230,0.19999999999999998,0.5,0.5,17.61054228289723,7.321899736147757,18.714798206278026,948,1,75,0.2,0.5,0.5,inheritance,inheritance,inheritance
2657,741,2227,0.19999999999999996,0.5,0.5,17.801279638690254,7.407557354925776,18.734171531207902,949,1,75,0.2,0.5,0.5,inheritance,inheritance,inheritance
2678,723,2224,0.19999999999999996,0.5,0.5,17.966766243465273,7.495159059474412,18.75089928057554,950,1,75,0.2,0.5,0.5,inheritance,inheritance,inheritance
2719,699,2207,0.19999999999999998,0.5,0.5,18.159249724163296,7.487839771101574,18.7313094698686,951,1,75,0.2,0.5,0.5,inheritance,inheritance,inheritance
2722,711,2192,0.19999999999999996,0.5,0.5,18.3791329904482,7.3642756680731365,18.80109489051095,952,1,75,0.2,0.5,0.5,inheritance,inheritance,inheritance
2741,720,2164,0.19999999999999993,0.5,0.5,18.675300985041954,7.404166666666667,18.798059149722736,953,1,75,0.2,0.5,0.5,inheritance,inheritance,inheritance
2769,707,2149,0.19999999999999998,0.5,0.5,18.880823401950163,7.4582743988684586,18.763610981852025,954,1,75,0.2,0.5,0.5,inheritance,inheritance,inheritance
2773,722,2130,0.19999999999999996,0.5,0.5,19.08979444644789,7.465373961218837,18.869953051643193,955,1,75,0.2,0.5,0.5,inheritance,inheritance,inheritance
2764,725,2136,0.19999999999999996,0.5,0.5,19.28039073806078,7.231724137931034,18.72752808988764,956,1,75,0.2,0.5,0.5,inheritance,inheritance,inheritance
2765,729,2131,0.19999999999999996,0.5,0.5,19.289692585895118,6.91358024691358,18.533552322853122,957,1,75,0.2,0.5,0.5,inheritance,inheritance,inheritance
2771,742,2112,0.19999999999999998,0.5,0.5,19.371706964994587,6.756064690026954,18.516098484848484,958,1,75,0.2,0.5,0.5,inheritance,inheritance,inheritance
2766,760,2099,0.19999999999999993,0.5,0.5,19.493853940708604,6.613157894736842,18.539304430681277,959,1,75,0.2,0.5,0.5,inheritance,inheritance,inheritance
2756,772,2097,0.19999999999999993,0.5,0.5,19.612119013062408,6.585492227979275,18.576061039580352,960,1,75,0.2,0.5,0.5,inheritance,inheritance,inheritance
2762,794,2069,0.19999999999999996,0.5,0.5,19.725923244026067,6.666246851385391,18.630256162397295,961,1,75,0.2,0.5,0.5,inheritance,inheritance,inheritance
2723,826,2076,0.19999999999999996,0.5,0.5,19.917737789203084,6.610169491525424,18.613680154142582,962,1,75,0.2,0.5,0.5,inheritance,inheritance,inheritance
2711,867,2047,0.19999999999999998,0.5,0.5,20.05274806344522,6.568627450980392,18.711773326819735,963,1,75,0.2,0.5,0.5,inheritance,inheritance,inheritance
2662,909,2054,0.19999999999999996,0.5,0.5,20.258827948910593,6.422442244224422,18.648003894839338,964,1,75,0.2,0.5,0.5,inheritance,inheritance,inheritance
2614,937,2074,0.19999999999999998,0.5,0.5,20.377199693955625,6.325506937033085,18.26904532304725,965,1,75,0.2,0.5,0.5,inheritance,inheritance,inheritance
2561,989,2075,0.19999999999999998,0.5,0.5,20.650136665365093,6.356926188068757,18.193253012048192,966,1,75,0.2,0.5,0.5,inheritance,inheritance,inheritance
2518,1026,2081,0.19999999999999996,0.5,0.5,20.818506751389993,6.356725146198831,18.059586737145604,967,1,75,0.2,0.5,0.5,inheritance,inheritance,inheritance
2497,1041,2087,0.19999999999999996,0.5,0.5,20.80336403684421,6.614793467819404,18.018687110685192,968,1,75,0.2,0.5,0.5,inheritance,inheritance,inheritance
2460,1066,2099,0.2,0.5,0.5,20.776016260162603,6.677298311444653,17.954740352548832,969,1,75,0.2,0.5,0.5,inheritance,inheritance,inheritance
2459,1056,2110,0.19999999999999998,0.5,0.5,20.725091500610006,6.7585227272727275,17.67867298578199,970,1,75,0.2,0.5,0.5,inheritance,inheritance,inheritance
2385,1094,2146,0.19999999999999998,0.5,0.5,20.948008385744235,6.6791590493601465,17.7618825722274,971,1,75,0.2,0.5,0.5,inheritance,inheritance,inheritance
2357,1109,2159,0.19999999999999998,0.5,0.5,20.974543911752228,6.714156898106403,17.73274664196387,972,1,75,0.2,0.5,0.5,inheritance,inheritance,inheritance
2312,1106,2207,0.19999999999999998,0.5,0.5,21.05968858131488,6.844484629294756,17.46986859990938,973,1,75,0.2,0.5,0.5,inheritance,inheritance,inheritance
2278,1109,2238,0.19999999999999998,0.5,0.5,21.108867427568043,6.950405770964833,17.457551385165328,974,1,75,0.2,0.5,0.5,inheritance,inheritance,inheritance
2256,1101,2268,0.19999999999999998,0.5,0.5,21.036347517730498,6.935513169845595,17.352292768959437,975,1,75,0.2,0.5,0.5,inheritance,inheritance,inheritance
2202,1087,2336,0.19999999999999996,0.5,0.5,21.18801089918256,7.006439742410303,17.222174657534246,976,1,75,0.2,0.5,0.5,inheritance,inheritance,inheritance
2183,1083,2359,0.19999999999999996,0.5,0.5,21.110856619331194,7.159741458910434,17.264094955489615,977,1,75,0.2,0.5,0.5,inheritance,inheritance,inheritance
2149,1099,2377,0.19999999999999998,0.5,0.5,20.99627733829688,7.292993630573249,17.350862431636518,978,1,75,0.2,0.5,0.5,inheritance,inheritance,inheritance
2118,1075,2432,0.19999999999999998,0.5,0.5,21.016525023607176,7.265116279069767,17.293174342105264,979,1,75,0.2,0.5,0.5,inheritance,inheritance,inheritance
2081,1086,2458,0.2,0.5,0.5,20.603555982700623,7.290055248618785,17.312042310821806,980,1,75,0.2,0.5,0.5,inheritance,inheritance,inheritance
2067,1056,2502,0.20000000000000004,0.5,0.5,20.254958877600387,7.348484848484849,17.09312549960032,981,1,75,0.2,0.5,0.5,inheritance,inheritance,inheritance
2042,1048,2535,0.20000000000000004,0.5,0.5,19.95445641527914,7.331106870229007,17.10335305719921,982,1,75,0.2,0.5,0.5,inheritance,inheritance,inheritance
2032,1043,2550,0.20000000000000004,0.5,0.5,19.720964566929133,7.325023969319271,17.177254901960783,983,1,75,0.2,0.5,0.5,inheritance,inheritance,inheritance
1998,1051,2576,0.2,0.5,0.5,19.24924924924925,7.1332064700285445,17.262810559006212,984,1,75,0.2,0.5,0.5,inheritance,inheritance,inheritance
1997,1027,2601,0.20000000000000004,0.5,0.5,18.98798197295944,7.282375851996105,17.323337178008458,985,1,75,0.2,0.5,0.5,inheritance,inheritance,inheritance
1993,1011,2621,0.20000000000000004,0.5,0.5,18.5920722528851,7.366963402571711,17.30827928271652,986,1,75,0.2,0.5,0.5,inheritance,inheritance,inheritance
1983,1003,2639,0.2,0.5,0.5,18.34140191628845,7.318045862412761,17.281924971580143,987,1,75,0.2,0.5,0.5,inheritance,inheritance,inheritance
1988,965,2672,0.2,0.5,0.5,18.00754527162978,7.425906735751295,17.19610778443114,988,1,75,0.2,0.5,0.5,inheritance,inheritance,inheritance
1972,960,2693,0.20000000000000004,0.5,0.5,17.99898580121704,7.385416666666667,17.312662458225027,989,1,75,0.2,0.5,0.5,inheritance,inheritance,inheritance
1960,935,2730,0.20000000000000007,0.5,0.5,17.797448979591838,7.361497326203208,17.41245421245421,990,1,75,0.2,0.5,0.5,inheritance,inheritance,inheritance
1988,909,2728,0.2,0.5,0.5,17.506036217303823,7.4235423542354235,17.45234604105572,991,1,75,0.2,0.5,0.5,inheritance,inheritance,inheritance
1998,901,2726,0.2,0.5,0.5,17.127127127127128,7.346281908990011,17.49046221570066,992,1,75,0.2,0.5,0.5,inheritance,inheritance,inheritance
2030,870,2725,0.20000000000000004,0.5,0.5,16.836453201970443,7.36551724137931,17.468990825688074,993,1,75,0.2,0.5,0.5,inheritance,inheritance,inheritance
2045,842,2738,0.20000000000000004,0.5,0.5,16.698288508557457,7.173396674584323,17.482103725346967,994,1,75,0.2,0.5,0.5,inheritance,inheritance,inheritance
2060,824,2741,0.20000000000000007,0.5,0.5,16.65242718446602,7.171116504854369,17.510397665085733,995,1,75,0.2,0.5,0.5,inheritance,inheritance,inheritance
2055,794,2776,0.20000000000000007,0.5,0.5,16.630656934306568,7.027707808564232,17.51657060518732,996,1,75,0.2,0.5,0.5,inheritance,inheritance,inheritance
2050,790,2785,0.20000000000000007,0.5,0.5,16.534146341463416,6.925316455696202,17.7213644524237,997,1,75,0.2,0.5,0.5,inheritance,inheritance,inheritance
2064,779,2782,0.20000000000000004,0.5,0.5,16.39389534883721,6.808729139922979,18.00467289719626,998,1,75,0.2,0.5,0.5,inheritance,inheritance,inheritance
2085,755,2785,0.2,0.5,0.5,16.41294964028777,6.855629139072848,18.02980251346499,999,1,75,0.2,0.5,0.5,inheritance,inheritance,inheritance
1859,1882,1884,0.20000000000000004,0.5,0.5,0.0,0.0,0.0,0,2,75,0.2,0.5,0.5,inheritance,inheritance,inheritance
1673,1856,2096,0.2,0.5,0.5,1.0,1.0,1.0,1,2,75,0.2,0.5,0.5,inheritance,inheritance,inheritance
1546,1771,2308,0.19999999999999998,0.5,0.5,1.927554980595084,1.8774703557312253,1.8578856152513,2,2,75,0.2,0.5,0.5,inheritance,inheritance,inheritance
1446,1645,2534,0.19999999999999998,0.5,0.5,2.796680497925311,2.6656534954407296,2.6144435674822417,3,2,75,0.2,0.5,0.5,inheritance,inheritance,inheritance
1376,1541,2708,0.19999999999999996,0.5,0.5,3.565406976744186,3.3419857235561325,3.3301329394387,4,2,75,0.2,0.5,0.5,inheritance,inheritance,inheritance
1351,1387,2887,0.19999999999999996,0.5,0.5,4.249444855662472,3.948810382119683,3.9764461378593694,5,2,75,0.2,0.5,0.5,inheritance,inheritance,inheritance
1389,1209,3027,0.19999999999999996,0.5,0.5,4.862491000719943,4.624483043837882,4.621076973901553,6,2,75,0.2,0.5,0.5,inheritance,inheritance,inheritance
1403,1046,3176,0.19999999999999998,0.5,0.5,5.436208125445474,5.187380497131931,5.232367758186398,7,2,75,0.2,0.5,0.5,inheritance,inheritance,inheritance
1444,911,3270,0.19999999999999996,0.5,0.5,5.85595567867036,5.634467618002195,5.835474006116208,8,2,75,0.2,0.5,0.5,inheritance,inheritance,inheritance
1498,750,3377,0.19999999999999998,0.5,0.5,6.3437917222963955,6.1306666666666665,6.411607936037903,9,2,75,0.2,0.5,0.5,inheritance,inheritance,inheritance
1584,657,3384,0.2,0.5,0.5,6.671085858585859,6.4581430745814306,7.0774231678487,10,2,75,0.2,0.5,0.5,inheritance,inheritance,inheritance
1664,579,3382,0.2,0.5,0.5,7.057091346153846,6.6977547495682215,7.722057953873447,11,2,75,0.2,0.5,0.5,inheritance,inheritance,inheritance
1763,508,3354,0.2,0.5,0.5,7.434486670448099,6.812992125984252,8.41979725700656,12,2,75,0.2,0.5,0.5,inheritance,inheritance,inheritance
1831,464,3330,0.2,0.5,0.5,7.843255051884216,6.5625,9.098198198198197,13,2,75,0.2,0.5,0.5,inheritance,inheritance,inheritance
1942,425,3258,0.2,0.5,0.5,8.159114315139032,6.628235294117647,9.79036218538981,14,2,75,0.2,0.5,0.5,inheritance,inheritance,inheritance
2047,390,3188,0.20000000000000004,0.5,0.5,8.5095261358085,6.561538461538461,10.458594730238394,15,2,75,0.2,0.5,0.5,inheritance,inheritance,inheritance
2182,375,3068,0.19999999999999996,0.5,0.5,8.733730522456462,6.405333333333333,11.145697522816167,16,2,75,0.2,0.5,0.5,inheritance,inheritance,inheritance
2296,341,2988,0.19999999999999998,0.5,0.5,9.085365853658537,6.278592375366569,11.762382864792503,17,2,75,0.2,0.5,0.5,inheritance,inheritance,inheritance
2428,315,2882,0.2,0.5,0.5,9.45675453047776,6.152380952380953,12.46738376127689,18,2,75,0.2,0.5,0.5,inheritance,inheritance,inheritance
2528,315,2782,0.19999999999999996,0.5,0.5,9.875,6.117460317460317,13.160316319194823,19,2,75,0.2,0.5,0.5,inheritance,inheritance,inheritance
2659,306,2660,0.19999999999999998,0.5,0.5,10.156073711921776,5.947712418300654,13.78533834586466,20,2,75,0.2,0.5,0.5,inheritance,inheritance,inheritance
2770,298,2557,0.19999999999999996,0.5,0.5,10.568592057761732,5.929530201342282,14.43214704732108,21,2,75,0.2,0.5,0.5,inheritance,inheritance,inheritance
2892,295,2438,0.19999999999999998,0.5,0.5,10.966459197786998,5.867796610169491,15.15422477440525,22,2,75,0.2,0.5,0.5,inheritance,inheritance,inheritance
3029,288,2308,0.19999999999999998,0.5,0.5,11.331792670848465,6.017361111111111,15.84315424610052,23,2,75,0.2,0.5,0.5,inheritance,inheritance,inheritance
3141,278,2206,0.2,0.5,0.5,11.76981852913085,6.172661870503597,16.42157751586582,24,2,75,0.2,0.5,0.5,inheritance,inheritance,inheritance
3258,265,2102,0.19999999999999998,0.5,0.5,12.220073664825046,6.316981132075472,17.023311132254996,25,2,75,0.2,0.5,0.5,inheritance,inheritance,inheritance
3365,257,2003,0.2,0.5,0.5,12.707578008915304,6.381322957198444,17.554667998002994,26,2,75,0.2,0.5,0.5,inheritance,inheritance,inheritance
3458,267,1900,0.2,0.5,0.5,13.178716020821284,6.453183520599251,18.036315789473683,27,2,75,0.2,0.5,0.5,inheritance,inheritance,inheritance
3556,264,1805,0.2,0.5,0.5,13.657761529808774,6.46969696969697,18.475346260387813,28,2,75,0.2,0.5,0.5,inheritance,inheritance,inheritance
3645,266,1714,0.20000000000000004,0.5,0.5,14.184087791495198,6.552631578947368,18.91598599766628,29,2,75,0.2,0.5,0.5,inheritance,inheritance,inheritance
3753,252,1620,0.20000000000000004,0.5,0.5,14.678923527844391,6.698412698412699,19.330864197530865,30,2,75,0.2,0.5,0.5,inheritance,inheritance,inheritance
3822,262,1541,0.2,0.5,0.5,15.233647305075877,6.293893129770993,19.789746917585983,31,2,75,0.2,0.5,0.5,inheritance,inheritance,inheritance
3916,280,1429,0.20000000000000004,0.5,0.5,15.665474974463738,6.271428571428571,20.172148355493352,32,2,75,0.2,0.5,0.5,inheritance,inheritance,inheritance
3995,292,1338,0.20000000000000004,0.5,0.5,16.176220275344182,6.352739726027397,20.389387144992526,33,2,75,0.2,0.5,0.5,inheritance,inheritance,inheritance
4072,305,1248,0.20000000000000004,0.5,0.5,16.68074656188605,6.406557377049181,20.520833333333332,34,2,75,0.2,0.5,0.5,inheritance,inheritance,inheritance
4139,318,1168,0.20000000000000004,0.5,0.5,17.217927035515824,6.182389937106918,20.57191780821918,35,2,75,0.2,0.5,0.5,inheritance,inheritance,inheritance
4165,347,1113,0.2,0.5,0.5,17.887394957983194,6.14985590778098,20.80952380952381,36,2,75,0.2,0.5,0.5,inheritance,inheritance,inheritance
4194,365,1066,0.19999999999999998,0.5,0.5,18.458273724368144,5.898630136986301,20.632270168855534,37,2,75,0.2,0.5,0.5,inheritance,inheritance,inheritance
4207,388,1030,0.19999999999999998,0.5,0.5,19.117661041121938,5.75,20.69126213592233,38,2,75,0.2,0.5,0.5,inheritance,inheritance,inheritance
4214,429,982,0.19999999999999998,0.5,0.5,19.738253440911247,5.547785547785548,20.686354378818738,39,2,75,0.2,0.5,0.5,inheritance,inheritance,inheritance
4233,452,940,0.19999999999999998,0.5,0.5,20.364280652019843,5.506637168141593,20.28404255319149,40,2,75,0.2,0.5,0.5,inheritance,inheritance,inheritance
4224,490,911,0.19999999999999998,0.5,0.5,21.050189393939394,5.546938775510204,19.97365532381998,41,2,75,0.2,0.5,0.5,inheritance,inheritance,inheritance
4207,539,879,0.19999999999999998,0.5,0.5,21.645828381269315,5.512059369202226,19.513083048919228,42,2,75,0.2,0.5,0.5,inheritance,inheritance,inheritance
4182,605,838,0.2,0.5,0.5,22.263988522238165,5.5636363636363635,19.365155131264917,43,2,75,0.2,0.5,0.5,inheritance,inheritance,inheritance
4153,672,800,0.20000000000000004,0.5,0.5,22.83602215266073,5.59375,18.93625,44,2,75,0.2,0.5,0.5,inheritance,inheritance,inheritance
4104,730,791,0.20000000000000004,0.5,0.5,23.468810916179336,5.738356164383561,18.305941845764856,45,2,75,0.2,0.5,0.5,inheritance,inheritance,inheritance
4060,788,777,0.20000000000000004,0.5,0.5,24.128817733990147,5.918781725888325,17.682110682110682,46,2,75,0.2,0.5,0.5,inheritance,inheritance,inheritance
4000,864,761,0.20000000000000004,0.5,0.5,24.628,5.895833333333333,17.281208935611037,47,2,75,0.2,0.5,0.5,inheritance,inheritance,inheritance
3916,947,762,0.20000000000000004,0.5,0.5,25.307456588355464,5.955649419218585,16.816272965879264,48,2,75,0.2,0.5,0.5,inheritance,inheritance,inheritance
3826,1042,757,0.20000000000000004,0.5,0.5,25.9064296915839,6.1026871401151634,16.22324966974901,49,2,75,0.2,0.5,0.5,inheritance,inheritance,inheritance
3748,1095,782,0.20000000000000004,0.5,0.5,26.56590181430096,6.34337899543379,15.529411764705882,50,2,75,0.2,0.5,0.5,inheritance,inheritance,inheritance
3653,1173,799,0.20000000000000004,0.5,0.5,27.178209690665206,6.541346973572037,14.942428035043804,51,2,75,0.2,0.5,0.5,inheritance,inheritance,inheritance
3543,1260,822,0.2,0.5,0.5,27.73863957098504,6.7023809523809526,14.44890510948905,52,2,75,0.2,0.5,0.5,inheritance,inheritance,inheritance
3424,1336,865,0.2,0.5,0.5,28.428446261682243,6.897455089820359,13.8878612716763,53,2,75,0.2,0.5,0.5,inheritance,inheritance,inheritance
3323,1408,894,0.2,0.5,0.5,29.08335841107433,7.1960227272727275,13.700223713646533,54,2,75,0.2,0.5,0.5,inheritance,inheritance,inheritance
3201,1490,934,0.2,0.5,0.5,29.63105279600125,7.3389261744966445,13.380085653104926,55,2,75,0.2,0.5,0.5,inheritance,inheritance,inheritance
3073,1598,954,0.19999999999999998,0.5,0.5,30.017246989912138,7.421777221526908,12.920335429769391,56,2,75,0.2,0.5,0.5,inheritance,inheritance,inheritance
2932,1697,996,0.19999999999999998,0.5,0.5,30.38710777626194,7.592810842663524,12.642570281124499,57,2,75,0.2,0.5,0.5,inheritance,inheritance,inheritance
2781,1803,1041,0.19999999999999998,0.5,0.5,30.699029126213592,7.717138103161398,12.340057636887607,58,2,75,0.2,0.5,0.5,inheritance,inheritance,inheritance
2621,1921,1083,0.19999999999999998,0.5,0.5,31.135826020602824,7.839146277980219,12.193905817174516,59,2,75,0.2,0.5,0.5,inheritance,inheritance,inheritance
2484,2011,1130,0.19999999999999998,0.5,0.5,31.314412238325282,8.107906514172054,11.870796460176992,60,2,75,0.2,0.5,0.5,inheritance,inheritance,inheritance
2329,2079,1217,0.19999999999999998,0.5,0.5,31.729497638471447,8.262145262145262,11.63023829087921,61,2,75,0.2,0.5,0.5,inheritance,inheritance,inheritance
2172,2161,1292,0.19999999999999998,0.5,0.5,32.01657458563536,8.426654326700602,11.64938080495356,62,2,75,0.2,0.5,0.5,inheritance,inheritance,inheritance
2026,2243,1356,0.2,0.5,0.5,32.04837117472853,8.617030762371824,11.665929203539823,63,2,75,0.2,0.5,0.5,inheritance,inheritance,inheritance
1888,2293,1444,0.2,0.5,0.5,32.24576271186441,8.858264282599215,11.541551246537397,64,2,75,0.2,0.5,0.5,inheritance,inheritance,inheritance
1762,2326,1537,0.19999999999999998,0.5,0.5,32.09307604994325,9.100601891659501,11.512036434612883,65,2,75,0.2,0.5,0.5,inheritance,inheritance,inheritance
1653,2323,1649,0.2,0.5,0.5,31.95039322444041,9.311665949203617,11.313523347483324,66,2,75,0.2,0.5,0.5,inheritance,inheritance,inheritance
1514,2355,1756,0.19999999999999998,0.5,0.5,31.542272126816382,9.466666666666667,11.263097949886104,67,2,75,0.2,0.5,0.5,inheritance,inheritance,inheritance
1388,2365,1872,0.19999999999999993,0.5,0.5,30.8328530259366,9.57970401691332,11.1741452991453,68,2,75,0.2,0.5,0.5,inheritance,inheritance,inheritance
1269,2368,1988,0.19999999999999996,0.5,0.5,29.65799842395587,9.669341216216216,11.098088531187123,69,2,75,0.2,0.5,0.5,inheritance,inheritance,inheritance
1166,2343,2116,0.19999999999999998,0.5,0.5,28.574614065180103,9.855313700384123,11.099243856332704,70,2,75,0.2,0.5,0.5,inheritance,inheritance,inheritance
1070,2305,2250,0.19999999999999998,0.5,0.5,27.057943925233644,10.027765726681128,11.048444444444444,71,2,75,0.2,0.5,0.5,inheritance,inheritance,inheritance
991,2220,2414,0.20000000000000004,0.5,0.5,25.974772956609485,10.15990990990991,10.907207953603978,72,2,75,0.2,0.5,0.5,inheritance,inheritance,inheritance
948,2119,2558,0.2,0.5,0.5,24.690928270042193,10.458706937234545,10.946442533229085,73,2,75,0.2,0.5,0.5,inheritance,inheritance,inheritance
913,2022,2690,0.2,0.5,0.5,23.370208105147864,10.792284866468842,11.104089219330856,74,2,75,0.2,0.5,0.5,inheritance,inheritance,inheritance
881,1887,2857,0.19999999999999998,0.5,0.5,22.464245175936437,11.088500264970854,11.200210010500525,75,2,75,0.2,0.5,0.5,inheritance,inheritance,inheritance
861,1773,2991,0.2,0.5,0.5,21.307781649245065,11.467569091934575,11.433634236041458,76,2,75,0.2,0.5,0.5,inheritance,inheritance,inheritance
847,1645,3133,0.19999999999999998,0.5,0.5,19.94332939787485,11.691793313069908,11.672837535908075,77,2,75,0.2,0.5,0.5,inheritance,inheritance,inheritance
844,1496,3285,0.2,0.5,0.5,18.907582938388625,11.998663101604278,11.922374429223744,78,2,75,0.2,0.5,0.5,inheritance,inheritance,inheritance
848,1357,3420,0.20000000000000004,0.5,0.5,18.32075471698113,12.235077376565954,12.157309941520468,79,2,75,0.2,0.5,0.5,inheritance,inheritance,inheritance
845,1238,3542,0.2,0.5,0.5,17.519526627218934,12.327140549273022,12.507340485601356,80,2,75,0.2,0.5,0.5,inheritance,inheritance,inheritance
849,1088,3688,0.2,0.5,0.5,17.196702002355714,12.553308823529411,12.810737527114968,81,2,75,0.2,0.5,0.5,inheritance,inheritance,inheritance
876,948,3801,0.2,0.5,0.5,16.930365296803654,12.891350210970463,13.169692186266772,82,2,75,0.2,0.5,0.5,inheritance,inheritance,inheritance
909,840,3876,0.2,0.5,0.5,16.336633663366335,13.341666666666667,13.633384932920537,83,2,75,0.2,0.5,0.5,inheritance,inheritance,inheritance
928,737,3960,0.2,0.5,0.5,16.22737068965517,13.492537313432836,14.147222222222222,84,2,75,0.2,0.5,0.5,inheritance,inheritance,inheritance
955,635,4035,0.20000000000000004,0.5,0.5,15.956020942408378,13.76535433070866,14.659231722428748,85,2,75,0.2,0.5,0.5,inheritance,inheritance,inheritance
981,551,4093,0.2,0.5,0.5,15.961264016309888,13.544464609800363,15.187148790618128,86,2,75,0.2,0.5,0.5,inheritance,inheritance,inheritance
1035,449,4141,0.20000000000000007,0.5,0.5,15.58647342995169,13.380846325167038,15.58270949046124,87,2,75,0.2,0.5,0.5,inheritance,inheritance,inheritance
1076,385,4164,0.19999999999999998,0.5,0.5,15.74442379182156,12.94025974025974,16.18467819404419,88,2,75,0.2,0.5,0.5,inheritance,inheritance,inheritance
1121,334,4170,0.19999999999999998,0.5,0.5,15.555753791257805,12.625748502994012,16.807673860911272,89,2,75,0.2,0.5,0.5,inheritance,inheritance,inheritance
1173,296,4156,0.19999999999999998,0.5,0.5,15.517476555839727,12.118243243243244,17.485803657362847,90,2,75,0.2,0.5,0.5,inheritance,inheritance,inheritance
1211,268,4146,0.19999999999999998,0.5,0.5,15.654830718414534,11.309701492537313,18.13675832127352,91,2,75,0.2,0.5,0.5,inheritance,inheritance,inheritance
1261,236,4128,0.19999999999999996,0.5,0.5,15.731165741475019,10.974576271186441,18.859738372093023,92,2,75,0.2,0.5,0.5,inheritance,inheritance,inheritance
1310,208,4107,0.2,0.5,0.5,15.678625954198473,9.322115384615385,19.525687850012176,93,2,75,0.2,0.5,0.5,inheritance,inheritance,inheritance
1361,189,4075,0.19999999999999996,0.5,0.5,15.65025716385011,8.328042328042327,20.19926380368098,94,2,75,0.2,0.5,0.5,inheritance,inheritance,inheritance
1406,183,4036,0.19999999999999998,0.5,0.5,15.91394025604552,8.39344262295082,21.011149653121905,95,2,75,0.2,0.5,0.5,inheritance,inheritance,inheritance
1468,175,3982,0.2,0.5,0.5,15.895776566757494,7.508571428571429,21.732546459065794,96,2,75,0.2,0.5,0.5,inheritance,inheritance,inheritance
1522,187,3916,0.19999999999999998,0.5,0.5,16.068331143232587,7.213903743315508,22.5658835546476,97,2,75,0.2,0.5,0.5,inheritance,inheritance,inheritance
1576,193,3856,0.20000000000000004,0.5,0.5,16.133883248730964,6.642487046632124,23.31716804979253,98,2,75,0.2,0.5,0.5,inheritance,inheritance,inheritance
1634,206,3785,0.19999999999999998,0.5,0.5,16.32313341493268,7.053398058252427,24.170673712021134,99,2,75,0.2,0.5,0.5,inheritance,inheritance,inheritance
1684,221,3720,0.2,0.5,0.5,16.45249406175772,6.963800904977376,25.037903225806453,100,2,75,0.2,0.5,0.5,inheritance,inheritance,inheritance
1747,228,3650,0.19999999999999998,0.5,0.5,16.637664567830566,7.166666666666667,25.85753424657534,101,2,75,0.2,0.5,0.5,inheritance,inheritance,inheritance
1801,239,3585,0.20000000000000004,0.5,0.5,16.84508606329817,7.2761506276150625,26.66750348675035,102,2,75,0.2,0.5,0.5,inheritance,inheritance,inheritance
1848,243,3534,0.2,0.5,0.5,17.178030303030305,7.403292181069959,27.484153933220146,103,2,75,0.2,0.5,0.5,inheritance,inheritance,inheritance
1927,253,3445,0.20000000000000004,0.5,0.5,17.107939802802285,7.604743083003952,28.241799709724237,104,2,75,0.2,0.5,0.5,inheritance,inheritance,inheritance
1994,252,3379,0.20000000000000004,0.5,0.5,17.253761283851556,7.896825396825397,28.99408108907961,105,2,75,0.2,0.5,0.5,inheritance,inheritance,inheritance
2051,259,3315,0.2,0.5,0.5,17.549488054607508,8.13127413127413,29.8,106,2,75,0.2,0.5,0.5,inheritance,inheritance,inheritance
2103,264,3258,0.2,0.5,0.5,17.886828340466,8.128787878787879,30.577041129527316,107,2,75,0.2,0.5,0.5,inheritance,inheritance,inheritance
2152,260,3213,0.19999999999999998,0.5,0.5,18.21561338289963,8.015384615384615,31.151571739807032,108,2,75,0.2,0.5,0.5,inheritance,inheritance,inheritance
2206,280,3139,0.19999999999999996,0.5,0.5,18.373526745240255,7.775,31.85950939789742,109,2,75,0.2,0.5,0.5,inheritance,inheritance,inheritance
2258,291,3076,0.19999999999999996,0.5,0.5,18.644375553587246,7.893470790378007,32.594278283485046,110,2,75,0.2,0.5,0.5,inheritance,inheritance,inheritance
2311,294,3020,0.19999999999999998,0.5,0.5,18.907832107312853,7.931972789115647,33.32086092715232,111,2,75,0.2,0.5,0.5,inheritance,inheritance,inheritance
2390,299,2936,0.19999999999999998,0.5,0.5,18.947280334728035,7.862876254180602,33.96049046321526,112,2,75,0.2,0.5,0.5,inheritance,inheritance,inheritance
2438,315,2872,0.19999999999999998,0.5,0.5,19.158736669401147,7.625396825396826,34.6458913649025,113,2,75,0.2,0.5,0.5,inheritance,inheritance,inheritance
2492,329,2804,0.19999999999999998,0.5,0.5,19.380818619582666,7.550151975683891,35.234308131241086,114,2,75,0.2,0.5,0.5,inheritance,inheritance,inheritance
2544,327,2754,0.19999999999999998,0.5,0.5,19.740959119496857,7.348623853211009,35.7084241103849,115,2,75,0.2,0.5,0.5,inheritance,inheritance,inheritance
2584,341,2700,0.19999999999999998,0.5,0.5,20.041795665634673,7.331378299120234,36.18814814814815,116,2,75,0.2,0.5,0.5,inheritance,inheritance,inheritance
2636,342,2647,0.19999999999999998,0.5,0.5,20.278831562974204,7.090643274853801,36.64752550056668,117,2,75,0.2,0.5,0.5,inheritance,inheritance,inheritance
2699,347,2579,0.19999999999999998,0.5,0.5,20.53427195257503,7.244956772334294,37.15199689802249,118,2,75,0.2,0.5,0.5,inheritance,inheritance,inheritance
2766,357,2502,0.19999999999999993,0.5,0.5,20.636659436008678,7.285714285714286,37.67106314948042,119,2,75,0.2,0.5,0.5,inheritance,inheritance,inheritance
2796,355,2474,0.19999999999999998,0.5,0.5,21.067954220314736,7.214084507042253,37.94624090541633,120,2,75,0.2,0.5,0.5,inheritance,inheritance,inheritance
2846,344,2435,0.19999999999999993,0.5,0.5,21.441672522839074,7.232558139534884,38.12813141683778,121,2,75,0.2,0.5,0.5,inheritance,inheritance,inheritance
2892,355,2378,0.19999999999999998,0.5,0.5,21.678769017980635,6.977464788732394,38.38940285954584,122,2,75,0.2,0.5,0.5,inheritance,inheritance,inheritance
2951,343,2331,0.19999999999999998,0.5,0.5,21.978312436462215,7.055393586005831,38.61132561132561,123,2,75,0.2,0.5,0.5,inheritance,inheritance,inheritance
3002,358,2265,0.19999999999999996,0.5,0.5,22.33311125916056,6.9581005586592175,38.98543046357616,124,2,75,0.2,0.5,0.5,inheritance,inheritance,inheritance
3034,372,2219,0.19999999999999998,0.5,0.5,22.62821357943309,6.774193548387097,39.32672374943668,125,2,75,0.2,0.5,0.5,inheritance,inheritance,inheritance
3068,395,2162,0.2,0.5,0.5,22.958604954367665,6.589873417721519,39.45004625346901,126,2,75,0.2,0.5,0.5,inheritance,inheritance,inheritance
3114,386,2125,0.19999999999999998,0.5,0.5,23.31567116249197,6.634715025906735,39.4,127,2,75,0.2,0.5,0.5,inheritance,inheritance,inheritance
3142,405,2078,0.20000000000000004,0.5,0.5,23.701464035646087,6.390123456790123,39.60972088546679,128,2,75,0.2,0.5,0.5,inheritance,inheritance,inheritance
3169,429,2027,0.19999999999999998,0.5,0.5,24.000315556958032,6.165501165501166,39.585594474592995,129,2,75,0.2,0.5,0.5,inheritance,inheritance,inheritance
3198,439,1988,0.19999999999999998,0.5,0.5,24.339587242026266,6.211845102505695,39.50704225352113,130,2,75,0.2,0.5,0.5,inheritance,inheritance,inheritance
3200,469,1956,0.2,0.5,0.5,24.7490625,6.049040511727079,39.47443762781186,131,2,75,0.2,0.5,0.5,inheritance,inheritance,inheritance
3215,497,1913,0.2,0.5,0.5,25.045412130637636,5.859154929577465,39.442760062728695,132,2,75,0.2,0.5,0.5,inheritance,inheritance,inheritance
3216,514,1895,0.2,0.5,0.5,25.503731343283583,5.92023346303502,39.36358839050132,133,2,75,0.2,0.5,0.5,inheritance,inheritance,inheritance
3234,522,1869,0.19999999999999998,0.5,0.5,25.871985157699445,6.019157088122605,38.7940074906367,134,2,75,0.2,0.5,0.5,inheritance,inheritance,inheritance
3261,519,1845,0.19999999999999998,0.5,0.5,26.188899110702238,6.227360308285164,38.37289972899729,135,2,75,0.2,0.5,0.5,inheritance,inheritance,inheritance
3300,528,1797,0.2,0.5,0.5,26.471818181818183,6.441287878787879,38.05620478575403,136,2,75,0.2,0.5,0.5,inheritance,inheritance,inheritance
3293,560,1772,0.2,0.5,0.5,26.86395384148193,6.433928571428571,38.190744920993225,137,2,75,0.2,0.5,0.5,inheritance,inheritance,inheritance
3315,564,1746,0.2,0.5,0.5,27.238612368024132,6.609929078014185,37.84020618556701,138,2,75,0.2,0.5,0.5,inheritance,inheritance,inheritance
3313,579,1733,0.20000000000000004,0.5,0.5,27.719891337156657,6.618307426597582,37.44200807847663,139,2,75,0.2,0.5,0.5,inheritance,inheritance,inheritance
3305,604,1716,0.2,0.5,0.5,27.975491679273826,6.567880794701987,36.89160839160839,140,2,75,0.2,0.5,0.5,inheritance,inheritance,inheritance
3330,618,1677,0.2,0.5,0.5,28.183783783783785,6.828478964401294,36.66308884913536,141,2,75,0.2,0.5,0.5,inheritance,inheritance,inheritance
3333,619,1673,0.19999999999999998,0.5,0.5,28.576357635763575,6.988691437802908,36.14763897190675,142,2,75,0.2,0.5,0.5,inheritance,inheritance,inheritance
3322,644,1659,0.20000000000000004,0.5,0.5,28.95996387718242,6.903726708074534,35.119951778179626,143,2,75,0.2,0.5,0.5,inheritance,inheritance,inheritance
3305,668,1652,0.2,0.5,0.5,29.422692889561272,6.889221556886228,34.771186440677965,144,2,75,0.2,0.5,0.5,inheritance,inheritance,inheritance
3303,685,1637,0.2,0.5,0.5,29.72297910990009,7.036496350364963,34.22174709835064,145,2,75,0.2,0.5,0.5,inheritance,inheritance,inheritance
3302,709,1614,0.20000000000000004,0.5,0.5,30.107510599636583,7.179125528913963,33.64064436183395,146,2,75,0.2,0.5,0.5,inheritance,inheritance,inheritance
3289,723,1613,0.19999999999999998,0.5,0.5,30.43326238978413,7.1037344398340245,32.72907625542467,147,2,75,0.2,0.5,0.5,inheritance,inheritance,inheritance
3298,738,1589,0.2,0.5,0.5,30.5785324439054,7.294037940379404,31.940843297671492,148,2,75,0.2,0.5,0.5,inheritance,inheritance,inheritance
3318,740,1567,0.20000000000000004,0.5,0.5,30.701627486437612,7.366216216216216,30.61774090619017,149,2,75,0.2,0.5,0.5,inheritance,inheritance,inheritance
3327,745,1553,0.20000000000000004,0.5,0.5,30.948902915539524,7.579865771812081,29.87701223438506,150,2,75,0.2,0.5,0.5,inheritance,inheritance,inheritance
3319,758,1548,0.2,0.5,0.5,31.356432660439893,7.647757255936676,29.308139534883722,151,2,75,0.2,0.5,0.5,inheritance,inheritance,inheritance
3298,789,1538,0.2,0.5,0.5,31.654942389326866,7.610899873257288,28.745773732119638,152,2,75,0.2,0.5,0.5,inheritance,inheritance,inheritance
3280,819,1526,0.2,0.5,0.5,31.860670731707316,7.63980463980464,27.90366972477064,153,2,75,0.2,0.5,0.5,inheritance,inheritance,inheritance
3251,851,1523,0.19999999999999998,0.5,0.5,32.30605967394648,7.603995299647473,27.225869993434014,154,2,75,0.2,0.5,0.5,inheritance,inheritance,inheritance
3233,890,1502,0.19999999999999998,0.5,0.5,32.42622950819672,7.723595505617977,26.490679094540614,155,2,75,0.2,0.5,0.5,inheritance,inheritance,inheritance
3214,889,1522,0.19999999999999998,0.5,0.5,32.88456751711263,7.8796400449943755,25.984888304862025,156,2,75,0.2,0.5,0.5,inheritance,inheritance,inheritance
3213,893,1519,0.2,0.5,0.5,33.1671335200747,8.085106382978724,25.224489795918366,157,2,75,0.2,0.5,0.5,inheritance,inheritance,inheritance
3197,906,1522,0.19999999999999998,0.5,0.5,33.51485767907413,8.168874172185431,24.249671484888307,158,2,75,0.2,0.5,0.5,inheritance,inheritance,inheritance
3175,921,1529,0.2,0.5,0.5,33.854488188976376,8.330076004343105,23.908436886854155,159,2,75,0.2,0.5,0.5,inheritance,inheritance,inheritance
3146,926,1553,0.2,0.5,0.5,34.10839160839161,8.30561555075594,23.139729555698647,160,2,75,0.2,0.5,0.5,inheritance,inheritance,inheritance
3134,918,1573,0.19999999999999998,0.5,0.5,34.531908104658584,8.493464052287582,22.5276541640178,161,2,75,0.2,0.5,0.5,inheritance,inheritance,inheritance
3118,930,1577,0.19999999999999998,0.5,0.5,34.60583707504811,8.478494623655914,21.863665187064047,162,2,75,0.2,0.5,0.5,inheritance,inheritance,inheritance
3107,939,1579,0.19999999999999998,0.5,0.5,34.86385580946251,8.490947816826411,21.445851804939835,163,2,75,0.2,0.5,0.5,inheritance,inheritance,inheritance
3062,964,1599,0.20000000000000004,0.5,0.5,35.133246244284784,8.408713692946058,20.833020637898688,164,2,75,0.2,0.5,0.5,inheritance,inheritance,inheritance
3031,977,1617,0.19999999999999998,0.5,0.5,35.34609039920818,8.413510747185262,20.38404452690167,165,2,75,0.2,0.5,0.5,inheritance,inheritance,inheritance
3003,991,1631,0.19999999999999998,0.5,0.5,35.5997335997336,8.463168516649848,20.07725321888412,166,2,75,0.2,0.5,0.5,inheritance,inheritance,inheritance
2963,995,1667,0.19999999999999996,0.5,0.5,35.847789402632465,8.412060301507537,19.528494301139773,167,2,75,0.2,0.5,0.5,inheritance,inheritance,inheritance
2902,1030,1693,0.19999999999999998,0.5,0.5,35.961750516884905,8.316504854368931,19.387477849970466,168,2,75,0.2,0.5,0.5,inheritance,inheritance,inheritance
2878,1017,1730,0.19999999999999996,0.5,0.5,36.11153578874218,8.36086529006883,18.785549132947978,169,2,75,0.2,0.5,0.5,inheritance,inheritance,inheritance
2832,1036,1757,0.19999999999999996,0.5,0.5,36.306850282485875,8.230694980694981,18.165623221400114,170,2,75,0.2,0.5,0.5,inheritance,inheritance,inheritance
2774,1042,1809,0.19999999999999998,0.5,0.5,36.76784426820476,8.259117082533589,18.030403537866224,171,2,75,0.2,0.5,0.5,inheritance,inheritance,inheritance
2726,1062,1837,0.19999999999999993,0.5,0.5,36.90939104915627,8.257062146892656,17.833424060968973,172,2,75,0.2,0.5,0.5,inheritance,inheritance,inheritance
2711,1065,1849,0.19999999999999998,0.5,0.5,36.969752858723716,8.487323943661972,17.659275283937262,173,2,75,0.2,0.5,0.5,inheritance,inheritance,inheritance
2683,1075,1867,0.19999999999999996,0.5,0.5,36.88073052553112,8.516279069767442,17.535083020889125,174,2,75,0.2,0.5,0.5,inheritance,inheritance,inheritance
2625,1093,1907,0.2,0.5,0.5,37.16952380952381,8.449222323879232,17.421080230728894,175,2,75,0.2,0.5,0.5,inheritance,inheritance,inheritance
2560,1127,1938,0.19999999999999998,0.5,0.5,37.19765625,8.503105590062113,17.50515995872033,176,2,75,0.2,0.5,0.5,inheritance,inheritance,inheritance
2516,1155,1954,0.19999999999999998,0.5,0.5,37.13672496025437,8.582683982683983,17.483111566018422,177,2,75,0.2,0.5,0.5,inheritance,inheritance,inheritance
2474,1171,1980,0.19999999999999998,0.5,0.5,37.209377526273244,8.759180187873612,17.754040404040403,178,2,75,0.2,0.5,0.5,inheritance,inheritance,inheritance
2417,1183,2025,0.19999999999999998,0.5,0.5,37.27720314439388,8.763313609467456,17.707654320987654,179,2,75,0.2,0.5,0.5,inheritance,inheritance,inheritance
2377,1197,2051,0.19999999999999998,0.5,0.5,36.75473285654186,8.65079365079365,17.51389566065334,180,2,75,0.2,0.5,0.5,inheritance,inheritance,inheritance
2289,1237,2099,0.19999999999999998,0.5,0.5,36.60375709916994,8.483427647534358,17.59075750357313,181,2,75,0.2,0.5,0.5,inheritance,inheritance,inheritance
2258,1238,2129,0.19999999999999996,0.5,0.5,36.30292294065545,8.546042003231017,17.591827148896197,182,2,75,0.2,0.5,0.5,inheritance,inheritance,inheritance
2206,1254,2165,0.19999999999999996,0.5,0.5,35.64777878513146,8.362838915470494,17.44942263279446,183,2,75,0.2,0.5,0.5,inheritance,inheritance,inheritance
2129,1301,2195,0.19999999999999998,0.5,0.5,35.1230624706435,8.243658724058417,17.547152619589976,184,2,75,0.2,0.5,0.5,inheritance,inheritance,inheritance
2065,1311,2249,0.20000000000000004,0.5,0.5,34.54237288135593,8.140350877192983,17.492663405958204,185,2,75,0.2,0.5,0.5,inheritance,inheritance,inheritance
1964,1356,2305,0.20000000000000004,0.5,0.5,33.85794297352342,7.863569321533923,17.5119305856833,186,2,75,0.2,0.5,0.5,inheritance,inheritance,inheritance
1910,1385,2330,0.20000000000000004,0.5,0.5,32.646596858638745,7.866425992779783,17.533476394849785,187,2,75,0.2,0.5,0.5,inheritance,inheritance,inheritance
1849,1390,2386,0.20000000000000004,0.5,0.5,31.69875608436993,7.946043165467626,17.460184409052808,188,2,75,0.2,0.5,0.5,inheritance,inheritance,inheritance
1773,1414,2438,0.2,0.5,0.5,30.67287084038353,7.998585572842998,17.563166529942578,189,2,75,0.2,0.5,0.5,inheritance,inheritance,inheritance
1713,1424,2488,0.2,0.5,0.5,29.549912434325744,8.163623595505618,17.769694533762056,190,2,75,0.2,0.5,0.5,inheritance,inheritance,inheritance
1704,1376,2545,0.20000000000000004,0.5,0.5,27.440140845070424,8.296511627906977,17.50648330058939,191,2,75,0.2,0.5,0.5,inheritance,inheritance,inheritance
1649,1392,2584,0.2,0.5,0.5,25.926015767131595,8.522270114942529,17.69736842105263,192,2,75,0.2,0.5,0.5,inheritance,inheritance,inheritance
1614,1350,2661,0.2,0.5,0.5,24.667905824039654,8.648888888888889,17.587748966553928,193,2,75,0.2,0.5,0.5,inheritance,inheritance,inheritance
1599,1332,2694,0.19999999999999998,0.5,0.5,23.564727954971858,9.072822822822824,17.65515961395694,194,2,75,0.2,0.5,0.5,inheritance,inheritance,inheritance
1592,1307,2726,0.19999999999999998,0.5,0.5,22.4893216080402,9.387911247130834,17.83969185619956,195,2,75,0.2,0.5,0.5,inheritance,inheritance,inheritance
1577,1278,2770,0.2,0.5,0.5,21.285986049461002,9.637715179968701,17.872924187725634,196,2,75,0.2,0.5,0.5,inheritance,inheritance,inheritance
1568,1216,2841,0.2,0.5,0.5,20.814413265306122,9.85608552631579,17.962689193945792,197,2,75,0.2,0.5,0.5,inheritance,inheritance,inheritance
1583,1149,2893,0.2,0.5,0.5,20.22804801010739,10.114012184508269,18.02903560318009,198,2,75,0.2,0.5,0.5,inheritance,inheritance,inheritance
1604,1094,2927,0.2,0.5,0.5,19.66209476309227,10.340036563071298,18.12333447215579,199,2,75,0.2,0.5,0.5,inheritance,inheritance,inheritance
1612,1060,2953,0.19999999999999998,0.5,0.5,18.798387096774192,10.461320754716981,18.26346088723332,200,2,75,0.2,0.5,0.5,inheritance,inheritance,inheritance
1662,993,2970,0.2,0.5,0.5,18.40132370637786,10.725075528700906,18.439393939393938,201,2,75,0.2,0.5,0.5,inheritance,inheritance,inheritance
1695,957,2973,0.2,0.5,0.5,18.14218289085546,10.922675026123303,18.65455768583922,202,2,75,0.2,0.5,0.5,inheritance,inheritance,inheritance
1733,891,3001,0.2,0.5,0.5,17.809001731102136,11.133557800224468,18.681439520159948,203,2,75,0.2,0.5,0.5,inheritance,inheritance,inheritance
1773,846,3006,0.2,0.5,0.5,17.630569655950367,11.1548463356974,18.881902860944777,204,2,75,0.2,0.5,0.5,inheritance,inheritance,inheritance
1803,795,3027,0.2,0.5,0.5,17.74209650582363,11.21006289308176,19.13181367690783,205,2,75,0.2,0.5,0.5,inheritance,inheritance,inheritance
1818,739,3068,0.2,0.5,0.5,18.14796479647965,11.286874154262517,19.233050847457626,206,2,75,0.2,0.5,0.5,inheritance,inheritance,inheritance
1857,694,3074,0.2,0.5,0.5,18.281098546042003,11.353025936599424,19.462264150943398,207,2,75,0.2,0.5,0.5,inheritance,inheritance,inheritance
1867,664,3094,0.2,0.5,0.5,18.554900910551687,11.001506024096386,19.773755656108598,208,2,75,0.2,0.5,0.5,inheritance,inheritance,inheritance
1917,611,3097,0.2,0.5,0.5,18.68753260302556,11.016366612111293,20.009041007426543,209,2,75,0.2,0.5,0.5,inheritance,inheritance,inheritance
1949,584,3092,0.20000000000000004,0.5,0.5,18.786044125192408,11.102739726027398,20.3748382923674,210,2,75,0.2,0.5,0.5,inheritance,inheritance,inheritance
1988,562,3075,0.2,0.5,0.5,18.959758551307846,10.886120996441282,20.733333333333334,211,2,75,0.2,0.5,0.5,inheritance,inheritance,inheritance
2016,520,3089,0.2,0.5,0.5,19.166170634920636,10.64423076923077,20.856911621884105,212,2,75,0.2,0.5,0.5,inheritance,inheritance,inheritance
2049,491,3085,0.20000000000000004,0.5,0.5,19.512445095168374,10.211812627291243,21.118314424635333,213,2,75,0.2,0.5,0.5,inheritance,inheritance,inheritance
2090,465,3070,0.2,0.5,0.5,19.669377990430622,9.664516129032258,21.42214983713355,214,2,75,0.2,0.5,0.5,inheritance,inheritance,inheritance
2138,433,3054,0.19999999999999998,0.5,0.5,19.95042095416277,9.327944572748267,21.770464963981663,215,2,75,0.2,0.5,0.5,inheritance,inheritance,inheritance
2170,429,3026,0.19999999999999998,0.5,0.5,20.156221198156683,8.881118881118882,22.06378056840714,216,2,75,0.2,0.5,0.5,inheritance,inheritance,inheritance
2210,417,2998,0.19999999999999996,0.5,0.5,20.363800904977374,8.311750599520384,22.459973315543696,217,2,75,0.2,0.5,0.5,inheritance,inheritance,inheritance
2238,416,2971,0.19999999999999998,0.5,0.5,20.60366398570152,7.670673076923077,22.8158869067654,218,2,75,0.2,0.5,0.5,inheritance,inheritance,inheritance
2258,423,2944,0.19999999999999996,0.5,0.5,20.904782993799824,7.375886524822695,23.14232336956522,219,2,75,0.2,0.5,0.5,inheritance,inheritance,inheritance
2285,427,2913,0.2,0.5,0.5,21.124288840262583,6.932084309133489,23.534500514933058,220,2,75,0.2,0.5,0.5,inheritance,inheritance,inheritance
2308,442,2875,0.19999999999999998,0.5,0.5,21.395147313691506,6.683257918552036,23.982608695652175,221,2,75,0.2,0.5,0.5,inheritance,inheritance,inheritance
2345,455,2825,0.19999999999999998,0.5,0.5,21.520255863539447,6.734065934065934,24.4,222,2,75,0.2,0.5,0.5,inheritance,inheritance,inheritance
2366,477,2782,0.19999999999999998,0.5,0.5,21.549873203719358,6.578616352201258,24.688713156002876,223,2,75,0.2,0.5,0.5,inheritance,inheritance,inheritance
2405,476,2744,0.2,0.5,0.5,21.7006237006237,6.5588235294117645,25.175655976676385,224,2,75,0.2,0.5,0.5,inheritance,inheritance,inheritance
2422,489,2714,0.19999999999999998,0.5,0.5,21.998761354252682,6.603271983640082,25.655858511422256,225,2,75,0.2,0.5,0.5,inheritance,inheritance,inheritance
2463,500,2662,0.19999999999999998,0.5,0.5,22.066991473812426,6.744,26.080015026296017,226,2,75,0.2,0.5,0.5,inheritance,inheritance,inheritance
2463,532,2630,0.19999999999999998,0.5,0.5,22.25700365408039,6.637218045112782,26.492015209125476,227,2,75,0.2,0.5,0.5,inheritance,inheritance,inheritance
2486,541,2598,0.19999999999999998,0.5,0.5,22.275543041029767,6.519408502772643,26.68475750577367,228,2,75,0.2,0.5,0.5,inheritance,inheritance,inheritance
2491,566,2568,0.19999999999999998,0.5,0.5,22.31955038137294,6.406360424028269,27.060358255451714,229,2,75,0.2,0.5,0.5,inheritance,inheritance,inheritance
2485,588,2552,0.19999999999999998,0.5,0.5,22.430583501006037,6.4523809523809526,27.260579937304076,230,2,75,0.2,0.5,0.5,inheritance,inheritance,inheritance
2475,628,2522,0.19999999999999998,0.5,0.5,22.4779797979798,6.436305732484076,27.383822363203805,231,2,75,0.2,0.5,0.5,inheritance,inheritance,inheritance
2469,642,2514,0.19999999999999998,0.5,0.5,22.643175374645605,6.604361370716511,27.613365155131266,232,2,75,0.2,0.5,0.5,inheritance,inheritance,inheritance
2472,651,2502,0.19999999999999998,0.5,0.5,22.76779935275081,6.675883256528418,27.793365307753795,233,2,75,0.2,0.5,0.5,inheritance,inheritance,inheritance
2459,680,2486,0.19999999999999998,0.5,0.5,23.0,6.725,28.02855993563958,234,2,75,0.2,0.5,0.5,inheritance,inheritance,inheritance
2437,713,2475,0.19999999999999998,0.5,0.5,23.01477226097661,6.8134642356241235,28.256565656565655,235,2,75,0.2,0.5,0.5,inheritance,inheritance,inheritance
2433,751,2441,0.19999999999999998,0.5,0.5,22.82367447595561,6.773635153129161,28.49242113887751,236,2,75,0.2,0.5,0.5,inheritance,inheritance,inheritance
2421,765,2439,0.19999999999999998,0.5,0.5,22.69062370921107,6.7254901960784315,28.47970479704797,237,2,75,0.2,0.5,0.5,inheritance,inheritance,inheritance
2407,758,2460,0.19999999999999998,0.5,0.5,22.765683423348566,6.728232189973615,28.34308943089431,238,2,75,0.2,0.5,0.5,inheritance,inheritance,inheritance
2403,785,2437,0.2,0.5,0.5,22.63712026633375,6.75796178343949,28.407878539187525,239,2,75,0.2,0.5,0.5,inheritance,inheritance,inheritance
2413,803,2409,0.2,0.5,0.5,22.399502693742228,6.718555417185554,28.190950601909506,240,2,75,0.2,0.5,0.5,inheritance,inheritance,inheritance
2404,822,2399,0.19999999999999998,0.5,0.5,22.343178036605657,6.802919708029197,28.343893288870362,241,2,75,0.2,0.5,0.5,inheritance,inheritance,inheritance
2366,857,2402,0.19999999999999998,0.5,0.5,21.94463229078614,6.669778296382731,28.267693588676103,242,2,75,0.2,0.5,0.5,inheritance,inheritance,inheritance
2355,871,2399,0.2,0.5,0.5,21.669214437367305,6.660160734787601,28.051271363067944,243,2,75,0.2,0.5,0.5,inheritance,inheritance,inheritance
2348,875,2402,0.19999999999999996,0.5,0.5,21.611158432708688,6.723428571428571,27.94129891756869,244,2,75,0.2,0.5,0.5,inheritance,inheritance,inheritance
2316,895,2414,0.19999999999999998,0.5,0.5,21.558721934369604,6.734078212290503,27.823943661971832,245,2,75,0.2,0.5,0.5,inheritance,inheritance,inheritance
2303,896,2426,0.19999999999999996,0.5,0.5,21.403386886669562,6.803571428571429,27.62860676009893,246,2,75,0.2,0.5,0.5,inheritance,inheritance,inheritance
2286,913,2426,0.19999999999999998,0.5,0.5,21.507436570428695,6.9934282584885,27.557708161582852,247,2,75,0.2,0.5,0.5,inheritance,inheritance,inheritance
2292,927,2406,0.19999999999999998,0.5,0.5,21.30846422338569,7.076591154261057,27.35328345802161,248,2,75,0.2,0.5,0.5,inheritance,inheritance,inheritance
2295,927,2403,0.2,0.5,0.5,21.393028322440088,7.21898597626753,27.173116937161883,249,2,75,0.2,0.5,0.5,inheritance,inheritance,inheritance
2276,939,2410,0.19999999999999998,0.5,0.5,21.47407732864675,7.108626198083067,26.923651452282158,250,2,75,0.2,0.5,0.5,inheritance,inheritance,inheritance
2276,915,2434,0.19999999999999998,0.5,0.5,21.477152899824254,7.212021857923498,26.519309778142976,251,2,75,0.2,0.5,0.5,inheritance,inheritance,inheritance
2271,922,2432,0.19999999999999998,0.5,0.5,21.21796565389696,7.272234273318872,26.319901315789473,252,2,75,0.2,0.5,0.5,inheritance,inheritance,inheritance
2276,913,2436,0.19999999999999998,0.5,0.5,21.17530755711775,7.498357064622125,26.36535303776683,253,2,75,0.2,0.5,0.5,inheritance,inheritance,inheritance
2250,907,2468,0.19999999999999998,0.5,0.5,21.29911111111111,7.563395810363837,26.08914100486224,254,2,75,0.2,0.5,0.5,inheritance,inheritance,inheritance
2237,919,2469,0.19999999999999996,0.5,0.5,21.048278945015646,7.50272034820457,25.831105710814096,255,2,75,0.2,0.5,0.5,inheritance,inheritance,inheritance
2221,907,2497,0.19999999999999996,0.5,0.5,21.022512381809996,7.541345093715546,25.50100120144173,256,2,75,0.2,0.5,0.5,inheritance,inheritance,inheritance
2214,898,2513,0.19999999999999996,0.5,0.5,20.991869918699187,7.67706013363029,25.455232789494627,257,2,75,0.2,0.5,0.5,inheritance,inheritance,inheritance
2214,889,2522,0.19999999999999996,0.5,0.5,21.00271002710027,7.78177727784027,25.26486915146709,258,2,75,0.2,0.5,0.5,inheritance,inheritance,inheritance
2237,882,2506,0.19999999999999996,0.5,0.5,20.942780509611087,7.747165532879818,25.13487629688747,259,2,75,0.2,0.5,0.5,inheritance,inheritance,inheritance
2229,862,2534,0.19999999999999998,0.5,0.5,20.878869448183043,7.765661252900232,24.814127861089187,260,2,75,0.2,0.5,0.5,inheritance,inheritance,inheritance
2221,866,2538,0.19999999999999996,0.5,0.5,20.71094101755966,7.699769053117783,24.69385342789598,261,2,75,0.2,0.5,0.5,inheritance,inheritance,inheritance
2223,850,2552,0.19999999999999996,0.5,0.5,20.4093567251462,7.464705882352941,24.447884012539184,262,2,75,0.2,0.5,0.5,inheritance,inheritance,inheritance
2242,845,2538,0.19999999999999998,0.5,0.5,20.24308652988403,7.390532544378698,24.368400315208827,263,2,75,0.2,0.5,0.5,inheritance,inheritance,inheritance
2230,853,2542,0.19999999999999998,0.5,0.5,20.07578475336323,7.2286049237983585,24.27812745869394,264,2,75,0.2,0.5,0.5,inheritance,inheritance,inheritance
2221,865,2539,0.19999999999999996,0.5,0.5,19.880234128770823,7.1306358381502895,24.132729421031904,265,2,75,0.2,0.5,0.5,inheritance,inheritance,inheritance
2213,865,2547,0.19999999999999996,0.5,0.5,19.678716674197922,6.976878612716763,23.939929328621908,266,2,75,0.2,0.5,0.5,inheritance,inheritance,inheritance
2216,858,2551,0.19999999999999996,0.5,0.5,19.685018050541515,7.032634032634032,23.808310466483732,267,2,75,0.2,0.5,0.5,inheritance,inheritance,inheritance
2220,852,2553,0.19999999999999996,0.5,0.5,19.618018018018017,7.194835680751174,23.863298080689386,268,2,75,0.2,0.5,0.5,inheritance,inheritance,inheritance
2231,828,2566,0.19999999999999996,0.5,0.5,19.428507395786642,7.201690821256038,23.738113795791115,269,2,75,0.2,0.5,0.5,inheritance,inheritance,inheritance
2248,803,2574,0.19999999999999996,0.5,0.5,19.24243772241993,7.2851805728518055,23.418026418026418,270,2,75,0.2,0.5,0.5,inheritance,inheritance,inheritance
2236,817,2572,0.19999999999999998,0.5,0.5,19.1350626118068,7.1713586291309666,23.388024883359254,271,2,75,0.2,0.5,0.5,inheritance,inheritance,inheritance
2231,827,2567,0.19999999999999996,0.5,0.5,18.952039444195428,6.950423216444982,23.469029996104403,272,2,75,0.2,0.5,0.5,inheritance,inheritance,inheritance
2230,831,2564,0.19999999999999998,0.5,0.5,18.889686098654707,6.938628158844765,23.31591263650546,273,2,75,0.2,0.5,0.5,inheritance,inheritance,inheritance
2224,858,2543,0.19999999999999998,0.5,0.5,18.83318345323741,6.946386946386946,23.289421942587495,274,2,75,0.2,0.5,0.5,inheritance,inheritance,inheritance
2213,872,2540,0.19999999999999996,0.5,0.5,18.70673294170809,7.036697247706422,23.367716535433072,275,2,75,0.2,0.5,0.5,inheritance,inheritance,inheritance
2210,907,2508,0.19999999999999996,0.5,0.5,18.465610859728507,6.890848952590959,23.61323763955343,276,2,75,0.2,0.5,0.5,inheritance,inheritance,inheritance
2204,908,2513,0.19999999999999998,0.5,0.5,18.30263157894737,6.919603524229075,23.55710306406685,277,2,75,0.2,0.5,0.5,inheritance,inheritance,inheritance
2200,901,2524,0.19999999999999996,0.5,0.5,18.34090909090909,6.925638179800222,23.448890649762284,278,2,75,0.2,0.5,0.5,inheritance,inheritance,inheritance
2182,892,2551,0.19999999999999996,0.5,0.5,18.418423464711275,7.042600896860987,23.438259506076047,279,2,75,0.2,0.5,0.5,inheritance,inheritance,inheritance
2162,911,2552,0.19999999999999998,0.5,0.5,18.46253469010176,7.007683863885839,23.407523510971785,280,2,75,0.2,0.5,0.5,inheritance,inheritance,inheritance
2184,910,2531,0.19999999999999998,0.5,0.5,18.184981684981686,7.127472527472528,23.34650335835638,281,2,75,0.2,0.5,0.5,inheritance,inheritance,inheritance
2188,916,2521,0.19999999999999996,0.5,0.5,18.054387568555757,7.2303493449781655,23.345497818326063,282,2,75,0.2,0.5,0.5,inheritance,inheritance,inheritance
2217,901,2507,0.19999999999999996,0.5,0.5,17.78890392422192,7.39511653718091,23.243318707618666,283,2,75,0.2,0.5,0.5,inheritance,inheritance,inheritance
2232,896,2497,0.19999999999999998,0.5,0.5,17.664874551971327,7.392857142857143,23.087304765718862,284,2,75,0.2,0.5,0.5,inheritance,inheritance,inheritance
2234,894,2497,0.19999999999999998,0.5,0.5,17.68173679498657,7.484340044742729,23.100120144173008,285,2,75,0.2,0.5,0.5,inheritance,inheritance,inheritance
2246,908,2471,0.19999999999999998,0.5,0.5,17.40204808548531,7.51431718061674,23.265884257385675,286,2,75,0.2,0.5,0.5,inheritance,inheritance,inheritance
2255,887,2483,0.19999999999999996,0.5,0.5,17.419068736141906,7.493799323562571,23.008457511075314,287,2,75,0.2,0.5,0.5,inheritance,inheritance,inheritance
2263,875,2487,0.19999999999999996,0.5,0.5,17.48166151126823,7.557714285714286,22.933252915158825,288,2,75,0.2,0.5,0.5,inheritance,inheritance,inheritance
2263,865,2497,0.19999999999999996,0.5,0.5,17.528501988510826,7.61271676300578,22.734881858229876,289,2,75,0.2,0.5,0.5,inheritance,inheritance,inheritance
2280,869,2476,0.2,0.5,0.5,17.401315789473685,7.53970080552359,22.83279483037157,290,2,75,0.2,0.5,0.5,inheritance,inheritance,inheritance
2297,872,2456,0.19999999999999998,0.5,0.5,17.41097083151937,7.473623853211009,22.83957654723127,291,2,75,0.2,0.5,0.5,inheritance,inheritance,inheritance
2303,854,2468,0.19999999999999996,0.5,0.5,17.542770299609206,7.432084309133489,22.48905996758509,292,2,75,0.2,0.5,0.5,inheritance,inheritance,inheritance
2316,844,2465,0.19999999999999998,0.5,0.5,17.4779792746114,7.238151658767772,22.162677484787018,293,2,75,0.2,0.5,0.5,inheritance,inheritance,inheritance
2332,822,2471,0.19999999999999998,0.5,0.5,17.538593481989707,7.344282238442823,21.990692027519223,294,2,75,0.2,0.5,0.5,inheritance,inheritance,inheritance
2358,801,2466,0.19999999999999998,0.5,0.5,17.4440203562341,7.2209737827715355,21.773722627737225,295,2,75,0.2,0.5,0.5,inheritance,inheritance,inheritance
2377,797,2451,0.19999999999999998,0.5,0.5,17.303323517038283,7.055207026348808,21.421460628314975,296,2,75,0.2,0.5,0.5,inheritance,inheritance,inheritance
2411,777,2437,0.19999999999999998,0.5,0.5,17.200746578183328,7.059202059202059,21.41198194501436,297,2,75,0.2,0.5,0.5,inheritance,inheritance,inheritance
2415,766,2444,0.2,0.5,0.5,17.289026915113872,7.01958224543081,21.324877250409166,298,2,75,0.2,0.5,0.5,inheritance,inheritance,inheritance
2424,767,2434,0.19999999999999998,0.5,0.5,17.350247524752476,7.086049543676662,21.274856203779787,299,2,75,0.2,0.5,0.5,inheritance,inheritance,inheritance
2459,776,2390,0.19999999999999998,0.5,0.5,17.164294428629525,7.126288659793815,21.25857740585774,300,2,75,0.2,0.5,0.5,inheritance,inheritance,inheritance
2467,777,2381,0.19999999999999998,0.5,0.5,17.173490068909608,7.101673101673102,21.150356992860143,301,2,75,0.2,0.5,0.5,inheritance,inheritance,inheritance
2477,771,2377,0.19999999999999998,0.5,0.5,17.271699636657246,7.136186770428016,21.114009255363904,302,2,75,0.2,0.5,0.5,inheritance,inheritance,inheritance
2504,765,2356,0.19999999999999998,0.5,0.5,17.36062300319489,7.129411764705883,21.046264855687607,303,2,75,0.2,0.5,0.5,inheritance,inheritance,inheritance
2530,766,2329,0.19999999999999996,0.5,0.5,17.515415019762845,7.180156657963447,21.112924001717474,304,2,75,0.2,0.5,0.5,inheritance,inheritance,inheritance
2549,768,2308,0.19999999999999998,0.5,0.5,17.619066300510003,7.122395833333333,20.9948006932409,305,2,75,0.2,0.5,0.5,inheritance,inheritance,inheritance
2558,779,2288,0.19999999999999998,0.5,0.5,17.615715402658328,7.06803594351733,20.977272727272727,306,2,75,0.2,0.5,0.5,inheritance,inheritance,inheritance
2570,769,2286,0.19999999999999996,0.5,0.5,17.567315175097278,6.998699609882965,20.600174978127733,307,2,75,0.2,0.5,0.5,inheritance,inheritance,inheritance
2555,790,2280,0.19999999999999998,0.5,0.5,17.7573385518591,6.855696202531646,20.60921052631579,308,2,75,0.2,0.5,0.5,inheritance,inheritance,inheritance
2581,780,2264,0.19999999999999998,0.5,0.5,17.88376598217745,6.851282051282051,20.554328621908127,309,2,75,0.2,0.5,0.5,inheritance,inheritance,inheritance
2578,819,2228,0.19999999999999996,0.5,0.5,18.020170674941816,6.857142857142857,20.53725314183124,310,2,75,0.2,0.5,0.5,inheritance,inheritance,inheritance
2582,837,2206,0.19999999999999996,0.5,0.5,18.143299767621997,6.894862604540024,20.118313689936535,311,2,75,0.2,0.5,0.5,inheritance,inheritance,inheritance
2564,859,2202,0.19999999999999998,0.5,0.5,18.326443057722308,6.933643771827707,20.15985467756585,312,2,75,0.2,0.5,0.5,inheritance,inheritance,inheritance
2560,891,2174,0.19999999999999998,0.5,0.5,18.2546875,6.861952861952862,19.94986200551978,313,2,75,0.2,0.5,0.5,inheritance,inheritance,inheritance
2518,949,2158,0.19999999999999996,0.5,0.5,18.326449563145353,6.694415173867228,19.880908248378127,314,2,75,0.2,0.5,0.5,inheritance,inheritance,inheritance
2496,989,2140,0.19999999999999998,0.5,0.5,18.497996794871796,6.8604651162790695,20.04252336448598,315,2,75,0.2,0.5,0.5,inheritance,inheritance,inheritance
2472,999,2154,0.19999999999999998,0.5,0.5,18.631877022653722,6.981981981981982,19.867688022284124,316,2,75,0.2,0.5,0.5,inheritance,inheritance,inheritance
2429,1024,2172,0.19999999999999998,0.5,0.5,18.585426101276244,6.8779296875,19.584254143646408,317,2,75,0.2,0.5,0.5,inheritance,inheritance,inheritance
2412,1041,2172,0.19999999999999998,0.5,0.5,18.646351575456052,6.846301633045149,19.509208103130756,318,2,75,0.2,0.5,0.5,inheritance,inheritance,inheritance
2379,1061,2185,0.19999999999999998,0.5,0.5,18.844892812105925,6.899151743638077,19.49107551487414,319,2,75,0.2,0.5,0.5,inheritance,inheritance,inheritance
2380,1074,2171,0.2,0.5,0.5,18.736974789915966,7.024208566108007,19.406264394288346,320,2,75,0.2,0.5,0.5,inheritance,inheritance,inheritance
2359,1106,2160,0.19999999999999998,0.5,0.5,18.60110216193302,7.036166365280289,19.099537037037038,321,2,75,0.2,0.5,0.5,inheritance,inheritance,inheritance
2342,1110,2173,0.19999999999999996,0.5,0.5,18.523057216054653,7.02072072072072,18.964565117349288,322,2,75,0.2,0.5,0.5,inheritance,inheritance,inheritance
2343,1113,2169,0.19999999999999996,0.5,0.5,18.378574477166026,7.159928122192273,18.985707699400646,323,2,75,0.2,0.5,0.5,inheritance,inheritance,inheritance
2276,1135,2214,0.19999999999999998,0.5,0.5,18.47495606326889,7.044933920704846,18.84643179765131,324,2,75,0.2,0.5,0.5,inheritance,inheritance,inheritance
2249,1130,2246,0.19999999999999998,0.5,0.5,18.422854602045355,7.15575221238938,18.613089937666963,325,2,75,0.2,0.5,0.5,inheritance,inheritance,inheritance
2220,1134,2271,0.19999999999999996,0.5,0.5,17.983783783783785,7.083774250440917,18.27520915896081,326,2,75,0.2,0.5,0.5,inheritance,inheritance,inheritance
2190,1143,2292,0.19999999999999998,0.5,0.5,17.829680365296802,7.077865266841645,18.100785340314136,327,2,75,0.2,0.5,0.5,inheritance,inheritance,inheritance
2153,1156,2316,0.19999999999999998,0.5,0.5,17.7203901532745,7.155709342560554,18.08678756476684,328,2,75,0.2,0.5,0.5,inheritance,inheritance,inheritance
2115,1165,2345,0.2,0.5,0.5,17.695508274231678,7.156223175965665,18.023454157782517,329,2,75,0.2,0.5,0.5,inheritance,inheritance,inheritance
2102,1156,2367,0.19999999999999998,0.5,0.5,17.539010466222646,7.23356401384083,17.831432192648922,330,2,75,0.2,0.5,0.5,inheritance,inheritance,inheritance
2065,1149,2411,0.20000000000000004,0.5,0.5,17.373849878934625,7.310704960835509,17.618830360846122,331,2,75,0.2,0.5,0.5,inheritance,inheritance,inheritance
2069,1122,2434,0.20000000000000004,0.5,0.5,17.12324794586757,7.537433155080214,17.293755135579293,332,2,75,0.2,0.5,0.5,inheritance,inheritance,inheritance
2044,1122,2459,0.20000000000000004,0.5,0.5,17.173189823874754,7.541889483065954,17.295648637657585,333,2,75,0.2,0.5,0.5,inheritance,inheritance,inheritance
2034,1096,2495,0.20000000000000004,0.5,0.5,17.085054080629302,7.697080291970803,17.10981963927856,334,2,75,0.2,0.5,0.5,inheritance,inheritance,inheritance
2015,1053,2557,0.2,0.5,0.5,17.07940446650124,7.661918328584996,16.907313257723896,335,2,75,0.2,0.5,0.5,inheritance,inheritance,inheritance
1993,1014,2618,0.20000000000000004,0.5,0.5,17.256397390868038,7.782051282051282,16.94079449961803,336,2,75,0.2,0.5,0.5,inheritance,inheritance,inheritance
2022,982,2621,0.2,0.5,0.5,17.0108803165183,7.90122199592668,17.032811903853492,337,2,75,0.2,0.5,0.5,inheritance,inheritance,inheritance
2015,940,2670,0.2,0.5,0.5,16.881885856079403,7.8446808510638295,16.973408239700376,338,2,75,0.2,0.5,0.5,inheritance,inheritance,inheritance
2018,911,2696,0.2,0.5,0.5,16.66798810703667,7.971459934138309,17.019287833827892,339,2,75,0.2,0.5,0.5,inheritance,inheritance,inheritance
2039,900,2686,0.20000000000000004,0.5,0.5,16.573810691515448,8.052222222222222,17.15711094564408,340,2,75,0.2,0.5,0.5,inheritance,inheritance,inheritance
2072,873,2680,0.2,0.5,0.5,16.472490347490346,8.217640320733103,17.232835820895524,341,2,75,0.2,0.5,0.5,inheritance,inheritance,inheritance
2089,836,2700,0.2,0.5,0.5,16.360459550023936,8.252392344497608,17.19,342,2,75,0.2,0.5,0.5,inheritance,inheritance,inheritance
2149,800,2676,0.19999999999999998,0.5,0.5,16.155421126105164,8.165,17.21487294469357,343,2,75,0.2,0.5,0.5,inheritance,inheritance,inheritance
2158,768,2699,0.19999999999999996,0.5,0.5,16.23911028730306,8.014322916666666,17.399036680251946,344,2,75,0.2,0.5,0.5,inheritance,inheritance,inheritance
2183,774,2668,0.19999999999999996,0.5,0.5,16.202931745304628,7.984496124031008,17.67241379310345,345,2,75,0.2,0.5,0.5,inheritance,inheritance,inheritance
2198,753,2674,0.19999999999999996,0.5,0.5,16.26251137397634,7.771580345285525,17.70456245325355,346,2,75,0.2,0.5,0.5,inheritance,inheritance,inheritance
2234,739,2652,0.19999999999999998,0.5,0.5,16.278871978513877,7.870094722598106,17.919683257918553,347,2,75,0.2,0.5,0.5,inheritance,inheritance,inheritance
2277,701,2647,0.19999999999999998,0.5,0.5,16.428194993412383,7.781740370898716,17.977332829618437,348,2,75,0.2,0.5,0.5,inheritance,inheritance,inheritance
2331,685,2609,0.19999999999999998,0.5,0.5,16.453453453453452,7.817518248175182,18.26178612495209,349,2,75,0.2,0.5,0.5,inheritance,inheritance,inheritance
2376,658,2591,0.19999999999999998,0.5,0.5,16.64604377104377,7.808510638297872,18.31493631802393,350,2,75,0.2,0.5,0.5,inheritance,inheritance,inheritance
2443,624,2558,0.19999999999999998,0.5,0.5,16.734752353663527,7.935897435897436,18.41673182173573,351,2,75,0.2,0.5,0.5,inheritance,inheritance,inheritance
2480,609,2536,0.19999999999999998,0.5,0.5,16.903629032258063,7.939244663382595,18.58004731861199,352,2,75,0.2,0.5,0.5,inheritance,inheritance,inheritance
2517,594,2514,0.19999999999999996,0.5,0.5,17.09892729439809,7.673400673400673,18.692919649960224,353,2,75,0.2,0.5,0.5,inheritance,inheritance,inheritance
2566,570,2489,0.19999999999999998,0.5,0.5,17.25370226032736,7.521052631578947,18.80715146645239,354,2,75,0.2,0.5,0.5,inheritance,inheritance,inheritance
2595,555,2475,0.2,0.5,0.5,17.608863198458575,7.535135135135135,19.013333333333332,355,2,75,0.2,0.5,0.5,inheritance,inheritance,inheritance
2649,538,2438,0.19999999999999998,0.5,0.5,17.67836919592299,7.403345724907063,19.14109926168991,356,2,75,0.2,0.5,0.5,inheritance,inheritance,inheritance
2676,543,2406,0.19999999999999998,0.5,0.5,17.90321375186846,7.086556169429097,19.41313383208645,357,2,75,0.2,0.5,0.5,inheritance,inheritance,inheritance
2724,535,2366,0.19999999999999998,0.5,0.5,18.016886930983848,6.960747663551402,19.494082840236686,358,2,75,0.2,0.5,0.5,inheritance,inheritance,inheritance
2785,531,2309,0.2,0.5,0.5,17.982046678635548,6.947269303201507,19.629709831095713,359,2,75,0.2,0.5,0.5,inheritance,inheritance,inheritance
2845,516,2264,0.19999999999999996,0.5,0.5,18.0896309314587,6.9476744186046515,19.806978798586574,360,2,75,0.2,0.5,0.5,inheritance,inheritance,inheritance
2885,533,2207,0.2,0.5,0.5,18.32166377816291,6.887429643527205,20.015858631626642,361,2,75,0.2,0.5,0.5,inheritance,inheritance,inheritance
2911,555,2159,0.2,0.5,0.5,18.545517004465818,6.628828828828829,20.268642890226957,362,2,75,0.2,0.5,0.5,inheritance,inheritance,inheritance
2904,569,2152,0.19999999999999998,0.5,0.5,18.83505509641873,6.289982425307557,20.403345724907062,363,2,75,0.2,0.5,0.5,inheritance,inheritance,inheritance
2928,579,2118,0.19999999999999996,0.5,0.5,18.950136612021858,6.430051813471502,20.52077431539188,364,2,75,0.2,0.5,0.5,inheritance,inheritance,inheritance
2923,603,2099,0.19999999999999996,0.5,0.5,19.218953130345536,6.222222222222222,20.727489280609813,365,2,75,0.2,0.5,0.5,inheritance,inheritance,inheritance
2937,617,2071,0.19999999999999996,0.5,0.5,19.46816479400749,6.46515397082658,20.81989377112506,366,2,75,0.2,0.5,0.5,inheritance,inheritance,inheritance
2915,655,2055,0.2,0.5,0.5,19.898799313893655,6.343511450381679,20.997080291970804,367,2,75,0.2,0.5,0.5,inheritance,inheritance,inheritance
2923,655,2047,0.19999999999999996,0.5,0.5,20.16695176188847,6.300763358778626,20.945774303859306,368,2,75,0.2,0.5,0.5,inheritance,inheritance,inheritance
2938,667,2020,0.19999999999999996,0.5,0.5,20.35228046289993,6.320839580209895,21.1,369,2,75,0.2,0.5,0.5,inheritance,inheritance,inheritance
2952,669,2004,0.19999999999999998,0.5,0.5,20.545054200542005,6.506726457399103,21.064870259481037,370,2,75,0.2,0.5,0.5,inheritance,inheritance,inheritance
2957,693,1975,0.19999999999999998,0.5,0.5,20.714913763949948,6.382395382395383,20.878481012658227,371,2,75,0.2,0.5,0.5,inheritance,inheritance,inheritance
2972,703,1950,0.19999999999999998,0.5,0.5,20.967025572005383,6.627311522048364,20.673333333333332,372,2,75,0.2,0.5,0.5,inheritance,inheritance,inheritance
2971,723,1931,0.19999999999999998,0.5,0.5,21.22181083810165,6.60027662517289,20.385292594510616,373,2,75,0.2,0.5,0.5,inheritance,inheritance,inheritance
2977,723,1925,0.19999999999999996,0.5,0.5,21.382599932818273,6.6929460580912865,20.20155844155844,374,2,75,0.2,0.5,0.5,inheritance,inheritance,inheritance
2975,753,1897,0.2,0.5,0.5,21.529411764705884,6.819389110225764,20.254085397996835,375,2,75,0.2,0.5,0.5,inheritance,inheritance,inheritance
2975,748,1902,0.2,0.5,0.5,21.987899159663865,6.858288770053476,20.1267087276551,376,2,75,0.2,0.5,0.5,inheritance,inheritance,inheritance
2971,761,1893,0.19999999999999998,0.5,0.5,22.271962302255133,6.9816031537450725,19.89434759640782,377,2,75,0.2,0.5,0.5,inheritance,inheritance,inheritance
2963,782,1880,0.19999999999999996,0.5,0.5,22.394532568342896,6.892583120204604,19.820212765957447,378,2,75,0.2,0.5,0.5,inheritance,inheritance,inheritance
2936,815,1874,0.19999999999999998,0.5,0.5,22.61035422343324,6.852760736196319,19.801494130202776,379,2,75,0.2,0.5,0.5,inheritance,inheritance,inheritance
2931,832,1862,0.19999999999999998,0.5,0.5,22.878198567041967,6.931490384615385,19.66111707841031,380,2,75,0.2,0.5,0.5,inheritance,inheritance,inheritance
2918,834,1873,0.19999999999999996,0.5,0.5,23.205277587388622,7.056354916067146,19.484249866524294,381,2,75,0.2,0.5,0.5,inheritance,inheritance,inheritance
2890,866,1869,0.2,0.5,0.5,23.364359861591694,6.906466512702078,19.337613697164258,382,2,75,0.2,0.5,0.5,inheritance,inheritance,inheritance
2881,876,1868,0.2,0.5,0.5,23.610204790003472,6.866438356164384,19.1279443254818,383,2,75,0.2,0.5,0.5,inheritance,inheritance,inheritance
2881,889,1855,0.2,0.5,0.5,23.752863589031588,7.017997750281215,19.059299191374663,384,2,75,0.2,0.5,0.5,inheritance,inheritance,inheritance
2860,923,1842,0.19999999999999996,0.5,0.5,23.873776223776225,7.162513542795233,19.077633007600433,385,2,75,0.2,0.5,0.5,inheritance,inheritance,inheritance
2835,955,1835,0.19999999999999996,0.5,0.5,24.00599647266314,7.0879581151832465,19.101362397820164,386,2,75,0.2,0.5,0.5,inheritance,inheritance,inheritance
2811,1008,1806,0.19999999999999998,0.5,0.5,23.815012451085025,7.044642857142857,18.92580287929125,387,2,75,0.2,0.5,0.5,inheritance,inheritance,inheritance
2754,1040,1831,0.19999999999999996,0.5,0.5,23.955337690631808,6.975961538461538,18.70344074276352,388,2,75,0.2,0.5,0.5,inheritance,inheritance,inheritance
2672,1105,1848,0.19999999999999996,0.5,0.5,24.056511976047904,6.807239819004525,18.676406926406926,389,2,75,0.2,0.5,0.5,inheritance,inheritance,inheritance
2633,1156,1836,0.19999999999999996,0.5,0.5,23.706038739080896,6.852941176470588,18.33169934640523,390,2,75,0.2,0.5,0.5,inheritance,inheritance,inheritance
2592,1186,1847,0.19999999999999998,0.5,0.5,23.89621913580247,7.099494097807757,18.162966973470493,391,2,75,0.2,0.5,0.5,inheritance,inheritance,inheritance
2534,1232,1859,0.19999999999999996,0.5,0.5,24.02052091554854,7.234577922077922,18.17374932759548,392,2,75,0.2,0.5,0.5,inheritance,inheritance,inheritance
2460,1266,1899,0.2,0.5,0.5,24.004878048780487,7.204581358609794,17.96050552922591,393,2,75,0.2,0.5,0.5,inheritance,inheritance,inheritance
2397,1317,1911,0.19999999999999998,0.5,0.5,23.80433875677931,7.360668185269552,17.877551020408163,394,2,75,0.2,0.5,0.5,inheritance,inheritance,inheritance
2350,1333,1942,0.19999999999999998,0.5,0.5,23.69531914893617,7.550637659414853,17.65447991761071,395,2,75,0.2,0.5,0.5,inheritance,inheritance,inheritance
2295,1400,1930,0.2,0.5,0.5,23.202614379084967,7.634285714285714,17.660103626943005,396,2,75,0.2,0.5,0.5,inheritance,inheritance,inheritance
2243,1438,1944,0.19999999999999996,0.5,0.5,22.915292019616587,7.756606397774687,17.699588477366255,397,2,75,0.2,0.5,0.5,inheritance,inheritance,inheritance
2204,1459,1962,0.19999999999999998,0.5,0.5,22.565335753176043,7.8985606579849215,17.492354740061163,398,2,75,0.2,0.5,0.5,inheritance,inheritance,inheritance
2174,1449,2002,0.19999999999999998,0.5,0.5,22.262649494020238,8.189786059351277,17.151848151848153,399,2,75,0.2,0.5,0.5,inheritance,inheritance,inheritance
2136,1448,2041,0.19999999999999996,0.5,0.5,21.803838951310862,8.38121546961326,16.90641842234199,400,2,75,0.2,0.5,0.5,inheritance,inheritance,inheritance
2099,1468,2058,0.19999999999999998,0.5,0.5,21.32110528823249,8.574931880108991,16.828474246841594,401,2,75,0.2,0.5,0.5,inheritance,inheritance,inheritance
2057,1472,2096,0.20000000000000004,0.5,0.5,20.78220709771512,8.613451086956522,16.549141221374047,402,2,75,0.2,0.5,0.5,inheritance,inheritance,inheritance
2046,1463,2116,0.2,0.5,0.5,20.291788856304986,8.8838004101162,16.479678638941397,403,2,75,0.2,0.5,0.5,inheritance,inheritance,inheritance
2009,1453,2163,0.20000000000000004,0.5,0.5,20.003982080637133,8.863041982105988,16.186777623670828,404,2,75,0.2,0.5,0.5,inheritance,inheritance,inheritance
1987,1453,2185,0.20000000000000004,0.5,0.5,19.488676396577755,8.948382656572608,16.154691075514876,405,2,75,0.2,0.5,0.5,inheritance,inheritance,inheritance
1990,1437,2198,0.20000000000000004,0.5,0.5,18.678894472361808,9.018789144050105,15.81346678798908,406,2,75,0.2,0.5,0.5,inheritance,inheritance,inheritance
1974,1406,2245,0.20000000000000004,0.5,0.5,18.279128672745696,9.263157894736842,15.589755011135857,407,2,75,0.2,0.5,0.5,inheritance,inheritance,inheritance
1939,1389,2297,0.20000000000000004,0.5,0.5,18.12583806085611,9.31605471562275,15.439268611232041,408,2,75,0.2,0.5,0.5,inheritance,inheritance,inheritance
1894,1388,2343,0.2,0.5,0.5,17.853220696937697,9.270172910662824,15.276568501920615,409,2,75,0.2,0.5,0.5,inheritance,inheritance,inheritance
1873,1346,2406,0.2,0.5,0.5,17.588894821142553,9.276374442793463,14.90648379052369,410,2,75,0.2,0.5,0.5,inheritance,inheritance,inheritance
1872,1267,2486,0.2,0.5,0.5,17.621260683760685,9.266771902131017,14.642799678197909,411,2,75,0.2,0.5,0.5,inheritance,inheritance,inheritance
1851,1225,2549,0.2,0.5,0.5,17.40194489465154,9.376326530612245,14.543742644174186,412,2,75,0.2,0.5,0.5,inheritance,inheritance,inheritance
1833,1184,2608,0.20000000000000004,0.5,0.5,17.26568466993999,9.44679054054054,14.636886503067485,413,2,75,0.2,0.5,0.5,inheritance,inheritance,inheritance
1821,1112,2692,0.2,0.5,0.5,17.29214717188358,9.491906474820144,14.705052005943536,414,2,75,0.2,0.5,0.5,inheritance,inheritance,inheritance
1814,1079,2732,0.2,0.5,0.5,17.296030871003307,9.47451343836886,14.716325036603221,415,2,75,0.2,0.5,0.5,inheritance,inheritance,inheritance
1822,1034,2769,0.2,0.5,0.5,17.073545554335894,9.435203094777563,14.765619357168653,416,2,75,0.2,0.5,0.5,inheritance,inheritance,inheritance
1834,982,2809,0.20000000000000004,0.5,0.5,17.089422028353326,9.311608961303463,14.715913136347455,417,2,75,0.2,0.5,0.5,inheritance,inheritance,inheritance
1825,934,2866,0.20000000000000004,0.5,0.5,17.13808219178082,9.118843683083512,14.907536636427077,418,2,75,0.2,0.5,0.5,inheritance,inheritance,inheritance
1856,885,2884,0.2,0.5,0.5,17.042025862068964,9.263276836158193,15.025658807212205,419,2,75,0.2,0.5,0.5,inheritance,inheritance,inheritance
1886,831,2908,0.2,0.5,0.5,16.881760339342524,9.229843561973526,15.090784044016505,420,2,75,0.2,0.5,0.5,inheritance,inheritance,inheritance
1892,784,2949,0.2,0.5,0.5,16.96564482029598,9.03188775510204,15.249237029501526,421,2,75,0.2,0.5,0.5,inheritance,inheritance,inheritance
1925,741,2959,0.2,0.5,0.5,16.736623376623378,8.978407557354926,15.379520108144643,422,2,75,0.2,0.5,0.5,inheritance,inheritance,inheritance
1955,688,2982,0.20000000000000007,0.5,0.5,16.64296675191816,8.726744186046512,15.681421864520456,423,2,75,0.2,0.5,0.5,inheritance,inheritance,inheritance
1984,657,2984,0.20000000000000004,0.5,0.5,16.544354838709676,8.39269406392694,15.965817694369973,424,2,75,0.2,0.5,0.5,inheritance,inheritance,inheritance
2025,624,2976,0.20000000000000004,0.5,0.5,16.549135802469134,8.068910256410257,16.167002688172044,425,2,75,0.2,0.5,0.5,inheritance,inheritance,inheritance
2070,591,2964,0.20000000000000004,0.5,0.5,16.58599033816425,8.038917089678511,16.388663967611336,426,2,75,0.2,0.5,0.5,inheritance,inheritance,inheritance
2109,553,2963,0.19999999999999998,0.5,0.5,16.5348506401138,7.466546112115732,16.626392170097873,427,2,75,0.2,0.5,0.5,inheritance,inheritance,inheritance
2158,550,2917,0.19999999999999996,0.5,0.5,16.425393883225208,7.381818181818182,17.062392869386358,428,2,75,0.2,0.5,0.5,inheritance,inheritance,inheritance
2182,545,2898,0.19999999999999996,0.5,0.5,16.505041246562786,6.827522935779816,17.411663216011043,429,2,75,0.2,0.5,0.5,inheritance,inheritance,inheritance
2220,545,2860,0.19999999999999996,0.5,0.5,16.410810810810812,6.427522935779817,17.62937062937063,430,2,75,0.2,0.5,0.5,inheritance,inheritance,inheritance
2270,552,2803,0.19999999999999998,0.5,0.5,16.344052863436122,6.278985507246377,17.982875490545844,431,2,75,0.2,0.5,0.5,inheritance,inheritance,inheritance
2318,577,2730,0.19999999999999998,0.5,0.5,16.202329594477998,6.164644714038128,18.394139194139193,432,2,75,0.2,0.5,0.5,inheritance,inheritance,inheritance
2362,565,2698,0.19999999999999998,0.5,0.5,16.297205757832344,6.4389380530973455,18.783543365455895,433,2,75,0.2,0.5,0.5,inheritance,inheritance,inheritance
2375,586,2664,0.2,0.5,0.5,16.42442105263158,6.250853242320819,19.118243243243242,434,2,75,0.2,0.5,0.5,inheritance,inheritance,inheritance
2404,603,2618,0.19999999999999998,0.5,0.5,16.45549084858569,6.398009950248756,19.527119938884645,435,2,75,0.2,0.5,0.5,inheritance,inheritance,inheritance
2432,631,2562,0.19999999999999998,0.5,0.5,16.334292763157894,6.416798732171157,19.981654957064794,436,2,75,0.2,0.5,0.5,inheritance,inheritance,inheritance
2426,656,2543,0.19999999999999998,0.5,0.5,16.407254740313274,6.135670731707317,20.252850963429022,437,2,75,0.2,0.5,0.5,inheritance,inheritance,inheritance
2444,680,2501,0.19999999999999998,0.5,0.5,16.368657937806873,6.286764705882353,20.640543782487004,438,2,75,0.2,0.5,0.5,inheritance,inheritance,inheritance
2454,701,2470,0.19999999999999998,0.5,0.5,16.333333333333332,6.38944365192582,20.808097165991903,439,2,75,0.2,0.5,0.5,inheritance,inheritance,inheritance
2476,709,2440,0.19999999999999998,0.5,0.5,16.529079159935378,6.4908321579689705,21.130327868852458,440,2,75,0.2,0.5,0.5,inheritance,inheritance,inheritance
2481,724,2420,0.19999999999999998,0.5,0.5,16.779524385328497,6.455801104972376,21.339669421487603,441,2,75,0.2,0.5,0.5,inheritance,inheritance,inheritance
2499,750,2376,0.19999999999999998,0.5,0.5,16.92236894757903,6.5,21.664983164983166,442,2,75,0.2,0.5,0.5,inheritance,inheritance,inheritance
2512,768,2345,0.19999999999999996,0.5,0.5,17.079617834394906,6.571614583333333,21.790191897654584,443,2,75,0.2,0.5,0.5,inheritance,inheritance,inheritance
2534,768,2323,0.19999999999999996,0.5,0.5,17.1069455406472,6.6640625,21.755058114507104,444,2,75,0.2,0.5,0.5,inheritance,inheritance,inheritance
2557,767,2301,0.19999999999999996,0.5,0.5,17.233085647242863,6.732724902216428,21.85049978270317,445,2,75,0.2,0.5,0.5,inheritance,inheritance,inheritance
2563,787,2275,0.19999999999999996,0.5,0.5,17.32266874756145,6.701397712833545,21.75868131868132,446,2,75,0.2,0.5,0.5,inheritance,inheritance,inheritance
2588,786,2251,0.19999999999999996,0.5,0.5,17.46870170015456,6.772264631043257,21.59617947578854,447,2,75,0.2,0.5,0.5,inheritance,inheritance,inheritance
2579,793,2253,0.19999999999999998,0.5,0.5,17.77782086079876,6.69609079445145,21.6711051930759,448,2,75,0.2,0.5,0.5,inheritance,inheritance,inheritance
2596,793,2236,0.2,0.5,0.5,18.013482280431433,6.795712484237074,21.50939177101968,449,2,75,0.2,0.5,0.5,inheritance,inheritance,inheritance
2590,807,2228,0.2,0.5,0.5,18.32007722007722,6.947955390334572,21.644973070017954,450,2,75,0.2,0.5,0.5,inheritance,inheritance,inheritance
2601,811,2213,0.2,0.5,0.5,18.41138023836986,6.998766954377312,21.49841843651152,451,2,75,0.2,0.5,0.5,inheritance,inheritance,inheritance
2610,832,2183,0.19999999999999996,0.5,0.5,18.3823754789272,6.9735576923076925,21.54557947778287,452,2,75,0.2,0.5,0.5,inheritance,inheritance,inheritance
2589,856,2180,0.19999999999999998,0.5,0.5,18.47431440710699,6.686915887850467,21.241743119266054,453,2,75,0.2,0.5,0.5,inheritance,inheritance,inheritance
2597,857,2171,0.19999999999999998,0.5,0.5,18.59568733153639,6.7386231038506414,20.9765085214187,454,2,75,0.2,0.5,0.5,inheritance,inheritance,inheritance
2602,860,2163,0.19999999999999996,0.5,0.5,18.641813989239047,6.862790697674418,20.65603328710125,455,2,75,0.2,0.5,0.5,inheritance,inheritance,inheritance
2607,858,2160,0.19999999999999996,0.5,0.5,18.75489067894131,6.931235431235431,20.37037037037037,456,2,75,0.2,0.5,0.5,inheritance,inheritance,inheritance
2622,863,2140,0.19999999999999996,0.5,0.5,18.836384439359268,7.027809965237544,20.081308411214952,457,2,75,0.2,0.5,0.5,inheritance,inheritance,inheritance
2627,869,2129,0.19999999999999998,0.5,0.5,19.025504377617054,7.222094361334868,19.967120713950212,458,2,75,0.2,0.5,0.5,inheritance,inheritance,inheritance
2633,865,2127,0.19999999999999996,0.5,0.5,19.194454994303076,7.132947976878612,19.653032440056418,459,2,75,0.2,0.5,0.5,inheritance,inheritance,inheritance
2603,884,2138,0.19999999999999996,0.5,0.5,19.37572032270457,6.919683257918552,19.514499532273152,460,2,75,0.2,0.5,0.5,inheritance,inheritance,inheritance
2600,889,2136,0.2,0.5,0.5,19.416923076923077,6.803149606299213,19.017322097378276,461,2,75,0.2,0.5,0.5,inheritance,inheritance,inheritance
2615,884,2126,0.19999999999999996,0.5,0.5,19.60076481835564,6.932126696832579,18.904985888993416,462,2,75,0.2,0.5,0.5,inheritance,inheritance,inheritance
2619,876,2130,0.19999999999999998,0.5,0.5,19.83008781977854,7.030821917808219,18.611267605633802,463,2,75,0.2,0.5,0.5,inheritance,inheritance,inheritance
2627,878,2120,0.19999999999999998,0.5,0.5,19.834031214312905,6.997722095671982,18.275,464,2,75,0.2,0.5,0.5,inheritance,inheritance,inheritance
2641,882,2102,0.2,0.5,0.5,19.94509655433548,7.179138321995465,18.127973358705994,465,2,75,0.2,0.5,0.5,inheritance,inheritance,inheritance
2606,901,2118,0.2,0.5,0.5,20.20644666155027,7.048834628190899,17.907459867799812,466,2,75,0.2,0.5,0.5,inheritance,inheritance,inheritance
2588,916,2121,0.19999999999999996,0.5,0.5,20.31530139103555,7.051310043668122,17.85101367279585,467,2,75,0.2,0.5,0.5,inheritance,inheritance,inheritance
2561,942,2122,0.19999999999999998,0.5,0.5,20.46075751659508,7.081740976645436,17.845428840716306,468,2,75,0.2,0.5,0.5,inheritance,inheritance,inheritance
2575,934,2116,0.19999999999999996,0.5,0.5,20.383300970873787,7.191648822269808,17.67249527410208,469,2,75,0.2,0.5,0.5,inheritance,inheritance,inheritance
2566,942,2117,0.19999999999999998,0.5,0.5,20.477786438035853,7.231422505307855,17.570146433632498,470,2,75,0.2,0.5,0.5,inheritance,inheritance,inheritance
2555,941,2129,0.19999999999999998,0.5,0.5,20.379256360078276,7.149840595111583,17.32644434006576,471,2,75,0.2,0.5,0.5,inheritance,inheritance,inheritance
2542,943,2140,0.19999999999999996,0.5,0.5,20.266325727773406,7.046659597030753,17.232710280373833,472,2,75,0.2,0.5,0.5,inheritance,inheritance,inheritance
2541,950,2134,0.19999999999999998,0.5,0.5,20.164502164502164,6.983157894736842,17.136363636363637,473,2,75,0.2,0.5,0.5,inheritance,inheritance,inheritance
2522,956,2147,0.19999999999999996,0.5,0.5,20.17129262490087,6.872384937238493,16.79832324173265,474,2,75,0.2,0.5,0.5,inheritance,inheritance,inheritance
2500,968,2157,0.19999999999999998,0.5,0.5,20.148,6.900826446280992,16.73435326842837,475,2,75,0.2,0.5,0.5,inheritance,inheritance,inheritance
2482,955,2188,0.19999999999999998,0.5,0.5,20.137792103142626,6.832460732984293,16.43144424131627,476,2,75,0.2,0.5,0.5,inheritance,inheritance,inheritance
2470,944,2211,0.19999999999999998,0.5,0.5,20.130364372469636,6.879237288135593,16.223880597014926,477,2,75,0.2,0.5,0.5,inheritance,inheritance,inheritance
2436,968,2221,0.19999999999999998,0.5,0.5,20.185139573070607,6.918388429752066,16.39621791985592,478,2,75,0.2,0.5,0.5,inheritance,inheritance,inheritance
2392,1005,2228,0.19999999999999998,0.5,0.5,20.098662207357858,6.88955223880597,16.661579892280074,479,2,75,0.2,0.5,0.5,inheritance,inheritance,inheritance
2341,1044,2240,0.19999999999999998,0.5,0.5,19.939769329346433,6.888888888888889,16.73080357142857,480,2,75,0.2,0.5,0.5,inheritance,inheritance,inheritance
2341,1032,2252,0.19999999999999998,0.5,0.5,19.81717214865442,7.0184108527131785,16.626554174067497,481,2,75,0.2,0.5,0.5,inheritance,inheritance,inheritance
2301,1058,2266,0.19999999999999998,0.5,0.5,19.629726205997393,6.981096408317581,16.672992056487203,482,2,75,0.2,0.5,0.5,inheritance,inheritance,inheritance
2273,1060,2292,0.19999999999999998,0.5,0.5,19.471623405191377,7.113207547169812,16.671465968586386,483,2,75,0.2,0.5,0.5,inheritance,inheritance,inheritance
2228,1086,2311,0.19999999999999996,0.5,0.5,19.20511669658887,7.05524861878453,16.718736477715275,484,2,75,0.2,0.5,0.5,inheritance,inheritance,inheritance
2208,1102,2315,0.19999999999999996,0.5,0.5,18.86911231884058,7.137023593466425,16.86047516198704,485,2,75,0.2,0.5,0.5,inheritance,inheritance,inheritance
2182,1139,2304,0.19999999999999996,0.5,0.5,18.580201649862513,7.232660228270412,16.928385416666668,486,2,75,0.2,0.5,0.5,inheritance,inheritance,inheritance
2150,1153,2322,0.19999999999999998,0.5,0.5,18.467441860465115,7.433651344319167,16.970284237726098,487,2,75,0.2,0.5,0.5,inheritance,inheritance,inheritance
2135,1149,2341,0.2,0.5,0.5,18.58360655737705,7.691906005221932,16.960273387441266,488,2,75,0.2,0.5,0.5,inheritance,inheritance,inheritance
2143,1142,2340,0.19999999999999998,0.5,0.5,18.55156322911806,7.961471103327495,17.105555555555554,489,2,75,0.2,0.5,0.5,inheritance,inheritance,inheritance
2098,1164,2363,0.2,0.5,0.5,18.281696854146805,8.007731958762887,17.16250528988574,490,2,75,0.2,0.5,0.5,inheritance,inheritance,inheritance
2077,1158,2390,0.2,0.5,0.5,18.338468945594606,8.005181347150259,17.1255230125523,491,2,75,0.2,0.5,0.5,inheritance,inheritance,inheritance
2026,1185,2414,0.2,0.5,0.5,18.30700888450148,8.018565400843881,17.21665285832643,492,2,75,0.2,0.5,0.5,inheritance,inheritance,inheritance
2013,1188,2424,0.2,0.5,0.5,18.297565822155985,8.246632996632997,17.27970297029703,493,2,75,0.2,0.5,0.5,inheritance,inheritance,inheritance
1993,1160,2472,0.20000000000000004,0.5,0.5,18.478675363773206,8.452586206896552,17.19093851132686,494,2,75,0.2,0.5,0.5,inheritance,inheritance,inheritance
1971,1158,2496,0.2,0.5,0.5,18.426179604261797,8.525043177892918,17.275641025641026,495,2,75,0.2,0.5,0.5,inheritance,inheritance,inheritance
1932,1144,2549,0.20000000000000004,0.5,0.5,18.556935817805382,8.652097902097902,17.311494703805415,496,2,75,0.2,0.5,0.5,inheritance,inheritance,inheritance
1948,1105,2572,0.2,0.5,0.5,18.37577002053388,8.774660633484164,17.128304821150856,497,2,75,0.2,0.5,0.5,inheritance,inheritance,inheritance
1942,1058,2625,0.2,0.5,0.5,18.429454170957776,8.783553875236295,16.919619047619047,498,2,75,0.2,0.5,0.5,inheritance,inheritance,inheritance
1919,1036,2670,0.20000000000000004,0.5,0.5,18.288692027097447,8.727799227799228,16.902247191011234,499,2,75,0.2,0.5,0.5,inheritance,inheritance,inheritance
1929,1015,2681,0.20000000000000004,0.5,0.5,18.23950233281493,8.80295566502463,17.033942558746737,500,2,75,0.2,0.5,0.5,inheritance,inheritance,inheritance
1971,962,2692,0.2,0.5,0.5,18.14662607813293,9.001039501039502,16.98068350668648,501,2,75,0.2,0.5,0.5,inheritance,inheritance,inheritance
1983,923,2719,0.2,0.5,0.5,17.951084215834594,8.929577464788732,17.07024641412284,502,2,75,0.2,0.5,0.5,inheritance,inheritance,inheritance
2010,889,2726,0.20000000000000004,0.5,0.5,17.98457711442786,9.029246344206975,17.176815847395453,503,2,75,0.2,0.5,0.5,inheritance,inheritance,inheritance
2011,883,2731,0.2,0.5,0.5,18.012928891098955,8.838052095130237,17.316001464664957,504,2,75,0.2,0.5,0.5,inheritance,inheritance,inheritance
2021,847,2757,0.2,0.5,0.5,18.012370113805048,8.735537190082646,17.341313021400072,505,2,75,0.2,0.5,0.5,inheritance,inheritance,inheritance
2043,808,2774,0.20000000000000004,0.5,0.5,17.987763093489967,8.558168316831683,17.431146359048306,506,2,75,0.2,0.5,0.5,inheritance,inheritance,inheritance
2049,814,2762,0.20000000000000004,0.5,0.5,17.773060029282576,8.103194103194102,17.585445329471398,507,2,75,0.2,0.5,0.5,inheritance,inheritance,inheritance
2073,782,2770,0.2,0.5,0.5,17.463096960926194,7.759590792838875,17.577617328519857,508,2,75,0.2,0.5,0.5,inheritance,inheritance,inheritance
2083,794,2748,0.2,0.5,0.5,17.215074411905906,7.642317380352645,17.83551673944687,509,2,75,0.2,0.5,0.5,inheritance,inheritance,inheritance
2084,788,2753,0.2,0.5,0.5,17.238963531669867,7.595177664974619,18.08935706501998,510,2,75,0.2,0.5,0.5,inheritance,inheritance,inheritance
2111,755,2759,0.19999999999999998,0.5,0.5,17.180956892468025,7.458278145695364,18.093874592243566,511,2,75,0.2,0.5,0.5,inheritance,inheritance,inheritance
2133,734,2758,0.19999999999999998,0.5,0.5,17.209563994374122,7.3964577656675745,18.273386511965192,512,2,75,0.2,0.5,0.5,inheritance,inheritance,inheritance
2119,722,2784,0.19999999999999998,0.5,0.5,17.266163284568194,7.150969529085873,18.432830459770116,513,2,75,0.2,0.5,0.5,inheritance,inheritance,inheritance
2154,702,2769,0.19999999999999998,0.5,0.5,17.11234911792015,7.182336182336182,18.57204767063922,514,2,75,0.2,0.5,0.5,inheritance,inheritance,inheritance
2168,700,2757,0.19999999999999996,0.5,0.5,17.094557195571955,7.155714285714286,18.966993108451216,515,2,75,0.2,0.5,0.5,inheritance,inheritance,inheritance
2184,698,2743,0.19999999999999998,0.5,0.5,17.125457875457876,7.19484240687679,19.09478672985782,516,2,75,0.2,0.5,0.5,inheritance,inheritance,inheritance
2177,739,2709,0.19999999999999996,0.5,0.5,17.060633899862196,6.974289580514208,19.505721668512365,517,2,75,0.2,0.5,0.5,inheritance,inheritance,inheritance
2198,736,2691,0.19999999999999996,0.5,0.5,16.95768880800728,6.991847826086956,19.69676700111483,518,2,75,0.2,0.5,0.5,inheritance,inheritance,inheritance
2218,751,2656,0.19999999999999996,0.5,0.5,16.852119026149683,7.075898801597869,19.940512048192772,519,2,75,0.2,0.5,0.5,inheritance,inheritance,inheritance
2240,756,2629,0.19999999999999998,0.5,0.5,16.801339285714285,7.138888888888889,20.203879802206163,520,2,75,0.2,0.5,0.5,inheritance,inheritance,inheritance
2265,763,2597,0.19999999999999998,0.5,0.5,16.74437086092715,7.217562254259502,20.335772044666925,521,2,75,0.2,0.5,0.5,inheritance,inheritance,inheritance
2263,791,2571,0.19999999999999996,0.5,0.5,16.741493592576226,7.192161820480405,20.751458576429403,522,2,75,0.2,0.5,0.5,inheritance,inheritance,inheritance
2238,810,2577,0.19999999999999998,0.5,0.5,16.96201966041108,7.058024691358025,20.97012029491657,523,2,75,0.2,0.5,0.5,inheritance,inheritance,inheritance
2237,824,2564,0.19999999999999996,0.5,0.5,17.070183281180153,7.118932038834951,21.17628705148206,524,2,75,0.2,0.5,0.5,inheritance,inheritance,inheritance
2243,818,2564,0.19999999999999996,0.5,0.5,17.015604101649576,7.116136919315403,21.123634945397814,525,2,75,0.2,0.5,0.5,inheritance,inheritance,inheritance
2245,816,2564,0.19999999999999996,0.5,0.5,17.133184855233853,7.075980392156863,21.130265210608425,526,2,75,0.2,0.5,0.5,inheritance,inheritance,inheritance
2266,807,2552,0.19999999999999998,0.5,0.5,17.110767872903796,7.201982651796778,21.095219435736677,527,2,75,0.2,0.5,0.5,inheritance,inheritance,inheritance
2266,826,2533,0.19999999999999998,0.5,0.5,17.16460723742277,7.177966101694915,21.269245953414924,528,2,75,0.2,0.5,0.5,inheritance,inheritance,inheritance
2279,824,2522,0.19999999999999998,0.5,0.5,17.036858271171567,7.230582524271845,21.417922283901664,529,2,75,0.2,0.5,0.5,inheritance,inheritance,inheritance
2284,806,2535,0.19999999999999998,0.5,0.5,17.016199649737302,7.276674937965261,21.431163708086785,530,2,75,0.2,0.5,0.5,inheritance,inheritance,inheritance
2322,761,2542,0.19999999999999998,0.5,0.5,17.11111111111111,7.411300919842312,21.335169158143195,531,2,75,0.2,0.5,0.5,inheritance,inheritance,inheritance
2328,756,2541,0.19999999999999996,0.5,0.5,17.281357388316152,7.4378306878306875,21.458874458874458,532,2,75,0.2,0.5,0.5,inheritance,inheritance,inheritance
2351,740,2534,0.19999999999999998,0.5,0.5,17.21054870267971,7.518918918918919,21.47316495659037,533,2,75,0.2,0.5,0.5,inheritance,inheritance,inheritance
2401,734,2490,0.19999999999999998,0.5,0.5,17.07246980424823,7.475476839237057,21.47991967871486,534,2,75,0.2,0.5,0.5,inheritance,inheritance,inheritance
2439,724,2462,0.19999999999999998,0.5,0.5,17.075850758507585,7.426795580110498,21.496750609260765,535,2,75,0.2,0.5,0.5,inheritance,inheritance,inheritance
2491,714,2420,0.19999999999999998,0.5,0.5,17.07025291047772,7.5210084033613445,21.711157024793387,536,2,75,0.2,0.5,0.5,inheritance,inheritance,inheritance
2513,698,2414,0.19999999999999996,0.5,0.5,17.15240748109829,7.375358166189112,21.669014084507044,537,2,75,0.2,0.5,0.5,inheritance,inheritance,inheritance
2574,676,2375,0.19999999999999998,0.5,0.5,17.207070707070706,7.718934911242603,21.714105263157894,538,2,75,0.2,0.5,0.5,inheritance,inheritance,inheritance
2594,678,2353,0.19999999999999998,0.5,0.5,17.43716268311488,7.741887905604719,21.777305567360816,539,2,75,0.2,0.5,0.5,inheritance,inheritance,inheritance
2593,702,2330,0.19999999999999996,0.5,0.5,17.840339375241033,7.5085470085470085,22.07510729613734,540,2,75,0.2,0.5,0.5,inheritance,inheritance,inheritance
2608,709,2308,0.19999999999999996,0.5,0.5,18.053680981595093,7.540197461212976,22.250433275563257,541,2,75,0.2,0.5,0.5,inheritance,inheritance,inheritance
2645,726,2254,0.2,0.5,0.5,18.14517958412098,7.595041322314049,22.413930789707187,542,2,75,0.2,0.5,0.5,inheritance,inheritance,inheritance
2679,724,2222,0.19999999999999998,0.5,0.5,18.240014930944383,7.722375690607735,22.302880288028803,543,2,75,0.2,0.5,0.5,inheritance,inheritance,inheritance
2723,728,2174,0.19999999999999996,0.5,0.5,18.44105765699596,7.84478021978022,22.44618215271389,544,2,75,0.2,0.5,0.5,inheritance,inheritance,inheritance
2760,712,2153,0.19999999999999996,0.5,0.5,18.692028985507246,8.073033707865168,22.337203901532746,545,2,75,0.2,0.5,0.5,inheritance,inheritance,inheritance
2795,689,2141,0.2,0.5,0.5,18.971019677996424,8.010159651669087,22.25035030359645,546,2,75,0.2,0.5,0.5,inheritance,inheritance,inheritance
2830,687,2108,0.2,0.5,0.5,19.214487632508835,7.8879184861717615,22.14326375711575,547,2,75,0.2,0.5,0.5,inheritance,inheritance,inheritance
2859,697,2069,0.19999999999999998,0.5,0.5,19.495627841902763,7.809182209469154,22.06863218946351,548,2,75,0.2,0.5,0.5,inheritance,inheritance,inheritance
2868,703,2054,0.19999999999999996,0.5,0.5,19.716875871687588,7.688477951635846,22.09396299902629,549,2,75,0.2,0.5,0.5,inheritance,inheritance,inheritance
2860,697,2068,0.19999999999999996,0.5,0.5,20.1506993006993,7.450502152080344,21.913926499032883,550,2,75,0.2,0.5,0.5,inheritance,inheritance,inheritance
2845,702,2078,0.19999999999999996,0.5,0.5,20.585940246045695,7.2094017094017095,21.83108758421559,551,2,75,0.2,0.5,0.5,inheritance,inheritance,inheritance
2853,709,2063,0.19999999999999996,0.5,0.5,20.661759551349455,6.947813822284909,21.611730489578285,552,2,75,0.2,0.5,0.5,inheritance,inheritance,inheritance
2852,713,2060,0.19999999999999996,0.5,0.5,21.055399719495092,7.03085553997195,21.472815533980583,553,2,75,0.2,0.5,0.5,inheritance,inheritance,inheritance
2863,715,2047,0.19999999999999996,0.5,0.5,21.361508906741182,7.092307692307692,21.360527601367856,554,2,75,0.2,0.5,0.5,inheritance,inheritance,inheritance
2858,734,2033,0.19999999999999996,0.5,0.5,21.668649405178446,7.072207084468665,21.538612887358582,555,2,75,0.2,0.5,0.5,inheritance,inheritance,inheritance
2854,729,2042,0.19999999999999998,0.5,0.5,21.912053258584443,6.984910836762689,21.23653281096964,556,2,75,0.2,0.5,0.5,inheritance,inheritance,inheritance
2825,772,2028,0.2,0.5,0.5,22.27787610619469,6.765544041450777,21.293392504930967,557,2,75,0.2,0.5,0.5,inheritance,inheritance,inheritance
2800,798,2027,0.2,0.5,0.5,22.555,6.716791979949875,21.110014800197337,558,2,75,0.2,0.5,0.5,inheritance,inheritance,inheritance
2793,817,2015,0.19999999999999996,0.5,0.5,22.593984962406015,6.713586291309669,20.876426799007444,559,2,75,0.2,0.5,0.5,inheritance,inheritance,inheritance
2783,842,2000,0.19999999999999996,0.5,0.5,22.74775422206252,6.728028503562945,20.7465,560,2,75,0.2,0.5,0.5,inheritance,inheritance,inheritance
2783,840,2002,0.19999999999999996,0.5,0.5,22.933524973050666,6.7976190476190474,20.535464535464534,561,2,75,0.2,0.5,0.5,inheritance,inheritance,inheritance
2768,849,2008,0.19999999999999996,0.5,0.5,23.21784682080925,6.865724381625442,20.40687250996016,562,2,75,0.2,0.5,0.5,inheritance,inheritance,inheritance
2738,858,2029,0.19999999999999996,0.5,0.5,23.526296566837107,6.782051282051282,20.113849186791523,563,2,75,0.2,0.5,0.5,inheritance,inheritance,inheritance
2702,888,2035,0.19999999999999996,0.5,0.5,23.790895632864544,6.631756756756757,20.035872235872237,564,2,75,0.2,0.5,0.5,inheritance,inheritance,inheritance
2676,911,2038,0.19999999999999998,0.5,0.5,24.075485799701045,6.626783754116356,20.094210009813544,565,2,75,0.2,0.5,0.5,inheritance,inheritance,inheritance
2671,922,2032,0.19999999999999998,0.5,0.5,24.143766379633096,6.786334056399133,20.111712598425196,566,2,75,0.2,0.5,0.5,inheritance,inheritance,inheritance
2645,947,2033,0.2,0.5,0.5,24.282797731568998,6.748680042238648,19.949827840629613,567,2,75,0.2,0.5,0.5,inheritance,inheritance,inheritance
2616,973,2036,0.19999999999999998,0.5,0.5,24.368119266055047,6.776978417266187,19.913555992141454,568,2,75,0.2,0.5,0.5,inheritance,inheritance,inheritance
2563,994,2068,0.19999999999999996,0.5,0.5,24.43620756925478,6.5321931589537225,19.573500967117987,569,2,75,0.2,0.5,0.5,inheritance,inheritance,inheritance
2514,1030,2081,0.19999999999999998,0.5,0.5,24.46778042959427,6.529126213592233,19.401729937530035,570,2,75,0.2,0.5,0.5,inheritance,inheritance,inheritance
2474,1047,2104,0.19999999999999998,0.5,0.5,24.58649959579628,6.594078319006686,19.200570342205324,571,2,75,0.2,0.5,0.5,inheritance,inheritance,inheritance
2445,1064,2116,0.2,0.5,0.5,24.374642126789364,6.649436090225564,19.013705103969755,572,2,75,0.2,0.5,0.5,inheritance,inheritance,inheritance
2416,1091,2118,0.19999999999999998,0.5,0.5,23.746688741721854,6.798350137488542,18.605288007554297,573,2,75,0.2,0.5,0.5,inheritance,inheritance,inheritance
2375,1120,2130,0.2,0.5,0.5,23.54021052631579,6.8375,18.50892018779343,574,2,75,0.2,0.5,0.5,inheritance,inheritance,inheritance
2378,1121,2126,0.19999999999999998,0.5,0.5,23.142977291841884,7.146297948260481,18.3071495766698,575,2,75,0.2,0.5,0.5,inheritance,inheritance,inheritance
2367,1105,2153,0.19999999999999998,0.5,0.5,22.847486269539502,7.211764705882353,18.0315838365072,576,2,75,0.2,0.5,0.5,inheritance,inheritance,inheritance
2355,1093,2177,0.2,0.5,0.5,22.808067940552018,7.45928636779506,17.929719797887,577,2,75,0.2,0.5,0.5,inheritance,inheritance,inheritance
2310,1119,2196,0.19999999999999998,0.5,0.5,22.406926406926406,7.343163538873995,17.551001821493625,578,2,75,0.2,0.5,0.5,inheritance,inheritance,inheritance
2299,1111,2215,0.19999999999999998,0.5,0.5,21.998695084819488,7.405940594059406,17.293905191873588,579,2,75,0.2,0.5,0.5,inheritance,inheritance,inheritance
2285,1102,2238,0.2,0.5,0.5,21.835010940919037,7.485480943738657,17.220732797140304,580,2,75,0.2,0.5,0.5,inheritance,inheritance,inheritance
2248,1127,2250,0.19999999999999996,0.5,0.5,21.38879003558719,7.461401952085182,17.19911111111111,581,2,75,0.2,0.5,0.5,inheritance,inheritance,inheritance
2223,1111,2291,0.19999999999999996,0.5,0.5,21.002249212775528,7.52025202520252,16.75338280226975,582,2,75,0.2,0.5,0.5,inheritance,inheritance,inheritance
2199,1100,2326,0.19999999999999998,0.5,0.5,20.71805366075489,7.565454545454545,16.553310404127256,583,2,75,0.2,0.5,0.5,inheritance,inheritance,inheritance
2172,1092,2361,0.19999999999999998,0.5,0.5,20.320441988950275,7.427655677655678,16.404913172384582,584,2,75,0.2,0.5,0.5,inheritance,inheritance,inheritance
2133,1106,2386,0.19999999999999998,0.5,0.5,19.97093295827473,7.490958408679927,16.425398155909473,585,2,75,0.2,0.5,0.5,inheritance,inheritance,inheritance
2124,1108,2393,0.19999999999999998,0.5,0.5,19.704331450094163,7.5983754512635375,16.397409109903887,586,2,75,0.2,0.5,0.5,inheritance,inheritance,inheritance
2112,1121,2392,0.19999999999999998,0.5,0.5,19.381155303030305,7.633363068688671,16.34155518394649,587,2,75,0.2,0.5,0.5,inheritance,inheritance,inheritance
2098,1110,2417,0.2,0.5,0.5,19.306482364156338,7.933333333333334,16.426975589573853,588,2,75,0.2,0.5,0.5,inheritance,inheritance,inheritance
2100,1086,2439,0.2,0.5,0.5,19.329047619047618,8.164825046040516,16.535055350553506,589,2,75,0.2,0.5,0.5,inheritance,inheritance,inheritance
2087,1064,2474,0.19999999999999998,0.5,0.5,19.204599904168663,8.299812030075188,16.576394502829427,590,2,75,0.2,0.5,0.5,inheritance,inheritance,inheritance
2079,1037,2509,0.20000000000000004,0.5,0.5,18.905242905242904,8.352941176470589,16.51135910721403,591,2,75,0.2,0.5,0.5,inheritance,inheritance,inheritance
2057,1021,2547,0.20000000000000004,0.5,0.5,18.70150704910063,8.356513222331047,16.72791519434629,592,2,75,0.2,0.5,0.5,inheritance,inheritance,inheritance
2045,1019,2561,0.20000000000000004,0.5,0.5,18.340831295843522,8.20215897939156,16.702459976571653,593,2,75,0.2,0.5,0.5,inheritance,inheritance,inheritance
2039,988,2598,0.20000000000000004,0.5,0.5,18.307503678273665,8.100202429149798,16.70130869899923,594,2,75,0.2,0.5,0.5,inheritance,inheritance,inheritance
2038,976,2611,0.20000000000000004,0.5,0.5,18.37782139352306,8.21516393442623,16.839142091152816,595,2,75,0.2,0.5,0.5,inheritance,inheritance,inheritance
2053,947,2625,0.2,0.5,0.5,18.177301509985387,8.28299894403379,16.878476190476192,596,2,75,0.2,0.5,0.5,inheritance,inheritance,inheritance
2067,912,2646,0.20000000000000004,0.5,0.5,18.08659893565554,8.298245614035087,16.989040060468632,597,2,75,0.2,0.5,0.5,inheritance,inheritance,inheritance
2070,870,2685,0.20000000000000004,0.5,0.5,17.977777777777778,8.173563218390804,16.97579143389199,598,2,75,0.2,0.5,0.5,inheritance,inheritance,inheritance
2081,827,2717,0.2,0.5,0.5,17.938971648246035,8.105199516324063,17.014354066985646,599,2,75,0.2,0.5,0.5,inheritance,inheritance,inheritance
2102,806,2717,0.19999999999999998,0.5,0.5,17.89105613701237,8.188585607940446,17.06036069193964,600,2,75,0.2,0.5,0.5,inheritance,inheritance,inheritance
2122,778,2725,0.19999999999999998,0.5,0.5,17.927426955702167,8.195372750642674,17.257981651376145,601,2,75,0.2,0.5,0.5,inheritance,inheritance,inheritance
2124,753,2748,0.19999999999999998,0.5,0.5,18.08145009416196,8.278884462151394,17.517103347889375,602,2,75,0.2,0.5,0.5,inheritance,inheritance,inheritance
2145,723,2757,0.19999999999999998,0.5,0.5,18.095104895104896,8.117565698478561,17.6848023213638,603,2,75,0.2,0.5,0.5,inheritance,inheritance,inheritance
2172,719,2734,0.19999999999999998,0.5,0.5,18.111418047882136,8.155771905424201,17.86356986100951,604,2,75,0.2,0.5,0.5,inheritance,inheritance,inheritance
2151,723,2751,0.19999999999999996,0.5,0.5,18.427708042770803,8.100968188105117,18.22428207924391,605,2,75,0.2,0.5,0.5,inheritance,inheritance,inheritance
2160,716,2749,0.19999999999999998,0.5,0.5,18.456481481481482,7.960893854748603,18.516551473263004,606,2,75,0.2,0.5,0.5,inheritance,inheritance,inheritance
2169,707,2749,0.19999999999999998,0.5,0.5,18.479022591055784,7.837340876944837,18.77882866496908,607,2,75,0.2,0.5,0.5,inheritance,inheritance,inheritance
2180,704,2741,0.19999999999999998,0.5,0.5,18.471559633027525,7.792613636363637,18.956585187887633,608,2,75,0.2,0.5,0.5,inheritance,inheritance,inheritance
2200,694,2731,0.19999999999999996,0.5,0.5,18.39090909090909,7.5,19.035884291468328,609,2,75,0.2,0.5,0.5,inheritance,inheritance,inheritance
2196,706,2723,0.19999999999999996,0.5,0.5,18.413479052823316,7.325779036827195,19.40616966580977,610,2,75,0.2,0.5,0.5,inheritance,inheritance,inheritance
2221,701,2703,0.19999999999999996,0.5,0.5,18.29356145880234,7.078459343794579,19.50943396226415,611,2,75,0.2,0.5,0.5,inheritance,inheritance,inheritance
2246,712,2667,0.19999999999999998,0.5,0.5,18.180320569902047,7.091292134831461,19.83727034120735,612,2,75,0.2,0.5,0.5,inheritance,inheritance,inheritance
2238,720,2667,0.19999999999999998,0.5,0.5,18.155495978552278,7.002777777777778,20.008248968878892,613,2,75,0.2,0.5,0.5,inheritance,inheritance,inheritance
2258,686,2681,0.19999999999999996,0.5,0.5,18.280779450841454,7.032069970845481,20.088772845953002,614,2,75,0.2,0.5,0.5,inheritance,inheritance,inheritance
2285,680,2660,0.2,0.5,0.5,18.291903719912472,7.113235294117647,20.352255639097745,615,2,75,0.2,0.5,0.5,inheritance,inheritance,inheritance
2329,675,2621,0.19999999999999998,0.5,0.5,18.164448261056247,7.011851851851852,20.597863410911867,616,2,75,0.2,0.5,0.5,inheritance,inheritance,inheritance
2373,685,2567,0.19999999999999996,0.5,0.5,17.908554572271388,7.02043795620438,20.862485391507597,617,2,75,0.2,0.5,0.5,inheritance,inheritance,inheritance
2420,672,2533,0.2,0.5,0.5,17.88884297520661,7.245535714285714,20.88432688511646,618,2,75,0.2,0.5,0.5,inheritance,inheritance,inheritance
2447,657,2521,0.19999999999999998,0.5,0.5,17.903555373927258,7.229832572298326,20.948829829432764,619,2,75,0.2,0.5,0.5,inheritance,inheritance,inheritance
2506,647,2472,0.19999999999999998,0.5,0.5,17.971268954509178,7.349304482225657,21.014563106796118,620,2,75,0.2,0.5,0.5,inheritance,inheritance,inheritance
2529,655,2441,0.19999999999999996,0.5,0.5,18.03123764333729,7.261068702290077,21.2621876280213,621,2,75,0.2,0.5,0.5,inheritance,inheritance,inheritance
2568,658,2399,0.19999999999999996,0.5,0.5,17.903816199376948,7.258358662613982,21.26677782409337,622,2,75,0.2,0.5,0.5,inheritance,inheritance,inheritance
2598,682,2345,0.19999999999999996,0.5,0.5,17.869130100076983,7.023460410557185,21.473773987206823,623,2,75,0.2,0.5,0.5,inheritance,inheritance,inheritance
2614,686,2325,0.19999999999999998,0.5,0.5,18.097551644988524,6.9533527696793005,21.692043010752688,624,2,75,0.2,0.5,0.5,inheritance,inheritance,inheritance
2632,715,2278,0.19999999999999998,0.5,0.5,18.177051671732524,7.027972027972028,21.886742756804214,625,2,75,0.2,0.5,0.5,inheritance,inheritance,inheritance
2661,719,2245,0.19999999999999998,0.5,0.5,18.19541525742202,6.852573018080667,21.728285077951004,626,2,75,0.2,0.5,0.5,inheritance,inheritance,inheritance
2691,726,2208,0.19999999999999998,0.5,0.5,18.360460795243405,6.849862258953168,21.681159420289855,627,2,75,0.2,0.5,0.5,inheritance,inheritance,inheritance
2694,746,2185,0.19999999999999998,0.5,0.5,18.47772828507795,6.805630026809651,21.80594965675057,628,2,75,0.2,0.5,0.5,inheritance,inheritance,inheritance
2697,775,2153,0.19999999999999996,0.5,0.5,18.594364108268447,6.876129032258064,21.820715281003253,629,2,75,0.2,0.5,0.5,inheritance,inheritance,inheritance
2699,791,2135,0.19999999999999998,0.5,0.5,18.685439051500556,6.828065739570165,21.726932084309134,630,2,75,0.2,0.5,0.5,inheritance,inheritance,inheritance
2701,807,2117,0.19999999999999998,0.5,0.5,18.889670492410218,6.801734820322181,21.795937647614547,631,2,75,0.2,0.5,0.5,inheritance,inheritance,inheritance
2705,825,2095,0.2,0.5,0.5,19.068761552680222,6.913939393939394,21.620047732696897,632,2,75,0.2,0.5,0.5,inheritance,inheritance,inheritance
2712,834,2079,0.19999999999999996,0.5,0.5,19.016592920353983,7.085131894484412,21.474747474747474,633,2,75,0.2,0.5,0.5,inheritance,inheritance,inheritance
2701,847,2077,0.19999999999999998,0.5,0.5,19.23250647908182,7.1711924439197166,21.2084737602311,634,2,75,0.2,0.5,0.5,inheritance,inheritance,inheritance
2673,866,2086,0.19999999999999996,0.5,0.5,19.290310512532734,7.085450346420323,20.870565675934802,635,2,75,0.2,0.5,0.5,inheritance,inheritance,inheritance
2686,855,2084,0.19999999999999993,0.5,0.5,19.32241250930752,7.021052631578947,20.52447216890595,636,2,75,0.2,0.5,0.5,inheritance,inheritance,inheritance
2695,840,2090,0.19999999999999996,0.5,0.5,19.50426716141002,7.15,20.254066985645935,637,2,75,0.2,0.5,0.5,inheritance,inheritance,inheritance
2706,840,2079,0.19999999999999998,0.5,0.5,19.45491500369549,7.09047619047619,19.90812890812891,638,2,75,0.2,0.5,0.5,inheritance,inheritance,inheritance
2718,841,2066,0.19999999999999996,0.5,0.5,19.562545989698307,7.103448275862069,19.595353339787028,639,2,75,0.2,0.5,0.5,inheritance,inheritance,inheritance
2704,836,2085,0.19999999999999998,0.5,0.5,19.745192307692307,7.0227272727272725,19.261870503597123,640,2,75,0.2,0.5,0.5,inheritance,inheritance,inheritance
2715,834,2076,0.19999999999999996,0.5,0.5,19.974585635359116,7.118705035971223,19.133429672447015,641,2,75,0.2,0.5,0.5,inheritance,inheritance,inheritance
2718,839,2068,0.19999999999999996,0.5,0.5,20.180647534952172,7.146603098927295,18.974371373307545,642,2,75,0.2,0.5,0.5,inheritance,inheritance,inheritance
2730,804,2091,0.19999999999999996,0.5,0.5,20.374358974358973,7.16542288557214,18.657101865136298,643,2,75,0.2,0.5,0.5,inheritance,inheritance,inheritance
2725,806,2094,0.19999999999999996,0.5,0.5,20.724770642201836,7.197270471464019,18.49570200573066,644,2,75,0.2,0.5,0.5,inheritance,inheritance,inheritance
2710,820,2095,0.2,0.5,0.5,20.870110701107013,7.160975609756098,18.436276849642006,645,2,75,0.2,0.5,0.5,inheritance,inheritance,inheritance
2709,836,2080,0.19999999999999998,0.5,0.5,20.968623108157992,7.159090909090909,18.30144230769231,646,2,75,0.2,0.5,0.5,inheritance,inheritance,inheritance
2700,845,2080,0.19999999999999996,0.5,0.5,21.195925925925927,7.1420118343195265,18.309615384615384,647,2,75,0.2,0.5,0.5,inheritance,inheritance,inheritance
2669,857,2099,0.19999999999999998,0.5,0.5,21.34956912701386,6.792298716452742,18.06193425440686,648,2,75,0.2,0.5,0.5,inheritance,inheritance,inheritance
2643,866,2116,0.19999999999999996,0.5,0.5,21.51608021188044,6.747113163972286,18.056710775047257,649,2,75,0.2,0.5,0.5,inheritance,inheritance,inheritance
2583,889,2153,0.19999999999999996,0.5,0.5,21.746418892760357,6.659167604049494,18.071063632141197,650,2,75,0.2,0.5,0.5,inheritance,inheritance,inheritance
2544,931,2150,0.19999999999999998,0.5,0.5,21.71422955974843,6.673469387755102,18.07906976744186,651,2,75,0.2,0.5,0.5,inheritance,inheritance,inheritance
2514,951,2160,0.19999999999999998,0.5,0.5,21.721957040572793,6.744479495268139,18.25601851851852,652,2,75,0.2,0.5,0.5,inheritance,inheritance,inheritance
2486,983,2156,0.19999999999999998,0.5,0.5,21.720434432823815,6.697863682604273,18.26669758812616,653,2,75,0.2,0.5,0.5,inheritance,inheritance,inheritance
2449,1002,2174,0.19999999999999998,0.5,0.5,21.797060024499796,6.741516966067865,18.350045998160073,654,2,75,0.2,0.5,0.5,inheritance,inheritance,inheritance
2418,1054,2153,0.2,0.5,0.5,21.488833746898262,6.769449715370019,18.578727357176035,655,2,75,0.2,0.5,0.5,inheritance,inheritance,inheritance
2374,1085,2166,0.19999999999999998,0.5,0.5,21.34625105307498,6.852534562211981,18.5466297322253,656,2,75,0.2,0.5,0.5,inheritance,inheritance,inheritance
2346,1108,2171,0.19999999999999998,0.5,0.5,21.044757033248082,6.913357400722021,18.55918931368033,657,2,75,0.2,0.5,0.5,inheritance,inheritance,inheritance
2294,1123,2208,0.19999999999999998,0.5,0.5,21.007410636442895,6.982190560997329,18.642210144927535,658,2,75,0.2,0.5,0.5,inheritance,inheritance,inheritance
2261,1124,2240,0.19999999999999998,0.5,0.5,20.833701901813356,7.190391459074733,18.520535714285714,659,2,75,0.2,0.5,0.5,inheritance,inheritance,inheritance
2221,1126,2278,0.19999999999999996,0.5,0.5,20.834759117514633,7.397868561278863,18.465320456540827,660,2,75,0.2,0.5,0.5,inheritance,inheritance,inheritance
2216,1091,2318,0.19999999999999996,0.5,0.5,20.55009025270758,7.695692025664528,18.265314926660913,661,2,75,0.2,0.5,0.5,inheritance,inheritance,inheritance
2205,1086,2334,0.19999999999999996,0.5,0.5,20.366439909297053,7.892265193370166,18.1439588688946,662,2,75,0.2,0.5,0.5,inheritance,inheritance,inheritance
2227,1065,2333,0.19999999999999998,0.5,0.5,20.05792546026044,8.025352112676057,17.94899271324475,663,2,75,0.2,0.5,0.5,inheritance,inheritance,inheritance
2259,1005,2361,0.19999999999999998,0.5,0.5,20.00531208499336,8.299502487562188,17.662007623888183,664,2,75,0.2,0.5,0.5,inheritance,inheritance,inheritance
2278,962,2385,0.19999999999999998,0.5,0.5,19.715100965759436,8.293139293139292,17.358490566037737,665,2,75,0.2,0.5,0.5,inheritance,inheritance,inheritance
2291,944,2390,0.19999999999999998,0.5,0.5,19.448275862068964,8.241525423728813,17.315899581589957,666,2,75,0.2,0.5,0.5,inheritance,inheritance,inheritance
2311,897,2417,0.19999999999999998,0.5,0.5,19.476849848550412,8.212931995540691,17.129499379395945,667,2,75,0.2,0.5,0.5,inheritance,inheritance,inheritance
2338,875,2412,0.19999999999999996,0.5,0.5,19.41402908468777,8.392,17.162106135986733,668,2,75,0.2,0.5,0.5,inheritance,inheritance,inheritance
2344,836,2445,0.19999999999999998,0.5,0.5,19.353242320819113,8.279904306220097,17.1439672801636,669,2,75,0.2,0.5,0.5,inheritance,inheritance,inheritance
2365,833,2427,0.19999999999999998,0.5,0.5,19.229598308668077,8.204081632653061,17.325504738360117,670,2,75,0.2,0.5,0.5,inheritance,inheritance,inheritance
2380,794,2451,0.2,0.5,0.5,19.388655462184875,8.102015113350125,17.307221542227662,671,2,75,0.2,0.5,0.5,inheritance,inheritance,inheritance
2393,789,2443,0.19999999999999998,0.5,0.5,19.360217300459674,7.931558935361217,17.320098239869015,672,2,75,0.2,0.5,0.5,inheritance,inheritance,inheritance
2408,769,2448,0.2,0.5,0.5,19.53488372093023,7.789336801040312,17.47263071895425,673,2,75,0.2,0.5,0.5,inheritance,inheritance,inheritance
2440,734,2451,0.2,0.5,0.5,19.70450819672131,7.502724795640327,17.358221134230927,674,2,75,0.2,0.5,0.5,inheritance,inheritance,inheritance
2455,723,2447,0.2,0.5,0.5,20.018737270875764,7.500691562932227,17.471597874948916,675,2,75,0.2,0.5,0.5,inheritance,inheritance,inheritance
2484,697,2444,0.19999999999999998,0.5,0.5,20.179951690821255,7.573888091822095,17.548690671031096,676,2,75,0.2,0.5,0.5,inheritance,inheritance,inheritance
2500,690,2435,0.19999999999999998,0.5,0.5,20.3752,7.498550724637681,17.740862422997946,677,2,75,0.2,0.5,0.5,inheritance,inheritance,inheritance
2516,657,2452,0.19999999999999998,0.5,0.5,20.503577106518282,7.514459665144597,17.86215334420881,678,2,75,0.2,0.5,0.5,inheritance,inheritance,inheritance
2511,671,2443,0.19999999999999998,0.5,0.5,20.699721226602946,7.287630402384501,18.131805157593124,679,2,75,0.2,0.5,0.5,inheritance,inheritance,inheritance
2515,683,2427,0.19999999999999996,0.5,0.5,20.819085487077533,7.029282576866764,18.23485784919654,680,2,75,0.2,0.5,0.5,inheritance,inheritance,inheritance
2534,696,2395,0.19999999999999996,0.5,0.5,20.844514601420677,7.028735632183908,18.3286012526096,681,2,75,0.2,0.5,0.5,inheritance,inheritance,inheritance
2519,723,2383,0.19999999999999998,0.5,0.5,21.09368797141723,6.77731673582296,18.607637431808644,682,2,75,0.2,0.5,0.5,inheritance,inheritance,inheritance
2507,737,2381,0.19999999999999996,0.5,0.5,21.314718787395293,6.71370420624152,18.80092398152037,683,2,75,0.2,0.5,0.5,inheritance,inheritance,inheritance
2497,765,2363,0.19999999999999996,0.5,0.5,21.353624349219064,6.73202614379085,18.913245873889124,684,2,75,0.2,0.5,0.5,inheritance,inheritance,inheritance
2504,773,2348,0.19999999999999998,0.5,0.5,21.08985623003195,6.613195342820181,18.93143100511073,685,2,75,0.2,0.5,0.5,inheritance,inheritance,inheritance
2511,814,2300,0.19999999999999998,0.5,0.5,20.8821186778176,6.562653562653563,19.344782608695652,686,2,75,0.2,0.5,0.5,inheritance,inheritance,inheritance
2507,829,2289,0.19999999999999996,0.5,0.5,20.910251296370163,6.813027744270205,19.679772826561816,687,2,75,0.2,0.5,0.5,inheritance,inheritance,inheritance
2493,862,2270,0.19999999999999996,0.5,0.5,20.85880465302848,6.939675174013921,19.872687224669605,688,2,75,0.2,0.5,0.5,inheritance,inheritance,inheritance
2479,910,2236,0.19999999999999998,0.5,0.5,20.71278741427995,7.001098901098901,20.256708407871198,689,2,75,0.2,0.5,0.5,inheritance,inheritance,inheritance
2488,947,2190,0.19999999999999996,0.5,0.5,20.563504823151124,7.125659978880676,20.562100456621003,690,2,75,0.2,0.5,0.5,inheritance,inheritance,inheritance
2471,986,2168,0.19999999999999998,0.5,0.5,20.356131121003642,7.233265720081136,20.699723247232473,691,2,75,0.2,0.5,0.5,inheritance,inheritance,inheritance
2478,998,2149,0.19999999999999998,0.5,0.5,20.38095238095238,7.470941883767535,20.77245230339693,692,2,75,0.2,0.5,0.5,inheritance,inheritance,inheritance
2469,1048,2108,0.19999999999999998,0.5,0.5,20.25678412312677,7.522900763358779,20.944971537001898,693,2,75,0.2,0.5,0.5,inheritance,inheritance,inheritance
2486,1064,2075,0.19999999999999998,0.5,0.5,20.1934835076428,7.700187969924812,20.771084337349397,694,2,75,0.2,0.5,0.5,inheritance,inheritance,inheritance
2464,1109,2052,0.19999999999999998,0.5,0.5,19.908685064935064,7.792605951307484,20.757797270955166,695,2,75,0.2,0.5,0.5,inheritance,inheritance,inheritance
2440,1151,2034,0.2,0.5,0.5,19.639344262295083,7.819287576020852,20.61701081612586,696,2,75,0.2,0.5,0.5,inheritance,inheritance,inheritance
2423,1161,2041,0.2,0.5,0.5,19.679323153115973,8.048234280792421,20.583537481626653,697,2,75,0.2,0.5,0.5,inheritance,inheritance,inheritance
2371,1214,2040,0.19999999999999998,0.5,0.5,19.759173344580347,8.158154859967052,20.55392156862745,698,2,75,0.2,0.5,0.5,inheritance,inheritance,inheritance
2380,1236,2009,0.2,0.5,0.5,19.35840336134454,8.406148867313917,20.449975111996018,699,2,75,0.2,0.5,0.5,inheritance,inheritance,inheritance
2364,1261,2000,0.19999999999999998,0.5,0.5,19.122250423011845,8.66375892149088,20.3715,700,2,75,0.2,0.5,0.5,inheritance,inheritance,inheritance
2359,1259,2007,0.19999999999999998,0.5,0.5,19.08350996184824,8.889594916600476,20.310911808669655,701,2,75,0.2,0.5,0.5,inheritance,inheritance,inheritance
2355,1279,1991,0.2,0.5,0.5,19.02675159235669,9.067240031274434,20.333500753390258,702,2,75,0.2,0.5,0.5,inheritance,inheritance,inheritance
2331,1285,2009,0.19999999999999998,0.5,0.5,19.135993135993136,9.210116731517509,20.118466898954704,703,2,75,0.2,0.5,0.5,inheritance,inheritance,inheritance
2307,1281,2037,0.19999999999999998,0.5,0.5,19.276549631556133,9.235753317720532,19.900343642611684,704,2,75,0.2,0.5,0.5,inheritance,inheritance,inheritance
2292,1243,2090,0.19999999999999998,0.5,0.5,19.33289703315881,9.381335478680612,19.422966507177033,705,2,75,0.2,0.5,0.5,inheritance,inheritance,inheritance
2274,1216,2135,0.19999999999999998,0.5,0.5,19.401495162708883,9.380756578947368,19.028103044496486,706,2,75,0.2,0.5,0.5,inheritance,inheritance,inheritance
2249,1221,2155,0.19999999999999998,0.5,0.5,19.352156514006225,9.297297297297296,18.787006960556845,707,2,75,0.2,0.5,0.5,inheritance,inheritance,inheritance
2213,1219,2193,0.19999999999999996,0.5,0.5,19.314505196565747,9.095159967186218,18.478796169630645,708,2,75,0.2,0.5,0.5,inheritance,inheritance,inheritance
2177,1217,2231,0.19999999999999996,0.5,0.5,19.262287551676618,8.967132292522596,18.28731510533393,709,2,75,0.2,0.5,0.5,inheritance,inheritance,inheritance
2152,1185,2288,0.19999999999999998,0.5,0.5,19.17332713754647,8.770464135021097,17.632867132867133,710,2,75,0.2,0.5,0.5,inheritance,inheritance,inheritance
2121,1169,2335,0.19999999999999998,0.5,0.5,19.133899104196132,8.637296834901626,17.37730192719486,711,2,75,0.2,0.5,0.5,inheritance,inheritance,inheritance
2077,1169,2379,0.2,0.5,0.5,18.87674530572942,8.372968349016253,17.094577553593947,712,2,75,0.2,0.5,0.5,inheritance,inheritance,inheritance
2049,1159,2417,0.20000000000000004,0.5,0.5,18.676915568570035,8.182053494391717,16.971038477451387,713,2,75,0.2,0.5,0.5,inheritance,inheritance,inheritance
2025,1141,2459,0.20000000000000004,0.5,0.5,18.622716049382717,8.07011393514461,16.84221228141521,714,2,75,0.2,0.5,0.5,inheritance,inheritance,inheritance
1979,1159,2487,0.20000000000000004,0.5,0.5,18.484082870136433,7.898188093183779,16.90390028146361,715,2,75,0.2,0.5,0.5,inheritance,inheritance,inheritance
1940,1159,2526,0.20000000000000004,0.5,0.5,18.418556701030926,7.88869715271786,16.83293745051465,716,2,75,0.2,0.5,0.5,inheritance,inheritance,inheritance
1918,1137,2570,0.20000000000000004,0.5,0.5,18.25495307612096,7.744942832014072,16.757198443579767,717,2,75,0.2,0.5,0.5,inheritance,inheritance,inheritance
1877,1131,2617,0.2,0.5,0.5,18.253596164091636,7.541998231653404,16.642338555598013,718,2,75,0.2,0.5,0.5,inheritance,inheritance,inheritance
1865,1116,2644,0.20000000000000004,0.5,0.5,18.122252010723862,7.563620071684587,16.651664145234495,719,2,75,0.2,0.5,0.5,inheritance,inheritance,inheritance
1844,1077,2704,0.20000000000000004,0.5,0.5,18.225596529284164,7.67966573816156,16.535133136094675,720,2,75,0.2,0.5,0.5,inheritance,inheritance,inheritance
1797,1062,2766,0.19999999999999998,0.5,0.5,18.25041736227045,7.543314500941619,16.524222704266087,721,2,75,0.2,0.5,0.5,inheritance,inheritance,inheritance
1768,1044,2813,0.2,0.5,0.5,18.17138009049774,7.53639846743295,16.606825453252757,722,2,75,0.2,0.5,0.5,inheritance,inheritance,inheritance
1761,1016,2848,0.19999999999999998,0.5,0.5,18.021010789324247,7.710629921259843,16.708567415730336,723,2,75,0.2,0.5,0.5,inheritance,inheritance,inheritance
1769,982,2874,0.2,0.5,0.5,17.694742792538158,7.934826883910387,16.809324982602643,724,2,75,0.2,0.5,0.5,inheritance,inheritance,inheritance
1761,970,2894,0.19999999999999998,0.5,0.5,17.378762067007383,7.876288659793815,16.96959225984796,725,2,75,0.2,0.5,0.5,inheritance,inheritance,inheritance
1746,976,2903,0.20000000000000004,0.5,0.5,17.288087056128294,7.778688524590164,17.159834653806406,726,2,75,0.2,0.5,0.5,inheritance,inheritance,inheritance
1734,956,2935,0.2,0.5,0.5,17.029988465974625,7.651673640167364,17.325383304940374,727,2,75,0.2,0.5,0.5,inheritance,inheritance,inheritance
1736,909,2980,0.20000000000000004,0.5,0.5,16.964861751152075,7.547854785478548,17.450671140939598,728,2,75,0.2,0.5,0.5,inheritance,inheritance,inheritance
1715,899,3011,0.2,0.5,0.5,16.900291545189503,7.503893214682981,17.611092660245767,729,2,75,0.2,0.5,0.5,inheritance,inheritance,inheritance
1733,872,3020,0.2,0.5,0.5,16.82804385458742,7.643348623853211,17.82980132450331,730,2,75,0.2,0.5,0.5,inheritance,inheritance,inheritance
1720,873,3032,0.2,0.5,0.5,16.81860465116279,7.468499427262314,18.130606860158313,731,2,75,0.2,0.5,0.5,inheritance,inheritance,inheritance
1695,876,3054,0.2,0.5,0.5,16.91268436578171,7.5159817351598175,18.376882776686312,732,2,75,0.2,0.5,0.5,inheritance,inheritance,inheritance
1697,865,3063,0.2,0.5,0.5,16.816146140247497,7.606936416184971,18.723800195886387,733,2,75,0.2,0.5,0.5,inheritance,inheritance,inheritance
1696,864,3065,0.20000000000000004,0.5,0.5,16.41745283018868,7.528935185185185,19.036541598694942,734,2,75,0.2,0.5,0.5,inheritance,inheritance,inheritance
1704,872,3049,0.20000000000000004,0.5,0.5,16.072183098591548,7.478211009174312,19.35585437848475,735,2,75,0.2,0.5,0.5,inheritance,inheritance,inheritance
1728,847,3050,0.2,0.5,0.5,15.753472222222221,7.3955135773317595,19.529508196721313,736,2,75,0.2,0.5,0.5,inheritance,inheritance,inheritance
1779,835,3011,0.20000000000000004,0.5,0.5,15.523889825744801,7.596407185628743,19.757555629359018,737,2,75,0.2,0.5,0.5,inheritance,inheritance,inheritance
1819,796,3010,0.20000000000000004,0.5,0.5,15.402968664101154,7.751256281407035,19.959800664451826,738,2,75,0.2,0.5,0.5,inheritance,inheritance,inheritance
1843,782,3000,0.2,0.5,0.5,15.188279978296256,7.9335038363171355,20.172666666666668,739,2,75,0.2,0.5,0.5,inheritance,inheritance,inheritance
1898,767,2960,0.2,0.5,0.5,14.983667017913593,8.105606258148631,20.419932432432432,740,2,75,0.2,0.5,0.5,inheritance,inheritance,inheritance
1946,739,2940,0.2,0.5,0.5,15.129496402877697,8.274695534506089,20.7156462585034,741,2,75,0.2,0.5,0.5,inheritance,inheritance,inheritance
1994,702,2929,0.20000000000000004,0.5,0.5,15.026078234704112,8.41168091168091,20.86958006145442,742,2,75,0.2,0.5,0.5,inheritance,inheritance,inheritance
2082,654,2889,0.19999999999999998,0.5,0.5,14.901536983669548,8.715596330275229,20.943232952578747,743,2,75,0.2,0.5,0.5,inheritance,inheritance,inheritance
2127,620,2878,0.19999999999999998,0.5,0.5,14.914903620122239,8.620967741935484,21.083043780403056,744,2,75,0.2,0.5,0.5,inheritance,inheritance,inheritance
2203,593,2829,0.19999999999999996,0.5,0.5,14.832047208352247,8.556492411467117,21.319901025097206,745,2,75,0.2,0.5,0.5,inheritance,inheritance,inheritance
2252,576,2797,0.19999999999999998,0.5,0.5,14.871669626998223,8.208333333333334,21.537003932785126,746,2,75,0.2,0.5,0.5,inheritance,inheritance,inheritance
2305,559,2761,0.19999999999999998,0.5,0.5,14.931887201735359,8.035778175313059,21.654473017022816,747,2,75,0.2,0.5,0.5,inheritance,inheritance,inheritance
2351,549,2725,0.19999999999999998,0.5,0.5,15.039557635048915,7.550091074681238,21.87669724770642,748,2,75,0.2,0.5,0.5,inheritance,inheritance,inheritance
2410,551,2664,0.2,0.5,0.5,15.014522821576763,7.4773139745916515,22.04466966966967,749,2,75,0.2,0.5,0.5,inheritance,inheritance,inheritance
2464,541,2620,0.19999999999999998,0.5,0.5,15.186688311688311,7.3530499075785585,22.11526717557252,750,2,75,0.2,0.5,0.5,inheritance,inheritance,inheritance
2512,543,2570,0.19999999999999996,0.5,0.5,15.373009554140127,7.092081031307551,22.24591439688716,751,2,75,0.2,0.5,0.5,inheritance,inheritance,inheritance
2562,524,2539,0.19999999999999998,0.5,0.5,15.587822014051522,7.093511450381679,22.223710122095312,752,2,75,0.2,0.5,0.5,inheritance,inheritance,inheritance
2609,507,2509,0.19999999999999998,0.5,0.5,15.904944423150633,7.11439842209073,22.307293742526902,753,2,75,0.2,0.5,0.5,inheritance,inheritance,inheritance
2655,515,2455,0.2,0.5,0.5,16.08286252354049,6.887378640776699,22.54052953156823,754,2,75,0.2,0.5,0.5,inheritance,inheritance,inheritance
2715,511,2399,0.19999999999999996,0.5,0.5,16.262615101289136,6.931506849315069,22.72280116715298,755,2,75,0.2,0.5,0.5,inheritance,inheritance,inheritance
2772,502,2351,0.19999999999999996,0.5,0.5,16.38203463203463,6.842629482071713,22.79327945555083,756,2,75,0.2,0.5,0.5,inheritance,inheritance,inheritance
2817,511,2297,0.19999999999999996,0.5,0.5,16.641817536386228,6.933463796477495,23.059643012625163,757,2,75,0.2,0.5,0.5,inheritance,inheritance,inheritance
2866,517,2242,0.19999999999999998,0.5,0.5,16.960921144452197,6.885880077369439,23.321587867975023,758,2,75,0.2,0.5,0.5,inheritance,inheritance,inheritance
2910,510,2205,0.2,0.5,0.5,17.284192439862544,6.7176470588235295,23.409523809523808,759,2,75,0.2,0.5,0.5,inheritance,inheritance,inheritance
2952,540,2133,0.19999999999999998,0.5,0.5,17.546070460704605,6.592592592592593,23.72386310360994,760,2,75,0.2,0.5,0.5,inheritance,inheritance,inheritance
2988,555,2082,0.19999999999999998,0.5,0.5,17.72289156626506,6.38018018018018,23.594140249759846,761,2,75,0.2,0.5,0.5,inheritance,inheritance,inheritance
3032,567,2026,0.19999999999999998,0.5,0.5,17.99703166226913,6.537918871252205,23.626850937808488,762,2,75,0.2,0.5,0.5,inheritance,inheritance,inheritance
3031,590,2004,0.19999999999999998,0.5,0.5,18.39557901682613,6.3915254237288135,23.64071856287425,763,2,75,0.2,0.5,0.5,inheritance,inheritance,inheritance
3040,618,1967,0.2,0.5,0.5,18.779605263157894,6.365695792880259,23.73309608540925,764,2,75,0.2,0.5,0.5,inheritance,inheritance,inheritance
3033,659,1933,0.19999999999999998,0.5,0.5,19.070557204088363,6.311077389984826,23.804966373512674,765,2,75,0.2,0.5,0.5,inheritance,inheritance,inheritance
3021,672,1932,0.19999999999999998,0.5,0.5,19.386295928500495,6.290178571428571,23.605072463768117,766,2,75,0.2,0.5,0.5,inheritance,inheritance,inheritance
3041,689,1895,0.2,0.5,0.5,19.636961525813877,6.386066763425254,23.376253298153035,767,2,75,0.2,0.5,0.5,inheritance,inheritance,inheritance
3032,717,1876,0.19999999999999998,0.5,0.5,19.974274406332455,6.316596931659693,23.28997867803838,768,2,75,0.2,0.5,0.5,inheritance,inheritance,inheritance
3037,758,1830,0.19999999999999998,0.5,0.5,20.053342113928217,6.2928759894459105,23.249726775956283,769,2,75,0.2,0.5,0.5,inheritance,inheritance,inheritance
3047,762,1816,0.19999999999999998,0.5,0.5,20.431900229734165,6.570866141732283,22.905837004405285,770,2,75,0.2,0.5,0.5,inheritance,inheritance,inheritance
3017,822,1786,0.19999999999999996,0.5,0.5,20.66423599602254,6.4939172749391725,22.773236282194848,771,2,75,0.2,0.5,0.5,inheritance,inheritance,inheritance
2987,877,1761,0.19999999999999996,0.5,0.5,20.91463006360897,6.530216647662486,22.775127768313457,772,2,75,0.2,0.5,0.5,inheritance,inheritance,inheritance
2971,903,1751,0.19999999999999998,0.5,0.5,21.16358128576237,6.6002214839424145,22.344945745288406,773,2,75,0.2,0.5,0.5,inheritance,inheritance,inheritance
2935,948,1742,0.19999999999999996,0.5,0.5,21.388756388415672,6.530590717299578,21.861079219288175,774,2,75,0.2,0.5,0.5,inheritance,inheritance,inheritance
2873,997,1755,0.19999999999999996,0.5,0.5,21.68186564566655,6.480441323971916,21.496866096866096,775,2,75,0.2,0.5,0.5,inheritance,inheritance,inheritance
2835,1018,1772,0.19999999999999996,0.5,0.5,22.002821869488535,6.489194499017682,20.868510158013542,776,2,75,0.2,0.5,0.5,inheritance,inheritance,inheritance
2781,1066,1778,0.19999999999999998,0.5,0.5,22.166846458108594,6.536585365853658,20.58830146231721,777,2,75,0.2,0.5,0.5,inheritance,inheritance,inheritance
2704,1116,1805,0.19999999999999998,0.5,0.5,22.508136094674555,6.628136200716846,20.346814404432134,778,2,75,0.2,0.5,0.5,inheritance,inheritance,inheritance
2650,1131,1844,0.2,0.5,0.5,22.837735849056603,6.732095490716181,19.94468546637744,779,2,75,0.2,0.5,0.5,inheritance,inheritance,inheritance
2585,1150,1890,0.2,0.5,0.5,23.184912959381045,6.831304347826087,19.511111111111113,780,2,75,0.2,0.5,0.5,inheritance,inheritance,inheritance
2536,1146,1943,0.19999999999999998,0.5,0.5,23.32847003154574,6.857766143106457,18.963973237261968,781,2,75,0.2,0.5,0.5,inheritance,inheritance,inheritance
2478,1166,1981,0.19999999999999998,0.5,0.5,23.499596448748992,6.927958833619211,18.62241292276628,782,2,75,0.2,0.5,0.5,inheritance,inheritance,inheritance
2417,1176,2032,0.19999999999999998,0.5,0.5,23.660736450144807,7.083333333333333,18.25984251968504,783,2,75,0.2,0.5,0.5,inheritance,inheritance,inheritance
2361,1172,2092,0.19999999999999998,0.5,0.5,23.838627700127066,7.226962457337884,18.054971319311665,784,2,75,0.2,0.5,0.5,inheritance,inheritance,inheritance
2332,1159,2134,0.19999999999999998,0.5,0.5,23.936535162950257,7.408110440034513,17.770852858481724,785,2,75,0.2,0.5,0.5,inheritance,inheritance,inheritance
2299,1155,2171,0.19999999999999998,0.5,0.5,24.088299260548066,7.635497835497835,17.61676646706587,786,2,75,0.2,0.5,0.5,inheritance,inheritance,inheritance
2288,1136,2201,0.19999999999999998,0.5,0.5,23.969842657342657,7.82306338028169,17.348477964561564,787,2,75,0.2,0.5,0.5,inheritance,inheritance,inheritance
2251,1126,2248,0.19999999999999998,0.5,0.5,24.11683696135051,7.856127886323268,17.20373665480427,788,2,75,0.2,0.5,0.5,inheritance,inheritance,inheritance
2186,1161,2278,0.19999999999999996,0.5,0.5,24.105672461116193,7.745908699397072,17.31782265144864,789,2,75,0.2,0.5,0.5,inheritance,inheritance,inheritance
2152,1155,2318,0.19999999999999998,0.5,0.5,23.973513011152416,7.736796536796537,17.202761000862814,790,2,75,0.2,0.5,0.5,inheritance,inheritance,inheritance
2140,1137,2348,0.2,0.5,0.5,23.867757009345794,7.9041336851363235,17.17504258943782,791,2,75,0.2,0.5,0.5,inheritance,inheritance,inheritance
2123,1114,2388,0.19999999999999998,0.5,0.5,23.520960904380594,7.906642728904847,17.005862646566165,792,2,75,0.2,0.5,0.5,inheritance,inheritance,inheritance
2108,1111,2406,0.2,0.5,0.5,23.385673624288426,8.089108910891088,17.169160432252703,793,2,75,0.2,0.5,0.5,inheritance,inheritance,inheritance
2113,1082,2430,0.19999999999999998,0.5,0.5,23.404164694746804,8.182994454713494,17.16954732510288,794,2,75,0.2,0.5,0.5,inheritance,inheritance,inheritance
2095,1047,2483,0.2,0.5,0.5,23.468257756563247,8.119388729703916,17.088199758356826,795,2,75,0.2,0.5,0.5,inheritance,inheritance,inheritance
2101,1029,2495,0.19999999999999998,0.5,0.5,23.366968110423606,8.256559766763848,17.252104208416835,796,2,75,0.2,0.5,0.5,inheritance,inheritance,inheritance
2109,1009,2507,0.19999999999999998,0.5,0.5,23.429587482219063,8.471754212091179,17.53091344236139,797,2,75,0.2,0.5,0.5,inheritance,inheritance,inheritance
2112,1001,2512,0.19999999999999998,0.5,0.5,23.400094696969695,8.54045954045954,17.683519108280255,798,2,75,0.2,0.5,0.5,inheritance,inheritance,inheritance
2129,951,2545,0.19999999999999998,0.5,0.5,23.379520901831846,8.616193480546793,17.63811394891945,799,2,75,0.2,0.5,0.5,inheritance,inheritance,inheritance
2135,919,2571,0.2,0.5,0.5,23.355971896955502,8.738846572361263,17.69117075068067,800,2,75,0.2,0.5,0.5,inheritance,inheritance,inheritance
2157,888,2580,0.19999999999999998,0.5,0.5,23.184051923968475,8.603603603603604,17.751937984496124,801,2,75,0.2,0.5,0.5,inheritance,inheritance,inheritance
2180,853,2592,0.19999999999999998,0.5,0.5,23.25229357798165,8.747948417350528,17.91087962962963,802,2,75,0.2,0.5,0.5,inheritance,inheritance,inheritance
2212,830,2583,0.19999999999999996,0.5,0.5,22.955696202531644,8.678313253012048,18.00348432055749,803,2,75,0.2,0.5,0.5,inheritance,inheritance,inheritance
2245,794,2586,0.19999999999999996,0.5,0.5,22.873942093541203,8.741813602015114,18.149651972157773,804,2,75,0.2,0.5,0.5,inheritance,inheritance,inheritance
2265,755,2605,0.19999999999999998,0.5,0.5,22.882119205298014,8.762913907284767,18.301343570057583,805,2,75,0.2,0.5,0.5,inheritance,inheritance,inheritance
2298,734,2593,0.19999999999999998,0.5,0.5,22.945169712793735,8.877384196185286,18.459699190127267,806,2,75,0.2,0.5,0.5,inheritance,inheritance,inheritance
2329,707,2589,0.19999999999999998,0.5,0.5,22.85487333619579,8.885431400282885,18.55426805716493,807,2,75,0.2,0.5,0.5,inheritance,inheritance,inheritance
2362,668,2595,0.19999999999999998,0.5,0.5,22.696020321761218,9.004491017964073,18.675915221579963,808,2,75,0.2,0.5,0.5,inheritance,inheritance,inheritance
2381,645,2599,0.19999999999999998,0.5,0.5,22.73582528349433,8.89922480620155,18.894959599846096,809,2,75,0.2,0.5,0.5,inheritance,inheritance,inheritance
2400,629,2596,0.2,0.5,0.5,22.754166666666666,8.92368839427663,19.255392912172574,810,2,75,0.2,0.5,0.5,inheritance,inheritance,inheritance
2420,636,2569,0.2,0.5,0.5,22.751652892561985,8.831761006289309,19.684702218762165,811,2,75,0.2,0.5,0.5,inheritance,inheritance,inheritance
2445,633,2547,0.2,0.5,0.5,22.699795501022496,8.278041074249606,19.830388692579504,812,2,75,0.2,0.5,0.5,inheritance,inheritance,inheritance
2484,622,2519,0.19999999999999998,0.5,0.5,22.614331723027377,8.202572347266882,20.11353711790393,813,2,75,0.2,0.5,0.5,inheritance,inheritance,inheritance
2521,612,2492,0.19999999999999998,0.5,0.5,22.679095596985324,8.254901960784315,20.4161316211878,814,2,75,0.2,0.5,0.5,inheritance,inheritance,inheritance
2535,619,2471,0.19999999999999996,0.5,0.5,22.824852071005918,7.975767366720517,20.690408741400244,815,2,75,0.2,0.5,0.5,inheritance,inheritance,inheritance
2561,600,2464,0.19999999999999998,0.5,0.5,22.883639203436157,7.745,20.800324675324674,816,2,75,0.2,0.5,0.5,inheritance,inheritance,inheritance
2605,595,2425,0.2,0.5,0.5,22.961612284069098,7.927731092436975,21.201237113402062,817,2,75,0.2,0.5,0.5,inheritance,inheritance,inheritance
2662,572,2391,0.19999999999999996,0.5,0.5,22.840721262208866,7.916083916083916,21.26516102049352,818,2,75,0.2,0.5,0.5,inheritance,inheritance,inheritance
2677,573,2375,0.19999999999999996,0.5,0.5,23.049682480388494,7.834205933682373,21.577263157894738,819,2,75,0.2,0.5,0.5,inheritance,inheritance,inheritance
2706,557,2362,0.19999999999999998,0.5,0.5,23.123429416112344,7.732495511669659,21.549110922946657,820,2,75,0.2,0.5,0.5,inheritance,inheritance,inheritance
2747,560,2318,0.19999999999999996,0.5,0.5,23.119767018565707,7.851785714285715,21.658757549611735,821,2,75,0.2,0.5,0.5,inheritance,inheritance,inheritance
2754,586,2285,0.19999999999999996,0.5,0.5,23.31517792302106,7.901023890784983,21.990371991247265,822,2,75,0.2,0.5,0.5,inheritance,inheritance,inheritance
2770,615,2240,0.19999999999999996,0.5,0.5,23.141877256317688,7.4747967479674795,22.086160714285715,823,2,75,0.2,0.5,0.5,inheritance,inheritance,inheritance
2792,635,2198,0.19999999999999998,0.5,0.5,23.158309455587393,7.456692913385827,22.248407643312103,824,2,75,0.2,0.5,0.5,inheritance,inheritance,inheritance
2819,663,2143,0.19999999999999998,0.5,0.5,22.92656970556935,7.410256410256411,22.429304713019132,825,2,75,0.2,0.5,0.5,inheritance,inheritance,inheritance
2825,690,2110,0.2,0.5,0.5,22.92283185840708,7.371014492753623,22.580568720379148,826,2,75,0.2,0.5,0.5,inheritance,inheritance,inheritance
2806,725,2094,0.2,0.5,0.5,22.88702779757662,7.075862068965518,22.574498567335244,827,2,75,0.2,0.5,0.5,inheritance,inheritance,inheritance
2805,747,2073,0.2,0.5,0.5,22.92584670231729,7.07095046854083,22.706222865412446,828,2,75,0.2,0.5,0.5,inheritance,inheritance,inheritance
2801,793,2031,0.2,0.5,0.5,22.784362727597287,7.015132408575032,22.818808468734613,829,2,75,0.2,0.5,0.5,inheritance,inheritance,inheritance
2769,843,2013,0.19999999999999998,0.5,0.5,22.60527266161069,6.814946619217082,22.67908594138102,830,2,75,0.2,0.5,0.5,inheritance,inheritance,inheritance
2765,864,1996,0.19999999999999996,0.5,0.5,22.55623869801085,6.920138888888889,22.439879759519037,831,2,75,0.2,0.5,0.5,inheritance,inheritance,inheritance
2741,888,1996,0.19999999999999993,0.5,0.5,22.307187157971544,6.841216216216216,22.223446893787575,832,2,75,0.2,0.5,0.5,inheritance,inheritance,inheritance
2723,924,1978,0.19999999999999996,0.5,0.5,22.111274329783328,6.843073593073593,22.205763397371083,833,2,75,0.2,0.5,0.5,inheritance,inheritance,inheritance
2692,982,1951,0.19999999999999996,0.5,0.5,22.081723625557206,6.962321792260693,22.401332649923116,834,2,75,0.2,0.5,0.5,inheritance,inheritance,inheritance
2699,982,1944,0.19999999999999998,0.5,0.5,21.977769544275656,7.306517311608961,22.154835390946502,835,2,75,0.2,0.5,0.5,inheritance,inheritance,inheritance
2678,994,1953,0.19999999999999996,0.5,0.5,22.01008215085885,7.390342052313883,21.912442396313363,836,2,75,0.2,0.5,0.5,inheritance,inheritance,inheritance
2671,990,1964,0.19999999999999998,0.5,0.5,21.92025458629727,7.4505050505050505,21.5050916496945,837,2,75,0.2,0.5,0.5,inheritance,inheritance,inheritance
2681,993,1951,0.19999999999999993,0.5,0.5,21.71391271913465,7.57804632426989,21.10251153254741,838,2,75,0.2,0.5,0.5,inheritance,inheritance,inheritance
2660,1017,1948,0.2,0.5,0.5,21.356766917293232,7.591937069813176,20.732032854209447,839,2,75,0.2,0.5,0.5,inheritance,inheritance,inheritance
2666,1024,1935,0.19999999999999998,0.5,0.5,21.128282070517628,7.6923828125,20.350387596899225,840,2,75,0.2,0.5,0.5,inheritance,inheritance,inheritance
2668,1024,1933,0.19999999999999996,0.5,0.5,20.821589205397302,7.7626953125,19.78220382824625,841,2,75,0.2,0.5,0.5,inheritance,inheritance,inheritance
2644,1047,1934,0.19999999999999998,0.5,0.5,20.652042360060513,7.854823304680038,19.550672182006206,842,2,75,0.2,0.5,0.5,inheritance,inheritance,inheritance
2636,1043,1946,0.19999999999999998,0.5,0.5,20.700682852807283,7.944391179290508,19.1207605344296,843,2,75,0.2,0.5,0.5,inheritance,inheritance,inheritance
2636,1039,1950,0.19999999999999998,0.5,0.5,20.6953717754173,7.986525505293551,18.691794871794873,844,2,75,0.2,0.5,0.5,inheritance,inheritance,inheritance
2620,1033,1972,0.2,0.5,0.5,20.840458015267174,7.969022265246854,18.29868154158215,845,2,75,0.2,0.5,0.5,inheritance,inheritance,inheritance
2619,1021,1985,0.19999999999999998,0.5,0.5,20.783886979763267,7.975514201762977,17.832241813602014,846,2,75,0.2,0.5,0.5,inheritance,inheritance,inheritance
2601,1045,1979,0.2,0.5,0.5,20.875048058439063,7.9980861244019135,17.84133400707428,847,2,75,0.2,0.5,0.5,inheritance,inheritance,inheritance
2585,1044,1996,0.2,0.5,0.5,21.015087040618955,8.03352490421456,17.577655310621243,848,2,75,0.2,0.5,0.5,inheritance,inheritance,inheritance
2546,1065,2014,0.19999999999999998,0.5,0.5,21.04202670856245,7.925821596244131,17.178252234359483,849,2,75,0.2,0.5,0.5,inheritance,inheritance,inheritance
2531,1079,2015,0.19999999999999998,0.5,0.5,21.07506914263137,7.917516218721038,16.897766749379652,850,2,75,0.2,0.5,0.5,inheritance,inheritance,inheritance
2498,1078,2049,0.19999999999999996,0.5,0.5,21.05404323458767,7.890538033395177,16.67203513909224,851,2,75,0.2,0.5,0.5,inheritance,inheritance,inheritance
2477,1080,2068,0.19999999999999998,0.5,0.5,21.12838110617683,7.774074074074074,16.48694390715667,852,2,75,0.2,0.5,0.5,inheritance,inheritance,inheritance
2447,1061,2117,0.19999999999999998,0.5,0.5,21.30118512464242,7.755890669180019,16.476617855455835,853,2,75,0.2,0.5,0.5,inheritance,inheritance,inheritance
2426,1063,2136,0.19999999999999998,0.5,0.5,21.504534212695795,7.7253057384760115,16.43492509363296,854,2,75,0.2,0.5,0.5,inheritance,inheritance,inheritance
2411,1027,2187,0.19999999999999998,0.5,0.5,21.71049357113231,7.863680623174294,16.23822588020119,855,2,75,0.2,0.5,0.5,inheritance,inheritance,inheritance
2376,1007,2242,0.19999999999999998,0.5,0.5,22.045875420875422,7.7060575968222444,16.152096342551292,856,2,75,0.2,0.5,0.5,inheritance,inheritance,inheritance
2354,1008,2263,0.19999999999999998,0.5,0.5,22.260407816482584,7.814484126984127,16.305788775961112,857,2,75,0.2,0.5,0.5,inheritance,inheritance,inheritance
2354,977,2294,0.19999999999999998,0.5,0.5,22.406542056074766,7.920163766632548,16.12162162162162,858,2,75,0.2,0.5,0.5,inheritance,inheritance,inheritance
2337,989,2299,0.19999999999999996,0.5,0.5,22.621737270004278,7.984833164812942,16.284471509351892,859,2,75,0.2,0.5,0.5,inheritance,inheritance,inheritance
2349,973,2303,0.19999999999999998,0.5,0.5,22.697743720732227,8.153134635149023,16.388623534520192,860,2,75,0.2,0.5,0.5,inheritance,inheritance,inheritance
2330,983,2312,0.19999999999999998,0.5,0.5,22.70214592274678,8.016276703967447,16.262975778546714,861,2,75,0.2,0.5,0.5,inheritance,inheritance,inheritance
2299,986,2340,0.19999999999999998,0.5,0.5,22.90082644628099,8.123732251521298,16.504700854700854,862,2,75,0.2,0.5,0.5,inheritance,inheritance,inheritance
2277,983,2365,0.19999999999999998,0.5,0.5,23.06455862977602,8.130213631739572,16.647780126849895,863,2,75,0.2,0.5,0.5,inheritance,inheritance,inheritance
2265,976,2384,0.19999999999999998,0.5,0.5,23.20971302428256,8.092213114754099,16.861996644295303,864,2,75,0.2,0.5,0.5,inheritance,inheritance,inheritance
2241,978,2406,0.19999999999999998,0.5,0.5,23.493529674252567,8.212678936605316,17.132585203657523,865,2,75,0.2,0.5,0.5,inheritance,inheritance,inheritance
2230,954,2441,0.19999999999999998,0.5,0.5,23.411210762331837,8.074423480083857,17.191724702990577,866,2,75,0.2,0.5,0.5,inheritance,inheritance,inheritance
2247,929,2449,0.19999999999999998,0.5,0.5,23.533600356030263,8.221743810548977,17.416904859126173,867,2,75,0.2,0.5,0.5,inheritance,inheritance,inheritance
2238,921,2466,0.19999999999999998,0.5,0.5,23.58087578194817,8.129207383279045,17.613138686131386,868,2,75,0.2,0.5,0.5,inheritance,inheritance,inheritance
2193,938,2494,0.19999999999999996,0.5,0.5,23.440036479708162,7.915778251599147,17.737369687249398,869,2,75,0.2,0.5,0.5,inheritance,inheritance,inheritance
2194,934,2497,0.19999999999999998,0.5,0.5,23.257520510483136,7.870449678800856,17.776131357629154,870,2,75,0.2,0.5,0.5,inheritance,inheritance,inheritance
2203,947,2475,0.19999999999999996,0.5,0.5,22.9505220154335,7.6768743400211195,17.973333333333333,871,2,75,0.2,0.5,0.5,inheritance,inheritance,inheritance
2200,946,2479,0.19999999999999996,0.5,0.5,22.693181818181817,7.7145877378435515,18.07301331181928,872,2,75,0.2,0.5,0.5,inheritance,inheritance,inheritance
2171,961,2493,0.19999999999999996,0.5,0.5,22.498387839705206,7.471383975026015,18.20978740473325,873,2,75,0.2,0.5,0.5,inheritance,inheritance,inheritance
2173,978,2474,0.19999999999999996,0.5,0.5,22.047399907961342,7.422290388548057,18.321746160064674,874,2,75,0.2,0.5,0.5,inheritance,inheritance,inheritance
2162,993,2470,0.19999999999999998,0.5,0.5,21.61008325624422,7.429003021148036,18.391902834008096,875,2,75,0.2,0.5,0.5,inheritance,inheritance,inheritance
2162,1002,2461,0.19999999999999998,0.5,0.5,21.416743755781685,7.567864271457085,18.556277935798455,876,2,75,0.2,0.5,0.5,inheritance,inheritance,inheritance
2151,1001,2473,0.19999999999999996,0.5,0.5,21.03393770339377,7.591408591408592,18.59239789729074,877,2,75,0.2,0.5,0.5,inheritance,inheritance,inheritance
2148,990,2487,0.19999999999999998,0.5,0.5,21.028864059590315,7.760606060606061,18.658624849215922,878,2,75,0.2,0.5,0.5,inheritance,inheritance,inheritance
2142,991,2492,0.19999999999999998,0.5,0.5,20.83613445378151,7.8990918264379415,18.834670947030496,879,2,75,0.2,0.5,0.5,inheritance,inheritance,inheritance
2161,981,2483,0.19999999999999996,0.5,0.5,20.381304951411384,8.123343527013251,18.866290777285542,880,2,75,0.2,0.5,0.5,inheritance,inheritance,inheritance
2186,964,2475,0.19999999999999996,0.5,0.5,20.093778591033853,8.4149377593361,18.94989898989899,881,2,75,0.2,0.5,0.5,inheritance,inheritance,inheritance
2200,958,2467,0.19999999999999996,0.5,0.5,20.042727272727273,8.620041753653444,19.08512363194163,882,2,75,0.2,0.5,0.5,inheritance,inheritance,inheritance
2220,940,2465,0.19999999999999996,0.5,0.5,19.8018018018018,8.901063829787233,19.194320486815418,883,2,75,0.2,0.5,0.5,inheritance,inheritance,inheritance
2229,941,2455,0.19999999999999998,0.5,0.5,19.54284432480933,8.8384697130712,19.19918533604888,884,2,75,0.2,0.5,0.5,inheritance,inheritance,inheritance
2221,932,2472,0.19999999999999996,0.5,0.5,19.45249887438091,8.816523605150214,19.32645631067961,885,2,75,0.2,0.5,0.5,inheritance,inheritance,inheritance
2216,936,2473,0.19999999999999996,0.5,0.5,19.334837545126355,8.872863247863247,19.48483623129802,886,2,75,0.2,0.5,0.5,inheritance,inheritance,inheritance
2239,925,2461,0.19999999999999998,0.5,0.5,19.146493970522556,8.92972972972973,19.64364079642422,887,2,75,0.2,0.5,0.5,inheritance,inheritance,inheritance
2261,919,2445,0.19999999999999998,0.5,0.5,18.86156567890314,8.968443960826987,19.660531697341515,888,2,75,0.2,0.5,0.5,inheritance,inheritance,inheritance
2272,925,2428,0.19999999999999998,0.5,0.5,18.875,8.98054054054054,19.806425041186163,889,2,75,0.2,0.5,0.5,inheritance,inheritance,inheritance
2256,924,2445,0.19999999999999998,0.5,0.5,19.02349290780142,8.847402597402597,19.821267893660533,890,2,75,0.2,0.5,0.5,inheritance,inheritance,inheritance
2262,940,2423,0.19999999999999996,0.5,0.5,18.797524314765695,8.745744680851065,19.913330581923237,891,2,75,0.2,0.5,0.5,inheritance,inheritance,inheritance
2240,969,2416,0.19999999999999998,0.5,0.5,18.636160714285715,8.450980392156863,20.053807947019866,892,2,75,0.2,0.5,0.5,inheritance,inheritance,inheritance
2233,971,2421,0.19999999999999998,0.5,0.5,18.771607702642186,8.494335736354273,20.107393638992153,893,2,75,0.2,0.5,0.5,inheritance,inheritance,inheritance
2242,968,2415,0.19999999999999998,0.5,0.5,18.807314897413026,8.463842975206612,20.144099378881986,894,2,75,0.2,0.5,0.5,inheritance,inheritance,inheritance
2229,963,2433,0.19999999999999998,0.5,0.5,18.809780170480035,8.428868120456906,20.073160706946158,895,2,75,0.2,0.5,0.5,inheritance,inheritance,inheritance
2238,968,2419,0.19999999999999998,0.5,0.5,18.675603217158177,8.384297520661157,20.0661430343117,896,2,75,0.2,0.5,0.5,inheritance,inheritance,inheritance
2241,962,2422,0.19999999999999998,0.5,0.5,18.6871932173137,8.284823284823284,19.967795210569776,897,2,75,0.2,0.5,0.5,inheritance,inheritance,inheritance
2246,958,2421,0.19999999999999998,0.5,0.5,18.816562778272484,8.282881002087683,19.97810821974391,898,2,75,0.2,0.5,0.5,inheritance,inheritance,inheritance
2214,967,2444,0.19999999999999996,0.5,0.5,18.92773261065944,8.273009307135471,20.04091653027823,899,2,75,0.2,0.5,0.5,inheritance,inheritance,inheritance
2212,975,2438,0.19999999999999996,0.5,0.5,18.974683544303797,8.02051282051282,20.0467596390484,900,2,75,0.2,0.5,0.5,inheritance,inheritance,inheritance
2222,973,2430,0.19999999999999996,0.5,0.5,19.065256525652565,8.109969167523124,20.091769547325104,901,2,75,0.2,0.5,0.5,inheritance,inheritance,inheritance
2231,962,2432,0.19999999999999996,0.5,0.5,19.068579112505603,7.991683991683992,20.04481907894737,902,2,75,0.2,0.5,0.5,inheritance,inheritance,inheritance
2219,967,2439,0.19999999999999998,0.5,0.5,18.874267688147814,7.708376421923474,19.997129971299714,903,2,75,0.2,0.5,0.5,inheritance,inheritance,inheritance
2182,991,2452,0.19999999999999996,0.5,0.5,18.7057745187901,7.490413723511605,19.743066884176184,904,2,75,0.2,0.5,0.5,inheritance,inheritance,inheritance
2186,965,2474,0.19999999999999996,0.5,0.5,18.684354986276304,7.523316062176166,19.545270816491513,905,2,75,0.2,0.5,0.5,inheritance,inheritance,inheritance
2193,949,2483,0.19999999999999996,0.5,0.5,18.55859553123575,7.53740779768177,19.474023358840114,906,2,75,0.2,0.5,0.5,inheritance,inheritance,inheritance
2188,935,2502,0.19999999999999996,0.5,0.5,18.30941499085923,7.267379679144385,19.20783373301359,907,2,75,0.2,0.5,0.5,inheritance,inheritance,inheritance
2165,956,2504,0.19999999999999998,0.5,0.5,18.21200923787529,7.151673640167364,19.159345047923324,908,2,75,0.2,0.5,0.5,inheritance,inheritance,inheritance
2164,979,2482,0.19999999999999998,0.5,0.5,17.950554528650645,7.296220633299285,19.118855761482674,909,2,75,0.2,0.5,0.5,inheritance,inheritance,inheritance
2178,986,2461,0.19999999999999996,0.5,0.5,17.530762167125804,7.185598377281948,18.917513206013815,910,2,75,0.2,0.5,0.5,inheritance,inheritance,inheritance
2158,1027,2440,0.19999999999999996,0.5,0.5,17.360982391102873,7.210321324245375,18.993032786885244,911,2,75,0.2,0.5,0.5,inheritance,inheritance,inheritance
2162,1027,2436,0.19999999999999998,0.5,0.5,17.155874190564294,7.267770204479065,18.912972085385878,912,2,75,0.2,0.5,0.5,inheritance,inheritance,inheritance
2149,1033,2443,0.19999999999999998,0.5,0.5,17.091205211726383,7.198451113262343,18.86901350798199,913,2,75,0.2,0.5,0.5,inheritance,inheritance,inheritance
2150,1028,2447,0.19999999999999998,0.5,0.5,16.66,7.115758754863813,18.659174499387003,914,2,75,0.2,0.5,0.5,inheritance,inheritance,inheritance
2105,1061,2459,0.2,0.5,0.5,16.478859857482185,6.973609802073516,18.63318422122814,915,2,75,0.2,0.5,0.5,inheritance,inheritance,inheritance
2087,1075,2463,0.19999999999999998,0.5,0.5,16.231432678485866,7.129302325581396,18.365408038976856,916,2,75,0.2,0.5,0.5,inheritance,inheritance,inheritance
2078,1054,2493,0.2,0.5,0.5,16.11934552454283,7.165085388994307,18.28600080224629,917,2,75,0.2,0.5,0.5,inheritance,inheritance,inheritance
2062,1030,2533,0.20000000000000004,0.5,0.5,16.027158098933075,7.232038834951457,17.945913936044217,918,2,75,0.2,0.5,0.5,inheritance,inheritance,inheritance
2088,996,2541,0.2,0.5,0.5,16.01676245210728,7.597389558232932,18.03305785123967,919,2,75,0.2,0.5,0.5,inheritance,inheritance,inheritance
2100,958,2567,0.2,0.5,0.5,15.959523809523809,7.7045929018789145,17.69692247760031,920,2,75,0.2,0.5,0.5,inheritance,inheritance,inheritance
2125,925,2575,0.2,0.5,0.5,16.11764705882353,8.010810810810812,17.841941747572815,921,2,75,0.2,0.5,0.5,inheritance,inheritance,inheritance
2131,901,2593,0.19999999999999996,0.5,0.5,16.279680900985454,8.0488346281909,17.78017740069418,922,2,75,0.2,0.5,0.5,inheritance,inheritance,inheritance
2136,869,2620,0.19999999999999996,0.5,0.5,16.5,8.173762945914845,17.85,923,2,75,0.2,0.5,0.5,inheritance,inheritance,inheritance
2147,832,2646,0.19999999999999998,0.5,0.5,16.691197019096414,8.098557692307692,17.872260015117156,924,2,75,0.2,0.5,0.5,inheritance,inheritance,inheritance
2168,803,2654,0.19999999999999996,0.5,0.5,16.643450184501845,8.097135740971357,17.79276563677468,925,2,75,0.2,0.5,0.5,inheritance,inheritance,inheritance
2193,744,2688,0.19999999999999996,0.5,0.5,16.78066575467396,8.251344086021506,17.815104166666668,926,2,75,0.2,0.5,0.5,inheritance,inheritance,inheritance
2238,711,2676,0.19999999999999998,0.5,0.5,16.89544235924933,8.331926863572432,17.912929745889386,927,2,75,0.2,0.5,0.5,inheritance,inheritance,inheritance
2240,686,2699,0.19999999999999998,0.5,0.5,17.283035714285713,8.298833819241983,18.11819192293442,928,2,75,0.2,0.5,0.5,inheritance,inheritance,inheritance
2286,667,2672,0.19999999999999998,0.5,0.5,17.300962379702536,8.23688155922039,18.287799401197606,929,2,75,0.2,0.5,0.5,inheritance,inheritance,inheritance
2293,660,2672,0.19999999999999998,0.5,0.5,17.571740078499783,7.824242424242424,18.452844311377245,930,2,75,0.2,0.5,0.5,inheritance,inheritance,inheritance
2305,630,2690,0.19999999999999998,0.5,0.5,17.89240780911063,7.5,18.61263940520446,931,2,75,0.2,0.5,0.5,inheritance,inheritance,inheritance
2327,627,2671,0.19999999999999998,0.5,0.5,18.052857756768372,7.124401913875598,18.962186447023587,932,2,75,0.2,0.5,0.5,inheritance,inheritance,inheritance
2355,636,2634,0.2,0.5,0.5,18.159235668789808,6.8584905660377355,19.22399392558846,933,2,75,0.2,0.5,0.5,inheritance,inheritance,inheritance
2351,641,2633,0.19999999999999998,0.5,0.5,18.483198638877074,6.795631825273011,19.46752753513103,934,2,75,0.2,0.5,0.5,inheritance,inheritance,inheritance
2400,637,2588,0.2,0.5,0.5,18.465,6.959183673469388,19.689721792890264,935,2,75,0.2,0.5,0.5,inheritance,inheritance,inheritance
2418,639,2568,0.2,0.5,0.5,18.659636062861868,6.938967136150235,19.994158878504674,936,2,75,0.2,0.5,0.5,inheritance,inheritance,inheritance
2438,647,2540,0.19999999999999998,0.5,0.5,18.733798195242002,6.87017001545595,20.27755905511811,937,2,75,0.2,0.5,0.5,inheritance,inheritance,inheritance
2472,642,2511,0.19999999999999998,0.5,0.5,18.723300970873787,6.831775700934579,20.478693747510953,938,2,75,0.2,0.5,0.5,inheritance,inheritance,inheritance
2514,647,2464,0.19999999999999998,0.5,0.5,18.75656324582339,6.9721792890262755,20.73051948051948,939,2,75,0.2,0.5,0.5,inheritance,inheritance,inheritance
2552,659,2414,0.19999999999999998,0.5,0.5,18.596394984326018,6.890743550834598,20.95608947804474,940,2,75,0.2,0.5,0.5,inheritance,inheritance,inheritance
2589,648,2388,0.19999999999999998,0.5,0.5,18.656237929702588,6.964506172839506,21.032244556113902,941,2,75,0.2,0.5,0.5,inheritance,inheritance,inheritance
2587,681,2357,0.19999999999999996,0.5,0.5,18.760726710475453,6.751835535976505,21.317776834959695,942,2,75,0.2,0.5,0.5,inheritance,inheritance,inheritance
2612,686,2327,0.19999999999999998,0.5,0.5,18.81240428790199,6.723032069970846,21.406961753330467,943,2,75,0.2,0.5,0.5,inheritance,inheritance,inheritance
2624,703,2298,0.19999999999999998,0.5,0.5,18.86547256097561,6.631578947368421,21.558746736292427,944,2,75,0.2,0.5,0.5,inheritance,inheritance,inheritance
2643,728,2254,0.19999999999999996,0.5,0.5,18.914869466515324,6.6510989010989015,21.898402839396628,945,2,75,0.2,0.5,0.5,inheritance,inheritance,inheritance
2620,757,2248,0.2,0.5,0.5,18.88206106870229,6.544253632760898,21.94661921708185,946,2,75,0.2,0.5,0.5,inheritance,inheritance,inheritance
2631,773,2221,0.19999999999999998,0.5,0.5,18.84910680349677,6.639068564036222,21.963529941467808,947,2,75,0.2,0.5,0.5,inheritance,inheritance,inheritance
2632,789,2204,0.19999999999999998,0.5,0.5,18.780395136778115,6.665399239543726,22.131125226860256,948,2,75,0.2,0.5,0.5,inheritance,inheritance,inheritance
2643,803,2179,0.19999999999999996,0.5,0.5,18.72682557699584,6.537982565379826,21.984396512161542,949,2,75,0.2,0.5,0.5,inheritance,inheritance,inheritance
2679,808,2138,0.19999999999999998,0.5,0.5,18.634938409854424,6.752475247524752,21.913470533208606,950,2,75,0.2,0.5,0.5,inheritance,inheritance,inheritance
2681,797,2147,0.19999999999999993,0.5,0.5,18.8325251771727,6.912170639899624,21.923148579413134,951,2,75,0.2,0.5,0.5,inheritance,inheritance,inheritance
2694,797,2134,0.19999999999999998,0.5,0.5,18.951744617668894,7.0928481806775405,21.900656044985944,952,2,75,0.2,0.5,0.5,inheritance,inheritance,inheritance
2703,805,2117,0.19999999999999996,0.5,0.5,19.072881982981873,7.116770186335404,21.79782711384034,953,2,75,0.2,0.5,0.5,inheritance,inheritance,inheritance
2723,802,2100,0.19999999999999996,0.5,0.5,19.060962174072714,7.130922693266833,21.59952380952381,954,2,75,0.2,0.5,0.5,inheritance,inheritance,inheritance
2728,795,2102,0.19999999999999996,0.5,0.5,19.150293255131963,7.139622641509434,21.52997145575642,955,2,75,0.2,0.5,0.5,inheritance,inheritance,inheritance
2742,798,2085,0.19999999999999996,0.5,0.5,19.22428884026258,7.179197994987469,21.40863309352518,956,2,75,0.2,0.5,0.5,inheritance,inheritance,inheritance
2755,811,2059,0.19999999999999996,0.5,0.5,19.164065335753175,7.189889025893958,21.22098105876639,957,2,75,0.2,0.5,0.5,inheritance,inheritance,inheritance
2782,814,2029,0.19999999999999996,0.5,0.5,19.248741912293315,7.157248157248158,21.131099063578116,958,2,75,0.2,0.5,0.5,inheritance,inheritance,inheritance
2795,831,1999,0.2,0.5,0.5,19.300536672629697,7.320096269554753,20.941970985492745,959,2,75,0.2,0.5,0.5,inheritance,inheritance,inheritance
2790,855,1980,0.2,0.5,0.5,19.39032258064516,7.431578947368421,20.770707070707072,960,2,75,0.2,0.5,0.5,inheritance,inheritance,inheritance
2814,884,1927,0.19999999999999998,0.5,0.5,19.33262260127932,7.419683257918552,20.687078360145303,961,2,75,0.2,0.5,0.5,inheritance,inheritance,inheritance
2805,904,1916,0.2,0.5,0.5,19.51729055258467,7.482300884955753,20.544885177453025,962,2,75,0.2,0.5,0.5,inheritance,inheritance,inheritance
2796,916,1913,0.19999999999999998,0.5,0.5,19.6931330472103,7.457423580786026,20.352326189231572,963,2,75,0.2,0.5,0.5,inheritance,inheritance,inheritance
2773,923,1929,0.19999999999999996,0.5,0.5,19.95347998557519,7.515709642470206,20.213063763608087,964,2,75,0.2,0.5,0.5,inheritance,inheritance,inheritance
2744,922,1959,0.19999999999999996,0.5,0.5,20.254373177842567,7.697396963123644,19.986727922409393,965,2,75,0.2,0.5,0.5,inheritance,inheritance,inheritance
2750,918,1957,0.19999999999999993,0.5,0.5,20.564,8.028322440087146,19.81451200817578,966,2,75,0.2,0.5,0.5,inheritance,inheritance,inheritance
2756,877,1992,0.19999999999999993,0.5,0.5,20.804063860667636,8.238312428734321,19.40562248995984,967,2,75,0.2,0.5,0.5,inheritance,inheritance,inheritance
2760,858,2007,0.19999999999999996,0.5,0.5,20.967028985507245,8.178321678321678,19.236671649227702,968,2,75,0.2,0.5,0.5,inheritance,inheritance,inheritance
2740,886,1999,0.19999999999999996,0.5,0.5,21.104014598540147,7.928893905191874,18.95647823911956,969,2,75,0.2,0.5,0.5,inheritance,inheritance,inheritance
2756,873,1996,0.19999999999999993,0.5,0.5,21.288824383164005,8.076746849942726,18.868236472945892,970,2,75,0.2,0.5,0.5,inheritance,inheritance,inheritance
2734,893,1998,0.19999999999999998,0.5,0.5,21.434893928310167,7.836506159014558,18.553053053053052,971,2,75,0.2,0.5,0.5,inheritance,inheritance,inheritance
2732,866,2027,0.19999999999999996,0.5,0.5,21.67203513909224,7.774826789838337,18.231869758263443,972,2,75,0.2,0.5,0.5,inheritance,inheritance,inheritance
2709,872,2044,0.19999999999999998,0.5,0.5,21.94573643410853,7.577981651376147,18.091976516634052,973,2,75,0.2,0.5,0.5,inheritance,inheritance,inheritance
2716,851,2058,0.19999999999999998,0.5,0.5,22.120029455081003,7.491186839012926,17.803692905733723,974,2,75,0.2,0.5,0.5,inheritance,inheritance,inheritance
2705,852,2068,0.2,0.5,0.5,22.18743068391867,7.404929577464789,17.72872340425532,975,2,75,0.2,0.5,0.5,inheritance,inheritance,inheritance
2699,853,2073,0.19999999999999998,0.5,0.5,22.33382734346054,7.379835873388042,17.47226242161119,976,2,75,0.2,0.5,0.5,inheritance,inheritance,inheritance
2700,845,2080,0.19999999999999996,0.5,0.5,22.401851851851852,7.313609467455621,17.24903846153846,977,2,75,0.2,0.5,0.5,inheritance,inheritance,inheritance
2691,830,2104,0.19999999999999998,0.5,0.5,22.52954292084727,7.145783132530121,17.10361216730038,978,2,75,0.2,0.5,0.5,inheritance,inheritance,inheritance
2685,837,2103,0.19999999999999996,0.5,0.5,22.540037243947857,6.973715651135006,17.176414645744174,979,2,75,0.2,0.5,0.5,inheritance,inheritance,inheritance
2652,844,2129,0.19999999999999998,0.5,0.5,22.57767722473605,6.659952606635071,17.086425551902302,980,2,75,0.2,0.5,0.5,inheritance,inheritance,inheritance
2632,850,2143,0.19999999999999998,0.5,0.5,22.81382978723404,6.590588235294118,17.077461502566496,981,2,75,0.2,0.5,0.5,inheritance,inheritance,inheritance
2587,884,2154,0.19999999999999996,0.5,0.5,23.088906068805567,6.4366515837104075,17.0933147632312,982,2,75,0.2,0.5,0.5,inheritance,inheritance,inheritance
2595,868,2162,0.2,0.5,0.5,23.121387283236995,6.452764976958525,16.935245143385753,983,2,75,0.2,0.5,0.5,inheritance,inheritance,inheritance
2582,878,2165,0.19999999999999996,0.5,0.5,23.144074360960495,6.417995444191344,16.837875288683602,984,2,75,0.2,0.5,0.5,inheritance,inheritance,inheritance
2547,910,2168,0.19999999999999998,0.5,0.5,23.157440125638004,6.367032967032967,16.98570110701107,985,2,75,0.2,0.5,0.5,inheritance,inheritance,inheritance
2478,950,2197,0.19999999999999998,0.5,0.5,23.308313155770783,6.318947368421052,17.169321802457898,986,2,75,0.2,0.5,0.5,inheritance,inheritance,inheritance
2440,970,2215,0.2,0.5,0.5,23.036065573770493,6.1835051546391755,16.965237020316028,987,2,75,0.2,0.5,0.5,inheritance,inheritance,inheritance
2414,1002,2209,0.19999999999999998,0.5,0.5,22.815658657829328,6.310379241516966,17.080126754187415,988,2,75,0.2,0.5,0.5,inheritance,inheritance,inheritance
2376,1049,2200,0.19999999999999998,0.5,0.5,22.708333333333332,6.272640610104862,17.28090909090909,989,2,75,0.2,0.5,0.5,inheritance,inheritance,inheritance
2308,1116,2201,0.19999999999999998,0.5,0.5,22.369150779896014,6.230286738351254,17.353021353930032,990,2,75,0.2,0.5,0.5,inheritance,inheritance,inheritance
2254,1175,2196,0.19999999999999998,0.5,0.5,21.989795918367346,6.303829787234043,17.499089253187613,991,2,75,0.2,0.5,0.5,inheritance,inheritance,inheritance
2168,1223,2234,0.19999999999999996,0.5,0.5,21.887453874538746,6.439901880621423,17.736347358997314,992,2,75,0.2,0.5,0.5,inheritance,inheritance,inheritance
2105,1240,2280,0.2,0.5,0.5,21.780522565320666,6.655645161290322,17.676754385964912,993,2,75,0.2,0.5,0.5,inheritance,inheritance,inheritance
2042,1251,2332,0.20000000000000004,0.5,0.5,21.52203721841332,6.851318944844125,17.594768439108062,994,2,75,0.2,0.5,0.5,inheritance,inheritance,inheritance
2006,1258,2361,0.2,0.5,0.5,21.17098703888335,7.031001589825119,17.53113087674714,995,2,75,0.2,0.5,0.5,inheritance,inheritance,inheritance
1963,1260,2402,0.20000000000000004,0.5,0.5,21.015282730514517,7.157936507936508,17.464612822647794,996,2,75,0.2,0.5,0.5,inheritance,inheritance,inheritance
1944,1250,2431,0.20000000000000004,0.5,0.5,20.537551440329217,7.34,17.332373508844096,997,2,75,0.2,0.5,0.5,inheritance,inheritance,inheritance
1910,1246,2469,0.20000000000000004,0.5,0.5,20.306806282722512,7.541733547351525,17.35034426893479,998,2,75,0.2,0.5,0.5,inheritance,inheritance,inheritance
1896,1242,2487,0.2,0.5,0.5,19.92457805907173,7.785829307568438,17.486529955770003,999,2,75,0.2,0.5,0.5,inheritance,inheritance,inheritance
1893,1886,1846,0.2,0.5,0.5,0.0,0.0,0.0,0,3,75,0.2,0.5,0.5,inheritance,inheritance,inheritance
1698,1869,2058,0.2,0.5,0.5,1.0,1.0,1.0,1,3,75,0.2,0.5,0.5,inheritance,inheritance,inheritance
1587,1780,2258,0.19999999999999998,0.5,0.5,1.9174543163201008,1.8719101123595505,1.8538529672276352,2,3,75,0.2,0.5,0.5,inheritance,inheritance,inheritance
1515,1658,2452,0.2,0.5,0.5,2.753135313531353,2.6731001206272618,2.608890701468189,3,3,75,0.2,0.5,0.5,inheritance,inheritance,inheritance
1467,1507,2651,0.19999999999999998,0.5,0.5,3.5344239945466938,3.382879893828799,3.300264051301396,4,3,75,0.2,0.5,0.5,inheritance,inheritance,inheritance
1416,1383,2826,0.19999999999999996,0.5,0.5,4.259887005649717,3.997830802603037,3.964260438782732,5,3,75,0.2,0.5,0.5,inheritance,inheritance,inheritance
1402,1268,2955,0.19999999999999998,0.5,0.5,4.872325249643366,4.589116719242902,4.621996615905245,6,3,75,0.2,0.5,0.5,inheritance,inheritance,inheritance
1418,1136,3071,0.19999999999999998,0.5,0.5,5.421015514809591,5.095950704225352,5.2647346141322044,7,3,75,0.2,0.5,0.5,inheritance,inheritance,inheritance
1428,983,3214,0.19999999999999998,0.5,0.5,5.96358543417367,5.521871820956257,5.838207840696951,8,3,75,0.2,0.5,0.5,inheritance,inheritance,inheritance
1457,852,3316,0.19999999999999998,0.5,0.5,6.434454358270418,5.906103286384977,6.435162846803378,9,3,75,0.2,0.5,0.5,inheritance,inheritance,inheritance
1498,742,3385,0.19999999999999998,0.5,0.5,6.852469959946595,6.1482479784366575,7.058197932053176,10,3,75,0.2,0.5,0.5,inheritance,inheritance,inheritance
1563,667,3395,0.2,0.5,0.5,7.239283429302623,6.470764617691154,7.731958762886598,11,3,75,0.2,0.5,0.5,inheritance,inheritance,inheritance
1652,572,3401,0.19999999999999998,0.5,0.5,7.630145278450363,6.769230769230769,8.350191120258748,12,3,75,0.2,0.5,0.5,inheritance,inheritance,inheritance
1772,485,3368,0.19999999999999998,0.5,0.5,7.920428893905192,6.865979381443299,8.99020190023753,13,3,75,0.2,0.5,0.5,inheritance,inheritance,inheritance
1861,426,3338,0.2,0.5,0.5,8.311123052122515,6.985915492957746,9.674355901737567,14,3,75,0.2,0.5,0.5,inheritance,inheritance,inheritance
1968,393,3264,0.20000000000000004,0.5,0.5,8.626524390243903,6.9491094147582695,10.355392156862745,15,3,75,0.2,0.5,0.5,inheritance,inheritance,inheritance
2061,351,3213,0.2,0.5,0.5,9.003881610868511,6.561253561253562,10.989729225023343,16,3,75,0.2,0.5,0.5,inheritance,inheritance,inheritance
2187,340,3098,0.19999999999999996,0.5,0.5,9.24371284865112,6.352941176470588,11.724983860555197,17,3,75,0.2,0.5,0.5,inheritance,inheritance,inheritance
2316,323,2986,0.19999999999999998,0.5,0.5,9.496545768566493,6.179566563467493,12.414601473543202,18,3,75,0.2,0.5,0.5,inheritance,inheritance,inheritance
2439,305,2881,0.19999999999999998,0.5,0.5,9.836818368183682,6.127868852459017,13.065949323151683,19,3,75,0.2,0.5,0.5,inheritance,inheritance,inheritance
2568,305,2752,0.19999999999999996,0.5,0.5,10.139408099688474,6.167213114754098,13.84375,20,3,75,0.2,0.5,0.5,inheritance,inheritance,inheritance
2681,303,2641,0.19999999999999993,0.5,0.5,10.454681089145842,5.933993399339934,14.53085952290799,21,3,75,0.2,0.5,0.5,inheritance,inheritance,inheritance
2775,304,2546,0.19999999999999996,0.5,0.5,10.862702702702702,5.680921052631579,15.158680282796544,22,3,75,0.2,0.5,0.5,inheritance,inheritance,inheritance
2880,305,2440,0.2,0.5,0.5,11.200694444444444,5.4852459016393444,15.686065573770492,23,3,75,0.2,0.5,0.5,inheritance,inheritance,inheritance
3007,313,2305,0.19999999999999996,0.5,0.5,11.490522115064849,5.460063897763578,16.284164859002168,24,3,75,0.2,0.5,0.5,inheritance,inheritance,inheritance
3086,339,2200,0.2,0.5,0.5,11.833117303953337,5.188790560471976,16.85681818181818,25,3,75,0.2,0.5,0.5,inheritance,inheritance,inheritance
3167,350,2108,0.20000000000000004,0.5,0.5,12.328386485633091,5.314285714285714,17.455882352941178,26,3,75,0.2,0.5,0.5,inheritance,inheritance,inheritance
3268,355,2002,0.19999999999999998,0.5,0.5,12.678090575275398,5.332394366197183,17.836663336663335,27,3,75,0.2,0.5,0.5,inheritance,inheritance,inheritance
3377,368,1880,0.20000000000000004,0.5,0.5,12.977198697068404,5.372282608695652,18.307978723404254,28,3,75,0.2,0.5,0.5,inheritance,inheritance,inheritance
3468,385,1772,0.2,0.5,0.5,13.381776239907728,5.327272727272727,18.664785553047405,29,3,75,0.2,0.5,0.5,inheritance,inheritance,inheritance
3525,404,1696,0.2,0.5,0.5,13.926524822695036,5.487623762376238,19.03183962264151,30,3,75,0.2,0.5,0.5,inheritance,inheritance,inheritance
3586,440,1599,0.2,0.5,0.5,14.35861684327942,5.45,19.373358348968104,31,3,75,0.2,0.5,0.5,inheritance,inheritance,inheritance
3633,483,1509,0.20000000000000004,0.5,0.5,14.801816680429397,5.474120082815735,19.49900596421471,32,3,75,0.2,0.5,0.5,inheritance,inheritance,inheritance
3652,540,1433,0.2,0.5,0.5,15.272179627601314,5.392592592592592,19.789951151430564,33,3,75,0.2,0.5,0.5,inheritance,inheritance,inheritance
3683,570,1372,0.20000000000000004,0.5,0.5,15.827586206896552,5.482456140350878,19.853498542274053,34,3,75,0.2,0.5,0.5,inheritance,inheritance,inheritance
3694,623,1308,0.20000000000000004,0.5,0.5,16.280996210070384,5.382022471910112,19.7217125382263,35,3,75,0.2,0.5,0.5,inheritance,inheritance,inheritance
3684,657,1284,0.20000000000000004,0.5,0.5,16.77470141150923,5.286149162861491,19.294392523364486,36,3,75,0.2,0.5,0.5,inheritance,inheritance,inheritance
3685,711,1229,0.20000000000000004,0.5,0.5,17.264314789687923,5.424753867791843,19.20260374288039,37,3,75,0.2,0.5,0.5,inheritance,inheritance,inheritance
3643,759,1223,0.20000000000000004,0.5,0.5,17.934120230579193,5.491436100131752,18.90596892886345,38,3,75,0.2,0.5,0.5,inheritance,inheritance,inheritance
3618,829,1178,0.2,0.5,0.5,18.326976229961303,5.5162846803377565,18.49320882852292,39,3,75,0.2,0.5,0.5,inheritance,inheritance,inheritance
3577,886,1162,0.20000000000000004,0.5,0.5,18.804025719876993,5.540632054176072,17.87865748709122,40,3,75,0.2,0.5,0.5,inheritance,inheritance,inheritance
3519,952,1154,0.19999999999999998,0.5,0.5,19.359761295822675,5.611344537815126,17.265164644714037,41,3,75,0.2,0.5,0.5,inheritance,inheritance,inheritance
3452,1005,1168,0.20000000000000004,0.5,0.5,19.857763615295482,5.660696517412935,16.47945205479452,42,3,75,0.2,0.5,0.5,inheritance,inheritance,inheritance
3394,1071,1160,0.2,0.5,0.5,20.37507365939894,5.780578898225957,16.03448275862069,43,3,75,0.2,0.5,0.5,inheritance,inheritance,inheritance
3297,1132,1196,0.20000000000000004,0.5,0.5,20.966029723991507,5.786219081272085,15.16220735785953,44,3,75,0.2,0.5,0.5,inheritance,inheritance,inheritance
3201,1216,1208,0.2,0.5,0.5,21.37831927522649,5.838815789473684,14.87748344370861,45,3,75,0.2,0.5,0.5,inheritance,inheritance,inheritance
3083,1280,1262,0.19999999999999998,0.5,0.5,22.010055141096334,5.95234375,14.398573692551505,46,3,75,0.2,0.5,0.5,inheritance,inheritance,inheritance
2980,1345,1300,0.2,0.5,0.5,22.631208053691275,6.248327137546468,14.071538461538461,47,3,75,0.2,0.5,0.5,inheritance,inheritance,inheritance
2862,1387,1376,0.19999999999999996,0.5,0.5,23.137316561844862,6.355443403028119,13.585755813953488,48,3,75,0.2,0.5,0.5,inheritance,inheritance,inheritance
2757,1423,1445,0.19999999999999996,0.5,0.5,23.58070366340225,6.45818692902319,13.00553633217993,49,3,75,0.2,0.5,0.5,inheritance,inheritance,inheritance
2669,1443,1513,0.19999999999999998,0.5,0.5,23.977519670288498,6.682605682605683,12.71645736946464,50,3,75,0.2,0.5,0.5,inheritance,inheritance,inheritance
2565,1477,1583,0.19999999999999996,0.5,0.5,24.26159844054581,6.7447528774542995,12.308907138344916,51,3,75,0.2,0.5,0.5,inheritance,inheritance,inheritance
2467,1504,1654,0.19999999999999998,0.5,0.5,24.551276854479124,6.898936170212766,12.044135429262393,52,3,75,0.2,0.5,0.5,inheritance,inheritance,inheritance
2372,1523,1730,0.19999999999999998,0.5,0.5,24.834738617200674,7.120814182534471,11.808670520231214,53,3,75,0.2,0.5,0.5,inheritance,inheritance,inheritance
2275,1531,1819,0.2,0.5,0.5,24.964835164835165,7.114304376224689,11.534359538207806,54,3,75,0.2,0.5,0.5,inheritance,inheritance,inheritance
2179,1535,1911,0.19999999999999998,0.5,0.5,24.983478659935752,7.192833876221498,11.295656724228152,55,3,75,0.2,0.5,0.5,inheritance,inheritance,inheritance
2105,1534,1986,0.2,0.5,0.5,24.87600950118765,7.21903520208605,11.22306143001007,56,3,75,0.2,0.5,0.5,inheritance,inheritance,inheritance
2011,1542,2072,0.2,0.5,0.5,24.4241670810542,7.174448767833982,11.184362934362934,57,3,75,0.2,0.5,0.5,inheritance,inheritance,inheritance
1900,1560,2165,0.2,0.5,0.5,24.19421052631579,7.085897435897436,11.23418013856813,58,3,75,0.2,0.5,0.5,inheritance,inheritance,inheritance
1792,1566,2267,0.2,0.5,0.5,23.638392857142858,7.086206896551724,11.229819144243494,59,3,75,0.2,0.5,0.5,inheritance,inheritance,inheritance
1709,1527,2389,0.20000000000000004,0.5,0.5,23.3949678174371,7.22920759659463,11.213897028045206,60,3,75,0.2,0.5,0.5,inheritance,inheritance,inheritance
1647,1507,2471,0.19999999999999998,0.5,0.5,22.791135397692774,7.343065693430657,11.35936867664913,61,3,75,0.2,0.5,0.5,inheritance,inheritance,inheritance
1565,1487,2573,0.2,0.5,0.5,22.02555910543131,7.3140551445864155,11.454722114263506,62,3,75,0.2,0.5,0.5,inheritance,inheritance,inheritance
1539,1439,2647,0.19999999999999998,0.5,0.5,21.548408057179987,7.505906879777624,11.635436343029845,63,3,75,0.2,0.5,0.5,inheritance,inheritance,inheritance
1506,1425,2694,0.19999999999999996,0.5,0.5,20.61885790172643,7.595087719298245,11.959910913140313,64,3,75,0.2,0.5,0.5,inheritance,inheritance,inheritance
1440,1402,2783,0.2,0.5,0.5,19.936805555555555,7.666904422253923,12.196191160618039,65,3,75,0.2,0.5,0.5,inheritance,inheritance,inheritance
1380,1376,2869,0.19999999999999996,0.5,0.5,19.069565217391304,7.7623546511627906,12.34402230742419,66,3,75,0.2,0.5,0.5,inheritance,inheritance,inheritance
1365,1292,2968,0.19999999999999996,0.5,0.5,18.22051282051282,8.006965944272446,12.521563342318059,67,3,75,0.2,0.5,0.5,inheritance,inheritance,inheritance
1348,1232,3045,0.19999999999999998,0.5,0.5,17.448813056379823,8.2012987012987,12.73793103448276,68,3,75,0.2,0.5,0.5,inheritance,inheritance,inheritance
1343,1177,3105,0.19999999999999998,0.5,0.5,16.780342516753535,8.428207306711979,13.091787439613526,69,3,75,0.2,0.5,0.5,inheritance,inheritance,inheritance
1367,1131,3127,0.19999999999999998,0.5,0.5,16.23994147768837,8.680813439434129,13.445794691397506,70,3,75,0.2,0.5,0.5,inheritance,inheritance,inheritance
1367,1062,3196,0.19999999999999998,0.5,0.5,16.098024871982442,9.064030131826742,13.805694618272842,71,3,75,0.2,0.5,0.5,inheritance,inheritance,inheritance
1387,989,3249,0.19999999999999998,0.5,0.5,15.650324441240086,9.147623862487361,14.062480763311788,72,3,75,0.2,0.5,0.5,inheritance,inheritance,inheritance
1414,903,3308,0.19999999999999996,0.5,0.5,15.358557284299858,9.293466223698783,14.334643288996373,73,3,75,0.2,0.5,0.5,inheritance,inheritance,inheritance
1417,845,3363,0.19999999999999998,0.5,0.5,14.972477064220184,9.248520710059172,14.660422242045792,74,3,75,0.2,0.5,0.5,inheritance,inheritance,inheritance
1442,806,3377,0.19999999999999998,0.5,0.5,14.641470180305133,9.28908188585608,15.094758661533906,75,3,75,0.2,0.5,0.5,inheritance,inheritance,inheritance
1480,762,3383,0.2,0.5,0.5,14.375675675675677,9.384514435695538,15.475613360922258,76,3,75,0.2,0.5,0.5,inheritance,inheritance,inheritance
1526,701,3398,0.19999999999999998,0.5,0.5,13.872870249017039,9.288159771754636,15.808122424955856,77,3,75,0.2,0.5,0.5,inheritance,inheritance,inheritance
1551,668,3406,0.19999999999999996,0.5,0.5,13.765312701482914,9.161676646706587,16.22988843217851,78,3,75,0.2,0.5,0.5,inheritance,inheritance,inheritance
1616,610,3399,0.19999999999999998,0.5,0.5,13.609529702970297,9.185245901639345,16.651368049426303,79,3,75,0.2,0.5,0.5,inheritance,inheritance,inheritance
1668,551,3406,0.2,0.5,0.5,13.593525179856115,9.054446460980037,16.975924838520257,80,3,75,0.2,0.5,0.5,inheritance,inheritance,inheritance
1691,531,3403,0.20000000000000004,0.5,0.5,13.62093435836783,8.621468926553673,17.500734645900675,81,3,75,0.2,0.5,0.5,inheritance,inheritance,inheritance
1718,508,3399,0.2,0.5,0.5,13.712456344586728,8.062992125984252,17.953809944101206,82,3,75,0.2,0.5,0.5,inheritance,inheritance,inheritance
1778,478,3369,0.2,0.5,0.5,13.810461192350957,7.7824267782426775,18.417334520629268,83,3,75,0.2,0.5,0.5,inheritance,inheritance,inheritance
1831,474,3320,0.2,0.5,0.5,13.822501365374112,7.533755274261603,18.981024096385543,84,3,75,0.2,0.5,0.5,inheritance,inheritance,inheritance
1864,473,3288,0.20000000000000004,0.5,0.5,13.996244635193133,7.2706131078224105,19.545924574209245,85,3,75,0.2,0.5,0.5,inheritance,inheritance,inheritance
1923,462,3240,0.2,0.5,0.5,14.026521060842434,6.93073593073593,20.020987654320987,86,3,75,0.2,0.5,0.5,inheritance,inheritance,inheritance
1962,471,3192,0.20000000000000004,0.5,0.5,14.218144750254842,6.634819532908705,20.553571428571427,87,3,75,0.2,0.5,0.5,inheritance,inheritance,inheritance
2000,476,3149,0.20000000000000004,0.5,0.5,14.4005,6.510504201680672,21.034296602095903,88,3,75,0.2,0.5,0.5,inheritance,inheritance,inheritance
2057,470,3098,0.20000000000000004,0.5,0.5,14.481769567331064,6.595744680851064,21.522595222724338,89,3,75,0.2,0.5,0.5,inheritance,inheritance,inheritance
2115,468,3042,0.2,0.5,0.5,14.591962174940898,6.72008547008547,22.004273504273506,90,3,75,0.2,0.5,0.5,inheritance,inheritance,inheritance
2162,467,2996,0.19999999999999998,0.5,0.5,14.70259019426457,6.584582441113491,22.38785046728972,91,3,75,0.2,0.5,0.5,inheritance,inheritance,inheritance
2248,443,2934,0.19999999999999996,0.5,0.5,14.761120996441282,6.5598194130925505,22.667689161554193,92,3,75,0.2,0.5,0.5,inheritance,inheritance,inheritance
2326,436,2863,0.19999999999999998,0.5,0.5,14.801375752364574,6.784403669724771,23.057282570730003,93,3,75,0.2,0.5,0.5,inheritance,inheritance,inheritance
2387,434,2804,0.19999999999999998,0.5,0.5,14.945957268537914,6.723502304147465,23.365905848787445,94,3,75,0.2,0.5,0.5,inheritance,inheritance,inheritance
2458,431,2736,0.19999999999999998,0.5,0.5,15.109031733116355,7.016241299303944,23.69736842105263,95,3,75,0.2,0.5,0.5,inheritance,inheritance,inheritance
2536,432,2657,0.19999999999999998,0.5,0.5,15.297712933753942,7.168981481481482,24.073391042529167,96,3,75,0.2,0.5,0.5,inheritance,inheritance,inheritance
2615,437,2573,0.19999999999999996,0.5,0.5,15.35831739961759,7.162471395881007,24.36027982899339,97,3,75,0.2,0.5,0.5,inheritance,inheritance,inheritance
2676,448,2501,0.19999999999999998,0.5,0.5,15.552316890881913,7.0625,24.681327469012395,98,3,75,0.2,0.5,0.5,inheritance,inheritance,inheritance
2730,445,2450,0.19999999999999996,0.5,0.5,15.814652014652015,6.8269662921348315,24.675102040816327,99,3,75,0.2,0.5,0.5,inheritance,inheritance,inheritance
2761,468,2396,0.19999999999999993,0.5,0.5,16.137993480622963,6.673076923076923,24.946577629382304,100,3,75,0.2,0.5,0.5,inheritance,inheritance,inheritance
2800,489,2336,0.2,0.5,0.5,16.425714285714285,6.580777096114519,25.366438356164384,101,3,75,0.2,0.5,0.5,inheritance,inheritance,inheritance
2831,493,2301,0.19999999999999993,0.5,0.5,16.823030731190393,6.703853955375253,25.486310299869622,102,3,75,0.2,0.5,0.5,inheritance,inheritance,inheritance
2877,500,2248,0.19999999999999998,0.5,0.5,17.05735140771637,6.596,25.479537366548044,103,3,75,0.2,0.5,0.5,inheritance,inheritance,inheritance
2923,509,2193,0.19999999999999996,0.5,0.5,17.326377009921313,6.442043222003929,25.512083903328772,104,3,75,0.2,0.5,0.5,inheritance,inheritance,inheritance
2979,520,2126,0.19999999999999998,0.5,0.5,17.613964417589795,6.525,25.643932267168392,105,3,75,0.2,0.5,0.5,inheritance,inheritance,inheritance
3009,525,2091,0.19999999999999998,0.5,0.5,17.944499833831838,6.495238095238095,25.63605930176949,106,3,75,0.2,0.5,0.5,inheritance,inheritance,inheritance
3030,536,2059,0.2,0.5,0.5,18.317821782178218,6.423507462686567,25.749878581835844,107,3,75,0.2,0.5,0.5,inheritance,inheritance,inheritance
3060,545,2020,0.2,0.5,0.5,18.510130718954247,6.240366972477064,25.638613861386137,108,3,75,0.2,0.5,0.5,inheritance,inheritance,inheritance
3063,580,1982,0.2,0.5,0.5,18.77179236043095,6.003448275862069,25.721493440968718,109,3,75,0.2,0.5,0.5,inheritance,inheritance,inheritance
3096,607,1922,0.19999999999999998,0.5,0.5,18.96543927648579,5.986820428336079,25.640998959417274,110,3,75,0.2,0.5,0.5,inheritance,inheritance,inheritance
3112,644,1869,0.19999999999999998,0.5,0.5,19.229113110539846,6.119565217391305,25.771000535045477,111,3,75,0.2,0.5,0.5,inheritance,inheritance,inheritance
3136,665,1824,0.2,0.5,0.5,19.463966836734695,6.082706766917293,25.54550438596491,112,3,75,0.2,0.5,0.5,inheritance,inheritance,inheritance
3132,707,1786,0.19999999999999998,0.5,0.5,19.834929757343552,6.128712871287129,25.524636058230683,113,3,75,0.2,0.5,0.5,inheritance,inheritance,inheritance
3121,728,1776,0.2,0.5,0.5,20.26626081384172,6.2458791208791204,25.26463963963964,114,3,75,0.2,0.5,0.5,inheritance,inheritance,inheritance
3117,763,1745,0.19999999999999998,0.5,0.5,20.514276547962783,6.283093053735255,25.186246418338108,115,3,75,0.2,0.5,0.5,inheritance,inheritance,inheritance
3110,808,1707,0.2,0.5,0.5,20.760128617363343,6.413366336633663,24.885178676039835,116,3,75,0.2,0.5,0.5,inheritance,inheritance,inheritance
3094,849,1682,0.19999999999999998,0.5,0.5,20.93535875888817,6.429917550058893,24.48156956004756,117,3,75,0.2,0.5,0.5,inheritance,inheritance,inheritance
3053,891,1681,0.19999999999999998,0.5,0.5,21.361283982967574,6.5353535353535355,23.956573468173705,118,3,75,0.2,0.5,0.5,inheritance,inheritance,inheritance
3030,934,1661,0.2,0.5,0.5,21.425742574257427,6.457173447537473,23.62492474413004,119,3,75,0.2,0.5,0.5,inheritance,inheritance,inheritance
3021,971,1633,0.19999999999999998,0.5,0.5,21.571002979145977,6.641606591143152,22.979179424372322,120,3,75,0.2,0.5,0.5,inheritance,inheritance,inheritance
2999,994,1632,0.19999999999999998,0.5,0.5,21.726242080693563,6.691146881287726,22.516544117647058,121,3,75,0.2,0.5,0.5,inheritance,inheritance,inheritance
2976,1021,1628,0.19999999999999998,0.5,0.5,21.934811827956988,6.904995102840353,22.105651105651106,122,3,75,0.2,0.5,0.5,inheritance,inheritance,inheritance
2945,1045,1635,0.2,0.5,0.5,22.03565365025467,6.94066985645933,21.05504587155963,123,3,75,0.2,0.5,0.5,inheritance,inheritance,inheritance
2920,1081,1624,0.2,0.5,0.5,22.09349315068493,7.13413506012951,20.665024630541872,124,3,75,0.2,0.5,0.5,inheritance,inheritance,inheritance
2847,1146,1632,0.19999999999999996,0.5,0.5,22.323849666315418,7.151832460732984,20.185661764705884,125,3,75,0.2,0.5,0.5,inheritance,inheritance,inheritance
2786,1180,1659,0.19999999999999998,0.5,0.5,22.440416367552046,7.185593220338983,19.65581675708258,126,3,75,0.2,0.5,0.5,inheritance,inheritance,inheritance
2721,1219,1685,0.19999999999999993,0.5,0.5,22.611907386990076,7.280557834290402,19.125222551928783,127,3,75,0.2,0.5,0.5,inheritance,inheritance,inheritance
2663,1263,1699,0.19999999999999996,0.5,0.5,22.803604956815622,7.378463974663499,18.747498528546203,128,3,75,0.2,0.5,0.5,inheritance,inheritance,inheritance
2583,1305,1737,0.19999999999999996,0.5,0.5,22.910569105691057,7.439080459770115,18.388025331030512,129,3,75,0.2,0.5,0.5,inheritance,inheritance,inheritance
2491,1345,1789,0.19999999999999998,0.5,0.5,22.93295865114412,7.361338289962825,17.86193404136389,130,3,75,0.2,0.5,0.5,inheritance,inheritance,inheritance
2393,1398,1834,0.19999999999999998,0.5,0.5,22.75219389887171,7.258226037195994,17.442202835332605,131,3,75,0.2,0.5,0.5,inheritance,inheritance,inheritance
2308,1414,1903,0.19999999999999998,0.5,0.5,22.64471403812825,7.173267326732673,16.86495007882291,132,3,75,0.2,0.5,0.5,inheritance,inheritance,inheritance
2228,1431,1966,0.19999999999999996,0.5,0.5,22.485637342908436,7.19916142557652,16.643438453713124,133,3,75,0.2,0.5,0.5,inheritance,inheritance,inheritance
2148,1471,2006,0.19999999999999998,0.5,0.5,22.1536312849162,7.269204622705643,16.407278165503488,134,3,75,0.2,0.5,0.5,inheritance,inheritance,inheritance
2059,1518,2048,0.20000000000000004,0.5,0.5,21.646915978630403,7.211462450592886,16.0615234375,135,3,75,0.2,0.5,0.5,inheritance,inheritance,inheritance
1987,1518,2120,0.20000000000000004,0.5,0.5,21.262204328132864,7.187088274044796,15.656603773584905,136,3,75,0.2,0.5,0.5,inheritance,inheritance,inheritance
1904,1513,2208,0.20000000000000004,0.5,0.5,20.79936974789916,7.13417052214144,15.096014492753623,137,3,75,0.2,0.5,0.5,inheritance,inheritance,inheritance
1829,1524,2272,0.20000000000000004,0.5,0.5,20.346637506834337,7.213910761154856,14.889524647887324,138,3,75,0.2,0.5,0.5,inheritance,inheritance,inheritance
1783,1512,2330,0.2,0.5,0.5,19.713965227145263,7.384920634920635,14.792274678111587,139,3,75,0.2,0.5,0.5,inheritance,inheritance,inheritance
1722,1481,2422,0.2,0.5,0.5,19.567363530778167,7.492234976367319,14.578860445912468,140,3,75,0.2,0.5,0.5,inheritance,inheritance,inheritance
1684,1447,2494,0.2,0.5,0.5,19.208432304038006,7.73876986869385,14.51242983159583,141,3,75,0.2,0.5,0.5,inheritance,inheritance,inheritance
1629,1436,2560,0.19999999999999998,0.5,0.5,18.920810313075506,7.882311977715878,14.48359375,142,3,75,0.2,0.5,0.5,inheritance,inheritance,inheritance
1612,1384,2629,0.19999999999999998,0.5,0.5,18.46153846153846,8.19291907514451,14.340433624952453,143,3,75,0.2,0.5,0.5,inheritance,inheritance,inheritance
1590,1319,2716,0.2,0.5,0.5,18.064779874213837,8.2592873388931,14.31737849779087,144,3,75,0.2,0.5,0.5,inheritance,inheritance,inheritance
1587,1237,2801,0.19999999999999998,0.5,0.5,17.80907372400756,8.496362166531933,14.290967511602998,145,3,75,0.2,0.5,0.5,inheritance,inheritance,inheritance
1598,1183,2844,0.2,0.5,0.5,17.565081351689614,8.711749788672865,14.386779184247539,146,3,75,0.2,0.5,0.5,inheritance,inheritance,inheritance
1597,1127,2901,0.19999999999999998,0.5,0.5,17.061365059486537,8.735581188997338,14.495346432264736,147,3,75,0.2,0.5,0.5,inheritance,inheritance,inheritance
1594,1080,2951,0.2,0.5,0.5,16.98996235884567,8.837962962962964,14.746187732971874,148,3,75,0.2,0.5,0.5,inheritance,inheritance,inheritance
1585,1038,3002,0.2,0.5,0.5,16.51608832807571,8.64932562620424,14.84477015323118,149,3,75,0.2,0.5,0.5,inheritance,inheritance,inheritance
1579,989,3057,0.2,0.5,0.5,16.454718176060798,8.684529828109202,15.117108276087668,150,3,75,0.2,0.5,0.5,inheritance,inheritance,inheritance
1617,933,3075,0.19999999999999998,0.5,0.5,15.923314780457638,8.84994640943194,15.353170731707317,151,3,75,0.2,0.5,0.5,inheritance,inheritance,inheritance
1634,902,3089,0.19999999999999998,0.5,0.5,15.749082007343942,8.837028824833704,15.637099384914212,152,3,75,0.2,0.5,0.5,inheritance,inheritance,inheritance
1662,847,3116,0.2,0.5,0.5,15.671480144404333,8.964580873671784,15.887997432605905,153,3,75,0.2,0.5,0.5,inheritance,inheritance,inheritance
1673,813,3139,0.2,0.5,0.5,15.560669456066945,9.13530135301353,16.30997132844855,154,3,75,0.2,0.5,0.5,inheritance,inheritance,inheritance
1701,793,3131,0.20000000000000004,0.5,0.5,15.582010582010582,9.058007566204287,16.655381667198977,155,3,75,0.2,0.5,0.5,inheritance,inheritance,inheritance
1725,749,3151,0.2,0.5,0.5,15.615072463768115,8.975967957276369,16.866708981275785,156,3,75,0.2,0.5,0.5,inheritance,inheritance,inheritance
1746,715,3164,0.20000000000000004,0.5,0.5,15.84077892325315,9.006993006993007,17.325537294563844,157,3,75,0.2,0.5,0.5,inheritance,inheritance,inheritance
1767,693,3165,0.19999999999999998,0.5,0.5,15.644029428409734,8.767676767676768,17.688467614533966,158,3,75,0.2,0.5,0.5,inheritance,inheritance,inheritance
1806,659,3160,0.20000000000000004,0.5,0.5,15.589147286821705,8.959028831562975,18.025,159,3,75,0.2,0.5,0.5,inheritance,inheritance,inheritance
1888,634,3103,0.2,0.5,0.5,15.24364406779661,8.954258675078865,18.34450531743474,160,3,75,0.2,0.5,0.5,inheritance,inheritance,inheritance
1935,603,3087,0.2,0.5,0.5,15.199483204134367,8.573797678275291,18.620019436345967,161,3,75,0.2,0.5,0.5,inheritance,inheritance,inheritance
2007,569,3049,0.20000000000000004,0.5,0.5,15.084703537618337,8.499121265377855,18.8573302722204,162,3,75,0.2,0.5,0.5,inheritance,inheritance,inheritance
2059,562,3004,0.20000000000000004,0.5,0.5,15.141330743079164,8.47508896797153,19.248002663115845,163,3,75,0.2,0.5,0.5,inheritance,inheritance,inheritance
2126,527,2972,0.19999999999999996,0.5,0.5,15.230950141110066,8.658444022770398,19.521870794078062,164,3,75,0.2,0.5,0.5,inheritance,inheritance,inheritance
2172,516,2937,0.19999999999999998,0.5,0.5,15.303867403314918,8.170542635658915,19.846782431052095,165,3,75,0.2,0.5,0.5,inheritance,inheritance,inheritance
2247,497,2881,0.19999999999999998,0.5,0.5,15.251001335113484,7.893360160965795,20.07080874696286,166,3,75,0.2,0.5,0.5,inheritance,inheritance,inheritance
2280,503,2842,0.2,0.5,0.5,15.519736842105264,7.667992047713717,20.435960591133004,167,3,75,0.2,0.5,0.5,inheritance,inheritance,inheritance
2318,514,2793,0.19999999999999998,0.5,0.5,15.625107851596203,7.375486381322958,20.839240959541712,168,3,75,0.2,0.5,0.5,inheritance,inheritance,inheritance
2354,515,2756,0.19999999999999998,0.5,0.5,15.858538657604079,7.231067961165048,21.15529753265602,169,3,75,0.2,0.5,0.5,inheritance,inheritance,inheritance
2397,501,2727,0.19999999999999998,0.5,0.5,15.926992073425115,6.918163672654691,21.373303997066373,170,3,75,0.2,0.5,0.5,inheritance,inheritance,inheritance
2446,505,2674,0.19999999999999998,0.5,0.5,16.057645134914146,6.681188118811881,21.641735228122663,171,3,75,0.2,0.5,0.5,inheritance,inheritance,inheritance
2509,516,2600,0.19999999999999998,0.5,0.5,16.070944599442008,6.707364341085271,22.01153846153846,172,3,75,0.2,0.5,0.5,inheritance,inheritance,inheritance
2534,552,2539,0.19999999999999996,0.5,0.5,16.166929755327544,6.391304347826087,22.259157148483656,173,3,75,0.2,0.5,0.5,inheritance,inheritance,inheritance
2584,561,2480,0.19999999999999998,0.5,0.5,16.224458204334365,6.196078431372549,22.604032258064517,174,3,75,0.2,0.5,0.5,inheritance,inheritance,inheritance
2575,611,2439,0.19999999999999996,0.5,0.5,16.246990291262136,5.751227495908347,22.776137761377615,175,3,75,0.2,0.5,0.5,inheritance,inheritance,inheritance
2597,632,2396,0.19999999999999998,0.5,0.5,16.423565652676164,5.791139240506329,22.891485809682806,176,3,75,0.2,0.5,0.5,inheritance,inheritance,inheritance
2604,684,2337,0.19999999999999998,0.5,0.5,16.454301075268816,5.703216374269005,23.139067180145485,177,3,75,0.2,0.5,0.5,inheritance,inheritance,inheritance
2606,721,2298,0.2,0.5,0.5,16.537221795855718,5.6352288488210815,23.3437771975631,178,3,75,0.2,0.5,0.5,inheritance,inheritance,inheritance
2607,761,2257,0.19999999999999996,0.5,0.5,16.63482930571538,5.759526938239159,23.43021710234825,179,3,75,0.2,0.5,0.5,inheritance,inheritance,inheritance
2598,789,2238,0.19999999999999996,0.5,0.5,16.74364896073903,5.847908745247148,23.42314566577301,180,3,75,0.2,0.5,0.5,inheritance,inheritance,inheritance
2593,816,2216,0.19999999999999996,0.5,0.5,16.872348630929427,5.904411764705882,23.39801444043321,181,3,75,0.2,0.5,0.5,inheritance,inheritance,inheritance
2619,804,2202,0.19999999999999998,0.5,0.5,16.904161893852617,6.013681592039801,23.12851952770209,182,3,75,0.2,0.5,0.5,inheritance,inheritance,inheritance
2646,806,2173,0.19999999999999998,0.5,0.5,17.008314436885865,6.186104218362283,22.937413713759778,183,3,75,0.2,0.5,0.5,inheritance,inheritance,inheritance
2685,809,2131,0.19999999999999996,0.5,0.5,16.9340782122905,6.380716934487021,22.840919755983105,184,3,75,0.2,0.5,0.5,inheritance,inheritance,inheritance
2717,821,2087,0.19999999999999996,0.5,0.5,17.044166359955835,6.629719853836784,22.750359367513177,185,3,75,0.2,0.5,0.5,inheritance,inheritance,inheritance
2726,820,2079,0.19999999999999993,0.5,0.5,17.04622157006603,6.70609756097561,22.17075517075517,186,3,75,0.2,0.5,0.5,inheritance,inheritance,inheritance
2720,842,2063,0.19999999999999996,0.5,0.5,17.25955882352941,6.728028503562945,22.06640814348037,187,3,75,0.2,0.5,0.5,inheritance,inheritance,inheritance
2720,882,2023,0.19999999999999996,0.5,0.5,17.44044117647059,6.7063492063492065,22.11220958971824,188,3,75,0.2,0.5,0.5,inheritance,inheritance,inheritance
2718,899,2008,0.19999999999999996,0.5,0.5,17.53532008830022,6.726362625139044,21.84312749003984,189,3,75,0.2,0.5,0.5,inheritance,inheritance,inheritance
2720,935,1970,0.19999999999999996,0.5,0.5,17.58419117647059,6.814973262032086,21.713705583756344,190,3,75,0.2,0.5,0.5,inheritance,inheritance,inheritance
2731,949,1945,0.19999999999999993,0.5,0.5,17.740021969974368,6.959957850368809,21.47146529562982,191,3,75,0.2,0.5,0.5,inheritance,inheritance,inheritance
2710,980,1935,0.2,0.5,0.5,17.856457564575646,6.929591836734694,21.07545219638243,192,3,75,0.2,0.5,0.5,inheritance,inheritance,inheritance
2685,1011,1929,0.19999999999999996,0.5,0.5,18.057728119180634,6.874381800197824,20.54639709694142,193,3,75,0.2,0.5,0.5,inheritance,inheritance,inheritance
2636,1054,1935,0.19999999999999998,0.5,0.5,18.18361153262519,6.801707779886148,20.34935400516796,194,3,75,0.2,0.5,0.5,inheritance,inheritance,inheritance
2607,1071,1947,0.19999999999999996,0.5,0.5,18.38741848868431,6.980392156862745,20.005649717514125,195,3,75,0.2,0.5,0.5,inheritance,inheritance,inheritance
2607,1076,1942,0.19999999999999996,0.5,0.5,18.442270809359417,7.120817843866171,19.63903192584964,196,3,75,0.2,0.5,0.5,inheritance,inheritance,inheritance
2609,1081,1935,0.19999999999999998,0.5,0.5,18.47106170946723,7.216466234967623,19.080103359173126,197,3,75,0.2,0.5,0.5,inheritance,inheritance,inheritance
2602,1099,1924,0.19999999999999996,0.5,0.5,18.565718677940048,7.326660600545951,18.60810810810811,198,3,75,0.2,0.5,0.5,inheritance,inheritance,inheritance
2561,1114,1950,0.19999999999999998,0.5,0.5,18.6372510737993,7.333034111310592,18.09076923076923,199,3,75,0.2,0.5,0.5,inheritance,inheritance,inheritance
2532,1116,1977,0.19999999999999996,0.5,0.5,18.73578199052133,7.318996415770609,17.45776428932726,200,3,75,0.2,0.5,0.5,inheritance,inheritance,inheritance
2511,1118,1996,0.19999999999999998,0.5,0.5,18.929908403026683,7.387298747763864,17.21993987975952,201,3,75,0.2,0.5,0.5,inheritance,inheritance,inheritance
2499,1111,2015,0.19999999999999998,0.5,0.5,18.899959983993597,7.527452745274528,16.65359801488834,202,3,75,0.2,0.5,0.5,inheritance,inheritance,inheritance
2462,1089,2074,0.19999999999999998,0.5,0.5,19.0357432981316,7.433425160697888,16.143201542912248,203,3,75,0.2,0.5,0.5,inheritance,inheritance,inheritance
2399,1113,2113,0.19999999999999998,0.5,0.5,19.09003751563151,7.404312668463612,15.87221959299574,204,3,75,0.2,0.5,0.5,inheritance,inheritance,inheritance
2344,1151,2130,0.19999999999999998,0.5,0.5,19.13566552901024,7.265855777584709,15.8037558685446,205,3,75,0.2,0.5,0.5,inheritance,inheritance,inheritance
2315,1176,2134,0.19999999999999998,0.5,0.5,19.13304535637149,7.379251700680272,15.716026241799439,206,3,75,0.2,0.5,0.5,inheritance,inheritance,inheritance
2273,1154,2198,0.19999999999999998,0.5,0.5,19.19885613726353,7.4350086655112655,15.535486806187443,207,3,75,0.2,0.5,0.5,inheritance,inheritance,inheritance
2222,1125,2278,0.19999999999999996,0.5,0.5,19.20747074707471,7.314666666666667,15.43678665496049,208,3,75,0.2,0.5,0.5,inheritance,inheritance,inheritance
2174,1124,2327,0.19999999999999998,0.5,0.5,19.192272309107636,7.129893238434164,15.339063171465407,209,3,75,0.2,0.5,0.5,inheritance,inheritance,inheritance
2134,1137,2354,0.19999999999999998,0.5,0.5,19.169165885660732,7.1539138082673706,15.280373831775702,210,3,75,0.2,0.5,0.5,inheritance,inheritance,inheritance
2086,1158,2381,0.2,0.5,0.5,19.122243528283796,7.196027633851468,15.290214195716086,211,3,75,0.2,0.5,0.5,inheritance,inheritance,inheritance
2063,1142,2420,0.2,0.5,0.5,19.121667474551625,7.295971978984238,15.314876033057852,212,3,75,0.2,0.5,0.5,inheritance,inheritance,inheritance
2052,1123,2450,0.20000000000000004,0.5,0.5,18.939571150097464,7.388245770258237,15.338367346938776,213,3,75,0.2,0.5,0.5,inheritance,inheritance,inheritance
2054,1104,2467,0.20000000000000004,0.5,0.5,18.83203505355404,7.4981884057971016,15.490879610863397,214,3,75,0.2,0.5,0.5,inheritance,inheritance,inheritance
2003,1122,2500,0.2,0.5,0.5,18.96704942586121,7.518716577540107,15.7056,215,3,75,0.2,0.5,0.5,inheritance,inheritance,inheritance
1978,1095,2552,0.2,0.5,0.5,19.00859453993933,7.615525114155251,15.704153605015675,216,3,75,0.2,0.5,0.5,inheritance,inheritance,inheritance
1955,1073,2597,0.20000000000000007,0.5,0.5,18.85780051150895,7.736253494874185,15.815171351559492,217,3,75,0.2,0.5,0.5,inheritance,inheritance,inheritance
1949,1054,2622,0.20000000000000004,0.5,0.5,18.74345818368394,7.887096774193548,15.979405034324943,218,3,75,0.2,0.5,0.5,inheritance,inheritance,inheritance
1929,1036,2660,0.20000000000000004,0.5,0.5,18.572835666148265,7.833976833976834,16.098496240601502,219,3,75,0.2,0.5,0.5,inheritance,inheritance,inheritance
1947,991,2687,0.20000000000000004,0.5,0.5,18.335901386748844,8.026236125126136,16.09713435057685,220,3,75,0.2,0.5,0.5,inheritance,inheritance,inheritance
1958,961,2706,0.20000000000000004,0.5,0.5,18.000510725229827,7.983350676378772,16.10458240946046,221,3,75,0.2,0.5,0.5,inheritance,inheritance,inheritance
1985,919,2721,0.20000000000000004,0.5,0.5,17.804534005037784,7.980413492927094,16.09298052186696,222,3,75,0.2,0.5,0.5,inheritance,inheritance,inheritance
1995,882,2748,0.20000000000000004,0.5,0.5,17.500751879699248,7.908163265306122,16.16484716157205,223,3,75,0.2,0.5,0.5,inheritance,inheritance,inheritance
1976,880,2769,0.2,0.5,0.5,17.252024291497975,7.614772727272728,16.422535211267604,224,3,75,0.2,0.5,0.5,inheritance,inheritance,inheritance
1972,872,2781,0.20000000000000004,0.5,0.5,17.06947261663286,7.450688073394495,16.58504135203164,225,3,75,0.2,0.5,0.5,inheritance,inheritance,inheritance
1958,879,2788,0.20000000000000004,0.5,0.5,16.440245148110318,7.246871444823663,16.78048780487805,226,3,75,0.2,0.5,0.5,inheritance,inheritance,inheritance
1977,845,2803,0.20000000000000004,0.5,0.5,16.248356095093577,7.302958579881657,16.84017124509454,227,3,75,0.2,0.5,0.5,inheritance,inheritance,inheritance
1957,866,2802,0.20000000000000004,0.5,0.5,16.233520694941237,7.189376443418014,17.187723054960742,228,3,75,0.2,0.5,0.5,inheritance,inheritance,inheritance
1954,880,2791,0.20000000000000004,0.5,0.5,15.970829068577277,7.043181818181818,17.48656395557148,229,3,75,0.2,0.5,0.5,inheritance,inheritance,inheritance
1921,891,2813,0.2,0.5,0.5,15.868818323789693,7.006734006734007,17.670103092783506,230,3,75,0.2,0.5,0.5,inheritance,inheritance,inheritance
1943,884,2798,0.2,0.5,0.5,15.670097786927432,7.133484162895928,17.962830593280916,231,3,75,0.2,0.5,0.5,inheritance,inheritance,inheritance
1935,893,2797,0.2,0.5,0.5,15.52454780361757,7.0996640537513995,18.219878441186985,232,3,75,0.2,0.5,0.5,inheritance,inheritance,inheritance
1934,904,2787,0.20000000000000004,0.5,0.5,15.613753877973112,7.232300884955753,18.53928955866523,233,3,75,0.2,0.5,0.5,inheritance,inheritance,inheritance
1981,899,2745,0.2,0.5,0.5,15.357395254921757,7.474972191323693,18.664116575591986,234,3,75,0.2,0.5,0.5,inheritance,inheritance,inheritance
2005,894,2726,0.20000000000000004,0.5,0.5,15.378553615960099,7.568232662192393,18.71129860601614,235,3,75,0.2,0.5,0.5,inheritance,inheritance,inheritance
2026,880,2719,0.2,0.5,0.5,15.376604146100691,7.864772727272728,18.8344979771975,236,3,75,0.2,0.5,0.5,inheritance,inheritance,inheritance
2043,862,2720,0.20000000000000004,0.5,0.5,15.330885952031327,8.119489559164734,19.029411764705884,237,3,75,0.2,0.5,0.5,inheritance,inheritance,inheritance
2088,838,2699,0.2,0.5,0.5,15.323275862068966,8.1909307875895,19.072248981104114,238,3,75,0.2,0.5,0.5,inheritance,inheritance,inheritance
2135,824,2666,0.2,0.5,0.5,15.374707259953162,8.389563106796116,19.253938484621155,239,3,75,0.2,0.5,0.5,inheritance,inheritance,inheritance
2177,795,2653,0.19999999999999996,0.5,0.5,15.293982544786404,8.428930817610063,19.277044854881268,240,3,75,0.2,0.5,0.5,inheritance,inheritance,inheritance
2237,776,2612,0.19999999999999996,0.5,0.5,15.332141260616897,8.50257731958763,19.395482388973967,241,3,75,0.2,0.5,0.5,inheritance,inheritance,inheritance
2245,766,2614,0.19999999999999996,0.5,0.5,15.565256124721603,8.411227154046998,19.55241009946442,242,3,75,0.2,0.5,0.5,inheritance,inheritance,inheritance
2268,753,2604,0.19999999999999996,0.5,0.5,15.790123456790123,8.272244355909695,19.680491551459294,243,3,75,0.2,0.5,0.5,inheritance,inheritance,inheritance
2293,718,2614,0.19999999999999998,0.5,0.5,15.870475359790667,8.004178272980502,19.61247130833971,244,3,75,0.2,0.5,0.5,inheritance,inheritance,inheritance
2316,678,2631,0.19999999999999998,0.5,0.5,16.110535405872195,7.685840707964601,19.675408589889777,245,3,75,0.2,0.5,0.5,inheritance,inheritance,inheritance
2329,684,2612,0.19999999999999998,0.5,0.5,16.360240446543582,7.423976608187134,19.86523736600306,246,3,75,0.2,0.5,0.5,inheritance,inheritance,inheritance
2378,662,2585,0.19999999999999998,0.5,0.5,16.509671993271656,7.466767371601208,20.022050290135397,247,3,75,0.2,0.5,0.5,inheritance,inheritance,inheritance
2414,653,2558,0.19999999999999998,0.5,0.5,16.68102734051367,7.370597243491577,20.242376856919467,248,3,75,0.2,0.5,0.5,inheritance,inheritance,inheritance
2449,650,2526,0.19999999999999998,0.5,0.5,16.75255206206615,7.309230769230769,20.35748218527316,249,3,75,0.2,0.5,0.5,inheritance,inheritance,inheritance
2494,635,2496,0.19999999999999998,0.5,0.5,16.991178829190055,7.2551181102362206,20.477964743589745,250,3,75,0.2,0.5,0.5,inheritance,inheritance,inheritance
2535,637,2453,0.19999999999999996,0.5,0.5,17.216173570019723,7.381475667189953,20.686506318793313,251,3,75,0.2,0.5,0.5,inheritance,inheritance,inheritance
2541,651,2433,0.19999999999999998,0.5,0.5,17.571428571428573,7.293394777265745,20.945334977394165,252,3,75,0.2,0.5,0.5,inheritance,inheritance,inheritance
2563,645,2417,0.19999999999999996,0.5,0.5,17.82871634802965,7.2775193798449616,20.917666528754655,253,3,75,0.2,0.5,0.5,inheritance,inheritance,inheritance
2584,659,2382,0.19999999999999998,0.5,0.5,17.984907120743035,6.990895295902883,21.07262804366079,254,3,75,0.2,0.5,0.5,inheritance,inheritance,inheritance
2608,684,2333,0.19999999999999996,0.5,0.5,18.07745398773006,6.953216374269005,21.228461208744108,255,3,75,0.2,0.5,0.5,inheritance,inheritance,inheritance
2631,677,2317,0.19999999999999998,0.5,0.5,18.3846446218168,6.929098966026588,21.2641346568839,256,3,75,0.2,0.5,0.5,inheritance,inheritance,inheritance
2662,676,2287,0.19999999999999996,0.5,0.5,18.593914350112698,7.031065088757397,21.40139921294272,257,3,75,0.2,0.5,0.5,inheritance,inheritance,inheritance
2679,681,2265,0.19999999999999998,0.5,0.5,18.80776409107876,6.95007342143906,21.43487858719647,258,3,75,0.2,0.5,0.5,inheritance,inheritance,inheritance
2695,697,2233,0.19999999999999996,0.5,0.5,19.0,6.882352941176471,21.588893864755935,259,3,75,0.2,0.5,0.5,inheritance,inheritance,inheritance
2697,708,2220,0.19999999999999996,0.5,0.5,19.25287356321839,6.762711864406779,21.607657657657658,260,3,75,0.2,0.5,0.5,inheritance,inheritance,inheritance
2696,734,2195,0.19999999999999998,0.5,0.5,19.352002967359052,6.602179836512262,21.53485193621868,261,3,75,0.2,0.5,0.5,inheritance,inheritance,inheritance
2695,731,2199,0.19999999999999996,0.5,0.5,19.608534322820038,6.614227086183311,21.315597999090496,262,3,75,0.2,0.5,0.5,inheritance,inheritance,inheritance
2681,745,2199,0.19999999999999993,0.5,0.5,19.751212234240956,6.594630872483221,21.21236925875398,263,3,75,0.2,0.5,0.5,inheritance,inheritance,inheritance
2679,774,2172,0.19999999999999998,0.5,0.5,19.806644270250093,6.569767441860465,21.201657458563535,264,3,75,0.2,0.5,0.5,inheritance,inheritance,inheritance
2684,790,2151,0.19999999999999998,0.5,0.5,19.868852459016395,6.563291139240507,21.09205020920502,265,3,75,0.2,0.5,0.5,inheritance,inheritance,inheritance
2724,770,2131,0.19999999999999998,0.5,0.5,19.96035242290749,6.796103896103896,20.806663538244955,266,3,75,0.2,0.5,0.5,inheritance,inheritance,inheritance
2741,782,2102,0.19999999999999993,0.5,0.5,20.08573513316308,6.881074168797954,20.75023786869648,267,3,75,0.2,0.5,0.5,inheritance,inheritance,inheritance
2741,786,2098,0.19999999999999993,0.5,0.5,20.388909157241883,6.853689567430026,20.72926596758818,268,3,75,0.2,0.5,0.5,inheritance,inheritance,inheritance
2754,784,2087,0.19999999999999996,0.5,0.5,20.642338416848222,7.014030612244898,20.62721609966459,269,3,75,0.2,0.5,0.5,inheritance,inheritance,inheritance
2761,808,2056,0.19999999999999993,0.5,0.5,20.7345164795364,7.02970297029703,20.75,270,3,75,0.2,0.5,0.5,inheritance,inheritance,inheritance
2761,823,2041,0.19999999999999993,0.5,0.5,20.947482796088373,7.023086269744836,20.67123958843704,271,3,75,0.2,0.5,0.5,inheritance,inheritance,inheritance
2734,870,2021,0.19999999999999998,0.5,0.5,21.119239209948795,6.950574712643678,20.614547253834736,272,3,75,0.2,0.5,0.5,inheritance,inheritance,inheritance
2716,916,1993,0.19999999999999998,0.5,0.5,21.05338733431517,6.9465065502183405,20.56547917711992,273,3,75,0.2,0.5,0.5,inheritance,inheritance,inheritance
2722,941,1962,0.19999999999999996,0.5,0.5,21.103232916972814,6.994686503719447,20.49184505606524,274,3,75,0.2,0.5,0.5,inheritance,inheritance,inheritance
2690,975,1960,0.19999999999999996,0.5,0.5,21.0546468401487,6.81025641025641,20.196938775510205,275,3,75,0.2,0.5,0.5,inheritance,inheritance,inheritance
2661,1012,1952,0.19999999999999998,0.5,0.5,21.043592634347988,6.735177865612648,20.06967213114754,276,3,75,0.2,0.5,0.5,inheritance,inheritance,inheritance
2615,1047,1963,0.19999999999999996,0.5,0.5,21.274187380497132,6.737344794651385,19.826795720835456,277,3,75,0.2,0.5,0.5,inheritance,inheritance,inheritance
2577,1080,1968,0.19999999999999996,0.5,0.5,21.185875048506016,6.812037037037037,19.473069105691057,278,3,75,0.2,0.5,0.5,inheritance,inheritance,inheritance
2552,1086,1987,0.19999999999999998,0.5,0.5,21.07758620689655,6.816758747697974,19.14846502264721,279,3,75,0.2,0.5,0.5,inheritance,inheritance,inheritance
2517,1107,2001,0.19999999999999996,0.5,0.5,21.065156932856574,6.889792231255646,18.869065467266367,280,3,75,0.2,0.5,0.5,inheritance,inheritance,inheritance
2501,1114,2010,0.19999999999999998,0.5,0.5,21.066373450619754,7.023339317773788,18.78407960199005,281,3,75,0.2,0.5,0.5,inheritance,inheritance,inheritance
2474,1130,2021,0.19999999999999998,0.5,0.5,20.888035569927244,7.146017699115045,18.616526472043542,282,3,75,0.2,0.5,0.5,inheritance,inheritance,inheritance
2440,1130,2055,0.2,0.5,0.5,21.07295081967213,7.292035398230088,18.460340632603405,283,3,75,0.2,0.5,0.5,inheritance,inheritance,inheritance
2407,1140,2078,0.19999999999999998,0.5,0.5,21.13751557955962,7.343859649122807,18.14148219441771,284,3,75,0.2,0.5,0.5,inheritance,inheritance,inheritance
2395,1144,2086,0.2,0.5,0.5,21.072651356993738,7.4624125874125875,17.958772770853308,285,3,75,0.2,0.5,0.5,inheritance,inheritance,inheritance
2369,1145,2111,0.19999999999999998,0.5,0.5,21.028704094554666,7.590393013100437,17.693510184746565,286,3,75,0.2,0.5,0.5,inheritance,inheritance,inheritance
2324,1143,2158,0.19999999999999998,0.5,0.5,21.012048192771083,7.452318460192476,17.252085264133456,287,3,75,0.2,0.5,0.5,inheritance,inheritance,inheritance
2313,1131,2181,0.19999999999999998,0.5,0.5,20.939040207522698,7.575596816976128,17.15680880330124,288,3,75,0.2,0.5,0.5,inheritance,inheritance,inheritance
2290,1107,2228,0.2,0.5,0.5,20.709606986899562,7.59349593495935,16.841113105924595,289,3,75,0.2,0.5,0.5,inheritance,inheritance,inheritance
2271,1084,2270,0.19999999999999998,0.5,0.5,20.4922941435491,7.64760147601476,16.63964757709251,290,3,75,0.2,0.5,0.5,inheritance,inheritance,inheritance
2271,1063,2291,0.19999999999999998,0.5,0.5,20.35006605019815,7.81749764816557,16.380619816673942,291,3,75,0.2,0.5,0.5,inheritance,inheritance,inheritance
2257,1058,2310,0.19999999999999996,0.5,0.5,20.047408063801505,7.822306238185255,16.31774891774892,292,3,75,0.2,0.5,0.5,inheritance,inheritance,inheritance
2234,1047,2344,0.19999999999999998,0.5,0.5,19.843777976723366,7.681948424068768,16.041808873720136,293,3,75,0.2,0.5,0.5,inheritance,inheritance,inheritance
2229,1018,2378,0.19999999999999998,0.5,0.5,19.88604755495738,7.540275049115913,15.898233809924307,294,3,75,0.2,0.5,0.5,inheritance,inheritance,inheritance
2236,966,2423,0.19999999999999998,0.5,0.5,19.6587656529517,7.625258799171843,15.728848534874123,295,3,75,0.2,0.5,0.5,inheritance,inheritance,inheritance
2232,951,2442,0.19999999999999998,0.5,0.5,19.458333333333332,7.628811777076761,15.812448812448812,296,3,75,0.2,0.5,0.5,inheritance,inheritance,inheritance
2212,937,2476,0.19999999999999996,0.5,0.5,19.474231464737795,7.535752401280683,15.909935379644589,297,3,75,0.2,0.5,0.5,inheritance,inheritance,inheritance
2208,942,2475,0.19999999999999996,0.5,0.5,19.436141304347824,7.579617834394904,15.916767676767677,298,3,75,0.2,0.5,0.5,inheritance,inheritance,inheritance
2238,913,2474,0.19999999999999998,0.5,0.5,19.298033958891867,7.805038335158817,16.020614389652383,299,3,75,0.2,0.5,0.5,inheritance,inheritance,inheritance
2241,884,2500,0.19999999999999998,0.5,0.5,19.38331102186524,7.701357466063349,16.0472,300,3,75,0.2,0.5,0.5,inheritance,inheritance,inheritance
2239,881,2505,0.19999999999999998,0.5,0.5,19.322912014292093,7.6538024971623155,16.24870259481038,301,3,75,0.2,0.5,0.5,inheritance,inheritance,inheritance
2258,854,2513,0.19999999999999996,0.5,0.5,19.426040744021257,7.775175644028103,16.36092319936331,302,3,75,0.2,0.5,0.5,inheritance,inheritance,inheritance
2266,825,2534,0.19999999999999998,0.5,0.5,19.515004413062666,7.667878787878788,16.4017363851618,303,3,75,0.2,0.5,0.5,inheritance,inheritance,inheritance
2263,841,2521,0.19999999999999996,0.5,0.5,19.337604949182502,7.33769322235434,16.399047996826656,304,3,75,0.2,0.5,0.5,inheritance,inheritance,inheritance
2261,838,2526,0.19999999999999998,0.5,0.5,19.402919062361786,7.249403341288783,16.591053048297702,305,3,75,0.2,0.5,0.5,inheritance,inheritance,inheritance
2260,840,2525,0.19999999999999998,0.5,0.5,19.21150442477876,7.16547619047619,16.70257425742574,306,3,75,0.2,0.5,0.5,inheritance,inheritance,inheritance
2259,835,2531,0.19999999999999998,0.5,0.5,19.326250553342188,7.186826347305389,16.863295140260767,307,3,75,0.2,0.5,0.5,inheritance,inheritance,inheritance
2242,828,2555,0.19999999999999998,0.5,0.5,19.238626226583406,7.107487922705314,16.89471624266145,308,3,75,0.2,0.5,0.5,inheritance,inheritance,inheritance
2227,843,2555,0.19999999999999998,0.5,0.5,19.201616524472385,7.048635824436536,17.149510763209392,309,3,75,0.2,0.5,0.5,inheritance,inheritance,inheritance
2227,834,2564,0.19999999999999998,0.5,0.5,19.172878311629997,7.0359712230215825,17.421216848673946,310,3,75,0.2,0.5,0.5,inheritance,inheritance,inheritance
2236,848,2541,0.19999999999999998,0.5,0.5,18.905187835420392,7.117924528301887,17.70956316410862,311,3,75,0.2,0.5,0.5,inheritance,inheritance,inheritance
2249,859,2517,0.19999999999999998,0.5,0.5,18.841262783459314,7.142025611175786,17.994437822804926,312,3,75,0.2,0.5,0.5,inheritance,inheritance,inheritance
2250,863,2512,0.19999999999999998,0.5,0.5,18.628888888888888,7.246813441483198,18.2078025477707,313,3,75,0.2,0.5,0.5,inheritance,inheritance,inheritance
2248,868,2509,0.19999999999999996,0.5,0.5,18.572064056939503,7.277649769585254,18.43403746512555,314,3,75,0.2,0.5,0.5,inheritance,inheritance,inheritance
2270,898,2457,0.19999999999999998,0.5,0.5,18.265638766519825,7.3919821826280625,18.516483516483518,315,3,75,0.2,0.5,0.5,inheritance,inheritance,inheritance
2271,911,2443,0.19999999999999998,0.5,0.5,18.178775869660942,7.434687156970362,18.881702824396235,316,3,75,0.2,0.5,0.5,inheritance,inheritance,inheritance
2301,915,2409,0.19999999999999998,0.5,0.5,17.930030421555845,7.6524590163934425,19.022831050228312,317,3,75,0.2,0.5,0.5,inheritance,inheritance,inheritance
2320,916,2389,0.19999999999999998,0.5,0.5,17.77456896551724,7.658296943231441,19.18836333193805,318,3,75,0.2,0.5,0.5,inheritance,inheritance,inheritance
2313,918,2394,0.19999999999999998,0.5,0.5,17.779074794638998,7.685185185185185,19.261487050960735,319,3,75,0.2,0.5,0.5,inheritance,inheritance,inheritance
2330,903,2392,0.19999999999999998,0.5,0.5,17.615021459227467,7.675526024363234,19.145903010033443,320,3,75,0.2,0.5,0.5,inheritance,inheritance,inheritance
2333,894,2398,0.19999999999999996,0.5,0.5,17.747106729532792,7.682326621923937,19.192243536280234,321,3,75,0.2,0.5,0.5,inheritance,inheritance,inheritance
2351,891,2383,0.19999999999999998,0.5,0.5,17.77498936622714,7.656565656565657,19.258078052874527,322,3,75,0.2,0.5,0.5,inheritance,inheritance,inheritance
2383,876,2366,0.19999999999999996,0.5,0.5,17.695761644985314,7.908675799086758,19.44632290786137,323,3,75,0.2,0.5,0.5,inheritance,inheritance,inheritance
2409,860,2356,0.2,0.5,0.5,17.637193856371937,7.961627906976744,19.314940577249576,324,3,75,0.2,0.5,0.5,inheritance,inheritance,inheritance
2439,836,2350,0.19999999999999998,0.5,0.5,17.78351783517835,8.14952153110048,19.324255319148936,325,3,75,0.2,0.5,0.5,inheritance,inheritance,inheritance
2468,826,2331,0.19999999999999998,0.5,0.5,17.81807131280389,8.106537530266344,19.434148434148433,326,3,75,0.2,0.5,0.5,inheritance,inheritance,inheritance
2512,807,2306,0.19999999999999996,0.5,0.5,17.78781847133758,8.162329615861214,19.383781439722462,327,3,75,0.2,0.5,0.5,inheritance,inheritance,inheritance
2550,781,2294,0.19999999999999998,0.5,0.5,17.87843137254902,8.134443021766966,19.26765475152572,328,3,75,0.2,0.5,0.5,inheritance,inheritance,inheritance
2589,756,2280,0.19999999999999998,0.5,0.5,17.957898802626495,8.08994708994709,19.003070175438598,329,3,75,0.2,0.5,0.5,inheritance,inheritance,inheritance
2617,747,2261,0.19999999999999996,0.5,0.5,18.091325945739396,7.967871485943775,18.992481203007518,330,3,75,0.2,0.5,0.5,inheritance,inheritance,inheritance
2631,742,2252,0.19999999999999998,0.5,0.5,18.318510072215886,7.784366576819407,19.02486678507993,331,3,75,0.2,0.5,0.5,inheritance,inheritance,inheritance
2660,743,2222,0.2,0.5,0.5,18.19812030075188,7.445491251682369,18.87938793879388,332,3,75,0.2,0.5,0.5,inheritance,inheritance,inheritance
2697,738,2190,0.19999999999999996,0.5,0.5,18.35854653318502,7.405149051490515,18.857990867579908,333,3,75,0.2,0.5,0.5,inheritance,inheritance,inheritance
2696,762,2167,0.19999999999999998,0.5,0.5,18.41765578635015,7.232283464566929,18.82464236271343,334,3,75,0.2,0.5,0.5,inheritance,inheritance,inheritance
2690,787,2148,0.19999999999999996,0.5,0.5,18.633828996282528,7.088945362134688,18.82169459962756,335,3,75,0.2,0.5,0.5,inheritance,inheritance,inheritance
2704,790,2131,0.19999999999999998,0.5,0.5,18.90051775147929,7.1367088607594935,18.859690286250586,336,3,75,0.2,0.5,0.5,inheritance,inheritance,inheritance
2707,814,2104,0.19999999999999996,0.5,0.5,19.046915404506834,7.018427518427519,18.70532319391635,337,3,75,0.2,0.5,0.5,inheritance,inheritance,inheritance
2719,828,2078,0.19999999999999998,0.5,0.5,19.127620448694373,6.894927536231884,18.331568816169394,338,3,75,0.2,0.5,0.5,inheritance,inheritance,inheritance
2716,848,2061,0.19999999999999998,0.5,0.5,19.44256259204713,6.9375,18.223677826297912,339,3,75,0.2,0.5,0.5,inheritance,inheritance,inheritance
2705,880,2040,0.2,0.5,0.5,19.57634011090573,6.869318181818182,18.24264705882353,340,3,75,0.2,0.5,0.5,inheritance,inheritance,inheritance
2691,905,2029,0.19999999999999998,0.5,0.5,19.66518023039762,6.969060773480663,18.406111384918677,341,3,75,0.2,0.5,0.5,inheritance,inheritance,inheritance
2660,950,2015,0.2,0.5,0.5,19.86466165413534,7.049473684210526,18.456575682382134,342,3,75,0.2,0.5,0.5,inheritance,inheritance,inheritance
2640,965,2020,0.2,0.5,0.5,19.96439393939394,7.091191709844559,18.40841584158416,343,3,75,0.2,0.5,0.5,inheritance,inheritance,inheritance
2602,986,2037,0.19999999999999996,0.5,0.5,20.13335895465027,7.084178498985802,18.378497790868924,344,3,75,0.2,0.5,0.5,inheritance,inheritance,inheritance
2588,1011,2026,0.19999999999999996,0.5,0.5,19.93663060278207,6.964391691394659,18.186080947680157,345,3,75,0.2,0.5,0.5,inheritance,inheritance,inheritance
2552,1033,2040,0.19999999999999998,0.5,0.5,20.025862068965516,6.913843175217812,18.095098039215685,346,3,75,0.2,0.5,0.5,inheritance,inheritance,inheritance
2503,1069,2053,0.19999999999999996,0.5,0.5,20.084298841390332,6.932647333956969,17.929371651242086,347,3,75,0.2,0.5,0.5,inheritance,inheritance,inheritance
2467,1083,2075,0.19999999999999998,0.5,0.5,20.130117551682204,7.149584487534626,17.85012048192771,348,3,75,0.2,0.5,0.5,inheritance,inheritance,inheritance
2418,1123,2084,0.2,0.5,0.5,20.035153019023987,7.096170970614426,17.7989443378119,349,3,75,0.2,0.5,0.5,inheritance,inheritance,inheritance
2378,1148,2099,0.19999999999999998,0.5,0.5,20.02565180824222,7.106271777003484,17.820390662220106,350,3,75,0.2,0.5,0.5,inheritance,inheritance,inheritance
2317,1195,2113,0.19999999999999998,0.5,0.5,19.982304704359084,7.124686192468619,17.834831992427826,351,3,75,0.2,0.5,0.5,inheritance,inheritance,inheritance
2300,1165,2160,0.2,0.5,0.5,19.96391304347826,7.360515021459228,17.46388888888889,352,3,75,0.2,0.5,0.5,inheritance,inheritance,inheritance
2263,1148,2214,0.19999999999999996,0.5,0.5,20.012814847547503,7.439895470383275,17.06955736224029,353,3,75,0.2,0.5,0.5,inheritance,inheritance,inheritance
2236,1130,2259,0.19999999999999998,0.5,0.5,20.038014311270125,7.684070796460177,16.817618415227976,354,3,75,0.2,0.5,0.5,inheritance,inheritance,inheritance
2197,1119,2309,0.19999999999999996,0.5,0.5,19.992717341829767,7.6336014298480785,16.706366392377653,355,3,75,0.2,0.5,0.5,inheritance,inheritance,inheritance
2178,1097,2350,0.19999999999999996,0.5,0.5,19.701561065197428,7.485870556061987,16.46595744680851,356,3,75,0.2,0.5,0.5,inheritance,inheritance,inheritance
2138,1074,2413,0.19999999999999998,0.5,0.5,19.802151543498596,7.472067039106145,16.319104848736014,357,3,75,0.2,0.5,0.5,inheritance,inheritance,inheritance
2131,1035,2459,0.19999999999999996,0.5,0.5,19.785077428437354,7.655072463768116,16.233021553477023,358,3,75,0.2,0.5,0.5,inheritance,inheritance,inheritance
2115,1006,2504,0.2,0.5,0.5,19.817021276595746,7.5894632206759445,16.249201277955272,359,3,75,0.2,0.5,0.5,inheritance,inheritance,inheritance
2090,996,2539,0.2,0.5,0.5,19.7622009569378,7.471887550200803,16.285939346199292,360,3,75,0.2,0.5,0.5,inheritance,inheritance,inheritance
2074,959,2592,0.20000000000000004,0.5,0.5,19.73095467695275,7.3931178310740355,16.24266975308642,361,3,75,0.2,0.5,0.5,inheritance,inheritance,inheritance
2057,952,2616,0.20000000000000004,0.5,0.5,19.445308701993195,7.215336134453781,16.298165137614678,362,3,75,0.2,0.5,0.5,inheritance,inheritance,inheritance
2036,939,2650,0.2,0.5,0.5,19.273575638506877,7.10010649627263,16.36943396226415,363,3,75,0.2,0.5,0.5,inheritance,inheritance,inheritance
2020,920,2685,0.20000000000000004,0.5,0.5,19.26188118811881,6.95,16.525512104283052,364,3,75,0.2,0.5,0.5,inheritance,inheritance,inheritance
2025,914,2686,0.20000000000000004,0.5,0.5,18.960493827160494,6.927789934354486,16.73938942665674,365,3,75,0.2,0.5,0.5,inheritance,inheritance,inheritance
2018,908,2699,0.2,0.5,0.5,18.98116947472745,7.027533039647577,16.957391626528345,366,3,75,0.2,0.5,0.5,inheritance,inheritance,inheritance
2010,904,2711,0.20000000000000004,0.5,0.5,18.693532338308458,7.022123893805309,17.04389524160826,367,3,75,0.2,0.5,0.5,inheritance,inheritance,inheritance
2002,917,2706,0.20000000000000004,0.5,0.5,18.213286713286713,7.066521264994547,17.14449371766445,368,3,75,0.2,0.5,0.5,inheritance,inheritance,inheritance
1996,920,2709,0.2,0.5,0.5,17.968937875751504,7.110869565217391,17.39608711701735,369,3,75,0.2,0.5,0.5,inheritance,inheritance,inheritance
1983,913,2729,0.2,0.5,0.5,17.91679273827534,7.1062431544359255,17.62147306705753,370,3,75,0.2,0.5,0.5,inheritance,inheritance,inheritance
1985,908,2732,0.20000000000000004,0.5,0.5,17.46146095717884,7.263215859030837,17.868594436310396,371,3,75,0.2,0.5,0.5,inheritance,inheritance,inheritance
1985,915,2725,0.20000000000000004,0.5,0.5,17.012090680100755,7.324590163934427,18.019082568807338,372,3,75,0.2,0.5,0.5,inheritance,inheritance,inheritance
1978,931,2716,0.2,0.5,0.5,16.77401415571284,7.299677765843179,18.396539027982328,373,3,75,0.2,0.5,0.5,inheritance,inheritance,inheritance
1955,955,2715,0.20000000000000007,0.5,0.5,16.4920716112532,7.194764397905759,18.591896869244934,374,3,75,0.2,0.5,0.5,inheritance,inheritance,inheritance
1938,966,2721,0.2,0.5,0.5,16.390608875129,7.233954451345756,18.879456082322676,375,3,75,0.2,0.5,0.5,inheritance,inheritance,inheritance
1919,977,2729,0.20000000000000004,0.5,0.5,16.16414799374674,7.285568065506653,18.996335654085744,376,3,75,0.2,0.5,0.5,inheritance,inheritance,inheritance
1941,962,2722,0.2,0.5,0.5,16.054611025244718,7.535343035343035,19.281410727406318,377,3,75,0.2,0.5,0.5,inheritance,inheritance,inheritance
1957,947,2721,0.20000000000000004,0.5,0.5,15.65201839550332,7.7444561774023235,19.434766629915472,378,3,75,0.2,0.5,0.5,inheritance,inheritance,inheritance
1978,938,2709,0.2,0.5,0.5,15.597573306370071,7.926439232409382,19.647471391657437,379,3,75,0.2,0.5,0.5,inheritance,inheritance,inheritance
1990,924,2711,0.20000000000000004,0.5,0.5,15.475879396984924,8.015151515151516,19.759498340095906,380,3,75,0.2,0.5,0.5,inheritance,inheritance,inheritance
2018,886,2721,0.2,0.5,0.5,15.512884043607531,8.197516930022573,19.9066519661889,381,3,75,0.2,0.5,0.5,inheritance,inheritance,inheritance
2072,851,2702,0.2,0.5,0.5,15.482142857142858,8.377203290246769,20.008882309400445,382,3,75,0.2,0.5,0.5,inheritance,inheritance,inheritance
2117,812,2696,0.19999999999999998,0.5,0.5,15.403401039206424,8.637931034482758,20.13241839762611,383,3,75,0.2,0.5,0.5,inheritance,inheritance,inheritance
2168,755,2702,0.19999999999999996,0.5,0.5,15.434040590405903,8.705960264900662,19.883789785344188,384,3,75,0.2,0.5,0.5,inheritance,inheritance,inheritance
2223,718,2684,0.19999999999999996,0.5,0.5,15.523616734143049,9.047353760445683,19.9720566318927,385,3,75,0.2,0.5,0.5,inheritance,inheritance,inheritance
2264,700,2661,0.19999999999999998,0.5,0.5,15.567579505300353,8.90857142857143,20.080045095828638,386,3,75,0.2,0.5,0.5,inheritance,inheritance,inheritance
2325,642,2658,0.19999999999999998,0.5,0.5,15.634408602150538,8.778816199376948,19.97742663656885,387,3,75,0.2,0.5,0.5,inheritance,inheritance,inheritance
2385,598,2642,0.19999999999999998,0.5,0.5,15.703563941299791,8.352842809364548,20.04996214988645,388,3,75,0.2,0.5,0.5,inheritance,inheritance,inheritance
2418,588,2619,0.2,0.5,0.5,15.768403639371382,7.649659863945578,20.132111492936236,389,3,75,0.2,0.5,0.5,inheritance,inheritance,inheritance
2462,578,2585,0.19999999999999998,0.5,0.5,16.004874086108856,7.468858131487889,20.37176015473888,390,3,75,0.2,0.5,0.5,inheritance,inheritance,inheritance
2485,599,2541,0.19999999999999998,0.5,0.5,16.095372233400404,7.056761268781302,20.620621802439985,391,3,75,0.2,0.5,0.5,inheritance,inheritance,inheritance
2519,600,2506,0.19999999999999998,0.5,0.5,16.353314807463278,6.851666666666667,20.74341580207502,392,3,75,0.2,0.5,0.5,inheritance,inheritance,inheritance
2552,629,2444,0.19999999999999998,0.5,0.5,16.405172413793103,6.742448330683625,20.871112929623568,393,3,75,0.2,0.5,0.5,inheritance,inheritance,inheritance
2571,669,2385,0.19999999999999998,0.5,0.5,16.48580318942046,6.6203288490284,21.02599580712788,394,3,75,0.2,0.5,0.5,inheritance,inheritance,inheritance
2595,698,2332,0.2,0.5,0.5,16.64547206165703,6.432664756446991,21.153516295025728,395,3,75,0.2,0.5,0.5,inheritance,inheritance,inheritance
2631,729,2265,0.19999999999999998,0.5,0.5,16.69517293804637,6.585733882030178,21.375275938189844,396,3,75,0.2,0.5,0.5,inheritance,inheritance,inheritance
2661,737,2227,0.19999999999999998,0.5,0.5,16.878617061255166,6.736770691994573,21.493039964077234,397,3,75,0.2,0.5,0.5,inheritance,inheritance,inheritance
2666,760,2199,0.19999999999999998,0.5,0.5,17.146661665416353,6.867105263157895,21.649386084583902,398,3,75,0.2,0.5,0.5,inheritance,inheritance,inheritance
2670,801,2154,0.2,0.5,0.5,17.26629213483146,6.776529338327091,21.52924791086351,399,3,75,0.2,0.5,0.5,inheritance,inheritance,inheritance
2682,830,2113,0.19999999999999996,0.5,0.5,17.395973154362416,6.940963855421686,21.63795551348793,400,3,75,0.2,0.5,0.5,inheritance,inheritance,inheritance
2691,811,2123,0.19999999999999998,0.5,0.5,17.677814938684502,7.098643649815044,21.283560998586907,401,3,75,0.2,0.5,0.5,inheritance,inheritance,inheritance
2698,823,2104,0.19999999999999996,0.5,0.5,17.9351371386212,7.281895504252734,21.201045627376427,402,3,75,0.2,0.5,0.5,inheritance,inheritance,inheritance
2687,853,2085,0.19999999999999996,0.5,0.5,18.121697059918123,7.395076201641266,21.365947242206236,403,3,75,0.2,0.5,0.5,inheritance,inheritance,inheritance
2714,855,2056,0.19999999999999998,0.5,0.5,18.21481208548268,7.6116959064327485,20.941634241245136,404,3,75,0.2,0.5,0.5,inheritance,inheritance,inheritance
2713,885,2027,0.19999999999999996,0.5,0.5,18.316255068190195,7.551412429378531,20.85101134681796,405,3,75,0.2,0.5,0.5,inheritance,inheritance,inheritance
2695,908,2022,0.19999999999999996,0.5,0.5,18.446753246753246,7.507709251101321,20.69634025717112,406,3,75,0.2,0.5,0.5,inheritance,inheritance,inheritance
2668,928,2029,0.19999999999999996,0.5,0.5,18.63193403298351,7.479525862068965,20.561853129620502,407,3,75,0.2,0.5,0.5,inheritance,inheritance,inheritance
2650,930,2045,0.2,0.5,0.5,18.885283018867923,7.325806451612904,20.26356968215159,408,3,75,0.2,0.5,0.5,inheritance,inheritance,inheritance
2662,931,2032,0.19999999999999996,0.5,0.5,19.001502629601802,7.489795918367347,20.055118110236222,409,3,75,0.2,0.5,0.5,inheritance,inheritance,inheritance
2638,955,2032,0.19999999999999996,0.5,0.5,19.260803639120546,7.509947643979058,20.100885826771652,410,3,75,0.2,0.5,0.5,inheritance,inheritance,inheritance
2605,977,2043,0.2,0.5,0.5,19.47831094049904,7.510747185261003,20.012726382770435,411,3,75,0.2,0.5,0.5,inheritance,inheritance,inheritance
2603,989,2033,0.19999999999999996,0.5,0.5,19.576258163657318,7.584428715874621,19.8416133792425,412,3,75,0.2,0.5,0.5,inheritance,inheritance,inheritance
2584,999,2042,0.19999999999999998,0.5,0.5,19.879256965944272,7.624624624624625,19.72771792360431,413,3,75,0.2,0.5,0.5,inheritance,inheritance,inheritance
2554,1017,2054,0.19999999999999998,0.5,0.5,19.963978073610022,7.499508357915437,19.487828627069135,414,3,75,0.2,0.5,0.5,inheritance,inheritance,inheritance
2537,1048,2040,0.19999999999999996,0.5,0.5,20.051241623965314,7.557251908396947,19.34264705882353,415,3,75,0.2,0.5,0.5,inheritance,inheritance,inheritance
2517,1048,2060,0.19999999999999996,0.5,0.5,20.203019467620184,7.533396946564886,19.204368932038836,416,3,75,0.2,0.5,0.5,inheritance,inheritance,inheritance
2475,1079,2071,0.19999999999999998,0.5,0.5,20.359191919191918,7.612604263206673,19.266537904394013,417,3,75,0.2,0.5,0.5,inheritance,inheritance,inheritance
2455,1084,2086,0.2,0.5,0.5,20.481873727087578,7.763837638376383,19.046979865771814,418,3,75,0.2,0.5,0.5,inheritance,inheritance,inheritance
2431,1078,2116,0.19999999999999998,0.5,0.5,20.524886877828056,7.8441558441558445,18.73865784499055,419,3,75,0.2,0.5,0.5,inheritance,inheritance,inheritance
2407,1069,2149,0.19999999999999998,0.5,0.5,20.741587037806397,7.978484565014032,18.63890181479758,420,3,75,0.2,0.5,0.5,inheritance,inheritance,inheritance
2372,1081,2172,0.19999999999999998,0.5,0.5,20.852866779089375,7.935245143385754,18.51012891344383,421,3,75,0.2,0.5,0.5,inheritance,inheritance,inheritance
2345,1074,2206,0.19999999999999998,0.5,0.5,20.77995735607676,7.844506517690875,18.1622846781505,422,3,75,0.2,0.5,0.5,inheritance,inheritance,inheritance
2305,1081,2239,0.19999999999999998,0.5,0.5,20.923644251626897,7.780758556891767,17.96114336757481,423,3,75,0.2,0.5,0.5,inheritance,inheritance,inheritance
2264,1083,2278,0.19999999999999998,0.5,0.5,20.920053003533567,7.737765466297322,17.769095697980685,424,3,75,0.2,0.5,0.5,inheritance,inheritance,inheritance
2208,1073,2344,0.19999999999999996,0.5,0.5,21.164402173913043,7.6663560111835976,17.590443686006825,425,3,75,0.2,0.5,0.5,inheritance,inheritance,inheritance
2175,1066,2384,0.19999999999999998,0.5,0.5,21.344827586206897,7.776735459662289,17.60528523489933,426,3,75,0.2,0.5,0.5,inheritance,inheritance,inheritance
2156,1056,2413,0.19999999999999996,0.5,0.5,21.4721706864564,7.981060606060606,17.632822213012847,427,3,75,0.2,0.5,0.5,inheritance,inheritance,inheritance
2126,1060,2439,0.19999999999999996,0.5,0.5,21.498588899341485,7.8943396226415095,17.715047150471506,428,3,75,0.2,0.5,0.5,inheritance,inheritance,inheritance
2104,1036,2485,0.19999999999999998,0.5,0.5,21.67538022813688,8.038610038610038,17.655533199195173,429,3,75,0.2,0.5,0.5,inheritance,inheritance,inheritance
2087,996,2542,0.19999999999999998,0.5,0.5,21.827982750359368,7.881526104417671,17.71951219512195,430,3,75,0.2,0.5,0.5,inheritance,inheritance,inheritance
2047,1001,2577,0.20000000000000004,0.5,0.5,21.942843185149,7.766233766233766,17.831199068684516,431,3,75,0.2,0.5,0.5,inheritance,inheritance,inheritance
2023,986,2616,0.2,0.5,0.5,22.02323282254078,7.786004056795131,17.898700305810397,432,3,75,0.2,0.5,0.5,inheritance,inheritance,inheritance
1979,979,2667,0.20000000000000004,0.5,0.5,22.03991915108641,7.6384065372829415,17.926884139482564,433,3,75,0.2,0.5,0.5,inheritance,inheritance,inheritance
1980,966,2679,0.20000000000000004,0.5,0.5,21.921212121212122,7.665631469979296,17.96155281821575,434,3,75,0.2,0.5,0.5,inheritance,inheritance,inheritance
1948,934,2743,0.2,0.5,0.5,22.010266940451746,7.614561027837259,17.942034269048488,435,3,75,0.2,0.5,0.5,inheritance,inheritance,inheritance
1928,933,2764,0.2,0.5,0.5,21.945539419087137,7.613076098606645,18.138567293777136,436,3,75,0.2,0.5,0.5,inheritance,inheritance,inheritance
1912,913,2800,0.20000000000000004,0.5,0.5,21.67050209205021,7.47645125958379,18.134285714285713,437,3,75,0.2,0.5,0.5,inheritance,inheritance,inheritance
1896,911,2818,0.2,0.5,0.5,21.328059071729957,7.2184412733260155,18.207594038325052,438,3,75,0.2,0.5,0.5,inheritance,inheritance,inheritance
1892,899,2834,0.2,0.5,0.5,21.25,7.161290322580645,18.371912491178545,439,3,75,0.2,0.5,0.5,inheritance,inheritance,inheritance
1898,896,2831,0.2,0.5,0.5,20.768177028451,7.199776785714286,18.539385376192158,440,3,75,0.2,0.5,0.5,inheritance,inheritance,inheritance
1881,885,2859,0.2,0.5,0.5,20.391281233386497,7.003389830508475,18.53340328786289,441,3,75,0.2,0.5,0.5,inheritance,inheritance,inheritance
1880,887,2858,0.2,0.5,0.5,19.998936170212765,7.101465614430666,18.773268019594124,442,3,75,0.2,0.5,0.5,inheritance,inheritance,inheritance
1878,896,2851,0.2,0.5,0.5,19.2555910543131,7.104910714285714,19.023851280252543,443,3,75,0.2,0.5,0.5,inheritance,inheritance,inheritance
1866,909,2850,0.2,0.5,0.5,18.862808145766344,7.11991199119912,19.307719298245615,444,3,75,0.2,0.5,0.5,inheritance,inheritance,inheritance
1860,891,2874,0.20000000000000004,0.5,0.5,18.49516129032258,7.221099887766554,19.407098121085596,445,3,75,0.2,0.5,0.5,inheritance,inheritance,inheritance
1879,878,2868,0.20000000000000004,0.5,0.5,17.95476317189995,7.3211845102505695,19.475592747559276,446,3,75,0.2,0.5,0.5,inheritance,inheritance,inheritance
1868,893,2864,0.2,0.5,0.5,17.518736616702355,7.352743561030235,19.664106145251395,447,3,75,0.2,0.5,0.5,inheritance,inheritance,inheritance
1889,877,2859,0.2,0.5,0.5,16.980942297511913,7.620296465222349,19.84085344526058,448,3,75,0.2,0.5,0.5,inheritance,inheritance,inheritance
1917,857,2851,0.2,0.5,0.5,16.5962441314554,7.81563593932322,20.031567870922483,449,3,75,0.2,0.5,0.5,inheritance,inheritance,inheritance
1942,857,2826,0.2,0.5,0.5,16.30226570545829,7.945157526254376,20.249115357395613,450,3,75,0.2,0.5,0.5,inheritance,inheritance,inheritance
1978,836,2811,0.2,0.5,0.5,16.09150657229525,8.02153110047847,20.356456776947706,451,3,75,0.2,0.5,0.5,inheritance,inheritance,inheritance
1998,835,2792,0.2,0.5,0.5,15.814814814814815,8.023952095808383,20.59025787965616,452,3,75,0.2,0.5,0.5,inheritance,inheritance,inheritance
2046,806,2773,0.2,0.5,0.5,15.665689149560118,8.161290322580646,20.660295708618825,453,3,75,0.2,0.5,0.5,inheritance,inheritance,inheritance
2111,806,2708,0.19999999999999998,0.5,0.5,15.423495973472289,8.445409429280398,20.792836041358935,454,3,75,0.2,0.5,0.5,inheritance,inheritance,inheritance
2163,781,2681,0.19999999999999996,0.5,0.5,15.40545538603791,8.483994878361075,20.80716150690041,455,3,75,0.2,0.5,0.5,inheritance,inheritance,inheritance
2194,786,2645,0.19999999999999998,0.5,0.5,15.320419325432999,8.400763358778626,20.907372400756145,456,3,75,0.2,0.5,0.5,inheritance,inheritance,inheritance
2248,766,2611,0.19999999999999996,0.5,0.5,15.406138790035588,8.402088772845953,20.91152815013405,457,3,75,0.2,0.5,0.5,inheritance,inheritance,inheritance
2300,716,2609,0.2,0.5,0.5,15.479565217391304,8.44413407821229,20.778075891146035,458,3,75,0.2,0.5,0.5,inheritance,inheritance,inheritance
2346,693,2586,0.19999999999999998,0.5,0.5,15.710144927536232,8.477633477633479,20.763727764887857,459,3,75,0.2,0.5,0.5,inheritance,inheritance,inheritance
2399,667,2559,0.19999999999999998,0.5,0.5,15.762817840766987,8.60119940029985,20.775302852676827,460,3,75,0.2,0.5,0.5,inheritance,inheritance,inheritance
2443,665,2517,0.19999999999999998,0.5,0.5,15.906262791649612,8.554887218045113,20.930075486690505,461,3,75,0.2,0.5,0.5,inheritance,inheritance,inheritance
2484,635,2506,0.19999999999999998,0.5,0.5,16.199677938808374,8.379527559055118,21.01636073423783,462,3,75,0.2,0.5,0.5,inheritance,inheritance,inheritance
2528,616,2481,0.19999999999999996,0.5,0.5,16.444224683544302,8.35064935064935,21.22652156388553,463,3,75,0.2,0.5,0.5,inheritance,inheritance,inheritance
2574,595,2456,0.19999999999999998,0.5,0.5,16.526806526806528,8.094117647058823,21.088355048859935,464,3,75,0.2,0.5,0.5,inheritance,inheritance,inheritance
2603,602,2420,0.19999999999999996,0.5,0.5,16.755282366500193,7.9186046511627906,21.15123966942149,465,3,75,0.2,0.5,0.5,inheritance,inheritance,inheritance
2642,585,2398,0.19999999999999998,0.5,0.5,17.048826646479938,7.892307692307693,21.18974145120934,466,3,75,0.2,0.5,0.5,inheritance,inheritance,inheritance
2670,583,2372,0.2,0.5,0.5,17.1438202247191,7.327615780445969,21.132799325463743,467,3,75,0.2,0.5,0.5,inheritance,inheritance,inheritance
2711,581,2333,0.19999999999999998,0.5,0.5,17.20361490225009,6.925989672977625,21.124732104586368,468,3,75,0.2,0.5,0.5,inheritance,inheritance,inheritance
2733,589,2303,0.19999999999999996,0.5,0.5,17.29967069154775,6.684210526315789,21.143725575336518,469,3,75,0.2,0.5,0.5,inheritance,inheritance,inheritance
2746,618,2261,0.19999999999999993,0.5,0.5,17.436270939548432,6.415857605177994,21.19018133569217,470,3,75,0.2,0.5,0.5,inheritance,inheritance,inheritance
2771,618,2236,0.19999999999999998,0.5,0.5,17.651028509563336,6.213592233009709,21.137298747763865,471,3,75,0.2,0.5,0.5,inheritance,inheritance,inheritance
2818,631,2176,0.19999999999999996,0.5,0.5,17.770049680624556,6.169572107765451,20.973345588235293,472,3,75,0.2,0.5,0.5,inheritance,inheritance,inheritance
2807,642,2176,0.19999999999999998,0.5,0.5,18.182401140007126,6.216510903426792,20.953125,473,3,75,0.2,0.5,0.5,inheritance,inheritance,inheritance
2833,627,2165,0.19999999999999996,0.5,0.5,18.54041651959054,6.36682615629984,20.953348729792147,474,3,75,0.2,0.5,0.5,inheritance,inheritance,inheritance
2843,644,2138,0.19999999999999996,0.5,0.5,18.77981005979599,6.299689440993789,20.925631431244152,475,3,75,0.2,0.5,0.5,inheritance,inheritance,inheritance
2872,660,2093,0.19999999999999998,0.5,0.5,18.929317548746518,6.5181818181818185,21.00095556617296,476,3,75,0.2,0.5,0.5,inheritance,inheritance,inheritance
2909,670,2046,0.19999999999999998,0.5,0.5,19.159161223788242,6.71044776119403,20.876344086021504,477,3,75,0.2,0.5,0.5,inheritance,inheritance,inheritance
2912,706,2007,0.19999999999999998,0.5,0.5,19.324175824175825,6.596317280453258,21.07324364723468,478,3,75,0.2,0.5,0.5,inheritance,inheritance,inheritance
2896,736,1993,0.2,0.5,0.5,19.611878453038674,6.600543478260869,21.19769192172604,479,3,75,0.2,0.5,0.5,inheritance,inheritance,inheritance
2909,759,1957,0.19999999999999998,0.5,0.5,19.811619113097283,6.63768115942029,21.13438937148697,480,3,75,0.2,0.5,0.5,inheritance,inheritance,inheritance
2888,770,1967,0.2,0.5,0.5,20.16343490304709,6.601298701298702,20.98220640569395,481,3,75,0.2,0.5,0.5,inheritance,inheritance,inheritance
2868,789,1968,0.19999999999999996,0.5,0.5,20.346582984658298,6.4613434727503165,20.69410569105691,482,3,75,0.2,0.5,0.5,inheritance,inheritance,inheritance
2841,832,1952,0.19999999999999993,0.5,0.5,20.5329109468497,6.407451923076923,20.712090163934427,483,3,75,0.2,0.5,0.5,inheritance,inheritance,inheritance
2831,845,1949,0.19999999999999993,0.5,0.5,20.846344048039562,6.630769230769231,20.59363776295536,484,3,75,0.2,0.5,0.5,inheritance,inheritance,inheritance
2837,862,1926,0.19999999999999996,0.5,0.5,20.96721889319704,6.9048723897911835,20.598130841121495,485,3,75,0.2,0.5,0.5,inheritance,inheritance,inheritance
2796,891,1938,0.19999999999999998,0.5,0.5,21.335479256080113,6.861952861952862,20.524251805985553,486,3,75,0.2,0.5,0.5,inheritance,inheritance,inheritance
2781,909,1935,0.19999999999999998,0.5,0.5,21.473211075152822,6.891089108910891,20.499741602067182,487,3,75,0.2,0.5,0.5,inheritance,inheritance,inheritance
2776,918,1931,0.19999999999999998,0.5,0.5,21.579971181556196,6.971677559912854,20.240807871569135,488,3,75,0.2,0.5,0.5,inheritance,inheritance,inheritance
2767,935,1923,0.19999999999999996,0.5,0.5,21.86736537766534,6.93048128342246,20.32969318772751,489,3,75,0.2,0.5,0.5,inheritance,inheritance,inheritance
2766,956,1903,0.19999999999999993,0.5,0.5,22.046637744034708,7.044979079497908,20.22122963741461,490,3,75,0.2,0.5,0.5,inheritance,inheritance,inheritance
2740,1000,1885,0.19999999999999996,0.5,0.5,22.24124087591241,7.167,20.114588859416447,491,3,75,0.2,0.5,0.5,inheritance,inheritance,inheritance
2719,1014,1892,0.19999999999999998,0.5,0.5,22.332107392423683,7.1351084812623276,19.767441860465116,492,3,75,0.2,0.5,0.5,inheritance,inheritance,inheritance
2721,1027,1877,0.19999999999999993,0.5,0.5,22.486585814038957,7.3388510223953265,19.778902503995738,493,3,75,0.2,0.5,0.5,inheritance,inheritance,inheritance
2705,1051,1869,0.2,0.5,0.5,22.651386321626617,7.514747859181732,19.757624398073837,494,3,75,0.2,0.5,0.5,inheritance,inheritance,inheritance
2675,1060,1890,0.19999999999999996,0.5,0.5,23.01158878504673,7.60188679245283,19.764021164021162,495,3,75,0.2,0.5,0.5,inheritance,inheritance,inheritance
2649,1083,1893,0.19999999999999998,0.5,0.5,23.189882974707437,7.61865189289012,19.52826201796091,496,3,75,0.2,0.5,0.5,inheritance,inheritance,inheritance
2618,1081,1926,0.19999999999999996,0.5,0.5,23.50496562261268,7.756706753006475,19.299584631360332,497,3,75,0.2,0.5,0.5,inheritance,inheritance,inheritance
2583,1082,1960,0.19999999999999996,0.5,0.5,23.942315137437088,7.813308687615526,19.135714285714286,498,3,75,0.2,0.5,0.5,inheritance,inheritance,inheritance
2570,1071,1984,0.19999999999999996,0.5,0.5,24.140077821011673,7.916900093370682,18.80796370967742,499,3,75,0.2,0.5,0.5,inheritance,inheritance,inheritance
2546,1065,2014,0.19999999999999998,0.5,0.5,24.39670070699136,8.052582159624412,18.57894736842105,500,3,75,0.2,0.5,0.5,inheritance,inheritance,inheritance
2541,1040,2044,0.19999999999999998,0.5,0.5,24.409287682014956,8.209615384615384,18.22211350293542,501,3,75,0.2,0.5,0.5,inheritance,inheritance,inheritance
2537,1017,2071,0.19999999999999996,0.5,0.5,24.316121403232163,8.221238938053098,17.857073877353937,502,3,75,0.2,0.5,0.5,inheritance,inheritance,inheritance
2534,1008,2083,0.19999999999999996,0.5,0.5,24.3930544593528,8.225198412698413,17.631781084973596,503,3,75,0.2,0.5,0.5,inheritance,inheritance,inheritance
2526,1008,2091,0.19999999999999998,0.5,0.5,24.433887569279495,8.273809523809524,17.571018651362984,504,3,75,0.2,0.5,0.5,inheritance,inheritance,inheritance
2530,977,2118,0.19999999999999996,0.5,0.5,24.475494071146244,8.329580348004095,17.380547686496694,505,3,75,0.2,0.5,0.5,inheritance,inheritance,inheritance
2498,988,2139,0.19999999999999996,0.5,0.5,24.665732586068856,8.1082995951417,17.442262739597943,506,3,75,0.2,0.5,0.5,inheritance,inheritance,inheritance
2490,965,2170,0.19999999999999998,0.5,0.5,24.748995983935743,7.95440414507772,17.30921658986175,507,3,75,0.2,0.5,0.5,inheritance,inheritance,inheritance
2462,977,2186,0.19999999999999998,0.5,0.5,24.664906580016247,7.914022517911976,17.37374199451052,508,3,75,0.2,0.5,0.5,inheritance,inheritance,inheritance
2447,978,2200,0.19999999999999998,0.5,0.5,24.676747037188395,7.927402862985685,17.381818181818183,509,3,75,0.2,0.5,0.5,inheritance,inheritance,inheritance
2418,1003,2204,0.2,0.5,0.5,24.62944582299421,7.834496510468594,17.531306715063522,510,3,75,0.2,0.5,0.5,inheritance,inheritance,inheritance
2395,1013,2217,0.2,0.5,0.5,24.68517745302714,7.931885488647581,17.674785746504284,511,3,75,0.2,0.5,0.5,inheritance,inheritance,inheritance
2391,1032,2202,0.19999999999999998,0.5,0.5,24.621497281472188,7.857558139534884,17.725703905540417,512,3,75,0.2,0.5,0.5,inheritance,inheritance,inheritance
2367,1035,2223,0.19999999999999998,0.5,0.5,24.645965356991972,7.939130434782609,17.62033288349078,513,3,75,0.2,0.5,0.5,inheritance,inheritance,inheritance
2355,1031,2239,0.2,0.5,0.5,24.450530785562634,7.8312318137730355,17.461813309513175,514,3,75,0.2,0.5,0.5,inheritance,inheritance,inheritance
2339,1046,2240,0.19999999999999998,0.5,0.5,24.37409149209064,7.95697896749522,17.514285714285716,515,3,75,0.2,0.5,0.5,inheritance,inheritance,inheritance
2324,1052,2249,0.19999999999999998,0.5,0.5,24.52710843373494,8.201520912547528,17.790128946198312,516,3,75,0.2,0.5,0.5,inheritance,inheritance,inheritance
2317,1068,2240,0.19999999999999998,0.5,0.5,24.427708243418213,8.397003745318353,17.976339285714285,517,3,75,0.2,0.5,0.5,inheritance,inheritance,inheritance
2309,1072,2244,0.19999999999999998,0.5,0.5,24.174967518406238,8.471082089552239,18.00222816399287,518,3,75,0.2,0.5,0.5,inheritance,inheritance,inheritance
2304,1062,2259,0.19999999999999998,0.5,0.5,24.0546875,8.645009416195856,17.9136786188579,519,3,75,0.2,0.5,0.5,inheritance,inheritance,inheritance
2311,1039,2275,0.19999999999999998,0.5,0.5,23.780181739506705,8.636188642925891,17.783736263736262,520,3,75,0.2,0.5,0.5,inheritance,inheritance,inheritance
2293,1027,2305,0.19999999999999998,0.5,0.5,23.78020061055386,8.590068159688412,17.71236442516269,521,3,75,0.2,0.5,0.5,inheritance,inheritance,inheritance
2298,1009,2318,0.19999999999999998,0.5,0.5,23.640992167101828,8.818632309217046,17.64193270060397,522,3,75,0.2,0.5,0.5,inheritance,inheritance,inheritance
2295,958,2372,0.2,0.5,0.5,23.593464052287583,8.74321503131524,17.46079258010118,523,3,75,0.2,0.5,0.5,inheritance,inheritance,inheritance
2307,920,2398,0.19999999999999998,0.5,0.5,23.40095361941916,8.783695652173913,17.47372810675563,524,3,75,0.2,0.5,0.5,inheritance,inheritance,inheritance
2300,879,2446,0.2,0.5,0.5,23.33782608695652,8.594994311717862,17.300081766148814,525,3,75,0.2,0.5,0.5,inheritance,inheritance,inheritance
2295,864,2466,0.2,0.5,0.5,23.076252723311548,8.313657407407407,17.172749391727493,526,3,75,0.2,0.5,0.5,inheritance,inheritance,inheritance
2275,851,2499,0.2,0.5,0.5,23.049230769230768,8.251468860164513,17.313325330132052,527,3,75,0.2,0.5,0.5,inheritance,inheritance,inheritance
2295,818,2512,0.2,0.5,0.5,22.722004357298474,8.144254278728607,17.25199044585987,528,3,75,0.2,0.5,0.5,inheritance,inheritance,inheritance
2300,812,2513,0.2,0.5,0.5,22.331304347826087,7.955665024630542,17.3366494230004,529,3,75,0.2,0.5,0.5,inheritance,inheritance,inheritance
2300,794,2531,0.2,0.5,0.5,22.39,7.841309823677582,17.48478862109838,530,3,75,0.2,0.5,0.5,inheritance,inheritance,inheritance
2271,813,2541,0.19999999999999998,0.5,0.5,22.33553500660502,7.546125461254612,17.678079496261315,531,3,75,0.2,0.5,0.5,inheritance,inheritance,inheritance
2254,822,2549,0.19999999999999998,0.5,0.5,22.392635314995562,7.420924574209246,17.887014515496272,532,3,75,0.2,0.5,0.5,inheritance,inheritance,inheritance
2267,806,2552,0.19999999999999998,0.5,0.5,22.325981473312748,7.640198511166253,18.141457680250785,533,3,75,0.2,0.5,0.5,inheritance,inheritance,inheritance
2284,814,2527,0.19999999999999998,0.5,0.5,22.174693520140107,7.872235872235872,18.42738425009893,534,3,75,0.2,0.5,0.5,inheritance,inheritance,inheritance
2269,836,2520,0.19999999999999998,0.5,0.5,22.040987219039224,7.854066985645933,18.826587301587303,535,3,75,0.2,0.5,0.5,inheritance,inheritance,inheritance
2264,851,2510,0.19999999999999998,0.5,0.5,21.846289752650176,7.8848413631022325,19.13545816733068,536,3,75,0.2,0.5,0.5,inheritance,inheritance,inheritance
2256,867,2502,0.19999999999999998,0.5,0.5,21.597074468085108,7.7923875432525955,19.30095923261391,537,3,75,0.2,0.5,0.5,inheritance,inheritance,inheritance
2265,893,2467,0.19999999999999998,0.5,0.5,21.5364238410596,7.83090705487122,19.663153627888125,538,3,75,0.2,0.5,0.5,inheritance,inheritance,inheritance
2262,900,2463,0.19999999999999996,0.5,0.5,21.369584438549957,7.97,19.978481526593583,539,3,75,0.2,0.5,0.5,inheritance,inheritance,inheritance
2244,912,2469,0.19999999999999998,0.5,0.5,21.390819964349376,8.108552631578947,20.300526528959093,540,3,75,0.2,0.5,0.5,inheritance,inheritance,inheritance
2241,929,2455,0.19999999999999998,0.5,0.5,20.908076751450245,8.143164693218514,20.49409368635438,541,3,75,0.2,0.5,0.5,inheritance,inheritance,inheritance
2236,926,2463,0.19999999999999998,0.5,0.5,20.670840787119857,8.233261339092872,20.590336987413725,542,3,75,0.2,0.5,0.5,inheritance,inheritance,inheritance
2246,915,2464,0.19999999999999998,0.5,0.5,20.516918967052536,8.35191256830601,20.655844155844157,543,3,75,0.2,0.5,0.5,inheritance,inheritance,inheritance
2249,913,2463,0.19999999999999998,0.5,0.5,20.3325922632281,8.444687842278205,20.764514819326024,544,3,75,0.2,0.5,0.5,inheritance,inheritance,inheritance
2263,919,2443,0.19999999999999996,0.5,0.5,20.295183384887316,8.524483133841132,21.02988129349161,545,3,75,0.2,0.5,0.5,inheritance,inheritance,inheritance
2251,917,2457,0.19999999999999998,0.5,0.5,20.264326965792982,8.514721919302072,21.095238095238095,546,3,75,0.2,0.5,0.5,inheritance,inheritance,inheritance
2254,911,2460,0.19999999999999998,0.5,0.5,20.11401952085182,8.564215148188804,21.152439024390244,547,3,75,0.2,0.5,0.5,inheritance,inheritance,inheritance
2251,909,2465,0.19999999999999998,0.5,0.5,20.06130608618392,8.690869086908691,21.13468559837728,548,3,75,0.2,0.5,0.5,inheritance,inheritance,inheritance
2251,910,2464,0.19999999999999998,0.5,0.5,19.982230119946692,8.7989010989011,21.37012987012987,549,3,75,0.2,0.5,0.5,inheritance,inheritance,inheritance
2244,900,2481,0.19999999999999998,0.5,0.5,20.02139037433155,8.542222222222222,21.304312777106006,550,3,75,0.2,0.5,0.5,inheritance,inheritance,inheritance
2245,873,2507,0.19999999999999996,0.5,0.5,20.09042316258352,8.7262313860252,21.225767850019945,551,3,75,0.2,0.5,0.5,inheritance,inheritance,inheritance
2233,878,2514,0.19999999999999998,0.5,0.5,20.118674429019258,8.542141230068337,21.297136038186157,552,3,75,0.2,0.5,0.5,inheritance,inheritance,inheritance
2231,852,2542,0.19999999999999996,0.5,0.5,20.250112057373375,8.461267605633802,21.230527143981117,553,3,75,0.2,0.5,0.5,inheritance,inheritance,inheritance
2234,838,2553,0.19999999999999998,0.5,0.5,20.044315129811995,8.295942720763723,21.1864473168821,554,3,75,0.2,0.5,0.5,inheritance,inheritance,inheritance
2248,832,2545,0.19999999999999996,0.5,0.5,19.930160142348754,8.450721153846153,21.413752455795677,555,3,75,0.2,0.5,0.5,inheritance,inheritance,inheritance
2254,813,2558,0.19999999999999998,0.5,0.5,20.024844720496894,8.527675276752767,21.35144644253323,556,3,75,0.2,0.5,0.5,inheritance,inheritance,inheritance
2257,795,2573,0.19999999999999996,0.5,0.5,20.046078865750996,8.464150943396227,21.449280994947532,557,3,75,0.2,0.5,0.5,inheritance,inheritance,inheritance
2245,791,2589,0.19999999999999996,0.5,0.5,20.085077951002226,8.20353982300885,21.570876786404018,558,3,75,0.2,0.5,0.5,inheritance,inheritance,inheritance
2235,790,2600,0.19999999999999998,0.5,0.5,20.038926174496645,7.953164556962025,21.601923076923075,559,3,75,0.2,0.5,0.5,inheritance,inheritance,inheritance
2226,804,2595,0.19999999999999996,0.5,0.5,20.016621743036836,7.7164179104477615,21.802697495183043,560,3,75,0.2,0.5,0.5,inheritance,inheritance,inheritance
2194,823,2608,0.19999999999999998,0.5,0.5,20.143573381950773,7.448359659781288,22.096242331288344,561,3,75,0.2,0.5,0.5,inheritance,inheritance,inheritance
2169,842,2614,0.19999999999999998,0.5,0.5,20.00461041954818,7.304038004750594,22.220734506503444,562,3,75,0.2,0.5,0.5,inheritance,inheritance,inheritance
2170,832,2623,0.19999999999999998,0.5,0.5,19.986175115207374,7.366586538461538,22.243232939382388,563,3,75,0.2,0.5,0.5,inheritance,inheritance,inheritance
2176,829,2620,0.19999999999999996,0.5,0.5,19.971507352941178,7.545235223160434,22.393129770992367,564,3,75,0.2,0.5,0.5,inheritance,inheritance,inheritance
2195,814,2616,0.19999999999999996,0.5,0.5,19.98268792710706,7.653562653562654,22.450688073394495,565,3,75,0.2,0.5,0.5,inheritance,inheritance,inheritance
2208,821,2596,0.19999999999999996,0.5,0.5,20.022192028985508,7.814859926918392,22.560862865947612,566,3,75,0.2,0.5,0.5,inheritance,inheritance,inheritance
2189,821,2615,0.19999999999999998,0.5,0.5,20.159890360895385,7.805115712545676,22.709369024856596,567,3,75,0.2,0.5,0.5,inheritance,inheritance,inheritance
2176,813,2636,0.19999999999999996,0.5,0.5,20.276194852941178,7.691266912669127,22.659711684370258,568,3,75,0.2,0.5,0.5,inheritance,inheritance,inheritance
2172,798,2655,0.19999999999999998,0.5,0.5,20.222375690607734,7.511278195488722,22.570621468926554,569,3,75,0.2,0.5,0.5,inheritance,inheritance,inheritance
2164,802,2659,0.19999999999999998,0.5,0.5,20.152033271719038,7.496259351620948,22.67280932681459,570,3,75,0.2,0.5,0.5,inheritance,inheritance,inheritance
2176,781,2668,0.19999999999999996,0.5,0.5,20.12729779411765,7.581306017925736,22.670539730134934,571,3,75,0.2,0.5,0.5,inheritance,inheritance,inheritance
2182,765,2678,0.19999999999999996,0.5,0.5,20.172318973418882,7.610457516339869,22.73263629574309,572,3,75,0.2,0.5,0.5,inheritance,inheritance,inheritance
2192,760,2673,0.19999999999999996,0.5,0.5,19.919708029197082,7.502631578947368,22.810325476992144,573,3,75,0.2,0.5,0.5,inheritance,inheritance,inheritance
2202,755,2668,0.19999999999999996,0.5,0.5,19.74613987284287,7.275496688741722,22.865067466266865,574,3,75,0.2,0.5,0.5,inheritance,inheritance,inheritance
2218,736,2671,0.19999999999999996,0.5,0.5,19.653291253381425,7.180706521739131,22.810183451890676,575,3,75,0.2,0.5,0.5,inheritance,inheritance,inheritance
2217,762,2646,0.19999999999999996,0.5,0.5,19.489400090211998,7.16010498687664,23.021541950113377,576,3,75,0.2,0.5,0.5,inheritance,inheritance,inheritance
2232,760,2633,0.19999999999999998,0.5,0.5,19.434139784946236,7.261842105263158,23.145081655905813,577,3,75,0.2,0.5,0.5,inheritance,inheritance,inheritance
2210,776,2639,0.19999999999999996,0.5,0.5,19.548868778280543,7.154639175257732,23.359226979916635,578,3,75,0.2,0.5,0.5,inheritance,inheritance,inheritance
2210,776,2639,0.19999999999999996,0.5,0.5,19.564705882352943,7.195876288659794,23.422887457370216,579,3,75,0.2,0.5,0.5,inheritance,inheritance,inheritance
2200,808,2617,0.19999999999999996,0.5,0.5,19.381363636363638,7.089108910891089,23.562094000764233,580,3,75,0.2,0.5,0.5,inheritance,inheritance,inheritance
2186,837,2602,0.19999999999999996,0.5,0.5,19.101555352241537,7.03584229390681,23.762106072252113,581,3,75,0.2,0.5,0.5,inheritance,inheritance,inheritance
2195,834,2596,0.19999999999999996,0.5,0.5,18.900683371298406,6.90167865707434,23.67026194144838,582,3,75,0.2,0.5,0.5,inheritance,inheritance,inheritance
2189,856,2580,0.19999999999999998,0.5,0.5,18.826404751027866,7.026869158878505,23.72015503875969,583,3,75,0.2,0.5,0.5,inheritance,inheritance,inheritance
2159,894,2572,0.19999999999999998,0.5,0.5,18.74154701250579,6.983221476510067,23.883359253499222,584,3,75,0.2,0.5,0.5,inheritance,inheritance,inheritance
2139,902,2584,0.19999999999999998,0.5,0.5,18.798971482000933,7.0676274944567625,23.989938080495357,585,3,75,0.2,0.5,0.5,inheritance,inheritance,inheritance
2120,911,2594,0.2,0.5,0.5,18.684905660377357,6.952799121844127,23.940632228218966,586,3,75,0.2,0.5,0.5,inheritance,inheritance,inheritance
2158,890,2577,0.19999999999999996,0.5,0.5,18.30583873957368,7.120224719101124,23.818781528909586,587,3,75,0.2,0.5,0.5,inheritance,inheritance,inheritance
2121,924,2580,0.19999999999999998,0.5,0.5,18.3017444601603,6.9772727272727275,23.99767441860465,588,3,75,0.2,0.5,0.5,inheritance,inheritance,inheritance
2110,943,2572,0.2,0.5,0.5,18.13222748815166,7.099681866383881,24.06842923794712,589,3,75,0.2,0.5,0.5,inheritance,inheritance,inheritance
2066,971,2588,0.2,0.5,0.5,17.901742497579864,7.003089598352214,23.981066460587325,590,3,75,0.2,0.5,0.5,inheritance,inheritance,inheritance
2065,958,2602,0.20000000000000004,0.5,0.5,17.936077481840194,7.1419624217118995,23.985011529592622,591,3,75,0.2,0.5,0.5,inheritance,inheritance,inheritance
2074,951,2600,0.20000000000000004,0.5,0.5,17.742044358727096,7.225026288117771,23.795384615384616,592,3,75,0.2,0.5,0.5,inheritance,inheritance,inheritance
2070,955,2600,0.20000000000000004,0.5,0.5,17.635265700483092,7.476439790575916,23.725384615384616,593,3,75,0.2,0.5,0.5,inheritance,inheritance,inheritance
2089,936,2600,0.2,0.5,0.5,17.411201531833413,7.548076923076923,23.65269230769231,594,3,75,0.2,0.5,0.5,inheritance,inheritance,inheritance
2122,895,2608,0.19999999999999998,0.5,0.5,17.503770028275213,7.731843575418995,23.478911042944784,595,3,75,0.2,0.5,0.5,inheritance,inheritance,inheritance
2136,865,2624,0.19999999999999996,0.5,0.5,17.36423220973783,7.778034682080925,23.227515243902438,596,3,75,0.2,0.5,0.5,inheritance,inheritance,inheritance
2140,851,2634,0.2,0.5,0.5,17.292990654205607,7.764982373678026,23.068337129840547,597,3,75,0.2,0.5,0.5,inheritance,inheritance,inheritance
2137,864,2624,0.19999999999999998,0.5,0.5,17.09452503509593,7.700231481481482,23.009908536585368,598,3,75,0.2,0.5,0.5,inheritance,inheritance,inheritance
2160,845,2620,0.19999999999999998,0.5,0.5,17.033796296296295,7.563313609467456,22.894656488549618,599,3,75,0.2,0.5,0.5,inheritance,inheritance,inheritance
2197,797,2631,0.19999999999999996,0.5,0.5,16.991351843422848,7.702634880803012,22.783732421132648,600,3,75,0.2,0.5,0.5,inheritance,inheritance,inheritance
2228,761,2636,0.19999999999999996,0.5,0.5,17.083931777378815,7.708278580814717,22.72761760242792,601,3,75,0.2,0.5,0.5,inheritance,inheritance,inheritance
2287,735,2603,0.19999999999999998,0.5,0.5,17.10275470048098,7.956462585034013,22.842105263157894,602,3,75,0.2,0.5,0.5,inheritance,inheritance,inheritance
2342,689,2594,0.19999999999999996,0.5,0.5,17.01878736122972,7.984034833091437,22.41750192752506,603,3,75,0.2,0.5,0.5,inheritance,inheritance,inheritance
2370,668,2587,0.2,0.5,0.5,17.121097046413503,7.877245508982036,22.268264398917665,604,3,75,0.2,0.5,0.5,inheritance,inheritance,inheritance
2430,637,2558,0.2,0.5,0.5,17.106584362139916,7.82574568288854,22.15168100078186,605,3,75,0.2,0.5,0.5,inheritance,inheritance,inheritance
2478,607,2540,0.19999999999999998,0.5,0.5,17.214689265536723,7.71499176276771,22.00944881889764,606,3,75,0.2,0.5,0.5,inheritance,inheritance,inheritance
2503,602,2520,0.19999999999999996,0.5,0.5,17.40831002796644,7.420265780730897,22.054761904761904,607,3,75,0.2,0.5,0.5,inheritance,inheritance,inheritance
2520,618,2487,0.19999999999999996,0.5,0.5,17.54642857142857,7.008090614886731,22.153598713309208,608,3,75,0.2,0.5,0.5,inheritance,inheritance,inheritance
2562,607,2456,0.19999999999999998,0.5,0.5,17.71233411397346,7.028006589785832,22.01302931596091,609,3,75,0.2,0.5,0.5,inheritance,inheritance,inheritance
2586,629,2410,0.19999999999999998,0.5,0.5,17.731631863882445,6.794912559618442,22.187136929460582,610,3,75,0.2,0.5,0.5,inheritance,inheritance,inheritance
2598,658,2369,0.19999999999999996,0.5,0.5,17.897998460354117,6.772036474164134,22.292106373997466,611,3,75,0.2,0.5,0.5,inheritance,inheritance,inheritance
2615,654,2356,0.19999999999999996,0.5,0.5,18.110516252390056,6.662079510703364,22.072156196943972,612,3,75,0.2,0.5,0.5,inheritance,inheritance,inheritance
2649,668,2308,0.19999999999999998,0.5,0.5,18.156285390713478,6.660179640718563,22.040294627383016,613,3,75,0.2,0.5,0.5,inheritance,inheritance,inheritance
2634,688,2303,0.19999999999999998,0.5,0.5,18.534927866362946,6.5523255813953485,22.010421189752496,614,3,75,0.2,0.5,0.5,inheritance,inheritance,inheritance
2649,716,2260,0.19999999999999998,0.5,0.5,18.556436391090976,6.592178770949721,22.18141592920354,615,3,75,0.2,0.5,0.5,inheritance,inheritance,inheritance
2658,729,2238,0.19999999999999996,0.5,0.5,18.568472535741158,6.526748971193416,22.100983020554064,616,3,75,0.2,0.5,0.5,inheritance,inheritance,inheritance
2672,751,2202,0.19999999999999996,0.5,0.5,18.677395209580837,6.5912117177097205,21.860581289736604,617,3,75,0.2,0.5,0.5,inheritance,inheritance,inheritance
2667,764,2194,0.19999999999999996,0.5,0.5,18.819272590926133,6.5680628272251305,21.947584320875112,618,3,75,0.2,0.5,0.5,inheritance,inheritance,inheritance
2672,789,2164,0.19999999999999996,0.5,0.5,18.793787425149702,6.64765525982256,21.900184842883547,619,3,75,0.2,0.5,0.5,inheritance,inheritance,inheritance
2649,815,2161,0.19999999999999998,0.5,0.5,18.999244998112495,6.45521472392638,21.65710319296622,620,3,75,0.2,0.5,0.5,inheritance,inheritance,inheritance
2615,849,2161,0.19999999999999996,0.5,0.5,18.91204588910134,6.25206124852768,21.432207311429895,621,3,75,0.2,0.5,0.5,inheritance,inheritance,inheritance
2616,859,2150,0.19999999999999998,0.5,0.5,18.93769113149847,6.349243306169965,21.38046511627907,622,3,75,0.2,0.5,0.5,inheritance,inheritance,inheritance
2593,881,2151,0.19999999999999996,0.5,0.5,19.08214423447744,6.323496027241771,21.09112040911204,623,3,75,0.2,0.5,0.5,inheritance,inheritance,inheritance
2598,896,2131,0.19999999999999996,0.5,0.5,19.148960739030024,6.4921875,21.047864852182073,624,3,75,0.2,0.5,0.5,inheritance,inheritance,inheritance
2585,916,2124,0.2,0.5,0.5,19.186847195357835,6.647379912663755,20.76412429378531,625,3,75,0.2,0.5,0.5,inheritance,inheritance,inheritance
2587,908,2130,0.19999999999999996,0.5,0.5,19.215693853884808,6.64647577092511,20.517840375586854,626,3,75,0.2,0.5,0.5,inheritance,inheritance,inheritance
2569,933,2123,0.19999999999999998,0.5,0.5,19.20825223822499,6.759914255091104,20.647668393782382,627,3,75,0.2,0.5,0.5,inheritance,inheritance,inheritance
2560,942,2123,0.19999999999999998,0.5,0.5,19.2671875,6.83651804670913,20.54686764013189,628,3,75,0.2,0.5,0.5,inheritance,inheritance,inheritance
2563,947,2115,0.19999999999999996,0.5,0.5,19.284042138119393,6.931362196409715,20.190543735224587,629,3,75,0.2,0.5,0.5,inheritance,inheritance,inheritance
2558,935,2132,0.19999999999999998,0.5,0.5,19.437060203283817,6.949732620320856,19.897279549718576,630,3,75,0.2,0.5,0.5,inheritance,inheritance,inheritance
2563,942,2120,0.19999999999999996,0.5,0.5,19.524385485758877,7.127388535031847,19.777358490566037,631,3,75,0.2,0.5,0.5,inheritance,inheritance,inheritance
2571,953,2101,0.19999999999999998,0.5,0.5,19.476468300272266,7.3599160545645335,19.812470252260827,632,3,75,0.2,0.5,0.5,inheritance,inheritance,inheritance
2571,951,2103,0.19999999999999998,0.5,0.5,19.45935433683392,7.267087276550999,19.394198763670946,633,3,75,0.2,0.5,0.5,inheritance,inheritance,inheritance
2550,960,2115,0.19999999999999998,0.5,0.5,19.74078431372549,7.270833333333333,19.36501182033097,634,3,75,0.2,0.5,0.5,inheritance,inheritance,inheritance
2513,979,2133,0.19999999999999996,0.5,0.5,19.806207719856744,7.204290091930542,19.24425691514299,635,3,75,0.2,0.5,0.5,inheritance,inheritance,inheritance
2502,973,2150,0.19999999999999996,0.5,0.5,19.893685051958432,7.349434737923946,18.906511627906976,636,3,75,0.2,0.5,0.5,inheritance,inheritance,inheritance
2473,1006,2146,0.19999999999999998,0.5,0.5,19.524059846340478,7.039761431411531,18.73205964585275,637,3,75,0.2,0.5,0.5,inheritance,inheritance,inheritance
2450,1009,2166,0.2,0.5,0.5,19.517142857142858,7.0,18.579870729455216,638,3,75,0.2,0.5,0.5,inheritance,inheritance,inheritance
2409,1036,2180,0.2,0.5,0.5,19.480697384806973,6.891891891891892,18.494495412844035,639,3,75,0.2,0.5,0.5,inheritance,inheritance,inheritance
2360,1057,2208,0.2,0.5,0.5,19.541101694915255,6.871333964049196,18.547101449275363,640,3,75,0.2,0.5,0.5,inheritance,inheritance,inheritance
2350,1071,2204,0.19999999999999998,0.5,0.5,19.272340425531915,6.954248366013072,18.27994555353902,641,3,75,0.2,0.5,0.5,inheritance,inheritance,inheritance
2327,1071,2227,0.19999999999999998,0.5,0.5,19.134078212290504,7.0093370681605975,17.970363718006286,642,3,75,0.2,0.5,0.5,inheritance,inheritance,inheritance
2310,1051,2264,0.19999999999999998,0.5,0.5,19.141991341991343,7.225499524262607,17.654151943462896,643,3,75,0.2,0.5,0.5,inheritance,inheritance,inheritance
2288,1064,2273,0.19999999999999998,0.5,0.5,18.847027972027973,7.1644736842105265,17.58600967883854,644,3,75,0.2,0.5,0.5,inheritance,inheritance,inheritance
2257,1078,2290,0.19999999999999996,0.5,0.5,18.61187416925122,7.348794063079778,17.464628820960698,645,3,75,0.2,0.5,0.5,inheritance,inheritance,inheritance
2241,1089,2295,0.19999999999999998,0.5,0.5,18.548862115127175,7.5013774104683195,17.59520697167756,646,3,75,0.2,0.5,0.5,inheritance,inheritance,inheritance
2219,1088,2318,0.19999999999999998,0.5,0.5,18.48895899053628,7.522058823529412,17.503451251078516,647,3,75,0.2,0.5,0.5,inheritance,inheritance,inheritance
2207,1072,2346,0.19999999999999996,0.5,0.5,18.297236067059355,7.627798507462686,17.343563512361467,648,3,75,0.2,0.5,0.5,inheritance,inheritance,inheritance
2168,1081,2376,0.19999999999999996,0.5,0.5,18.264760147601475,7.580018501387604,17.256734006734007,649,3,75,0.2,0.5,0.5,inheritance,inheritance,inheritance
2187,1046,2392,0.19999999999999996,0.5,0.5,18.158207590306354,7.747609942638623,17.12876254180602,650,3,75,0.2,0.5,0.5,inheritance,inheritance,inheritance
2180,1040,2405,0.19999999999999998,0.5,0.5,17.94495412844037,7.8240384615384615,17.13139293139293,651,3,75,0.2,0.5,0.5,inheritance,inheritance,inheritance
2162,1047,2416,0.19999999999999998,0.5,0.5,17.712303422756708,7.708691499522445,16.979718543046356,652,3,75,0.2,0.5,0.5,inheritance,inheritance,inheritance
2165,1043,2417,0.19999999999999998,0.5,0.5,17.504387990762126,7.790987535953979,17.02730657840298,653,3,75,0.2,0.5,0.5,inheritance,inheritance,inheritance
2167,1036,2422,0.19999999999999998,0.5,0.5,17.28241808952469,7.897683397683398,16.919488026424442,654,3,75,0.2,0.5,0.5,inheritance,inheritance,inheritance
2153,1034,2438,0.19999999999999998,0.5,0.5,17.20157919182536,7.9003868471953576,16.974159146841675,655,3,75,0.2,0.5,0.5,inheritance,inheritance,inheritance
2156,995,2474,0.19999999999999996,0.5,0.5,17.04591836734694,8.004020100502512,16.896928051738076,656,3,75,0.2,0.5,0.5,inheritance,inheritance,inheritance
2171,969,2485,0.19999999999999996,0.5,0.5,17.155228005527405,8.089783281733746,17.00321931589537,657,3,75,0.2,0.5,0.5,inheritance,inheritance,inheritance
2186,940,2499,0.19999999999999996,0.5,0.5,17.07868252516011,8.080851063829787,16.971988795518207,658,3,75,0.2,0.5,0.5,inheritance,inheritance,inheritance
2188,920,2517,0.19999999999999996,0.5,0.5,17.0808957952468,8.155434782608696,16.960270162892332,659,3,75,0.2,0.5,0.5,inheritance,inheritance,inheritance
2203,903,2519,0.19999999999999996,0.5,0.5,17.293690422151613,8.234772978959025,17.090512107979357,660,3,75,0.2,0.5,0.5,inheritance,inheritance,inheritance
2207,869,2549,0.19999999999999996,0.5,0.5,17.341640235613955,8.287686996547755,17.048254217340133,661,3,75,0.2,0.5,0.5,inheritance,inheritance,inheritance
2207,837,2581,0.19999999999999996,0.5,0.5,17.6121431807884,8.365591397849462,17.123595505617978,662,3,75,0.2,0.5,0.5,inheritance,inheritance,inheritance
2219,821,2585,0.19999999999999998,0.5,0.5,17.807120324470482,8.328867235079171,17.22359767891683,663,3,75,0.2,0.5,0.5,inheritance,inheritance,inheritance
2233,806,2586,0.19999999999999998,0.5,0.5,17.835647111509182,8.267990074441688,17.396365042536736,664,3,75,0.2,0.5,0.5,inheritance,inheritance,inheritance
2233,814,2578,0.19999999999999998,0.5,0.5,17.96014330497089,7.992628992628993,17.495733126454617,665,3,75,0.2,0.5,0.5,inheritance,inheritance,inheritance
2260,799,2566,0.19999999999999998,0.5,0.5,17.796902654867257,7.914893617021277,17.48207326578332,666,3,75,0.2,0.5,0.5,inheritance,inheritance,inheritance
2287,780,2558,0.19999999999999998,0.5,0.5,17.770441626585047,7.7153846153846155,17.612587959343237,667,3,75,0.2,0.5,0.5,inheritance,inheritance,inheritance
2316,767,2542,0.19999999999999998,0.5,0.5,17.83894645941278,7.85006518904824,17.70456333595594,668,3,75,0.2,0.5,0.5,inheritance,inheritance,inheritance
2367,754,2504,0.19999999999999998,0.5,0.5,17.88635403464301,8.10477453580902,17.896166134185304,669,3,75,0.2,0.5,0.5,inheritance,inheritance,inheritance
2402,744,2479,0.19999999999999998,0.5,0.5,18.067860116569527,8.200268817204302,18.11819281968536,670,3,75,0.2,0.5,0.5,inheritance,inheritance,inheritance
2414,745,2466,0.19999999999999998,0.5,0.5,18.125517812758908,8.07248322147651,18.273722627737225,671,3,75,0.2,0.5,0.5,inheritance,inheritance,inheritance
2417,736,2472,0.19999999999999998,0.5,0.5,18.408357467935456,8.10054347826087,18.57645631067961,672,3,75,0.2,0.5,0.5,inheritance,inheritance,inheritance
2454,709,2462,0.19999999999999998,0.5,0.5,18.601059494702525,8.338504936530324,18.872867587327377,673,3,75,0.2,0.5,0.5,inheritance,inheritance,inheritance
2463,711,2451,0.19999999999999998,0.5,0.5,18.667072675598863,8.146272855133615,18.976744186046513,674,3,75,0.2,0.5,0.5,inheritance,inheritance,inheritance
2443,713,2469,0.19999999999999998,0.5,0.5,19.03520261972984,7.967741935483871,19.19198055893074,675,3,75,0.2,0.5,0.5,inheritance,inheritance,inheritance
2462,697,2466,0.19999999999999998,0.5,0.5,19.2229894394801,8.073170731707316,19.380778588807786,676,3,75,0.2,0.5,0.5,inheritance,inheritance,inheritance
2469,681,2475,0.19999999999999998,0.5,0.5,19.4196030781693,7.832599118942731,19.46989898989899,677,3,75,0.2,0.5,0.5,inheritance,inheritance,inheritance
2489,659,2477,0.19999999999999998,0.5,0.5,19.609079951787866,7.816388467374811,19.596689543802988,678,3,75,0.2,0.5,0.5,inheritance,inheritance,inheritance
2501,655,2469,0.19999999999999998,0.5,0.5,19.908036785285887,7.748091603053435,19.897934386391253,679,3,75,0.2,0.5,0.5,inheritance,inheritance,inheritance
2521,657,2447,0.19999999999999998,0.5,0.5,20.055930186433955,7.701674277016743,20.08050674295055,680,3,75,0.2,0.5,0.5,inheritance,inheritance,inheritance
2564,648,2413,0.19999999999999998,0.5,0.5,20.225429017160685,7.8734567901234565,20.38416908412764,681,3,75,0.2,0.5,0.5,inheritance,inheritance,inheritance
2588,661,2376,0.19999999999999996,0.5,0.5,20.334621329211746,7.751891074130106,20.661616161616163,682,3,75,0.2,0.5,0.5,inheritance,inheritance,inheritance
2574,710,2341,0.19999999999999998,0.5,0.5,20.44910644910645,7.501408450704226,20.949167022639898,683,3,75,0.2,0.5,0.5,inheritance,inheritance,inheritance
2555,741,2329,0.19999999999999998,0.5,0.5,20.56399217221135,7.348178137651822,21.1803349076857,684,3,75,0.2,0.5,0.5,inheritance,inheritance,inheritance
2554,753,2318,0.19999999999999998,0.5,0.5,20.844166014095535,7.366533864541832,21.376617773943053,685,3,75,0.2,0.5,0.5,inheritance,inheritance,inheritance
2563,756,2306,0.19999999999999996,0.5,0.5,20.92859929769801,7.281746031746032,21.401994796183867,686,3,75,0.2,0.5,0.5,inheritance,inheritance,inheritance
2578,761,2286,0.19999999999999996,0.5,0.5,21.110938712179983,7.408672798948752,21.70384951881015,687,3,75,0.2,0.5,0.5,inheritance,inheritance,inheritance
2583,778,2264,0.19999999999999996,0.5,0.5,21.15718157181572,7.282776349614396,21.770318021201412,688,3,75,0.2,0.5,0.5,inheritance,inheritance,inheritance
2576,787,2262,0.19999999999999998,0.5,0.5,21.31715838509317,7.132147395171537,21.779840848806366,689,3,75,0.2,0.5,0.5,inheritance,inheritance,inheritance
2563,802,2260,0.19999999999999996,0.5,0.5,21.473273507608273,7.027431421446384,21.838938053097344,690,3,75,0.2,0.5,0.5,inheritance,inheritance,inheritance
2549,810,2266,0.19999999999999998,0.5,0.5,21.77481365241271,7.050617283950618,21.738746690203,691,3,75,0.2,0.5,0.5,inheritance,inheritance,inheritance
2544,798,2283,0.19999999999999998,0.5,0.5,21.979166666666668,7.06015037593985,21.675427069645202,692,3,75,0.2,0.5,0.5,inheritance,inheritance,inheritance
2552,776,2297,0.19999999999999998,0.5,0.5,21.976097178683386,6.981958762886598,21.359164127122334,693,3,75,0.2,0.5,0.5,inheritance,inheritance,inheritance
2548,794,2283,0.19999999999999996,0.5,0.5,22.082810047095762,6.866498740554156,21.320630749014455,694,3,75,0.2,0.5,0.5,inheritance,inheritance,inheritance
2543,784,2298,0.19999999999999996,0.5,0.5,22.11718442784113,6.99234693877551,21.273281114012185,695,3,75,0.2,0.5,0.5,inheritance,inheritance,inheritance
2540,816,2269,0.19999999999999996,0.5,0.5,22.09803149606299,6.963235294117647,21.614367562802997,696,3,75,0.2,0.5,0.5,inheritance,inheritance,inheritance
2540,813,2272,0.19999999999999996,0.5,0.5,22.08031496062992,6.986469864698647,21.45862676056338,697,3,75,0.2,0.5,0.5,inheritance,inheritance,inheritance
2545,792,2288,0.19999999999999998,0.5,0.5,22.106483300589392,7.040404040404041,21.45410839160839,698,3,75,0.2,0.5,0.5,inheritance,inheritance,inheritance
2526,793,2306,0.19999999999999998,0.5,0.5,22.229216152019003,6.89281210592686,21.258456201214223,699,3,75,0.2,0.5,0.5,inheritance,inheritance,inheritance
2524,785,2316,0.19999999999999998,0.5,0.5,22.171156893819333,6.761783439490446,21.119602763385146,700,3,75,0.2,0.5,0.5,inheritance,inheritance,inheritance
2512,810,2303,0.19999999999999996,0.5,0.5,22.133757961783438,6.665432098765432,21.237082066869302,701,3,75,0.2,0.5,0.5,inheritance,inheritance,inheritance
2510,818,2297,0.19999999999999998,0.5,0.5,21.99362549800797,6.789731051344743,21.24553765781454,702,3,75,0.2,0.5,0.5,inheritance,inheritance,inheritance
2501,831,2293,0.19999999999999998,0.5,0.5,21.92043182726909,6.777376654632972,21.23724378543393,703,3,75,0.2,0.5,0.5,inheritance,inheritance,inheritance
2480,845,2300,0.19999999999999998,0.5,0.5,21.890725806451613,6.707692307692308,21.159130434782607,704,3,75,0.2,0.5,0.5,inheritance,inheritance,inheritance
2477,855,2293,0.19999999999999998,0.5,0.5,21.750908356883325,6.723976608187135,21.191452245965984,705,3,75,0.2,0.5,0.5,inheritance,inheritance,inheritance
2424,909,2292,0.19999999999999998,0.5,0.5,21.764026402640265,6.598459845984599,21.401832460732983,706,3,75,0.2,0.5,0.5,inheritance,inheritance,inheritance
2400,930,2295,0.2,0.5,0.5,21.848333333333333,6.637634408602151,21.35773420479303,707,3,75,0.2,0.5,0.5,inheritance,inheritance,inheritance
2401,945,2279,0.19999999999999998,0.5,0.5,21.653061224489797,6.701587301587302,21.310223782360683,708,3,75,0.2,0.5,0.5,inheritance,inheritance,inheritance
2392,955,2278,0.19999999999999998,0.5,0.5,21.440217391304348,6.896335078534031,21.176470588235293,709,3,75,0.2,0.5,0.5,inheritance,inheritance,inheritance
2371,973,2281,0.19999999999999998,0.5,0.5,21.21720792914382,6.906474820143885,20.875931608943446,710,3,75,0.2,0.5,0.5,inheritance,inheritance,inheritance
2358,984,2283,0.19999999999999998,0.5,0.5,21.039864291772687,7.001016260162602,20.928602715724924,711,3,75,0.2,0.5,0.5,inheritance,inheritance,inheritance
2344,982,2299,0.19999999999999998,0.5,0.5,20.705631399317404,7.083503054989817,20.90691605045672,712,3,75,0.2,0.5,0.5,inheritance,inheritance,inheritance
2344,978,2303,0.19999999999999998,0.5,0.5,20.491894197952217,7.1503067484662575,20.71341728180634,713,3,75,0.2,0.5,0.5,inheritance,inheritance,inheritance
2337,963,2325,0.19999999999999996,0.5,0.5,20.16431322207959,6.989615784008308,20.363870967741935,714,3,75,0.2,0.5,0.5,inheritance,inheritance,inheritance
2309,975,2341,0.19999999999999998,0.5,0.5,19.912083152880033,6.961025641025641,20.166595472020504,715,3,75,0.2,0.5,0.5,inheritance,inheritance,inheritance
2308,959,2358,0.19999999999999998,0.5,0.5,19.76949740034662,7.173096976016684,20.116200169635285,716,3,75,0.2,0.5,0.5,inheritance,inheritance,inheritance
2304,938,2383,0.19999999999999998,0.5,0.5,19.6640625,7.162046908315565,19.80864456567352,717,3,75,0.2,0.5,0.5,inheritance,inheritance,inheritance
2285,915,2425,0.2,0.5,0.5,19.46695842450766,6.933333333333334,19.52659793814433,718,3,75,0.2,0.5,0.5,inheritance,inheritance,inheritance
2272,879,2474,0.19999999999999998,0.5,0.5,19.380721830985916,7.003412969283277,19.178658043654,719,3,75,0.2,0.5,0.5,inheritance,inheritance,inheritance
2275,867,2483,0.2,0.5,0.5,19.274725274725274,7.012687427912342,19.09585179218687,720,3,75,0.2,0.5,0.5,inheritance,inheritance,inheritance
2307,839,2479,0.19999999999999998,0.5,0.5,19.204594711746857,7.057210965435042,18.71157724889068,721,3,75,0.2,0.5,0.5,inheritance,inheritance,inheritance
2320,820,2485,0.19999999999999998,0.5,0.5,19.259913793103447,7.193902439024391,18.624547283702213,722,3,75,0.2,0.5,0.5,inheritance,inheritance,inheritance
2348,816,2461,0.19999999999999996,0.5,0.5,19.220187393526405,7.252450980392157,18.62251117431938,723,3,75,0.2,0.5,0.5,inheritance,inheritance,inheritance
2359,819,2447,0.19999999999999998,0.5,0.5,19.228910555320052,7.247863247863248,18.528810788720882,724,3,75,0.2,0.5,0.5,inheritance,inheritance,inheritance
2380,794,2451,0.2,0.5,0.5,19.168067226890756,7.178841309823677,18.324765401876785,725,3,75,0.2,0.5,0.5,inheritance,inheritance,inheritance
2380,795,2450,0.2,0.5,0.5,19.13529411764706,7.19622641509434,18.366938775510203,726,3,75,0.2,0.5,0.5,inheritance,inheritance,inheritance
2371,791,2463,0.19999999999999998,0.5,0.5,19.147195276254745,7.15929203539823,18.384490458790093,727,3,75,0.2,0.5,0.5,inheritance,inheritance,inheritance
2382,776,2467,0.19999999999999998,0.5,0.5,19.217044500419814,7.055412371134021,18.284150790433724,728,3,75,0.2,0.5,0.5,inheritance,inheritance,inheritance
2339,797,2489,0.19999999999999998,0.5,0.5,19.442924326635314,6.936010037641155,18.445158698272397,729,3,75,0.2,0.5,0.5,inheritance,inheritance,inheritance
2330,816,2479,0.19999999999999998,0.5,0.5,19.394849785407725,6.981617647058823,18.746268656716417,730,3,75,0.2,0.5,0.5,inheritance,inheritance,inheritance
2308,837,2480,0.19999999999999998,0.5,0.5,19.32409012131716,6.878136200716846,18.81935483870968,731,3,75,0.2,0.5,0.5,inheritance,inheritance,inheritance
2258,873,2494,0.19999999999999996,0.5,0.5,19.382196634189548,6.778923253150057,18.9831595829992,732,3,75,0.2,0.5,0.5,inheritance,inheritance,inheritance
2235,896,2494,0.19999999999999998,0.5,0.5,19.37315436241611,6.825892857142857,19.105854049719326,733,3,75,0.2,0.5,0.5,inheritance,inheritance,inheritance
2258,895,2472,0.19999999999999996,0.5,0.5,19.148804251550043,6.808938547486034,19.149676375404532,734,3,75,0.2,0.5,0.5,inheritance,inheritance,inheritance
2247,905,2473,0.19999999999999998,0.5,0.5,19.021806853582554,6.938121546961326,19.097452486858067,735,3,75,0.2,0.5,0.5,inheritance,inheritance,inheritance
2235,929,2461,0.19999999999999998,0.5,0.5,19.05682326621924,7.030139935414424,19.356765542462412,736,3,75,0.2,0.5,0.5,inheritance,inheritance,inheritance
2235,948,2442,0.19999999999999998,0.5,0.5,18.948993288590604,7.081223628691983,19.45986895986896,737,3,75,0.2,0.5,0.5,inheritance,inheritance,inheritance
2248,931,2446,0.19999999999999996,0.5,0.5,18.862099644128115,7.121374865735768,19.438675388389207,738,3,75,0.2,0.5,0.5,inheritance,inheritance,inheritance
2244,935,2446,0.19999999999999998,0.5,0.5,18.462566844919785,7.173262032085561,19.396974652493867,739,3,75,0.2,0.5,0.5,inheritance,inheritance,inheritance
2256,928,2441,0.19999999999999998,0.5,0.5,18.339982269503547,7.276939655172414,19.37279803359279,740,3,75,0.2,0.5,0.5,inheritance,inheritance,inheritance
2266,915,2444,0.19999999999999998,0.5,0.5,18.461165048543688,7.280874316939891,19.399754500818332,741,3,75,0.2,0.5,0.5,inheritance,inheritance,inheritance
2285,906,2434,0.2,0.5,0.5,18.52253829321663,7.529801324503311,19.472884141331143,742,3,75,0.2,0.5,0.5,inheritance,inheritance,inheritance
2301,895,2429,0.19999999999999998,0.5,0.5,18.395914819643632,7.625698324022347,19.65747221078633,743,3,75,0.2,0.5,0.5,inheritance,inheritance,inheritance
2329,866,2430,0.19999999999999998,0.5,0.5,18.40017174753113,7.800230946882217,19.55432098765432,744,3,75,0.2,0.5,0.5,inheritance,inheritance,inheritance
2346,866,2413,0.19999999999999998,0.5,0.5,18.247229326513214,7.736720554272518,19.577289680895152,745,3,75,0.2,0.5,0.5,inheritance,inheritance,inheritance
2350,838,2437,0.19999999999999998,0.5,0.5,18.362978723404254,7.6252983293556085,19.42675420599097,746,3,75,0.2,0.5,0.5,inheritance,inheritance,inheritance
2368,829,2428,0.19999999999999998,0.5,0.5,18.25929054054054,7.469240048250905,19.366144975288304,747,3,75,0.2,0.5,0.5,inheritance,inheritance,inheritance
2401,832,2392,0.19999999999999998,0.5,0.5,18.104956268221574,7.576923076923077,19.527591973244146,748,3,75,0.2,0.5,0.5,inheritance,inheritance,inheritance
2398,827,2400,0.19999999999999998,0.5,0.5,18.23436196830692,7.392986698911729,19.47458333333333,749,3,75,0.2,0.5,0.5,inheritance,inheritance,inheritance
2405,831,2389,0.2,0.5,0.5,18.21995841995842,7.329723225030084,19.514441188781916,750,3,75,0.2,0.5,0.5,inheritance,inheritance,inheritance
2411,837,2377,0.19999999999999998,0.5,0.5,18.330982994608046,7.379928315412187,19.612536811106438,751,3,75,0.2,0.5,0.5,inheritance,inheritance,inheritance
2434,814,2377,0.19999999999999998,0.5,0.5,18.266639276910436,7.484029484029484,19.49642406394615,752,3,75,0.2,0.5,0.5,inheritance,inheritance,inheritance
2436,787,2402,0.19999999999999998,0.5,0.5,18.332512315270936,7.325285895806862,19.29600333055787,753,3,75,0.2,0.5,0.5,inheritance,inheritance,inheritance
2446,782,2397,0.19999999999999998,0.5,0.5,18.37408013082584,7.383631713554987,19.303295786399666,754,3,75,0.2,0.5,0.5,inheritance,inheritance,inheritance
2454,779,2392,0.19999999999999998,0.5,0.5,18.43031784841076,7.183568677792041,19.18938127090301,755,3,75,0.2,0.5,0.5,inheritance,inheritance,inheritance
2463,780,2382,0.19999999999999998,0.5,0.5,18.4766544863987,7.12948717948718,19.163308144416458,756,3,75,0.2,0.5,0.5,inheritance,inheritance,inheritance
2474,796,2355,0.19999999999999998,0.5,0.5,18.399757477768794,7.14321608040201,19.304458598726114,757,3,75,0.2,0.5,0.5,inheritance,inheritance,inheritance
2486,795,2344,0.19999999999999998,0.5,0.5,18.37288817377313,7.1169811320754715,19.31058020477816,758,3,75,0.2,0.5,0.5,inheritance,inheritance,inheritance
2475,823,2327,0.19999999999999998,0.5,0.5,18.39151515151515,7.1166464155528555,19.31413837559089,759,3,75,0.2,0.5,0.5,inheritance,inheritance,inheritance
2448,851,2326,0.19999999999999998,0.5,0.5,18.501633986928105,7.070505287896593,19.444110060189168,760,3,75,0.2,0.5,0.5,inheritance,inheritance,inheritance
2472,849,2304,0.19999999999999998,0.5,0.5,18.332928802588995,6.948174322732626,19.375,761,3,75,0.2,0.5,0.5,inheritance,inheritance,inheritance
2493,849,2283,0.19999999999999996,0.5,0.5,18.235459286000804,6.885747938751472,19.32939115199299,762,3,75,0.2,0.5,0.5,inheritance,inheritance,inheritance
2491,837,2297,0.19999999999999998,0.5,0.5,18.450822962665598,6.818399044205496,19.255986068785372,763,3,75,0.2,0.5,0.5,inheritance,inheritance,inheritance
2488,844,2293,0.19999999999999996,0.5,0.5,18.482315112540192,6.734597156398104,19.048408198866113,764,3,75,0.2,0.5,0.5,inheritance,inheritance,inheritance
2473,869,2283,0.19999999999999998,0.5,0.5,18.482814395471088,6.478711162255466,18.839246605343845,765,3,75,0.2,0.5,0.5,inheritance,inheritance,inheritance
2456,889,2280,0.19999999999999998,0.5,0.5,18.547231270358306,6.4454443194600675,18.775,766,3,75,0.2,0.5,0.5,inheritance,inheritance,inheritance
2463,884,2278,0.19999999999999998,0.5,0.5,18.65935850588713,6.647058823529412,18.73748902546093,767,3,75,0.2,0.5,0.5,inheritance,inheritance,inheritance
2470,902,2253,0.19999999999999998,0.5,0.5,18.653036437246964,6.849223946784923,18.883266755437194,768,3,75,0.2,0.5,0.5,inheritance,inheritance,inheritance
2451,917,2257,0.19999999999999998,0.5,0.5,18.72623419012648,6.919302071973828,18.888347363757198,769,3,75,0.2,0.5,0.5,inheritance,inheritance,inheritance
2436,939,2250,0.19999999999999998,0.5,0.5,18.7188013136289,6.996805111821086,18.948888888888888,770,3,75,0.2,0.5,0.5,inheritance,inheritance,inheritance
2427,960,2238,0.19999999999999998,0.5,0.5,18.816234033786568,7.103125,19.04870420017873,771,3,75,0.2,0.5,0.5,inheritance,inheritance,inheritance
2418,967,2240,0.2,0.5,0.5,18.79239040529363,7.301964839710445,18.973660714285714,772,3,75,0.2,0.5,0.5,inheritance,inheritance,inheritance
2422,967,2236,0.19999999999999998,0.5,0.5,18.834847233691164,7.4405377456049635,18.771466905187836,773,3,75,0.2,0.5,0.5,inheritance,inheritance,inheritance
2410,984,2231,0.2,0.5,0.5,18.967634854771784,7.461382113821138,18.84536082474227,774,3,75,0.2,0.5,0.5,inheritance,inheritance,inheritance
2404,1000,2221,0.19999999999999998,0.5,0.5,19.033277870216306,7.559,18.696082845565062,775,3,75,0.2,0.5,0.5,inheritance,inheritance,inheritance
2387,1026,2212,0.19999999999999998,0.5,0.5,19.07498952660243,7.696881091617934,18.630650994575046,776,3,75,0.2,0.5,0.5,inheritance,inheritance,inheritance
2355,1082,2188,0.2,0.5,0.5,18.779193205944797,7.587800369685767,18.629341864716636,777,3,75,0.2,0.5,0.5,inheritance,inheritance,inheritance
2321,1130,2174,0.19999999999999998,0.5,0.5,18.67255493321844,7.716814159292035,18.799448022079115,778,3,75,0.2,0.5,0.5,inheritance,inheritance,inheritance
2276,1182,2167,0.19999999999999998,0.5,0.5,18.43321616871705,7.584602368866328,18.702814951545918,779,3,75,0.2,0.5,0.5,inheritance,inheritance,inheritance
2249,1206,2170,0.19999999999999998,0.5,0.5,18.3654957759004,7.626036484245439,18.517511520737326,780,3,75,0.2,0.5,0.5,inheritance,inheritance,inheritance
2223,1237,2165,0.19999999999999996,0.5,0.5,18.174988753936123,7.664510913500404,18.555196304849886,781,3,75,0.2,0.5,0.5,inheritance,inheritance,inheritance
2191,1277,2157,0.19999999999999996,0.5,0.5,18.071656777727064,7.778386844166014,18.594343996291144,782,3,75,0.2,0.5,0.5,inheritance,inheritance,inheritance
2180,1279,2166,0.19999999999999998,0.5,0.5,17.93256880733945,7.940578577013292,18.385964912280702,783,3,75,0.2,0.5,0.5,inheritance,inheritance,inheritance
2194,1247,2184,0.19999999999999998,0.5,0.5,17.877848678213308,8.184442662389735,18.101190476190474,784,3,75,0.2,0.5,0.5,inheritance,inheritance,inheritance
2159,1251,2215,0.19999999999999998,0.5,0.5,17.76285317276517,8.215027977617906,17.844243792325056,785,3,75,0.2,0.5,0.5,inheritance,inheritance,inheritance
2131,1234,2260,0.19999999999999996,0.5,0.5,17.586109807602064,8.247163695299838,17.568141592920355,786,3,75,0.2,0.5,0.5,inheritance,inheritance,inheritance
2134,1187,2304,0.19999999999999998,0.5,0.5,17.528116213683223,8.417860151642797,17.24392361111111,787,3,75,0.2,0.5,0.5,inheritance,inheritance,inheritance
2135,1167,2323,0.2,0.5,0.5,17.540983606557376,8.603256212510711,17.262591476538958,788,3,75,0.2,0.5,0.5,inheritance,inheritance,inheritance
2125,1157,2343,0.2,0.5,0.5,17.342117647058824,8.663785652549697,16.949637217242852,789,3,75,0.2,0.5,0.5,inheritance,inheritance,inheritance
2102,1143,2380,0.19999999999999998,0.5,0.5,17.32921027592769,8.651793525809273,16.92731092436975,790,3,75,0.2,0.5,0.5,inheritance,inheritance,inheritance
2112,1121,2392,0.19999999999999998,0.5,0.5,17.257575757575758,8.857270294380017,16.953595317725753,791,3,75,0.2,0.5,0.5,inheritance,inheritance,inheritance
2090,1097,2438,0.2,0.5,0.5,17.319138755980862,8.837739288969917,16.8740771123872,792,3,75,0.2,0.5,0.5,inheritance,inheritance,inheritance
2109,1055,2461,0.19999999999999998,0.5,0.5,17.14556661925083,8.818009478672986,16.80373831775701,793,3,75,0.2,0.5,0.5,inheritance,inheritance,inheritance
2108,1030,2487,0.2,0.5,0.5,17.250474383301707,8.960194174757282,16.839967832730196,794,3,75,0.2,0.5,0.5,inheritance,inheritance,inheritance
2100,991,2534,0.2,0.5,0.5,17.311904761904763,8.865792129162463,16.60418310970797,795,3,75,0.2,0.5,0.5,inheritance,inheritance,inheritance
2102,945,2578,0.19999999999999998,0.5,0.5,17.32730732635585,8.775661375661375,16.49146625290923,796,3,75,0.2,0.5,0.5,inheritance,inheritance,inheritance
2116,898,2611,0.19999999999999998,0.5,0.5,17.448015122873347,8.706013363028953,16.465338950593644,797,3,75,0.2,0.5,0.5,inheritance,inheritance,inheritance
2105,876,2644,0.2,0.5,0.5,17.39809976247031,8.581050228310502,16.490544629349472,798,3,75,0.2,0.5,0.5,inheritance,inheritance,inheritance
2083,852,2690,0.2,0.5,0.5,17.357657225156025,8.192488262910798,16.491449814126394,799,3,75,0.2,0.5,0.5,inheritance,inheritance,inheritance
2075,849,2701,0.20000000000000004,0.5,0.5,17.471325301204818,8.083627797408717,16.66716031099593,800,3,75,0.2,0.5,0.5,inheritance,inheritance,inheritance
2084,808,2733,0.2,0.5,0.5,17.39059500959693,8.060643564356436,16.783754116355652,801,3,75,0.2,0.5,0.5,inheritance,inheritance,inheritance
2116,779,2730,0.19999999999999998,0.5,0.5,17.28638941398866,7.901155327342747,17.005494505494507,802,3,75,0.2,0.5,0.5,inheritance,inheritance,inheritance
2138,770,2717,0.19999999999999998,0.5,0.5,17.122544434050514,7.725974025974026,17.29297018770703,803,3,75,0.2,0.5,0.5,inheritance,inheritance,inheritance
2183,728,2714,0.19999999999999996,0.5,0.5,16.98671552908841,7.821428571428571,17.347457627118644,804,3,75,0.2,0.5,0.5,inheritance,inheritance,inheritance
2195,741,2689,0.19999999999999996,0.5,0.5,16.745785876993168,7.475033738191633,17.615470435105987,805,3,75,0.2,0.5,0.5,inheritance,inheritance,inheritance
2219,753,2653,0.19999999999999998,0.5,0.5,16.594411897251014,7.247011952191235,17.984168865435358,806,3,75,0.2,0.5,0.5,inheritance,inheritance,inheritance
2223,772,2630,0.19999999999999996,0.5,0.5,16.58209626630679,7.106217616580311,18.2212927756654,807,3,75,0.2,0.5,0.5,inheritance,inheritance,inheritance
2247,784,2594,0.19999999999999998,0.5,0.5,16.580774365821096,7.160714285714286,18.545104086353124,808,3,75,0.2,0.5,0.5,inheritance,inheritance,inheritance
2270,790,2565,0.19999999999999998,0.5,0.5,16.400881057268723,7.1835443037974684,18.79766081871345,809,3,75,0.2,0.5,0.5,inheritance,inheritance,inheritance
2300,782,2543,0.2,0.5,0.5,16.469565217391306,7.260869565217392,18.971293747542273,810,3,75,0.2,0.5,0.5,inheritance,inheritance,inheritance
2339,774,2512,0.19999999999999998,0.5,0.5,16.410431808465155,7.452196382428941,19.233678343949045,811,3,75,0.2,0.5,0.5,inheritance,inheritance,inheritance
2392,760,2473,0.19999999999999998,0.5,0.5,16.422658862876254,7.557894736842106,19.263243024666398,812,3,75,0.2,0.5,0.5,inheritance,inheritance,inheritance
2447,761,2417,0.19999999999999998,0.5,0.5,16.328156926849204,7.664914586070959,19.419114604882086,813,3,75,0.2,0.5,0.5,inheritance,inheritance,inheritance
2465,777,2383,0.19999999999999998,0.5,0.5,16.511156186612578,7.661518661518661,19.60134284515317,814,3,75,0.2,0.5,0.5,inheritance,inheritance,inheritance
2505,775,2345,0.19999999999999998,0.5,0.5,16.6,7.8103225806451615,19.590618336886994,815,3,75,0.2,0.5,0.5,inheritance,inheritance,inheritance
2542,763,2320,0.19999999999999996,0.5,0.5,16.669944925255706,7.971166448230669,19.52844827586207,816,3,75,0.2,0.5,0.5,inheritance,inheritance,inheritance
2575,738,2312,0.19999999999999996,0.5,0.5,16.729708737864076,8.060975609756097,19.427768166089965,817,3,75,0.2,0.5,0.5,inheritance,inheritance,inheritance
2609,731,2285,0.19999999999999998,0.5,0.5,16.902261402836334,8.064295485636116,19.45776805251641,818,3,75,0.2,0.5,0.5,inheritance,inheritance,inheritance
2647,710,2268,0.19999999999999998,0.5,0.5,17.023422742727615,7.932394366197183,19.413139329805997,819,3,75,0.2,0.5,0.5,inheritance,inheritance,inheritance
2688,708,2229,0.19999999999999996,0.5,0.5,17.269717261904763,8.015536723163843,19.58008075370121,820,3,75,0.2,0.5,0.5,inheritance,inheritance,inheritance
2700,724,2201,0.19999999999999996,0.5,0.5,17.574074074074073,7.972375690607735,19.72557928214448,821,3,75,0.2,0.5,0.5,inheritance,inheritance,inheritance
2728,710,2187,0.19999999999999996,0.5,0.5,17.686950146627566,7.930985915492958,19.729766803840878,822,3,75,0.2,0.5,0.5,inheritance,inheritance,inheritance
2744,711,2170,0.19999999999999996,0.5,0.5,17.88228862973761,7.784810126582278,19.66267281105991,823,3,75,0.2,0.5,0.5,inheritance,inheritance,inheritance
2777,696,2152,0.19999999999999996,0.5,0.5,18.114872164205977,7.688218390804598,19.42332713754647,824,3,75,0.2,0.5,0.5,inheritance,inheritance,inheritance
2818,690,2117,0.19999999999999996,0.5,0.5,18.21220723917672,7.395652173913043,19.153991497401982,825,3,75,0.2,0.5,0.5,inheritance,inheritance,inheritance
2827,711,2087,0.19999999999999996,0.5,0.5,18.580474000707465,7.40787623066104,19.288931480594155,826,3,75,0.2,0.5,0.5,inheritance,inheritance,inheritance
2837,700,2088,0.19999999999999996,0.5,0.5,18.98202326401128,7.381428571428572,19.218869731800766,827,3,75,0.2,0.5,0.5,inheritance,inheritance,inheritance
2856,712,2057,0.19999999999999998,0.5,0.5,19.148809523809526,7.313202247191011,19.137092853670392,828,3,75,0.2,0.5,0.5,inheritance,inheritance,inheritance
2854,721,2050,0.19999999999999998,0.5,0.5,19.560967063770146,7.294036061026352,19.171219512195123,829,3,75,0.2,0.5,0.5,inheritance,inheritance,inheritance
2864,730,2031,0.19999999999999998,0.5,0.5,19.78840782122905,7.158904109589041,19.06548498276711,830,3,75,0.2,0.5,0.5,inheritance,inheritance,inheritance
2878,712,2035,0.19999999999999996,0.5,0.5,20.10250173731758,7.092696629213483,19.006388206388205,831,3,75,0.2,0.5,0.5,inheritance,inheritance,inheritance
2892,726,2007,0.19999999999999998,0.5,0.5,20.35719225449516,7.15426997245179,19.16591928251121,832,3,75,0.2,0.5,0.5,inheritance,inheritance,inheritance
2920,732,1973,0.2,0.5,0.5,20.421575342465754,7.228142076502732,19.04409528636594,833,3,75,0.2,0.5,0.5,inheritance,inheritance,inheritance
2918,765,1942,0.19999999999999996,0.5,0.5,20.646333104866347,7.203921568627451,19.04531410916581,834,3,75,0.2,0.5,0.5,inheritance,inheritance,inheritance
2905,771,1949,0.2,0.5,0.5,21.01067125645439,7.1115434500648504,19.074397126731657,835,3,75,0.2,0.5,0.5,inheritance,inheritance,inheritance
2890,791,1944,0.2,0.5,0.5,21.244982698961937,7.053097345132743,19.07664609053498,836,3,75,0.2,0.5,0.5,inheritance,inheritance,inheritance
2882,808,1935,0.19999999999999998,0.5,0.5,21.475711311589173,6.9344059405940595,19.20723514211886,837,3,75,0.2,0.5,0.5,inheritance,inheritance,inheritance
2867,840,1918,0.19999999999999998,0.5,0.5,21.587373561213813,6.654761904761905,19.211157455683004,838,3,75,0.2,0.5,0.5,inheritance,inheritance,inheritance
2845,862,1918,0.19999999999999996,0.5,0.5,21.978207381370826,6.830626450116009,19.392596454640252,839,3,75,0.2,0.5,0.5,inheritance,inheritance,inheritance
2818,909,1898,0.19999999999999996,0.5,0.5,22.157558552164655,6.83058305830583,19.591675447839833,840,3,75,0.2,0.5,0.5,inheritance,inheritance,inheritance
2790,949,1886,0.2,0.5,0.5,22.21720430107527,6.799789251844047,19.517497348886533,841,3,75,0.2,0.5,0.5,inheritance,inheritance,inheritance
2768,973,1884,0.19999999999999996,0.5,0.5,22.215317919075144,6.802672147995889,19.334925690021233,842,3,75,0.2,0.5,0.5,inheritance,inheritance,inheritance
2718,1047,1860,0.19999999999999996,0.5,0.5,22.15599705665931,6.716332378223496,19.2752688172043,843,3,75,0.2,0.5,0.5,inheritance,inheritance,inheritance
2658,1114,1853,0.19999999999999996,0.5,0.5,22.08991723100075,6.6050269299820465,19.168375607123583,844,3,75,0.2,0.5,0.5,inheritance,inheritance,inheritance
2610,1138,1877,0.19999999999999996,0.5,0.5,22.122988505747127,6.65377855887522,18.936068193926477,845,3,75,0.2,0.5,0.5,inheritance,inheritance,inheritance
2555,1186,1884,0.19999999999999998,0.5,0.5,21.733463796477494,6.685497470489039,18.56687898089172,846,3,75,0.2,0.5,0.5,inheritance,inheritance,inheritance
2515,1233,1877,0.19999999999999996,0.5,0.5,21.46361829025845,6.802919708029197,18.40596696856686,847,3,75,0.2,0.5,0.5,inheritance,inheritance,inheritance
2470,1270,1885,0.19999999999999998,0.5,0.5,21.1,6.937795275590551,18.03183023872679,848,3,75,0.2,0.5,0.5,inheritance,inheritance,inheritance
2401,1286,1938,0.19999999999999998,0.5,0.5,20.937942523948355,6.97900466562986,17.594943240454075,849,3,75,0.2,0.5,0.5,inheritance,inheritance,inheritance
2354,1314,1957,0.19999999999999998,0.5,0.5,20.497875955819882,7.08523592085236,17.114460909555444,850,3,75,0.2,0.5,0.5,inheritance,inheritance,inheritance
2292,1331,2002,0.19999999999999998,0.5,0.5,19.970767888307154,6.998497370398197,16.736763236763238,851,3,75,0.2,0.5,0.5,inheritance,inheritance,inheritance
2215,1360,2050,0.19999999999999996,0.5,0.5,19.76388261851016,7.109558823529412,16.5809756097561,852,3,75,0.2,0.5,0.5,inheritance,inheritance,inheritance
2157,1376,2092,0.19999999999999998,0.5,0.5,19.482614742698193,7.342296511627907,16.307839388145315,853,3,75,0.2,0.5,0.5,inheritance,inheritance,inheritance
2138,1353,2134,0.19999999999999998,0.5,0.5,19.21842843779233,7.592017738359202,16.1087160262418,854,3,75,0.2,0.5,0.5,inheritance,inheritance,inheritance
2090,1350,2185,0.2,0.5,0.5,19.030622009569377,7.724444444444444,15.99588100686499,855,3,75,0.2,0.5,0.5,inheritance,inheritance,inheritance
2050,1326,2249,0.20000000000000007,0.5,0.5,19.0,7.953242835595777,15.857269897732326,856,3,75,0.2,0.5,0.5,inheritance,inheritance,inheritance
2029,1294,2302,0.20000000000000004,0.5,0.5,18.992607195662888,8.199381761978362,15.779322328410078,857,3,75,0.2,0.5,0.5,inheritance,inheritance,inheritance
2012,1248,2365,0.20000000000000004,0.5,0.5,18.92395626242545,8.395032051282051,15.613953488372093,858,3,75,0.2,0.5,0.5,inheritance,inheritance,inheritance
2031,1176,2418,0.2,0.5,0.5,18.811915312653866,8.66921768707483,15.417287014061207,859,3,75,0.2,0.5,0.5,inheritance,inheritance,inheritance
2039,1117,2469,0.20000000000000004,0.5,0.5,18.695438940657183,8.965085049239033,15.246253543944917,860,3,75,0.2,0.5,0.5,inheritance,inheritance,inheritance
2024,1061,2540,0.20000000000000004,0.5,0.5,18.785573122529645,9.02167766258247,15.159055118110237,861,3,75,0.2,0.5,0.5,inheritance,inheritance,inheritance
2040,1009,2576,0.20000000000000007,0.5,0.5,18.65,9.044598612487611,15.22360248447205,862,3,75,0.2,0.5,0.5,inheritance,inheritance,inheritance
2043,970,2612,0.20000000000000004,0.5,0.5,18.709251101321588,9.023711340206185,15.359877488514549,863,3,75,0.2,0.5,0.5,inheritance,inheritance,inheritance
2046,920,2659,0.2,0.5,0.5,18.652003910068427,8.777173913043478,15.367807446408424,864,3,75,0.2,0.5,0.5,inheritance,inheritance,inheritance
2039,895,2691,0.20000000000000004,0.5,0.5,18.573320255026974,8.483798882681564,15.364176885916017,865,3,75,0.2,0.5,0.5,inheritance,inheritance,inheritance
2057,851,2717,0.20000000000000004,0.5,0.5,18.49538162372387,8.312573443008226,15.360323886639677,866,3,75,0.2,0.5,0.5,inheritance,inheritance,inheritance
2061,834,2730,0.2,0.5,0.5,18.512372634643377,8.249400479616307,15.687912087912087,867,3,75,0.2,0.5,0.5,inheritance,inheritance,inheritance
2057,823,2745,0.20000000000000004,0.5,0.5,18.390860476421974,8.04131227217497,15.920947176684882,868,3,75,0.2,0.5,0.5,inheritance,inheritance,inheritance
2047,810,2768,0.20000000000000004,0.5,0.5,18.35368832437714,7.7444444444444445,16.0628612716763,869,3,75,0.2,0.5,0.5,inheritance,inheritance,inheritance
2032,808,2785,0.20000000000000004,0.5,0.5,18.34744094488189,7.419554455445544,16.34793536804309,870,3,75,0.2,0.5,0.5,inheritance,inheritance,inheritance
2023,800,2802,0.2,0.5,0.5,18.312407315867524,7.12375,16.623483226266952,871,3,75,0.2,0.5,0.5,inheritance,inheritance,inheritance
2025,795,2805,0.20000000000000004,0.5,0.5,18.41037037037037,7.110691823899371,16.87379679144385,872,3,75,0.2,0.5,0.5,inheritance,inheritance,inheritance
2041,806,2778,0.20000000000000004,0.5,0.5,18.276335129838316,7.089330024813896,17.272858171346293,873,3,75,0.2,0.5,0.5,inheritance,inheritance,inheritance
2034,829,2762,0.20000000000000004,0.5,0.5,18.004424778761063,6.975874547647768,17.57530774800869,874,3,75,0.2,0.5,0.5,inheritance,inheritance,inheritance
2035,868,2722,0.20000000000000004,0.5,0.5,17.588206388206387,7.025345622119816,17.975385745775164,875,3,75,0.2,0.5,0.5,inheritance,inheritance,inheritance
2020,889,2716,0.20000000000000004,0.5,0.5,17.437623762376237,6.984251968503937,18.324742268041238,876,3,75,0.2,0.5,0.5,inheritance,inheritance,inheritance
2005,918,2702,0.20000000000000004,0.5,0.5,17.30773067331671,7.022875816993464,18.70984455958549,877,3,75,0.2,0.5,0.5,inheritance,inheritance,inheritance
2009,930,2686,0.20000000000000004,0.5,0.5,17.051269288203088,7.138709677419355,18.903946388682055,878,3,75,0.2,0.5,0.5,inheritance,inheritance,inheritance
2008,932,2685,0.2,0.5,0.5,17.04183266932271,7.234978540772532,19.135940409683425,879,3,75,0.2,0.5,0.5,inheritance,inheritance,inheritance
2017,930,2678,0.2,0.5,0.5,17.083787803668816,7.551612903225807,19.310679611650485,880,3,75,0.2,0.5,0.5,inheritance,inheritance,inheritance
2046,919,2660,0.2,0.5,0.5,16.96676441837732,7.76822633297062,19.514661654135338,881,3,75,0.2,0.5,0.5,inheritance,inheritance,inheritance
2056,905,2664,0.2,0.5,0.5,16.984922178988327,7.8486187845303865,19.54316816816817,882,3,75,0.2,0.5,0.5,inheritance,inheritance,inheritance
2077,903,2645,0.2,0.5,0.5,16.848338950409243,8.006644518272426,19.823818525519847,883,3,75,0.2,0.5,0.5,inheritance,inheritance,inheritance
2109,876,2640,0.19999999999999998,0.5,0.5,16.75770507349455,8.178082191780822,19.96098484848485,884,3,75,0.2,0.5,0.5,inheritance,inheritance,inheritance
2153,847,2625,0.19999999999999998,0.5,0.5,16.71481653506735,8.365997638724911,19.859809523809524,885,3,75,0.2,0.5,0.5,inheritance,inheritance,inheritance
2212,798,2615,0.19999999999999996,0.5,0.5,16.54882459312839,8.463659147869674,19.896367112810708,886,3,75,0.2,0.5,0.5,inheritance,inheritance,inheritance
2240,789,2596,0.19999999999999998,0.5,0.5,16.645982142857143,8.50063371356147,20.11402157164869,887,3,75,0.2,0.5,0.5,inheritance,inheritance,inheritance
2231,782,2612,0.19999999999999996,0.5,0.5,16.844016136261764,8.616368286445013,20.202143950995406,888,3,75,0.2,0.5,0.5,inheritance,inheritance,inheritance
2257,778,2590,0.19999999999999996,0.5,0.5,16.936641559592378,8.65681233933162,20.3030888030888,889,3,75,0.2,0.5,0.5,inheritance,inheritance,inheritance
2259,791,2575,0.19999999999999998,0.5,0.5,17.068171757414785,8.536030341340076,20.470679611650485,890,3,75,0.2,0.5,0.5,inheritance,inheritance,inheritance
2273,787,2565,0.19999999999999998,0.5,0.5,17.289925208974925,8.467598475222363,20.735672514619882,891,3,75,0.2,0.5,0.5,inheritance,inheritance,inheritance
2315,764,2546,0.19999999999999998,0.5,0.5,17.191792656587474,8.13089005235602,20.682639434406912,892,3,75,0.2,0.5,0.5,inheritance,inheritance,inheritance
2342,762,2521,0.19999999999999996,0.5,0.5,17.19470538001708,8.05249343832021,20.77826259420865,893,3,75,0.2,0.5,0.5,inheritance,inheritance,inheritance
2351,779,2495,0.19999999999999998,0.5,0.5,17.39132284134411,8.121951219512194,20.8749498997996,894,3,75,0.2,0.5,0.5,inheritance,inheritance,inheritance
2373,783,2469,0.19999999999999996,0.5,0.5,17.502317741255794,8.149425287356323,20.8955042527339,895,3,75,0.2,0.5,0.5,inheritance,inheritance,inheritance
2414,788,2423,0.19999999999999998,0.5,0.5,17.608947804473903,8.26776649746193,20.998761865456046,896,3,75,0.2,0.5,0.5,inheritance,inheritance,inheritance
2449,765,2411,0.19999999999999998,0.5,0.5,17.748060432829725,8.298039215686275,20.99543757776856,897,3,75,0.2,0.5,0.5,inheritance,inheritance,inheritance
2457,773,2395,0.19999999999999998,0.5,0.5,17.88929588929589,8.107373868046572,20.951565762004176,898,3,75,0.2,0.5,0.5,inheritance,inheritance,inheritance
2485,740,2400,0.19999999999999998,0.5,0.5,18.083299798792755,8.162162162162161,20.920833333333334,899,3,75,0.2,0.5,0.5,inheritance,inheritance,inheritance
2531,713,2381,0.19999999999999998,0.5,0.5,18.10549190043461,8.297335203366059,20.776984460310793,900,3,75,0.2,0.5,0.5,inheritance,inheritance,inheritance
2528,722,2375,0.19999999999999996,0.5,0.5,18.33623417721519,8.083102493074792,20.826947368421052,901,3,75,0.2,0.5,0.5,inheritance,inheritance,inheritance
2572,706,2347,0.19999999999999998,0.5,0.5,18.486780715396577,8.021246458923512,20.72049424797614,902,3,75,0.2,0.5,0.5,inheritance,inheritance,inheritance
2611,707,2307,0.19999999999999998,0.5,0.5,18.554576790501724,7.944837340876945,20.87602947550932,903,3,75,0.2,0.5,0.5,inheritance,inheritance,inheritance
2615,701,2309,0.19999999999999996,0.5,0.5,18.8848948374761,7.714693295292439,20.96102208748376,904,3,75,0.2,0.5,0.5,inheritance,inheritance,inheritance
2619,720,2286,0.19999999999999998,0.5,0.5,19.000381825124094,7.525,20.862642169728783,905,3,75,0.2,0.5,0.5,inheritance,inheritance,inheritance
2633,724,2268,0.19999999999999996,0.5,0.5,19.114698063045957,7.288674033149171,20.914462081128747,906,3,75,0.2,0.5,0.5,inheritance,inheritance,inheritance
2645,715,2265,0.2,0.5,0.5,19.28657844990548,6.967832167832168,20.73465783664459,907,3,75,0.2,0.5,0.5,inheritance,inheritance,inheritance
2661,727,2237,0.19999999999999998,0.5,0.5,19.519729425028185,6.907840440165062,20.814483683504694,908,3,75,0.2,0.5,0.5,inheritance,inheritance,inheritance
2666,755,2204,0.19999999999999998,0.5,0.5,19.727306826706677,6.964238410596026,20.90290381125227,909,3,75,0.2,0.5,0.5,inheritance,inheritance,inheritance
2667,780,2178,0.19999999999999996,0.5,0.5,19.85076865391826,6.86025641025641,20.96831955922865,910,3,75,0.2,0.5,0.5,inheritance,inheritance,inheritance
2647,792,2186,0.19999999999999998,0.5,0.5,20.148469965999244,6.953282828282828,20.994967978042087,911,3,75,0.2,0.5,0.5,inheritance,inheritance,inheritance
2637,803,2185,0.19999999999999998,0.5,0.5,20.390595373530527,6.972602739726027,20.838901601830663,912,3,75,0.2,0.5,0.5,inheritance,inheritance,inheritance
2616,803,2206,0.19999999999999998,0.5,0.5,20.60665137614679,6.76961394769614,20.696282864913872,913,3,75,0.2,0.5,0.5,inheritance,inheritance,inheritance
2601,824,2200,0.2,0.5,0.5,20.699730872741252,6.730582524271845,20.713636363636365,914,3,75,0.2,0.5,0.5,inheritance,inheritance,inheritance
2575,863,2187,0.19999999999999996,0.5,0.5,20.708349514563107,6.6002317497103125,20.706904435299496,915,3,75,0.2,0.5,0.5,inheritance,inheritance,inheritance
2579,884,2162,0.19999999999999998,0.5,0.5,20.681659557968203,6.735294117647059,20.709990749306197,916,3,75,0.2,0.5,0.5,inheritance,inheritance,inheritance
2588,877,2160,0.19999999999999996,0.5,0.5,20.90417310664606,6.949828962371722,20.595833333333335,917,3,75,0.2,0.5,0.5,inheritance,inheritance,inheritance
2580,904,2141,0.2,0.5,0.5,20.936046511627907,7.0121681415929205,20.62027090144792,918,3,75,0.2,0.5,0.5,inheritance,inheritance,inheritance
2564,929,2132,0.19999999999999998,0.5,0.5,21.058502340093604,7.161463939720129,20.665572232645403,919,3,75,0.2,0.5,0.5,inheritance,inheritance,inheritance
2557,946,2122,0.19999999999999996,0.5,0.5,21.116933906922174,7.293868921775899,20.288407163053723,920,3,75,0.2,0.5,0.5,inheritance,inheritance,inheritance
2555,951,2119,0.19999999999999998,0.5,0.5,21.179647749510764,7.359621451104101,20.18593676262388,921,3,75,0.2,0.5,0.5,inheritance,inheritance,inheritance
2544,962,2119,0.19999999999999998,0.5,0.5,21.233490566037737,7.371101871101871,20.25011798017933,922,3,75,0.2,0.5,0.5,inheritance,inheritance,inheritance
2524,987,2114,0.19999999999999998,0.5,0.5,21.20800316957211,7.460992907801418,20.17076631977294,923,3,75,0.2,0.5,0.5,inheritance,inheritance,inheritance
2520,999,2106,0.19999999999999996,0.5,0.5,20.996031746031747,7.494494494494495,19.95536562203229,924,3,75,0.2,0.5,0.5,inheritance,inheritance,inheritance
2498,1020,2107,0.19999999999999996,0.5,0.5,21.0808646917534,7.492156862745098,19.665875652586617,925,3,75,0.2,0.5,0.5,inheritance,inheritance,inheritance
2467,1024,2134,0.19999999999999998,0.5,0.5,21.182407782732064,7.578125,19.331302717900655,926,3,75,0.2,0.5,0.5,inheritance,inheritance,inheritance
2465,993,2167,0.19999999999999998,0.5,0.5,21.281947261663287,7.767371601208459,19.11998154130134,927,3,75,0.2,0.5,0.5,inheritance,inheritance,inheritance
2465,987,2173,0.19999999999999998,0.5,0.5,21.264908722109535,7.939209726443769,18.908881730326737,928,3,75,0.2,0.5,0.5,inheritance,inheritance,inheritance
2446,1012,2167,0.19999999999999998,0.5,0.5,21.388389206868357,7.984189723320158,18.96446700507614,929,3,75,0.2,0.5,0.5,inheritance,inheritance,inheritance
2452,986,2187,0.19999999999999998,0.5,0.5,21.3605220228385,8.074036511156187,18.688614540466393,930,3,75,0.2,0.5,0.5,inheritance,inheritance,inheritance
2439,984,2202,0.19999999999999998,0.5,0.5,21.451824518245182,7.943089430894309,18.579473206176203,931,3,75,0.2,0.5,0.5,inheritance,inheritance,inheritance
2412,993,2220,0.19999999999999998,0.5,0.5,21.67205638474295,7.926485397784491,18.614864864864863,932,3,75,0.2,0.5,0.5,inheritance,inheritance,inheritance
2359,1017,2249,0.19999999999999998,0.5,0.5,21.762187367528615,7.76401179941003,18.453534904401955,933,3,75,0.2,0.5,0.5,inheritance,inheritance,inheritance
2320,1016,2289,0.19999999999999998,0.5,0.5,22.006034482758622,7.733267716535433,18.522935779816514,934,3,75,0.2,0.5,0.5,inheritance,inheritance,inheritance
2292,1024,2309,0.19999999999999998,0.5,0.5,21.905322862129143,7.6484375,18.42702468601126,935,3,75,0.2,0.5,0.5,inheritance,inheritance,inheritance
2257,1047,2321,0.19999999999999996,0.5,0.5,21.791315906070004,7.44603629417383,18.357173632055147,936,3,75,0.2,0.5,0.5,inheritance,inheritance,inheritance
2222,1048,2355,0.19999999999999996,0.5,0.5,21.766426642664268,7.3816793893129775,18.338004246284502,937,3,75,0.2,0.5,0.5,inheritance,inheritance,inheritance
2198,1074,2353,0.19999999999999996,0.5,0.5,21.72020018198362,7.417132216014897,18.433064173395664,938,3,75,0.2,0.5,0.5,inheritance,inheritance,inheritance
2147,1085,2393,0.19999999999999998,0.5,0.5,21.71727992547741,7.331797235023042,18.324279147513582,939,3,75,0.2,0.5,0.5,inheritance,inheritance,inheritance
2116,1117,2392,0.19999999999999998,0.5,0.5,21.445179584120982,7.313339301700985,18.338210702341136,940,3,75,0.2,0.5,0.5,inheritance,inheritance,inheritance
2100,1097,2428,0.2,0.5,0.5,21.342380952380953,7.414767547857794,18.203871499176277,941,3,75,0.2,0.5,0.5,inheritance,inheritance,inheritance
2053,1119,2453,0.2,0.5,0.5,21.179249878226983,7.4486148346738155,18.377496942519365,942,3,75,0.2,0.5,0.5,inheritance,inheritance,inheritance
2022,1123,2480,0.2,0.5,0.5,21.17408506429278,7.590382902938558,18.52782258064516,943,3,75,0.2,0.5,0.5,inheritance,inheritance,inheritance
2013,1119,2493,0.2,0.5,0.5,20.628912071535023,7.611260053619303,18.42198154833534,944,3,75,0.2,0.5,0.5,inheritance,inheritance,inheritance
1996,1114,2515,0.2,0.5,0.5,20.34569138276553,7.596050269299821,18.35825049701789,945,3,75,0.2,0.5,0.5,inheritance,inheritance,inheritance
1986,1106,2533,0.2,0.5,0.5,20.089627391742194,7.750452079566004,18.42084484800632,946,3,75,0.2,0.5,0.5,inheritance,inheritance,inheritance
1967,1076,2582,0.20000000000000004,0.5,0.5,19.94763599389934,7.758364312267658,18.276529821843532,947,3,75,0.2,0.5,0.5,inheritance,inheritance,inheritance
1969,1079,2577,0.20000000000000004,0.5,0.5,19.416962925342812,7.776645041705283,18.3500194024059,948,3,75,0.2,0.5,0.5,inheritance,inheritance,inheritance
1960,1073,2592,0.20000000000000007,0.5,0.5,19.22295918367347,7.911463187325256,18.34104938271605,949,3,75,0.2,0.5,0.5,inheritance,inheritance,inheritance
1956,1051,2618,0.2,0.5,0.5,19.04038854805726,8.054234062797336,18.25248281130634,950,3,75,0.2,0.5,0.5,inheritance,inheritance,inheritance
1960,1005,2660,0.20000000000000007,0.5,0.5,18.84387755102041,8.172139303482586,18.05827067669173,951,3,75,0.2,0.5,0.5,inheritance,inheritance,inheritance
1966,972,2687,0.2,0.5,0.5,18.788911495422177,8.376543209876543,18.25716412355787,952,3,75,0.2,0.5,0.5,inheritance,inheritance,inheritance
1970,939,2716,0.20000000000000007,0.5,0.5,18.716243654822335,8.461128860489882,18.374447717231224,953,3,75,0.2,0.5,0.5,inheritance,inheritance,inheritance
1984,914,2727,0.20000000000000004,0.5,0.5,18.516633064516128,8.574398249452955,18.444077741107446,954,3,75,0.2,0.5,0.5,inheritance,inheritance,inheritance
1990,889,2746,0.20000000000000004,0.5,0.5,18.35427135678392,8.515185601799775,18.56882738528769,955,3,75,0.2,0.5,0.5,inheritance,inheritance,inheritance
1999,873,2753,0.20000000000000004,0.5,0.5,18.248124062031014,8.620847651775486,18.699237195786417,956,3,75,0.2,0.5,0.5,inheritance,inheritance,inheritance
2030,844,2751,0.20000000000000004,0.5,0.5,17.99113300492611,8.572274881516588,18.81497637222828,957,3,75,0.2,0.5,0.5,inheritance,inheritance,inheritance
2028,832,2765,0.2,0.5,0.5,17.934418145956606,8.328125,19.001808318264015,958,3,75,0.2,0.5,0.5,inheritance,inheritance,inheritance
2033,807,2785,0.20000000000000004,0.5,0.5,17.885882931628135,8.260223048327138,19.1245960502693,959,3,75,0.2,0.5,0.5,inheritance,inheritance,inheritance
2068,795,2762,0.20000000000000004,0.5,0.5,17.85880077369439,8.359748427672956,19.371832005792903,960,3,75,0.2,0.5,0.5,inheritance,inheritance,inheritance
2085,808,2732,0.2,0.5,0.5,17.74244604316547,8.349009900990099,19.60688140556369,961,3,75,0.2,0.5,0.5,inheritance,inheritance,inheritance
2097,810,2718,0.19999999999999998,0.5,0.5,17.620886981402002,8.260493827160493,19.81972038263429,962,3,75,0.2,0.5,0.5,inheritance,inheritance,inheritance
2109,810,2706,0.19999999999999998,0.5,0.5,17.367472735893788,8.044444444444444,19.847745750184774,963,3,75,0.2,0.5,0.5,inheritance,inheritance,inheritance
2117,825,2683,0.19999999999999998,0.5,0.5,17.298063297118563,7.7696969696969695,19.97018263138278,964,3,75,0.2,0.5,0.5,inheritance,inheritance,inheritance
2104,848,2673,0.19999999999999998,0.5,0.5,17.346007604562736,7.712264150943396,20.094650205761315,965,3,75,0.2,0.5,0.5,inheritance,inheritance,inheritance
2118,850,2657,0.19999999999999998,0.5,0.5,17.48819641170916,7.774117647058824,20.367707941287165,966,3,75,0.2,0.5,0.5,inheritance,inheritance,inheritance
2119,852,2654,0.19999999999999998,0.5,0.5,17.553091080698444,7.744131455399061,20.547475508666164,967,3,75,0.2,0.5,0.5,inheritance,inheritance,inheritance
2134,842,2649,0.19999999999999998,0.5,0.5,17.58622305529522,7.761282660332542,20.628539071347678,968,3,75,0.2,0.5,0.5,inheritance,inheritance,inheritance
2152,841,2632,0.19999999999999998,0.5,0.5,17.554368029739777,7.655172413793103,20.607142857142858,969,3,75,0.2,0.5,0.5,inheritance,inheritance,inheritance
2157,826,2642,0.19999999999999998,0.5,0.5,17.680574872508114,7.736077481840193,20.667297501892506,970,3,75,0.2,0.5,0.5,inheritance,inheritance,inheritance
2182,832,2611,0.19999999999999996,0.5,0.5,17.569202566452795,7.719951923076923,20.83148219073152,971,3,75,0.2,0.5,0.5,inheritance,inheritance,inheritance
2201,843,2581,0.19999999999999996,0.5,0.5,17.671058609722852,7.771055753262159,21.03138318481209,972,3,75,0.2,0.5,0.5,inheritance,inheritance,inheritance
2241,841,2543,0.19999999999999998,0.5,0.5,17.53190539937528,7.866825208085612,21.09712937475423,973,3,75,0.2,0.5,0.5,inheritance,inheritance,inheritance
2261,843,2521,0.19999999999999998,0.5,0.5,17.524988942945598,7.983392645314353,21.080920269734232,974,3,75,0.2,0.5,0.5,inheritance,inheritance,inheritance
2288,836,2501,0.19999999999999998,0.5,0.5,17.524475524475523,7.94377990430622,21.087564974010395,975,3,75,0.2,0.5,0.5,inheritance,inheritance,inheritance
2316,813,2496,0.19999999999999998,0.5,0.5,17.53497409326425,8.119311193111932,21.161458333333332,976,3,75,0.2,0.5,0.5,inheritance,inheritance,inheritance
2377,794,2454,0.19999999999999998,0.5,0.5,17.547328565418596,8.337531486146096,21.26365118174409,977,3,75,0.2,0.5,0.5,inheritance,inheritance,inheritance
2389,779,2457,0.19999999999999998,0.5,0.5,17.622854750941816,8.102695763799744,21.148555148555147,978,3,75,0.2,0.5,0.5,inheritance,inheritance,inheritance
2407,775,2443,0.19999999999999998,0.5,0.5,17.695886996260906,8.005161290322581,21.16864510847319,979,3,75,0.2,0.5,0.5,inheritance,inheritance,inheritance
2441,764,2420,0.19999999999999998,0.5,0.5,17.72675133142155,7.954188481675392,21.202479338842974,980,3,75,0.2,0.5,0.5,inheritance,inheritance,inheritance
2460,785,2380,0.2,0.5,0.5,17.660569105691057,7.775796178343949,21.115546218487395,981,3,75,0.2,0.5,0.5,inheritance,inheritance,inheritance
2504,790,2331,0.19999999999999998,0.5,0.5,17.605431309904155,7.718987341772152,21.16216216216216,982,3,75,0.2,0.5,0.5,inheritance,inheritance,inheritance
2526,797,2302,0.19999999999999998,0.5,0.5,17.709026128266032,7.668757841907152,21.103822762814943,983,3,75,0.2,0.5,0.5,inheritance,inheritance,inheritance
2543,802,2280,0.19999999999999996,0.5,0.5,17.71254423908769,7.609725685785536,21.09561403508772,984,3,75,0.2,0.5,0.5,inheritance,inheritance,inheritance
2545,796,2284,0.19999999999999998,0.5,0.5,17.933988212180747,7.605527638190955,21.04246935201401,985,3,75,0.2,0.5,0.5,inheritance,inheritance,inheritance
2581,794,2250,0.19999999999999998,0.5,0.5,17.89345215032933,7.642317380352645,20.808444444444444,986,3,75,0.2,0.5,0.5,inheritance,inheritance,inheritance
2578,814,2233,0.19999999999999996,0.5,0.5,17.97633824670287,7.42997542997543,20.778772951186745,987,3,75,0.2,0.5,0.5,inheritance,inheritance,inheritance
2585,830,2210,0.2,0.5,0.5,18.005802707930368,7.3108433734939755,20.621719457013576,988,3,75,0.2,0.5,0.5,inheritance,inheritance,inheritance
2584,832,2209,0.19999999999999998,0.5,0.5,18.297600619195048,7.423076923076923,20.641466727025804,989,3,75,0.2,0.5,0.5,inheritance,inheritance,inheritance
2602,847,2176,0.19999999999999996,0.5,0.5,18.40315142198309,7.596221959858323,20.79733455882353,990,3,75,0.2,0.5,0.5,inheritance,inheritance,inheritance
2595,870,2160,0.2,0.5,0.5,18.534104046242774,7.336781609195402,20.701851851851853,991,3,75,0.2,0.5,0.5,inheritance,inheritance,inheritance
2612,886,2127,0.19999999999999998,0.5,0.5,18.614854517611025,7.487584650112867,20.669957686882935,992,3,75,0.2,0.5,0.5,inheritance,inheritance,inheritance
2591,896,2138,0.19999999999999998,0.5,0.5,18.755692782709378,7.309151785714286,20.520579981290926,993,3,75,0.2,0.5,0.5,inheritance,inheritance,inheritance
2588,902,2135,0.19999999999999996,0.5,0.5,18.88755795981453,7.290465631929046,20.43606557377049,994,3,75,0.2,0.5,0.5,inheritance,inheritance,inheritance
2560,951,2114,0.19999999999999998,0.5,0.5,18.758984375,7.093585699263933,20.196310312204353,995,3,75,0.2,0.5,0.5,inheritance,inheritance,inheritance
2542,955,2128,0.19999999999999996,0.5,0.5,18.803697875688435,7.144502617801047,19.88016917293233,996,3,75,0.2,0.5,0.5,inheritance,inheritance,inheritance
2515,958,2152,0.19999999999999996,0.5,0.5,19.009145129224652,7.132567849686848,19.680297397769518,997,3,75,0.2,0.5,0.5,inheritance,inheritance,inheritance
2512,975,2138,0.19999999999999996,0.5,0.5,19.056130573248407,7.326153846153846,19.64686623012161,998,3,75,0.2,0.5,0.5,inheritance,inheritance,inheritance
2496,1005,2124,0.19999999999999998,0.5,0.5,19.149439102564102,7.218905472636816,19.531544256120526,999,3,75,0.2,0.5,0.5,inheritance,inheritance,inheritance
