R_density,P_density,S_density,R_invasion,P_invasion,S_invasion,R_age,P_age,S_age,epoch,seed,grid_dim,R_init_invasion,P_init_invasion,S_init_invasion,R_policy,P_policy,S_policy
799,863,838,0.2,0.5,0.5,0.0,0.0,0.0,0,0,50,0.2,0.5,0.5,inheritance,inheritance,inheritance
737,840,923,0.19999999999999996,0.5,0.5,1.0,1.0,1.0,1,0,50,0.2,0.5,0.5,inheritance,inheritance,inheritance
673,810,1017,0.19999999999999996,0.5,0.5,1.9286775631500743,1.871604938271605,1.8554572271386431,2,0,50,0.2,0.5,0.5,inheritance,inheritance,inheritance
631,756,1113,0.19999999999999998,0.5,0.5,2.73851030110935,2.634920634920635,2.595687331536388,3,0,50,0.2,0.5,0.5,inheritance,inheritance,inheritance
598,700,1202,0.19999999999999998,0.5,0.5,3.5468227424749164,3.355714285714286,3.3086522462562398,4,0,50,0.2,0.5,0.5,inheritance,inheritance,inheritance
584,635,1281,0.19999999999999998,0.5,0.5,4.217465753424658,4.011023622047244,3.960967993754879,5,0,50,0.2,0.5,0.5,inheritance,inheritance,inheritance
575,564,1361,0.19999999999999996,0.5,0.5,4.862608695652174,4.615248226950355,4.590007347538575,6,0,50,0.2,0.5,0.5,inheritance,inheritance,inheritance
603,469,1428,0.19999999999999998,0.5,0.5,5.33665008291874,5.2601279317697225,5.163865546218488,7,0,50,0.2,0.5,0.5,inheritance,inheritance,inheritance
615,407,1478,0.19999999999999998,0.5,0.5,5.852032520325203,5.737100737100737,5.7841677943166445,8,0,50,0.2,0.5,0.5,inheritance,inheritance,inheritance
628,348,1524,0.19999999999999998,0.5,0.5,6.369426751592357,6.120689655172414,6.397637795275591,9,0,50,0.2,0.5,0.5,inheritance,inheritance,inheritance
657,298,1545,0.19999999999999996,0.5,0.5,6.649923896499239,6.278523489932886,7.0239482200647245,10,0,50,0.2,0.5,0.5,inheritance,inheritance,inheritance
700,258,1542,0.19999999999999996,0.5,0.5,6.877142857142857,6.3604651162790695,7.6705577172503245,11,0,50,0.2,0.5,0.5,inheritance,inheritance,inheritance
743,223,1534,0.19999999999999996,0.5,0.5,7.226110363391656,6.645739910313901,8.352672750977836,12,0,50,0.2,0.5,0.5,inheritance,inheritance,inheritance
782,196,1522,0.19999999999999998,0.5,0.5,7.570332480818414,6.663265306122449,9.038107752956636,13,0,50,0.2,0.5,0.5,inheritance,inheritance,inheritance
825,179,1496,0.2,0.5,0.5,7.8533333333333335,6.5474860335195535,9.721256684491978,14,0,50,0.2,0.5,0.5,inheritance,inheritance,inheritance
869,157,1474,0.2,0.5,0.5,8.148446490218642,6.407643312101911,10.364314789687924,15,0,50,0.2,0.5,0.5,inheritance,inheritance,inheritance
931,129,1440,0.2,0.5,0.5,8.473684210526315,6.558139534883721,10.988888888888889,16,0,50,0.2,0.5,0.5,inheritance,inheritance,inheritance
971,124,1405,0.20000000000000004,0.5,0.5,8.9351184346035,6.306451612903226,11.827758007117438,17,0,50,0.2,0.5,0.5,inheritance,inheritance,inheritance
1017,127,1356,0.20000000000000004,0.5,0.5,9.263520157325466,6.070866141732283,12.626106194690266,18,0,50,0.2,0.5,0.5,inheritance,inheritance,inheritance
1069,122,1309,0.19999999999999998,0.5,0.5,9.628624883068287,5.836065573770492,13.343773873185638,19,0,50,0.2,0.5,0.5,inheritance,inheritance,inheritance
1114,128,1258,0.19999999999999996,0.5,0.5,10.048473967684021,5.2890625,14.080286168521463,20,0,50,0.2,0.5,0.5,inheritance,inheritance,inheritance
1179,121,1200,0.19999999999999998,0.5,0.5,10.333333333333334,5.297520661157025,14.67,21,0,50,0.2,0.5,0.5,inheritance,inheritance,inheritance
1239,125,1136,0.19999999999999998,0.5,0.5,10.598870056497175,5.096,15.485915492957746,22,0,50,0.2,0.5,0.5,inheritance,inheritance,inheritance
1288,122,1090,0.19999999999999998,0.5,0.5,11.005434782608695,5.19672131147541,16.277064220183487,23,0,50,0.2,0.5,0.5,inheritance,inheritance,inheritance
1342,114,1044,0.19999999999999998,0.5,0.5,11.440387481371088,5.368421052631579,16.905172413793103,24,0,50,0.2,0.5,0.5,inheritance,inheritance,inheritance
1386,125,989,0.19999999999999996,0.5,0.5,11.787878787878787,5.064,17.577350859453993,25,0,50,0.2,0.5,0.5,inheritance,inheritance,inheritance
1439,128,933,0.19999999999999996,0.5,0.5,12.153578874218207,5.0390625,18.15434083601286,26,0,50,0.2,0.5,0.5,inheritance,inheritance,inheritance
1478,144,878,0.19999999999999998,0.5,0.5,12.5148849797023,4.4375,18.720956719817767,27,0,50,0.2,0.5,0.5,inheritance,inheritance,inheritance
1527,138,835,0.19999999999999998,0.5,0.5,12.986247544204323,4.746376811594203,19.1185628742515,28,0,50,0.2,0.5,0.5,inheritance,inheritance,inheritance
1566,141,793,0.19999999999999998,0.5,0.5,13.468071519795657,5.0638297872340425,19.57377049180328,29,0,50,0.2,0.5,0.5,inheritance,inheritance,inheritance
1591,169,740,0.20000000000000004,0.5,0.5,13.884978001257071,4.994082840236686,20.355405405405406,30,0,50,0.2,0.5,0.5,inheritance,inheritance,inheritance
1615,195,690,0.2,0.5,0.5,14.227244582043344,4.846153846153846,20.71014492753623,31,0,50,0.2,0.5,0.5,inheritance,inheritance,inheritance
1612,231,657,0.19999999999999998,0.5,0.5,14.81575682382134,4.822510822510822,21.124809741248097,32,0,50,0.2,0.5,0.5,inheritance,inheritance,inheritance
1621,241,638,0.19999999999999998,0.5,0.5,15.384947563232572,5.211618257261411,21.25862068965517,33,0,50,0.2,0.5,0.5,inheritance,inheritance,inheritance
1620,270,610,0.2,0.5,0.5,15.816049382716049,5.088888888888889,21.19344262295082,34,0,50,0.2,0.5,0.5,inheritance,inheritance,inheritance
1628,292,580,0.2,0.5,0.5,16.22113022113022,5.345890410958904,21.286206896551725,35,0,50,0.2,0.5,0.5,inheritance,inheritance,inheritance
1630,306,564,0.2,0.5,0.5,16.73006134969325,5.5359477124183005,20.930851063829788,36,0,50,0.2,0.5,0.5,inheritance,inheritance,inheritance
1633,325,542,0.19999999999999998,0.5,0.5,17.210042865890998,5.763076923076923,21.153136531365313,37,0,50,0.2,0.5,0.5,inheritance,inheritance,inheritance
1609,351,540,0.2,0.5,0.5,17.831572405220633,5.851851851851852,20.71851851851852,38,0,50,0.2,0.5,0.5,inheritance,inheritance,inheritance
1590,361,549,0.2,0.5,0.5,18.480503144654087,5.986149584487535,20.311475409836067,39,0,50,0.2,0.5,0.5,inheritance,inheritance,inheritance
1550,393,557,0.2,0.5,0.5,18.945806451612903,5.888040712468193,19.825852782764812,40,0,50,0.2,0.5,0.5,inheritance,inheritance,inheritance
1515,442,543,0.2,0.5,0.5,19.27920792079208,5.8076923076923075,19.611418047882136,41,0,50,0.2,0.5,0.5,inheritance,inheritance,inheritance
1492,476,532,0.19999999999999998,0.5,0.5,19.749329758713138,5.953781512605042,18.913533834586467,42,0,50,0.2,0.5,0.5,inheritance,inheritance,inheritance
1457,514,529,0.19999999999999998,0.5,0.5,20.065202470830474,5.990272373540856,18.253308128544422,43,0,50,0.2,0.5,0.5,inheritance,inheritance,inheritance
1411,562,527,0.19999999999999996,0.5,0.5,20.483345145287032,6.072953736654804,17.45540796963947,44,0,50,0.2,0.5,0.5,inheritance,inheritance,inheritance
1348,619,533,0.19999999999999998,0.5,0.5,20.879821958456972,6.053311793214863,16.836772983114447,45,0,50,0.2,0.5,0.5,inheritance,inheritance,inheritance
1293,640,567,0.19999999999999998,0.5,0.5,21.23665893271462,6.0515625,15.39153439153439,46,0,50,0.2,0.5,0.5,inheritance,inheritance,inheritance
1250,664,586,0.19999999999999998,0.5,0.5,21.7136,6.231927710843373,14.890784982935154,47,0,50,0.2,0.5,0.5,inheritance,inheritance,inheritance
1175,708,617,0.19999999999999998,0.5,0.5,22.03148936170213,6.247175141242938,14.33387358184765,48,0,50,0.2,0.5,0.5,inheritance,inheritance,inheritance
1116,734,650,0.19999999999999996,0.5,0.5,22.352150537634408,6.395095367847412,13.358461538461539,49,0,50,0.2,0.5,0.5,inheritance,inheritance,inheritance
1038,775,687,0.2,0.5,0.5,22.621387283236995,6.443870967741936,13.120815138282387,50,0,50,0.2,0.5,0.5,inheritance,inheritance,inheritance
962,819,719,0.20000000000000004,0.5,0.5,22.714137214137214,6.568986568986569,12.952712100139083,51,0,50,0.2,0.5,0.5,inheritance,inheritance,inheritance
907,840,753,0.20000000000000004,0.5,0.5,22.831312017640574,6.767857142857143,12.778220451527224,52,0,50,0.2,0.5,0.5,inheritance,inheritance,inheritance
835,867,798,0.2,0.5,0.5,22.835928143712575,6.85121107266436,12.24937343358396,53,0,50,0.2,0.5,0.5,inheritance,inheritance,inheritance
783,876,841,0.19999999999999996,0.5,0.5,22.673052362707534,7.063926940639269,12.1474435196195,54,0,50,0.2,0.5,0.5,inheritance,inheritance,inheritance
740,876,884,0.2,0.5,0.5,22.345945945945946,7.264840182648402,11.98076923076923,55,0,50,0.2,0.5,0.5,inheritance,inheritance,inheritance
688,863,949,0.19999999999999996,0.5,0.5,21.699127906976745,7.465816917728853,11.753424657534246,56,0,50,0.2,0.5,0.5,inheritance,inheritance,inheritance
657,846,997,0.19999999999999996,0.5,0.5,21.43683409436834,7.856973995271868,11.744232698094283,57,0,50,0.2,0.5,0.5,inheritance,inheritance,inheritance
624,834,1042,0.19999999999999998,0.5,0.5,20.778846153846153,8.056354916067146,11.558541266794625,58,0,50,0.2,0.5,0.5,inheritance,inheritance,inheritance
606,808,1086,0.19999999999999998,0.5,0.5,19.40924092409241,8.268564356435643,11.43646408839779,59,0,50,0.2,0.5,0.5,inheritance,inheritance,inheritance
600,744,1156,0.2,0.5,0.5,18.918333333333333,8.655913978494624,11.342560553633218,60,0,50,0.2,0.5,0.5,inheritance,inheritance,inheritance
594,697,1209,0.19999999999999998,0.5,0.5,18.4983164983165,8.958393113342899,11.42266335814723,61,0,50,0.2,0.5,0.5,inheritance,inheritance,inheritance
588,663,1249,0.19999999999999998,0.5,0.5,18.1734693877551,9.167420814479637,11.693354683746998,62,0,50,0.2,0.5,0.5,inheritance,inheritance,inheritance
580,610,1310,0.19999999999999998,0.5,0.5,17.944827586206898,9.401639344262295,11.648091603053436,63,0,50,0.2,0.5,0.5,inheritance,inheritance,inheritance
564,558,1378,0.19999999999999998,0.5,0.5,17.26241134751773,9.42652329749104,11.723512336719883,64,0,50,0.2,0.5,0.5,inheritance,inheritance,inheritance
553,506,1441,0.19999999999999996,0.5,0.5,16.57866184448463,9.420948616600791,11.863289382373353,65,0,50,0.2,0.5,0.5,inheritance,inheritance,inheritance
565,419,1516,0.19999999999999996,0.5,0.5,16.116814159292037,9.446300715990454,11.824538258575197,66,0,50,0.2,0.5,0.5,inheritance,inheritance,inheritance
574,374,1552,0.19999999999999998,0.5,0.5,15.70034843205575,9.676470588235293,12.195876288659793,67,0,50,0.2,0.5,0.5,inheritance,inheritance,inheritance
591,337,1572,0.19999999999999998,0.5,0.5,15.109983079526227,9.629080118694363,12.580152671755725,68,0,50,0.2,0.5,0.5,inheritance,inheritance,inheritance
603,302,1595,0.19999999999999998,0.5,0.5,15.05804311774461,9.649006622516556,13.04012539184953,69,0,50,0.2,0.5,0.5,inheritance,inheritance,inheritance
635,277,1588,0.19999999999999998,0.5,0.5,14.354330708661417,9.299638989169676,13.528337531486146,70,0,50,0.2,0.5,0.5,inheritance,inheritance,inheritance
665,247,1588,0.2,0.5,0.5,13.996992481203007,9.323886639676113,13.97984886649874,71,0,50,0.2,0.5,0.5,inheritance,inheritance,inheritance
694,214,1592,0.19999999999999993,0.5,0.5,14.0821325648415,9.672897196261681,14.567211055276381,72,0,50,0.2,0.5,0.5,inheritance,inheritance,inheritance
720,190,1590,0.2,0.5,0.5,14.133333333333333,9.473684210526315,15.1062893081761,73,0,50,0.2,0.5,0.5,inheritance,inheritance,inheritance
770,157,1573,0.2,0.5,0.5,13.975324675324675,9.54140127388535,15.48823903369358,74,0,50,0.2,0.5,0.5,inheritance,inheritance,inheritance
800,150,1550,0.2,0.5,0.5,13.81,9.1,16.099354838709676,75,0,50,0.2,0.5,0.5,inheritance,inheritance,inheritance
845,138,1517,0.2,0.5,0.5,13.824852071005918,8.847826086956522,16.704680290046145,76,0,50,0.2,0.5,0.5,inheritance,inheritance,inheritance
889,117,1494,0.2,0.5,0.5,13.913385826771654,9.128205128205128,17.1285140562249,77,0,50,0.2,0.5,0.5,inheritance,inheritance,inheritance
919,122,1459,0.2,0.5,0.5,14.124047878128401,8.540983606557377,17.762165867032213,78,0,50,0.2,0.5,0.5,inheritance,inheritance,inheritance
970,124,1406,0.2,0.5,0.5,14.05979381443299,8.42741935483871,18.43669985775249,79,0,50,0.2,0.5,0.5,inheritance,inheritance,inheritance
1006,128,1366,0.2,0.5,0.5,14.173956262425447,7.1875,19.120790629575403,80,0,50,0.2,0.5,0.5,inheritance,inheritance,inheritance
1052,125,1323,0.19999999999999998,0.5,0.5,14.298479087452472,6.72,19.713529856386998,81,0,50,0.2,0.5,0.5,inheritance,inheritance,inheritance
1091,131,1278,0.19999999999999996,0.5,0.5,14.470210815765354,6.351145038167939,20.40453834115806,82,0,50,0.2,0.5,0.5,inheritance,inheritance,inheritance
1150,128,1222,0.19999999999999998,0.5,0.5,14.38,6.2578125,20.761047463175125,83,0,50,0.2,0.5,0.5,inheritance,inheritance,inheritance
1183,135,1182,0.19999999999999998,0.5,0.5,14.543533389687235,5.4222222222222225,21.14213197969543,84,0,50,0.2,0.5,0.5,inheritance,inheritance,inheritance
1218,143,1139,0.19999999999999998,0.5,0.5,14.752052545155994,5.643356643356643,21.568920105355573,85,0,50,0.2,0.5,0.5,inheritance,inheritance,inheritance
1253,162,1085,0.19999999999999998,0.5,0.5,14.91779728651237,5.487654320987654,22.202764976958527,86,0,50,0.2,0.5,0.5,inheritance,inheritance,inheritance
1299,162,1039,0.19999999999999996,0.5,0.5,15.034642032332563,5.308641975308642,22.44754571703561,87,0,50,0.2,0.5,0.5,inheritance,inheritance,inheritance
1334,173,993,0.19999999999999996,0.5,0.5,15.314842578710644,5.381502890173411,23.011077542799597,88,0,50,0.2,0.5,0.5,inheritance,inheritance,inheritance
1360,186,954,0.19999999999999996,0.5,0.5,15.58529411764706,5.440860215053763,23.18448637316562,89,0,50,0.2,0.5,0.5,inheritance,inheritance,inheritance
1385,201,914,0.19999999999999996,0.5,0.5,16.050541516245488,5.601990049751244,23.65645514223195,90,0,50,0.2,0.5,0.5,inheritance,inheritance,inheritance
1415,208,877,0.2,0.5,0.5,16.39434628975265,5.8701923076923075,24.207525655644243,91,0,50,0.2,0.5,0.5,inheritance,inheritance,inheritance
1437,218,845,0.19999999999999998,0.5,0.5,16.71955462769659,6.1880733944954125,24.674556213017752,92,0,50,0.2,0.5,0.5,inheritance,inheritance,inheritance
1439,235,826,0.19999999999999996,0.5,0.5,17.068102849200834,5.859574468085106,24.84140435835351,93,0,50,0.2,0.5,0.5,inheritance,inheritance,inheritance
1452,249,799,0.19999999999999998,0.5,0.5,17.53305785123967,5.698795180722891,24.842302878598247,94,0,50,0.2,0.5,0.5,inheritance,inheritance,inheritance
1447,277,776,0.19999999999999998,0.5,0.5,17.979958534899794,5.5451263537906135,24.8479381443299,95,0,50,0.2,0.5,0.5,inheritance,inheritance,inheritance
1435,303,762,0.2,0.5,0.5,18.41184668989547,5.36963696369637,24.73753280839895,96,0,50,0.2,0.5,0.5,inheritance,inheritance,inheritance
1452,311,737,0.19999999999999998,0.5,0.5,18.788567493112946,5.659163987138264,24.592944369063773,97,0,50,0.2,0.5,0.5,inheritance,inheritance,inheritance
1441,327,732,0.19999999999999998,0.5,0.5,19.37265787647467,5.773700305810397,24.362021857923498,98,0,50,0.2,0.5,0.5,inheritance,inheritance,inheritance
1419,354,727,0.19999999999999996,0.5,0.5,19.826638477801268,5.737288135593221,24.088033012379643,99,0,50,0.2,0.5,0.5,inheritance,inheritance,inheritance
1422,355,723,0.19999999999999998,0.5,0.5,20.136427566807313,6.115492957746479,23.706777316735824,100,0,50,0.2,0.5,0.5,inheritance,inheritance,inheritance
1416,371,713,0.19999999999999996,0.5,0.5,20.3524011299435,6.0431266846361185,23.08415147265077,101,0,50,0.2,0.5,0.5,inheritance,inheritance,inheritance
1386,415,699,0.19999999999999996,0.5,0.5,20.553391053391053,5.83855421686747,22.705293276108726,102,0,50,0.2,0.5,0.5,inheritance,inheritance,inheritance
1367,417,716,0.19999999999999998,0.5,0.5,20.959034381858082,5.853717026378897,21.554469273743017,103,0,50,0.2,0.5,0.5,inheritance,inheritance,inheritance
1341,430,729,0.19999999999999996,0.5,0.5,21.181953765846384,5.874418604651162,20.722908093278463,104,0,50,0.2,0.5,0.5,inheritance,inheritance,inheritance
1322,444,734,0.19999999999999998,0.5,0.5,21.52571860816944,5.997747747747748,20.258855585831064,105,0,50,0.2,0.5,0.5,inheritance,inheritance,inheritance
1302,466,732,0.19999999999999998,0.5,0.5,21.727342549923193,6.141630901287554,19.808743169398905,106,0,50,0.2,0.5,0.5,inheritance,inheritance,inheritance
1281,483,736,0.19999999999999998,0.5,0.5,22.014051522248245,6.198757763975156,19.27445652173913,107,0,50,0.2,0.5,0.5,inheritance,inheritance,inheritance
1263,490,747,0.19999999999999998,0.5,0.5,22.151227236737924,6.2693877551020405,18.453815261044177,108,0,50,0.2,0.5,0.5,inheritance,inheritance,inheritance
1261,474,765,0.19999999999999996,0.5,0.5,22.31403647898493,6.468354430379747,17.431372549019606,109,0,50,0.2,0.5,0.5,inheritance,inheritance,inheritance
1225,502,773,0.2,0.5,0.5,22.775510204081634,6.589641434262949,17.234152652005175,110,0,50,0.2,0.5,0.5,inheritance,inheritance,inheritance
1197,523,780,0.19999999999999998,0.5,0.5,22.715121136173767,6.466539196940727,16.93846153846154,111,0,50,0.2,0.5,0.5,inheritance,inheritance,inheritance
1178,531,791,0.19999999999999998,0.5,0.5,22.80730050933786,6.645951035781544,16.639696586599243,112,0,50,0.2,0.5,0.5,inheritance,inheritance,inheritance
1173,525,802,0.19999999999999998,0.5,0.5,23.053708439897697,6.876190476190477,16.423940149625935,113,0,50,0.2,0.5,0.5,inheritance,inheritance,inheritance
1161,537,802,0.19999999999999998,0.5,0.5,22.894918173987943,6.97951582867784,16.051122194513717,114,0,50,0.2,0.5,0.5,inheritance,inheritance,inheritance
1124,567,809,0.19999999999999996,0.5,0.5,22.500889679715304,6.830687830687831,15.739184177997528,115,0,50,0.2,0.5,0.5,inheritance,inheritance,inheritance
1104,571,825,0.19999999999999996,0.5,0.5,22.24003623188406,6.926444833625219,15.18060606060606,116,0,50,0.2,0.5,0.5,inheritance,inheritance,inheritance
1076,565,859,0.19999999999999998,0.5,0.5,22.513011152416357,7.056637168141593,14.760186263096625,117,0,50,0.2,0.5,0.5,inheritance,inheritance,inheritance
1042,577,881,0.2,0.5,0.5,22.460652591170824,6.863084922010398,14.550510783200908,118,0,50,0.2,0.5,0.5,inheritance,inheritance,inheritance
1007,578,915,0.20000000000000004,0.5,0.5,22.44687189672294,6.9411764705882355,14.32568306010929,119,0,50,0.2,0.5,0.5,inheritance,inheritance,inheritance
982,579,939,0.20000000000000004,0.5,0.5,22.491853360488797,6.986183074265976,14.274760383386582,120,0,50,0.2,0.5,0.5,inheritance,inheritance,inheritance
945,594,961,0.2,0.5,0.5,22.003174603174603,6.917508417508418,14.245577523413111,121,0,50,0.2,0.5,0.5,inheritance,inheritance,inheritance
929,587,984,0.2,0.5,0.5,21.78902045209903,7.10732538330494,14.197154471544716,122,0,50,0.2,0.5,0.5,inheritance,inheritance,inheritance
907,593,1000,0.20000000000000004,0.5,0.5,21.345093715545755,7.278246205733558,14.204,123,0,50,0.2,0.5,0.5,inheritance,inheritance,inheritance
884,607,1009,0.2,0.5,0.5,20.783936651583712,7.309719934102142,14.272547076313181,124,0,50,0.2,0.5,0.5,inheritance,inheritance,inheritance
867,622,1011,0.2,0.5,0.5,20.49019607843137,7.602893890675241,14.513353115727003,125,0,50,0.2,0.5,0.5,inheritance,inheritance,inheritance
847,628,1025,0.19999999999999998,0.5,0.5,20.110979929161747,7.656050955414012,14.522926829268293,126,0,50,0.2,0.5,0.5,inheritance,inheritance,inheritance
828,622,1050,0.19999999999999998,0.5,0.5,19.60990338164251,7.845659163987138,14.480952380952381,127,0,50,0.2,0.5,0.5,inheritance,inheritance,inheritance
809,613,1078,0.2,0.5,0.5,19.252163164400493,7.946166394779771,14.601113172541744,128,0,50,0.2,0.5,0.5,inheritance,inheritance,inheritance
796,603,1101,0.19999999999999998,0.5,0.5,18.766331658291456,8.044776119402986,14.792007266121708,129,0,50,0.2,0.5,0.5,inheritance,inheritance,inheritance
816,586,1098,0.19999999999999998,0.5,0.5,18.188725490196077,8.313993174061434,14.793260473588342,130,0,50,0.2,0.5,0.5,inheritance,inheritance,inheritance
814,584,1102,0.2,0.5,0.5,17.92751842751843,8.448630136986301,14.909255898366606,131,0,50,0.2,0.5,0.5,inheritance,inheritance,inheritance
822,581,1097,0.19999999999999998,0.5,0.5,17.289537712895378,8.6815834767642,15.21422060164084,132,0,50,0.2,0.5,0.5,inheritance,inheritance,inheritance
831,559,1110,0.19999999999999998,0.5,0.5,16.79783393501805,8.85509838998211,15.254954954954956,133,0,50,0.2,0.5,0.5,inheritance,inheritance,inheritance
840,539,1121,0.2,0.5,0.5,16.633333333333333,9.241187384044528,15.298840321141837,134,0,50,0.2,0.5,0.5,inheritance,inheritance,inheritance
854,502,1144,0.2,0.5,0.5,16.752927400468383,9.57569721115538,15.10576923076923,135,0,50,0.2,0.5,0.5,inheritance,inheritance,inheritance
877,465,1158,0.2,0.5,0.5,16.476624857468643,9.782795698924732,15.013816925734025,136,0,50,0.2,0.5,0.5,inheritance,inheritance,inheritance
891,419,1190,0.2,0.5,0.5,16.588103254769923,9.940334128878282,14.923529411764706,137,0,50,0.2,0.5,0.5,inheritance,inheritance,inheritance
895,389,1216,0.2,0.5,0.5,16.577653631284917,9.925449871465295,15.103618421052632,138,0,50,0.2,0.5,0.5,inheritance,inheritance,inheritance
917,358,1225,0.20000000000000004,0.5,0.5,16.3391494002181,9.653631284916202,15.159183673469387,139,0,50,0.2,0.5,0.5,inheritance,inheritance,inheritance
933,352,1215,0.2,0.5,0.5,15.945337620578778,9.428977272727273,15.260905349794239,140,0,50,0.2,0.5,0.5,inheritance,inheritance,inheritance
952,336,1212,0.20000000000000004,0.5,0.5,15.953781512605042,9.416666666666666,15.494224422442244,141,0,50,0.2,0.5,0.5,inheritance,inheritance,inheritance
968,331,1201,0.2,0.5,0.5,15.784090909090908,9.129909365558913,15.643630308076602,142,0,50,0.2,0.5,0.5,inheritance,inheritance,inheritance
977,330,1193,0.20000000000000004,0.5,0.5,15.776867963152508,8.73030303030303,15.790444258172673,143,0,50,0.2,0.5,0.5,inheritance,inheritance,inheritance
1004,312,1184,0.2,0.5,0.5,15.71215139442231,8.631410256410257,15.905405405405405,144,0,50,0.2,0.5,0.5,inheritance,inheritance,inheritance
1009,301,1190,0.2,0.5,0.5,15.851337958374629,8.451827242524917,16.1218487394958,145,0,50,0.2,0.5,0.5,inheritance,inheritance,inheritance
1031,298,1171,0.20000000000000004,0.5,0.5,15.929194956353056,8.063758389261745,16.40478223740393,146,0,50,0.2,0.5,0.5,inheritance,inheritance,inheritance
1056,281,1163,0.19999999999999998,0.5,0.5,16.073863636363637,8.064056939501778,16.69561478933792,147,0,50,0.2,0.5,0.5,inheritance,inheritance,inheritance
1094,282,1124,0.19999999999999996,0.5,0.5,16.145338208409505,7.9787234042553195,16.85320284697509,148,0,50,0.2,0.5,0.5,inheritance,inheritance,inheritance
1115,272,1113,0.19999999999999998,0.5,0.5,16.414349775784753,8.301470588235293,17.255166217430368,149,0,50,0.2,0.5,0.5,inheritance,inheritance,inheritance
1129,260,1111,0.19999999999999996,0.5,0.5,16.825509300265722,8.384615384615385,17.622862286228624,150,0,50,0.2,0.5,0.5,inheritance,inheritance,inheritance
1159,251,1090,0.19999999999999996,0.5,0.5,17.150992234685074,8.760956175298805,18.05137614678899,151,0,50,0.2,0.5,0.5,inheritance,inheritance,inheritance
1204,242,1054,0.19999999999999998,0.5,0.5,17.19933554817276,9.057851239669422,18.37001897533207,152,0,50,0.2,0.5,0.5,inheritance,inheritance,inheritance
1245,223,1032,0.19999999999999998,0.5,0.5,17.403212851405623,9.47085201793722,18.31298449612403,153,0,50,0.2,0.5,0.5,inheritance,inheritance,inheritance
1273,215,1012,0.19999999999999998,0.5,0.5,17.787117046347213,9.516279069767442,18.50098814229249,154,0,50,0.2,0.5,0.5,inheritance,inheritance,inheritance
1298,201,1001,0.19999999999999998,0.5,0.5,18.256548536209554,9.383084577114428,18.702297702297702,155,0,50,0.2,0.5,0.5,inheritance,inheritance,inheritance
1311,199,990,0.19999999999999996,0.5,0.5,18.72692601067887,8.793969849246231,18.99191919191919,156,0,50,0.2,0.5,0.5,inheritance,inheritance,inheritance
1327,203,970,0.19999999999999998,0.5,0.5,19.25546345139412,8.187192118226601,19.255670103092783,157,0,50,0.2,0.5,0.5,inheritance,inheritance,inheritance
1354,190,956,0.19999999999999996,0.5,0.5,19.553914327917283,7.7105263157894735,19.32531380753138,158,0,50,0.2,0.5,0.5,inheritance,inheritance,inheritance
1369,193,938,0.19999999999999996,0.5,0.5,19.921110299488678,7.414507772020725,19.542643923240938,159,0,50,0.2,0.5,0.5,inheritance,inheritance,inheritance
1375,200,925,0.19999999999999996,0.5,0.5,20.376727272727273,6.965,19.85837837837838,160,0,50,0.2,0.5,0.5,inheritance,inheritance,inheritance
1384,202,914,0.19999999999999996,0.5,0.5,20.835982658959537,6.262376237623762,20.182713347921226,161,0,50,0.2,0.5,0.5,inheritance,inheritance,inheritance
1401,193,906,0.19999999999999998,0.5,0.5,21.157744468236974,5.756476683937824,20.30353200883002,162,0,50,0.2,0.5,0.5,inheritance,inheritance,inheritance
1404,205,891,0.19999999999999996,0.5,0.5,21.492165242165242,5.439024390243903,20.534231200897867,163,0,50,0.2,0.5,0.5,inheritance,inheritance,inheritance
1407,222,871,0.19999999999999998,0.5,0.5,21.96588486140725,5.211711711711712,20.88518943742824,164,0,50,0.2,0.5,0.5,inheritance,inheritance,inheritance
1409,244,847,0.19999999999999996,0.5,0.5,22.261178140525196,5.077868852459017,21.38370720188902,165,0,50,0.2,0.5,0.5,inheritance,inheritance,inheritance
1420,268,812,0.2,0.5,0.5,22.364788732394366,5.018656716417911,21.56650246305419,166,0,50,0.2,0.5,0.5,inheritance,inheritance,inheritance
1422,294,784,0.19999999999999998,0.5,0.5,22.430379746835442,5.217687074829932,21.82780612244898,167,0,50,0.2,0.5,0.5,inheritance,inheritance,inheritance
1430,308,762,0.19999999999999996,0.5,0.5,22.674825174825173,5.275974025974026,21.738845144356954,168,0,50,0.2,0.5,0.5,inheritance,inheritance,inheritance
1414,342,744,0.19999999999999996,0.5,0.5,22.968175388967467,5.505847953216374,22.278225806451612,169,0,50,0.2,0.5,0.5,inheritance,inheritance,inheritance
1401,373,726,0.19999999999999998,0.5,0.5,23.18058529621699,5.640750670241287,22.265840220385677,170,0,50,0.2,0.5,0.5,inheritance,inheritance,inheritance
1387,397,716,0.19999999999999998,0.5,0.5,23.337418889689978,5.785894206549118,21.98603351955307,171,0,50,0.2,0.5,0.5,inheritance,inheritance,inheritance
1364,428,708,0.19999999999999996,0.5,0.5,23.610703812316714,6.002336448598131,22.02683615819209,172,0,50,0.2,0.5,0.5,inheritance,inheritance,inheritance
1339,451,710,0.19999999999999996,0.5,0.5,23.964152352501866,6.2150776053215075,22.004225352112677,173,0,50,0.2,0.5,0.5,inheritance,inheritance,inheritance
1317,483,700,0.19999999999999998,0.5,0.5,23.855732725892178,6.3022774327122155,21.912857142857142,174,0,50,0.2,0.5,0.5,inheritance,inheritance,inheritance
1302,495,703,0.19999999999999998,0.5,0.5,24.065284178187405,6.5919191919191915,21.637268847795163,175,0,50,0.2,0.5,0.5,inheritance,inheritance,inheritance
1277,514,709,0.19999999999999996,0.5,0.5,24.209083790133125,6.671206225680934,21.029619181946405,176,0,50,0.2,0.5,0.5,inheritance,inheritance,inheritance
1251,532,717,0.19999999999999996,0.5,0.5,24.074340527577938,6.862781954887218,20.262203626220362,177,0,50,0.2,0.5,0.5,inheritance,inheritance,inheritance
1220,563,717,0.2,0.5,0.5,24.08032786885246,7.156305506216697,20.294281729428175,178,0,50,0.2,0.5,0.5,inheritance,inheritance,inheritance
1205,579,716,0.2,0.5,0.5,24.081327800829875,7.3644214162348876,19.804469273743017,179,0,50,0.2,0.5,0.5,inheritance,inheritance,inheritance
1180,585,735,0.19999999999999998,0.5,0.5,24.391525423728815,7.553846153846154,19.370068027210884,180,0,50,0.2,0.5,0.5,inheritance,inheritance,inheritance
1158,601,741,0.19999999999999998,0.5,0.5,24.1433506044905,7.5790349417637275,19.072874493927124,181,0,50,0.2,0.5,0.5,inheritance,inheritance,inheritance
1151,628,721,0.19999999999999998,0.5,0.5,23.71850564726325,7.753184713375796,18.768377253814148,182,0,50,0.2,0.5,0.5,inheritance,inheritance,inheritance
1121,652,727,0.19999999999999998,0.5,0.5,23.619090098126673,7.975460122699387,18.11554332874828,183,0,50,0.2,0.5,0.5,inheritance,inheritance,inheritance
1098,677,725,0.19999999999999996,0.5,0.5,23.31056466302368,8.15805022156573,17.768275862068965,184,0,50,0.2,0.5,0.5,inheritance,inheritance,inheritance
1055,699,746,0.2,0.5,0.5,23.44170616113744,8.456366237482117,17.512064343163537,185,0,50,0.2,0.5,0.5,inheritance,inheritance,inheritance
1029,715,756,0.2,0.5,0.5,23.482993197278912,8.622377622377622,17.150793650793652,186,0,50,0.2,0.5,0.5,inheritance,inheritance,inheritance
983,719,798,0.2,0.5,0.5,23.43438453713123,8.684283727399166,16.63659147869674,187,0,50,0.2,0.5,0.5,inheritance,inheritance,inheritance
957,718,825,0.2,0.5,0.5,22.910135841170323,9.015320334261839,15.950303030303031,188,0,50,0.2,0.5,0.5,inheritance,inheritance,inheritance
903,761,836,0.20000000000000004,0.5,0.5,22.269102990033222,8.869908015768726,15.669856459330143,189,0,50,0.2,0.5,0.5,inheritance,inheritance,inheritance
857,771,872,0.20000000000000004,0.5,0.5,21.816802800466743,8.833981841763944,15.315366972477063,190,0,50,0.2,0.5,0.5,inheritance,inheritance,inheritance
817,793,890,0.19999999999999998,0.5,0.5,21.52141982864137,8.98108448928121,15.317977528089887,191,0,50,0.2,0.5,0.5,inheritance,inheritance,inheritance
795,803,902,0.2,0.5,0.5,21.149685534591196,9.173100871731009,14.945676274944567,192,0,50,0.2,0.5,0.5,inheritance,inheritance,inheritance
768,798,934,0.19999999999999998,0.5,0.5,20.618489583333332,9.337092731829573,14.899357601713062,193,0,50,0.2,0.5,0.5,inheritance,inheritance,inheritance
755,777,968,0.2,0.5,0.5,20.548344370860928,9.733590733590734,14.731404958677686,194,0,50,0.2,0.5,0.5,inheritance,inheritance,inheritance
741,767,992,0.19999999999999998,0.5,0.5,20.331983805668017,10.033898305084746,14.56149193548387,195,0,50,0.2,0.5,0.5,inheritance,inheritance,inheritance
723,742,1035,0.19999999999999998,0.5,0.5,20.153526970954356,10.262803234501348,14.210628019323671,196,0,50,0.2,0.5,0.5,inheritance,inheritance,inheritance
698,728,1074,0.19999999999999996,0.5,0.5,19.451289398280803,10.516483516483516,14.20949720670391,197,0,50,0.2,0.5,0.5,inheritance,inheritance,inheritance
687,698,1115,0.19999999999999996,0.5,0.5,19.302765647743815,10.875358166189113,14.28609865470852,198,0,50,0.2,0.5,0.5,inheritance,inheritance,inheritance
683,658,1159,0.19999999999999996,0.5,0.5,19.150805270863835,11.25531914893617,14.18895599654875,199,0,50,0.2,0.5,0.5,inheritance,inheritance,inheritance
692,620,1188,0.19999999999999996,0.5,0.5,18.5,11.640322580645162,14.26010101010101,200,0,50,0.2,0.5,0.5,inheritance,inheritance,inheritance
684,585,1231,0.19999999999999998,0.5,0.5,18.0906432748538,11.494017094017094,14.226645004061739,201,0,50,0.2,0.5,0.5,inheritance,inheritance,inheritance
666,562,1272,0.19999999999999998,0.5,0.5,17.84984984984985,11.480427046263346,14.302672955974844,202,0,50,0.2,0.5,0.5,inheritance,inheritance,inheritance
666,538,1296,0.19999999999999998,0.5,0.5,17.23873873873874,11.384758364312267,14.445987654320987,203,0,50,0.2,0.5,0.5,inheritance,inheritance,inheritance
665,516,1319,0.2,0.5,0.5,16.584962406015038,11.281007751937985,14.580742987111448,204,0,50,0.2,0.5,0.5,inheritance,inheritance,inheritance
684,478,1338,0.19999999999999998,0.5,0.5,16.45906432748538,11.112970711297072,14.79745889387145,205,0,50,0.2,0.5,0.5,inheritance,inheritance,inheritance
679,475,1346,0.19999999999999998,0.5,0.5,16.288659793814432,11.092631578947369,15.156760772659732,206,0,50,0.2,0.5,0.5,inheritance,inheritance,inheritance
661,454,1385,0.19999999999999998,0.5,0.5,16.1285930408472,10.689427312775331,15.249819494584838,207,0,50,0.2,0.5,0.5,inheritance,inheritance,inheritance
665,428,1407,0.2,0.5,0.5,15.741353383458646,10.483644859813085,15.366737739872068,208,0,50,0.2,0.5,0.5,inheritance,inheritance,inheritance
659,424,1417,0.19999999999999998,0.5,0.5,15.672230652503794,10.070754716981131,15.681016231474947,209,0,50,0.2,0.5,0.5,inheritance,inheritance,inheritance
661,411,1428,0.19999999999999998,0.5,0.5,15.664145234493192,10.1338199513382,16.0203081232493,210,0,50,0.2,0.5,0.5,inheritance,inheritance,inheritance
661,403,1436,0.19999999999999998,0.5,0.5,15.193645990922844,9.925558312655086,16.430362116991642,211,0,50,0.2,0.5,0.5,inheritance,inheritance,inheritance
663,386,1451,0.19999999999999996,0.5,0.5,15.42684766214178,9.639896373056995,16.687112336319778,212,0,50,0.2,0.5,0.5,inheritance,inheritance,inheritance
670,359,1471,0.19999999999999996,0.5,0.5,15.456716417910448,9.512534818941504,16.983004758667573,213,0,50,0.2,0.5,0.5,inheritance,inheritance,inheritance
684,344,1472,0.19999999999999998,0.5,0.5,15.185672514619883,9.67732558139535,17.253396739130434,214,0,50,0.2,0.5,0.5,inheritance,inheritance,inheritance
691,323,1486,0.19999999999999998,0.5,0.5,15.23589001447178,9.541795665634675,17.598250336473754,215,0,50,0.2,0.5,0.5,inheritance,inheritance,inheritance
717,296,1487,0.19999999999999996,0.5,0.5,14.93305439330544,9.192567567567568,17.830531271015467,216,0,50,0.2,0.5,0.5,inheritance,inheritance,inheritance
732,276,1492,0.19999999999999996,0.5,0.5,15.077868852459016,8.981884057971014,18.27882037533512,217,0,50,0.2,0.5,0.5,inheritance,inheritance,inheritance
772,233,1495,0.19999999999999998,0.5,0.5,15.132124352331607,9.459227467811159,18.483612040133778,218,0,50,0.2,0.5,0.5,inheritance,inheritance,inheritance
794,221,1485,0.2,0.5,0.5,15.32367758186398,9.266968325791856,18.876094276094275,219,0,50,0.2,0.5,0.5,inheritance,inheritance,inheritance
817,212,1471,0.19999999999999998,0.5,0.5,15.297429620563035,9.014150943396226,19.250849762066622,220,0,50,0.2,0.5,0.5,inheritance,inheritance,inheritance
849,182,1469,0.2,0.5,0.5,15.414605418138986,8.912087912087912,19.441797140912186,221,0,50,0.2,0.5,0.5,inheritance,inheritance,inheritance
883,160,1457,0.20000000000000004,0.5,0.5,15.532276330690827,8.81875,19.842827728208647,222,0,50,0.2,0.5,0.5,inheritance,inheritance,inheritance
926,158,1416,0.2,0.5,0.5,15.336933045356371,8.322784810126583,20.431497175141242,223,0,50,0.2,0.5,0.5,inheritance,inheritance,inheritance
950,160,1390,0.2,0.5,0.5,15.414736842105263,7.59375,20.93021582733813,224,0,50,0.2,0.5,0.5,inheritance,inheritance,inheritance
984,154,1362,0.20000000000000004,0.5,0.5,15.389227642276422,7.090909090909091,21.37151248164464,225,0,50,0.2,0.5,0.5,inheritance,inheritance,inheritance
1007,156,1337,0.20000000000000004,0.5,0.5,15.685203574975175,6.596153846153846,21.87808526551982,226,0,50,0.2,0.5,0.5,inheritance,inheritance,inheritance
1043,166,1291,0.2,0.5,0.5,15.578139980824545,6.126506024096385,22.3718048024787,227,0,50,0.2,0.5,0.5,inheritance,inheritance,inheritance
1068,174,1258,0.19999999999999996,0.5,0.5,15.698501872659175,6.235632183908046,22.984896661367248,228,0,50,0.2,0.5,0.5,inheritance,inheritance,inheritance
1088,185,1227,0.19999999999999996,0.5,0.5,15.790441176470589,5.778378378378378,23.28280358598207,229,0,50,0.2,0.5,0.5,inheritance,inheritance,inheritance
1104,192,1204,0.19999999999999996,0.5,0.5,15.959239130434783,5.348958333333333,23.81312292358804,230,0,50,0.2,0.5,0.5,inheritance,inheritance,inheritance
1124,195,1181,0.19999999999999996,0.5,0.5,16.190391459074732,5.292307692307692,24.108382726502963,231,0,50,0.2,0.5,0.5,inheritance,inheritance,inheritance
1152,192,1156,0.19999999999999998,0.5,0.5,16.30642361111111,5.447916666666667,24.41695501730104,232,0,50,0.2,0.5,0.5,inheritance,inheritance,inheritance
1174,206,1120,0.19999999999999996,0.5,0.5,16.536626916524703,5.786407766990291,24.941964285714285,233,0,50,0.2,0.5,0.5,inheritance,inheritance,inheritance
1174,234,1092,0.19999999999999996,0.5,0.5,16.85519591141397,5.611111111111111,25.391025641025642,234,0,50,0.2,0.5,0.5,inheritance,inheritance,inheritance
1192,249,1059,0.19999999999999998,0.5,0.5,17.053691275167786,5.650602409638554,25.714825306893296,235,0,50,0.2,0.5,0.5,inheritance,inheritance,inheritance
1222,246,1032,0.19999999999999998,0.5,0.5,17.138297872340427,5.90650406504065,25.49418604651163,236,0,50,0.2,0.5,0.5,inheritance,inheritance,inheritance
1242,248,1010,0.19999999999999998,0.5,0.5,17.46779388083736,6.044354838709677,25.50891089108911,237,0,50,0.2,0.5,0.5,inheritance,inheritance,inheritance
1249,254,997,0.19999999999999996,0.5,0.5,17.738991192954362,6.003937007874016,25.568706118355067,238,0,50,0.2,0.5,0.5,inheritance,inheritance,inheritance
1257,270,973,0.19999999999999998,0.5,0.5,18.00079554494829,6.166666666666667,25.746145940390544,239,0,50,0.2,0.5,0.5,inheritance,inheritance,inheritance
1278,271,951,0.19999999999999998,0.5,0.5,18.078247261345854,6.018450184501845,25.339642481598318,240,0,50,0.2,0.5,0.5,inheritance,inheritance,inheritance
1303,263,934,0.19999999999999998,0.5,0.5,18.293937068303915,6.159695817490494,25.024625267665954,241,0,50,0.2,0.5,0.5,inheritance,inheritance,inheritance
1330,251,919,0.2,0.5,0.5,18.63984962406015,6.334661354581673,24.701849836779108,242,0,50,0.2,0.5,0.5,inheritance,inheritance,inheritance
1350,240,910,0.19999999999999996,0.5,0.5,18.975555555555555,6.483333333333333,24.338461538461537,243,0,50,0.2,0.5,0.5,inheritance,inheritance,inheritance
1364,221,915,0.19999999999999996,0.5,0.5,19.131964809384165,6.334841628959276,23.779234972677596,244,0,50,0.2,0.5,0.5,inheritance,inheritance,inheritance
1386,227,887,0.19999999999999996,0.5,0.5,19.12987012987013,6.308370044052864,23.54904171364149,245,0,50,0.2,0.5,0.5,inheritance,inheritance,inheritance
1399,238,863,0.19999999999999996,0.5,0.5,19.40528949249464,6.235294117647059,23.797219003476247,246,0,50,0.2,0.5,0.5,inheritance,inheritance,inheritance
1418,250,832,0.19999999999999998,0.5,0.5,19.65937940761636,6.332,23.80408653846154,247,0,50,0.2,0.5,0.5,inheritance,inheritance,inheritance
1431,257,812,0.19999999999999996,0.5,0.5,19.89238294898672,6.147859922178989,23.444581280788178,248,0,50,0.2,0.5,0.5,inheritance,inheritance,inheritance
1423,284,793,0.19999999999999993,0.5,0.5,20.226985242445537,5.732394366197183,23.348045397225725,249,0,50,0.2,0.5,0.5,inheritance,inheritance,inheritance
1423,304,773,0.19999999999999993,0.5,0.5,20.546029515108923,5.608552631578948,23.18111254851229,250,0,50,0.2,0.5,0.5,inheritance,inheritance,inheritance
1419,324,757,0.19999999999999996,0.5,0.5,20.82381959126145,5.533950617283951,22.813738441215325,251,0,50,0.2,0.5,0.5,inheritance,inheritance,inheritance
1413,354,733,0.19999999999999993,0.5,0.5,20.882519462137296,5.3107344632768365,22.613915416098227,252,0,50,0.2,0.5,0.5,inheritance,inheritance,inheritance
1397,390,713,0.19999999999999998,0.5,0.5,21.24051539012169,5.51025641025641,22.875175315568022,253,0,50,0.2,0.5,0.5,inheritance,inheritance,inheritance
1377,416,707,0.19999999999999996,0.5,0.5,21.4800290486565,5.574519230769231,22.56152758132956,254,0,50,0.2,0.5,0.5,inheritance,inheritance,inheritance
1347,441,712,0.19999999999999998,0.5,0.5,21.579806978470675,5.523809523809524,21.90449438202247,255,0,50,0.2,0.5,0.5,inheritance,inheritance,inheritance
1337,460,703,0.19999999999999998,0.5,0.5,21.68735976065819,5.789130434782609,21.568990042674255,256,0,50,0.2,0.5,0.5,inheritance,inheritance,inheritance
1337,480,683,0.19999999999999998,0.5,0.5,21.339566192969336,6.022916666666666,21.096632503660324,257,0,50,0.2,0.5,0.5,inheritance,inheritance,inheritance
1325,495,680,0.2,0.5,0.5,21.609056603773585,6.2868686868686865,20.564705882352943,258,0,50,0.2,0.5,0.5,inheritance,inheritance,inheritance
1289,521,690,0.19999999999999996,0.5,0.5,21.857253685027153,6.380038387715931,20.150724637681158,259,0,50,0.2,0.5,0.5,inheritance,inheritance,inheritance
1266,530,704,0.19999999999999996,0.5,0.5,21.691153238546605,6.381132075471698,19.055397727272727,260,0,50,0.2,0.5,0.5,inheritance,inheritance,inheritance
1232,553,715,0.19999999999999998,0.5,0.5,21.900974025974026,6.475587703435805,18.4979020979021,261,0,50,0.2,0.5,0.5,inheritance,inheritance,inheritance
1208,563,729,0.19999999999999998,0.5,0.5,22.02317880794702,6.642984014209591,17.92729766803841,262,0,50,0.2,0.5,0.5,inheritance,inheritance,inheritance
1185,568,747,0.2,0.5,0.5,21.985654008438818,6.795774647887324,16.72289156626506,263,0,50,0.2,0.5,0.5,inheritance,inheritance,inheritance
1148,566,786,0.19999999999999998,0.5,0.5,22.21602787456446,6.96113074204947,16.203562340966922,264,0,50,0.2,0.5,0.5,inheritance,inheritance,inheritance
1128,565,807,0.19999999999999998,0.5,0.5,21.909574468085108,6.975221238938053,15.605947955390334,265,0,50,0.2,0.5,0.5,inheritance,inheritance,inheritance
1107,553,840,0.19999999999999998,0.5,0.5,22.098464317976514,7.151898734177215,14.997619047619047,266,0,50,0.2,0.5,0.5,inheritance,inheritance,inheritance
1079,566,855,0.19999999999999998,0.5,0.5,21.723818350324375,7.0371024734982335,14.778947368421052,267,0,50,0.2,0.5,0.5,inheritance,inheritance,inheritance
1052,557,891,0.19999999999999998,0.5,0.5,21.8032319391635,6.955116696588869,14.080808080808081,268,0,50,0.2,0.5,0.5,inheritance,inheritance,inheritance
1044,544,912,0.2,0.5,0.5,21.795019157088124,6.992647058823529,13.75219298245614,269,0,50,0.2,0.5,0.5,inheritance,inheritance,inheritance
1002,552,946,0.20000000000000004,0.5,0.5,21.909181636726547,6.994565217391305,13.530655391120508,270,0,50,0.2,0.5,0.5,inheritance,inheritance,inheritance
973,550,977,0.2,0.5,0.5,21.992805755395683,6.9,13.461617195496418,271,0,50,0.2,0.5,0.5,inheritance,inheritance,inheritance
961,544,995,0.20000000000000004,0.5,0.5,21.555671175858482,6.740808823529412,13.125628140703517,272,0,50,0.2,0.5,0.5,inheritance,inheritance,inheritance
945,534,1021,0.2,0.5,0.5,21.593650793650795,6.910112359550562,13.197845249755142,273,0,50,0.2,0.5,0.5,inheritance,inheritance,inheritance
917,531,1052,0.20000000000000004,0.5,0.5,21.691384950926935,6.9736346516007535,13.059885931558936,274,0,50,0.2,0.5,0.5,inheritance,inheritance,inheritance
914,517,1069,0.2,0.5,0.5,21.36870897155361,7.150870406189555,12.927034611786716,275,0,50,0.2,0.5,0.5,inheritance,inheritance,inheritance
918,525,1057,0.2,0.5,0.5,20.6318082788671,7.426666666666667,13.115421002838222,276,0,50,0.2,0.5,0.5,inheritance,inheritance,inheritance
913,501,1086,0.2,0.5,0.5,20.32749178532311,7.413173652694611,13.16206261510129,277,0,50,0.2,0.5,0.5,inheritance,inheritance,inheritance
911,485,1104,0.19999999999999998,0.5,0.5,20.097694840834247,7.402061855670103,13.344202898550725,278,0,50,0.2,0.5,0.5,inheritance,inheritance,inheritance
896,482,1122,0.2,0.5,0.5,20.160714285714285,7.4896265560165975,13.589126559714796,279,0,50,0.2,0.5,0.5,inheritance,inheritance,inheritance
891,450,1159,0.2,0.5,0.5,20.00897867564534,7.457777777777777,13.580672993960311,280,0,50,0.2,0.5,0.5,inheritance,inheritance,inheritance
884,438,1178,0.2,0.5,0.5,19.716063348416288,7.34703196347032,13.748726655348047,281,0,50,0.2,0.5,0.5,inheritance,inheritance,inheritance
892,425,1183,0.2,0.5,0.5,19.732062780269057,7.534117647058824,13.965342349957735,282,0,50,0.2,0.5,0.5,inheritance,inheritance,inheritance
896,418,1186,0.2,0.5,0.5,19.515625,7.588516746411483,14.11973018549747,283,0,50,0.2,0.5,0.5,inheritance,inheritance,inheritance
885,430,1185,0.2,0.5,0.5,19.314124293785312,7.572093023255814,14.544303797468354,284,0,50,0.2,0.5,0.5,inheritance,inheritance,inheritance
888,424,1188,0.20000000000000004,0.5,0.5,19.079954954954953,7.60377358490566,14.736531986531986,285,0,50,0.2,0.5,0.5,inheritance,inheritance,inheritance
881,415,1204,0.19999999999999998,0.5,0.5,19.036322360953463,7.549397590361446,14.904485049833887,286,0,50,0.2,0.5,0.5,inheritance,inheritance,inheritance
895,399,1206,0.2,0.5,0.5,18.74972067039106,7.714285714285714,15.20480928689884,287,0,50,0.2,0.5,0.5,inheritance,inheritance,inheritance
903,397,1200,0.20000000000000004,0.5,0.5,18.221483942414174,7.778337531486146,15.56,288,0,50,0.2,0.5,0.5,inheritance,inheritance,inheritance
904,394,1202,0.2,0.5,0.5,17.996681415929203,7.8578680203045685,15.864392678868553,289,0,50,0.2,0.5,0.5,inheritance,inheritance,inheritance
892,395,1213,0.2,0.5,0.5,17.679372197309416,7.718987341772152,16.07666941467436,290,0,50,0.2,0.5,0.5,inheritance,inheritance,inheritance
905,378,1217,0.2,0.5,0.5,17.369060773480662,7.798941798941799,16.156121610517665,291,0,50,0.2,0.5,0.5,inheritance,inheritance,inheritance
907,363,1230,0.20000000000000004,0.5,0.5,17.194046306504962,7.619834710743802,16.1869918699187,292,0,50,0.2,0.5,0.5,inheritance,inheritance,inheritance
915,343,1242,0.20000000000000004,0.5,0.5,17.210928961748635,7.478134110787172,16.363123993558776,293,0,50,0.2,0.5,0.5,inheritance,inheritance,inheritance
924,334,1242,0.2,0.5,0.5,17.26948051948052,7.422155688622754,16.574074074074073,294,0,50,0.2,0.5,0.5,inheritance,inheritance,inheritance
908,333,1259,0.20000000000000004,0.5,0.5,17.575991189427313,7.186186186186186,16.956314535345513,295,0,50,0.2,0.5,0.5,inheritance,inheritance,inheritance
916,334,1250,0.2,0.5,0.5,17.395196506550217,7.4431137724550895,17.4448,296,0,50,0.2,0.5,0.5,inheritance,inheritance,inheritance
934,318,1248,0.2,0.5,0.5,17.39186295503212,7.616352201257862,17.547275641025642,297,0,50,0.2,0.5,0.5,inheritance,inheritance,inheritance
949,315,1236,0.2,0.5,0.5,17.32349841938883,7.380952380952381,17.833333333333332,298,0,50,0.2,0.5,0.5,inheritance,inheritance,inheritance
963,327,1210,0.2,0.5,0.5,17.159916926272068,7.293577981651376,18.095867768595042,299,0,50,0.2,0.5,0.5,inheritance,inheritance,inheritance
984,323,1193,0.20000000000000004,0.5,0.5,17.13719512195122,7.535603715170279,18.461022632020118,300,0,50,0.2,0.5,0.5,inheritance,inheritance,inheritance
991,321,1188,0.20000000000000004,0.5,0.5,17.046417759838548,7.641744548286605,18.585858585858585,301,0,50,0.2,0.5,0.5,inheritance,inheritance,inheritance
993,318,1189,0.2,0.5,0.5,17.028197381671703,7.437106918238993,18.83851976450799,302,0,50,0.2,0.5,0.5,inheritance,inheritance,inheritance
1013,320,1167,0.2,0.5,0.5,16.966436327739387,7.640625,19.15338474721508,303,0,50,0.2,0.5,0.5,inheritance,inheritance,inheritance
1020,313,1167,0.20000000000000004,0.5,0.5,17.059803921568626,7.706070287539936,19.433590402742073,304,0,50,0.2,0.5,0.5,inheritance,inheritance,inheritance
1024,310,1166,0.20000000000000004,0.5,0.5,17.03125,7.564516129032258,19.68096054888508,305,0,50,0.2,0.5,0.5,inheritance,inheritance,inheritance
1022,318,1160,0.20000000000000004,0.5,0.5,16.93542074363992,7.154088050314465,19.732758620689655,306,0,50,0.2,0.5,0.5,inheritance,inheritance,inheritance
1029,317,1154,0.2,0.5,0.5,16.924198250728864,7.208201892744479,19.954939341421145,307,0,50,0.2,0.5,0.5,inheritance,inheritance,inheritance
1043,328,1129,0.2,0.5,0.5,16.837008628954937,7.125,20.25066430469442,308,0,50,0.2,0.5,0.5,inheritance,inheritance,inheritance
1051,334,1115,0.19999999999999998,0.5,0.5,17.013320647002853,7.38622754491018,20.547982062780267,309,0,50,0.2,0.5,0.5,inheritance,inheritance,inheritance
1047,347,1106,0.2,0.5,0.5,16.916905444126076,7.1671469740634,20.576853526220614,310,0,50,0.2,0.5,0.5,inheritance,inheritance,inheritance
1061,354,1085,0.19999999999999998,0.5,0.5,16.916116870876532,7.234463276836158,20.611981566820276,311,0,50,0.2,0.5,0.5,inheritance,inheritance,inheritance
1064,349,1087,0.19999999999999998,0.5,0.5,17.1156015037594,7.467048710601719,20.44526218951242,312,0,50,0.2,0.5,0.5,inheritance,inheritance,inheritance
1065,348,1087,0.2,0.5,0.5,17.384976525821596,7.454022988505747,20.57497700091996,313,0,50,0.2,0.5,0.5,inheritance,inheritance,inheritance
1062,356,1082,0.19999999999999998,0.5,0.5,17.444444444444443,7.26123595505618,20.59611829944547,314,0,50,0.2,0.5,0.5,inheritance,inheritance,inheritance
1075,364,1061,0.19999999999999998,0.5,0.5,17.59627906976744,7.368131868131868,20.92177191328935,315,0,50,0.2,0.5,0.5,inheritance,inheritance,inheritance
1071,370,1059,0.19999999999999998,0.5,0.5,17.81419234360411,6.821621621621621,20.900849858356942,316,0,50,0.2,0.5,0.5,inheritance,inheritance,inheritance
1065,373,1062,0.2,0.5,0.5,17.897652582159626,6.932975871313673,20.790018832391713,317,0,50,0.2,0.5,0.5,inheritance,inheritance,inheritance
1079,382,1039,0.19999999999999998,0.5,0.5,17.88971269694161,7.096858638743456,20.667949951876803,318,0,50,0.2,0.5,0.5,inheritance,inheritance,inheritance
1088,374,1038,0.19999999999999996,0.5,0.5,17.887867647058822,7.216577540106952,20.619460500963392,319,0,50,0.2,0.5,0.5,inheritance,inheritance,inheritance
1078,378,1044,0.19999999999999996,0.5,0.5,18.001855287569573,7.103174603174603,20.403256704980844,320,0,50,0.2,0.5,0.5,inheritance,inheritance,inheritance
1080,371,1049,0.19999999999999998,0.5,0.5,17.928703703703704,6.878706199460916,20.07626310772164,321,0,50,0.2,0.5,0.5,inheritance,inheritance,inheritance
1098,353,1049,0.19999999999999996,0.5,0.5,18.034608378870676,7.192634560906516,19.976167778836988,322,0,50,0.2,0.5,0.5,inheritance,inheritance,inheritance
1107,354,1039,0.19999999999999998,0.5,0.5,17.950316169828366,7.045197740112994,19.823869104908567,323,0,50,0.2,0.5,0.5,inheritance,inheritance,inheritance
1118,364,1018,0.19999999999999998,0.5,0.5,18.094812164579608,7.2445054945054945,20.14636542239686,324,0,50,0.2,0.5,0.5,inheritance,inheritance,inheritance
1130,366,1004,0.19999999999999998,0.5,0.5,18.11858407079646,7.254098360655738,20.00597609561753,325,0,50,0.2,0.5,0.5,inheritance,inheritance,inheritance
1147,358,995,0.19999999999999998,0.5,0.5,18.242371403661725,7.4525139664804465,19.899497487437184,326,0,50,0.2,0.5,0.5,inheritance,inheritance,inheritance
1159,358,983,0.19999999999999996,0.5,0.5,18.373597929249353,7.569832402234637,20.089521871820956,327,0,50,0.2,0.5,0.5,inheritance,inheritance,inheritance
1156,357,987,0.19999999999999998,0.5,0.5,18.624567474048444,7.338935574229692,20.023302938196554,328,0,50,0.2,0.5,0.5,inheritance,inheritance,inheritance
1162,353,985,0.19999999999999998,0.5,0.5,18.66092943201377,7.402266288951841,19.885279187817257,329,0,50,0.2,0.5,0.5,inheritance,inheritance,inheritance
1157,363,980,0.19999999999999998,0.5,0.5,18.748487467588593,7.121212121212121,19.7,330,0,50,0.2,0.5,0.5,inheritance,inheritance,inheritance
1179,347,974,0.19999999999999998,0.5,0.5,18.887192536047497,7.371757925072046,19.677618069815196,331,0,50,0.2,0.5,0.5,inheritance,inheritance,inheritance
1174,347,979,0.19999999999999996,0.5,0.5,19.12265758091993,7.262247838616715,19.65270684371808,332,0,50,0.2,0.5,0.5,inheritance,inheritance,inheritance
1176,344,980,0.19999999999999998,0.5,0.5,19.3843537414966,7.415697674418604,19.81326530612245,333,0,50,0.2,0.5,0.5,inheritance,inheritance,inheritance
1173,341,986,0.19999999999999998,0.5,0.5,19.81159420289855,7.469208211143695,19.72210953346856,334,0,50,0.2,0.5,0.5,inheritance,inheritance,inheritance
1169,341,990,0.19999999999999996,0.5,0.5,20.33875106928999,7.521994134897361,19.83939393939394,335,0,50,0.2,0.5,0.5,inheritance,inheritance,inheritance
1165,345,990,0.19999999999999998,0.5,0.5,20.474678111587984,7.408695652173913,19.956565656565658,336,0,50,0.2,0.5,0.5,inheritance,inheritance,inheritance
1158,346,996,0.19999999999999998,0.5,0.5,20.58981001727116,7.254335260115607,19.955823293172692,337,0,50,0.2,0.5,0.5,inheritance,inheritance,inheritance
1148,336,1016,0.19999999999999998,0.5,0.5,21.027003484320556,7.065476190476191,19.743110236220474,338,0,50,0.2,0.5,0.5,inheritance,inheritance,inheritance
1143,340,1017,0.19999999999999998,0.5,0.5,21.285214348206473,7.097058823529411,19.97345132743363,339,0,50,0.2,0.5,0.5,inheritance,inheritance,inheritance
1142,341,1017,0.19999999999999998,0.5,0.5,21.6584938704028,7.32258064516129,19.964601769911503,340,0,50,0.2,0.5,0.5,inheritance,inheritance,inheritance
1142,341,1017,0.19999999999999998,0.5,0.5,21.871278458844134,7.325513196480938,20.085545722713864,341,0,50,0.2,0.5,0.5,inheritance,inheritance,inheritance
1135,341,1024,0.19999999999999996,0.5,0.5,22.1920704845815,7.202346041055718,20.1044921875,342,0,50,0.2,0.5,0.5,inheritance,inheritance,inheritance
1146,325,1029,0.19999999999999998,0.5,0.5,22.213787085514834,7.021538461538461,19.93002915451895,343,0,50,0.2,0.5,0.5,inheritance,inheritance,inheritance
1164,307,1029,0.19999999999999998,0.5,0.5,22.423539518900345,7.006514657980456,19.667638483965014,344,0,50,0.2,0.5,0.5,inheritance,inheritance,inheritance
1180,294,1026,0.19999999999999998,0.5,0.5,22.54237288135593,6.7687074829931975,19.423976608187136,345,0,50,0.2,0.5,0.5,inheritance,inheritance,inheritance
1178,293,1029,0.19999999999999998,0.5,0.5,22.853989813242784,6.7679180887372015,19.554907677356656,346,0,50,0.2,0.5,0.5,inheritance,inheritance,inheritance
1184,296,1020,0.19999999999999998,0.5,0.5,22.88935810810811,6.510135135135135,19.440196078431374,347,0,50,0.2,0.5,0.5,inheritance,inheritance,inheritance
1198,294,1008,0.19999999999999998,0.5,0.5,22.926544240400666,6.272108843537415,19.226190476190474,348,0,50,0.2,0.5,0.5,inheritance,inheritance,inheritance
1202,294,1004,0.19999999999999998,0.5,0.5,23.08901830282862,6.081632653061225,19.256972111553786,349,0,50,0.2,0.5,0.5,inheritance,inheritance,inheritance
1203,303,994,0.19999999999999998,0.5,0.5,22.95178719866999,6.0,19.338028169014084,350,0,50,0.2,0.5,0.5,inheritance,inheritance,inheritance
1203,308,989,0.19999999999999998,0.5,0.5,23.271820448877804,6.068181818181818,19.547017189079877,351,0,50,0.2,0.5,0.5,inheritance,inheritance,inheritance
1195,313,992,0.2,0.5,0.5,23.40836820083682,5.856230031948882,19.52217741935484,352,0,50,0.2,0.5,0.5,inheritance,inheritance,inheritance
1208,312,980,0.19999999999999998,0.5,0.5,23.415562913907284,5.916666666666667,19.48061224489796,353,0,50,0.2,0.5,0.5,inheritance,inheritance,inheritance
1209,334,957,0.2,0.5,0.5,23.4863523573201,6.008982035928144,19.715778474399166,354,0,50,0.2,0.5,0.5,inheritance,inheritance,inheritance
1231,324,945,0.19999999999999998,0.5,0.5,23.50203086921202,6.4907407407407405,19.561904761904763,355,0,50,0.2,0.5,0.5,inheritance,inheritance,inheritance
1230,329,941,0.2,0.5,0.5,23.447967479674798,6.316109422492401,19.645058448459086,356,0,50,0.2,0.5,0.5,inheritance,inheritance,inheritance
1234,353,913,0.19999999999999998,0.5,0.5,23.38573743922204,6.2492917847025495,19.707557502738226,357,0,50,0.2,0.5,0.5,inheritance,inheritance,inheritance
1207,387,906,0.19999999999999998,0.5,0.5,23.60314830157415,5.904392764857882,19.924944812362032,358,0,50,0.2,0.5,0.5,inheritance,inheritance,inheritance
1203,409,888,0.19999999999999998,0.5,0.5,23.64671654197839,6.068459657701712,19.92792792792793,359,0,50,0.2,0.5,0.5,inheritance,inheritance,inheritance
1190,434,876,0.2,0.5,0.5,23.529411764705884,6.124423963133641,19.679223744292237,360,0,50,0.2,0.5,0.5,inheritance,inheritance,inheritance
1169,468,863,0.19999999999999996,0.5,0.5,23.547476475620186,6.277777777777778,19.36616454229432,361,0,50,0.2,0.5,0.5,inheritance,inheritance,inheritance
1152,476,872,0.19999999999999998,0.5,0.5,23.536458333333332,6.40546218487395,19.081422018348626,362,0,50,0.2,0.5,0.5,inheritance,inheritance,inheritance
1125,483,892,0.19999999999999996,0.5,0.5,23.534222222222223,6.385093167701863,18.79708520179372,363,0,50,0.2,0.5,0.5,inheritance,inheritance,inheritance
1087,512,901,0.19999999999999998,0.5,0.5,23.291628334866605,6.169921875,18.541620421753606,364,0,50,0.2,0.5,0.5,inheritance,inheritance,inheritance
1064,532,904,0.19999999999999998,0.5,0.5,23.171992481203006,6.169172932330827,18.266592920353983,365,0,50,0.2,0.5,0.5,inheritance,inheritance,inheritance
1049,527,924,0.2,0.5,0.5,23.19256434699714,6.40607210626186,17.788961038961038,366,0,50,0.2,0.5,0.5,inheritance,inheritance,inheritance
1001,569,930,0.20000000000000004,0.5,0.5,23.025974025974026,6.409490333919156,17.808602150537634,367,0,50,0.2,0.5,0.5,inheritance,inheritance,inheritance
975,597,928,0.2,0.5,0.5,22.863589743589742,6.629815745393635,17.832974137931036,368,0,50,0.2,0.5,0.5,inheritance,inheritance,inheritance
954,620,926,0.2,0.5,0.5,22.4916142557652,6.819354838709677,17.6792656587473,369,0,50,0.2,0.5,0.5,inheritance,inheritance,inheritance
928,636,936,0.2,0.5,0.5,22.382543103448278,7.20125786163522,17.712606837606838,370,0,50,0.2,0.5,0.5,inheritance,inheritance,inheritance
904,647,949,0.2,0.5,0.5,21.858407079646017,7.409582689335394,17.211801896733405,371,0,50,0.2,0.5,0.5,inheritance,inheritance,inheritance
873,659,968,0.20000000000000004,0.5,0.5,21.578465063001147,7.576631259484067,17.102272727272727,372,0,50,0.2,0.5,0.5,inheritance,inheritance,inheritance
845,670,985,0.2,0.5,0.5,21.018934911242603,7.883582089552239,17.119796954314722,373,0,50,0.2,0.5,0.5,inheritance,inheritance,inheritance
817,681,1002,0.19999999999999998,0.5,0.5,20.135862913096695,8.154185022026432,16.915169660678643,374,0,50,0.2,0.5,0.5,inheritance,inheritance,inheritance
813,658,1029,0.19999999999999998,0.5,0.5,19.580565805658058,8.191489361702128,16.360544217687075,375,0,50,0.2,0.5,0.5,inheritance,inheritance,inheritance
812,631,1057,0.2,0.5,0.5,18.85591133004926,8.483359746434232,16.216650898770105,376,0,50,0.2,0.5,0.5,inheritance,inheritance,inheritance
803,603,1094,0.19999999999999998,0.5,0.5,18.571606475716063,8.693200663349916,16.02468007312614,377,0,50,0.2,0.5,0.5,inheritance,inheritance,inheritance
795,573,1132,0.2,0.5,0.5,18.70817610062893,9.050610820244328,15.937279151943462,378,0,50,0.2,0.5,0.5,inheritance,inheritance,inheritance
792,539,1169,0.2,0.5,0.5,18.83459595959596,9.385899814471243,15.799828913601369,379,0,50,0.2,0.5,0.5,inheritance,inheritance,inheritance
788,513,1199,0.19999999999999998,0.5,0.5,18.758883248730964,9.645224171539962,15.653878231859883,380,0,50,0.2,0.5,0.5,inheritance,inheritance,inheritance
788,473,1239,0.19999999999999998,0.5,0.5,18.65228426395939,9.577167019027485,15.638418079096045,381,0,50,0.2,0.5,0.5,inheritance,inheritance,inheritance
780,447,1273,0.2,0.5,0.5,18.694871794871794,9.666666666666666,15.693637077769049,382,0,50,0.2,0.5,0.5,inheritance,inheritance,inheritance
769,425,1306,0.2,0.5,0.5,18.65409622886866,9.23764705882353,15.750382848392038,383,0,50,0.2,0.5,0.5,inheritance,inheritance,inheritance
764,400,1336,0.19999999999999998,0.5,0.5,18.37434554973822,9.05,15.926646706586826,384,0,50,0.2,0.5,0.5,inheritance,inheritance,inheritance
779,372,1349,0.2,0.5,0.5,18.58279845956354,9.349462365591398,16.276501111934767,385,0,50,0.2,0.5,0.5,inheritance,inheritance,inheritance
780,375,1345,0.2,0.5,0.5,18.352564102564102,8.936,16.590334572490708,386,0,50,0.2,0.5,0.5,inheritance,inheritance,inheritance
778,364,1358,0.19999999999999998,0.5,0.5,18.200514138817482,8.807692307692308,16.932989690721648,387,0,50,0.2,0.5,0.5,inheritance,inheritance,inheritance
764,366,1370,0.19999999999999998,0.5,0.5,18.31544502617801,8.33879781420765,17.197810218978102,388,0,50,0.2,0.5,0.5,inheritance,inheritance,inheritance
763,345,1392,0.19999999999999998,0.5,0.5,18.326343381389254,8.144927536231885,17.29022988505747,389,0,50,0.2,0.5,0.5,inheritance,inheritance,inheritance
768,351,1381,0.19999999999999998,0.5,0.5,17.990885416666668,7.7094017094017095,17.706734250543086,390,0,50,0.2,0.5,0.5,inheritance,inheritance,inheritance
778,350,1372,0.19999999999999998,0.5,0.5,17.826478149100257,7.814285714285714,18.13046647230321,391,0,50,0.2,0.5,0.5,inheritance,inheritance,inheritance
792,351,1357,0.2,0.5,0.5,17.641414141414142,7.726495726495727,18.564480471628592,392,0,50,0.2,0.5,0.5,inheritance,inheritance,inheritance
793,358,1349,0.20000000000000004,0.5,0.5,17.699873896595207,7.804469273743017,19.045959970348406,393,0,50,0.2,0.5,0.5,inheritance,inheritance,inheritance
800,361,1339,0.2,0.5,0.5,17.16125,7.714681440443213,19.433905899925318,394,0,50,0.2,0.5,0.5,inheritance,inheritance,inheritance
817,367,1316,0.19999999999999998,0.5,0.5,16.766217870257037,7.931880108991826,19.838145896656535,395,0,50,0.2,0.5,0.5,inheritance,inheritance,inheritance
823,376,1301,0.19999999999999998,0.5,0.5,16.59052247873633,7.773936170212766,20.166026133743273,396,0,50,0.2,0.5,0.5,inheritance,inheritance,inheritance
830,381,1289,0.2,0.5,0.5,16.173493975903614,7.706036745406824,20.48952676493406,397,0,50,0.2,0.5,0.5,inheritance,inheritance,inheritance
833,382,1285,0.20000000000000004,0.5,0.5,15.663865546218487,7.646596858638744,20.41167315175097,398,0,50,0.2,0.5,0.5,inheritance,inheritance,inheritance
840,392,1268,0.2,0.5,0.5,15.492857142857142,7.5561224489795915,20.747634069400632,399,0,50,0.2,0.5,0.5,inheritance,inheritance,inheritance
844,392,1264,0.2,0.5,0.5,15.09478672985782,7.525510204081633,20.786392405063292,400,0,50,0.2,0.5,0.5,inheritance,inheritance,inheritance
841,398,1261,0.19999999999999998,0.5,0.5,14.302021403091558,7.251256281407035,20.612212529738304,401,0,50,0.2,0.5,0.5,inheritance,inheritance,inheritance
854,393,1253,0.2,0.5,0.5,14.210772833723654,7.282442748091603,20.745411013567438,402,0,50,0.2,0.5,0.5,inheritance,inheritance,inheritance
857,398,1245,0.20000000000000004,0.5,0.5,13.992998833138856,7.278894472361809,20.83293172690763,403,0,50,0.2,0.5,0.5,inheritance,inheritance,inheritance
860,388,1252,0.2,0.5,0.5,13.724418604651163,7.324742268041237,20.858626198083066,404,0,50,0.2,0.5,0.5,inheritance,inheritance,inheritance
882,380,1238,0.2,0.5,0.5,13.594104308390023,7.418421052631579,21.11227786752827,405,0,50,0.2,0.5,0.5,inheritance,inheritance,inheritance
914,371,1215,0.2,0.5,0.5,13.565645514223196,7.584905660377358,21.14485596707819,406,0,50,0.2,0.5,0.5,inheritance,inheritance,inheritance
922,351,1227,0.20000000000000004,0.5,0.5,13.775488069414317,7.837606837606837,21.070904645476773,407,0,50,0.2,0.5,0.5,inheritance,inheritance,inheritance
930,350,1220,0.20000000000000004,0.5,0.5,14.19247311827957,8.122857142857143,21.38360655737705,408,0,50,0.2,0.5,0.5,inheritance,inheritance,inheritance
970,341,1189,0.2,0.5,0.5,14.052577319587629,7.961876832844575,21.296888141295206,409,0,50,0.2,0.5,0.5,inheritance,inheritance,inheritance
992,321,1187,0.20000000000000004,0.5,0.5,14.30241935483871,8.137071651090343,21.321819713563606,410,0,50,0.2,0.5,0.5,inheritance,inheritance,inheritance
1000,337,1163,0.20000000000000004,0.5,0.5,14.244,7.890207715133531,21.577815993121238,411,0,50,0.2,0.5,0.5,inheritance,inheritance,inheritance
1017,349,1134,0.20000000000000004,0.5,0.5,14.355948869223205,8.106017191977077,21.85626102292769,412,0,50,0.2,0.5,0.5,inheritance,inheritance,inheritance
1026,337,1137,0.20000000000000004,0.5,0.5,14.768031189083821,8.136498516320474,21.827616534740546,413,0,50,0.2,0.5,0.5,inheritance,inheritance,inheritance
1042,346,1112,0.2,0.5,0.5,14.750479846449137,8.176300578034683,21.875,414,0,50,0.2,0.5,0.5,inheritance,inheritance,inheritance
1068,333,1099,0.19999999999999996,0.5,0.5,14.893258426966293,8.15915915915916,21.628753412192903,415,0,50,0.2,0.5,0.5,inheritance,inheritance,inheritance
1072,322,1106,0.19999999999999998,0.5,0.5,15.255597014925373,7.906832298136646,21.53616636528029,416,0,50,0.2,0.5,0.5,inheritance,inheritance,inheritance
1079,320,1101,0.19999999999999998,0.5,0.5,15.416126042632067,7.559375,21.486830154405087,417,0,50,0.2,0.5,0.5,inheritance,inheritance,inheritance
1082,319,1099,0.19999999999999998,0.5,0.5,15.643253234750462,7.551724137931035,21.45495905368517,418,0,50,0.2,0.5,0.5,inheritance,inheritance,inheritance
1094,314,1092,0.19999999999999996,0.5,0.5,15.841864716636197,7.414012738853503,21.456043956043956,419,0,50,0.2,0.5,0.5,inheritance,inheritance,inheritance
1103,308,1089,0.19999999999999996,0.5,0.5,16.14596554850408,7.532467532467533,21.578512396694215,420,0,50,0.2,0.5,0.5,inheritance,inheritance,inheritance
1128,284,1088,0.19999999999999998,0.5,0.5,16.345744680851062,7.602112676056338,21.513786764705884,421,0,50,0.2,0.5,0.5,inheritance,inheritance,inheritance
1169,267,1064,0.19999999999999996,0.5,0.5,16.377245508982035,7.692883895131086,21.696428571428573,422,0,50,0.2,0.5,0.5,inheritance,inheritance,inheritance
1184,260,1056,0.19999999999999998,0.5,0.5,16.49831081081081,7.592307692307692,21.46969696969697,423,0,50,0.2,0.5,0.5,inheritance,inheritance,inheritance
1196,270,1034,0.19999999999999998,0.5,0.5,16.71989966555184,7.140740740740741,21.70889748549323,424,0,50,0.2,0.5,0.5,inheritance,inheritance,inheritance
1223,259,1018,0.19999999999999998,0.5,0.5,16.819296811120196,7.33976833976834,21.74950884086444,425,0,50,0.2,0.5,0.5,inheritance,inheritance,inheritance
1218,273,1009,0.19999999999999998,0.5,0.5,16.93185550082102,6.732600732600733,21.72844400396432,426,0,50,0.2,0.5,0.5,inheritance,inheritance,inheritance
1230,282,988,0.2,0.5,0.5,17.098373983739837,6.475177304964539,21.85728744939271,427,0,50,0.2,0.5,0.5,inheritance,inheritance,inheritance
1218,297,985,0.19999999999999998,0.5,0.5,17.507389162561577,6.111111111111111,21.819289340101523,428,0,50,0.2,0.5,0.5,inheritance,inheritance,inheritance
1217,305,978,0.19999999999999998,0.5,0.5,17.784716516023007,6.131147540983607,21.888548057259715,429,0,50,0.2,0.5,0.5,inheritance,inheritance,inheritance
1234,293,973,0.19999999999999998,0.5,0.5,17.948946515397083,6.122866894197952,21.75436793422405,430,0,50,0.2,0.5,0.5,inheritance,inheritance,inheritance
1232,303,965,0.19999999999999998,0.5,0.5,18.17288961038961,5.983498349834983,21.670466321243524,431,0,50,0.2,0.5,0.5,inheritance,inheritance,inheritance
1223,320,957,0.19999999999999998,0.5,0.5,18.28291087489779,5.821875,21.741901776384534,432,0,50,0.2,0.5,0.5,inheritance,inheritance,inheritance
1223,330,947,0.19999999999999998,0.5,0.5,18.418642681929683,5.742424242424242,21.68004223864836,433,0,50,0.2,0.5,0.5,inheritance,inheritance,inheritance
1203,361,936,0.19999999999999998,0.5,0.5,18.56359102244389,5.648199445983379,21.85683760683761,434,0,50,0.2,0.5,0.5,inheritance,inheritance,inheritance
1200,371,929,0.2,0.5,0.5,18.6325,5.773584905660377,21.67814854682454,435,0,50,0.2,0.5,0.5,inheritance,inheritance,inheritance
1201,386,913,0.19999999999999998,0.5,0.5,18.599500416319735,5.9067357512953365,21.72289156626506,436,0,50,0.2,0.5,0.5,inheritance,inheritance,inheritance
1175,404,921,0.19999999999999998,0.5,0.5,18.961702127659574,5.925742574257426,21.66015200868621,437,0,50,0.2,0.5,0.5,inheritance,inheritance,inheritance
1146,408,946,0.19999999999999998,0.5,0.5,19.143106457242585,5.742647058823529,20.946088794926006,438,0,50,0.2,0.5,0.5,inheritance,inheritance,inheritance
1134,408,958,0.19999999999999996,0.5,0.5,19.276014109347443,6.073529411764706,20.86847599164927,439,0,50,0.2,0.5,0.5,inheritance,inheritance,inheritance
1149,396,955,0.19999999999999998,0.5,0.5,19.22454308093995,6.174242424242424,20.55392670157068,440,0,50,0.2,0.5,0.5,inheritance,inheritance,inheritance
1144,399,957,0.19999999999999998,0.5,0.5,19.097027972027973,6.208020050125313,20.278996865203762,441,0,50,0.2,0.5,0.5,inheritance,inheritance,inheritance
1130,410,960,0.19999999999999998,0.5,0.5,18.816814159292036,6.117073170731707,19.932291666666668,442,0,50,0.2,0.5,0.5,inheritance,inheritance,inheritance
1138,410,952,0.19999999999999998,0.5,0.5,18.608084358523726,6.258536585365854,19.644957983193276,443,0,50,0.2,0.5,0.5,inheritance,inheritance,inheritance
1132,423,945,0.19999999999999998,0.5,0.5,18.439929328621908,6.16548463356974,19.67089947089947,444,0,50,0.2,0.5,0.5,inheritance,inheritance,inheritance
1114,450,936,0.19999999999999996,0.5,0.5,18.316876122082586,6.1866666666666665,19.65277777777778,445,0,50,0.2,0.5,0.5,inheritance,inheritance,inheritance
1088,489,923,0.19999999999999996,0.5,0.5,17.94761029411765,6.012269938650307,19.37053087757313,446,0,50,0.2,0.5,0.5,inheritance,inheritance,inheritance
1089,493,918,0.19999999999999996,0.5,0.5,17.831955922865014,6.14604462474645,19.017429193899783,447,0,50,0.2,0.5,0.5,inheritance,inheritance,inheritance
1075,489,936,0.19999999999999998,0.5,0.5,17.73767441860465,6.159509202453988,18.322649572649574,448,0,50,0.2,0.5,0.5,inheritance,inheritance,inheritance
1062,501,937,0.19999999999999998,0.5,0.5,17.602636534839924,6.191616766467066,18.1846318036286,449,0,50,0.2,0.5,0.5,inheritance,inheritance,inheritance
1024,530,946,0.20000000000000004,0.5,0.5,17.03125,6.088679245283019,17.826638477801268,450,0,50,0.2,0.5,0.5,inheritance,inheritance,inheritance
1027,517,956,0.20000000000000004,0.5,0.5,17.01460564751704,6.216634429400387,17.17050209205021,451,0,50,0.2,0.5,0.5,inheritance,inheritance,inheritance
997,537,966,0.20000000000000004,0.5,0.5,17.14543630892678,6.407821229050279,16.96273291925466,452,0,50,0.2,0.5,0.5,inheritance,inheritance,inheritance
986,537,977,0.20000000000000004,0.5,0.5,16.83975659229209,6.653631284916201,16.74616171954964,453,0,50,0.2,0.5,0.5,inheritance,inheritance,inheritance
961,541,998,0.20000000000000004,0.5,0.5,17.01873048907388,6.709796672828096,16.34569138276553,454,0,50,0.2,0.5,0.5,inheritance,inheritance,inheritance
945,550,1005,0.2,0.5,0.5,16.75978835978836,6.830909090909091,16.09452736318408,455,0,50,0.2,0.5,0.5,inheritance,inheritance,inheritance
939,531,1030,0.2,0.5,0.5,16.867944621938232,7.0263653483992465,15.858252427184466,456,0,50,0.2,0.5,0.5,inheritance,inheritance,inheritance
922,535,1043,0.20000000000000004,0.5,0.5,16.734273318872017,7.035514018691589,15.529242569511027,457,0,50,0.2,0.5,0.5,inheritance,inheritance,inheritance
912,526,1062,0.20000000000000004,0.5,0.5,16.598684210526315,7.14828897338403,15.50376647834275,458,0,50,0.2,0.5,0.5,inheritance,inheritance,inheritance
907,503,1090,0.20000000000000004,0.5,0.5,16.652701212789417,7.248508946322068,15.24862385321101,459,0,50,0.2,0.5,0.5,inheritance,inheritance,inheritance
880,517,1103,0.2,0.5,0.5,16.585227272727273,7.166344294003869,15.2701722574796,460,0,50,0.2,0.5,0.5,inheritance,inheritance,inheritance
872,499,1129,0.2,0.5,0.5,16.64908256880734,7.348697394789579,15.100088573959257,461,0,50,0.2,0.5,0.5,inheritance,inheritance,inheritance
861,488,1151,0.2,0.5,0.5,16.42973286875726,7.465163934426229,15.287576020851434,462,0,50,0.2,0.5,0.5,inheritance,inheritance,inheritance
860,478,1162,0.2,0.5,0.5,16.126744186046512,7.485355648535565,15.290017211703958,463,0,50,0.2,0.5,0.5,inheritance,inheritance,inheritance
873,450,1177,0.20000000000000004,0.5,0.5,16.20274914089347,7.573333333333333,15.341546304163126,464,0,50,0.2,0.5,0.5,inheritance,inheritance,inheritance
871,453,1176,0.19999999999999998,0.5,0.5,16.003444316877154,7.642384105960265,15.505102040816327,465,0,50,0.2,0.5,0.5,inheritance,inheritance,inheritance
860,433,1207,0.2,0.5,0.5,16.230232558139534,7.540415704387991,15.446561723280862,466,0,50,0.2,0.5,0.5,inheritance,inheritance,inheritance
857,412,1231,0.20000000000000004,0.5,0.5,16.317386231038505,7.453883495145631,15.363931762794476,467,0,50,0.2,0.5,0.5,inheritance,inheritance,inheritance
862,393,1245,0.2,0.5,0.5,16.196055684454755,7.246819338422392,15.4714859437751,468,0,50,0.2,0.5,0.5,inheritance,inheritance,inheritance
863,386,1251,0.20000000000000004,0.5,0.5,15.930475086906142,7.119170984455959,15.69304556354916,469,0,50,0.2,0.5,0.5,inheritance,inheritance,inheritance
873,378,1249,0.20000000000000004,0.5,0.5,15.642611683848797,7.026455026455026,15.732586068855085,470,0,50,0.2,0.5,0.5,inheritance,inheritance,inheritance
882,372,1246,0.2,0.5,0.5,15.660997732426305,6.887096774193548,15.890048154093098,471,0,50,0.2,0.5,0.5,inheritance,inheritance,inheritance
874,377,1249,0.2,0.5,0.5,15.605263157894736,6.583554376657825,16.173738991192955,472,0,50,0.2,0.5,0.5,inheritance,inheritance,inheritance
864,385,1251,0.2,0.5,0.5,15.430555555555555,6.322077922077922,16.41886490807354,473,0,50,0.2,0.5,0.5,inheritance,inheritance,inheritance
871,379,1250,0.19999999999999998,0.5,0.5,15.486796785304248,6.424802110817942,16.648,474,0,50,0.2,0.5,0.5,inheritance,inheritance,inheritance
878,365,1257,0.20000000000000004,0.5,0.5,15.446469248291573,6.545205479452055,16.808273667462213,475,0,50,0.2,0.5,0.5,inheritance,inheritance,inheritance
883,363,1254,0.20000000000000004,0.5,0.5,15.232163080407702,6.424242424242424,16.9688995215311,476,0,50,0.2,0.5,0.5,inheritance,inheritance,inheritance
902,350,1248,0.20000000000000004,0.5,0.5,15.084257206208425,6.722857142857142,17.22996794871795,477,0,50,0.2,0.5,0.5,inheritance,inheritance,inheritance
921,344,1235,0.20000000000000004,0.5,0.5,14.836047774158523,6.758720930232558,17.497165991902833,478,0,50,0.2,0.5,0.5,inheritance,inheritance,inheritance
940,339,1221,0.20000000000000004,0.5,0.5,14.722340425531915,7.070796460176991,17.944307944307944,479,0,50,0.2,0.5,0.5,inheritance,inheritance,inheritance
958,334,1208,0.2,0.5,0.5,14.5741127348643,7.110778443113772,18.021523178807946,480,0,50,0.2,0.5,0.5,inheritance,inheritance,inheritance
973,326,1201,0.2,0.5,0.5,14.461459403905447,7.257668711656442,18.196502914238135,481,0,50,0.2,0.5,0.5,inheritance,inheritance,inheritance
989,320,1191,0.2,0.5,0.5,14.356926188068757,7.40625,18.27791771620487,482,0,50,0.2,0.5,0.5,inheritance,inheritance,inheritance
1005,297,1198,0.20000000000000004,0.5,0.5,14.591044776119404,7.518518518518518,18.29549248747913,483,0,50,0.2,0.5,0.5,inheritance,inheritance,inheritance
1016,292,1192,0.20000000000000004,0.5,0.5,14.650590551181102,6.931506849315069,18.376677852348994,484,0,50,0.2,0.5,0.5,inheritance,inheritance,inheritance
1045,280,1175,0.2,0.5,0.5,14.56555023923445,6.942857142857143,18.49531914893617,485,0,50,0.2,0.5,0.5,inheritance,inheritance,inheritance
1058,278,1164,0.19999999999999998,0.5,0.5,14.77788279773157,6.9928057553956835,18.858247422680414,486,0,50,0.2,0.5,0.5,inheritance,inheritance,inheritance
1077,273,1150,0.19999999999999998,0.5,0.5,14.978644382544104,6.8498168498168495,19.12608695652174,487,0,50,0.2,0.5,0.5,inheritance,inheritance,inheritance
1106,272,1122,0.19999999999999996,0.5,0.5,15.071428571428571,6.944852941176471,19.350267379679146,488,0,50,0.2,0.5,0.5,inheritance,inheritance,inheritance
1132,259,1109,0.19999999999999998,0.5,0.5,15.274734982332156,6.94980694980695,19.478809738503156,489,0,50,0.2,0.5,0.5,inheritance,inheritance,inheritance
1137,270,1093,0.19999999999999998,0.5,0.5,15.544415127528584,6.588888888888889,19.589204025617565,490,0,50,0.2,0.5,0.5,inheritance,inheritance,inheritance
1151,257,1092,0.19999999999999998,0.5,0.5,15.715899218071243,6.260700389105058,19.544871794871796,491,0,50,0.2,0.5,0.5,inheritance,inheritance,inheritance
1171,255,1074,0.19999999999999998,0.5,0.5,15.934244235695987,6.109803921568627,19.810986964618248,492,0,50,0.2,0.5,0.5,inheritance,inheritance,inheritance
1191,265,1044,0.19999999999999998,0.5,0.5,15.853904282115868,6.192452830188679,19.71934865900383,493,0,50,0.2,0.5,0.5,inheritance,inheritance,inheritance
1201,270,1029,0.19999999999999998,0.5,0.5,16.029142381348876,5.974074074074074,19.561710398445094,494,0,50,0.2,0.5,0.5,inheritance,inheritance,inheritance
1214,260,1026,0.19999999999999998,0.5,0.5,16.321252059308073,5.757692307692308,19.587719298245613,495,0,50,0.2,0.5,0.5,inheritance,inheritance,inheritance
1231,272,997,0.19999999999999998,0.5,0.5,16.257514216084484,5.625,19.819458375125375,496,0,50,0.2,0.5,0.5,inheritance,inheritance,inheritance
1263,276,961,0.19999999999999998,0.5,0.5,16.233570863024546,5.6268115942028984,19.928199791883454,497,0,50,0.2,0.5,0.5,inheritance,inheritance,inheritance
1264,294,942,0.19999999999999996,0.5,0.5,16.46993670886076,5.479591836734694,20.003184713375795,498,0,50,0.2,0.5,0.5,inheritance,inheritance,inheritance
1277,299,924,0.19999999999999996,0.5,0.5,16.746280344557558,5.735785953177258,20.05952380952381,499,0,50,0.2,0.5,0.5,inheritance,inheritance,inheritance
823,855,822,0.19999999999999998,0.5,0.5,0.0,0.0,0.0,0,1,50,0.2,0.5,0.5,inheritance,inheritance,inheritance
727,862,911,0.19999999999999996,0.5,0.5,1.0,1.0,1.0,1,1,50,0.2,0.5,0.5,inheritance,inheritance,inheritance
644,839,1017,0.19999999999999998,0.5,0.5,1.934782608695652,1.867699642431466,1.8593903638151426,2,1,50,0.2,0.5,0.5,inheritance,inheritance,inheritance
599,782,1119,0.19999999999999998,0.5,0.5,2.7529215358931554,2.639386189258312,2.5960679177837354,3,1,50,0.2,0.5,0.5,inheritance,inheritance,inheritance
570,711,1219,0.19999999999999998,0.5,0.5,3.5052631578947366,3.369901547116737,3.275635767022149,4,1,50,0.2,0.5,0.5,inheritance,inheritance,inheritance
546,629,1325,0.19999999999999998,0.5,0.5,4.208791208791209,4.014308426073132,3.8973584905660377,5,1,50,0.2,0.5,0.5,inheritance,inheritance,inheritance
555,526,1419,0.19999999999999998,0.5,0.5,4.783783783783784,4.642585551330798,4.4679351656095845,6,1,50,0.2,0.5,0.5,inheritance,inheritance,inheritance
557,451,1492,0.19999999999999996,0.5,0.5,5.342908438061041,5.201773835920178,5.099865951742627,7,1,50,0.2,0.5,0.5,inheritance,inheritance,inheritance
580,384,1536,0.19999999999999998,0.5,0.5,5.758620689655173,5.6484375,5.725260416666667,8,1,50,0.2,0.5,0.5,inheritance,inheritance,inheritance
610,329,1561,0.2,0.5,0.5,6.175409836065573,5.984802431610942,6.373478539397822,9,1,50,0.2,0.5,0.5,inheritance,inheritance,inheritance
633,286,1581,0.19999999999999996,0.5,0.5,6.541864139020537,6.318181818181818,7.019607843137255,10,1,50,0.2,0.5,0.5,inheritance,inheritance,inheritance
666,262,1572,0.19999999999999998,0.5,0.5,6.908408408408408,6.648854961832061,7.764631043256998,11,1,50,0.2,0.5,0.5,inheritance,inheritance,inheritance
697,219,1584,0.19999999999999996,0.5,0.5,7.331420373027259,6.899543378995434,8.438131313131313,12,1,50,0.2,0.5,0.5,inheritance,inheritance,inheritance
746,179,1575,0.19999999999999998,0.5,0.5,7.587131367292225,7.11731843575419,9.081904761904761,13,1,50,0.2,0.5,0.5,inheritance,inheritance,inheritance
814,148,1538,0.2,0.5,0.5,7.7936117936117935,7.175675675675675,9.754226267880364,14,1,50,0.2,0.5,0.5,inheritance,inheritance,inheritance
876,142,1482,0.2,0.5,0.5,8.047945205479452,7.112676056338028,10.533738191632928,15,1,50,0.2,0.5,0.5,inheritance,inheritance,inheritance
947,133,1420,0.20000000000000004,0.5,0.5,8.300950369588174,7.383458646616542,11.335915492957746,16,1,50,0.2,0.5,0.5,inheritance,inheritance,inheritance
986,132,1382,0.20000000000000004,0.5,0.5,8.803245436105477,7.121212121212121,12.185238784370478,17,1,50,0.2,0.5,0.5,inheritance,inheritance,inheritance
1051,104,1345,0.19999999999999998,0.5,0.5,9.134157944814463,6.5673076923076925,12.781412639405204,18,1,50,0.2,0.5,0.5,inheritance,inheritance,inheritance
1122,93,1285,0.19999999999999998,0.5,0.5,9.467914438502675,6.827956989247312,13.542412451361868,19,1,50,0.2,0.5,0.5,inheritance,inheritance,inheritance
1179,97,1224,0.19999999999999998,0.5,0.5,9.889737065309584,6.474226804123711,14.366830065359476,20,1,50,0.2,0.5,0.5,inheritance,inheritance,inheritance
1232,92,1176,0.19999999999999998,0.5,0.5,10.306006493506494,6.336956521739131,15.031462585034014,21,1,50,0.2,0.5,0.5,inheritance,inheritance,inheritance
1297,83,1120,0.19999999999999998,0.5,0.5,10.66538164996145,6.132530120481928,15.769642857142857,22,1,50,0.2,0.5,0.5,inheritance,inheritance,inheritance
1344,84,1072,0.19999999999999996,0.5,0.5,11.200892857142858,6.095238095238095,16.532649253731343,23,1,50,0.2,0.5,0.5,inheritance,inheritance,inheritance
1403,88,1009,0.19999999999999998,0.5,0.5,11.573057733428367,5.704545454545454,17.36471754212091,24,1,50,0.2,0.5,0.5,inheritance,inheritance,inheritance
1471,87,942,0.19999999999999996,0.5,0.5,11.910944935418083,5.609195402298851,18.123142250530787,25,1,50,0.2,0.5,0.5,inheritance,inheritance,inheritance
1528,91,881,0.2,0.5,0.5,12.30890052356021,5.626373626373627,18.716231555051078,26,1,50,0.2,0.5,0.5,inheritance,inheritance,inheritance
1593,100,807,0.2,0.5,0.5,12.641556811048336,5.46,19.33085501858736,27,1,50,0.2,0.5,0.5,inheritance,inheritance,inheritance
1642,110,748,0.19999999999999998,0.5,0.5,13.073081607795372,5.245454545454545,19.946524064171122,28,1,50,0.2,0.5,0.5,inheritance,inheritance,inheritance
1682,123,695,0.19999999999999998,0.5,0.5,13.543995243757431,5.284552845528455,20.729496402877697,29,1,50,0.2,0.5,0.5,inheritance,inheritance,inheritance
1710,131,659,0.2,0.5,0.5,14.056140350877193,4.938931297709924,21.109256449165404,30,1,50,0.2,0.5,0.5,inheritance,inheritance,inheritance
1742,151,607,0.2,0.5,0.5,14.454075774971297,4.589403973509934,21.461285008237233,31,1,50,0.2,0.5,0.5,inheritance,inheritance,inheritance
1758,175,567,0.2,0.5,0.5,15.055176336746303,4.6971428571428575,21.772486772486772,32,1,50,0.2,0.5,0.5,inheritance,inheritance,inheritance
1772,189,539,0.19999999999999998,0.5,0.5,15.653498871331829,4.994708994708994,21.844155844155843,33,1,50,0.2,0.5,0.5,inheritance,inheritance,inheritance
1764,220,516,0.2,0.5,0.5,16.28514739229025,4.6909090909090905,21.88953488372093,34,1,50,0.2,0.5,0.5,inheritance,inheritance,inheritance
1771,237,492,0.20000000000000004,0.5,0.5,16.849802371541504,5.008438818565401,21.882113821138212,35,1,50,0.2,0.5,0.5,inheritance,inheritance,inheritance
1771,265,464,0.20000000000000004,0.5,0.5,17.431394692264256,5.022641509433963,21.58189655172414,36,1,50,0.2,0.5,0.5,inheritance,inheritance,inheritance
1765,285,450,0.2,0.5,0.5,18.025495750708217,5.207017543859649,21.128888888888888,37,1,50,0.2,0.5,0.5,inheritance,inheritance,inheritance
1766,304,430,0.19999999999999998,0.5,0.5,18.567383918459797,5.5394736842105265,20.486046511627908,38,1,50,0.2,0.5,0.5,inheritance,inheritance,inheritance
1762,325,413,0.19999999999999998,0.5,0.5,19.157207718501702,5.72,20.116222760290558,39,1,50,0.2,0.5,0.5,inheritance,inheritance,inheritance
1745,338,417,0.2,0.5,0.5,19.830945558739256,5.837278106508876,19.345323741007196,40,1,50,0.2,0.5,0.5,inheritance,inheritance,inheritance
1715,363,422,0.2,0.5,0.5,20.439067055393586,5.732782369146006,18.722748815165875,41,1,50,0.2,0.5,0.5,inheritance,inheritance,inheritance
1716,359,425,0.20000000000000004,0.5,0.5,20.986013986013987,6.13091922005571,17.785882352941176,42,1,50,0.2,0.5,0.5,inheritance,inheritance,inheritance
1697,375,428,0.2,0.5,0.5,21.624631703005303,6.32,17.738317757009344,43,1,50,0.2,0.5,0.5,inheritance,inheritance,inheritance
1666,418,416,0.20000000000000004,0.5,0.5,22.13625450180072,6.198564593301436,17.348557692307693,44,1,50,0.2,0.5,0.5,inheritance,inheritance,inheritance
1634,445,421,0.19999999999999998,0.5,0.5,22.739290085679315,6.334831460674157,16.59144893111639,45,1,50,0.2,0.5,0.5,inheritance,inheritance,inheritance
1605,472,423,0.2,0.5,0.5,23.30404984423676,6.548728813559322,16.06855791962175,46,1,50,0.2,0.5,0.5,inheritance,inheritance,inheritance
1577,489,434,0.2,0.5,0.5,23.805960684844642,6.460122699386503,14.933179723502304,47,1,50,0.2,0.5,0.5,inheritance,inheritance,inheritance
1529,527,444,0.2,0.5,0.5,24.265533028122956,6.333965844402277,14.11936936936937,48,1,50,0.2,0.5,0.5,inheritance,inheritance,inheritance
1495,536,469,0.2,0.5,0.5,24.94849498327759,6.486940298507463,13.895522388059701,49,1,50,0.2,0.5,0.5,inheritance,inheritance,inheritance
1437,569,494,0.19999999999999998,0.5,0.5,25.558803061934587,6.543057996485062,13.475708502024291,50,1,50,0.2,0.5,0.5,inheritance,inheritance,inheritance
1389,601,510,0.19999999999999996,0.5,0.5,26.00359971202304,6.530782029950084,12.890196078431373,51,1,50,0.2,0.5,0.5,inheritance,inheritance,inheritance
1342,622,536,0.19999999999999998,0.5,0.5,26.671385991058123,6.660771704180064,12.488805970149254,52,1,50,0.2,0.5,0.5,inheritance,inheritance,inheritance
1297,635,568,0.19999999999999998,0.5,0.5,27.216653816499615,6.625196850393701,11.691901408450704,53,1,50,0.2,0.5,0.5,inheritance,inheritance,inheritance
1260,646,594,0.19999999999999998,0.5,0.5,27.693650793650793,6.921052631578948,11.437710437710438,54,1,50,0.2,0.5,0.5,inheritance,inheritance,inheritance
1206,660,634,0.19999999999999998,0.5,0.5,28.124378109452735,6.85,10.973186119873818,55,1,50,0.2,0.5,0.5,inheritance,inheritance,inheritance
1166,673,661,0.19999999999999998,0.5,0.5,28.566037735849058,6.855869242199108,10.81391830559758,56,1,50,0.2,0.5,0.5,inheritance,inheritance,inheritance
1098,700,702,0.19999999999999996,0.5,0.5,28.938069216757743,6.824285714285714,10.6994301994302,57,1,50,0.2,0.5,0.5,inheritance,inheritance,inheritance
1007,742,751,0.20000000000000004,0.5,0.5,29.256206554121153,6.6415094339622645,10.59387483355526,58,1,50,0.2,0.5,0.5,inheritance,inheritance,inheritance
958,765,777,0.2,0.5,0.5,29.356993736951985,6.726797385620915,10.76962676962677,59,1,50,0.2,0.5,0.5,inheritance,inheritance,inheritance
918,768,814,0.2,0.5,0.5,29.702614379084967,7.0078125,10.788697788697789,60,1,50,0.2,0.5,0.5,inheritance,inheritance,inheritance
854,801,845,0.2,0.5,0.5,29.348946135831383,7.046192259675406,10.972781065088757,61,1,50,0.2,0.5,0.5,inheritance,inheritance,inheritance
806,827,867,0.19999999999999998,0.5,0.5,29.184863523573203,7.272067714631197,11.071510957324106,62,1,50,0.2,0.5,0.5,inheritance,inheritance,inheritance
747,853,900,0.19999999999999998,0.5,0.5,28.500669344042837,7.24736225087925,11.224444444444444,63,1,50,0.2,0.5,0.5,inheritance,inheritance,inheritance
675,877,948,0.19999999999999996,0.5,0.5,27.922962962962963,7.1824401368301025,11.266877637130802,64,1,50,0.2,0.5,0.5,inheritance,inheritance,inheritance
643,852,1005,0.19999999999999998,0.5,0.5,27.295489891135304,7.476525821596244,11.235820895522387,65,1,50,0.2,0.5,0.5,inheritance,inheritance,inheritance
580,859,1061,0.19999999999999998,0.5,0.5,25.806896551724137,7.49941792782305,11.340245051837888,66,1,50,0.2,0.5,0.5,inheritance,inheritance,inheritance
543,856,1101,0.19999999999999998,0.5,0.5,24.20073664825046,7.747663551401869,11.600363306085377,67,1,50,0.2,0.5,0.5,inheritance,inheritance,inheritance
511,851,1138,0.2,0.5,0.5,22.771037181996086,8.139835487661575,11.86555360281195,68,1,50,0.2,0.5,0.5,inheritance,inheritance,inheritance
469,841,1190,0.2,0.5,0.5,19.520255863539447,8.272294887039239,11.985714285714286,69,1,50,0.2,0.5,0.5,inheritance,inheritance,inheritance
465,815,1220,0.20000000000000004,0.5,0.5,17.608602150537635,8.769325153374233,12.322950819672132,70,1,50,0.2,0.5,0.5,inheritance,inheritance,inheritance
454,779,1267,0.20000000000000004,0.5,0.5,15.909691629955947,9.146341463414634,12.403314917127071,71,1,50,0.2,0.5,0.5,inheritance,inheritance,inheritance
453,739,1308,0.19999999999999998,0.5,0.5,14.803532008830022,9.527740189445197,12.549694189602446,72,1,50,0.2,0.5,0.5,inheritance,inheritance,inheritance
459,698,1343,0.2,0.5,0.5,14.405228758169935,10.0,12.886075949367088,73,1,50,0.2,0.5,0.5,inheritance,inheritance,inheritance
476,624,1400,0.20000000000000004,0.5,0.5,13.588235294117647,10.349358974358974,12.835,74,1,50,0.2,0.5,0.5,inheritance,inheritance,inheritance
479,571,1450,0.2,0.5,0.5,13.45929018789144,10.462346760070053,12.91655172413793,75,1,50,0.2,0.5,0.5,inheritance,inheritance,inheritance
490,527,1483,0.2,0.5,0.5,13.283673469387756,10.960151802656547,13.24881995954147,76,1,50,0.2,0.5,0.5,inheritance,inheritance,inheritance
490,465,1545,0.2,0.5,0.5,13.408163265306122,10.997849462365592,13.293203883495146,77,1,50,0.2,0.5,0.5,inheritance,inheritance,inheritance
509,427,1564,0.2,0.5,0.5,13.06483300589391,11.2903981264637,13.718030690537084,78,1,50,0.2,0.5,0.5,inheritance,inheritance,inheritance
542,365,1593,0.19999999999999996,0.5,0.5,12.955719557195572,11.638356164383561,13.92090395480226,79,1,50,0.2,0.5,0.5,inheritance,inheritance,inheritance
577,339,1584,0.19999999999999998,0.5,0.5,12.450606585788561,11.775811209439528,14.329545454545455,80,1,50,0.2,0.5,0.5,inheritance,inheritance,inheritance
597,288,1615,0.19999999999999996,0.5,0.5,12.661641541038525,11.527777777777779,14.564705882352941,81,1,50,0.2,0.5,0.5,inheritance,inheritance,inheritance
620,249,1631,0.2,0.5,0.5,12.738709677419354,11.156626506024097,14.831391784181484,82,1,50,0.2,0.5,0.5,inheritance,inheritance,inheritance
639,222,1639,0.19999999999999998,0.5,0.5,12.86697965571205,10.82882882882883,15.27699816961562,83,1,50,0.2,0.5,0.5,inheritance,inheritance,inheritance
668,188,1644,0.19999999999999996,0.5,0.5,12.7874251497006,9.829787234042554,15.582116788321168,84,1,50,0.2,0.5,0.5,inheritance,inheritance,inheritance
692,171,1637,0.19999999999999996,0.5,0.5,13.054913294797688,9.070175438596491,16.137446548564448,85,1,50,0.2,0.5,0.5,inheritance,inheritance,inheritance
706,154,1640,0.19999999999999998,0.5,0.5,13.567988668555241,8.220779220779221,16.709146341463416,86,1,50,0.2,0.5,0.5,inheritance,inheritance,inheritance
741,147,1612,0.19999999999999998,0.5,0.5,13.577597840755736,7.666666666666667,17.22394540942928,87,1,50,0.2,0.5,0.5,inheritance,inheritance,inheritance
748,163,1589,0.19999999999999998,0.5,0.5,13.67379679144385,6.533742331288344,17.945248584015104,88,1,50,0.2,0.5,0.5,inheritance,inheritance,inheritance
760,170,1570,0.2,0.5,0.5,13.703947368421053,5.829411764705882,18.55095541401274,89,1,50,0.2,0.5,0.5,inheritance,inheritance,inheritance
776,180,1544,0.19999999999999998,0.5,0.5,13.788659793814434,5.766666666666667,19.116580310880828,90,1,50,0.2,0.5,0.5,inheritance,inheritance,inheritance
795,174,1531,0.2,0.5,0.5,14.021383647798743,5.574712643678161,19.672109732201175,91,1,50,0.2,0.5,0.5,inheritance,inheritance,inheritance
827,175,1498,0.2,0.5,0.5,13.992744860943167,5.474285714285714,20.269025367156207,92,1,50,0.2,0.5,0.5,inheritance,inheritance,inheritance
844,189,1467,0.2,0.5,0.5,13.95260663507109,5.587301587301587,21.047716428084527,93,1,50,0.2,0.5,0.5,inheritance,inheritance,inheritance
873,197,1430,0.20000000000000004,0.5,0.5,13.844215349369989,5.634517766497462,21.425174825174825,94,1,50,0.2,0.5,0.5,inheritance,inheritance,inheritance
895,208,1397,0.2,0.5,0.5,13.925139664804469,5.596153846153846,21.916249105225482,95,1,50,0.2,0.5,0.5,inheritance,inheritance,inheritance
900,221,1379,0.2,0.5,0.5,14.335555555555555,5.778280542986425,22.563451776649746,96,1,50,0.2,0.5,0.5,inheritance,inheritance,inheritance
920,224,1356,0.20000000000000004,0.5,0.5,14.38695652173913,5.834821428571429,22.932153392330385,97,1,50,0.2,0.5,0.5,inheritance,inheritance,inheritance
939,233,1328,0.2,0.5,0.5,14.415335463258787,6.103004291845494,23.345632530120483,98,1,50,0.2,0.5,0.5,inheritance,inheritance,inheritance
967,229,1304,0.20000000000000004,0.5,0.5,14.344364012409514,6.327510917030568,23.650306748466257,99,1,50,0.2,0.5,0.5,inheritance,inheritance,inheritance
1002,222,1276,0.20000000000000004,0.5,0.5,14.56686626746507,6.513513513513513,23.91771159874608,100,1,50,0.2,0.5,0.5,inheritance,inheritance,inheritance
1037,206,1257,0.20000000000000004,0.5,0.5,14.70973963355834,6.703883495145631,23.993635640413682,101,1,50,0.2,0.5,0.5,inheritance,inheritance,inheritance
1060,216,1224,0.2,0.5,0.5,14.970754716981132,6.425925925925926,24.476307189542485,102,1,50,0.2,0.5,0.5,inheritance,inheritance,inheritance
1093,206,1201,0.19999999999999996,0.5,0.5,15.149130832570906,6.271844660194175,24.66028309741882,103,1,50,0.2,0.5,0.5,inheritance,inheritance,inheritance
1122,197,1181,0.19999999999999998,0.5,0.5,15.498217468805704,6.477157360406092,25.066045723962745,104,1,50,0.2,0.5,0.5,inheritance,inheritance,inheritance
1131,198,1171,0.19999999999999998,0.5,0.5,15.841732979664014,6.5606060606060606,25.35183603757472,105,1,50,0.2,0.5,0.5,inheritance,inheritance,inheritance
1173,195,1132,0.19999999999999998,0.5,0.5,16.01619778346121,6.82051282051282,25.604240282685513,106,1,50,0.2,0.5,0.5,inheritance,inheritance,inheritance
1215,185,1100,0.2,0.5,0.5,16.274897119341563,6.875675675675676,25.907272727272726,107,1,50,0.2,0.5,0.5,inheritance,inheritance,inheritance
1242,184,1074,0.19999999999999998,0.5,0.5,16.60708534621578,6.809782608695652,26.023277467411546,108,1,50,0.2,0.5,0.5,inheritance,inheritance,inheritance
1267,176,1057,0.19999999999999998,0.5,0.5,16.99605367008682,6.505681818181818,26.013245033112582,109,1,50,0.2,0.5,0.5,inheritance,inheritance,inheritance
1310,173,1017,0.2,0.5,0.5,17.17557251908397,6.271676300578035,26.045231071779746,110,1,50,0.2,0.5,0.5,inheritance,inheritance,inheritance
1343,166,991,0.19999999999999998,0.5,0.5,17.420699925539836,6.301204819277109,26.11604439959637,111,1,50,0.2,0.5,0.5,inheritance,inheritance,inheritance
1372,165,963,0.19999999999999998,0.5,0.5,17.74198250728863,6.375757575757576,26.133956386292834,112,1,50,0.2,0.5,0.5,inheritance,inheritance,inheritance
1382,170,948,0.19999999999999996,0.5,0.5,18.32344428364689,6.364705882352941,26.339662447257385,113,1,50,0.2,0.5,0.5,inheritance,inheritance,inheritance
1417,171,912,0.19999999999999998,0.5,0.5,18.668313338038107,6.4678362573099415,26.57456140350877,114,1,50,0.2,0.5,0.5,inheritance,inheritance,inheritance
1430,172,898,0.19999999999999996,0.5,0.5,19.163636363636364,6.058139534883721,26.518930957683743,115,1,50,0.2,0.5,0.5,inheritance,inheritance,inheritance
1456,178,866,0.19999999999999998,0.5,0.5,19.466346153846153,6.224719101123595,26.67321016166282,116,1,50,0.2,0.5,0.5,inheritance,inheritance,inheritance
1471,193,836,0.19999999999999996,0.5,0.5,19.78585995921142,5.8860103626943,26.83492822966507,117,1,50,0.2,0.5,0.5,inheritance,inheritance,inheritance
1484,198,818,0.19999999999999996,0.5,0.5,20.076145552560646,5.7272727272727275,26.71271393643032,118,1,50,0.2,0.5,0.5,inheritance,inheritance,inheritance
1491,213,796,0.19999999999999996,0.5,0.5,20.357478202548624,5.436619718309859,26.486180904522612,119,1,50,0.2,0.5,0.5,inheritance,inheritance,inheritance
1496,229,775,0.19999999999999996,0.5,0.5,20.794786096256683,5.362445414847161,26.55483870967742,120,1,50,0.2,0.5,0.5,inheritance,inheritance,inheritance
1491,255,754,0.19999999999999996,0.5,0.5,21.147551978537894,5.1647058823529415,26.56366047745358,121,1,50,0.2,0.5,0.5,inheritance,inheritance,inheritance
1497,269,734,0.19999999999999998,0.5,0.5,21.519038076152306,5.4609665427509295,26.33514986376022,122,1,50,0.2,0.5,0.5,inheritance,inheritance,inheritance
1478,296,726,0.19999999999999998,0.5,0.5,21.84167794316644,5.405405405405405,26.112947658402202,123,1,50,0.2,0.5,0.5,inheritance,inheritance,inheritance
1475,320,705,0.2,0.5,0.5,22.140338983050846,5.565625,25.89645390070922,124,1,50,0.2,0.5,0.5,inheritance,inheritance,inheritance
1482,352,666,0.19999999999999998,0.5,0.5,22.153171390013494,5.784090909090909,25.56156156156156,125,1,50,0.2,0.5,0.5,inheritance,inheritance,inheritance
1490,368,642,0.2,0.5,0.5,22.398657718120806,6.157608695652174,25.523364485981308,126,1,50,0.2,0.5,0.5,inheritance,inheritance,inheritance
1469,411,620,0.19999999999999996,0.5,0.5,22.401633764465622,6.172749391727494,24.891935483870967,127,1,50,0.2,0.5,0.5,inheritance,inheritance,inheritance
1476,433,591,0.19999999999999998,0.5,0.5,22.37669376693767,6.364896073903003,24.39932318104907,128,1,50,0.2,0.5,0.5,inheritance,inheritance,inheritance
1462,458,580,0.19999999999999998,0.5,0.5,22.63611491108071,6.451965065502184,23.232758620689655,129,1,50,0.2,0.5,0.5,inheritance,inheritance,inheritance
1433,495,572,0.19999999999999998,0.5,0.5,22.801814375436148,6.523232323232323,22.727272727272727,130,1,50,0.2,0.5,0.5,inheritance,inheritance,inheritance
1400,536,564,0.2,0.5,0.5,22.873571428571427,6.548507462686567,21.875886524822697,131,1,50,0.2,0.5,0.5,inheritance,inheritance,inheritance
1368,557,575,0.19999999999999993,0.5,0.5,23.107456140350877,6.771992818671454,20.84695652173913,132,1,50,0.2,0.5,0.5,inheritance,inheritance,inheritance
1324,594,582,0.19999999999999996,0.5,0.5,23.244712990936556,6.976430976430977,19.786941580756015,133,1,50,0.2,0.5,0.5,inheritance,inheritance,inheritance
1287,620,593,0.19999999999999998,0.5,0.5,23.231546231546233,7.0435483870967746,18.62731871838111,134,1,50,0.2,0.5,0.5,inheritance,inheritance,inheritance
1250,646,604,0.19999999999999998,0.5,0.5,23.3752,7.162538699690402,17.88907284768212,135,1,50,0.2,0.5,0.5,inheritance,inheritance,inheritance
1200,667,633,0.2,0.5,0.5,23.60333333333333,7.1079460269865065,16.78357030015798,136,1,50,0.2,0.5,0.5,inheritance,inheritance,inheritance
1177,677,646,0.19999999999999998,0.5,0.5,23.282073067119796,7.375184638109306,15.820433436532507,137,1,50,0.2,0.5,0.5,inheritance,inheritance,inheritance
1142,694,664,0.19999999999999998,0.5,0.5,23.30472854640981,7.631123919308357,15.09487951807229,138,1,50,0.2,0.5,0.5,inheritance,inheritance,inheritance
1095,710,695,0.19999999999999998,0.5,0.5,23.700456621004566,7.843661971830986,14.54820143884892,139,1,50,0.2,0.5,0.5,inheritance,inheritance,inheritance
1074,699,727,0.19999999999999998,0.5,0.5,23.850093109869647,8.280400572246066,13.928473177441541,140,1,50,0.2,0.5,0.5,inheritance,inheritance,inheritance
1018,727,755,0.2,0.5,0.5,23.99607072691552,8.31636863823934,13.916556291390728,141,1,50,0.2,0.5,0.5,inheritance,inheritance,inheritance
979,730,791,0.20000000000000004,0.5,0.5,24.34422880490296,8.364383561643836,13.423514538558786,142,1,50,0.2,0.5,0.5,inheritance,inheritance,inheritance
955,733,812,0.20000000000000004,0.5,0.5,24.278534031413614,8.4924965893588,13.295566502463053,143,1,50,0.2,0.5,0.5,inheritance,inheritance,inheritance
924,738,838,0.2,0.5,0.5,24.0,8.742547425474255,13.328162291169452,144,1,50,0.2,0.5,0.5,inheritance,inheritance,inheritance
884,724,892,0.2,0.5,0.5,24.452488687782804,8.791436464088397,13.110986547085203,145,1,50,0.2,0.5,0.5,inheritance,inheritance,inheritance
854,713,933,0.2,0.5,0.5,24.2423887587822,8.835904628330995,13.112540192926046,146,1,50,0.2,0.5,0.5,inheritance,inheritance,inheritance
840,672,988,0.2,0.5,0.5,24.235714285714284,9.013392857142858,12.876518218623481,147,1,50,0.2,0.5,0.5,inheritance,inheritance,inheritance
813,663,1024,0.19999999999999998,0.5,0.5,24.30873308733087,9.132730015082956,12.833984375,148,1,50,0.2,0.5,0.5,inheritance,inheritance,inheritance
782,665,1053,0.19999999999999998,0.5,0.5,24.333759590792837,8.962406015037594,12.831908831908832,149,1,50,0.2,0.5,0.5,inheritance,inheritance,inheritance
759,646,1095,0.19999999999999998,0.5,0.5,24.034255599472992,8.828173374613003,12.915068493150685,150,1,50,0.2,0.5,0.5,inheritance,inheritance,inheritance
721,662,1117,0.19999999999999998,0.5,0.5,23.82385575589459,8.65558912386707,13.205908683974933,151,1,50,0.2,0.5,0.5,inheritance,inheritance,inheritance
713,631,1156,0.19999999999999996,0.5,0.5,23.800841514726507,8.820919175911252,13.334775086505191,152,1,50,0.2,0.5,0.5,inheritance,inheritance,inheritance
702,616,1182,0.19999999999999996,0.5,0.5,23.413105413105413,8.881493506493506,13.574450084602368,153,1,50,0.2,0.5,0.5,inheritance,inheritance,inheritance
693,615,1192,0.19999999999999996,0.5,0.5,22.81240981240981,9.104065040650406,13.906879194630873,154,1,50,0.2,0.5,0.5,inheritance,inheritance,inheritance
695,580,1225,0.19999999999999996,0.5,0.5,22.755395683453237,9.36551724137931,14.061224489795919,155,1,50,0.2,0.5,0.5,inheritance,inheritance,inheritance
700,543,1257,0.19999999999999996,0.5,0.5,22.097142857142856,9.587476979742172,14.05648369132856,156,1,50,0.2,0.5,0.5,inheritance,inheritance,inheritance
688,528,1284,0.19999999999999996,0.5,0.5,21.5625,9.553030303030303,14.355919003115265,157,1,50,0.2,0.5,0.5,inheritance,inheritance,inheritance
674,508,1318,0.19999999999999998,0.5,0.5,20.91394658753709,9.452755905511811,14.584977238239757,158,1,50,0.2,0.5,0.5,inheritance,inheritance,inheritance
664,497,1339,0.19999999999999998,0.5,0.5,20.653614457831324,9.50503018108652,15.0201643017177,159,1,50,0.2,0.5,0.5,inheritance,inheritance,inheritance
653,484,1363,0.19999999999999998,0.5,0.5,20.255742725880552,9.611570247933884,15.460748349229641,160,1,50,0.2,0.5,0.5,inheritance,inheritance,inheritance
648,462,1390,0.19999999999999998,0.5,0.5,19.59567901234568,9.318181818181818,15.655395683453238,161,1,50,0.2,0.5,0.5,inheritance,inheritance,inheritance
648,450,1402,0.19999999999999998,0.5,0.5,19.29320987654321,9.324444444444444,16.062767475035663,162,1,50,0.2,0.5,0.5,inheritance,inheritance,inheritance
650,417,1433,0.19999999999999996,0.5,0.5,19.475384615384616,9.270983213429256,16.375436147941382,163,1,50,0.2,0.5,0.5,inheritance,inheritance,inheritance
666,389,1445,0.19999999999999998,0.5,0.5,19.03903903903904,9.480719794344473,16.739792387543254,164,1,50,0.2,0.5,0.5,inheritance,inheritance,inheritance
684,358,1458,0.19999999999999998,0.5,0.5,18.744152046783626,9.72905027932961,17.07544581618656,165,1,50,0.2,0.5,0.5,inheritance,inheritance,inheritance
690,341,1469,0.19999999999999996,0.5,0.5,18.921739130434784,9.777126099706745,17.5071477195371,166,1,50,0.2,0.5,0.5,inheritance,inheritance,inheritance
719,307,1474,0.19999999999999993,0.5,0.5,18.75799721835883,10.029315960912053,17.935549525101763,167,1,50,0.2,0.5,0.5,inheritance,inheritance,inheritance
745,280,1475,0.2,0.5,0.5,18.734228187919463,10.260714285714286,18.26508474576271,168,1,50,0.2,0.5,0.5,inheritance,inheritance,inheritance
762,244,1494,0.19999999999999998,0.5,0.5,18.62204724409449,9.94672131147541,18.54484605087015,169,1,50,0.2,0.5,0.5,inheritance,inheritance,inheritance
777,219,1504,0.19999999999999998,0.5,0.5,18.53281853281853,9.479452054794521,18.9594414893617,170,1,50,0.2,0.5,0.5,inheritance,inheritance,inheritance
818,200,1482,0.19999999999999998,0.5,0.5,18.04156479217604,9.175,19.298920377867745,171,1,50,0.2,0.5,0.5,inheritance,inheritance,inheritance
849,186,1465,0.2,0.5,0.5,17.848056537102472,8.93010752688172,19.66621160409556,172,1,50,0.2,0.5,0.5,inheritance,inheritance,inheritance
888,169,1443,0.20000000000000004,0.5,0.5,17.61373873873874,8.591715976331361,20.105336105336104,173,1,50,0.2,0.5,0.5,inheritance,inheritance,inheritance
909,164,1427,0.2,0.5,0.5,17.446644664466447,8.207317073170731,20.65802382620883,174,1,50,0.2,0.5,0.5,inheritance,inheritance,inheritance
944,162,1394,0.2,0.5,0.5,17.20021186440678,7.771604938271605,21.22309899569584,175,1,50,0.2,0.5,0.5,inheritance,inheritance,inheritance
978,152,1370,0.2,0.5,0.5,16.987730061349694,7.2631578947368425,21.702919708029196,176,1,50,0.2,0.5,0.5,inheritance,inheritance,inheritance
1010,138,1352,0.20000000000000004,0.5,0.5,17.04257425742574,6.782608695652174,22.10576923076923,177,1,50,0.2,0.5,0.5,inheritance,inheritance,inheritance
1045,140,1315,0.2,0.5,0.5,16.77224880382775,6.621428571428571,22.662357414448667,178,1,50,0.2,0.5,0.5,inheritance,inheritance,inheritance
1076,138,1286,0.19999999999999998,0.5,0.5,16.973048327137548,6.826086956521739,23.220839813374806,179,1,50,0.2,0.5,0.5,inheritance,inheritance,inheritance
1099,137,1264,0.19999999999999996,0.5,0.5,17.145586897179253,6.335766423357664,23.57357594936709,180,1,50,0.2,0.5,0.5,inheritance,inheritance,inheritance
1140,134,1226,0.19999999999999998,0.5,0.5,17.371052631578948,6.843283582089552,24.176182707993476,181,1,50,0.2,0.5,0.5,inheritance,inheritance,inheritance
1177,142,1181,0.19999999999999998,0.5,0.5,17.498725573491928,7.042253521126761,24.708721422523286,182,1,50,0.2,0.5,0.5,inheritance,inheritance,inheritance
1192,147,1161,0.19999999999999998,0.5,0.5,17.909395973154364,6.870748299319728,25.001722652885444,183,1,50,0.2,0.5,0.5,inheritance,inheritance,inheritance
1225,142,1133,0.2,0.5,0.5,18.2334693877551,7.190140845070423,25.34421888790821,184,1,50,0.2,0.5,0.5,inheritance,inheritance,inheritance
1267,135,1098,0.19999999999999998,0.5,0.5,18.348855564325177,7.2518518518518515,25.527322404371585,185,1,50,0.2,0.5,0.5,inheritance,inheritance,inheritance
1290,120,1090,0.19999999999999996,0.5,0.5,18.796124031007754,7.025,25.621100917431193,186,1,50,0.2,0.5,0.5,inheritance,inheritance,inheritance
1320,116,1064,0.2,0.5,0.5,19.01212121212121,6.844827586206897,25.92763157894737,187,1,50,0.2,0.5,0.5,inheritance,inheritance,inheritance
1344,103,1053,0.19999999999999996,0.5,0.5,19.502232142857142,7.155339805825243,26.130104463437796,188,1,50,0.2,0.5,0.5,inheritance,inheritance,inheritance
1377,101,1022,0.19999999999999996,0.5,0.5,19.80392156862745,6.9405940594059405,26.367906066536204,189,1,50,0.2,0.5,0.5,inheritance,inheritance,inheritance
1406,107,987,0.19999999999999998,0.5,0.5,20.165007112375534,6.831775700934579,26.973657548125633,190,1,50,0.2,0.5,0.5,inheritance,inheritance,inheritance
1447,103,950,0.19999999999999998,0.5,0.5,20.398756046993782,6.349514563106796,27.082105263157896,191,1,50,0.2,0.5,0.5,inheritance,inheritance,inheritance
1487,116,897,0.19999999999999998,0.5,0.5,20.533960995292535,6.172413793103448,27.10479375696767,192,1,50,0.2,0.5,0.5,inheritance,inheritance,inheritance
1523,120,857,0.2,0.5,0.5,20.66382140512147,5.9,27.27887981330222,193,1,50,0.2,0.5,0.5,inheritance,inheritance,inheritance
1536,138,826,0.19999999999999998,0.5,0.5,20.889973958333332,5.326086956521739,27.562953995157386,194,1,50,0.2,0.5,0.5,inheritance,inheritance,inheritance
1553,142,805,0.19999999999999998,0.5,0.5,21.43786220218931,5.633802816901408,27.759006211180125,195,1,50,0.2,0.5,0.5,inheritance,inheritance,inheritance
1563,160,777,0.2,0.5,0.5,21.749200255918105,5.3125,27.87001287001287,196,1,50,0.2,0.5,0.5,inheritance,inheritance,inheritance
1587,171,742,0.19999999999999998,0.5,0.5,21.998739760554507,5.56140350877193,28.10512129380054,197,1,50,0.2,0.5,0.5,inheritance,inheritance,inheritance
1601,199,700,0.19999999999999998,0.5,0.5,22.17738913179263,5.447236180904523,28.402857142857144,198,1,50,0.2,0.5,0.5,inheritance,inheritance,inheritance
1600,234,666,0.2,0.5,0.5,22.46,5.478632478632479,28.57957957957958,199,1,50,0.2,0.5,0.5,inheritance,inheritance,inheritance
1603,256,641,0.2,0.5,0.5,22.801621958827198,5.51171875,28.411856474258972,200,1,50,0.2,0.5,0.5,inheritance,inheritance,inheritance
1607,279,614,0.19999999999999998,0.5,0.5,23.231487243310518,5.863799283154122,28.690553745928337,201,1,50,0.2,0.5,0.5,inheritance,inheritance,inheritance
1609,310,581,0.2,0.5,0.5,23.301429459291484,5.896774193548387,28.452667814113596,202,1,50,0.2,0.5,0.5,inheritance,inheritance,inheritance
1610,337,553,0.2,0.5,0.5,23.586335403726707,6.112759643916914,27.70524412296564,203,1,50,0.2,0.5,0.5,inheritance,inheritance,inheritance
1591,365,544,0.20000000000000004,0.5,0.5,24.204274041483345,6.315068493150685,27.647058823529413,204,1,50,0.2,0.5,0.5,inheritance,inheritance,inheritance
1571,408,521,0.20000000000000004,0.5,0.5,24.555060471037557,6.446078431372549,27.775431861804222,205,1,50,0.2,0.5,0.5,inheritance,inheritance,inheritance
1565,437,498,0.2,0.5,0.5,24.784664536741214,6.757437070938215,27.323293172690764,206,1,50,0.2,0.5,0.5,inheritance,inheritance,inheritance
1534,480,486,0.2,0.5,0.5,25.146023468057365,6.897916666666666,26.767489711934157,207,1,50,0.2,0.5,0.5,inheritance,inheritance,inheritance
1503,518,479,0.19999999999999998,0.5,0.5,25.610778443113773,7.088803088803089,26.4384133611691,208,1,50,0.2,0.5,0.5,inheritance,inheritance,inheritance
1483,541,476,0.19999999999999998,0.5,0.5,26.051247471341874,7.434380776340111,25.90546218487395,209,1,50,0.2,0.5,0.5,inheritance,inheritance,inheritance
1460,560,480,0.2,0.5,0.5,26.389041095890413,7.683928571428571,24.73125,210,1,50,0.2,0.5,0.5,inheritance,inheritance,inheritance
1437,570,493,0.19999999999999998,0.5,0.5,26.691718858733473,7.9982456140350875,23.107505070993916,211,1,50,0.2,0.5,0.5,inheritance,inheritance,inheritance
1398,589,513,0.19999999999999998,0.5,0.5,27.086552217453505,8.191850594227505,22.228070175438596,212,1,50,0.2,0.5,0.5,inheritance,inheritance,inheritance
1358,613,529,0.19999999999999998,0.5,0.5,27.531664212076585,8.30505709624796,21.565217391304348,213,1,50,0.2,0.5,0.5,inheritance,inheritance,inheritance
1336,623,541,0.19999999999999996,0.5,0.5,27.929640718562876,8.581059390048154,20.465804066543438,214,1,50,0.2,0.5,0.5,inheritance,inheritance,inheritance
1315,617,568,0.2,0.5,0.5,28.43041825095057,8.79902755267423,19.406690140845072,215,1,50,0.2,0.5,0.5,inheritance,inheritance,inheritance
1281,615,604,0.19999999999999998,0.5,0.5,28.85402029664325,9.035772357723577,18.498344370860927,216,1,50,0.2,0.5,0.5,inheritance,inheritance,inheritance
1259,620,621,0.19999999999999996,0.5,0.5,29.141382049245433,9.109677419354838,17.384863123993558,217,1,50,0.2,0.5,0.5,inheritance,inheritance,inheritance
1232,628,640,0.19999999999999998,0.5,0.5,29.291396103896105,9.138535031847134,16.5359375,218,1,50,0.2,0.5,0.5,inheritance,inheritance,inheritance
1200,633,667,0.2,0.5,0.5,29.95916666666667,9.21958925750395,16.259370314842577,219,1,50,0.2,0.5,0.5,inheritance,inheritance,inheritance
1170,612,718,0.19999999999999998,0.5,0.5,30.46068376068376,9.169934640522875,15.506963788300835,220,1,50,0.2,0.5,0.5,inheritance,inheritance,inheritance
1131,605,764,0.19999999999999998,0.5,0.5,30.79840848806366,9.071074380165289,14.701570680628272,221,1,50,0.2,0.5,0.5,inheritance,inheritance,inheritance
1108,596,796,0.19999999999999996,0.5,0.5,31.17960288808664,9.129194630872483,14.501256281407036,222,1,50,0.2,0.5,0.5,inheritance,inheritance,inheritance
1077,586,837,0.19999999999999998,0.5,0.5,31.842154131847725,8.972696245733788,14.451612903225806,223,1,50,0.2,0.5,0.5,inheritance,inheritance,inheritance
1055,579,866,0.2,0.5,0.5,32.25781990521327,9.05181347150259,14.324480369515012,224,1,50,0.2,0.5,0.5,inheritance,inheritance,inheritance
998,608,894,0.2,0.5,0.5,32.366733466933866,8.514802631578947,14.341163310961969,225,1,50,0.2,0.5,0.5,inheritance,inheritance,inheritance
958,619,923,0.2,0.5,0.5,32.406054279749476,8.565428109854604,14.483206933911159,226,1,50,0.2,0.5,0.5,inheritance,inheritance,inheritance
937,625,938,0.20000000000000004,0.5,0.5,32.35752401280683,8.568,14.646055437100213,227,1,50,0.2,0.5,0.5,inheritance,inheritance,inheritance
900,634,966,0.2,0.5,0.5,32.66888888888889,8.487381703470032,14.761904761904763,228,1,50,0.2,0.5,0.5,inheritance,inheritance,inheritance
860,660,980,0.2,0.5,0.5,32.01860465116279,8.451515151515151,14.868367346938776,229,1,50,0.2,0.5,0.5,inheritance,inheritance,inheritance
844,674,982,0.2,0.5,0.5,31.60308056872038,8.57566765578635,15.124236252545824,230,1,50,0.2,0.5,0.5,inheritance,inheritance,inheritance
803,690,1007,0.19999999999999998,0.5,0.5,31.29016189290162,8.456521739130435,15.304865938430984,231,1,50,0.2,0.5,0.5,inheritance,inheritance,inheritance
769,702,1029,0.2,0.5,0.5,30.75032509752926,8.478632478632479,15.370262390670554,232,1,50,0.2,0.5,0.5,inheritance,inheritance,inheritance
744,698,1058,0.19999999999999998,0.5,0.5,29.989247311827956,8.5945558739255,15.361058601134216,233,1,50,0.2,0.5,0.5,inheritance,inheritance,inheritance
699,724,1077,0.19999999999999998,0.5,0.5,29.047210300429185,8.399171270718233,15.390900649953574,234,1,50,0.2,0.5,0.5,inheritance,inheritance,inheritance
674,715,1111,0.19999999999999998,0.5,0.5,28.724035608308604,8.465734265734266,15.366336633663366,235,1,50,0.2,0.5,0.5,inheritance,inheritance,inheritance
649,727,1124,0.19999999999999998,0.5,0.5,28.175654853620955,8.56946354883081,15.708185053380783,236,1,50,0.2,0.5,0.5,inheritance,inheritance,inheritance
632,729,1139,0.19999999999999996,0.5,0.5,27.242088607594937,8.847736625514404,15.838454784899033,237,1,50,0.2,0.5,0.5,inheritance,inheritance,inheritance
624,719,1157,0.19999999999999998,0.5,0.5,26.33173076923077,9.21557719054242,16.05531547104581,238,1,50,0.2,0.5,0.5,inheritance,inheritance,inheritance
614,682,1204,0.19999999999999998,0.5,0.5,25.503257328990227,9.240469208211143,15.820598006644518,239,1,50,0.2,0.5,0.5,inheritance,inheritance,inheritance
621,644,1235,0.19999999999999998,0.5,0.5,24.586151368760063,9.672360248447205,15.808906882591094,240,1,50,0.2,0.5,0.5,inheritance,inheritance,inheritance
604,628,1268,0.19999999999999998,0.5,0.5,24.137417218543046,9.906050955414013,16.13564668769716,241,1,50,0.2,0.5,0.5,inheritance,inheritance,inheritance
601,620,1279,0.19999999999999998,0.5,0.5,22.80532445923461,10.214516129032258,16.40656763096169,242,1,50,0.2,0.5,0.5,inheritance,inheritance,inheritance
587,596,1317,0.19999999999999998,0.5,0.5,22.061328790459967,10.265100671140939,16.4123006833713,243,1,50,0.2,0.5,0.5,inheritance,inheritance,inheritance
577,557,1366,0.19999999999999998,0.5,0.5,21.181975736568457,10.355475763016157,16.36090775988287,244,1,50,0.2,0.5,0.5,inheritance,inheritance,inheritance
584,520,1396,0.19999999999999998,0.5,0.5,20.477739726027398,10.590384615384615,16.455587392550143,245,1,50,0.2,0.5,0.5,inheritance,inheritance,inheritance
586,500,1414,0.19999999999999998,0.5,0.5,19.341296928327644,10.762,16.615983026874115,246,1,50,0.2,0.5,0.5,inheritance,inheritance,inheritance
594,465,1441,0.19999999999999998,0.5,0.5,18.46969696969697,10.898924731182795,16.757807078417766,247,1,50,0.2,0.5,0.5,inheritance,inheritance,inheritance
587,443,1470,0.19999999999999998,0.5,0.5,17.25212947189097,10.713318284424378,17.027891156462584,248,1,50,0.2,0.5,0.5,inheritance,inheritance,inheritance
583,431,1486,0.19999999999999996,0.5,0.5,16.44082332761578,10.56844547563805,17.30955585464334,249,1,50,0.2,0.5,0.5,inheritance,inheritance,inheritance
604,400,1496,0.19999999999999998,0.5,0.5,15.740066225165563,11.025,17.656417112299465,250,1,50,0.2,0.5,0.5,inheritance,inheritance,inheritance
617,382,1501,0.19999999999999998,0.5,0.5,15.079416531604538,11.11780104712042,18.106595602931378,251,1,50,0.2,0.5,0.5,inheritance,inheritance,inheritance
628,357,1515,0.19999999999999998,0.5,0.5,15.221337579617835,11.03921568627451,18.413201320132014,252,1,50,0.2,0.5,0.5,inheritance,inheritance,inheritance
640,327,1533,0.19999999999999998,0.5,0.5,15.190625,10.654434250764526,18.626223091976517,253,1,50,0.2,0.5,0.5,inheritance,inheritance,inheritance
659,298,1543,0.19999999999999998,0.5,0.5,15.320182094081943,10.325503355704697,18.863253402462735,254,1,50,0.2,0.5,0.5,inheritance,inheritance,inheritance
677,288,1535,0.19999999999999996,0.5,0.5,14.96602658788774,9.96875,19.198045602605863,255,1,50,0.2,0.5,0.5,inheritance,inheritance,inheritance
695,268,1537,0.19999999999999996,0.5,0.5,15.063309352517985,9.899253731343284,19.569941444372155,256,1,50,0.2,0.5,0.5,inheritance,inheritance,inheritance
708,256,1536,0.19999999999999996,0.5,0.5,15.009887005649718,9.87109375,19.865885416666668,257,1,50,0.2,0.5,0.5,inheritance,inheritance,inheritance
703,235,1562,0.19999999999999996,0.5,0.5,15.210526315789474,9.093617021276597,20.140845070422536,258,1,50,0.2,0.5,0.5,inheritance,inheritance,inheritance
734,215,1551,0.19999999999999998,0.5,0.5,15.220708446866485,9.027906976744186,20.443584784010316,259,1,50,0.2,0.5,0.5,inheritance,inheritance,inheritance
736,207,1557,0.19999999999999998,0.5,0.5,15.441576086956522,8.405797101449275,20.910083493898522,260,1,50,0.2,0.5,0.5,inheritance,inheritance,inheritance
737,211,1552,0.19999999999999996,0.5,0.5,15.685210312075984,7.734597156398104,21.44909793814433,261,1,50,0.2,0.5,0.5,inheritance,inheritance,inheritance
754,196,1550,0.19999999999999998,0.5,0.5,15.789124668435013,7.663265306122449,21.86967741935484,262,1,50,0.2,0.5,0.5,inheritance,inheritance,inheritance
758,200,1542,0.19999999999999996,0.5,0.5,15.939313984168866,6.87,22.332684824902724,263,1,50,0.2,0.5,0.5,inheritance,inheritance,inheritance
767,206,1527,0.19999999999999998,0.5,0.5,15.717079530638852,6.402912621359223,22.660117878192533,264,1,50,0.2,0.5,0.5,inheritance,inheritance,inheritance
786,201,1513,0.19999999999999998,0.5,0.5,15.756997455470739,6.323383084577115,23.16986120290813,265,1,50,0.2,0.5,0.5,inheritance,inheritance,inheritance
805,200,1495,0.2,0.5,0.5,15.804968944099379,6.0,23.548494983277592,266,1,50,0.2,0.5,0.5,inheritance,inheritance,inheritance
808,208,1484,0.19999999999999998,0.5,0.5,15.915841584158416,5.740384615384615,23.98787061994609,267,1,50,0.2,0.5,0.5,inheritance,inheritance,inheritance
812,229,1459,0.2,0.5,0.5,15.97167487684729,5.820960698689956,24.7039067854695,268,1,50,0.2,0.5,0.5,inheritance,inheritance,inheritance
810,257,1433,0.2,0.5,0.5,15.771604938271604,5.443579766536965,25.124214933705513,269,1,50,0.2,0.5,0.5,inheritance,inheritance,inheritance
819,276,1405,0.2,0.5,0.5,15.637362637362637,5.565217391304348,25.594306049822062,270,1,50,0.2,0.5,0.5,inheritance,inheritance,inheritance
826,285,1389,0.19999999999999998,0.5,0.5,15.799031476997579,5.814035087719298,26.159827213822894,271,1,50,0.2,0.5,0.5,inheritance,inheritance,inheritance
837,299,1364,0.19999999999999998,0.5,0.5,15.632019115890083,6.030100334448161,26.629032258064516,272,1,50,0.2,0.5,0.5,inheritance,inheritance,inheritance
846,297,1357,0.19999999999999998,0.5,0.5,15.66193853427896,6.346801346801347,26.83861459100958,273,1,50,0.2,0.5,0.5,inheritance,inheritance,inheritance
855,294,1351,0.2,0.5,0.5,15.714619883040935,6.5,26.923019985196152,274,1,50,0.2,0.5,0.5,inheritance,inheritance,inheritance
850,307,1343,0.2,0.5,0.5,15.862352941176471,6.514657980456026,27.271034996276992,275,1,50,0.2,0.5,0.5,inheritance,inheritance,inheritance
855,308,1337,0.2,0.5,0.5,16.02690058479532,6.746753246753247,27.680628272251308,276,1,50,0.2,0.5,0.5,inheritance,inheritance,inheritance
845,322,1333,0.2,0.5,0.5,16.242603550295858,6.726708074534161,27.913728432108027,277,1,50,0.2,0.5,0.5,inheritance,inheritance,inheritance
855,325,1320,0.2,0.5,0.5,16.07251461988304,6.923076923076923,28.290151515151514,278,1,50,0.2,0.5,0.5,inheritance,inheritance,inheritance
865,333,1302,0.2,0.5,0.5,15.778034682080925,6.870870870870871,28.34331797235023,279,1,50,0.2,0.5,0.5,inheritance,inheritance,inheritance
865,329,1306,0.2,0.5,0.5,15.908670520231214,7.2948328267477205,28.492343032159265,280,1,50,0.2,0.5,0.5,inheritance,inheritance,inheritance
874,321,1305,0.2,0.5,0.5,16.163615560640732,7.464174454828661,28.606130268199234,281,1,50,0.2,0.5,0.5,inheritance,inheritance,inheritance
889,308,1303,0.2,0.5,0.5,16.194600674915634,7.607142857142857,28.61857252494244,282,1,50,0.2,0.5,0.5,inheritance,inheritance,inheritance
895,309,1296,0.2,0.5,0.5,16.326256983240224,7.763754045307444,28.85648148148148,283,1,50,0.2,0.5,0.5,inheritance,inheritance,inheritance
912,303,1285,0.20000000000000004,0.5,0.5,16.020833333333332,7.7161716171617165,28.93774319066148,284,1,50,0.2,0.5,0.5,inheritance,inheritance,inheritance
915,305,1280,0.20000000000000004,0.5,0.5,16.079781420765027,7.5147540983606556,29.225,285,1,50,0.2,0.5,0.5,inheritance,inheritance,inheritance
927,313,1260,0.20000000000000004,0.5,0.5,16.014023732470335,7.3514376996805115,29.492857142857144,286,1,50,0.2,0.5,0.5,inheritance,inheritance,inheritance
945,312,1243,0.2,0.5,0.5,16.024338624338625,7.42948717948718,29.878519710378118,287,1,50,0.2,0.5,0.5,inheritance,inheritance,inheritance
974,314,1212,0.2,0.5,0.5,16.01334702258727,7.547770700636943,30.112211221122113,288,1,50,0.2,0.5,0.5,inheritance,inheritance,inheritance
1000,320,1180,0.20000000000000004,0.5,0.5,15.779,7.39375,29.93220338983051,289,1,50,0.2,0.5,0.5,inheritance,inheritance,inheritance
1004,332,1164,0.2,0.5,0.5,16.018924302788843,7.316265060240964,30.022336769759452,290,1,50,0.2,0.5,0.5,inheritance,inheritance,inheritance
1030,332,1138,0.20000000000000004,0.5,0.5,15.916504854368933,7.406626506024097,30.067662565905096,291,1,50,0.2,0.5,0.5,inheritance,inheritance,inheritance
1039,336,1125,0.2,0.5,0.5,16.06737247353224,7.508928571428571,29.788444444444444,292,1,50,0.2,0.5,0.5,inheritance,inheritance,inheritance
1045,351,1104,0.2,0.5,0.5,16.030622009569377,7.413105413105413,29.826992753623188,293,1,50,0.2,0.5,0.5,inheritance,inheritance,inheritance
1046,356,1098,0.2,0.5,0.5,16.105162523900574,7.303370786516854,29.49089253187614,294,1,50,0.2,0.5,0.5,inheritance,inheritance,inheritance
1062,364,1074,0.19999999999999998,0.5,0.5,16.065913370998118,7.274725274725275,29.344506517690874,295,1,50,0.2,0.5,0.5,inheritance,inheritance,inheritance
1058,388,1054,0.19999999999999998,0.5,0.5,16.176748582230623,7.208762886597938,29.502846299810248,296,1,50,0.2,0.5,0.5,inheritance,inheritance,inheritance
1086,376,1038,0.19999999999999996,0.5,0.5,16.28268876611418,7.598404255319149,29.18111753371869,297,1,50,0.2,0.5,0.5,inheritance,inheritance,inheritance
1084,393,1023,0.19999999999999996,0.5,0.5,16.382841328413285,7.7150127226463106,29.300097751710656,298,1,50,0.2,0.5,0.5,inheritance,inheritance,inheritance
1096,388,1016,0.19999999999999996,0.5,0.5,16.51824817518248,7.765463917525773,28.650590551181104,299,1,50,0.2,0.5,0.5,inheritance,inheritance,inheritance
1115,370,1015,0.19999999999999998,0.5,0.5,16.669058295964124,7.624324324324324,27.750738916256157,300,1,50,0.2,0.5,0.5,inheritance,inheritance,inheritance
1118,376,1006,0.19999999999999998,0.5,0.5,16.87298747763864,7.526595744680851,27.479125248508947,301,1,50,0.2,0.5,0.5,inheritance,inheritance,inheritance
1140,356,1004,0.19999999999999998,0.5,0.5,16.871929824561402,7.53932584269663,26.903386454183266,302,1,50,0.2,0.5,0.5,inheritance,inheritance,inheritance
1133,345,1022,0.19999999999999998,0.5,0.5,17.219770520741395,7.423188405797101,26.223091976516635,303,1,50,0.2,0.5,0.5,inheritance,inheritance,inheritance
1124,339,1037,0.19999999999999996,0.5,0.5,17.443950177935942,7.289085545722714,25.854387656702023,304,1,50,0.2,0.5,0.5,inheritance,inheritance,inheritance
1133,336,1031,0.19999999999999998,0.5,0.5,17.684024713150926,7.526785714285714,25.674102812803103,305,1,50,0.2,0.5,0.5,inheritance,inheritance,inheritance
1139,343,1018,0.19999999999999998,0.5,0.5,17.7603160667252,7.411078717201166,25.427308447937133,306,1,50,0.2,0.5,0.5,inheritance,inheritance,inheritance
1151,344,1005,0.19999999999999998,0.5,0.5,17.850564726324937,7.473837209302325,25.255721393034825,307,1,50,0.2,0.5,0.5,inheritance,inheritance,inheritance
1168,338,994,0.19999999999999998,0.5,0.5,18.03681506849315,7.559171597633136,25.272635814889338,308,1,50,0.2,0.5,0.5,inheritance,inheritance,inheritance
1188,338,974,0.19999999999999998,0.5,0.5,18.196127946127945,7.739644970414201,25.060574948665298,309,1,50,0.2,0.5,0.5,inheritance,inheritance,inheritance
1194,345,961,0.19999999999999998,0.5,0.5,18.560301507537687,7.773913043478261,24.94588969823101,310,1,50,0.2,0.5,0.5,inheritance,inheritance,inheritance
1208,335,957,0.19999999999999998,0.5,0.5,18.70612582781457,7.71044776119403,24.278996865203762,311,1,50,0.2,0.5,0.5,inheritance,inheritance,inheritance
1205,343,952,0.2,0.5,0.5,19.09460580912863,7.559766763848397,24.054621848739497,312,1,50,0.2,0.5,0.5,inheritance,inheritance,inheritance
1213,343,944,0.19999999999999998,0.5,0.5,19.453421269579554,7.685131195335277,23.93114406779661,313,1,50,0.2,0.5,0.5,inheritance,inheritance,inheritance
1217,347,936,0.19999999999999998,0.5,0.5,19.716516023007394,7.734870317002882,23.802350427350426,314,1,50,0.2,0.5,0.5,inheritance,inheritance,inheritance
1224,351,925,0.19999999999999998,0.5,0.5,19.95343137254902,7.700854700854701,23.892972972972974,315,1,50,0.2,0.5,0.5,inheritance,inheritance,inheritance
1233,344,923,0.19999999999999998,0.5,0.5,20.179237631792375,7.505813953488372,23.670639219934994,316,1,50,0.2,0.5,0.5,inheritance,inheritance,inheritance
1248,333,919,0.19999999999999998,0.5,0.5,20.388621794871796,7.504504504504505,23.32752992383025,317,1,50,0.2,0.5,0.5,inheritance,inheritance,inheritance
1256,320,924,0.19999999999999996,0.5,0.5,20.837579617834393,7.740625,23.187229437229437,318,1,50,0.2,0.5,0.5,inheritance,inheritance,inheritance
1271,319,910,0.19999999999999996,0.5,0.5,20.90401258851298,7.667711598746082,22.853846153846153,319,1,50,0.2,0.5,0.5,inheritance,inheritance,inheritance
1269,313,918,0.19999999999999996,0.5,0.5,21.224586288416077,7.5111821086261985,22.633986928104576,320,1,50,0.2,0.5,0.5,inheritance,inheritance,inheritance
1264,317,919,0.19999999999999996,0.5,0.5,21.503164556962027,6.955835962145111,22.49292709466812,321,1,50,0.2,0.5,0.5,inheritance,inheritance,inheritance
1254,333,913,0.19999999999999996,0.5,0.5,21.62200956937799,6.51951951951952,22.50054764512596,322,1,50,0.2,0.5,0.5,inheritance,inheritance,inheritance
1253,337,910,0.19999999999999998,0.5,0.5,21.857142857142858,6.335311572700297,22.094505494505494,323,1,50,0.2,0.5,0.5,inheritance,inheritance,inheritance
1260,346,894,0.19999999999999998,0.5,0.5,21.595238095238095,6.34393063583815,21.559284116331096,324,1,50,0.2,0.5,0.5,inheritance,inheritance,inheritance
1260,346,894,0.19999999999999998,0.5,0.5,21.76825396825397,6.30635838150289,21.20246085011186,325,1,50,0.2,0.5,0.5,inheritance,inheritance,inheritance
1263,351,886,0.19999999999999998,0.5,0.5,21.789390340459224,6.47008547008547,20.981941309255077,326,1,50,0.2,0.5,0.5,inheritance,inheritance,inheritance
1276,361,863,0.19999999999999996,0.5,0.5,21.580721003134798,6.54016620498615,20.560834298957126,327,1,50,0.2,0.5,0.5,inheritance,inheritance,inheritance
1266,383,851,0.19999999999999996,0.5,0.5,21.39257503949447,6.242819843342037,20.396004700352528,328,1,50,0.2,0.5,0.5,inheritance,inheritance,inheritance
1262,389,849,0.19999999999999998,0.5,0.5,21.619651347068146,6.408740359897172,19.868080094228503,329,1,50,0.2,0.5,0.5,inheritance,inheritance,inheritance
1264,386,850,0.19999999999999996,0.5,0.5,21.936708860759495,6.608808290155441,19.651764705882353,330,1,50,0.2,0.5,0.5,inheritance,inheritance,inheritance
1264,403,833,0.19999999999999996,0.5,0.5,22.070411392405063,6.88833746898263,20.040816326530614,331,1,50,0.2,0.5,0.5,inheritance,inheritance,inheritance
1253,420,827,0.19999999999999998,0.5,0.5,22.23224261771748,6.9261904761904765,19.962515114873035,332,1,50,0.2,0.5,0.5,inheritance,inheritance,inheritance
1233,419,848,0.19999999999999998,0.5,0.5,22.57096512570965,7.164677804295943,19.80070754716981,333,1,50,0.2,0.5,0.5,inheritance,inheritance,inheritance
1226,437,837,0.19999999999999998,0.5,0.5,22.561174551386625,7.196796338672769,19.77180406212664,334,1,50,0.2,0.5,0.5,inheritance,inheritance,inheritance
1223,454,823,0.19999999999999998,0.5,0.5,22.497138184791496,7.31057268722467,19.40097205346294,335,1,50,0.2,0.5,0.5,inheritance,inheritance,inheritance
1205,475,820,0.2,0.5,0.5,22.41908713692946,7.2631578947368425,19.384146341463413,336,1,50,0.2,0.5,0.5,inheritance,inheritance,inheritance
1189,483,828,0.19999999999999996,0.5,0.5,22.315391084945333,7.296066252587992,19.217391304347824,337,1,50,0.2,0.5,0.5,inheritance,inheritance,inheritance
1171,498,831,0.19999999999999998,0.5,0.5,22.51665243381725,7.532128514056225,19.15162454873646,338,1,50,0.2,0.5,0.5,inheritance,inheritance,inheritance
1161,511,828,0.19999999999999998,0.5,0.5,22.074074074074073,7.5870841487279845,18.76328502415459,339,1,50,0.2,0.5,0.5,inheritance,inheritance,inheritance
1142,531,827,0.19999999999999998,0.5,0.5,21.830998248686516,7.632768361581921,18.65417170495768,340,1,50,0.2,0.5,0.5,inheritance,inheritance,inheritance
1122,538,840,0.19999999999999998,0.5,0.5,21.81283422459893,7.5278810408921935,18.553571428571427,341,1,50,0.2,0.5,0.5,inheritance,inheritance,inheritance
1099,556,845,0.19999999999999996,0.5,0.5,21.690627843494084,7.575539568345324,18.46863905325444,342,1,50,0.2,0.5,0.5,inheritance,inheritance,inheritance
1079,568,853,0.19999999999999998,0.5,0.5,21.44114921223355,7.524647887323944,18.215709261430245,343,1,50,0.2,0.5,0.5,inheritance,inheritance,inheritance
1069,575,856,0.19999999999999998,0.5,0.5,21.287184284377922,7.657391304347826,17.74182242990654,344,1,50,0.2,0.5,0.5,inheritance,inheritance,inheritance
1050,591,859,0.2,0.5,0.5,21.03047619047619,7.56175972927242,17.272409778812573,345,1,50,0.2,0.5,0.5,inheritance,inheritance,inheritance
1025,583,892,0.20000000000000007,0.5,0.5,20.96390243902439,7.521440823327616,16.650224215246638,346,1,50,0.2,0.5,0.5,inheritance,inheritance,inheritance
1006,597,897,0.2,0.5,0.5,20.78727634194831,7.55108877721943,16.235228539576365,347,1,50,0.2,0.5,0.5,inheritance,inheritance,inheritance
997,601,902,0.20000000000000004,0.5,0.5,20.4653961885657,7.608985024958403,16.18070953436807,348,1,50,0.2,0.5,0.5,inheritance,inheritance,inheritance
975,622,903,0.2,0.5,0.5,20.314871794871795,7.553054662379421,16.162790697674417,349,1,50,0.2,0.5,0.5,inheritance,inheritance,inheritance
949,626,925,0.2,0.5,0.5,20.00421496311907,7.608626198083067,15.884324324324325,350,1,50,0.2,0.5,0.5,inheritance,inheritance,inheritance
932,607,961,0.20000000000000004,0.5,0.5,19.94098712446352,7.647446457990116,15.467221644120707,351,1,50,0.2,0.5,0.5,inheritance,inheritance,inheritance
921,601,978,0.20000000000000004,0.5,0.5,19.751357220412594,7.915141430948419,15.173824130879346,352,1,50,0.2,0.5,0.5,inheritance,inheritance,inheritance
903,587,1010,0.20000000000000004,0.5,0.5,19.37873754152824,8.051107325383304,14.876237623762377,353,1,50,0.2,0.5,0.5,inheritance,inheritance,inheritance
875,592,1033,0.2,0.5,0.5,19.07657142857143,7.925675675675675,14.82187802516941,354,1,50,0.2,0.5,0.5,inheritance,inheritance,inheritance
862,577,1061,0.2,0.5,0.5,19.141531322505802,8.180242634315425,14.749293119698399,355,1,50,0.2,0.5,0.5,inheritance,inheritance,inheritance
853,562,1085,0.20000000000000004,0.5,0.5,19.121922626025793,8.359430604982206,14.694009216589862,356,1,50,0.2,0.5,0.5,inheritance,inheritance,inheritance
841,534,1125,0.19999999999999998,0.5,0.5,18.841854934601663,8.58052434456929,14.622222222222222,357,1,50,0.2,0.5,0.5,inheritance,inheritance,inheritance
827,507,1166,0.2,0.5,0.5,18.6590084643289,8.538461538461538,14.48713550600343,358,1,50,0.2,0.5,0.5,inheritance,inheritance,inheritance
813,459,1228,0.19999999999999998,0.5,0.5,18.587945879458793,8.546840958605664,14.28257328990228,359,1,50,0.2,0.5,0.5,inheritance,inheritance,inheritance
814,415,1271,0.2,0.5,0.5,18.551597051597053,8.477108433734939,14.260424862313139,360,1,50,0.2,0.5,0.5,inheritance,inheritance,inheritance
789,409,1302,0.2,0.5,0.5,18.61470215462611,8.330073349633253,14.559139784946236,361,1,50,0.2,0.5,0.5,inheritance,inheritance,inheritance
783,388,1329,0.19999999999999996,0.5,0.5,18.50191570881226,8.04639175257732,14.72686230248307,362,1,50,0.2,0.5,0.5,inheritance,inheritance,inheritance
781,374,1345,0.19999999999999998,0.5,0.5,18.085787451984636,7.6550802139037435,14.882527881040891,363,1,50,0.2,0.5,0.5,inheritance,inheritance,inheritance
773,363,1364,0.19999999999999996,0.5,0.5,17.85510996119017,7.355371900826446,15.196480938416423,364,1,50,0.2,0.5,0.5,inheritance,inheritance,inheritance
756,370,1374,0.19999999999999998,0.5,0.5,17.66137566137566,7.194594594594594,15.64919941775837,365,1,50,0.2,0.5,0.5,inheritance,inheritance,inheritance
751,366,1383,0.19999999999999998,0.5,0.5,17.48069241011984,7.133879781420765,16.059291395516993,366,1,50,0.2,0.5,0.5,inheritance,inheritance,inheritance
756,359,1385,0.19999999999999998,0.5,0.5,17.24867724867725,7.147632311977716,16.261371841155235,367,1,50,0.2,0.5,0.5,inheritance,inheritance,inheritance
751,355,1394,0.19999999999999998,0.5,0.5,16.84953395472703,7.267605633802817,16.448350071736012,368,1,50,0.2,0.5,0.5,inheritance,inheritance,inheritance
752,339,1409,0.19999999999999998,0.5,0.5,16.699468085106382,7.091445427728614,16.640880056777856,369,1,50,0.2,0.5,0.5,inheritance,inheritance,inheritance
752,331,1417,0.19999999999999998,0.5,0.5,16.164893617021278,6.746223564954683,17.03528581510233,370,1,50,0.2,0.5,0.5,inheritance,inheritance,inheritance
760,311,1429,0.2,0.5,0.5,15.857894736842105,6.845659163987138,17.241427571728483,371,1,50,0.2,0.5,0.5,inheritance,inheritance,inheritance
771,309,1420,0.19999999999999998,0.5,0.5,15.869001297016862,7.132686084142395,17.87042253521127,372,1,50,0.2,0.5,0.5,inheritance,inheritance,inheritance
798,283,1419,0.19999999999999998,0.5,0.5,15.728070175438596,7.257950530035336,18.116983791402397,373,1,50,0.2,0.5,0.5,inheritance,inheritance,inheritance
819,263,1418,0.2,0.5,0.5,15.722832722832722,7.262357414448669,18.394922425952046,374,1,50,0.2,0.5,0.5,inheritance,inheritance,inheritance
849,245,1406,0.2,0.5,0.5,15.686690223792697,7.485714285714286,18.902560455192035,375,1,50,0.2,0.5,0.5,inheritance,inheritance,inheritance
878,224,1398,0.20000000000000004,0.5,0.5,15.504555808656036,7.026785714285714,18.972818311874107,376,1,50,0.2,0.5,0.5,inheritance,inheritance,inheritance
914,210,1376,0.2,0.5,0.5,15.570021881838075,7.085714285714285,19.3234011627907,377,1,50,0.2,0.5,0.5,inheritance,inheritance,inheritance
930,210,1360,0.20000000000000004,0.5,0.5,15.56989247311828,6.838095238095238,19.6875,378,1,50,0.2,0.5,0.5,inheritance,inheritance,inheritance
950,226,1324,0.2,0.5,0.5,15.632631578947368,6.787610619469026,20.12462235649547,379,1,50,0.2,0.5,0.5,inheritance,inheritance,inheritance
974,223,1303,0.2,0.5,0.5,15.758726899383984,6.8923766816143495,20.516500383729856,380,1,50,0.2,0.5,0.5,inheritance,inheritance,inheritance
998,225,1277,0.2,0.5,0.5,15.847695390781563,7.075555555555556,20.84338292873923,381,1,50,0.2,0.5,0.5,inheritance,inheritance,inheritance
1023,224,1253,0.2,0.5,0.5,15.757575757575758,7.017857142857143,21.307262569832403,382,1,50,0.2,0.5,0.5,inheritance,inheritance,inheritance
1047,231,1222,0.2,0.5,0.5,15.669531996179561,6.8268398268398265,21.780687397708675,383,1,50,0.2,0.5,0.5,inheritance,inheritance,inheritance
1059,235,1206,0.2,0.5,0.5,15.94900849858357,6.808510638297872,22.234660033167497,384,1,50,0.2,0.5,0.5,inheritance,inheritance,inheritance
1074,244,1182,0.19999999999999998,0.5,0.5,15.95996275605214,6.598360655737705,22.73434856175973,385,1,50,0.2,0.5,0.5,inheritance,inheritance,inheritance
1072,253,1175,0.19999999999999998,0.5,0.5,16.28731343283582,6.339920948616601,23.044255319148935,386,1,50,0.2,0.5,0.5,inheritance,inheritance,inheritance
1081,263,1156,0.19999999999999998,0.5,0.5,16.361702127659573,6.11787072243346,23.380622837370243,387,1,50,0.2,0.5,0.5,inheritance,inheritance,inheritance
1090,278,1132,0.19999999999999998,0.5,0.5,16.388073394495414,6.179856115107913,23.498233215547703,388,1,50,0.2,0.5,0.5,inheritance,inheritance,inheritance
1094,304,1102,0.19999999999999996,0.5,0.5,16.37111517367459,5.894736842105263,23.94464609800363,389,1,50,0.2,0.5,0.5,inheritance,inheritance,inheritance
1110,315,1075,0.19999999999999996,0.5,0.5,16.313513513513513,5.949206349206349,24.014883720930232,390,1,50,0.2,0.5,0.5,inheritance,inheritance,inheritance
1109,330,1061,0.19999999999999996,0.5,0.5,16.391343552750225,6.209090909090909,24.283694627709707,391,1,50,0.2,0.5,0.5,inheritance,inheritance,inheritance
1108,338,1054,0.19999999999999996,0.5,0.5,16.668772563176894,6.446745562130178,24.35483870967742,392,1,50,0.2,0.5,0.5,inheritance,inheritance,inheritance
1120,327,1053,0.19999999999999998,0.5,0.5,17.008035714285715,6.81651376146789,24.417853751187085,393,1,50,0.2,0.5,0.5,inheritance,inheritance,inheritance
1132,320,1048,0.19999999999999998,0.5,0.5,17.090989399293285,6.85,24.192748091603054,394,1,50,0.2,0.5,0.5,inheritance,inheritance,inheritance
1134,337,1029,0.19999999999999996,0.5,0.5,17.083774250440918,6.632047477744807,23.931000971817298,395,1,50,0.2,0.5,0.5,inheritance,inheritance,inheritance
1136,345,1019,0.19999999999999998,0.5,0.5,17.141725352112676,6.420289855072464,23.76153091265947,396,1,50,0.2,0.5,0.5,inheritance,inheritance,inheritance
1126,373,1001,0.19999999999999998,0.5,0.5,17.295737122557725,6.525469168900805,23.803196803196805,397,1,50,0.2,0.5,0.5,inheritance,inheritance,inheritance
1132,382,986,0.19999999999999998,0.5,0.5,17.29946996466431,6.494764397905759,23.675456389452332,398,1,50,0.2,0.5,0.5,inheritance,inheritance,inheritance
1131,408,961,0.19999999999999998,0.5,0.5,17.162687886825818,6.519607843137255,23.471383975026015,399,1,50,0.2,0.5,0.5,inheritance,inheritance,inheritance
1113,437,950,0.19999999999999996,0.5,0.5,17.163522012578618,6.608695652173913,23.236842105263158,400,1,50,0.2,0.5,0.5,inheritance,inheritance,inheritance
1106,447,947,0.19999999999999996,0.5,0.5,17.15913200723327,6.666666666666667,22.80464625131996,401,1,50,0.2,0.5,0.5,inheritance,inheritance,inheritance
1103,446,951,0.19999999999999996,0.5,0.5,17.105167724388032,6.854260089686099,22.213459516298634,402,1,50,0.2,0.5,0.5,inheritance,inheritance,inheritance
1110,460,930,0.19999999999999996,0.5,0.5,16.863963963963965,6.873913043478261,21.76451612903226,403,1,50,0.2,0.5,0.5,inheritance,inheritance,inheritance
1092,475,933,0.19999999999999998,0.5,0.5,16.98901098901099,6.816842105263158,21.135048231511256,404,1,50,0.2,0.5,0.5,inheritance,inheritance,inheritance
1069,482,949,0.19999999999999998,0.5,0.5,17.225444340505145,6.854771784232365,20.674394099051632,405,1,50,0.2,0.5,0.5,inheritance,inheritance,inheritance
1056,505,939,0.19999999999999998,0.5,0.5,17.02462121212121,6.96039603960396,20.152289669861556,406,1,50,0.2,0.5,0.5,inheritance,inheritance,inheritance
1050,516,934,0.2,0.5,0.5,17.11904761904762,7.0523255813953485,19.762312633832977,407,1,50,0.2,0.5,0.5,inheritance,inheritance,inheritance
1032,511,957,0.20000000000000004,0.5,0.5,17.233527131782946,7.1898238747553815,19.21003134796238,408,1,50,0.2,0.5,0.5,inheritance,inheritance,inheritance
1025,496,979,0.20000000000000007,0.5,0.5,17.454634146341462,7.344758064516129,18.5291113381001,409,1,50,0.2,0.5,0.5,inheritance,inheritance,inheritance
1022,481,997,0.20000000000000004,0.5,0.5,17.47358121330724,7.548856548856548,18.158475426278837,410,1,50,0.2,0.5,0.5,inheritance,inheritance,inheritance
998,485,1017,0.2,0.5,0.5,17.557114228456914,7.65979381443299,17.653883972468044,411,1,50,0.2,0.5,0.5,inheritance,inheritance,inheritance
974,479,1047,0.2,0.5,0.5,17.628336755646817,7.384133611691023,17.07258834765998,412,1,50,0.2,0.5,0.5,inheritance,inheritance,inheritance
958,474,1068,0.2,0.5,0.5,17.828810020876826,7.39662447257384,16.89887640449438,413,1,50,0.2,0.5,0.5,inheritance,inheritance,inheritance
947,462,1091,0.20000000000000004,0.5,0.5,17.990496304118267,7.577922077922078,16.580201649862513,414,1,50,0.2,0.5,0.5,inheritance,inheritance,inheritance
940,438,1122,0.20000000000000004,0.5,0.5,18.15531914893617,7.5,16.48217468805704,415,1,50,0.2,0.5,0.5,inheritance,inheritance,inheritance
924,434,1142,0.2,0.5,0.5,18.456709956709958,7.548387096774194,16.657618213660246,416,1,50,0.2,0.5,0.5,inheritance,inheritance,inheritance
921,430,1149,0.20000000000000004,0.5,0.5,18.41259500542888,7.530232558139535,16.52219321148825,417,1,50,0.2,0.5,0.5,inheritance,inheritance,inheritance
929,418,1153,0.2,0.5,0.5,18.11087190527449,7.2990430622009566,16.57849089332177,418,1,50,0.2,0.5,0.5,inheritance,inheritance,inheritance
913,411,1176,0.2,0.5,0.5,18.50383351588171,7.218978102189781,16.762755102040817,419,1,50,0.2,0.5,0.5,inheritance,inheritance,inheritance
897,409,1194,0.20000000000000004,0.5,0.5,18.560758082497212,7.090464547677262,16.746231155778894,420,1,50,0.2,0.5,0.5,inheritance,inheritance,inheritance
903,410,1187,0.20000000000000004,0.5,0.5,18.68327796234773,7.148780487804878,16.974726200505476,421,1,50,0.2,0.5,0.5,inheritance,inheritance,inheritance
884,421,1195,0.2,0.5,0.5,18.514705882352942,6.885985748218527,16.965690376569036,422,1,50,0.2,0.5,0.5,inheritance,inheritance,inheritance
877,436,1187,0.2,0.5,0.5,18.42987457240593,6.947247706422019,17.140690817186183,423,1,50,0.2,0.5,0.5,inheritance,inheritance,inheritance
868,427,1205,0.20000000000000004,0.5,0.5,18.107142857142858,6.946135831381733,17.22655601659751,424,1,50,0.2,0.5,0.5,inheritance,inheritance,inheritance
872,434,1194,0.2,0.5,0.5,17.979357798165136,7.158986175115207,17.65494137353434,425,1,50,0.2,0.5,0.5,inheritance,inheritance,inheritance
889,436,1175,0.2,0.5,0.5,17.501687289088864,7.360091743119266,17.783829787234044,426,1,50,0.2,0.5,0.5,inheritance,inheritance,inheritance
874,436,1190,0.2,0.5,0.5,17.138443935926773,7.220183486238532,17.834453781512604,427,1,50,0.2,0.5,0.5,inheritance,inheritance,inheritance
872,452,1176,0.2,0.5,0.5,16.75229357798165,7.3097345132743365,18.404761904761905,428,1,50,0.2,0.5,0.5,inheritance,inheritance,inheritance
868,467,1165,0.20000000000000004,0.5,0.5,16.273041474654377,7.436830835117773,18.6480686695279,429,1,50,0.2,0.5,0.5,inheritance,inheritance,inheritance
856,482,1162,0.2,0.5,0.5,16.24532710280374,7.593360995850622,18.92685025817556,430,1,50,0.2,0.5,0.5,inheritance,inheritance,inheritance
882,476,1142,0.2,0.5,0.5,15.786848072562359,7.852941176470588,19.36865148861646,431,1,50,0.2,0.5,0.5,inheritance,inheritance,inheritance
901,455,1144,0.19999999999999998,0.5,0.5,15.79245283018868,8.443956043956044,19.277972027972027,432,1,50,0.2,0.5,0.5,inheritance,inheritance,inheritance
919,447,1134,0.2,0.5,0.5,15.635473340587595,8.68903803131991,19.336860670194003,433,1,50,0.2,0.5,0.5,inheritance,inheritance,inheritance
919,450,1131,0.2,0.5,0.5,15.640914036996735,8.80888888888889,19.5552608311229,434,1,50,0.2,0.5,0.5,inheritance,inheritance,inheritance
930,420,1150,0.20000000000000004,0.5,0.5,15.679569892473118,8.997619047619047,19.417391304347827,435,1,50,0.2,0.5,0.5,inheritance,inheritance,inheritance
953,406,1141,0.2,0.5,0.5,15.3704092339979,9.137931034482758,19.341805433829975,436,1,50,0.2,0.5,0.5,inheritance,inheritance,inheritance
984,371,1145,0.20000000000000004,0.5,0.5,15.534552845528456,9.412398921832883,19.217467248908296,437,1,50,0.2,0.5,0.5,inheritance,inheritance,inheritance
1009,346,1145,0.2,0.5,0.5,15.561942517343905,9.72543352601156,19.262008733624455,438,1,50,0.2,0.5,0.5,inheritance,inheritance,inheritance
1040,309,1151,0.2,0.5,0.5,15.738461538461538,9.799352750809062,19.07037358818419,439,1,50,0.2,0.5,0.5,inheritance,inheritance,inheritance
1066,294,1140,0.19999999999999998,0.5,0.5,15.811444652908067,9.445578231292517,19.114035087719298,440,1,50,0.2,0.5,0.5,inheritance,inheritance,inheritance
1088,269,1143,0.19999999999999996,0.5,0.5,15.955882352941176,9.029739776951672,18.788276465441818,441,1,50,0.2,0.5,0.5,inheritance,inheritance,inheritance
1107,269,1124,0.19999999999999998,0.5,0.5,16.01806684733514,8.788104089219331,18.8211743772242,442,1,50,0.2,0.5,0.5,inheritance,inheritance,inheritance
1147,252,1101,0.19999999999999998,0.5,0.5,15.994768962510898,8.615079365079366,19.070844686648503,443,1,50,0.2,0.5,0.5,inheritance,inheritance,inheritance
1166,247,1087,0.19999999999999998,0.5,0.5,16.22041166380789,8.2834008097166,19.21343146274149,444,1,50,0.2,0.5,0.5,inheritance,inheritance,inheritance
1184,245,1071,0.19999999999999998,0.5,0.5,16.48733108108108,7.910204081632653,19.575163398692812,445,1,50,0.2,0.5,0.5,inheritance,inheritance,inheritance
1203,239,1058,0.19999999999999998,0.5,0.5,16.83125519534497,7.836820083682008,19.860113421550096,446,1,50,0.2,0.5,0.5,inheritance,inheritance,inheritance
1222,241,1037,0.19999999999999998,0.5,0.5,17.063011456628477,7.381742738589212,20.010607521697203,447,1,50,0.2,0.5,0.5,inheritance,inheritance,inheritance
1239,248,1013,0.19999999999999998,0.5,0.5,17.415657788539143,7.165322580645161,20.151036525172753,448,1,50,0.2,0.5,0.5,inheritance,inheritance,inheritance
1243,258,999,0.19999999999999998,0.5,0.5,17.78037007240547,7.186046511627907,20.26826826826827,449,1,50,0.2,0.5,0.5,inheritance,inheritance,inheritance
1251,269,980,0.19999999999999996,0.5,0.5,17.929656274980015,6.895910780669145,20.443877551020407,450,1,50,0.2,0.5,0.5,inheritance,inheritance,inheritance
1271,267,962,0.19999999999999996,0.5,0.5,18.13532651455547,7.082397003745318,20.307692307692307,451,1,50,0.2,0.5,0.5,inheritance,inheritance,inheritance
1263,276,961,0.19999999999999998,0.5,0.5,18.42755344418052,6.869565217391305,20.241415192507805,452,1,50,0.2,0.5,0.5,inheritance,inheritance,inheritance
1274,281,945,0.19999999999999996,0.5,0.5,18.558084772370485,6.765124555160142,20.372486772486774,453,1,50,0.2,0.5,0.5,inheritance,inheritance,inheritance
1285,286,929,0.19999999999999996,0.5,0.5,18.75408560311284,6.730769230769231,20.429494079655544,454,1,50,0.2,0.5,0.5,inheritance,inheritance,inheritance
1292,296,912,0.19999999999999998,0.5,0.5,18.981424148606813,6.9425675675675675,20.585526315789473,455,1,50,0.2,0.5,0.5,inheritance,inheritance,inheritance
1286,324,890,0.19999999999999998,0.5,0.5,19.204510108864696,6.66358024691358,20.641573033707864,456,1,50,0.2,0.5,0.5,inheritance,inheritance,inheritance
1283,345,872,0.19999999999999998,0.5,0.5,19.36788776305534,6.759420289855073,20.844036697247706,457,1,50,0.2,0.5,0.5,inheritance,inheritance,inheritance
1259,372,869,0.19999999999999996,0.5,0.5,19.462271644162033,6.556451612903226,21.037974683544302,458,1,50,0.2,0.5,0.5,inheritance,inheritance,inheritance
1246,388,866,0.19999999999999998,0.5,0.5,19.649277688603533,6.43298969072165,20.831408775981526,459,1,50,0.2,0.5,0.5,inheritance,inheritance,inheritance
1228,407,865,0.19999999999999998,0.5,0.5,19.9885993485342,6.398034398034398,20.797687861271676,460,1,50,0.2,0.5,0.5,inheritance,inheritance,inheritance
1215,439,846,0.2,0.5,0.5,19.91604938271605,6.462414578587699,20.833333333333332,461,1,50,0.2,0.5,0.5,inheritance,inheritance,inheritance
1207,462,831,0.19999999999999998,0.5,0.5,19.7953603976802,6.584415584415584,20.9338146811071,462,1,50,0.2,0.5,0.5,inheritance,inheritance,inheritance
1182,501,817,0.19999999999999998,0.5,0.5,19.737732656514382,6.590818363273453,21.062423500611995,463,1,50,0.2,0.5,0.5,inheritance,inheritance,inheritance
1150,540,810,0.19999999999999998,0.5,0.5,19.891304347826086,6.7444444444444445,21.18395061728395,464,1,50,0.2,0.5,0.5,inheritance,inheritance,inheritance
1126,578,796,0.19999999999999998,0.5,0.5,19.663410301953817,6.885813148788928,21.267587939698494,465,1,50,0.2,0.5,0.5,inheritance,inheritance,inheritance
1107,606,787,0.19999999999999998,0.5,0.5,19.697380307136406,7.127062706270627,21.186785260482846,466,1,50,0.2,0.5,0.5,inheritance,inheritance,inheritance
1072,633,795,0.19999999999999998,0.5,0.5,19.806902985074625,7.334913112164297,20.977358490566036,467,1,50,0.2,0.5,0.5,inheritance,inheritance,inheritance
1044,658,798,0.2,0.5,0.5,19.75383141762452,7.547112462006079,20.670426065162907,468,1,50,0.2,0.5,0.5,inheritance,inheritance,inheritance
1018,675,807,0.2,0.5,0.5,19.711198428290768,7.663703703703704,20.36802973977695,469,1,50,0.2,0.5,0.5,inheritance,inheritance,inheritance
1001,688,811,0.20000000000000004,0.5,0.5,19.563436563436564,7.976744186046512,20.223181257706536,470,1,50,0.2,0.5,0.5,inheritance,inheritance,inheritance
982,691,827,0.20000000000000004,0.5,0.5,19.54684317718941,8.41823444283647,19.85489721886336,471,1,50,0.2,0.5,0.5,inheritance,inheritance,inheritance
973,697,830,0.2,0.5,0.5,19.33093525179856,8.724533715925395,19.24578313253012,472,1,50,0.2,0.5,0.5,inheritance,inheritance,inheritance
965,683,852,0.2,0.5,0.5,18.918134715025907,8.9502196193265,18.360328638497652,473,1,50,0.2,0.5,0.5,inheritance,inheritance,inheritance
939,686,875,0.2,0.5,0.5,18.804046858359957,9.084548104956268,17.986285714285714,474,1,50,0.2,0.5,0.5,inheritance,inheritance,inheritance
912,688,900,0.20000000000000004,0.5,0.5,19.05482456140351,9.268895348837209,17.953333333333333,475,1,50,0.2,0.5,0.5,inheritance,inheritance,inheritance
907,670,923,0.20000000000000004,0.5,0.5,19.18412348401323,9.601492537313433,17.77139761646804,476,1,50,0.2,0.5,0.5,inheritance,inheritance,inheritance
906,662,932,0.2,0.5,0.5,18.79690949227373,9.765861027190333,17.200643776824034,477,1,50,0.2,0.5,0.5,inheritance,inheritance,inheritance
914,642,944,0.2,0.5,0.5,18.71553610503282,9.990654205607477,16.638771186440678,478,1,50,0.2,0.5,0.5,inheritance,inheritance,inheritance
906,641,953,0.2,0.5,0.5,18.764900662251655,10.23556942277691,16.43441762854145,479,1,50,0.2,0.5,0.5,inheritance,inheritance,inheritance
889,630,981,0.2,0.5,0.5,18.727784026996627,10.134920634920634,16.16106014271152,480,1,50,0.2,0.5,0.5,inheritance,inheritance,inheritance
879,618,1003,0.2,0.5,0.5,18.311717861205917,10.315533980582524,15.918245264207378,481,1,50,0.2,0.5,0.5,inheritance,inheritance,inheritance
886,592,1022,0.19999999999999998,0.5,0.5,18.19864559819413,10.54054054054054,15.40802348336595,482,1,50,0.2,0.5,0.5,inheritance,inheritance,inheritance
863,584,1053,0.20000000000000004,0.5,0.5,18.11239860950174,10.767123287671232,15.455840455840455,483,1,50,0.2,0.5,0.5,inheritance,inheritance,inheritance
849,568,1083,0.2,0.5,0.5,18.170789163722027,10.757042253521126,15.509695290858726,484,1,50,0.2,0.5,0.5,inheritance,inheritance,inheritance
835,551,1114,0.2,0.5,0.5,18.059880239520957,10.920145190562613,15.47307001795332,485,1,50,0.2,0.5,0.5,inheritance,inheritance,inheritance
841,530,1129,0.19999999999999998,0.5,0.5,17.304399524375743,10.875471698113207,15.131089459698849,486,1,50,0.2,0.5,0.5,inheritance,inheritance,inheritance
835,511,1154,0.2,0.5,0.5,17.337724550898205,10.978473581213308,15.187175043327557,487,1,50,0.2,0.5,0.5,inheritance,inheritance,inheritance
834,491,1175,0.2,0.5,0.5,17.148681055155876,10.926680244399185,15.06468085106383,488,1,50,0.2,0.5,0.5,inheritance,inheritance,inheritance
824,481,1195,0.2,0.5,0.5,16.851941747572816,10.883575883575883,15.030962343096235,489,1,50,0.2,0.5,0.5,inheritance,inheritance,inheritance
815,481,1204,0.2,0.5,0.5,16.750920245398774,10.632016632016631,15.068936877076412,490,1,50,0.2,0.5,0.5,inheritance,inheritance,inheritance
810,466,1224,0.2,0.5,0.5,16.575308641975308,10.53648068669528,15.200980392156863,491,1,50,0.2,0.5,0.5,inheritance,inheritance,inheritance
806,426,1268,0.19999999999999998,0.5,0.5,16.633995037220842,10.009389671361502,15.28943217665615,492,1,50,0.2,0.5,0.5,inheritance,inheritance,inheritance
809,396,1295,0.2,0.5,0.5,16.73176761433869,10.103535353535353,15.386872586872586,493,1,50,0.2,0.5,0.5,inheritance,inheritance,inheritance
811,379,1310,0.19999999999999998,0.5,0.5,16.625154130702835,9.978891820580476,15.793893129770993,494,1,50,0.2,0.5,0.5,inheritance,inheritance,inheritance
823,361,1316,0.19999999999999998,0.5,0.5,16.600243013365734,9.894736842105264,15.999240121580547,495,1,50,0.2,0.5,0.5,inheritance,inheritance,inheritance
827,343,1330,0.2,0.5,0.5,16.79081015719468,9.48396501457726,16.21654135338346,496,1,50,0.2,0.5,0.5,inheritance,inheritance,inheritance
830,333,1337,0.2,0.5,0.5,16.90722891566265,9.375375375375375,16.51832460732984,497,1,50,0.2,0.5,0.5,inheritance,inheritance,inheritance
828,332,1340,0.19999999999999998,0.5,0.5,16.704106280193237,8.816265060240964,16.871641791044777,498,1,50,0.2,0.5,0.5,inheritance,inheritance,inheritance
826,337,1337,0.19999999999999998,0.5,0.5,16.73365617433414,8.774480712166172,17.385190725504863,499,1,50,0.2,0.5,0.5,inheritance,inheritance,inheritance
804,847,849,0.2,0.5,0.5,0.0,0.0,0.0,0,2,50,0.2,0.5,0.5,inheritance,inheritance,inheritance
731,826,943,0.19999999999999998,0.5,0.5,1.0,1.0,1.0,1,2,50,0.2,0.5,0.5,inheritance,inheritance,inheritance
686,791,1023,0.19999999999999998,0.5,0.5,1.9169096209912537,1.877370417193426,1.8670576735092863,2,2,50,0.2,0.5,0.5,inheritance,inheritance,inheritance
641,773,1086,0.19999999999999998,0.5,0.5,2.7706708268330735,2.6377749029754205,2.6629834254143647,3,2,50,0.2,0.5,0.5,inheritance,inheritance,inheritance
607,711,1182,0.19999999999999996,0.5,0.5,3.543657331136738,3.338959212376934,3.3426395939086295,4,2,50,0.2,0.5,0.5,inheritance,inheritance,inheritance
583,657,1260,0.19999999999999996,0.5,0.5,4.219554030874786,3.9604261796042617,4.003174603174603,5,2,50,0.2,0.5,0.5,inheritance,inheritance,inheritance
583,564,1353,0.19999999999999996,0.5,0.5,4.861063464837049,4.620567375886525,4.583148558758315,6,2,50,0.2,0.5,0.5,inheritance,inheritance,inheritance
594,483,1423,0.19999999999999998,0.5,0.5,5.409090909090909,5.153209109730849,5.175685172171469,7,2,50,0.2,0.5,0.5,inheritance,inheritance,inheritance
624,401,1475,0.19999999999999998,0.5,0.5,5.9006410256410255,5.708229426433915,5.775593220338983,8,2,50,0.2,0.5,0.5,inheritance,inheritance,inheritance
644,344,1512,0.19999999999999998,0.5,0.5,6.315217391304348,6.034883720930233,6.377645502645502,9,2,50,0.2,0.5,0.5,inheritance,inheritance,inheritance
667,305,1528,0.19999999999999996,0.5,0.5,6.679160419790105,6.324590163934427,7.037303664921466,10,2,50,0.2,0.5,0.5,inheritance,inheritance,inheritance
694,268,1538,0.19999999999999993,0.5,0.5,7.2118155619596545,6.768656716417911,7.728218465539662,11,2,50,0.2,0.5,0.5,inheritance,inheritance,inheritance
730,251,1519,0.2,0.5,0.5,7.461643835616439,6.936254980079681,8.473337722185649,12,2,50,0.2,0.5,0.5,inheritance,inheritance,inheritance
764,234,1502,0.19999999999999998,0.5,0.5,7.824607329842932,6.94017094017094,9.173768308921439,13,2,50,0.2,0.5,0.5,inheritance,inheritance,inheritance
803,217,1480,0.19999999999999998,0.5,0.5,8.099626400996264,6.9631336405529956,9.808108108108108,14,2,50,0.2,0.5,0.5,inheritance,inheritance,inheritance
844,188,1468,0.2,0.5,0.5,8.460900473933648,6.877659574468085,10.466621253405995,15,2,50,0.2,0.5,0.5,inheritance,inheritance,inheritance
872,186,1442,0.2,0.5,0.5,8.830275229357799,6.526881720430108,11.135228848821082,16,2,50,0.2,0.5,0.5,inheritance,inheritance,inheritance
910,163,1427,0.2,0.5,0.5,9.239560439560439,6.901840490797546,11.772950245269797,17,2,50,0.2,0.5,0.5,inheritance,inheritance,inheritance
970,148,1382,0.2,0.5,0.5,9.42680412371134,6.716216216216216,12.446454413892909,18,2,50,0.2,0.5,0.5,inheritance,inheritance,inheritance
1024,150,1326,0.20000000000000004,0.5,0.5,9.6162109375,6.66,13.221719457013574,19,2,50,0.2,0.5,0.5,inheritance,inheritance,inheritance
1085,135,1280,0.19999999999999998,0.5,0.5,9.83594470046083,6.17037037037037,13.9046875,20,2,50,0.2,0.5,0.5,inheritance,inheritance,inheritance
1149,127,1224,0.19999999999999998,0.5,0.5,10.058311575282854,5.937007874015748,14.482026143790849,21,2,50,0.2,0.5,0.5,inheritance,inheritance,inheritance
1187,125,1188,0.19999999999999998,0.5,0.5,10.507160909856783,5.616,15.205387205387206,22,2,50,0.2,0.5,0.5,inheritance,inheritance,inheritance
1236,126,1138,0.19999999999999998,0.5,0.5,10.901294498381876,5.5476190476190474,15.927943760984183,23,2,50,0.2,0.5,0.5,inheritance,inheritance,inheritance
1288,134,1078,0.19999999999999998,0.5,0.5,11.296583850931677,5.843283582089552,16.708719851576994,24,2,50,0.2,0.5,0.5,inheritance,inheritance,inheritance
1330,141,1029,0.2,0.5,0.5,11.707518796992481,5.709219858156028,17.413022351797864,25,2,50,0.2,0.5,0.5,inheritance,inheritance,inheritance
1377,152,971,0.19999999999999996,0.5,0.5,12.03122730573711,5.559210526315789,17.93717816683831,26,2,50,0.2,0.5,0.5,inheritance,inheritance,inheritance
1418,153,929,0.19999999999999998,0.5,0.5,12.447108603667138,5.42483660130719,18.531754574811625,27,2,50,0.2,0.5,0.5,inheritance,inheritance,inheritance
1469,168,863,0.19999999999999996,0.5,0.5,12.720217835262083,5.261904761904762,19.20973348783314,28,2,50,0.2,0.5,0.5,inheritance,inheritance,inheritance
1504,191,805,0.19999999999999998,0.5,0.5,13.097074468085106,5.115183246073299,19.803726708074535,29,2,50,0.2,0.5,0.5,inheritance,inheritance,inheritance
1546,198,756,0.19999999999999998,0.5,0.5,13.427554980595085,5.252525252525253,20.002645502645503,30,2,50,0.2,0.5,0.5,inheritance,inheritance,inheritance
1579,216,705,0.2,0.5,0.5,13.777707409753008,5.314814814814815,20.33049645390071,31,2,50,0.2,0.5,0.5,inheritance,inheritance,inheritance
1607,222,671,0.19999999999999998,0.5,0.5,14.189794648413192,5.472972972972973,20.195230998509686,32,2,50,0.2,0.5,0.5,inheritance,inheritance,inheritance
1621,235,644,0.19999999999999998,0.5,0.5,14.689697717458358,5.56595744680851,20.141304347826086,33,2,50,0.2,0.5,0.5,inheritance,inheritance,inheritance
1651,244,605,0.20000000000000004,0.5,0.5,14.996971532404602,5.639344262295082,19.978512396694214,34,2,50,0.2,0.5,0.5,inheritance,inheritance,inheritance
1669,251,580,0.19999999999999998,0.5,0.5,15.488316357100059,5.872509960159363,19.74310344827586,35,2,50,0.2,0.5,0.5,inheritance,inheritance,inheritance
1666,275,559,0.20000000000000004,0.5,0.5,15.983193277310924,5.850909090909091,19.871198568872988,36,2,50,0.2,0.5,0.5,inheritance,inheritance,inheritance
1675,299,526,0.2,0.5,0.5,16.4,5.785953177257525,19.437262357414447,37,2,50,0.2,0.5,0.5,inheritance,inheritance,inheritance
1678,310,512,0.2,0.5,0.5,16.85518474374255,5.732258064516129,18.91796875,38,2,50,0.2,0.5,0.5,inheritance,inheritance,inheritance
1662,335,503,0.2,0.5,0.5,17.45427196149218,5.62089552238806,18.359840954274354,39,2,50,0.2,0.5,0.5,inheritance,inheritance,inheritance
1651,358,491,0.20000000000000004,0.5,0.5,18.035735917625683,5.689944134078212,17.61099796334012,40,2,50,0.2,0.5,0.5,inheritance,inheritance,inheritance
1627,376,497,0.19999999999999998,0.5,0.5,18.702519975414873,5.763297872340425,16.79476861167002,41,2,50,0.2,0.5,0.5,inheritance,inheritance,inheritance
1600,401,499,0.2,0.5,0.5,19.215625,5.693266832917706,16.288577154308616,42,2,50,0.2,0.5,0.5,inheritance,inheritance,inheritance
1592,415,493,0.19999999999999998,0.5,0.5,19.665829145728644,5.920481927710844,15.8052738336714,43,2,50,0.2,0.5,0.5,inheritance,inheritance,inheritance
1565,436,499,0.2,0.5,0.5,20.249840255591053,5.9495412844036695,15.294589178356713,44,2,50,0.2,0.5,0.5,inheritance,inheritance,inheritance
1529,455,516,0.2,0.5,0.5,20.869849574885546,6.01978021978022,14.37984496124031,45,2,50,0.2,0.5,0.5,inheritance,inheritance,inheritance
1496,472,532,0.19999999999999996,0.5,0.5,21.21524064171123,5.961864406779661,13.642857142857142,46,2,50,0.2,0.5,0.5,inheritance,inheritance,inheritance
1445,497,558,0.2,0.5,0.5,21.939792387543253,5.959758551307847,13.413978494623656,47,2,50,0.2,0.5,0.5,inheritance,inheritance,inheritance
1394,547,559,0.19999999999999996,0.5,0.5,22.27116212338594,5.903107861060329,13.132379248658319,48,2,50,0.2,0.5,0.5,inheritance,inheritance,inheritance
1348,585,567,0.19999999999999998,0.5,0.5,22.52893175074184,5.905982905982906,12.839506172839506,49,2,50,0.2,0.5,0.5,inheritance,inheritance,inheritance
1272,629,599,0.19999999999999998,0.5,0.5,23.120283018867923,5.855325914149444,12.69449081803005,50,2,50,0.2,0.5,0.5,inheritance,inheritance,inheritance
1218,650,632,0.19999999999999998,0.5,0.5,23.270114942528735,5.876923076923077,12.02373417721519,51,2,50,0.2,0.5,0.5,inheritance,inheritance,inheritance
1173,661,666,0.19999999999999998,0.5,0.5,23.704177323103153,6.039334341906203,11.684684684684685,52,2,50,0.2,0.5,0.5,inheritance,inheritance,inheritance
1127,684,689,0.19999999999999998,0.5,0.5,23.755989352262645,6.178362573099415,11.483309143686503,53,2,50,0.2,0.5,0.5,inheritance,inheritance,inheritance
1072,714,714,0.19999999999999998,0.5,0.5,23.563432835820894,6.366946778711484,11.365546218487395,54,2,50,0.2,0.5,0.5,inheritance,inheritance,inheritance
1004,763,733,0.2,0.5,0.5,23.762948207171316,6.381389252948886,11.607094133697135,55,2,50,0.2,0.5,0.5,inheritance,inheritance,inheritance
941,788,771,0.2,0.5,0.5,23.990435706695006,6.469543147208122,11.556420233463035,56,2,50,0.2,0.5,0.5,inheritance,inheritance,inheritance
893,795,812,0.19999999999999998,0.5,0.5,23.83202687569989,6.779874213836478,11.407635467980295,57,2,50,0.2,0.5,0.5,inheritance,inheritance,inheritance
848,801,851,0.20000000000000004,0.5,0.5,23.94929245283019,7.1847690387016225,11.371327849588718,58,2,50,0.2,0.5,0.5,inheritance,inheritance,inheritance
806,790,904,0.19999999999999998,0.5,0.5,23.50620347394541,7.339240506329114,11.279867256637168,59,2,50,0.2,0.5,0.5,inheritance,inheritance,inheritance
782,788,930,0.19999999999999998,0.5,0.5,22.883631713554987,7.612944162436548,11.243010752688171,60,2,50,0.2,0.5,0.5,inheritance,inheritance,inheritance
743,797,960,0.19999999999999996,0.5,0.5,23.013458950201883,7.784190715181932,11.398958333333333,61,2,50,0.2,0.5,0.5,inheritance,inheritance,inheritance
729,766,1005,0.2,0.5,0.5,22.736625514403293,8.216710182767624,11.465671641791046,62,2,50,0.2,0.5,0.5,inheritance,inheritance,inheritance
711,743,1046,0.19999999999999998,0.5,0.5,22.379746835443036,8.492597577388963,11.51338432122371,63,2,50,0.2,0.5,0.5,inheritance,inheritance,inheritance
685,724,1091,0.19999999999999996,0.5,0.5,21.6,8.701657458563536,11.571035747021082,64,2,50,0.2,0.5,0.5,inheritance,inheritance,inheritance
675,712,1113,0.19999999999999996,0.5,0.5,20.84888888888889,9.037921348314606,11.725965858041329,65,2,50,0.2,0.5,0.5,inheritance,inheritance,inheritance
645,702,1153,0.19999999999999996,0.5,0.5,20.294573643410853,9.168091168091168,12.0,66,2,50,0.2,0.5,0.5,inheritance,inheritance,inheritance
642,673,1185,0.19999999999999996,0.5,0.5,19.40809968847352,9.294205052005944,12.012658227848101,67,2,50,0.2,0.5,0.5,inheritance,inheritance,inheritance
633,641,1226,0.19999999999999996,0.5,0.5,18.799368088467613,9.611544461778472,12.207177814029365,68,2,50,0.2,0.5,0.5,inheritance,inheritance,inheritance
636,601,1263,0.19999999999999998,0.5,0.5,18.235849056603772,9.760399334442596,12.346793349168646,69,2,50,0.2,0.5,0.5,inheritance,inheritance,inheritance
639,559,1302,0.19999999999999998,0.5,0.5,17.53677621283255,9.785330948121645,12.376344086021506,70,2,50,0.2,0.5,0.5,inheritance,inheritance,inheritance
650,511,1339,0.19999999999999996,0.5,0.5,16.647692307692306,9.931506849315069,12.490664675130695,71,2,50,0.2,0.5,0.5,inheritance,inheritance,inheritance
664,449,1387,0.19999999999999998,0.5,0.5,16.396084337349397,10.244988864142538,12.501802451333814,72,2,50,0.2,0.5,0.5,inheritance,inheritance,inheritance
678,423,1399,0.19999999999999996,0.5,0.5,16.23008849557522,10.456264775413711,12.844889206576125,73,2,50,0.2,0.5,0.5,inheritance,inheritance,inheritance
687,388,1425,0.19999999999999996,0.5,0.5,15.751091703056769,10.31958762886598,13.131929824561404,74,2,50,0.2,0.5,0.5,inheritance,inheritance,inheritance
713,338,1449,0.19999999999999996,0.5,0.5,15.290322580645162,10.366863905325443,13.309178743961352,75,2,50,0.2,0.5,0.5,inheritance,inheritance,inheritance
724,296,1480,0.19999999999999998,0.5,0.5,14.92817679558011,10.121621621621621,13.5,76,2,50,0.2,0.5,0.5,inheritance,inheritance,inheritance
744,270,1486,0.19999999999999998,0.5,0.5,15.076612903225806,9.77037037037037,14.035666218034994,77,2,50,0.2,0.5,0.5,inheritance,inheritance,inheritance
765,251,1484,0.19999999999999996,0.5,0.5,14.860130718954249,9.896414342629482,14.547169811320755,78,2,50,0.2,0.5,0.5,inheritance,inheritance,inheritance
793,212,1495,0.20000000000000004,0.5,0.5,14.744010088272383,9.547169811320755,14.832775919732441,79,2,50,0.2,0.5,0.5,inheritance,inheritance,inheritance
808,210,1482,0.19999999999999998,0.5,0.5,14.964108910891088,9.09047619047619,15.43792172739541,80,2,50,0.2,0.5,0.5,inheritance,inheritance,inheritance
847,195,1458,0.19999999999999998,0.5,0.5,14.913813459268004,8.189743589743589,15.796982167352537,81,2,50,0.2,0.5,0.5,inheritance,inheritance,inheritance
872,188,1440,0.2,0.5,0.5,14.863532110091743,7.696808510638298,16.40625,82,2,50,0.2,0.5,0.5,inheritance,inheritance,inheritance
903,178,1419,0.20000000000000004,0.5,0.5,14.928017718715394,7.320224719101123,16.83368569415081,83,2,50,0.2,0.5,0.5,inheritance,inheritance,inheritance
928,172,1400,0.2,0.5,0.5,15.12823275862069,7.069767441860465,17.340714285714284,84,2,50,0.2,0.5,0.5,inheritance,inheritance,inheritance
947,173,1380,0.20000000000000004,0.5,0.5,15.232312565997889,6.6531791907514455,17.804347826086957,85,2,50,0.2,0.5,0.5,inheritance,inheritance,inheritance
978,165,1357,0.2,0.5,0.5,15.281186094069529,6.63030303030303,18.243920412675017,86,2,50,0.2,0.5,0.5,inheritance,inheritance,inheritance
1007,155,1338,0.20000000000000004,0.5,0.5,15.548162859980138,6.606451612903226,18.772795216741404,87,2,50,0.2,0.5,0.5,inheritance,inheritance,inheritance
1021,159,1320,0.2,0.5,0.5,15.625857002938297,5.748427672955975,19.299242424242426,88,2,50,0.2,0.5,0.5,inheritance,inheritance,inheritance
1062,165,1273,0.19999999999999998,0.5,0.5,15.645009416195856,6.006060606060606,19.859387274155537,89,2,50,0.2,0.5,0.5,inheritance,inheritance,inheritance
1092,166,1242,0.19999999999999998,0.5,0.5,15.840659340659341,5.9397590361445785,20.221417069243156,90,2,50,0.2,0.5,0.5,inheritance,inheritance,inheritance
1125,176,1199,0.19999999999999996,0.5,0.5,15.781333333333333,5.681818181818182,20.85904920767306,91,2,50,0.2,0.5,0.5,inheritance,inheritance,inheritance
1172,185,1143,0.19999999999999998,0.5,0.5,15.587883959044369,5.756756756756757,21.184601924759406,92,2,50,0.2,0.5,0.5,inheritance,inheritance,inheritance
1230,176,1094,0.2,0.5,0.5,15.520325203252032,6.034090909090909,21.415904936014627,93,2,50,0.2,0.5,0.5,inheritance,inheritance,inheritance
1255,193,1052,0.19999999999999998,0.5,0.5,15.647011952191235,5.7979274611398965,21.880228136882128,94,2,50,0.2,0.5,0.5,inheritance,inheritance,inheritance
1289,188,1023,0.19999999999999996,0.5,0.5,15.951124903025601,5.707446808510638,22.260019550342133,95,2,50,0.2,0.5,0.5,inheritance,inheritance,inheritance
1317,186,997,0.19999999999999998,0.5,0.5,16.12832194381169,5.559139784946237,22.421263791374123,96,2,50,0.2,0.5,0.5,inheritance,inheritance,inheritance
1343,206,951,0.19999999999999998,0.5,0.5,16.239017125837677,5.402912621359223,22.917981072555204,97,2,50,0.2,0.5,0.5,inheritance,inheritance,inheritance
1345,235,920,0.19999999999999996,0.5,0.5,16.462453531598513,5.336170212765958,23.417391304347827,98,2,50,0.2,0.5,0.5,inheritance,inheritance,inheritance
1357,257,886,0.19999999999999998,0.5,0.5,16.55858511422255,5.330739299610895,23.62076749435666,99,2,50,0.2,0.5,0.5,inheritance,inheritance,inheritance
1363,270,867,0.19999999999999993,0.5,0.5,16.907556859867938,5.348148148148148,23.853517877739332,100,2,50,0.2,0.5,0.5,inheritance,inheritance,inheritance
1380,277,843,0.19999999999999996,0.5,0.5,17.22463768115942,5.588447653429603,24.013048635824436,101,2,50,0.2,0.5,0.5,inheritance,inheritance,inheritance
1383,289,828,0.19999999999999993,0.5,0.5,17.542299349240782,5.678200692041522,24.07729468599034,102,2,50,0.2,0.5,0.5,inheritance,inheritance,inheritance
1394,298,808,0.19999999999999996,0.5,0.5,17.86083213773314,5.775167785234899,24.03589108910891,103,2,50,0.2,0.5,0.5,inheritance,inheritance,inheritance
1388,322,790,0.19999999999999993,0.5,0.5,18.240634005763688,5.947204968944099,24.164556962025316,104,2,50,0.2,0.5,0.5,inheritance,inheritance,inheritance
1385,352,763,0.19999999999999996,0.5,0.5,18.36678700361011,5.9772727272727275,24.39711664482307,105,2,50,0.2,0.5,0.5,inheritance,inheritance,inheritance
1387,366,747,0.19999999999999998,0.5,0.5,18.630857966834895,6.040983606557377,24.14859437751004,106,2,50,0.2,0.5,0.5,inheritance,inheritance,inheritance
1381,399,720,0.19999999999999996,0.5,0.5,18.729181752353366,5.987468671679198,24.12361111111111,107,2,50,0.2,0.5,0.5,inheritance,inheritance,inheritance
1363,417,720,0.19999999999999993,0.5,0.5,18.96698459280998,5.952038369304557,23.458333333333332,108,2,50,0.2,0.5,0.5,inheritance,inheritance,inheritance
1350,434,716,0.19999999999999996,0.5,0.5,18.965185185185184,5.942396313364055,22.636871508379887,109,2,50,0.2,0.5,0.5,inheritance,inheritance,inheritance
1322,456,722,0.19999999999999998,0.5,0.5,19.077912254160363,5.815789473684211,21.900277008310248,110,2,50,0.2,0.5,0.5,inheritance,inheritance,inheritance
1272,495,733,0.19999999999999998,0.5,0.5,19.46698113207547,5.6767676767676765,21.390177353342427,111,2,50,0.2,0.5,0.5,inheritance,inheritance,inheritance
1251,503,746,0.19999999999999996,0.5,0.5,19.730615507593924,6.00596421471173,20.812332439678283,112,2,50,0.2,0.5,0.5,inheritance,inheritance,inheritance
1231,510,759,0.19999999999999998,0.5,0.5,19.589764419171406,5.984313725490196,19.69038208168643,113,2,50,0.2,0.5,0.5,inheritance,inheritance,inheritance
1216,501,783,0.19999999999999998,0.5,0.5,19.82483552631579,6.043912175648702,18.565772669220944,114,2,50,0.2,0.5,0.5,inheritance,inheritance,inheritance
1190,501,809,0.2,0.5,0.5,19.88403361344538,5.978043912175648,17.77750309023486,115,2,50,0.2,0.5,0.5,inheritance,inheritance,inheritance
1177,501,822,0.19999999999999998,0.5,0.5,20.07391673746814,6.12375249500998,17.282238442822383,116,2,50,0.2,0.5,0.5,inheritance,inheritance,inheritance
1147,504,849,0.19999999999999998,0.5,0.5,20.190932868352224,6.156746031746032,16.918727915194346,117,2,50,0.2,0.5,0.5,inheritance,inheritance,inheritance
1130,501,869,0.19999999999999998,0.5,0.5,20.353982300884955,6.269461077844311,16.390103567318757,118,2,50,0.2,0.5,0.5,inheritance,inheritance,inheritance
1123,499,878,0.19999999999999998,0.5,0.5,20.175422974176314,6.320641282565131,16.173120728929383,119,2,50,0.2,0.5,0.5,inheritance,inheritance,inheritance
1097,498,905,0.19999999999999998,0.5,0.5,20.186873290793073,6.389558232931727,15.552486187845304,120,2,50,0.2,0.5,0.5,inheritance,inheritance,inheritance
1075,505,920,0.19999999999999998,0.5,0.5,20.073488372093024,6.2732673267326735,15.425,121,2,50,0.2,0.5,0.5,inheritance,inheritance,inheritance
1048,516,936,0.19999999999999998,0.5,0.5,19.984732824427482,6.327519379844961,15.198717948717949,122,2,50,0.2,0.5,0.5,inheritance,inheritance,inheritance
1034,516,950,0.2,0.5,0.5,19.540618955512574,6.346899224806202,14.78,123,2,50,0.2,0.5,0.5,inheritance,inheritance,inheritance
1006,532,962,0.2,0.5,0.5,19.726640159045726,6.443609022556391,14.698544698544698,124,2,50,0.2,0.5,0.5,inheritance,inheritance,inheritance
999,519,982,0.2,0.5,0.5,19.8018018018018,6.601156069364162,14.376782077393075,125,2,50,0.2,0.5,0.5,inheritance,inheritance,inheritance
987,514,999,0.20000000000000004,0.5,0.5,19.797365754812564,6.770428015564202,14.35935935935936,126,2,50,0.2,0.5,0.5,inheritance,inheritance,inheritance
966,520,1014,0.20000000000000004,0.5,0.5,19.8944099378882,6.844230769230769,14.05818540433925,127,2,50,0.2,0.5,0.5,inheritance,inheritance,inheritance
966,508,1026,0.20000000000000004,0.5,0.5,19.591097308488614,7.0078740157480315,13.903508771929825,128,2,50,0.2,0.5,0.5,inheritance,inheritance,inheritance
953,512,1035,0.2,0.5,0.5,19.625393494228753,7.376953125,14.081159420289856,129,2,50,0.2,0.5,0.5,inheritance,inheritance,inheritance
941,489,1070,0.2,0.5,0.5,19.684378320935174,7.404907975460123,13.763551401869158,130,2,50,0.2,0.5,0.5,inheritance,inheritance,inheritance
948,461,1091,0.2,0.5,0.5,19.36181434599156,7.511930585683297,13.882676443629698,131,2,50,0.2,0.5,0.5,inheritance,inheritance,inheritance
934,452,1114,0.2,0.5,0.5,19.096359743040686,7.451327433628318,13.811490125673249,132,2,50,0.2,0.5,0.5,inheritance,inheritance,inheritance
936,446,1118,0.2,0.5,0.5,18.66346153846154,7.426008968609866,14.064400715563506,133,2,50,0.2,0.5,0.5,inheritance,inheritance,inheritance
921,451,1128,0.20000000000000004,0.5,0.5,18.526601520086864,7.583148558758315,14.407801418439716,134,2,50,0.2,0.5,0.5,inheritance,inheritance,inheritance
921,453,1126,0.20000000000000004,0.5,0.5,18.281216069489684,7.679911699779249,14.66607460035524,135,2,50,0.2,0.5,0.5,inheritance,inheritance,inheritance
918,436,1146,0.2,0.5,0.5,18.209150326797385,7.662844036697248,14.849912739965095,136,2,50,0.2,0.5,0.5,inheritance,inheritance,inheritance
920,436,1144,0.20000000000000004,0.5,0.5,17.904347826086955,7.5504587155963305,14.979020979020978,137,2,50,0.2,0.5,0.5,inheritance,inheritance,inheritance
919,427,1154,0.2,0.5,0.5,17.889009793253535,7.707259953161593,15.170710571923744,138,2,50,0.2,0.5,0.5,inheritance,inheritance,inheritance
909,424,1167,0.2,0.5,0.5,17.67106710671067,7.620283018867925,15.371036846615253,139,2,50,0.2,0.5,0.5,inheritance,inheritance,inheritance
907,409,1184,0.20000000000000004,0.5,0.5,17.426681367144432,7.601466992665037,15.642736486486486,140,2,50,0.2,0.5,0.5,inheritance,inheritance,inheritance
909,388,1203,0.2,0.5,0.5,17.432343234323433,7.842783505154639,15.933499584372402,141,2,50,0.2,0.5,0.5,inheritance,inheritance,inheritance
898,392,1210,0.20000000000000004,0.5,0.5,17.5913140311804,7.698979591836735,16.26776859504132,142,2,50,0.2,0.5,0.5,inheritance,inheritance,inheritance
898,391,1211,0.20000000000000004,0.5,0.5,17.419821826280625,7.608695652173913,16.416184971098264,143,2,50,0.2,0.5,0.5,inheritance,inheritance,inheritance
906,385,1209,0.2,0.5,0.5,16.997792494481235,7.376623376623376,16.49462365591398,144,2,50,0.2,0.5,0.5,inheritance,inheritance,inheritance
919,383,1198,0.2,0.5,0.5,16.97170837867247,7.29242819843342,16.86727879799666,145,2,50,0.2,0.5,0.5,inheritance,inheritance,inheritance
917,386,1197,0.20000000000000004,0.5,0.5,16.508178844056708,7.124352331606218,16.949874686716793,146,2,50,0.2,0.5,0.5,inheritance,inheritance,inheritance
917,391,1192,0.20000000000000004,0.5,0.5,16.354416575790623,7.132992327365729,17.243288590604028,147,2,50,0.2,0.5,0.5,inheritance,inheritance,inheritance
933,380,1187,0.2,0.5,0.5,15.946409431939978,7.078947368421052,17.225779275484413,148,2,50,0.2,0.5,0.5,inheritance,inheritance,inheritance
949,364,1187,0.2,0.5,0.5,15.791359325605901,7.082417582417582,17.355518112889637,149,2,50,0.2,0.5,0.5,inheritance,inheritance,inheritance
949,356,1195,0.2,0.5,0.5,15.780821917808218,6.806179775280899,17.454393305439332,150,2,50,0.2,0.5,0.5,inheritance,inheritance,inheritance
953,368,1179,0.2,0.5,0.5,15.520461699895069,6.942934782608695,17.729431721798132,151,2,50,0.2,0.5,0.5,inheritance,inheritance,inheritance
967,364,1169,0.20000000000000004,0.5,0.5,15.196483971044467,6.730769230769231,17.70316509837468,152,2,50,0.2,0.5,0.5,inheritance,inheritance,inheritance
982,371,1147,0.20000000000000004,0.5,0.5,15.156822810590631,7.113207547169812,17.844812554489973,153,2,50,0.2,0.5,0.5,inheritance,inheritance,inheritance
978,387,1135,0.2,0.5,0.5,15.315950920245399,7.237726098191215,18.211453744493394,154,2,50,0.2,0.5,0.5,inheritance,inheritance,inheritance
979,386,1135,0.20000000000000004,0.5,0.5,15.21450459652707,7.341968911917099,18.30044052863436,155,2,50,0.2,0.5,0.5,inheritance,inheritance,inheritance
981,389,1130,0.2,0.5,0.5,15.295616717635067,7.32133676092545,18.261061946902654,156,2,50,0.2,0.5,0.5,inheritance,inheritance,inheritance
994,398,1108,0.2,0.5,0.5,15.33400402414487,7.507537688442211,18.532490974729242,157,2,50,0.2,0.5,0.5,inheritance,inheritance,inheritance
1003,394,1103,0.2,0.5,0.5,15.59322033898305,7.855329949238579,18.640072529465094,158,2,50,0.2,0.5,0.5,inheritance,inheritance,inheritance
1000,383,1117,0.20000000000000004,0.5,0.5,15.773,7.751958224543081,18.467323187108327,159,2,50,0.2,0.5,0.5,inheritance,inheritance,inheritance
1008,384,1108,0.2,0.5,0.5,15.853174603174603,7.6953125,18.67057761732852,160,2,50,0.2,0.5,0.5,inheritance,inheritance,inheritance
1006,394,1100,0.2,0.5,0.5,16.118290258449303,7.758883248730965,19.003636363636364,161,2,50,0.2,0.5,0.5,inheritance,inheritance,inheritance
1004,406,1090,0.2,0.5,0.5,15.97808764940239,7.66256157635468,18.996330275229358,162,2,50,0.2,0.5,0.5,inheritance,inheritance,inheritance
1025,377,1098,0.20000000000000007,0.5,0.5,16.105365853658537,7.644562334217507,18.569216757741348,163,2,50,0.2,0.5,0.5,inheritance,inheritance,inheritance
1016,392,1092,0.20000000000000004,0.5,0.5,16.0748031496063,7.150510204081633,18.576923076923077,164,2,50,0.2,0.5,0.5,inheritance,inheritance,inheritance
1002,411,1087,0.20000000000000004,0.5,0.5,16.273453093812375,7.094890510948905,18.833486660533577,165,2,50,0.2,0.5,0.5,inheritance,inheritance,inheritance
1009,411,1080,0.2,0.5,0.5,16.377601585728446,7.291970802919708,19.025925925925925,166,2,50,0.2,0.5,0.5,inheritance,inheritance,inheritance
1008,402,1090,0.2,0.5,0.5,16.427579365079364,7.052238805970149,18.86422018348624,167,2,50,0.2,0.5,0.5,inheritance,inheritance,inheritance
1002,405,1093,0.20000000000000004,0.5,0.5,16.499001996007983,7.106172839506173,18.94967978042086,168,2,50,0.2,0.5,0.5,inheritance,inheritance,inheritance
1000,407,1093,0.20000000000000004,0.5,0.5,16.548,7.1891891891891895,19.042086001829826,169,2,50,0.2,0.5,0.5,inheritance,inheritance,inheritance
1003,411,1086,0.2,0.5,0.5,16.437686939182452,7.0510948905109485,19.02670349907919,170,2,50,0.2,0.5,0.5,inheritance,inheritance,inheritance
1023,381,1096,0.2,0.5,0.5,16.418377321603128,7.354330708661418,18.570255474452555,171,2,50,0.2,0.5,0.5,inheritance,inheritance,inheritance
1011,402,1087,0.2,0.5,0.5,16.48862512363996,7.318407960199005,18.92824287028519,172,2,50,0.2,0.5,0.5,inheritance,inheritance,inheritance
1015,396,1089,0.2,0.5,0.5,16.400985221674876,7.565656565656566,18.82736455463728,173,2,50,0.2,0.5,0.5,inheritance,inheritance,inheritance
1019,400,1081,0.2,0.5,0.5,16.554465161923453,7.515,18.954671600370027,174,2,50,0.2,0.5,0.5,inheritance,inheritance,inheritance
1018,399,1083,0.2,0.5,0.5,16.703339882121806,7.461152882205514,18.9612188365651,175,2,50,0.2,0.5,0.5,inheritance,inheritance,inheritance
1019,394,1087,0.2,0.5,0.5,16.84494602551521,7.944162436548224,19.063477460901563,176,2,50,0.2,0.5,0.5,inheritance,inheritance,inheritance
1030,384,1086,0.20000000000000004,0.5,0.5,16.963106796116506,8.049479166666666,19.035911602209946,177,2,50,0.2,0.5,0.5,inheritance,inheritance,inheritance
1042,376,1082,0.2,0.5,0.5,17.049904030710174,8.15159574468085,18.963955637707947,178,2,50,0.2,0.5,0.5,inheritance,inheritance,inheritance
1054,337,1109,0.2,0.5,0.5,17.344402277039848,8.15727002967359,18.58791704238052,179,2,50,0.2,0.5,0.5,inheritance,inheritance,inheritance
1060,313,1127,0.2,0.5,0.5,17.49056603773585,8.115015974440894,18.195208518189883,180,2,50,0.2,0.5,0.5,inheritance,inheritance,inheritance
1065,287,1148,0.2,0.5,0.5,17.892018779342724,8.041811846689896,18.16376306620209,181,2,50,0.2,0.5,0.5,inheritance,inheritance,inheritance
1077,291,1132,0.19999999999999998,0.5,0.5,17.899721448467968,7.8006872852233675,18.287102473498233,182,2,50,0.2,0.5,0.5,inheritance,inheritance,inheritance
1076,291,1133,0.19999999999999998,0.5,0.5,18.12825278810409,7.443298969072165,18.312444836716683,183,2,50,0.2,0.5,0.5,inheritance,inheritance,inheritance
1071,287,1142,0.19999999999999998,0.5,0.5,18.42016806722689,6.878048780487805,18.328371278458842,184,2,50,0.2,0.5,0.5,inheritance,inheritance,inheritance
1085,272,1143,0.19999999999999998,0.5,0.5,18.82857142857143,7.106617647058823,18.565179352580927,185,2,50,0.2,0.5,0.5,inheritance,inheritance,inheritance
1093,265,1142,0.19999999999999996,0.5,0.5,19.09789569990851,6.966037735849056,18.741681260945708,186,2,50,0.2,0.5,0.5,inheritance,inheritance,inheritance
1093,273,1134,0.19999999999999996,0.5,0.5,19.32021957913998,6.695970695970696,19.214285714285715,187,2,50,0.2,0.5,0.5,inheritance,inheritance,inheritance
1098,270,1132,0.19999999999999996,0.5,0.5,19.38615664845173,6.503703703703704,19.35512367491166,188,2,50,0.2,0.5,0.5,inheritance,inheritance,inheritance
1118,259,1123,0.19999999999999998,0.5,0.5,19.27906976744186,6.22007722007722,19.476402493321462,189,2,50,0.2,0.5,0.5,inheritance,inheritance,inheritance
1124,261,1115,0.19999999999999996,0.5,0.5,19.389679715302492,5.984674329501916,19.48878923766816,190,2,50,0.2,0.5,0.5,inheritance,inheritance,inheritance
1126,266,1108,0.19999999999999998,0.5,0.5,19.482238010657195,5.909774436090226,19.879061371841154,191,2,50,0.2,0.5,0.5,inheritance,inheritance,inheritance
1150,259,1091,0.19999999999999998,0.5,0.5,19.43391304347826,5.976833976833976,19.922089825847845,192,2,50,0.2,0.5,0.5,inheritance,inheritance,inheritance
1148,276,1076,0.19999999999999998,0.5,0.5,19.25,5.601449275362318,20.107806691449813,193,2,50,0.2,0.5,0.5,inheritance,inheritance,inheritance
1143,290,1067,0.19999999999999998,0.5,0.5,19.090113735783028,5.275862068965517,20.275538894095597,194,2,50,0.2,0.5,0.5,inheritance,inheritance,inheritance
1152,311,1037,0.19999999999999998,0.5,0.5,18.94357638888889,5.485530546623794,20.64030858244937,195,2,50,0.2,0.5,0.5,inheritance,inheritance,inheritance
1164,318,1018,0.19999999999999998,0.5,0.5,18.924398625429554,5.7578616352201255,20.782907662082515,196,2,50,0.2,0.5,0.5,inheritance,inheritance,inheritance
1170,325,1005,0.19999999999999998,0.5,0.5,18.766666666666666,6.067692307692307,20.555223880597016,197,2,50,0.2,0.5,0.5,inheritance,inheritance,inheritance
1193,325,982,0.19999999999999998,0.5,0.5,18.68734283319363,6.12,20.596741344195518,198,2,50,0.2,0.5,0.5,inheritance,inheritance,inheritance
1186,340,974,0.19999999999999998,0.5,0.5,18.829679595278247,6.302941176470588,20.973305954825463,199,2,50,0.2,0.5,0.5,inheritance,inheritance,inheritance
1201,348,951,0.19999999999999998,0.5,0.5,18.780183180682766,6.419540229885057,21.153522607781284,200,2,50,0.2,0.5,0.5,inheritance,inheritance,inheritance
1213,346,941,0.19999999999999998,0.5,0.5,18.84171475680132,6.589595375722543,21.128586609989373,201,2,50,0.2,0.5,0.5,inheritance,inheritance,inheritance
1218,351,931,0.19999999999999998,0.5,0.5,18.99425287356322,6.652421652421652,21.063372717508056,202,2,50,0.2,0.5,0.5,inheritance,inheritance,inheritance
1228,362,910,0.19999999999999998,0.5,0.5,19.107491856677523,6.814917127071824,20.936263736263736,203,2,50,0.2,0.5,0.5,inheritance,inheritance,inheritance
1230,366,904,0.2,0.5,0.5,19.152845528455284,6.868852459016393,20.96570796460177,204,2,50,0.2,0.5,0.5,inheritance,inheritance,inheritance
1226,387,887,0.19999999999999998,0.5,0.5,19.47226753670473,7.062015503875969,21.076662908680948,205,2,50,0.2,0.5,0.5,inheritance,inheritance,inheritance
1219,402,879,0.19999999999999998,0.5,0.5,19.782608695652176,6.975124378109452,21.08418657565415,206,2,50,0.2,0.5,0.5,inheritance,inheritance,inheritance
1215,417,868,0.2,0.5,0.5,19.82962962962963,7.074340527577938,20.723502304147466,207,2,50,0.2,0.5,0.5,inheritance,inheritance,inheritance
1218,420,862,0.19999999999999998,0.5,0.5,19.861247947454842,6.914285714285715,20.192575406032482,208,2,50,0.2,0.5,0.5,inheritance,inheritance,inheritance
1228,420,852,0.19999999999999998,0.5,0.5,19.907166123778502,6.957142857142857,19.600938967136152,209,2,50,0.2,0.5,0.5,inheritance,inheritance,inheritance
1235,417,848,0.19999999999999998,0.5,0.5,20.004048582995953,7.091127098321343,19.379716981132077,210,2,50,0.2,0.5,0.5,inheritance,inheritance,inheritance
1227,412,861,0.19999999999999998,0.5,0.5,20.10920945395273,7.225728155339806,19.008130081300813,211,2,50,0.2,0.5,0.5,inheritance,inheritance,inheritance
1211,421,868,0.19999999999999998,0.5,0.5,20.445912469033857,7.1520190023752965,18.90437788018433,212,2,50,0.2,0.5,0.5,inheritance,inheritance,inheritance
1195,446,859,0.2,0.5,0.5,20.590794979079497,7.165919282511211,18.954598370197903,213,2,50,0.2,0.5,0.5,inheritance,inheritance,inheritance
1184,453,863,0.19999999999999998,0.5,0.5,20.688344594594593,7.227373068432671,18.88991888760139,214,2,50,0.2,0.5,0.5,inheritance,inheritance,inheritance
1175,471,854,0.19999999999999998,0.5,0.5,20.691063829787232,7.131634819532909,18.830210772833723,215,2,50,0.2,0.5,0.5,inheritance,inheritance,inheritance
1152,490,858,0.19999999999999998,0.5,0.5,20.69878472222222,6.951020408163266,18.64801864801865,216,2,50,0.2,0.5,0.5,inheritance,inheritance,inheritance
1138,505,857,0.19999999999999998,0.5,0.5,20.7908611599297,7.0495049504950495,18.29521586931155,217,2,50,0.2,0.5,0.5,inheritance,inheritance,inheritance
1138,504,858,0.19999999999999998,0.5,0.5,20.739894551845342,7.2063492063492065,17.85198135198135,218,2,50,0.2,0.5,0.5,inheritance,inheritance,inheritance
1129,498,873,0.19999999999999996,0.5,0.5,20.83525243578388,7.481927710843373,17.538373424971365,219,2,50,0.2,0.5,0.5,inheritance,inheritance,inheritance
1132,493,875,0.19999999999999998,0.5,0.5,20.704063604240282,7.62474645030426,17.328,220,2,50,0.2,0.5,0.5,inheritance,inheritance,inheritance
1124,497,879,0.19999999999999996,0.5,0.5,20.833629893238435,7.810865191146881,17.0773606370876,221,2,50,0.2,0.5,0.5,inheritance,inheritance,inheritance
1115,494,891,0.19999999999999998,0.5,0.5,20.971300448430494,8.107287449392713,16.542087542087543,222,2,50,0.2,0.5,0.5,inheritance,inheritance,inheritance
1105,489,906,0.19999999999999996,0.5,0.5,20.92579185520362,8.220858895705522,16.518763796909493,223,2,50,0.2,0.5,0.5,inheritance,inheritance,inheritance
1105,475,920,0.19999999999999996,0.5,0.5,21.002714932126697,8.410526315789474,16.029347826086955,224,2,50,0.2,0.5,0.5,inheritance,inheritance,inheritance
1113,465,922,0.19999999999999996,0.5,0.5,21.07906558849955,8.505376344086022,15.86008676789588,225,2,50,0.2,0.5,0.5,inheritance,inheritance,inheritance
1104,464,932,0.19999999999999996,0.5,0.5,20.972826086956523,8.379310344827585,15.67167381974249,226,2,50,0.2,0.5,0.5,inheritance,inheritance,inheritance
1086,458,956,0.19999999999999996,0.5,0.5,21.11878453038674,8.078602620087336,15.358786610878662,227,2,50,0.2,0.5,0.5,inheritance,inheritance,inheritance
1081,449,970,0.19999999999999998,0.5,0.5,21.046253469010175,7.748329621380846,15.228865979381442,228,2,50,0.2,0.5,0.5,inheritance,inheritance,inheritance
1053,447,1000,0.19999999999999998,0.5,0.5,21.07977207977208,7.720357941834452,15.097,229,2,50,0.2,0.5,0.5,inheritance,inheritance,inheritance
1039,438,1023,0.2,0.5,0.5,21.340712223291625,7.700913242009133,15.116324535679375,230,2,50,0.2,0.5,0.5,inheritance,inheritance,inheritance
1036,415,1049,0.20000000000000004,0.5,0.5,21.392857142857142,7.7614457831325305,14.887511916110581,231,2,50,0.2,0.5,0.5,inheritance,inheritance,inheritance
1020,407,1073,0.20000000000000004,0.5,0.5,21.676470588235293,7.749385749385749,15.07269338303821,232,2,50,0.2,0.5,0.5,inheritance,inheritance,inheritance
998,420,1082,0.2,0.5,0.5,21.839679358717436,7.7214285714285715,15.307763401109057,233,2,50,0.2,0.5,0.5,inheritance,inheritance,inheritance
990,412,1098,0.20000000000000004,0.5,0.5,21.825252525252527,7.570388349514563,15.361566484517304,234,2,50,0.2,0.5,0.5,inheritance,inheritance,inheritance
970,399,1131,0.2,0.5,0.5,22.25979381443299,7.413533834586466,15.47922192749779,235,2,50,0.2,0.5,0.5,inheritance,inheritance,inheritance
951,411,1138,0.2,0.5,0.5,22.43007360672976,7.469586374695864,15.765377855887522,236,2,50,0.2,0.5,0.5,inheritance,inheritance,inheritance
947,419,1134,0.20000000000000004,0.5,0.5,22.237592397043294,7.4463007159904535,16.08730158730159,237,2,50,0.2,0.5,0.5,inheritance,inheritance,inheritance
929,434,1137,0.2,0.5,0.5,22.085037674919267,7.320276497695852,16.539138082673702,238,2,50,0.2,0.5,0.5,inheritance,inheritance,inheritance
909,437,1154,0.2,0.5,0.5,22.053905390539054,7.389016018306636,16.795493934142115,239,2,50,0.2,0.5,0.5,inheritance,inheritance,inheritance
883,446,1171,0.20000000000000004,0.5,0.5,21.44167610419026,6.820627802690583,16.905209222886423,240,2,50,0.2,0.5,0.5,inheritance,inheritance,inheritance
863,447,1190,0.20000000000000004,0.5,0.5,21.314020857473928,6.697986577181208,17.06890756302521,241,2,50,0.2,0.5,0.5,inheritance,inheritance,inheritance
861,434,1205,0.2,0.5,0.5,20.89779326364692,6.831797235023042,17.08630705394191,242,2,50,0.2,0.5,0.5,inheritance,inheritance,inheritance
841,454,1205,0.19999999999999998,0.5,0.5,19.806183115338882,6.665198237885463,17.33278008298755,243,2,50,0.2,0.5,0.5,inheritance,inheritance,inheritance
828,454,1218,0.19999999999999998,0.5,0.5,19.015700483091788,6.458149779735683,17.482758620689655,244,2,50,0.2,0.5,0.5,inheritance,inheritance,inheritance
802,465,1233,0.2,0.5,0.5,18.73441396508728,6.541935483870968,17.856447688564476,245,2,50,0.2,0.5,0.5,inheritance,inheritance,inheritance
791,485,1224,0.19999999999999998,0.5,0.5,17.991150442477878,6.606185567010309,18.0718954248366,246,2,50,0.2,0.5,0.5,inheritance,inheritance,inheritance
781,480,1239,0.19999999999999998,0.5,0.5,17.437900128040972,6.720833333333333,18.301049233252623,247,2,50,0.2,0.5,0.5,inheritance,inheritance,inheritance
779,479,1242,0.2,0.5,0.5,16.866495507060336,6.807933194154488,18.31159420289855,248,2,50,0.2,0.5,0.5,inheritance,inheritance,inheritance
771,485,1244,0.19999999999999998,0.5,0.5,16.291828793774318,6.9628865979381445,18.562700964630224,249,2,50,0.2,0.5,0.5,inheritance,inheritance,inheritance
771,467,1262,0.19999999999999998,0.5,0.5,16.00129701686122,7.0963597430406855,18.736925515055468,250,2,50,0.2,0.5,0.5,inheritance,inheritance,inheritance
763,468,1269,0.19999999999999998,0.5,0.5,15.661861074705111,7.188034188034188,18.896769109535068,251,2,50,0.2,0.5,0.5,inheritance,inheritance,inheritance
770,453,1277,0.2,0.5,0.5,15.342857142857143,7.456953642384106,18.970242756460454,252,2,50,0.2,0.5,0.5,inheritance,inheritance,inheritance
793,440,1267,0.20000000000000004,0.5,0.5,15.255989911727617,7.7727272727272725,19.316495659037095,253,2,50,0.2,0.5,0.5,inheritance,inheritance,inheritance
788,434,1278,0.19999999999999998,0.5,0.5,15.110406091370558,7.907834101382488,19.513302034428794,254,2,50,0.2,0.5,0.5,inheritance,inheritance,inheritance
781,405,1314,0.19999999999999998,0.5,0.5,15.284250960307299,7.88641975308642,19.330289193302892,255,2,50,0.2,0.5,0.5,inheritance,inheritance,inheritance
798,367,1335,0.19999999999999998,0.5,0.5,15.456140350877194,8.168937329700272,19.423970037453184,256,2,50,0.2,0.5,0.5,inheritance,inheritance,inheritance
825,346,1329,0.2,0.5,0.5,15.364848484848485,8.627167630057803,19.54176072234763,257,2,50,0.2,0.5,0.5,inheritance,inheritance,inheritance
848,320,1332,0.20000000000000004,0.5,0.5,15.580188679245284,9.028125,19.602852852852852,258,2,50,0.2,0.5,0.5,inheritance,inheritance,inheritance
856,302,1342,0.2,0.5,0.5,15.772196261682243,9.06953642384106,19.81296572280179,259,2,50,0.2,0.5,0.5,inheritance,inheritance,inheritance
884,258,1358,0.2,0.5,0.5,15.972850678733032,9.468992248062015,19.741531664212076,260,2,50,0.2,0.5,0.5,inheritance,inheritance,inheritance
895,249,1356,0.2,0.5,0.5,16.191061452513967,9.417670682730924,20.098082595870206,261,2,50,0.2,0.5,0.5,inheritance,inheritance,inheritance
916,222,1362,0.2,0.5,0.5,16.519650655021834,9.41891891891892,20.06387665198238,262,2,50,0.2,0.5,0.5,inheritance,inheritance,inheritance
935,203,1362,0.2,0.5,0.5,16.7903743315508,8.970443349753694,20.09324522760646,263,2,50,0.2,0.5,0.5,inheritance,inheritance,inheritance
956,188,1356,0.2,0.5,0.5,17.02092050209205,8.52127659574468,20.160766961651916,264,2,50,0.2,0.5,0.5,inheritance,inheritance,inheritance
980,177,1343,0.20000000000000004,0.5,0.5,17.25,8.101694915254237,20.291883842144454,265,2,50,0.2,0.5,0.5,inheritance,inheritance,inheritance
986,174,1340,0.20000000000000004,0.5,0.5,17.65314401622718,7.189655172413793,20.62537313432836,266,2,50,0.2,0.5,0.5,inheritance,inheritance,inheritance
1008,177,1315,0.2,0.5,0.5,17.875,6.779661016949152,20.972623574144485,267,2,50,0.2,0.5,0.5,inheritance,inheritance,inheritance
1035,170,1295,0.20000000000000007,0.5,0.5,17.996135265700484,6.847058823529411,21.25173745173745,268,2,50,0.2,0.5,0.5,inheritance,inheritance,inheritance
1064,160,1276,0.19999999999999998,0.5,0.5,18.204887218045112,6.95625,21.481191222570533,269,2,50,0.2,0.5,0.5,inheritance,inheritance,inheritance
1089,155,1256,0.19999999999999996,0.5,0.5,18.380165289256198,6.516129032258065,21.722929936305732,270,2,50,0.2,0.5,0.5,inheritance,inheritance,inheritance
1123,139,1238,0.19999999999999998,0.5,0.5,18.519145146927873,6.273381294964029,21.968497576736674,271,2,50,0.2,0.5,0.5,inheritance,inheritance,inheritance
1175,114,1211,0.19999999999999998,0.5,0.5,18.582978723404256,6.675438596491228,22.00990916597853,272,2,50,0.2,0.5,0.5,inheritance,inheritance,inheritance
1195,121,1184,0.2,0.5,0.5,18.835146443514645,5.966942148760331,22.35641891891892,273,2,50,0.2,0.5,0.5,inheritance,inheritance,inheritance
1217,112,1171,0.19999999999999998,0.5,0.5,19.32128184059162,6.598214285714286,22.754910333048677,274,2,50,0.2,0.5,0.5,inheritance,inheritance,inheritance
1253,112,1135,0.19999999999999998,0.5,0.5,19.541101356743816,6.178571428571429,23.069603524229073,275,2,50,0.2,0.5,0.5,inheritance,inheritance,inheritance
1290,114,1096,0.19999999999999996,0.5,0.5,19.811627906976746,6.482456140350878,23.40875912408759,276,2,50,0.2,0.5,0.5,inheritance,inheritance,inheritance
1321,118,1061,0.19999999999999998,0.5,0.5,20.1445874337623,6.516949152542373,23.95570216776626,277,2,50,0.2,0.5,0.5,inheritance,inheritance,inheritance
1333,115,1052,0.19999999999999998,0.5,0.5,20.74418604651163,5.973913043478261,24.369771863117872,278,2,50,0.2,0.5,0.5,inheritance,inheritance,inheritance
1366,114,1020,0.19999999999999996,0.5,0.5,20.99341142020498,5.807017543859649,24.67843137254902,279,2,50,0.2,0.5,0.5,inheritance,inheritance,inheritance
1404,118,978,0.19999999999999996,0.5,0.5,21.067663817663817,5.677966101694915,24.73926380368098,280,2,50,0.2,0.5,0.5,inheritance,inheritance,inheritance
1422,129,949,0.19999999999999998,0.5,0.5,21.539381153305204,5.441860465116279,25.174920969441516,281,2,50,0.2,0.5,0.5,inheritance,inheritance,inheritance
1459,136,905,0.19999999999999996,0.5,0.5,21.732008224811516,5.544117647058823,25.350276243093923,282,2,50,0.2,0.5,0.5,inheritance,inheritance,inheritance
1490,140,870,0.2,0.5,0.5,21.93959731543624,5.457142857142857,25.50574712643678,283,2,50,0.2,0.5,0.5,inheritance,inheritance,inheritance
1513,158,829,0.19999999999999998,0.5,0.5,22.134170522141442,5.177215189873418,25.70205066344994,284,2,50,0.2,0.5,0.5,inheritance,inheritance,inheritance
1536,167,797,0.19999999999999998,0.5,0.5,22.407552083333332,5.341317365269461,26.117942283563362,285,2,50,0.2,0.5,0.5,inheritance,inheritance,inheritance
1551,197,752,0.19999999999999996,0.5,0.5,22.417150225660865,4.99492385786802,26.352393617021278,286,2,50,0.2,0.5,0.5,inheritance,inheritance,inheritance
1569,210,721,0.2,0.5,0.5,22.75717017208413,5.319047619047619,26.662968099861303,287,2,50,0.2,0.5,0.5,inheritance,inheritance,inheritance
1563,250,687,0.2,0.5,0.5,23.154190658989123,5.312,27.32751091703057,288,2,50,0.2,0.5,0.5,inheritance,inheritance,inheritance
1550,270,680,0.2,0.5,0.5,23.73032258064516,5.374074074074074,27.541176470588237,289,2,50,0.2,0.5,0.5,inheritance,inheritance,inheritance
1528,295,677,0.2,0.5,0.5,24.12369109947644,5.444067796610169,27.360413589364846,290,2,50,0.2,0.5,0.5,inheritance,inheritance,inheritance
1518,317,665,0.19999999999999998,0.5,0.5,24.607378129117258,5.662460567823344,27.550375939849623,291,2,50,0.2,0.5,0.5,inheritance,inheritance,inheritance
1514,336,650,0.19999999999999998,0.5,0.5,25.157199471598414,6.086309523809524,27.773846153846154,292,2,50,0.2,0.5,0.5,inheritance,inheritance,inheritance
1502,355,643,0.19999999999999998,0.5,0.5,25.719041278295606,6.27887323943662,27.384136858475895,293,2,50,0.2,0.5,0.5,inheritance,inheritance,inheritance
1494,371,635,0.19999999999999998,0.5,0.5,26.183400267737618,6.4177897574123985,27.132283464566928,294,2,50,0.2,0.5,0.5,inheritance,inheritance,inheritance
1485,383,632,0.2,0.5,0.5,26.596632996632998,6.506527415143603,26.55221518987342,295,2,50,0.2,0.5,0.5,inheritance,inheritance,inheritance
1477,415,608,0.19999999999999998,0.5,0.5,26.784698713608666,6.708433734939759,26.876644736842106,296,2,50,0.2,0.5,0.5,inheritance,inheritance,inheritance
1469,438,593,0.19999999999999996,0.5,0.5,27.154526889040163,6.689497716894977,26.084317032040474,297,2,50,0.2,0.5,0.5,inheritance,inheritance,inheritance
1444,469,587,0.19999999999999996,0.5,0.5,27.570637119113574,6.76545842217484,25.781942078364565,298,2,50,0.2,0.5,0.5,inheritance,inheritance,inheritance
1437,479,584,0.19999999999999998,0.5,0.5,27.681976339596382,7.081419624217119,24.75513698630137,299,2,50,0.2,0.5,0.5,inheritance,inheritance,inheritance
1399,502,599,0.19999999999999996,0.5,0.5,28.1265189421015,7.055776892430279,23.829716193656093,300,2,50,0.2,0.5,0.5,inheritance,inheritance,inheritance
1387,513,600,0.19999999999999998,0.5,0.5,28.28190338860851,7.076023391812866,22.648333333333333,301,2,50,0.2,0.5,0.5,inheritance,inheritance,inheritance
1365,542,593,0.19999999999999996,0.5,0.5,28.386813186813185,7.014760147601476,21.743676222596964,302,2,50,0.2,0.5,0.5,inheritance,inheritance,inheritance
1327,575,598,0.19999999999999998,0.5,0.5,28.41522230595328,7.107826086956522,21.055183946488295,303,2,50,0.2,0.5,0.5,inheritance,inheritance,inheritance
1290,584,626,0.19999999999999996,0.5,0.5,28.649612403100775,7.039383561643835,19.924920127795527,304,2,50,0.2,0.5,0.5,inheritance,inheritance,inheritance
1262,594,644,0.19999999999999998,0.5,0.5,28.973058637083994,7.17003367003367,19.059006211180126,305,2,50,0.2,0.5,0.5,inheritance,inheritance,inheritance
1221,619,660,0.19999999999999998,0.5,0.5,29.206388206388205,7.124394184168013,18.28030303030303,306,2,50,0.2,0.5,0.5,inheritance,inheritance,inheritance
1186,636,678,0.19999999999999998,0.5,0.5,29.27487352445194,7.169811320754717,17.458702064896755,307,2,50,0.2,0.5,0.5,inheritance,inheritance,inheritance
1153,662,685,0.19999999999999998,0.5,0.5,29.224631396357328,7.2960725075528705,16.814598540145987,308,2,50,0.2,0.5,0.5,inheritance,inheritance,inheritance
1119,674,707,0.19999999999999996,0.5,0.5,29.528150134048257,7.4955489614243325,16.33946251768034,309,2,50,0.2,0.5,0.5,inheritance,inheritance,inheritance
1061,702,737,0.19999999999999998,0.5,0.5,29.64655984919887,7.462962962962963,15.881953867028495,310,2,50,0.2,0.5,0.5,inheritance,inheritance,inheritance
1023,729,748,0.2,0.5,0.5,29.60117302052786,7.820301783264746,15.81951871657754,311,2,50,0.2,0.5,0.5,inheritance,inheritance,inheritance
983,756,761,0.2,0.5,0.5,29.170905391658188,8.027777777777779,15.867279894875164,312,2,50,0.2,0.5,0.5,inheritance,inheritance,inheritance
935,759,806,0.2,0.5,0.5,29.010695187165776,8.115942028985508,15.337468982630273,313,2,50,0.2,0.5,0.5,inheritance,inheritance,inheritance
877,772,851,0.2,0.5,0.5,28.565564424173317,8.22279792746114,15.188014101057579,314,2,50,0.2,0.5,0.5,inheritance,inheritance,inheritance
843,781,876,0.20000000000000004,0.5,0.5,28.22064056939502,8.486555697823304,15.082191780821917,315,2,50,0.2,0.5,0.5,inheritance,inheritance,inheritance
805,789,906,0.2,0.5,0.5,27.445962732919256,8.638783269961976,14.806843267108167,316,2,50,0.2,0.5,0.5,inheritance,inheritance,inheritance
765,797,938,0.19999999999999996,0.5,0.5,26.662745098039217,8.691342534504392,14.379530916844349,317,2,50,0.2,0.5,0.5,inheritance,inheritance,inheritance
729,792,979,0.2,0.5,0.5,25.37997256515775,8.825757575757576,14.01532175689479,318,2,50,0.2,0.5,0.5,inheritance,inheritance,inheritance
712,756,1032,0.19999999999999996,0.5,0.5,25.10674157303371,9.186507936507937,13.75484496124031,319,2,50,0.2,0.5,0.5,inheritance,inheritance,inheritance
688,726,1086,0.19999999999999996,0.5,0.5,23.98110465116279,9.257575757575758,13.451197053406998,320,2,50,0.2,0.5,0.5,inheritance,inheritance,inheritance
666,711,1123,0.19999999999999998,0.5,0.5,22.936936936936938,9.524613220815752,13.375779162956366,321,2,50,0.2,0.5,0.5,inheritance,inheritance,inheritance
642,686,1172,0.19999999999999996,0.5,0.5,22.580996884735203,9.677842565597668,13.481228668941979,322,2,50,0.2,0.5,0.5,inheritance,inheritance,inheritance
616,670,1214,0.19999999999999998,0.5,0.5,21.649350649350648,9.634328358208956,13.672981878088962,323,2,50,0.2,0.5,0.5,inheritance,inheritance,inheritance
603,637,1260,0.19999999999999998,0.5,0.5,21.079601990049753,9.470957613814758,13.615079365079366,324,2,50,0.2,0.5,0.5,inheritance,inheritance,inheritance
592,604,1304,0.19999999999999998,0.5,0.5,20.4847972972973,9.314569536423841,13.816717791411042,325,2,50,0.2,0.5,0.5,inheritance,inheritance,inheritance
584,566,1350,0.19999999999999998,0.5,0.5,19.943493150684933,9.265017667844523,13.811851851851852,326,2,50,0.2,0.5,0.5,inheritance,inheritance,inheritance
588,534,1378,0.19999999999999998,0.5,0.5,19.003401360544217,9.207865168539326,13.986211901306241,327,2,50,0.2,0.5,0.5,inheritance,inheritance,inheritance
593,513,1394,0.19999999999999998,0.5,0.5,18.317032040472174,9.43859649122807,14.290530846484936,328,2,50,0.2,0.5,0.5,inheritance,inheritance,inheritance
601,500,1399,0.19999999999999998,0.5,0.5,17.525790349417637,9.628,14.812008577555396,329,2,50,0.2,0.5,0.5,inheritance,inheritance,inheritance
600,486,1414,0.2,0.5,0.5,16.706666666666667,9.524691358024691,14.96888260254597,330,2,50,0.2,0.5,0.5,inheritance,inheritance,inheritance
590,465,1445,0.19999999999999998,0.5,0.5,16.522033898305086,9.587096774193549,15.321107266435986,331,2,50,0.2,0.5,0.5,inheritance,inheritance,inheritance
587,451,1462,0.19999999999999998,0.5,0.5,15.788756388415672,9.702882483370288,15.633378932968537,332,2,50,0.2,0.5,0.5,inheritance,inheritance,inheritance
608,422,1470,0.19999999999999998,0.5,0.5,14.853618421052632,9.533175355450236,15.77891156462585,333,2,50,0.2,0.5,0.5,inheritance,inheritance,inheritance
626,395,1479,0.19999999999999998,0.5,0.5,14.615015974440894,9.69113924050633,16.16024340770791,334,2,50,0.2,0.5,0.5,inheritance,inheritance,inheritance
640,366,1494,0.19999999999999998,0.5,0.5,14.0703125,9.710382513661202,16.404283801874165,335,2,50,0.2,0.5,0.5,inheritance,inheritance,inheritance
661,355,1484,0.19999999999999998,0.5,0.5,14.021180030257186,10.138028169014085,16.925202156334233,336,2,50,0.2,0.5,0.5,inheritance,inheritance,inheritance
681,333,1486,0.19999999999999998,0.5,0.5,14.030837004405287,10.216216216216216,17.285329744279945,337,2,50,0.2,0.5,0.5,inheritance,inheritance,inheritance
698,301,1501,0.19999999999999996,0.5,0.5,14.027220630372494,10.401993355481727,17.528314457028646,338,2,50,0.2,0.5,0.5,inheritance,inheritance,inheritance
726,279,1495,0.19999999999999998,0.5,0.5,13.746556473829202,10.451612903225806,17.928428093645486,339,2,50,0.2,0.5,0.5,inheritance,inheritance,inheritance
745,261,1494,0.2,0.5,0.5,13.65503355704698,10.409961685823754,18.21285140562249,340,2,50,0.2,0.5,0.5,inheritance,inheritance,inheritance
776,246,1478,0.19999999999999998,0.5,0.5,13.505154639175258,9.731707317073171,18.349797023004058,341,2,50,0.2,0.5,0.5,inheritance,inheritance,inheritance
807,236,1457,0.19999999999999998,0.5,0.5,13.262701363073111,9.572033898305085,18.766643788606725,342,2,50,0.2,0.5,0.5,inheritance,inheritance,inheritance
832,218,1450,0.2,0.5,0.5,13.56610576923077,9.495412844036696,19.235862068965517,343,2,50,0.2,0.5,0.5,inheritance,inheritance,inheritance
851,203,1446,0.2,0.5,0.5,13.923619271445359,8.935960591133005,19.578146611341634,344,2,50,0.2,0.5,0.5,inheritance,inheritance,inheritance
879,190,1431,0.2,0.5,0.5,14.145620022753128,8.726315789473684,19.943396226415093,345,2,50,0.2,0.5,0.5,inheritance,inheritance,inheritance
915,175,1410,0.20000000000000004,0.5,0.5,14.303825136612021,8.502857142857144,20.30141843971631,346,2,50,0.2,0.5,0.5,inheritance,inheritance,inheritance
939,179,1382,0.2,0.5,0.5,14.50266240681576,8.441340782122905,20.78002894356006,347,2,50,0.2,0.5,0.5,inheritance,inheritance,inheritance
967,176,1357,0.20000000000000004,0.5,0.5,14.735263702171665,8.107954545454545,21.110537951363302,348,2,50,0.2,0.5,0.5,inheritance,inheritance,inheritance
984,182,1334,0.20000000000000004,0.5,0.5,15.029471544715447,7.835164835164835,21.512743628185905,349,2,50,0.2,0.5,0.5,inheritance,inheritance,inheritance
999,189,1312,0.2,0.5,0.5,15.406406406406406,7.608465608465608,21.990853658536587,350,2,50,0.2,0.5,0.5,inheritance,inheritance,inheritance
1018,194,1288,0.2,0.5,0.5,15.678781925343811,7.407216494845361,22.551242236024844,351,2,50,0.2,0.5,0.5,inheritance,inheritance,inheritance
1025,216,1259,0.20000000000000007,0.5,0.5,15.915121951219513,6.925925925925926,23.138999205718825,352,2,50,0.2,0.5,0.5,inheritance,inheritance,inheritance
1060,218,1222,0.2,0.5,0.5,16.11132075471698,7.215596330275229,23.522094926350245,353,2,50,0.2,0.5,0.5,inheritance,inheritance,inheritance
1058,239,1203,0.19999999999999998,0.5,0.5,16.245746691871457,7.00836820083682,24.123025768911056,354,2,50,0.2,0.5,0.5,inheritance,inheritance,inheritance
1064,254,1182,0.19999999999999998,0.5,0.5,16.452067669172934,6.8700787401574805,24.6497461928934,355,2,50,0.2,0.5,0.5,inheritance,inheritance,inheritance
1073,272,1155,0.19999999999999996,0.5,0.5,16.778191985088537,6.889705882352941,24.915151515151514,356,2,50,0.2,0.5,0.5,inheritance,inheritance,inheritance
1067,286,1147,0.19999999999999998,0.5,0.5,17.11152764761012,6.755244755244755,25.228421970357456,357,2,50,0.2,0.5,0.5,inheritance,inheritance,inheritance
1086,277,1137,0.19999999999999996,0.5,0.5,17.40515653775322,7.335740072202166,25.488126649076516,358,2,50,0.2,0.5,0.5,inheritance,inheritance,inheritance
1092,278,1130,0.19999999999999998,0.5,0.5,17.69871794871795,7.446043165467626,25.590265486725663,359,2,50,0.2,0.5,0.5,inheritance,inheritance,inheritance
1097,293,1110,0.19999999999999998,0.5,0.5,17.863263445761167,7.42320819112628,25.892792792792793,360,2,50,0.2,0.5,0.5,inheritance,inheritance,inheritance
1093,300,1107,0.19999999999999996,0.5,0.5,18.017383348581884,7.08,25.93676603432701,361,2,50,0.2,0.5,0.5,inheritance,inheritance,inheritance
1111,302,1087,0.19999999999999996,0.5,0.5,18.117011701170117,7.208609271523179,26.237350505979762,362,2,50,0.2,0.5,0.5,inheritance,inheritance,inheritance
1118,295,1087,0.19999999999999998,0.5,0.5,18.28622540250447,7.393220338983051,26.043238270469182,363,2,50,0.2,0.5,0.5,inheritance,inheritance,inheritance
1130,287,1083,0.19999999999999998,0.5,0.5,18.623893805309734,7.543554006968641,26.049861495844876,364,2,50,0.2,0.5,0.5,inheritance,inheritance,inheritance
1148,282,1070,0.19999999999999998,0.5,0.5,18.87020905923345,7.719858156028369,26.08411214953271,365,2,50,0.2,0.5,0.5,inheritance,inheritance,inheritance
1165,276,1059,0.19999999999999998,0.5,0.5,19.21030042918455,8.02536231884058,26.180358829084042,366,2,50,0.2,0.5,0.5,inheritance,inheritance,inheritance
1161,273,1066,0.19999999999999998,0.5,0.5,19.587424633936262,7.498168498168498,26.054409005628518,367,2,50,0.2,0.5,0.5,inheritance,inheritance,inheritance
1182,260,1058,0.19999999999999998,0.5,0.5,19.791032148900168,7.5807692307692305,25.953686200378073,368,2,50,0.2,0.5,0.5,inheritance,inheritance,inheritance
1199,246,1055,0.19999999999999996,0.5,0.5,20.065888240200167,7.585365853658536,25.787677725118485,369,2,50,0.2,0.5,0.5,inheritance,inheritance,inheritance
1209,240,1051,0.2,0.5,0.5,20.373862696443343,7.445833333333334,25.847764034253093,370,2,50,0.2,0.5,0.5,inheritance,inheritance,inheritance
1196,224,1080,0.19999999999999998,0.5,0.5,20.96153846153846,7.102678571428571,25.64074074074074,371,2,50,0.2,0.5,0.5,inheritance,inheritance,inheritance
1208,225,1067,0.19999999999999998,0.5,0.5,21.107615894039736,6.728888888888889,25.520149953139644,372,2,50,0.2,0.5,0.5,inheritance,inheritance,inheritance
1226,197,1077,0.19999999999999998,0.5,0.5,21.456769983686787,6.588832487309645,25.1652739090065,373,2,50,0.2,0.5,0.5,inheritance,inheritance,inheritance
1226,198,1076,0.19999999999999998,0.5,0.5,21.828711256117455,6.075757575757576,25.37546468401487,374,2,50,0.2,0.5,0.5,inheritance,inheritance,inheritance
1222,213,1065,0.19999999999999998,0.5,0.5,21.9607201309329,5.605633802816901,25.63661971830986,375,2,50,0.2,0.5,0.5,inheritance,inheritance,inheritance
1235,225,1040,0.19999999999999998,0.5,0.5,22.018623481781376,5.555555555555555,25.7625,376,2,50,0.2,0.5,0.5,inheritance,inheritance,inheritance
1247,229,1024,0.19999999999999998,0.5,0.5,22.281475541299116,5.689956331877729,25.984375,377,2,50,0.2,0.5,0.5,inheritance,inheritance,inheritance
1250,232,1018,0.19999999999999998,0.5,0.5,22.6216,5.663793103448276,26.157170923379176,378,2,50,0.2,0.5,0.5,inheritance,inheritance,inheritance
1250,237,1013,0.19999999999999998,0.5,0.5,22.8792,5.814345991561181,26.287265547877592,379,2,50,0.2,0.5,0.5,inheritance,inheritance,inheritance
1247,256,997,0.19999999999999998,0.5,0.5,22.938251804330392,5.671875,26.63791374122367,380,2,50,0.2,0.5,0.5,inheritance,inheritance,inheritance
1244,267,989,0.19999999999999998,0.5,0.5,23.024919614147908,5.734082397003745,26.824064711830133,381,2,50,0.2,0.5,0.5,inheritance,inheritance,inheritance
1253,280,967,0.19999999999999998,0.5,0.5,23.08220271348763,5.946428571428571,26.97311271975181,382,2,50,0.2,0.5,0.5,inheritance,inheritance,inheritance
1257,287,956,0.19999999999999998,0.5,0.5,23.231503579952268,6.160278745644599,26.89539748953975,383,2,50,0.2,0.5,0.5,inheritance,inheritance,inheritance
1253,295,952,0.19999999999999998,0.5,0.5,23.27533918595371,6.179661016949153,26.86239495798319,384,2,50,0.2,0.5,0.5,inheritance,inheritance,inheritance
1255,298,947,0.19999999999999998,0.5,0.5,23.404780876494023,6.24496644295302,26.708553326293558,385,2,50,0.2,0.5,0.5,inheritance,inheritance,inheritance
1259,297,944,0.19999999999999996,0.5,0.5,23.7450357426529,6.4646464646464645,26.53707627118644,386,2,50,0.2,0.5,0.5,inheritance,inheritance,inheritance
1268,295,937,0.19999999999999998,0.5,0.5,23.902996845425868,6.779661016949152,26.35538954108858,387,2,50,0.2,0.5,0.5,inheritance,inheritance,inheritance
1259,309,932,0.19999999999999996,0.5,0.5,23.778395552025415,6.618122977346278,25.824034334763947,388,2,50,0.2,0.5,0.5,inheritance,inheritance,inheritance
1256,319,925,0.19999999999999996,0.5,0.5,23.933917197452228,6.808777429467084,26.086486486486486,389,2,50,0.2,0.5,0.5,inheritance,inheritance,inheritance
1254,312,934,0.19999999999999996,0.5,0.5,24.350877192982455,7.012820512820513,26.008565310492504,390,2,50,0.2,0.5,0.5,inheritance,inheritance,inheritance
1255,308,937,0.19999999999999998,0.5,0.5,24.448605577689243,7.016233766233766,25.73852721451441,391,2,50,0.2,0.5,0.5,inheritance,inheritance,inheritance
1277,298,925,0.19999999999999996,0.5,0.5,24.462020360219263,7.359060402684563,25.54054054054054,392,2,50,0.2,0.5,0.5,inheritance,inheritance,inheritance
1267,313,920,0.19999999999999998,0.5,0.5,24.5414364640884,7.201277955271565,25.471739130434784,393,2,50,0.2,0.5,0.5,inheritance,inheritance,inheritance
1261,316,923,0.19999999999999996,0.5,0.5,24.491673275178428,7.1613924050632916,25.331527627302275,394,2,50,0.2,0.5,0.5,inheritance,inheritance,inheritance
1266,325,909,0.19999999999999996,0.5,0.5,24.372827804107423,6.963076923076923,24.942794279427943,395,2,50,0.2,0.5,0.5,inheritance,inheritance,inheritance
1264,347,889,0.19999999999999996,0.5,0.5,24.02768987341772,6.829971181556196,25.064116985376828,396,2,50,0.2,0.5,0.5,inheritance,inheritance,inheritance
1252,360,888,0.19999999999999998,0.5,0.5,24.195686900958467,6.5,24.67792792792793,397,2,50,0.2,0.5,0.5,inheritance,inheritance,inheritance
1237,380,883,0.19999999999999998,0.5,0.5,24.147130153597413,6.46578947368421,24.551528878822197,398,2,50,0.2,0.5,0.5,inheritance,inheritance,inheritance
1223,406,871,0.19999999999999998,0.5,0.5,24.09893704006541,6.522167487684729,24.667049368541907,399,2,50,0.2,0.5,0.5,inheritance,inheritance,inheritance
1213,410,877,0.19999999999999998,0.5,0.5,23.981038746908492,6.592682926829268,24.33181299885975,400,2,50,0.2,0.5,0.5,inheritance,inheritance,inheritance
1194,429,877,0.19999999999999998,0.5,0.5,23.92211055276382,6.461538461538462,23.91448118586089,401,2,50,0.2,0.5,0.5,inheritance,inheritance,inheritance
1177,447,876,0.19999999999999998,0.5,0.5,23.92608326253186,6.639821029082774,23.99200913242009,402,2,50,0.2,0.5,0.5,inheritance,inheritance,inheritance
1186,454,860,0.19999999999999998,0.5,0.5,23.653456998313658,6.766519823788546,23.531395348837208,403,2,50,0.2,0.5,0.5,inheritance,inheritance,inheritance
1168,462,870,0.19999999999999998,0.5,0.5,23.83304794520548,6.926406926406926,23.495402298850575,404,2,50,0.2,0.5,0.5,inheritance,inheritance,inheritance
1153,468,879,0.19999999999999998,0.5,0.5,23.888117953165654,7.064102564102564,23.475540386803186,405,2,50,0.2,0.5,0.5,inheritance,inheritance,inheritance
1143,469,888,0.19999999999999998,0.5,0.5,23.77865266841645,7.300639658848614,23.08108108108108,406,2,50,0.2,0.5,0.5,inheritance,inheritance,inheritance
1137,496,867,0.19999999999999998,0.5,0.5,23.54881266490765,7.44758064516129,22.84313725490196,407,2,50,0.2,0.5,0.5,inheritance,inheritance,inheritance
1109,518,873,0.19999999999999996,0.5,0.5,23.753832281334535,7.6061776061776065,22.93356242840779,408,2,50,0.2,0.5,0.5,inheritance,inheritance,inheritance
1076,533,891,0.19999999999999998,0.5,0.5,23.975836431226767,7.590994371482176,22.709315375982044,409,2,50,0.2,0.5,0.5,inheritance,inheritance,inheritance
1055,537,908,0.2,0.5,0.5,23.771563981042654,7.515828677839851,22.161894273127754,410,2,50,0.2,0.5,0.5,inheritance,inheritance,inheritance
1055,529,916,0.2,0.5,0.5,23.540284360189574,7.7164461247637055,21.41593886462882,411,2,50,0.2,0.5,0.5,inheritance,inheritance,inheritance
1034,533,933,0.2,0.5,0.5,23.04642166344294,7.448405253283302,20.863879957127544,412,2,50,0.2,0.5,0.5,inheritance,inheritance,inheritance
1011,523,966,0.2,0.5,0.5,23.09990108803165,7.483747609942639,20.180124223602483,413,2,50,0.2,0.5,0.5,inheritance,inheritance,inheritance
999,516,985,0.2,0.5,0.5,22.846846846846848,7.608527131782946,19.782741116751268,414,2,50,0.2,0.5,0.5,inheritance,inheritance,inheritance
975,519,1006,0.2,0.5,0.5,22.331282051282052,7.5606936416184976,19.513916500994036,415,2,50,0.2,0.5,0.5,inheritance,inheritance,inheritance
951,508,1041,0.2,0.5,0.5,22.400630914826497,7.541338582677166,19.192122958693563,416,2,50,0.2,0.5,0.5,inheritance,inheritance,inheritance
945,497,1058,0.2,0.5,0.5,22.1989417989418,7.607645875251509,19.131379962192817,417,2,50,0.2,0.5,0.5,inheritance,inheritance,inheritance
950,490,1060,0.2,0.5,0.5,21.97578947368421,7.797959183673469,18.837735849056603,418,2,50,0.2,0.5,0.5,inheritance,inheritance,inheritance
949,483,1068,0.2,0.5,0.5,21.88830347734457,7.913043478260869,18.80243445692884,419,2,50,0.2,0.5,0.5,inheritance,inheritance,inheritance
947,476,1077,0.20000000000000004,0.5,0.5,21.572333685322068,8.115546218487395,18.841225626740947,420,2,50,0.2,0.5,0.5,inheritance,inheritance,inheritance
930,456,1114,0.20000000000000004,0.5,0.5,21.405376344086022,8.076754385964913,18.49012567324955,421,2,50,0.2,0.5,0.5,inheritance,inheritance,inheritance
914,445,1141,0.2,0.5,0.5,21.24617067833698,8.002247191011236,18.277826468010517,422,2,50,0.2,0.5,0.5,inheritance,inheritance,inheritance
930,419,1151,0.20000000000000004,0.5,0.5,21.03978494623656,8.41527446300716,18.387489139878365,423,2,50,0.2,0.5,0.5,inheritance,inheritance,inheritance
937,410,1153,0.20000000000000004,0.5,0.5,20.64674493062967,8.55609756097561,18.299219427580226,424,2,50,0.2,0.5,0.5,inheritance,inheritance,inheritance
938,392,1170,0.2,0.5,0.5,20.662046908315563,8.622448979591837,18.405128205128204,425,2,50,0.2,0.5,0.5,inheritance,inheritance,inheritance
957,371,1172,0.2,0.5,0.5,20.399164054336467,8.590296495956874,18.293515358361773,426,2,50,0.2,0.5,0.5,inheritance,inheritance,inheritance
965,373,1162,0.2,0.5,0.5,20.283937823834197,8.67024128686327,18.483648881239244,427,2,50,0.2,0.5,0.5,inheritance,inheritance,inheritance
970,368,1162,0.2,0.5,0.5,19.938144329896907,8.605978260869565,18.419104991394146,428,2,50,0.2,0.5,0.5,inheritance,inheritance,inheritance
973,361,1166,0.2,0.5,0.5,19.493319630010276,8.18836565096953,18.30188679245283,429,2,50,0.2,0.5,0.5,inheritance,inheritance,inheritance
976,346,1178,0.20000000000000004,0.5,0.5,19.524590163934427,8.300578034682081,18.321731748726656,430,2,50,0.2,0.5,0.5,inheritance,inheritance,inheritance
984,341,1175,0.20000000000000004,0.5,0.5,19.252032520325205,8.390029325513197,18.557446808510637,431,2,50,0.2,0.5,0.5,inheritance,inheritance,inheritance
989,339,1172,0.2,0.5,0.5,19.182002022244692,8.224188790560472,18.633959044368602,432,2,50,0.2,0.5,0.5,inheritance,inheritance,inheritance
1000,329,1171,0.20000000000000004,0.5,0.5,19.151,8.133738601823708,18.709649871904354,433,2,50,0.2,0.5,0.5,inheritance,inheritance,inheritance
1002,333,1165,0.20000000000000004,0.5,0.5,19.144710578842314,7.984984984984985,18.86008583690987,434,2,50,0.2,0.5,0.5,inheritance,inheritance,inheritance
999,330,1171,0.2,0.5,0.5,19.34834834834835,7.851515151515152,19.063193851409054,435,2,50,0.2,0.5,0.5,inheritance,inheritance,inheritance
994,330,1176,0.2,0.5,0.5,19.490945674044266,7.606060606060606,19.218537414965986,436,2,50,0.2,0.5,0.5,inheritance,inheritance,inheritance
1002,340,1158,0.20000000000000004,0.5,0.5,19.37624750499002,7.4941176470588236,19.68048359240069,437,2,50,0.2,0.5,0.5,inheritance,inheritance,inheritance
1018,348,1134,0.2,0.5,0.5,19.151277013752456,7.405172413793103,19.937389770723104,438,2,50,0.2,0.5,0.5,inheritance,inheritance,inheritance
1003,361,1136,0.2,0.5,0.5,19.419740777667,7.146814404432133,20.278169014084508,439,2,50,0.2,0.5,0.5,inheritance,inheritance,inheritance
987,386,1127,0.20000000000000004,0.5,0.5,19.2806484295846,7.129533678756476,20.512866015971607,440,2,50,0.2,0.5,0.5,inheritance,inheritance,inheritance
985,374,1141,0.20000000000000004,0.5,0.5,19.155329949238578,7.050802139037433,20.381244522348815,441,2,50,0.2,0.5,0.5,inheritance,inheritance,inheritance
981,400,1119,0.2,0.5,0.5,18.693170234454637,7.05,20.649687220732797,442,2,50,0.2,0.5,0.5,inheritance,inheritance,inheritance
984,406,1110,0.20000000000000004,0.5,0.5,18.615853658536587,7.214285714285714,20.85855855855856,443,2,50,0.2,0.5,0.5,inheritance,inheritance,inheritance
968,413,1119,0.2,0.5,0.5,18.68285123966942,7.3607748184019375,20.98391420911528,444,2,50,0.2,0.5,0.5,inheritance,inheritance,inheritance
946,423,1131,0.2,0.5,0.5,18.97568710359408,7.24822695035461,21.268788682581786,445,2,50,0.2,0.5,0.5,inheritance,inheritance,inheritance
955,433,1112,0.20000000000000004,0.5,0.5,18.5151832460733,7.265588914549654,21.225719424460433,446,2,50,0.2,0.5,0.5,inheritance,inheritance,inheritance
956,440,1104,0.2,0.5,0.5,18.39958158995816,7.502272727272727,21.243659420289855,447,2,50,0.2,0.5,0.5,inheritance,inheritance,inheritance
950,430,1120,0.2,0.5,0.5,18.06421052631579,7.746511627906977,21.064285714285713,448,2,50,0.2,0.5,0.5,inheritance,inheritance,inheritance
951,438,1111,0.2,0.5,0.5,17.91167192429022,7.851598173515982,21.07020702070207,449,2,50,0.2,0.5,0.5,inheritance,inheritance,inheritance
967,430,1103,0.20000000000000004,0.5,0.5,17.794208893485006,8.048837209302325,21.205802357207617,450,2,50,0.2,0.5,0.5,inheritance,inheritance,inheritance
966,425,1109,0.20000000000000004,0.5,0.5,17.8768115942029,8.152941176470588,21.036068530207395,451,2,50,0.2,0.5,0.5,inheritance,inheritance,inheritance
964,415,1121,0.2,0.5,0.5,18.077800829875518,8.366265060240965,21.06779661016949,452,2,50,0.2,0.5,0.5,inheritance,inheritance,inheritance
976,408,1116,0.20000000000000004,0.5,0.5,17.733606557377048,8.279411764705882,20.954301075268816,453,2,50,0.2,0.5,0.5,inheritance,inheritance,inheritance
989,391,1120,0.2,0.5,0.5,17.67138523761375,8.324808184143222,20.814285714285713,454,2,50,0.2,0.5,0.5,inheritance,inheritance,inheritance
994,378,1128,0.2,0.5,0.5,17.848088531187123,8.383597883597883,20.768617021276597,455,2,50,0.2,0.5,0.5,inheritance,inheritance,inheritance
1008,373,1119,0.2,0.5,0.5,17.78968253968254,8.560321715817695,20.927613941018766,456,2,50,0.2,0.5,0.5,inheritance,inheritance,inheritance
1007,367,1126,0.20000000000000004,0.5,0.5,18.164846077457796,8.359673024523161,20.885435168738898,457,2,50,0.2,0.5,0.5,inheritance,inheritance,inheritance
1020,361,1119,0.20000000000000004,0.5,0.5,18.224509803921567,8.024930747922438,20.726541554959784,458,2,50,0.2,0.5,0.5,inheritance,inheritance,inheritance
1007,369,1124,0.20000000000000004,0.5,0.5,18.457795431976166,8.005420054200542,20.82562277580071,459,2,50,0.2,0.5,0.5,inheritance,inheritance,inheritance
995,379,1126,0.20000000000000004,0.5,0.5,18.635175879396986,7.828496042216359,20.956483126110125,460,2,50,0.2,0.5,0.5,inheritance,inheritance,inheritance
984,382,1134,0.20000000000000004,0.5,0.5,18.86890243902439,7.659685863874346,20.861552028218696,461,2,50,0.2,0.5,0.5,inheritance,inheritance,inheritance
987,367,1146,0.20000000000000004,0.5,0.5,18.890577507598785,7.8501362397820165,20.477312390924958,462,2,50,0.2,0.5,0.5,inheritance,inheritance,inheritance
989,373,1138,0.2,0.5,0.5,18.964610717896864,7.6675603217158175,20.68189806678383,463,2,50,0.2,0.5,0.5,inheritance,inheritance,inheritance
972,378,1150,0.20000000000000004,0.5,0.5,19.075102880658438,7.595238095238095,20.563478260869566,464,2,50,0.2,0.5,0.5,inheritance,inheritance,inheritance
977,374,1149,0.20000000000000004,0.5,0.5,18.718526100307063,7.478609625668449,20.604873803307225,465,2,50,0.2,0.5,0.5,inheritance,inheritance,inheritance
963,382,1155,0.2,0.5,0.5,19.02907580477674,7.575916230366492,20.806060606060605,466,2,50,0.2,0.5,0.5,inheritance,inheritance,inheritance
955,396,1149,0.20000000000000004,0.5,0.5,19.024083769633506,7.717171717171717,21.31592689295039,467,2,50,0.2,0.5,0.5,inheritance,inheritance,inheritance
964,392,1144,0.2,0.5,0.5,18.91597510373444,7.910714285714286,21.337412587412587,468,2,50,0.2,0.5,0.5,inheritance,inheritance,inheritance
959,404,1137,0.2,0.5,0.5,18.981230448383734,7.774752475247524,21.619173262972737,469,2,50,0.2,0.5,0.5,inheritance,inheritance,inheritance
950,406,1144,0.2,0.5,0.5,18.969473684210527,7.901477832512315,21.736013986013987,470,2,50,0.2,0.5,0.5,inheritance,inheritance,inheritance
957,416,1127,0.2,0.5,0.5,18.92685475444096,7.990384615384615,22.000887311446316,471,2,50,0.2,0.5,0.5,inheritance,inheritance,inheritance
941,427,1132,0.2,0.5,0.5,18.9596174282678,7.969555035128805,21.937279151943464,472,2,50,0.2,0.5,0.5,inheritance,inheritance,inheritance
943,421,1136,0.2,0.5,0.5,18.886532343584307,8.033254156769596,21.929577464788732,473,2,50,0.2,0.5,0.5,inheritance,inheritance,inheritance
942,416,1142,0.20000000000000004,0.5,0.5,19.194267515923567,8.19951923076923,22.228546409807354,474,2,50,0.2,0.5,0.5,inheritance,inheritance,inheritance
949,423,1128,0.2,0.5,0.5,19.124341412012644,8.24113475177305,22.41578014184397,475,2,50,0.2,0.5,0.5,inheritance,inheritance,inheritance
961,408,1131,0.20000000000000004,0.5,0.5,19.173777315296565,8.235294117647058,22.251989389920425,476,2,50,0.2,0.5,0.5,inheritance,inheritance,inheritance
963,402,1135,0.2,0.5,0.5,19.291796469366563,8.300995024875622,22.197356828193833,477,2,50,0.2,0.5,0.5,inheritance,inheritance,inheritance
969,389,1142,0.2,0.5,0.5,19.229102167182663,8.323907455012854,22.105954465849386,478,2,50,0.2,0.5,0.5,inheritance,inheritance,inheritance
980,371,1149,0.20000000000000004,0.5,0.5,19.11122448979592,8.512129380053908,22.0443864229765,479,2,50,0.2,0.5,0.5,inheritance,inheritance,inheritance
971,374,1155,0.20000000000000004,0.5,0.5,18.970133882595263,8.304812834224599,22.03030303030303,480,2,50,0.2,0.5,0.5,inheritance,inheritance,inheritance
984,371,1145,0.20000000000000004,0.5,0.5,18.95528455284553,8.425876010781671,22.397379912663755,481,2,50,0.2,0.5,0.5,inheritance,inheritance,inheritance
997,367,1136,0.20000000000000004,0.5,0.5,18.639919759277834,8.185286103542234,22.466549295774648,482,2,50,0.2,0.5,0.5,inheritance,inheritance,inheritance
996,369,1135,0.2,0.5,0.5,18.3925702811245,7.569105691056911,22.281057268722467,483,2,50,0.2,0.5,0.5,inheritance,inheritance,inheritance
1019,351,1130,0.2,0.5,0.5,18.48773307163886,7.464387464387465,22.13362831858407,484,2,50,0.2,0.5,0.5,inheritance,inheritance,inheritance
1023,331,1146,0.2,0.5,0.5,18.81915933528837,7.090634441087613,21.80017452006981,485,2,50,0.2,0.5,0.5,inheritance,inheritance,inheritance
1036,329,1135,0.20000000000000004,0.5,0.5,18.64092664092664,7.164133738601824,22.02819383259912,486,2,50,0.2,0.5,0.5,inheritance,inheritance,inheritance
1042,327,1131,0.2,0.5,0.5,18.750479846449135,7.308868501529052,22.163572060123784,487,2,50,0.2,0.5,0.5,inheritance,inheritance,inheritance
1047,317,1136,0.2,0.5,0.5,18.864374403056352,7.353312302839116,22.27024647887324,488,2,50,0.2,0.5,0.5,inheritance,inheritance,inheritance
1045,313,1142,0.2,0.5,0.5,18.76267942583732,7.284345047923322,22.229422066549912,489,2,50,0.2,0.5,0.5,inheritance,inheritance,inheritance
1054,307,1139,0.2,0.5,0.5,18.70493358633776,7.026058631921824,22.315188762071994,490,2,50,0.2,0.5,0.5,inheritance,inheritance,inheritance
1052,310,1138,0.19999999999999998,0.5,0.5,18.552281368821294,6.709677419354839,22.38927943760984,491,2,50,0.2,0.5,0.5,inheritance,inheritance,inheritance
1069,309,1122,0.19999999999999998,0.5,0.5,18.263797942001872,6.5372168284789645,22.34313725490196,492,2,50,0.2,0.5,0.5,inheritance,inheritance,inheritance
1088,309,1103,0.19999999999999996,0.5,0.5,18.363970588235293,6.893203883495145,22.514959202175884,493,2,50,0.2,0.5,0.5,inheritance,inheritance,inheritance
1094,323,1083,0.19999999999999996,0.5,0.5,18.33363802559415,6.7368421052631575,22.74330563250231,494,2,50,0.2,0.5,0.5,inheritance,inheritance,inheritance
1118,323,1059,0.19999999999999998,0.5,0.5,18.202146690518784,6.739938080495356,22.60056657223796,495,2,50,0.2,0.5,0.5,inheritance,inheritance,inheritance
1128,339,1033,0.19999999999999998,0.5,0.5,17.727836879432623,6.3952802359882,22.30300096805421,496,2,50,0.2,0.5,0.5,inheritance,inheritance,inheritance
1130,350,1020,0.19999999999999998,0.5,0.5,17.620353982300884,6.168571428571428,22.103921568627452,497,2,50,0.2,0.5,0.5,inheritance,inheritance,inheritance
1136,353,1011,0.19999999999999998,0.5,0.5,17.68926056338028,6.084985835694051,21.9080118694362,498,2,50,0.2,0.5,0.5,inheritance,inheritance,inheritance
1137,363,1000,0.19999999999999998,0.5,0.5,17.554089709762533,6.179063360881543,21.712,499,2,50,0.2,0.5,0.5,inheritance,inheritance,inheritance
845,834,821,0.2,0.5,0.5,0.0,0.0,0.0,0,3,50,0.2,0.5,0.5,inheritance,inheritance,inheritance
774,834,892,0.2,0.5,0.5,1.0,1.0,1.0,1,3,50,0.2,0.5,0.5,inheritance,inheritance,inheritance
711,800,989,0.19999999999999998,0.5,0.5,1.9240506329113924,1.86625,1.8513650151668353,2,3,50,0.2,0.5,0.5,inheritance,inheritance,inheritance
694,732,1074,0.19999999999999993,0.5,0.5,2.7636887608069163,2.662568306010929,2.595903165735568,3,3,50,0.2,0.5,0.5,inheritance,inheritance,inheritance
653,681,1166,0.19999999999999998,0.5,0.5,3.545176110260337,3.3230543318649044,3.274442538593482,4,3,50,0.2,0.5,0.5,inheritance,inheritance,inheritance
655,610,1235,0.19999999999999996,0.5,0.5,4.225954198473282,4.032786885245901,3.935222672064777,5,3,50,0.2,0.5,0.5,inheritance,inheritance,inheritance
655,562,1283,0.19999999999999996,0.5,0.5,4.844274809160305,4.629893238434164,4.593141075604053,6,3,50,0.2,0.5,0.5,inheritance,inheritance,inheritance
681,475,1344,0.19999999999999998,0.5,0.5,5.352422907488987,5.111578947368421,5.154017857142857,7,3,50,0.2,0.5,0.5,inheritance,inheritance,inheritance
694,409,1397,0.19999999999999993,0.5,0.5,5.900576368876081,5.559902200488998,5.735862562634217,8,3,50,0.2,0.5,0.5,inheritance,inheritance,inheritance
717,351,1432,0.19999999999999996,0.5,0.5,6.366806136680614,5.831908831908832,6.337290502793296,9,3,50,0.2,0.5,0.5,inheritance,inheritance,inheritance
748,326,1426,0.19999999999999998,0.5,0.5,6.818181818181818,6.162576687116564,7.065918653576437,10,3,50,0.2,0.5,0.5,inheritance,inheritance,inheritance
751,318,1431,0.19999999999999998,0.5,0.5,7.29693741677763,6.160377358490566,7.751921733053808,11,3,50,0.2,0.5,0.5,inheritance,inheritance,inheritance
770,302,1428,0.2,0.5,0.5,7.675324675324675,6.152317880794702,8.420868347338935,12,3,50,0.2,0.5,0.5,inheritance,inheritance,inheritance
820,280,1400,0.2,0.5,0.5,7.959756097560976,6.364285714285714,9.098571428571429,13,3,50,0.2,0.5,0.5,inheritance,inheritance,inheritance
844,269,1387,0.2,0.5,0.5,8.37914691943128,6.5241635687732344,9.779379956741169,14,3,50,0.2,0.5,0.5,inheritance,inheritance,inheritance
877,255,1368,0.2,0.5,0.5,8.68187001140251,6.392156862745098,10.396198830409357,15,3,50,0.2,0.5,0.5,inheritance,inheritance,inheritance
919,237,1344,0.2,0.5,0.5,8.945593035908596,6.818565400843882,11.044642857142858,16,3,50,0.2,0.5,0.5,inheritance,inheritance,inheritance
969,229,1302,0.2,0.5,0.5,9.108359133126935,6.668122270742358,11.66973886328725,17,3,50,0.2,0.5,0.5,inheritance,inheritance,inheritance
1001,215,1284,0.20000000000000004,0.5,0.5,9.49050949050949,6.111627906976744,12.184579439252337,18,3,50,0.2,0.5,0.5,inheritance,inheritance,inheritance
1050,211,1239,0.2,0.5,0.5,9.713333333333333,6.004739336492891,12.753026634382566,19,3,50,0.2,0.5,0.5,inheritance,inheritance,inheritance
1102,202,1196,0.19999999999999998,0.5,0.5,9.960072595281307,6.237623762376238,13.301003344481606,20,3,50,0.2,0.5,0.5,inheritance,inheritance,inheritance
1146,203,1151,0.19999999999999998,0.5,0.5,10.256544502617801,6.054187192118227,13.770634231103388,21,3,50,0.2,0.5,0.5,inheritance,inheritance,inheritance
1197,189,1114,0.19999999999999998,0.5,0.5,10.567251461988304,6.074074074074074,14.231597845601437,22,3,50,0.2,0.5,0.5,inheritance,inheritance,inheritance
1244,184,1072,0.19999999999999998,0.5,0.5,10.92684887459807,6.309782608695652,14.702425373134329,23,3,50,0.2,0.5,0.5,inheritance,inheritance,inheritance
1293,168,1039,0.19999999999999998,0.5,0.5,11.264501160092808,6.488095238095238,14.996150144369587,24,3,50,0.2,0.5,0.5,inheritance,inheritance,inheritance
1345,158,997,0.19999999999999996,0.5,0.5,11.686245353159851,6.39873417721519,15.378134403209629,25,3,50,0.2,0.5,0.5,inheritance,inheritance,inheritance
1396,152,952,0.19999999999999996,0.5,0.5,12.068051575931232,6.572368421052632,15.762605042016807,26,3,50,0.2,0.5,0.5,inheritance,inheritance,inheritance
1444,145,911,0.19999999999999996,0.5,0.5,12.499307479224377,6.255172413793104,16.219538968166848,27,3,50,0.2,0.5,0.5,inheritance,inheritance,inheritance
1508,143,849,0.19999999999999998,0.5,0.5,12.830901856763926,6.538461538461538,16.559481743227327,28,3,50,0.2,0.5,0.5,inheritance,inheritance,inheritance
1539,163,798,0.19999999999999998,0.5,0.5,13.197530864197532,6.282208588957055,17.115288220551378,29,3,50,0.2,0.5,0.5,inheritance,inheritance,inheritance
1576,171,753,0.20000000000000004,0.5,0.5,13.606598984771574,5.695906432748538,17.172642762284198,30,3,50,0.2,0.5,0.5,inheritance,inheritance,inheritance
1604,190,706,0.2,0.5,0.5,13.948877805486283,5.684210526315789,17.400849858356942,31,3,50,0.2,0.5,0.5,inheritance,inheritance,inheritance
1632,211,657,0.19999999999999998,0.5,0.5,14.396446078431373,5.42654028436019,17.80669710806697,32,3,50,0.2,0.5,0.5,inheritance,inheritance,inheritance
1640,231,629,0.2,0.5,0.5,14.80609756097561,5.0476190476190474,17.65341812400636,33,3,50,0.2,0.5,0.5,inheritance,inheritance,inheritance
1660,252,588,0.2,0.5,0.5,15.203012048192772,5.031746031746032,17.846938775510203,34,3,50,0.2,0.5,0.5,inheritance,inheritance,inheritance
1653,267,580,0.2,0.5,0.5,15.853599516031458,5.228464419475656,17.948275862068964,35,3,50,0.2,0.5,0.5,inheritance,inheritance,inheritance
1668,275,557,0.2,0.5,0.5,16.386690647482013,5.581818181818182,18.005385996409334,36,3,50,0.2,0.5,0.5,inheritance,inheritance,inheritance
1656,294,550,0.20000000000000004,0.5,0.5,16.864734299516908,5.5646258503401365,17.67818181818182,37,3,50,0.2,0.5,0.5,inheritance,inheritance,inheritance
1658,306,536,0.2,0.5,0.5,17.390229191797346,5.57516339869281,17.350746268656717,38,3,50,0.2,0.5,0.5,inheritance,inheritance,inheritance
1644,338,518,0.19999999999999998,0.5,0.5,17.891727493917276,5.579881656804734,17.02123552123552,39,3,50,0.2,0.5,0.5,inheritance,inheritance,inheritance
1612,380,508,0.19999999999999998,0.5,0.5,18.460918114143922,5.628947368421053,17.403543307086615,40,3,50,0.2,0.5,0.5,inheritance,inheritance,inheritance
1588,404,508,0.2,0.5,0.5,19.080604534005037,5.685643564356436,16.966535433070867,41,3,50,0.2,0.5,0.5,inheritance,inheritance,inheritance
1560,437,503,0.2,0.5,0.5,19.523076923076925,5.5720823798627,16.147117296222664,42,3,50,0.2,0.5,0.5,inheritance,inheritance,inheritance
1533,461,506,0.19999999999999998,0.5,0.5,20.07045009784736,5.7440347071583515,15.745059288537549,43,3,50,0.2,0.5,0.5,inheritance,inheritance,inheritance
1503,484,513,0.19999999999999998,0.5,0.5,20.676646706586826,5.809917355371901,15.173489278752436,44,3,50,0.2,0.5,0.5,inheritance,inheritance,inheritance
1460,505,535,0.2,0.5,0.5,21.20068493150685,5.786138613861386,14.388785046728971,45,3,50,0.2,0.5,0.5,inheritance,inheritance,inheritance
1425,529,546,0.19999999999999996,0.5,0.5,21.52701754385965,5.981096408317581,13.64102564102564,46,3,50,0.2,0.5,0.5,inheritance,inheritance,inheritance
1379,572,549,0.19999999999999996,0.5,0.5,21.876722262509066,6.0472027972027975,13.37704918032787,47,3,50,0.2,0.5,0.5,inheritance,inheritance,inheritance
1328,599,573,0.19999999999999998,0.5,0.5,22.397590361445783,6.156928213689483,12.74694589877836,48,3,50,0.2,0.5,0.5,inheritance,inheritance,inheritance
1276,628,596,0.19999999999999996,0.5,0.5,22.842476489028215,6.178343949044586,12.406040268456376,49,3,50,0.2,0.5,0.5,inheritance,inheritance,inheritance
1218,648,634,0.19999999999999998,0.5,0.5,23.302134646962234,6.257716049382716,11.943217665615142,50,3,50,0.2,0.5,0.5,inheritance,inheritance,inheritance
1166,670,664,0.19999999999999998,0.5,0.5,23.547169811320753,6.371641791044776,11.55421686746988,51,3,50,0.2,0.5,0.5,inheritance,inheritance,inheritance
1125,691,684,0.19999999999999996,0.5,0.5,23.722666666666665,6.542691751085384,11.2046783625731,52,3,50,0.2,0.5,0.5,inheritance,inheritance,inheritance
1078,686,736,0.19999999999999996,0.5,0.5,24.04638218923933,6.702623906705539,11.027173913043478,53,3,50,0.2,0.5,0.5,inheritance,inheritance,inheritance
1024,692,784,0.20000000000000004,0.5,0.5,24.1220703125,6.692196531791907,11.00765306122449,54,3,50,0.2,0.5,0.5,inheritance,inheritance,inheritance
980,693,827,0.20000000000000004,0.5,0.5,24.281632653061223,6.84992784992785,11.019347037484884,55,3,50,0.2,0.5,0.5,inheritance,inheritance,inheritance
932,702,866,0.20000000000000004,0.5,0.5,24.30793991416309,7.1923076923076925,11.105080831408776,56,3,50,0.2,0.5,0.5,inheritance,inheritance,inheritance
900,727,873,0.2,0.5,0.5,23.465555555555557,7.301237964236589,11.18098510882016,57,3,50,0.2,0.5,0.5,inheritance,inheritance,inheritance
863,729,908,0.20000000000000004,0.5,0.5,23.069524913093858,7.440329218106996,11.265418502202643,58,3,50,0.2,0.5,0.5,inheritance,inheritance,inheritance
825,730,945,0.2,0.5,0.5,22.543030303030303,7.476712328767123,11.375661375661375,59,3,50,0.2,0.5,0.5,inheritance,inheritance,inheritance
800,711,989,0.2,0.5,0.5,22.02,7.625879043600563,11.399393326592518,60,3,50,0.2,0.5,0.5,inheritance,inheritance,inheritance
783,696,1021,0.19999999999999996,0.5,0.5,21.565772669220944,7.704022988505747,11.50048971596474,61,3,50,0.2,0.5,0.5,inheritance,inheritance,inheritance
760,683,1057,0.2,0.5,0.5,21.19078947368421,7.7701317715959,11.55345316934721,62,3,50,0.2,0.5,0.5,inheritance,inheritance,inheritance
730,688,1082,0.2,0.5,0.5,20.198630136986303,7.840116279069767,11.660813308687615,63,3,50,0.2,0.5,0.5,inheritance,inheritance,inheritance
716,697,1087,0.19999999999999998,0.5,0.5,19.23324022346369,8.08751793400287,11.941122355105795,64,3,50,0.2,0.5,0.5,inheritance,inheritance,inheritance
700,693,1107,0.19999999999999996,0.5,0.5,18.59,8.164502164502165,12.305329719963867,65,3,50,0.2,0.5,0.5,inheritance,inheritance,inheritance
675,678,1147,0.19999999999999996,0.5,0.5,17.847407407407406,8.268436578171091,12.482999128160419,66,3,50,0.2,0.5,0.5,inheritance,inheritance,inheritance
675,640,1185,0.19999999999999996,0.5,0.5,17.205925925925925,8.4,12.668354430379747,67,3,50,0.2,0.5,0.5,inheritance,inheritance,inheritance
678,619,1203,0.19999999999999996,0.5,0.5,16.63126843657817,8.720516962843295,12.86118038237739,68,3,50,0.2,0.5,0.5,inheritance,inheritance,inheritance
679,591,1230,0.19999999999999998,0.5,0.5,15.777614138438881,8.89678510998308,13.060975609756097,69,3,50,0.2,0.5,0.5,inheritance,inheritance,inheritance
686,569,1245,0.19999999999999998,0.5,0.5,15.048104956268222,9.075571177504393,13.28995983935743,70,3,50,0.2,0.5,0.5,inheritance,inheritance,inheritance
697,527,1276,0.19999999999999996,0.5,0.5,15.024390243902438,9.421252371916509,13.378526645768025,71,3,50,0.2,0.5,0.5,inheritance,inheritance,inheritance
714,484,1302,0.19999999999999998,0.5,0.5,15.008403361344538,9.588842975206612,13.615975422427036,72,3,50,0.2,0.5,0.5,inheritance,inheritance,inheritance
743,443,1314,0.19999999999999996,0.5,0.5,14.880215343203231,10.01805869074492,13.82876712328767,73,3,50,0.2,0.5,0.5,inheritance,inheritance,inheritance
763,409,1328,0.19999999999999998,0.5,0.5,14.7391874180865,10.334963325183374,14.131777108433734,74,3,50,0.2,0.5,0.5,inheritance,inheritance,inheritance
783,385,1332,0.19999999999999996,0.5,0.5,14.909323116219667,10.688311688311689,14.602102102102101,75,3,50,0.2,0.5,0.5,inheritance,inheritance,inheritance
815,365,1320,0.2,0.5,0.5,14.633128834355828,10.794520547945206,14.884848484848485,76,3,50,0.2,0.5,0.5,inheritance,inheritance,inheritance
846,331,1323,0.19999999999999998,0.5,0.5,14.533096926713949,10.637462235649547,15.08087679516251,77,3,50,0.2,0.5,0.5,inheritance,inheritance,inheritance
875,303,1322,0.2,0.5,0.5,14.616,10.544554455445544,15.29803328290469,78,3,50,0.2,0.5,0.5,inheritance,inheritance,inheritance
908,261,1331,0.20000000000000004,0.5,0.5,14.679515418502202,10.628352490421456,15.442524417731029,79,3,50,0.2,0.5,0.5,inheritance,inheritance,inheritance
943,242,1315,0.2,0.5,0.5,14.634146341463415,10.512396694214877,15.716349809885932,80,3,50,0.2,0.5,0.5,inheritance,inheritance,inheritance
990,221,1289,0.20000000000000004,0.5,0.5,14.639393939393939,10.656108597285067,16.07757951900698,81,3,50,0.2,0.5,0.5,inheritance,inheritance,inheritance
1030,212,1258,0.20000000000000004,0.5,0.5,14.749514563106796,10.028301886792454,16.515103338632752,82,3,50,0.2,0.5,0.5,inheritance,inheritance,inheritance
1052,194,1254,0.19999999999999998,0.5,0.5,15.037072243346008,9.123711340206185,16.658692185007975,83,3,50,0.2,0.5,0.5,inheritance,inheritance,inheritance
1095,178,1227,0.19999999999999998,0.5,0.5,15.058447488584475,8.573033707865168,16.988590057049716,84,3,50,0.2,0.5,0.5,inheritance,inheritance,inheritance
1124,171,1205,0.19999999999999996,0.5,0.5,15.140569395017794,7.777777777777778,17.239004149377593,85,3,50,0.2,0.5,0.5,inheritance,inheritance,inheritance
1145,176,1179,0.2,0.5,0.5,15.303056768558951,6.926136363636363,17.608142493638677,86,3,50,0.2,0.5,0.5,inheritance,inheritance,inheritance
1186,163,1151,0.19999999999999998,0.5,0.5,15.594435075885329,6.3128834355828225,17.927019982623804,87,3,50,0.2,0.5,0.5,inheritance,inheritance,inheritance
1220,160,1120,0.2,0.5,0.5,15.736065573770492,6.25625,18.15892857142857,88,3,50,0.2,0.5,0.5,inheritance,inheritance,inheritance
1235,170,1095,0.19999999999999998,0.5,0.5,16.09068825910931,5.870588235294117,18.34429223744292,89,3,50,0.2,0.5,0.5,inheritance,inheritance,inheritance
1259,173,1068,0.19999999999999996,0.5,0.5,16.378077839555203,5.566473988439307,18.691011235955056,90,3,50,0.2,0.5,0.5,inheritance,inheritance,inheritance
1291,173,1036,0.19999999999999998,0.5,0.5,16.756003098373355,5.884393063583815,18.93243243243243,91,3,50,0.2,0.5,0.5,inheritance,inheritance,inheritance
1313,171,1016,0.19999999999999998,0.5,0.5,17.217060167555218,6.216374269005848,19.4753937007874,92,3,50,0.2,0.5,0.5,inheritance,inheritance,inheritance
1350,174,976,0.19999999999999996,0.5,0.5,17.35333333333333,6.160919540229885,19.76844262295082,93,3,50,0.2,0.5,0.5,inheritance,inheritance,inheritance
1367,169,964,0.19999999999999998,0.5,0.5,17.758595464520848,6.177514792899408,19.988589211618258,94,3,50,0.2,0.5,0.5,inheritance,inheritance,inheritance
1409,167,924,0.19999999999999996,0.5,0.5,17.925479063165366,6.221556886227545,20.04004329004329,95,3,50,0.2,0.5,0.5,inheritance,inheritance,inheritance
1430,176,894,0.19999999999999996,0.5,0.5,18.18041958041958,5.886363636363637,20.074944071588366,96,3,50,0.2,0.5,0.5,inheritance,inheritance,inheritance
1430,192,878,0.19999999999999996,0.5,0.5,18.770629370629372,5.677083333333333,20.548974943052393,97,3,50,0.2,0.5,0.5,inheritance,inheritance,inheritance
1448,204,848,0.2,0.5,0.5,18.991022099447513,5.303921568627451,20.704009433962263,98,3,50,0.2,0.5,0.5,inheritance,inheritance,inheritance
1466,209,825,0.19999999999999998,0.5,0.5,19.35675306957708,5.655502392344498,20.84121212121212,99,3,50,0.2,0.5,0.5,inheritance,inheritance,inheritance
1468,231,801,0.2,0.5,0.5,19.725476839237057,5.640692640692641,21.11485642946317,100,3,50,0.2,0.5,0.5,inheritance,inheritance,inheritance
1472,243,785,0.19999999999999998,0.5,0.5,20.34986413043478,5.720164609053498,21.347770700636943,101,3,50,0.2,0.5,0.5,inheritance,inheritance,inheritance
1456,275,769,0.19999999999999998,0.5,0.5,20.70054945054945,5.512727272727273,21.479843953185956,102,3,50,0.2,0.5,0.5,inheritance,inheritance,inheritance
1436,298,766,0.19999999999999996,0.5,0.5,21.12674094707521,5.74496644295302,21.740208877284594,103,3,50,0.2,0.5,0.5,inheritance,inheritance,inheritance
1435,317,748,0.2,0.5,0.5,21.361672473867596,5.902208201892744,21.63235294117647,104,3,50,0.2,0.5,0.5,inheritance,inheritance,inheritance
1438,323,739,0.19999999999999998,0.5,0.5,21.764255910987483,6.185758513931889,21.422192151556157,105,3,50,0.2,0.5,0.5,inheritance,inheritance,inheritance
1450,343,707,0.2,0.5,0.5,21.722758620689657,6.244897959183674,21.321074964639323,106,3,50,0.2,0.5,0.5,inheritance,inheritance,inheritance
1444,356,700,0.19999999999999996,0.5,0.5,22.06994459833795,6.432584269662922,21.571428571428573,107,3,50,0.2,0.5,0.5,inheritance,inheritance,inheritance
1443,356,701,0.2,0.5,0.5,22.314622314622316,6.382022471910112,21.125534950071327,108,3,50,0.2,0.5,0.5,inheritance,inheritance,inheritance
1436,368,696,0.19999999999999996,0.5,0.5,22.4491643454039,6.380434782608695,20.945402298850574,109,3,50,0.2,0.5,0.5,inheritance,inheritance,inheritance
1433,388,679,0.19999999999999998,0.5,0.5,22.61618981158409,6.579896907216495,20.742268041237114,110,3,50,0.2,0.5,0.5,inheritance,inheritance,inheritance
1423,408,669,0.19999999999999993,0.5,0.5,22.665495432185523,6.632352941176471,20.260089686098656,111,3,50,0.2,0.5,0.5,inheritance,inheritance,inheritance
1400,434,666,0.2,0.5,0.5,22.947857142857142,6.755760368663594,19.995495495495497,112,3,50,0.2,0.5,0.5,inheritance,inheritance,inheritance
1381,461,658,0.19999999999999996,0.5,0.5,23.0065170166546,6.934924078091107,19.61854103343465,113,3,50,0.2,0.5,0.5,inheritance,inheritance,inheritance
1362,475,663,0.19999999999999998,0.5,0.5,23.243759177679884,7.086315789473685,19.173453996983408,114,3,50,0.2,0.5,0.5,inheritance,inheritance,inheritance
1350,499,651,0.19999999999999996,0.5,0.5,23.22222222222222,7.206412825651302,18.57603686635945,115,3,50,0.2,0.5,0.5,inheritance,inheritance,inheritance
1334,509,657,0.19999999999999996,0.5,0.5,23.28335832083958,7.398821218074656,17.951293759512936,116,3,50,0.2,0.5,0.5,inheritance,inheritance,inheritance
1309,509,682,0.19999999999999996,0.5,0.5,23.569136745607334,7.504911591355599,17.299120234604107,117,3,50,0.2,0.5,0.5,inheritance,inheritance,inheritance
1285,528,687,0.19999999999999996,0.5,0.5,23.58988326848249,7.738636363636363,17.077147016011644,118,3,50,0.2,0.5,0.5,inheritance,inheritance,inheritance
1260,557,683,0.19999999999999998,0.5,0.5,23.737301587301587,7.937163375224417,17.019033674963396,119,3,50,0.2,0.5,0.5,inheritance,inheritance,inheritance
1212,578,710,0.19999999999999998,0.5,0.5,23.856435643564357,7.899653979238754,16.51830985915493,120,3,50,0.2,0.5,0.5,inheritance,inheritance,inheritance
1190,580,730,0.2,0.5,0.5,24.08823529411765,8.0,15.813698630136987,121,3,50,0.2,0.5,0.5,inheritance,inheritance,inheritance
1137,605,758,0.19999999999999998,0.5,0.5,24.02550571679859,7.9702479338842975,15.4155672823219,122,3,50,0.2,0.5,0.5,inheritance,inheritance,inheritance
1112,604,784,0.19999999999999998,0.5,0.5,24.217625899280577,8.06953642384106,14.75765306122449,123,3,50,0.2,0.5,0.5,inheritance,inheritance,inheritance
1095,578,827,0.19999999999999998,0.5,0.5,23.979908675799088,8.09515570934256,14.021765417170496,124,3,50,0.2,0.5,0.5,inheritance,inheritance,inheritance
1074,581,845,0.19999999999999998,0.5,0.5,24.150837988826815,8.333907056798623,13.994082840236686,125,3,50,0.2,0.5,0.5,inheritance,inheritance,inheritance
1045,573,882,0.2,0.5,0.5,24.19138755980861,8.228621291448517,13.552154195011338,126,3,50,0.2,0.5,0.5,inheritance,inheritance,inheritance
1009,572,919,0.2,0.5,0.5,24.374628344895935,8.312937062937063,13.732317736670295,127,3,50,0.2,0.5,0.5,inheritance,inheritance,inheritance
971,574,955,0.20000000000000004,0.5,0.5,24.256436663233778,7.90418118466899,13.527748691099477,128,3,50,0.2,0.5,0.5,inheritance,inheritance,inheritance
942,566,992,0.20000000000000004,0.5,0.5,24.66135881104034,7.9522968197879855,13.490927419354838,129,3,50,0.2,0.5,0.5,inheritance,inheritance,inheritance
906,568,1026,0.2,0.5,0.5,24.716335540838852,7.947183098591549,13.620857699805068,130,3,50,0.2,0.5,0.5,inheritance,inheritance,inheritance
885,541,1074,0.2,0.5,0.5,24.458757062146894,8.068391866913124,13.309124767225326,131,3,50,0.2,0.5,0.5,inheritance,inheritance,inheritance
860,546,1094,0.2,0.5,0.5,24.440697674418605,8.005494505494505,13.606032906764169,132,3,50,0.2,0.5,0.5,inheritance,inheritance,inheritance
829,538,1133,0.19999999999999998,0.5,0.5,24.819059107358264,8.074349442379182,13.818181818181818,133,3,50,0.2,0.5,0.5,inheritance,inheritance,inheritance
822,508,1170,0.19999999999999998,0.5,0.5,24.496350364963504,8.163385826771654,13.894871794871795,134,3,50,0.2,0.5,0.5,inheritance,inheritance,inheritance
796,520,1184,0.19999999999999998,0.5,0.5,24.16331658291457,8.009615384615385,14.171452702702704,135,3,50,0.2,0.5,0.5,inheritance,inheritance,inheritance
772,508,1220,0.19999999999999998,0.5,0.5,24.297927461139896,7.927165354330708,14.37622950819672,136,3,50,0.2,0.5,0.5,inheritance,inheritance,inheritance
747,501,1252,0.19999999999999998,0.5,0.5,24.09103078982597,7.69061876247505,14.646964856230031,137,3,50,0.2,0.5,0.5,inheritance,inheritance,inheritance
731,479,1290,0.19999999999999998,0.5,0.5,23.781121751025992,7.680584551148225,14.850387596899225,138,3,50,0.2,0.5,0.5,inheritance,inheritance,inheritance
698,488,1314,0.19999999999999996,0.5,0.5,23.30515759312321,7.633196721311475,15.293759512937594,139,3,50,0.2,0.5,0.5,inheritance,inheritance,inheritance
684,488,1328,0.19999999999999998,0.5,0.5,22.74122807017544,7.694672131147541,15.674698795180722,140,3,50,0.2,0.5,0.5,inheritance,inheritance,inheritance
673,487,1340,0.19999999999999996,0.5,0.5,22.481426448736997,7.80082135523614,16.02686567164179,141,3,50,0.2,0.5,0.5,inheritance,inheritance,inheritance
663,472,1365,0.19999999999999996,0.5,0.5,21.80241327300151,7.885593220338983,16.364835164835164,142,3,50,0.2,0.5,0.5,inheritance,inheritance,inheritance
651,465,1384,0.19999999999999998,0.5,0.5,21.27956989247312,8.133333333333333,16.69942196531792,143,3,50,0.2,0.5,0.5,inheritance,inheritance,inheritance
642,441,1417,0.19999999999999996,0.5,0.5,20.99221183800623,8.24716553287982,16.87861679604799,144,3,50,0.2,0.5,0.5,inheritance,inheritance,inheritance
641,434,1425,0.19999999999999998,0.5,0.5,20.413416536661465,8.444700460829493,17.249122807017542,145,3,50,0.2,0.5,0.5,inheritance,inheritance,inheritance
644,432,1424,0.19999999999999998,0.5,0.5,19.27173913043478,8.43287037037037,17.560393258426966,146,3,50,0.2,0.5,0.5,inheritance,inheritance,inheritance
643,430,1427,0.19999999999999998,0.5,0.5,18.194401244167963,8.402325581395349,17.983882270497546,147,3,50,0.2,0.5,0.5,inheritance,inheritance,inheritance
663,417,1420,0.19999999999999996,0.5,0.5,17.497737556561084,8.517985611510792,18.199295774647887,148,3,50,0.2,0.5,0.5,inheritance,inheritance,inheritance
683,410,1407,0.19999999999999996,0.5,0.5,16.939970717423133,8.514634146341463,18.497512437810947,149,3,50,0.2,0.5,0.5,inheritance,inheritance,inheritance
689,382,1429,0.19999999999999993,0.5,0.5,16.39187227866473,8.188481675392671,18.5815255423373,150,3,50,0.2,0.5,0.5,inheritance,inheritance,inheritance
709,361,1430,0.19999999999999993,0.5,0.5,16.056417489421722,8.426592797783934,18.83076923076923,151,3,50,0.2,0.5,0.5,inheritance,inheritance,inheritance
731,342,1427,0.19999999999999998,0.5,0.5,15.979480164158687,8.941520467836257,19.166082690960057,152,3,50,0.2,0.5,0.5,inheritance,inheritance,inheritance
751,324,1425,0.19999999999999998,0.5,0.5,15.400798934753661,9.123456790123457,19.44421052631579,153,3,50,0.2,0.5,0.5,inheritance,inheritance,inheritance
776,295,1429,0.19999999999999998,0.5,0.5,15.311855670103093,9.308474576271186,19.691392582225333,154,3,50,0.2,0.5,0.5,inheritance,inheritance,inheritance
800,287,1413,0.2,0.5,0.5,14.8125,9.18815331010453,20.129511677282377,155,3,50,0.2,0.5,0.5,inheritance,inheritance,inheritance
822,265,1413,0.19999999999999998,0.5,0.5,14.78345498783455,8.939622641509434,20.416135881104033,156,3,50,0.2,0.5,0.5,inheritance,inheritance,inheritance
850,241,1409,0.2,0.5,0.5,14.75294117647059,8.925311203319502,20.742370475514548,157,3,50,0.2,0.5,0.5,inheritance,inheritance,inheritance
868,213,1419,0.20000000000000004,0.5,0.5,14.887096774193548,8.755868544600938,20.90415785764623,158,3,50,0.2,0.5,0.5,inheritance,inheritance,inheritance
879,204,1417,0.2,0.5,0.5,14.860068259385665,7.970588235294118,21.153140437544106,159,3,50,0.2,0.5,0.5,inheritance,inheritance,inheritance
909,179,1412,0.2,0.5,0.5,14.915291529152915,7.804469273743017,21.32932011331445,160,3,50,0.2,0.5,0.5,inheritance,inheritance,inheritance
937,163,1400,0.20000000000000004,0.5,0.5,14.961579509071505,7.116564417177914,21.45642857142857,161,3,50,0.2,0.5,0.5,inheritance,inheritance,inheritance
964,157,1379,0.2,0.5,0.5,14.900414937759336,5.910828025477707,21.656997824510515,162,3,50,0.2,0.5,0.5,inheritance,inheritance,inheritance
1001,145,1354,0.20000000000000004,0.5,0.5,14.985014985014985,5.951724137931034,22.028803545051698,163,3,50,0.2,0.5,0.5,inheritance,inheritance,inheritance
1021,160,1319,0.2,0.5,0.5,15.082272282076396,5.59375,22.6027293404094,164,3,50,0.2,0.5,0.5,inheritance,inheritance,inheritance
1030,185,1285,0.20000000000000004,0.5,0.5,15.018446601941747,5.07027027027027,23.20622568093385,165,3,50,0.2,0.5,0.5,inheritance,inheritance,inheritance
1048,190,1262,0.19999999999999998,0.5,0.5,15.154580152671755,5.257894736842105,23.72107765451664,166,3,50,0.2,0.5,0.5,inheritance,inheritance,inheritance
1066,200,1234,0.19999999999999998,0.5,0.5,15.309568480300188,5.395,24.28930307941653,167,3,50,0.2,0.5,0.5,inheritance,inheritance,inheritance
1082,203,1215,0.19999999999999998,0.5,0.5,15.451940850277264,5.413793103448276,24.60329218106996,168,3,50,0.2,0.5,0.5,inheritance,inheritance,inheritance
1109,207,1184,0.19999999999999996,0.5,0.5,15.535617673579802,5.473429951690822,24.956925675675677,169,3,50,0.2,0.5,0.5,inheritance,inheritance,inheritance
1144,203,1153,0.19999999999999998,0.5,0.5,15.742132867132867,5.600985221674877,25.287944492627926,170,3,50,0.2,0.5,0.5,inheritance,inheritance,inheritance
1181,207,1112,0.19999999999999996,0.5,0.5,15.769686706181202,5.859903381642512,25.56294964028777,171,3,50,0.2,0.5,0.5,inheritance,inheritance,inheritance
1208,207,1085,0.19999999999999998,0.5,0.5,15.92384105960265,6.057971014492754,25.84331797235023,172,3,50,0.2,0.5,0.5,inheritance,inheritance,inheritance
1224,222,1054,0.19999999999999998,0.5,0.5,16.041666666666668,5.986486486486487,26.342504743833018,173,3,50,0.2,0.5,0.5,inheritance,inheritance,inheritance
1240,238,1022,0.19999999999999998,0.5,0.5,16.27983870967742,5.84453781512605,26.584148727984346,174,3,50,0.2,0.5,0.5,inheritance,inheritance,inheritance
1265,241,994,0.19999999999999996,0.5,0.5,16.45928853754941,5.755186721991701,26.748490945674043,175,3,50,0.2,0.5,0.5,inheritance,inheritance,inheritance
1284,251,965,0.19999999999999996,0.5,0.5,16.557632398753896,5.800796812749004,26.7419689119171,176,3,50,0.2,0.5,0.5,inheritance,inheritance,inheritance
1301,268,931,0.19999999999999998,0.5,0.5,16.653343581860106,5.955223880597015,26.723952738990334,177,3,50,0.2,0.5,0.5,inheritance,inheritance,inheritance
1301,288,911,0.19999999999999998,0.5,0.5,17.049192928516526,6.079861111111111,26.817782656421514,178,3,50,0.2,0.5,0.5,inheritance,inheritance,inheritance
1310,287,903,0.2,0.5,0.5,17.372519083969465,6.0,26.39091915836102,179,3,50,0.2,0.5,0.5,inheritance,inheritance,inheritance
1324,291,885,0.19999999999999996,0.5,0.5,17.599697885196374,6.027491408934708,26.131073446327683,180,3,50,0.2,0.5,0.5,inheritance,inheritance,inheritance
1339,304,857,0.19999999999999996,0.5,0.5,17.80806572068708,5.983552631578948,26.127187864644107,181,3,50,0.2,0.5,0.5,inheritance,inheritance,inheritance
1352,313,835,0.19999999999999998,0.5,0.5,18.167899408284022,6.121405750798722,25.991616766467065,182,3,50,0.2,0.5,0.5,inheritance,inheritance,inheritance
1352,335,813,0.19999999999999998,0.5,0.5,18.31360946745562,6.074626865671642,25.809348093480935,183,3,50,0.2,0.5,0.5,inheritance,inheritance,inheritance
1350,350,800,0.19999999999999996,0.5,0.5,18.607407407407408,6.162857142857143,25.82875,184,3,50,0.2,0.5,0.5,inheritance,inheritance,inheritance
1348,360,792,0.19999999999999998,0.5,0.5,19.043026706231455,6.5,25.751262626262626,185,3,50,0.2,0.5,0.5,inheritance,inheritance,inheritance
1351,369,780,0.19999999999999996,0.5,0.5,19.133974833456698,6.623306233062331,25.215384615384615,186,3,50,0.2,0.5,0.5,inheritance,inheritance,inheritance
1355,367,778,0.19999999999999996,0.5,0.5,19.381549815498154,6.825613079019074,24.847043701799485,187,3,50,0.2,0.5,0.5,inheritance,inheritance,inheritance
1344,393,763,0.19999999999999996,0.5,0.5,19.633928571428573,6.765903307888041,24.498034076015728,188,3,50,0.2,0.5,0.5,inheritance,inheritance,inheritance
1331,407,762,0.19999999999999996,0.5,0.5,19.845229151014276,6.621621621621622,23.664041994750654,189,3,50,0.2,0.5,0.5,inheritance,inheritance,inheritance
1319,430,751,0.19999999999999996,0.5,0.5,20.007581501137224,6.625581395348838,23.579227696404793,190,3,50,0.2,0.5,0.5,inheritance,inheritance,inheritance
1319,423,758,0.19999999999999996,0.5,0.5,20.083396512509477,6.747044917257683,22.54221635883905,191,3,50,0.2,0.5,0.5,inheritance,inheritance,inheritance
1312,431,757,0.19999999999999998,0.5,0.5,20.588414634146343,6.890951276102088,22.5891677675033,192,3,50,0.2,0.5,0.5,inheritance,inheritance,inheritance
1304,448,748,0.19999999999999996,0.5,0.5,20.671779141104295,6.854910714285714,22.328877005347593,193,3,50,0.2,0.5,0.5,inheritance,inheritance,inheritance
1295,465,740,0.19999999999999996,0.5,0.5,20.91969111969112,6.952688172043011,21.771621621621623,194,3,50,0.2,0.5,0.5,inheritance,inheritance,inheritance
1275,479,746,0.19999999999999998,0.5,0.5,21.15921568627451,6.843423799582464,21.005361930294907,195,3,50,0.2,0.5,0.5,inheritance,inheritance,inheritance
1252,489,759,0.19999999999999998,0.5,0.5,21.412939297124602,6.995910020449898,20.246376811594203,196,3,50,0.2,0.5,0.5,inheritance,inheritance,inheritance
1201,522,777,0.19999999999999998,0.5,0.5,21.479600333055785,6.716475095785441,19.53024453024453,197,3,50,0.2,0.5,0.5,inheritance,inheritance,inheritance
1182,526,792,0.19999999999999998,0.5,0.5,21.625211505922167,6.73574144486692,18.518939393939394,198,3,50,0.2,0.5,0.5,inheritance,inheritance,inheritance
1158,533,809,0.19999999999999998,0.5,0.5,21.758203799654577,6.686679174484053,17.867737948084056,199,3,50,0.2,0.5,0.5,inheritance,inheritance,inheritance
1124,546,830,0.19999999999999996,0.5,0.5,22.141459074733095,6.631868131868132,17.57710843373494,200,3,50,0.2,0.5,0.5,inheritance,inheritance,inheritance
1114,535,851,0.19999999999999996,0.5,0.5,22.298922800718135,6.654205607476635,17.19858989424207,201,3,50,0.2,0.5,0.5,inheritance,inheritance,inheritance
1103,523,874,0.19999999999999996,0.5,0.5,22.388939256572982,6.772466539196941,16.30091533180778,202,3,50,0.2,0.5,0.5,inheritance,inheritance,inheritance
1083,529,888,0.19999999999999996,0.5,0.5,22.666666666666668,6.854442344045369,15.772522522522523,203,3,50,0.2,0.5,0.5,inheritance,inheritance,inheritance
1057,532,911,0.19999999999999998,0.5,0.5,22.947965941343426,7.054511278195489,15.56860592755214,204,3,50,0.2,0.5,0.5,inheritance,inheritance,inheritance
1025,540,935,0.20000000000000007,0.5,0.5,23.09560975609756,7.201851851851852,15.216042780748664,205,3,50,0.2,0.5,0.5,inheritance,inheritance,inheritance
1022,527,951,0.20000000000000004,0.5,0.5,23.468688845401175,7.645161290322581,15.481598317560463,206,3,50,0.2,0.5,0.5,inheritance,inheritance,inheritance
991,525,984,0.20000000000000004,0.5,0.5,23.470232088799193,7.763809523809524,15.239837398373984,207,3,50,0.2,0.5,0.5,inheritance,inheritance,inheritance
967,528,1005,0.20000000000000004,0.5,0.5,23.432264736297828,7.7272727272727275,14.964179104477612,208,3,50,0.2,0.5,0.5,inheritance,inheritance,inheritance
954,507,1039,0.2,0.5,0.5,23.70754716981132,7.838264299802761,14.977863330125121,209,3,50,0.2,0.5,0.5,inheritance,inheritance,inheritance
930,511,1059,0.20000000000000004,0.5,0.5,23.770967741935483,7.6399217221135025,15.06515580736544,210,3,50,0.2,0.5,0.5,inheritance,inheritance,inheritance
918,498,1084,0.2,0.5,0.5,24.144880174291938,7.757028112449799,15.25830258302583,211,3,50,0.2,0.5,0.5,inheritance,inheritance,inheritance
903,496,1101,0.20000000000000004,0.5,0.5,23.981173864894796,7.73991935483871,15.572207084468666,212,3,50,0.2,0.5,0.5,inheritance,inheritance,inheritance
887,482,1131,0.2,0.5,0.5,23.923337091319052,7.726141078838174,15.680813439434129,213,3,50,0.2,0.5,0.5,inheritance,inheritance,inheritance
868,480,1152,0.20000000000000004,0.5,0.5,23.85599078341014,7.827083333333333,16.01736111111111,214,3,50,0.2,0.5,0.5,inheritance,inheritance,inheritance
852,481,1167,0.2,0.5,0.5,23.830985915492956,7.958419958419959,16.232219365895457,215,3,50,0.2,0.5,0.5,inheritance,inheritance,inheritance
840,481,1179,0.2,0.5,0.5,23.548809523809524,7.9397089397089395,16.314673452078033,216,3,50,0.2,0.5,0.5,inheritance,inheritance,inheritance
832,459,1209,0.2,0.5,0.5,22.80528846153846,7.819172113289761,16.068651778329198,217,3,50,0.2,0.5,0.5,inheritance,inheritance,inheritance
822,454,1224,0.19999999999999998,0.5,0.5,22.456204379562045,7.9493392070484585,16.209150326797385,218,3,50,0.2,0.5,0.5,inheritance,inheritance,inheritance
823,450,1227,0.19999999999999998,0.5,0.5,21.680437424058322,7.9511111111111115,16.457212713936432,219,3,50,0.2,0.5,0.5,inheritance,inheritance,inheritance
823,440,1237,0.19999999999999998,0.5,0.5,21.001215066828674,7.711363636363636,16.64672594987874,220,3,50,0.2,0.5,0.5,inheritance,inheritance,inheritance
825,427,1248,0.2,0.5,0.5,20.71878787878788,7.73536299765808,16.818108974358974,221,3,50,0.2,0.5,0.5,inheritance,inheritance,inheritance
834,410,1256,0.2,0.5,0.5,20.256594724220623,7.787804878048781,16.811305732484076,222,3,50,0.2,0.5,0.5,inheritance,inheritance,inheritance
844,389,1267,0.2,0.5,0.5,20.177725118483412,8.023136246786633,17.108129439621152,223,3,50,0.2,0.5,0.5,inheritance,inheritance,inheritance
821,411,1268,0.19999999999999998,0.5,0.5,19.69427527405603,7.744525547445256,17.58832807570978,224,3,50,0.2,0.5,0.5,inheritance,inheritance,inheritance
817,406,1277,0.19999999999999998,0.5,0.5,19.223990208078334,7.566502463054187,17.83868441660141,225,3,50,0.2,0.5,0.5,inheritance,inheritance,inheritance
817,403,1280,0.19999999999999998,0.5,0.5,18.679314565483477,7.749379652605459,18.16875,226,3,50,0.2,0.5,0.5,inheritance,inheritance,inheritance
827,384,1289,0.2,0.5,0.5,18.146311970979443,8.026041666666666,18.30643910007758,227,3,50,0.2,0.5,0.5,inheritance,inheritance,inheritance
844,374,1282,0.2,0.5,0.5,17.630331753554504,7.919786096256685,18.631045241809673,228,3,50,0.2,0.5,0.5,inheritance,inheritance,inheritance
852,363,1285,0.2,0.5,0.5,17.107981220657276,7.771349862258953,18.67704280155642,229,3,50,0.2,0.5,0.5,inheritance,inheritance,inheritance
860,350,1290,0.2,0.5,0.5,17.038372093023256,7.791428571428572,18.9015503875969,230,3,50,0.2,0.5,0.5,inheritance,inheritance,inheritance
890,324,1286,0.2,0.5,0.5,16.721348314606743,7.919753086419753,18.855365474339035,231,3,50,0.2,0.5,0.5,inheritance,inheritance,inheritance
897,324,1279,0.20000000000000004,0.5,0.5,16.765886287625417,7.830246913580247,19.225175918686475,232,3,50,0.2,0.5,0.5,inheritance,inheritance,inheritance
924,327,1249,0.2,0.5,0.5,16.56168831168831,8.061162079510703,19.44515612489992,233,3,50,0.2,0.5,0.5,inheritance,inheritance,inheritance
938,321,1241,0.2,0.5,0.5,16.590618336886994,7.984423676012461,19.73730862207897,234,3,50,0.2,0.5,0.5,inheritance,inheritance,inheritance
957,317,1226,0.2,0.5,0.5,16.523510971786834,8.126182965299684,20.004078303425775,235,3,50,0.2,0.5,0.5,inheritance,inheritance,inheritance
969,319,1212,0.2,0.5,0.5,16.519091847265223,8.16614420062696,20.103135313531354,236,3,50,0.2,0.5,0.5,inheritance,inheritance,inheritance
982,307,1211,0.20000000000000004,0.5,0.5,16.531568228105908,8.501628664495113,20.309661436829067,237,3,50,0.2,0.5,0.5,inheritance,inheritance,inheritance
1006,289,1205,0.2,0.5,0.5,16.577534791252486,8.705882352941176,20.46473029045643,238,3,50,0.2,0.5,0.5,inheritance,inheritance,inheritance
1019,285,1196,0.2,0.5,0.5,16.9450441609421,8.828070175438597,20.68645484949833,239,3,50,0.2,0.5,0.5,inheritance,inheritance,inheritance
1033,283,1184,0.2,0.5,0.5,17.205227492739592,8.713780918727915,20.96537162162162,240,3,50,0.2,0.5,0.5,inheritance,inheritance,inheritance
1059,276,1165,0.2,0.5,0.5,17.367327667610954,8.782608695652174,21.105579399141632,241,3,50,0.2,0.5,0.5,inheritance,inheritance,inheritance
1078,276,1146,0.19999999999999996,0.5,0.5,17.532467532467532,8.75,21.43106457242583,242,3,50,0.2,0.5,0.5,inheritance,inheritance,inheritance
1082,277,1141,0.19999999999999998,0.5,0.5,17.79112754158965,8.097472924187725,21.486415425065733,243,3,50,0.2,0.5,0.5,inheritance,inheritance,inheritance
1083,284,1133,0.19999999999999996,0.5,0.5,18.32594644506002,7.957746478873239,21.740511915269195,244,3,50,0.2,0.5,0.5,inheritance,inheritance,inheritance
1093,279,1128,0.19999999999999996,0.5,0.5,18.554437328453798,7.731182795698925,21.961879432624112,245,3,50,0.2,0.5,0.5,inheritance,inheritance,inheritance
1097,293,1110,0.19999999999999998,0.5,0.5,18.74840474020055,7.337883959044369,22.175675675675677,246,3,50,0.2,0.5,0.5,inheritance,inheritance,inheritance
1096,308,1096,0.19999999999999996,0.5,0.5,18.937043795620436,7.058441558441558,22.473540145985403,247,3,50,0.2,0.5,0.5,inheritance,inheritance,inheritance
1103,306,1091,0.19999999999999996,0.5,0.5,19.28921124206709,6.9869281045751634,22.54262144821265,248,3,50,0.2,0.5,0.5,inheritance,inheritance,inheritance
1116,309,1075,0.19999999999999996,0.5,0.5,19.43010752688172,6.8964401294498385,22.789767441860466,249,3,50,0.2,0.5,0.5,inheritance,inheritance,inheritance
1135,323,1042,0.19999999999999996,0.5,0.5,19.250220264317182,6.56656346749226,22.840690978886755,250,3,50,0.2,0.5,0.5,inheritance,inheritance,inheritance
1139,339,1022,0.19999999999999998,0.5,0.5,19.44776119402985,6.587020648967552,22.996086105675147,251,3,50,0.2,0.5,0.5,inheritance,inheritance,inheritance
1133,359,1008,0.19999999999999998,0.5,0.5,19.505736981465137,6.412256267409471,23.241071428571427,252,3,50,0.2,0.5,0.5,inheritance,inheritance,inheritance
1115,374,1011,0.19999999999999998,0.5,0.5,19.741704035874438,6.355614973262032,23.217606330365975,253,3,50,0.2,0.5,0.5,inheritance,inheritance,inheritance
1121,373,1006,0.19999999999999998,0.5,0.5,20.042818911685995,6.560321715817694,23.078528827037772,254,3,50,0.2,0.5,0.5,inheritance,inheritance,inheritance
1109,387,1004,0.19999999999999996,0.5,0.5,20.27141568981064,6.529715762273902,23.12350597609562,255,3,50,0.2,0.5,0.5,inheritance,inheritance,inheritance
1096,394,1010,0.19999999999999996,0.5,0.5,20.556569343065693,6.4847715736040605,22.6990099009901,256,3,50,0.2,0.5,0.5,inheritance,inheritance,inheritance
1093,400,1007,0.19999999999999996,0.5,0.5,20.774931381518755,6.6125,22.495531281032772,257,3,50,0.2,0.5,0.5,inheritance,inheritance,inheritance
1096,394,1010,0.19999999999999996,0.5,0.5,20.907846715328468,6.862944162436548,22.124752475247526,258,3,50,0.2,0.5,0.5,inheritance,inheritance,inheritance
1091,387,1022,0.19999999999999996,0.5,0.5,21.288725939505042,7.10594315245478,22.080234833659492,259,3,50,0.2,0.5,0.5,inheritance,inheritance,inheritance
1080,391,1029,0.19999999999999998,0.5,0.5,21.691666666666666,7.053708439897698,22.188532555879494,260,3,50,0.2,0.5,0.5,inheritance,inheritance,inheritance
1084,390,1026,0.19999999999999996,0.5,0.5,21.866236162361623,7.143589743589744,22.09551656920078,261,3,50,0.2,0.5,0.5,inheritance,inheritance,inheritance
1096,386,1018,0.19999999999999996,0.5,0.5,22.09397810218978,7.494818652849741,21.99901768172888,262,3,50,0.2,0.5,0.5,inheritance,inheritance,inheritance
1105,379,1016,0.19999999999999996,0.5,0.5,22.256108597285067,7.804749340369393,21.8248031496063,263,3,50,0.2,0.5,0.5,inheritance,inheritance,inheritance
1096,374,1030,0.19999999999999996,0.5,0.5,22.503649635036496,7.716577540106952,21.674757281553397,264,3,50,0.2,0.5,0.5,inheritance,inheritance,inheritance
1101,363,1036,0.19999999999999996,0.5,0.5,22.722070844686648,7.966942148760331,21.56949806949807,265,3,50,0.2,0.5,0.5,inheritance,inheritance,inheritance
1103,344,1053,0.19999999999999996,0.5,0.5,22.760652765185856,8.008720930232558,21.078822412155745,266,3,50,0.2,0.5,0.5,inheritance,inheritance,inheritance
1106,335,1059,0.19999999999999996,0.5,0.5,22.744122965641953,7.859701492537313,20.944287063267232,267,3,50,0.2,0.5,0.5,inheritance,inheritance,inheritance
1107,332,1061,0.19999999999999998,0.5,0.5,22.714543812104786,7.632530120481928,20.802073515551367,268,3,50,0.2,0.5,0.5,inheritance,inheritance,inheritance
1104,349,1047,0.19999999999999996,0.5,0.5,22.595108695652176,7.412607449856734,21.034383954154727,269,3,50,0.2,0.5,0.5,inheritance,inheritance,inheritance
1088,371,1041,0.19999999999999996,0.5,0.5,22.534007352941178,7.180592991913747,21.04418828049952,270,3,50,0.2,0.5,0.5,inheritance,inheritance,inheritance
1083,371,1046,0.19999999999999996,0.5,0.5,22.547553093259463,7.291105121293801,21.05831739961759,271,3,50,0.2,0.5,0.5,inheritance,inheritance,inheritance
1089,358,1053,0.19999999999999996,0.5,0.5,22.546372819100092,7.377094972067039,20.741690408357076,272,3,50,0.2,0.5,0.5,inheritance,inheritance,inheritance
1083,346,1071,0.19999999999999996,0.5,0.5,22.689750692520775,7.277456647398844,20.327731092436974,273,3,50,0.2,0.5,0.5,inheritance,inheritance,inheritance
1083,339,1078,0.19999999999999996,0.5,0.5,22.62049861495845,7.053097345132743,20.064935064935064,274,3,50,0.2,0.5,0.5,inheritance,inheritance,inheritance
1092,335,1073,0.19999999999999998,0.5,0.5,22.44047619047619,6.895522388059701,20.0475302889096,275,3,50,0.2,0.5,0.5,inheritance,inheritance,inheritance
1094,335,1071,0.19999999999999996,0.5,0.5,22.437842778793417,6.997014925373135,20.180205415499533,276,3,50,0.2,0.5,0.5,inheritance,inheritance,inheritance
1087,334,1079,0.19999999999999998,0.5,0.5,22.390984360625573,6.976047904191617,20.231696014828543,277,3,50,0.2,0.5,0.5,inheritance,inheritance,inheritance
1094,330,1076,0.19999999999999996,0.5,0.5,22.22760511882998,7.112121212121212,20.144052044609666,278,3,50,0.2,0.5,0.5,inheritance,inheritance,inheritance
1091,336,1073,0.19999999999999996,0.5,0.5,21.930339138405134,6.744047619047619,19.992544268406338,279,3,50,0.2,0.5,0.5,inheritance,inheritance,inheritance
1088,338,1074,0.19999999999999996,0.5,0.5,21.933823529411764,6.754437869822485,20.21880819366853,280,3,50,0.2,0.5,0.5,inheritance,inheritance,inheritance
1096,343,1061,0.19999999999999996,0.5,0.5,21.81934306569343,6.775510204081633,20.47879359095193,281,3,50,0.2,0.5,0.5,inheritance,inheritance,inheritance
1082,351,1067,0.19999999999999998,0.5,0.5,21.454713493530498,6.6752136752136755,20.692596063730086,282,3,50,0.2,0.5,0.5,inheritance,inheritance,inheritance
1086,362,1052,0.19999999999999996,0.5,0.5,21.20718232044199,6.668508287292818,20.827946768060837,283,3,50,0.2,0.5,0.5,inheritance,inheritance,inheritance
1089,377,1034,0.19999999999999996,0.5,0.5,21.000918273645546,6.840848806366048,21.14990328820116,284,3,50,0.2,0.5,0.5,inheritance,inheritance,inheritance
1075,409,1016,0.19999999999999998,0.5,0.5,20.58232558139535,6.777506112469438,21.488188976377952,285,3,50,0.2,0.5,0.5,inheritance,inheritance,inheritance
1069,432,999,0.19999999999999998,0.5,0.5,20.110383536014968,6.694444444444445,21.4984984984985,286,3,50,0.2,0.5,0.5,inheritance,inheritance,inheritance
1060,449,991,0.2,0.5,0.5,19.918867924528303,6.7461024498886415,21.4117053481332,287,3,50,0.2,0.5,0.5,inheritance,inheritance,inheritance
1051,461,988,0.19999999999999998,0.5,0.5,19.50523311132255,6.674620390455531,21.13663967611336,288,3,50,0.2,0.5,0.5,inheritance,inheritance,inheritance
1042,468,990,0.2,0.5,0.5,19.30710172744722,6.880341880341881,21.04040404040404,289,3,50,0.2,0.5,0.5,inheritance,inheritance,inheritance
1055,474,971,0.2,0.5,0.5,18.948815165876777,7.225738396624473,20.86096807415036,290,3,50,0.2,0.5,0.5,inheritance,inheritance,inheritance
1062,484,954,0.19999999999999998,0.5,0.5,18.761770244821093,7.549586776859504,20.9769392033543,291,3,50,0.2,0.5,0.5,inheritance,inheritance,inheritance
1077,481,942,0.19999999999999998,0.5,0.5,18.581244196843084,7.6923076923076925,20.90552016985138,292,3,50,0.2,0.5,0.5,inheritance,inheritance,inheritance
1092,478,930,0.19999999999999998,0.5,0.5,18.293040293040292,7.953974895397489,20.670967741935485,293,3,50,0.2,0.5,0.5,inheritance,inheritance,inheritance
1099,471,930,0.19999999999999996,0.5,0.5,18.476797088262057,8.38004246284501,20.509677419354837,294,3,50,0.2,0.5,0.5,inheritance,inheritance,inheritance
1127,445,928,0.19999999999999998,0.5,0.5,18.48535936113576,8.680898876404495,19.836206896551722,295,3,50,0.2,0.5,0.5,inheritance,inheritance,inheritance
1149,427,924,0.19999999999999998,0.5,0.5,18.577023498694516,8.82903981264637,19.594155844155843,296,3,50,0.2,0.5,0.5,inheritance,inheritance,inheritance
1137,439,924,0.19999999999999998,0.5,0.5,18.810905892700088,8.968109339407745,19.810606060606062,297,3,50,0.2,0.5,0.5,inheritance,inheritance,inheritance
1166,420,914,0.19999999999999998,0.5,0.5,18.711835334476845,9.376190476190477,19.340262582056894,298,3,50,0.2,0.5,0.5,inheritance,inheritance,inheritance
1165,420,915,0.19999999999999998,0.5,0.5,18.921030042918456,9.466666666666667,19.263387978142077,299,3,50,0.2,0.5,0.5,inheritance,inheritance,inheritance
1167,419,914,0.19999999999999998,0.5,0.5,19.083976006855185,9.41288782816229,18.99890590809628,300,3,50,0.2,0.5,0.5,inheritance,inheritance,inheritance
1171,415,914,0.19999999999999998,0.5,0.5,19.280956447480786,9.556626506024097,18.936542669584245,301,3,50,0.2,0.5,0.5,inheritance,inheritance,inheritance
1173,395,932,0.19999999999999998,0.5,0.5,19.666666666666668,9.893670886075949,18.757510729613735,302,3,50,0.2,0.5,0.5,inheritance,inheritance,inheritance
1173,380,947,0.19999999999999998,0.5,0.5,19.88235294117647,9.507894736842106,18.367476240760297,303,3,50,0.2,0.5,0.5,inheritance,inheritance,inheritance
1193,359,948,0.19999999999999998,0.5,0.5,20.100586756077117,9.540389972144848,17.889240506329113,304,3,50,0.2,0.5,0.5,inheritance,inheritance,inheritance
1213,352,935,0.19999999999999998,0.5,0.5,20.37098103874691,9.778409090909092,17.70374331550802,305,3,50,0.2,0.5,0.5,inheritance,inheritance,inheritance
1214,349,937,0.19999999999999998,0.5,0.5,20.806425041186163,9.355300859598854,17.737459978655284,306,3,50,0.2,0.5,0.5,inheritance,inheritance,inheritance
1218,351,931,0.19999999999999998,0.5,0.5,20.870279146141215,8.937321937321938,17.568206229860365,307,3,50,0.2,0.5,0.5,inheritance,inheritance,inheritance
1225,331,944,0.2,0.5,0.5,21.200816326530614,8.685800604229607,17.173728813559322,308,3,50,0.2,0.5,0.5,inheritance,inheritance,inheritance
1235,314,951,0.19999999999999998,0.5,0.5,21.418623481781378,8.5,16.97371188222923,309,3,50,0.2,0.5,0.5,inheritance,inheritance,inheritance
1238,315,947,0.19999999999999998,0.5,0.5,21.70193861066236,8.476190476190476,17.1129883843717,310,3,50,0.2,0.5,0.5,inheritance,inheritance,inheritance
1234,307,959,0.19999999999999998,0.5,0.5,22.103727714748786,8.397394136807817,17.34410844629823,311,3,50,0.2,0.5,0.5,inheritance,inheritance,inheritance
1237,308,955,0.19999999999999998,0.5,0.5,22.303152789005658,8.172077922077921,17.498429319371727,312,3,50,0.2,0.5,0.5,inheritance,inheritance,inheritance
1226,304,970,0.19999999999999998,0.5,0.5,22.6557911908646,7.713815789473684,17.471134020618557,313,3,50,0.2,0.5,0.5,inheritance,inheritance,inheritance
1222,304,974,0.19999999999999998,0.5,0.5,22.831423895253682,7.440789473684211,17.421971252566735,314,3,50,0.2,0.5,0.5,inheritance,inheritance,inheritance
1223,302,975,0.19999999999999998,0.5,0.5,22.94766966475879,7.069536423841059,17.437948717948718,315,3,50,0.2,0.5,0.5,inheritance,inheritance,inheritance
1226,310,964,0.19999999999999998,0.5,0.5,23.13295269168026,7.116129032258065,17.768672199170126,316,3,50,0.2,0.5,0.5,inheritance,inheritance,inheritance
1237,322,941,0.19999999999999998,0.5,0.5,23.054163298302345,6.962732919254658,17.922422954303933,317,3,50,0.2,0.5,0.5,inheritance,inheritance,inheritance
1241,332,927,0.19999999999999998,0.5,0.5,23.17969379532635,7.045180722891566,18.344120819848975,318,3,50,0.2,0.5,0.5,inheritance,inheritance,inheritance
1239,348,913,0.19999999999999998,0.5,0.5,23.185633575464085,7.017241379310345,18.664841182913474,319,3,50,0.2,0.5,0.5,inheritance,inheritance,inheritance
1233,365,902,0.19999999999999998,0.5,0.5,23.168694241686943,6.723287671232876,18.592017738359203,320,3,50,0.2,0.5,0.5,inheritance,inheritance,inheritance
1216,387,897,0.19999999999999998,0.5,0.5,23.335526315789473,6.821705426356589,18.97881828316611,321,3,50,0.2,0.5,0.5,inheritance,inheritance,inheritance
1220,388,892,0.2,0.5,0.5,23.522950819672133,7.007731958762887,18.864349775784753,322,3,50,0.2,0.5,0.5,inheritance,inheritance,inheritance
1220,403,877,0.2,0.5,0.5,23.45327868852459,7.171215880893301,18.978335233751427,323,3,50,0.2,0.5,0.5,inheritance,inheritance,inheritance
1221,414,865,0.19999999999999998,0.5,0.5,23.20966420966421,7.434782608695652,18.997687861271675,324,3,50,0.2,0.5,0.5,inheritance,inheritance,inheritance
1196,439,865,0.19999999999999998,0.5,0.5,23.11622073578595,7.198177676537585,18.828901734104047,325,3,50,0.2,0.5,0.5,inheritance,inheritance,inheritance
1205,440,855,0.2,0.5,0.5,22.887966804979254,7.4772727272727275,18.542690058479533,326,3,50,0.2,0.5,0.5,inheritance,inheritance,inheritance
1199,443,858,0.19999999999999996,0.5,0.5,22.888240200166805,7.589164785553048,18.456876456876458,327,3,50,0.2,0.5,0.5,inheritance,inheritance,inheritance
1188,447,865,0.19999999999999998,0.5,0.5,22.995791245791246,7.570469798657718,18.22658959537572,328,3,50,0.2,0.5,0.5,inheritance,inheritance,inheritance
1161,465,874,0.19999999999999998,0.5,0.5,22.92248062015504,7.604301075268817,18.045766590389015,329,3,50,0.2,0.5,0.5,inheritance,inheritance,inheritance
1154,460,886,0.19999999999999998,0.5,0.5,22.883015597920277,7.715217391304348,17.996613995485326,330,3,50,0.2,0.5,0.5,inheritance,inheritance,inheritance
1145,454,901,0.2,0.5,0.5,22.74061135371179,7.779735682819383,17.83795782463929,331,3,50,0.2,0.5,0.5,inheritance,inheritance,inheritance
1118,466,916,0.19999999999999998,0.5,0.5,22.94454382826476,7.851931330472103,18.04475982532751,332,3,50,0.2,0.5,0.5,inheritance,inheritance,inheritance
1112,470,918,0.19999999999999998,0.5,0.5,22.64658273381295,7.804255319148936,17.847494553376908,333,3,50,0.2,0.5,0.5,inheritance,inheritance,inheritance
1106,474,920,0.19999999999999996,0.5,0.5,22.400542495479204,7.805907172995781,17.758695652173913,334,3,50,0.2,0.5,0.5,inheritance,inheritance,inheritance
1099,476,925,0.19999999999999996,0.5,0.5,22.49226569608735,7.972689075630252,17.874594594594594,335,3,50,0.2,0.5,0.5,inheritance,inheritance,inheritance
1084,473,943,0.19999999999999996,0.5,0.5,22.46217712177122,7.8900634249471455,17.832449628844113,336,3,50,0.2,0.5,0.5,inheritance,inheritance,inheritance
1079,469,952,0.19999999999999998,0.5,0.5,22.3660797034291,8.108742004264393,17.696428571428573,337,3,50,0.2,0.5,0.5,inheritance,inheritance,inheritance
1082,460,958,0.19999999999999998,0.5,0.5,22.057301293900185,8.065217391304348,17.567849686847598,338,3,50,0.2,0.5,0.5,inheritance,inheritance,inheritance
1064,470,966,0.19999999999999998,0.5,0.5,21.7453007518797,7.870212765957447,17.45134575569358,339,3,50,0.2,0.5,0.5,inheritance,inheritance,inheritance
1053,489,958,0.19999999999999998,0.5,0.5,21.35422602089269,7.9427402862985685,17.521920668058456,340,3,50,0.2,0.5,0.5,inheritance,inheritance,inheritance
1039,501,960,0.2,0.5,0.5,21.051973051010588,8.071856287425149,17.559375,341,3,50,0.2,0.5,0.5,inheritance,inheritance,inheritance
1025,515,960,0.20000000000000007,0.5,0.5,20.54341463414634,8.254368932038835,17.603125,342,3,50,0.2,0.5,0.5,inheritance,inheritance,inheritance
1030,509,961,0.20000000000000004,0.5,0.5,20.459223300970873,8.385068762278978,17.49219562955255,343,3,50,0.2,0.5,0.5,inheritance,inheritance,inheritance
1018,523,959,0.2,0.5,0.5,20.355599214145382,8.468451242829827,17.59645464025026,344,3,50,0.2,0.5,0.5,inheritance,inheritance,inheritance
1019,511,970,0.2,0.5,0.5,20.176643768400393,8.747553816046967,17.397938144329895,345,3,50,0.2,0.5,0.5,inheritance,inheritance,inheritance
1004,517,979,0.2,0.5,0.5,20.173306772908365,8.512572533849129,17.427987742594485,346,3,50,0.2,0.5,0.5,inheritance,inheritance,inheritance
994,514,992,0.2,0.5,0.5,19.98189134808853,8.369649805447471,17.370967741935484,347,3,50,0.2,0.5,0.5,inheritance,inheritance,inheritance
1001,505,994,0.20000000000000004,0.5,0.5,19.706293706293707,8.635643564356435,17.316901408450704,348,3,50,0.2,0.5,0.5,inheritance,inheritance,inheritance
987,487,1026,0.20000000000000004,0.5,0.5,19.96352583586626,8.478439425051334,17.07699805068226,349,3,50,0.2,0.5,0.5,inheritance,inheritance,inheritance
981,485,1034,0.2,0.5,0.5,20.122324159021407,8.37319587628866,17.25725338491296,350,3,50,0.2,0.5,0.5,inheritance,inheritance,inheritance
979,485,1036,0.20000000000000004,0.5,0.5,20.16241062308478,8.50721649484536,17.444980694980696,351,3,50,0.2,0.5,0.5,inheritance,inheritance,inheritance
980,474,1046,0.20000000000000004,0.5,0.5,20.081632653061224,8.556962025316455,17.495219885277248,352,3,50,0.2,0.5,0.5,inheritance,inheritance,inheritance
964,490,1046,0.2,0.5,0.5,19.945020746887966,8.612244897959183,17.735181644359464,353,3,50,0.2,0.5,0.5,inheritance,inheritance,inheritance
954,485,1061,0.2,0.5,0.5,20.144654088050313,8.585567010309278,17.80584354382658,354,3,50,0.2,0.5,0.5,inheritance,inheritance,inheritance
952,487,1061,0.20000000000000004,0.5,0.5,20.133403361344538,8.587268993839835,17.775683317624882,355,3,50,0.2,0.5,0.5,inheritance,inheritance,inheritance
942,486,1072,0.20000000000000004,0.5,0.5,20.21656050955414,8.580246913580247,17.82929104477612,356,3,50,0.2,0.5,0.5,inheritance,inheritance,inheritance
931,493,1076,0.2,0.5,0.5,20.30827067669173,8.517241379310345,17.938661710037174,357,3,50,0.2,0.5,0.5,inheritance,inheritance,inheritance
909,513,1078,0.2,0.5,0.5,19.974697469746975,8.567251461988304,18.199443413729128,358,3,50,0.2,0.5,0.5,inheritance,inheritance,inheritance
906,507,1087,0.2,0.5,0.5,19.677704194260485,8.678500986193294,18.083716651333948,359,3,50,0.2,0.5,0.5,inheritance,inheritance,inheritance
912,503,1085,0.20000000000000004,0.5,0.5,19.596491228070175,8.93638170974155,18.253456221198157,360,3,50,0.2,0.5,0.5,inheritance,inheritance,inheritance
912,505,1083,0.20000000000000004,0.5,0.5,19.625,9.095049504950495,18.356417359187443,361,3,50,0.2,0.5,0.5,inheritance,inheritance,inheritance
890,499,1111,0.2,0.5,0.5,19.748314606741573,8.813627254509019,18.196219621962197,362,3,50,0.2,0.5,0.5,inheritance,inheritance,inheritance
880,509,1111,0.2,0.5,0.5,19.360227272727272,8.728880157170924,18.257425742574256,363,3,50,0.2,0.5,0.5,inheritance,inheritance,inheritance
882,512,1106,0.2,0.5,0.5,19.131519274376416,8.85546875,18.367992766726942,364,3,50,0.2,0.5,0.5,inheritance,inheritance,inheritance
879,498,1123,0.2,0.5,0.5,19.015927189988624,8.885542168674698,18.198575244879788,365,3,50,0.2,0.5,0.5,inheritance,inheritance,inheritance
874,482,1144,0.2,0.5,0.5,18.997711670480548,8.738589211618256,18.125,366,3,50,0.2,0.5,0.5,inheritance,inheritance,inheritance
882,457,1161,0.2,0.5,0.5,18.984126984126984,8.757111597374179,18.011197243755383,367,3,50,0.2,0.5,0.5,inheritance,inheritance,inheritance
876,445,1179,0.2,0.5,0.5,18.700913242009133,8.595505617977528,17.78710771840543,368,3,50,0.2,0.5,0.5,inheritance,inheritance,inheritance
881,437,1182,0.19999999999999998,0.5,0.5,18.354143019296256,8.789473684210526,17.962774957698816,369,3,50,0.2,0.5,0.5,inheritance,inheritance,inheritance
875,438,1187,0.2,0.5,0.5,18.085714285714285,8.792237442922374,18.1044650379107,370,3,50,0.2,0.5,0.5,inheritance,inheritance,inheritance
893,403,1204,0.19999999999999998,0.5,0.5,18.204927211646137,8.997518610421837,18.055647840531563,371,3,50,0.2,0.5,0.5,inheritance,inheritance,inheritance
894,386,1220,0.2,0.5,0.5,18.317673378076062,8.73056994818653,18.059016393442622,372,3,50,0.2,0.5,0.5,inheritance,inheritance,inheritance
906,375,1219,0.2,0.5,0.5,17.951434878587197,8.416,18.110746513535684,373,3,50,0.2,0.5,0.5,inheritance,inheritance,inheritance
896,360,1244,0.2,0.5,0.5,17.887276785714285,8.077777777777778,18.091639871382636,374,3,50,0.2,0.5,0.5,inheritance,inheritance,inheritance
897,359,1244,0.20000000000000004,0.5,0.5,17.73690078037904,8.072423398328691,18.364147909967844,375,3,50,0.2,0.5,0.5,inheritance,inheritance,inheritance
901,347,1252,0.19999999999999998,0.5,0.5,17.390677025527193,7.792507204610951,18.320287539936103,376,3,50,0.2,0.5,0.5,inheritance,inheritance,inheritance
898,356,1246,0.20000000000000004,0.5,0.5,17.397550111358573,7.719101123595506,18.602728731942214,377,3,50,0.2,0.5,0.5,inheritance,inheritance,inheritance
894,352,1254,0.2,0.5,0.5,17.435123042505595,7.4602272727272725,18.88995215311005,378,3,50,0.2,0.5,0.5,inheritance,inheritance,inheritance
897,368,1235,0.20000000000000004,0.5,0.5,17.586399108138238,7.494565217391305,19.217813765182186,379,3,50,0.2,0.5,0.5,inheritance,inheritance,inheritance
894,372,1234,0.2,0.5,0.5,17.751677852348994,7.556451612903226,19.549432739059966,380,3,50,0.2,0.5,0.5,inheritance,inheritance,inheritance
896,382,1222,0.2,0.5,0.5,17.426339285714285,7.636125654450262,19.7569558101473,381,3,50,0.2,0.5,0.5,inheritance,inheritance,inheritance
904,369,1227,0.2,0.5,0.5,17.3108407079646,7.780487804878049,19.837815810920944,382,3,50,0.2,0.5,0.5,inheritance,inheritance,inheritance
910,367,1223,0.2,0.5,0.5,17.09010989010989,7.6730245231607626,20.06459525756337,383,3,50,0.2,0.5,0.5,inheritance,inheritance,inheritance
907,365,1228,0.20000000000000004,0.5,0.5,17.352811466372657,7.6438356164383565,20.444625407166125,384,3,50,0.2,0.5,0.5,inheritance,inheritance,inheritance
913,350,1237,0.2,0.5,0.5,17.347207009857613,7.7057142857142855,20.47130153597413,385,3,50,0.2,0.5,0.5,inheritance,inheritance,inheritance
920,343,1237,0.20000000000000004,0.5,0.5,17.161956521739132,7.510204081632653,20.406628940986256,386,3,50,0.2,0.5,0.5,inheritance,inheritance,inheritance
924,340,1236,0.2,0.5,0.5,17.00974025974026,7.452941176470588,20.533980582524272,387,3,50,0.2,0.5,0.5,inheritance,inheritance,inheritance
931,324,1245,0.2,0.5,0.5,17.082706766917294,7.33641975308642,20.57429718875502,388,3,50,0.2,0.5,0.5,inheritance,inheritance,inheritance
909,343,1248,0.2,0.5,0.5,17.05060506050605,6.930029154518951,20.83573717948718,389,3,50,0.2,0.5,0.5,inheritance,inheritance,inheritance
927,339,1234,0.20000000000000004,0.5,0.5,16.751887810140236,6.837758112094395,21.026742301458672,390,3,50,0.2,0.5,0.5,inheritance,inheritance,inheritance
939,345,1216,0.2,0.5,0.5,16.523961661341854,6.831884057971014,21.07894736842105,391,3,50,0.2,0.5,0.5,inheritance,inheritance,inheritance
943,359,1198,0.2,0.5,0.5,16.381760339342524,6.930362116991644,21.37646076794658,392,3,50,0.2,0.5,0.5,inheritance,inheritance,inheritance
930,369,1201,0.20000000000000004,0.5,0.5,16.75483870967742,7.097560975609756,21.588676103247295,393,3,50,0.2,0.5,0.5,inheritance,inheritance,inheritance
934,385,1181,0.2,0.5,0.5,16.42933618843683,7.21038961038961,21.77307366638442,394,3,50,0.2,0.5,0.5,inheritance,inheritance,inheritance
924,400,1176,0.2,0.5,0.5,16.205627705627705,7.0425,21.78656462585034,395,3,50,0.2,0.5,0.5,inheritance,inheritance,inheritance
934,394,1172,0.2,0.5,0.5,16.389721627408992,7.284263959390863,21.869453924914676,396,3,50,0.2,0.5,0.5,inheritance,inheritance,inheritance
938,397,1165,0.2,0.5,0.5,16.378464818763327,7.405541561712846,22.05922746781116,397,3,50,0.2,0.5,0.5,inheritance,inheritance,inheritance
948,410,1142,0.2,0.5,0.5,15.831223628691983,7.382926829268293,21.952714535901926,398,3,50,0.2,0.5,0.5,inheritance,inheritance,inheritance
962,410,1128,0.20000000000000004,0.5,0.5,15.472972972972974,7.517073170731707,21.854609929078013,399,3,50,0.2,0.5,0.5,inheritance,inheritance,inheritance
950,411,1139,0.2,0.5,0.5,15.589473684210526,7.7153284671532845,21.900790166812993,400,3,50,0.2,0.5,0.5,inheritance,inheritance,inheritance
941,415,1144,0.2,0.5,0.5,15.730074388947928,7.891566265060241,22.076923076923077,401,3,50,0.2,0.5,0.5,inheritance,inheritance,inheritance
939,436,1125,0.2,0.5,0.5,15.775292864749733,7.951834862385321,22.19822222222222,402,3,50,0.2,0.5,0.5,inheritance,inheritance,inheritance
937,441,1122,0.20000000000000004,0.5,0.5,15.899679829242263,8.131519274376418,22.2174688057041,403,3,50,0.2,0.5,0.5,inheritance,inheritance,inheritance
956,424,1120,0.2,0.5,0.5,15.926778242677825,8.537735849056604,21.90267857142857,404,3,50,0.2,0.5,0.5,inheritance,inheritance,inheritance
954,412,1134,0.2,0.5,0.5,16.21698113207547,8.652912621359222,21.721340388007054,405,3,50,0.2,0.5,0.5,inheritance,inheritance,inheritance
961,420,1119,0.20000000000000004,0.5,0.5,16.395421436004163,8.742857142857142,21.65236818588025,406,3,50,0.2,0.5,0.5,inheritance,inheritance,inheritance
955,433,1112,0.20000000000000004,0.5,0.5,16.275392670157068,8.41339491916859,21.408273381294965,407,3,50,0.2,0.5,0.5,inheritance,inheritance,inheritance
971,433,1096,0.20000000000000004,0.5,0.5,16.261585993820802,8.480369515011548,21.585766423357665,408,3,50,0.2,0.5,0.5,inheritance,inheritance,inheritance
982,422,1096,0.20000000000000004,0.5,0.5,16.54073319755601,8.810426540284361,21.49726277372263,409,3,50,0.2,0.5,0.5,inheritance,inheritance,inheritance
971,425,1104,0.20000000000000004,0.5,0.5,16.76313079299691,8.503529411764706,21.401268115942027,410,3,50,0.2,0.5,0.5,inheritance,inheritance,inheritance
969,405,1126,0.2,0.5,0.5,17.07327141382869,8.604938271604938,21.179396092362346,411,3,50,0.2,0.5,0.5,inheritance,inheritance,inheritance
967,396,1137,0.20000000000000004,0.5,0.5,17.130299896587385,8.570707070707071,21.105540897097626,412,3,50,0.2,0.5,0.5,inheritance,inheritance,inheritance
979,369,1152,0.20000000000000004,0.5,0.5,17.318692543411643,8.739837398373984,21.04253472222222,413,3,50,0.2,0.5,0.5,inheritance,inheritance,inheritance
987,363,1150,0.20000000000000004,0.5,0.5,17.379939209726444,8.622589531680442,20.970434782608695,414,3,50,0.2,0.5,0.5,inheritance,inheritance,inheritance
990,357,1153,0.20000000000000004,0.5,0.5,17.52121212121212,8.523809523809524,21.02688638334779,415,3,50,0.2,0.5,0.5,inheritance,inheritance,inheritance
1002,337,1161,0.20000000000000004,0.5,0.5,17.789421157684632,8.566765578635016,20.886304909560724,416,3,50,0.2,0.5,0.5,inheritance,inheritance,inheritance
1017,322,1161,0.20000000000000004,0.5,0.5,17.797443461160274,8.472049689440993,20.847545219638242,417,3,50,0.2,0.5,0.5,inheritance,inheritance,inheritance
1011,324,1165,0.2,0.5,0.5,18.089020771513354,8.04320987654321,20.763948497854077,418,3,50,0.2,0.5,0.5,inheritance,inheritance,inheritance
1002,325,1173,0.20000000000000004,0.5,0.5,18.171656686626747,7.553846153846154,20.568627450980394,419,3,50,0.2,0.5,0.5,inheritance,inheritance,inheritance
1013,318,1169,0.2,0.5,0.5,18.053307008884502,7.20125786163522,20.353293413173652,420,3,50,0.2,0.5,0.5,inheritance,inheritance,inheritance
1023,317,1160,0.2,0.5,0.5,17.93841642228739,6.794952681388013,20.20258620689655,421,3,50,0.2,0.5,0.5,inheritance,inheritance,inheritance
1024,310,1166,0.20000000000000004,0.5,0.5,18.033203125,6.341935483870968,20.043739279588337,422,3,50,0.2,0.5,0.5,inheritance,inheritance,inheritance
1036,306,1158,0.20000000000000004,0.5,0.5,18.00096525096525,6.38562091503268,20.08117443868739,423,3,50,0.2,0.5,0.5,inheritance,inheritance,inheritance
1035,310,1155,0.20000000000000007,0.5,0.5,18.03768115942029,6.303225806451613,20.32121212121212,424,3,50,0.2,0.5,0.5,inheritance,inheritance,inheritance
1046,324,1130,0.2,0.5,0.5,17.75812619502868,6.194444444444445,20.561946902654867,425,3,50,0.2,0.5,0.5,inheritance,inheritance,inheritance
1075,333,1092,0.19999999999999998,0.5,0.5,17.39627906976744,6.231231231231231,20.750915750915752,426,3,50,0.2,0.5,0.5,inheritance,inheritance,inheritance
1094,336,1070,0.19999999999999996,0.5,0.5,17.13985374771481,6.303571428571429,20.750467289719627,427,3,50,0.2,0.5,0.5,inheritance,inheritance,inheritance
1085,349,1066,0.19999999999999998,0.5,0.5,17.27741935483871,6.412607449856734,21.153846153846153,428,3,50,0.2,0.5,0.5,inheritance,inheritance,inheritance
1098,371,1031,0.19999999999999996,0.5,0.5,17.09744990892532,6.522911051212938,21.135790494665372,429,3,50,0.2,0.5,0.5,inheritance,inheritance,inheritance
1115,368,1017,0.19999999999999998,0.5,0.5,16.982959641255604,6.720108695652174,20.926253687315633,430,3,50,0.2,0.5,0.5,inheritance,inheritance,inheritance
1112,371,1017,0.19999999999999998,0.5,0.5,17.288669064748202,6.870619946091645,20.86234021632252,431,3,50,0.2,0.5,0.5,inheritance,inheritance,inheritance
1129,368,1003,0.19999999999999996,0.5,0.5,17.348095659875998,7.298913043478261,20.94516450648056,432,3,50,0.2,0.5,0.5,inheritance,inheritance,inheritance
1147,362,991,0.19999999999999998,0.5,0.5,17.298169136878816,7.323204419889502,20.825428859737638,433,3,50,0.2,0.5,0.5,inheritance,inheritance,inheritance
1154,366,980,0.19999999999999998,0.5,0.5,17.33535528596187,7.117486338797814,20.63673469387755,434,3,50,0.2,0.5,0.5,inheritance,inheritance,inheritance
1160,362,978,0.19999999999999998,0.5,0.5,17.348275862068967,7.3259668508287294,20.642126789366053,435,3,50,0.2,0.5,0.5,inheritance,inheritance,inheritance
1177,350,973,0.19999999999999998,0.5,0.5,17.62446898895497,7.482857142857143,20.499486125385406,436,3,50,0.2,0.5,0.5,inheritance,inheritance,inheritance
1183,345,972,0.19999999999999998,0.5,0.5,17.93913778529163,7.921739130434783,20.69238683127572,437,3,50,0.2,0.5,0.5,inheritance,inheritance,inheritance
1197,331,972,0.19999999999999998,0.5,0.5,18.035087719298247,7.948640483383686,20.317901234567902,438,3,50,0.2,0.5,0.5,inheritance,inheritance,inheritance
1198,343,959,0.19999999999999998,0.5,0.5,18.236227045075125,7.865889212827988,20.396246089676747,439,3,50,0.2,0.5,0.5,inheritance,inheritance,inheritance
1209,336,955,0.2,0.5,0.5,18.491315136476427,7.654761904761905,20.197905759162303,440,3,50,0.2,0.5,0.5,inheritance,inheritance,inheritance
1214,326,960,0.19999999999999998,0.5,0.5,18.78500823723229,7.564417177914111,19.669791666666665,441,3,50,0.2,0.5,0.5,inheritance,inheritance,inheritance
1233,311,956,0.19999999999999998,0.5,0.5,18.910786699107867,7.710610932475884,19.540794979079497,442,3,50,0.2,0.5,0.5,inheritance,inheritance,inheritance
1263,307,930,0.19999999999999998,0.5,0.5,18.954869358669832,7.7752442996742674,19.38279569892473,443,3,50,0.2,0.5,0.5,inheritance,inheritance,inheritance
1306,292,902,0.19999999999999996,0.5,0.5,19.042113323124042,8.133561643835616,19.52549889135255,444,3,50,0.2,0.5,0.5,inheritance,inheritance,inheritance
1320,284,896,0.2,0.5,0.5,19.259848484848487,7.827464788732394,18.777901785714285,445,3,50,0.2,0.5,0.5,inheritance,inheritance,inheritance
1322,278,900,0.19999999999999998,0.5,0.5,19.697428139183057,7.798561151079137,18.686666666666667,446,3,50,0.2,0.5,0.5,inheritance,inheritance,inheritance
1339,266,895,0.19999999999999996,0.5,0.5,19.896938013442867,7.582706766917293,18.58659217877095,447,3,50,0.2,0.5,0.5,inheritance,inheritance,inheritance
1340,263,897,0.2,0.5,0.5,20.36865671641791,6.977186311787072,18.64325529542921,448,3,50,0.2,0.5,0.5,inheritance,inheritance,inheritance
1340,270,890,0.2,0.5,0.5,20.584328358208957,6.666666666666667,18.735955056179776,449,3,50,0.2,0.5,0.5,inheritance,inheritance,inheritance
1345,280,875,0.19999999999999996,0.5,0.5,20.686988847583642,6.3428571428571425,18.658285714285714,450,3,50,0.2,0.5,0.5,inheritance,inheritance,inheritance
1336,303,861,0.19999999999999996,0.5,0.5,21.027694610778443,6.141914191419142,18.874564459930312,451,3,50,0.2,0.5,0.5,inheritance,inheritance,inheritance
1329,302,869,0.19999999999999996,0.5,0.5,21.37622272385252,6.059602649006623,18.902186421173763,452,3,50,0.2,0.5,0.5,inheritance,inheritance,inheritance
1321,327,852,0.19999999999999998,0.5,0.5,21.56320968962907,6.00611620795107,19.035211267605632,453,3,50,0.2,0.5,0.5,inheritance,inheritance,inheritance
1328,338,834,0.19999999999999998,0.5,0.5,21.640060240963855,6.328402366863905,19.378896882494004,454,3,50,0.2,0.5,0.5,inheritance,inheritance,inheritance
1327,337,836,0.19999999999999998,0.5,0.5,21.82064807837227,6.379821958456973,19.23803827751196,455,3,50,0.2,0.5,0.5,inheritance,inheritance,inheritance
1309,358,833,0.19999999999999996,0.5,0.5,22.121466768525593,6.43854748603352,19.45138055222089,456,3,50,0.2,0.5,0.5,inheritance,inheritance,inheritance
1300,370,830,0.2,0.5,0.5,22.178461538461537,6.524324324324325,19.418072289156626,457,3,50,0.2,0.5,0.5,inheritance,inheritance,inheritance
1300,384,816,0.2,0.5,0.5,22.21076923076923,6.515625,19.34926470588235,458,3,50,0.2,0.5,0.5,inheritance,inheritance,inheritance
1277,394,829,0.19999999999999996,0.5,0.5,22.472200469851213,6.49238578680203,19.19059107358263,459,3,50,0.2,0.5,0.5,inheritance,inheritance,inheritance
1252,404,844,0.19999999999999998,0.5,0.5,22.22444089456869,6.173267326732673,18.838862559241708,460,3,50,0.2,0.5,0.5,inheritance,inheritance,inheritance
1252,423,825,0.19999999999999998,0.5,0.5,21.94888178913738,6.321513002364066,18.666666666666668,461,3,50,0.2,0.5,0.5,inheritance,inheritance,inheritance
1251,449,800,0.19999999999999996,0.5,0.5,21.658673061550758,6.507795100222717,18.54375,462,3,50,0.2,0.5,0.5,inheritance,inheritance,inheritance
1237,462,801,0.19999999999999998,0.5,0.5,21.581244947453516,6.417748917748917,18.299625468164795,463,3,50,0.2,0.5,0.5,inheritance,inheritance,inheritance
1222,491,787,0.19999999999999998,0.5,0.5,21.27659574468085,6.574338085539715,18.21092757306226,464,3,50,0.2,0.5,0.5,inheritance,inheritance,inheritance
1219,511,770,0.19999999999999998,0.5,0.5,21.091058244462673,6.794520547945205,18.046753246753248,465,3,50,0.2,0.5,0.5,inheritance,inheritance,inheritance
1206,536,758,0.19999999999999998,0.5,0.5,20.941127694859038,6.9440298507462686,18.093667546174142,466,3,50,0.2,0.5,0.5,inheritance,inheritance,inheritance
1194,540,766,0.19999999999999998,0.5,0.5,21.02428810720268,7.064814814814815,17.49869451697128,467,3,50,0.2,0.5,0.5,inheritance,inheritance,inheritance
1178,560,762,0.19999999999999998,0.5,0.5,20.895585738539896,7.2125,17.62204724409449,468,3,50,0.2,0.5,0.5,inheritance,inheritance,inheritance
1177,568,755,0.19999999999999998,0.5,0.5,20.790994052676297,7.390845070422535,17.53907284768212,469,3,50,0.2,0.5,0.5,inheritance,inheritance,inheritance
1171,588,741,0.19999999999999998,0.5,0.5,20.564474807856534,7.568027210884353,17.31039136302294,470,3,50,0.2,0.5,0.5,inheritance,inheritance,inheritance
1151,606,743,0.19999999999999998,0.5,0.5,20.868809730668982,7.808580858085809,16.88963660834455,471,3,50,0.2,0.5,0.5,inheritance,inheritance,inheritance
1127,622,751,0.19999999999999998,0.5,0.5,21.055013309671693,7.935691318327974,16.40878828229028,472,3,50,0.2,0.5,0.5,inheritance,inheritance,inheritance
1097,625,778,0.19999999999999998,0.5,0.5,21.366453965360073,8.1296,16.05912596401028,473,3,50,0.2,0.5,0.5,inheritance,inheritance,inheritance
1072,633,795,0.19999999999999998,0.5,0.5,21.424440298507463,8.176935229067931,15.61006289308176,474,3,50,0.2,0.5,0.5,inheritance,inheritance,inheritance
1036,648,816,0.20000000000000004,0.5,0.5,21.545366795366796,8.265432098765432,15.252450980392156,475,3,50,0.2,0.5,0.5,inheritance,inheritance,inheritance
1025,629,846,0.20000000000000007,0.5,0.5,21.189268292682925,8.399046104928457,14.465721040189125,476,3,50,0.2,0.5,0.5,inheritance,inheritance,inheritance
985,629,886,0.20000000000000004,0.5,0.5,21.15939086294416,8.437201907790143,14.18510158013544,477,3,50,0.2,0.5,0.5,inheritance,inheritance,inheritance
961,629,910,0.20000000000000004,0.5,0.5,20.960457856399582,8.381558028616853,13.686813186813186,478,3,50,0.2,0.5,0.5,inheritance,inheritance,inheritance
926,638,936,0.2,0.5,0.5,20.72570194384449,8.304075235109718,13.316239316239317,479,3,50,0.2,0.5,0.5,inheritance,inheritance,inheritance
897,642,961,0.20000000000000004,0.5,0.5,20.312151616499442,8.096573208722742,13.2684703433923,480,3,50,0.2,0.5,0.5,inheritance,inheritance,inheritance
863,632,1005,0.20000000000000004,0.5,0.5,19.899188876013906,8.003164556962025,12.9681592039801,481,3,50,0.2,0.5,0.5,inheritance,inheritance,inheritance
824,626,1050,0.2,0.5,0.5,19.54733009708738,7.902555910543131,12.861904761904762,482,3,50,0.2,0.5,0.5,inheritance,inheritance,inheritance
799,610,1091,0.2,0.5,0.5,19.23654568210263,7.924590163934426,12.807516040329972,483,3,50,0.2,0.5,0.5,inheritance,inheritance,inheritance
800,578,1122,0.2,0.5,0.5,18.8025,8.112456747404844,12.705882352941176,484,3,50,0.2,0.5,0.5,inheritance,inheritance,inheritance
776,565,1159,0.19999999999999998,0.5,0.5,18.54381443298969,7.916814159292035,12.685073339085418,485,3,50,0.2,0.5,0.5,inheritance,inheritance,inheritance
754,555,1191,0.19999999999999998,0.5,0.5,18.316976127320956,7.783783783783784,12.856423173803526,486,3,50,0.2,0.5,0.5,inheritance,inheritance,inheritance
742,531,1227,0.19999999999999996,0.5,0.5,18.157681940700808,8.009416195856874,12.960065199674002,487,3,50,0.2,0.5,0.5,inheritance,inheritance,inheritance
728,505,1267,0.19999999999999998,0.5,0.5,17.706043956043956,7.992079207920792,13.018153117600631,488,3,50,0.2,0.5,0.5,inheritance,inheritance,inheritance
735,486,1279,0.2,0.5,0.5,16.820408163265306,7.919753086419753,13.104769351055513,489,3,50,0.2,0.5,0.5,inheritance,inheritance,inheritance
715,476,1309,0.2,0.5,0.5,16.723076923076924,8.0,13.343773873185638,490,3,50,0.2,0.5,0.5,inheritance,inheritance,inheritance
700,478,1322,0.19999999999999996,0.5,0.5,16.428571428571427,7.671548117154812,13.758698940998487,491,3,50,0.2,0.5,0.5,inheritance,inheritance,inheritance
704,471,1325,0.19999999999999998,0.5,0.5,15.556818181818182,7.732484076433121,13.950188679245283,492,3,50,0.2,0.5,0.5,inheritance,inheritance,inheritance
707,472,1321,0.19999999999999996,0.5,0.5,15.18953323903819,7.790254237288136,14.241483724451173,493,3,50,0.2,0.5,0.5,inheritance,inheritance,inheritance
714,442,1344,0.19999999999999998,0.5,0.5,15.182072829131652,7.66289592760181,14.348214285714286,494,3,50,0.2,0.5,0.5,inheritance,inheritance,inheritance
712,429,1359,0.19999999999999996,0.5,0.5,15.262640449438202,7.62004662004662,14.681383370125092,495,3,50,0.2,0.5,0.5,inheritance,inheritance,inheritance
718,412,1370,0.19999999999999996,0.5,0.5,15.154596100278551,7.83252427184466,15.003649635036496,496,3,50,0.2,0.5,0.5,inheritance,inheritance,inheritance
714,400,1386,0.19999999999999998,0.5,0.5,15.275910364145659,7.8075,15.266955266955266,497,3,50,0.2,0.5,0.5,inheritance,inheritance,inheritance
713,391,1396,0.19999999999999996,0.5,0.5,14.992987377279102,7.687979539641944,15.375358166189113,498,3,50,0.2,0.5,0.5,inheritance,inheritance,inheritance
707,378,1415,0.19999999999999996,0.5,0.5,14.84016973125884,7.507936507936508,15.636749116607774,499,3,50,0.2,0.5,0.5,inheritance,inheritance,inheritance
