R_density,P_density,S_density,R_invasion,P_invasion,S_invasion,R_age,P_age,S_age,epoch,seed,grid_dim,R_init_invasion,P_init_invasion,S_init_invasion,R_policy,P_policy,S_policy,sigma
799,863,838,0.2,0.5,0.5,0.0,0.0,0.0,0,0,50,0.2,0.5,0.5,stochastic,inheritance,inheritance,0.05
734,847,919,0.1999325420365552,0.5,0.5,1.0,1.0,1.0,1,0,50,0.2,0.5,0.5,stochastic,inheritance,inheritance,0.05
676,815,1009,0.2010746650524022,0.5,0.5,1.9230769230769231,1.876073619631902,1.857284440039643,2,0,50,0.2,0.5,0.5,stochastic,inheritance,inheritance,0.05
614,768,1118,0.2019334120256367,0.5,0.5,2.781758957654723,2.6263020833333335,2.598389982110912,3,0,50,0.2,0.5,0.5,stochastic,inheritance,inheritance,0.05
579,705,1216,0.20141039735230434,0.5,0.5,3.592400690846287,3.354609929078014,3.3026315789473686,4,0,50,0.2,0.5,0.5,stochastic,inheritance,inheritance,0.05
566,639,1295,0.20076546285770794,0.5,0.5,4.287985865724382,4.010954616588419,3.972200772200772,5,0,50,0.2,0.5,0.5,stochastic,inheritance,inheritance,0.05
558,555,1387,0.20164178233128122,0.5,0.5,4.897849462365591,4.675675675675675,4.570295602018746,6,0,50,0.2,0.5,0.5,stochastic,inheritance,inheritance,0.05
590,477,1433,0.20334812524895557,0.5,0.5,5.310169491525424,5.30607966457023,5.198185624563852,7,0,50,0.2,0.5,0.5,stochastic,inheritance,inheritance,0.05
588,434,1478,0.20363373120646405,0.5,0.5,5.858843537414966,5.764976958525345,5.867388362652233,8,0,50,0.2,0.5,0.5,stochastic,inheritance,inheritance,0.05
607,384,1509,0.20386791834071252,0.5,0.5,6.199341021416804,6.0390625,6.486414844267727,9,0,50,0.2,0.5,0.5,stochastic,inheritance,inheritance,0.05
637,318,1545,0.20487892634760735,0.5,0.5,6.638932496075353,6.449685534591195,7.034951456310679,10,0,50,0.2,0.5,0.5,stochastic,inheritance,inheritance,0.05
668,283,1549,0.20568684026042316,0.5,0.5,6.973053892215569,6.65017667844523,7.712717882504842,11,0,50,0.2,0.5,0.5,stochastic,inheritance,inheritance,0.05
711,244,1545,0.2070571636649864,0.5,0.5,7.225035161744023,6.89344262295082,8.349514563106796,12,0,50,0.2,0.5,0.5,stochastic,inheritance,inheritance,0.05
760,225,1515,0.2074498634433255,0.5,0.5,7.543421052631579,6.884444444444444,9.077227722772276,13,0,50,0.2,0.5,0.5,stochastic,inheritance,inheritance,0.05
816,191,1493,0.2105330612784506,0.5,0.5,7.824754901960785,6.979057591623037,9.727394507702613,14,0,50,0.2,0.5,0.5,stochastic,inheritance,inheritance,0.05
852,175,1473,0.2125522859141464,0.5,0.5,8.240610328638498,6.96,10.459606245756959,15,0,50,0.2,0.5,0.5,stochastic,inheritance,inheritance,0.05
900,162,1438,0.2147991639028091,0.5,0.5,8.58,6.734567901234568,11.187065368567454,16,0,50,0.2,0.5,0.5,stochastic,inheritance,inheritance,0.05
934,158,1408,0.21638305930639384,0.5,0.5,9.007494646680943,6.481012658227848,11.918323863636363,17,0,50,0.2,0.5,0.5,stochastic,inheritance,inheritance,0.05
991,146,1363,0.21661600358997748,0.5,0.5,9.321897073662967,6.972602739726027,12.659574468085106,18,0,50,0.2,0.5,0.5,stochastic,inheritance,inheritance,0.05
1045,132,1323,0.2191232348210534,0.5,0.5,9.658373205741627,7.484848484848484,13.321239606953892,19,0,50,0.2,0.5,0.5,stochastic,inheritance,inheritance,0.05
1107,127,1266,0.21977240077194224,0.5,0.5,9.940379403794038,7.47244094488189,14.128751974723539,20,0,50,0.2,0.5,0.5,stochastic,inheritance,inheritance,0.05
1153,128,1219,0.220339266908787,0.5,0.5,10.35993061578491,6.8125,14.838392124692371,21,0,50,0.2,0.5,0.5,stochastic,inheritance,inheritance,0.05
1184,123,1193,0.22083964104987988,0.5,0.5,10.894425675675675,6.3983739837398375,15.532271584241409,22,0,50,0.2,0.5,0.5,stochastic,inheritance,inheritance,0.05
1234,137,1129,0.2216410697255466,0.5,0.5,11.182333873581848,6.036496350364963,16.37555358724535,23,0,50,0.2,0.5,0.5,stochastic,inheritance,inheritance,0.05
1280,139,1081,0.22207069908495353,0.5,0.5,11.5703125,5.870503597122302,17.049028677150787,24,0,50,0.2,0.5,0.5,stochastic,inheritance,inheritance,0.05
1321,150,1029,0.22229453117353395,0.5,0.5,12.037850113550341,6.113333333333333,17.83867832847425,25,0,50,0.2,0.5,0.5,stochastic,inheritance,inheritance,0.05
1371,156,973,0.22327745572549101,0.5,0.5,12.36688548504741,5.980769230769231,18.488180883864338,26,0,50,0.2,0.5,0.5,stochastic,inheritance,inheritance,0.05
1432,157,911,0.22434196170498694,0.5,0.5,12.61731843575419,6.146496815286624,18.959385290889134,27,0,50,0.2,0.5,0.5,stochastic,inheritance,inheritance,0.05
1460,165,875,0.2243248190606932,0.5,0.5,13.10890410958904,5.884848484848485,19.366857142857143,28,0,50,0.2,0.5,0.5,stochastic,inheritance,inheritance,0.05
1499,169,832,0.22645293517882298,0.5,0.5,13.537691794529687,5.846153846153846,19.938701923076923,29,0,50,0.2,0.5,0.5,stochastic,inheritance,inheritance,0.05
1512,193,795,0.22556176605549702,0.5,0.5,13.973544973544973,5.362694300518135,20.418867924528303,30,0,50,0.2,0.5,0.5,stochastic,inheritance,inheritance,0.05
1553,202,745,0.225909419262823,0.5,0.5,14.322601416613008,5.544554455445544,20.85771812080537,31,0,50,0.2,0.5,0.5,stochastic,inheritance,inheritance,0.05
1577,206,717,0.2255626513846053,0.5,0.5,14.819277108433734,5.281553398058253,20.76011157601116,32,0,50,0.2,0.5,0.5,stochastic,inheritance,inheritance,0.05
1592,226,682,0.22673240065137565,0.5,0.5,15.308417085427136,5.199115044247788,21.06891495601173,33,0,50,0.2,0.5,0.5,stochastic,inheritance,inheritance,0.05
1604,266,630,0.2274599828068418,0.5,0.5,15.638403990024937,5.180451127819549,21.571428571428573,34,0,50,0.2,0.5,0.5,stochastic,inheritance,inheritance,0.05
1603,303,594,0.2285087497253672,0.5,0.5,16.05240174672489,5.1551155115511555,21.577441077441076,35,0,50,0.2,0.5,0.5,stochastic,inheritance,inheritance,0.05
1585,345,570,0.2286469395105824,0.5,0.5,16.43217665615142,5.081159420289855,21.666666666666668,36,0,50,0.2,0.5,0.5,stochastic,inheritance,inheritance,0.05
1556,392,552,0.2287926612431945,0.5,0.5,16.8573264781491,4.836734693877551,21.255434782608695,37,0,50,0.2,0.5,0.5,stochastic,inheritance,inheritance,0.05
1537,417,546,0.22961446938090402,0.5,0.5,17.245933636955108,5.023980815347722,20.465201465201464,38,0,50,0.2,0.5,0.5,stochastic,inheritance,inheritance,0.05
1529,434,537,0.23009988819985105,0.5,0.5,17.615434924787444,5.032258064516129,19.592178770949722,39,0,50,0.2,0.5,0.5,stochastic,inheritance,inheritance,0.05
1517,473,510,0.23206816213417678,0.5,0.5,17.776532630191166,5.133192389006343,19.107843137254903,40,0,50,0.2,0.5,0.5,stochastic,inheritance,inheritance,0.05
1487,499,514,0.23229892081003573,0.5,0.5,18.30733019502354,5.3927855711422845,18.30933852140078,41,0,50,0.2,0.5,0.5,stochastic,inheritance,inheritance,0.05
1444,538,518,0.23212764545133988,0.5,0.5,18.833795013850416,5.466542750929368,17.525096525096526,42,0,50,0.2,0.5,0.5,stochastic,inheritance,inheritance,0.05
1403,579,518,0.23377360213458648,0.5,0.5,19.225231646471848,5.563039723661485,16.525096525096526,43,0,50,0.2,0.5,0.5,stochastic,inheritance,inheritance,0.05
1352,636,512,0.23507695152554237,0.5,0.5,19.324704142011836,5.540880503144654,15.48046875,44,0,50,0.2,0.5,0.5,stochastic,inheritance,inheritance,0.05
1310,660,530,0.2362112020372352,0.5,0.5,19.635114503816794,5.710606060606061,14.507547169811321,45,0,50,0.2,0.5,0.5,stochastic,inheritance,inheritance,0.05
1270,685,545,0.2354370523667139,0.5,0.5,20.133858267716537,6.0715328467153284,14.089908256880735,46,0,50,0.2,0.5,0.5,stochastic,inheritance,inheritance,0.05
1217,713,570,0.23707093811143035,0.5,0.5,20.52177485620378,6.258064516129032,13.594736842105263,47,0,50,0.2,0.5,0.5,stochastic,inheritance,inheritance,0.05
1178,741,581,0.24044229122449245,0.5,0.5,20.919354838709676,6.5465587044534415,13.201376936316695,48,0,50,0.2,0.5,0.5,stochastic,inheritance,inheritance,0.05
1145,763,592,0.24230458740652214,0.5,0.5,20.894323144104803,6.790301441677588,12.722972972972974,49,0,50,0.2,0.5,0.5,stochastic,inheritance,inheritance,0.05
1083,798,619,0.24463064916253524,0.5,0.5,21.170821791320407,6.830827067669173,12.306946688206786,50,0,50,0.2,0.5,0.5,stochastic,inheritance,inheritance,0.05
1055,810,635,0.24645770098430156,0.5,0.5,21.444549763033177,7.223456790123457,12.305511811023623,51,0,50,0.2,0.5,0.5,stochastic,inheritance,inheritance,0.05
1011,814,675,0.24558536593570257,0.5,0.5,21.736894164193867,7.388206388206388,11.765925925925925,52,0,50,0.2,0.5,0.5,stochastic,inheritance,inheritance,0.05
962,822,716,0.24645890761550113,0.5,0.5,22.012474012474012,7.529197080291971,11.547486033519553,53,0,50,0.2,0.5,0.5,stochastic,inheritance,inheritance,0.05
908,844,748,0.24720821527905204,0.5,0.5,22.180616740088105,7.584123222748815,11.344919786096257,54,0,50,0.2,0.5,0.5,stochastic,inheritance,inheritance,0.05
855,837,808,0.25192665783503304,0.5,0.5,22.2093567251462,7.641577060931899,10.967821782178218,55,0,50,0.2,0.5,0.5,stochastic,inheritance,inheritance,0.05
799,842,859,0.2536170881554476,0.5,0.5,22.23153942428035,7.663895486935867,10.69848661233993,56,0,50,0.2,0.5,0.5,stochastic,inheritance,inheritance,0.05
770,833,897,0.25489335659946544,0.5,0.5,21.961038961038962,7.989195678271309,10.683389074693423,57,0,50,0.2,0.5,0.5,stochastic,inheritance,inheritance,0.05
716,831,953,0.2608363023707875,0.5,0.5,21.821229050279328,8.036101083032491,10.762854144805877,58,0,50,0.2,0.5,0.5,stochastic,inheritance,inheritance,0.05
672,829,999,0.26233584469798094,0.5,0.5,21.608630952380953,8.073582629674306,10.93993993993994,59,0,50,0.2,0.5,0.5,stochastic,inheritance,inheritance,0.05
616,834,1050,0.2687172930183401,0.5,0.5,21.108766233766232,8.071942446043165,10.933333333333334,60,0,50,0.2,0.5,0.5,stochastic,inheritance,inheritance,0.05
580,806,1114,0.2748076286997621,0.5,0.5,20.755172413793105,8.199751861042184,10.993716337522441,61,0,50,0.2,0.5,0.5,stochastic,inheritance,inheritance,0.05
553,760,1187,0.27944526357213095,0.5,0.5,19.916817359855333,8.20657894736842,10.87194608256108,62,0,50,0.2,0.5,0.5,stochastic,inheritance,inheritance,0.05
531,724,1245,0.28510297920872335,0.5,0.5,19.041431261770246,8.291436464088397,10.906827309236947,63,0,50,0.2,0.5,0.5,stochastic,inheritance,inheritance,0.05
527,677,1296,0.29469643497975184,0.5,0.5,17.43643263757116,8.444608567208272,10.945987654320987,64,0,50,0.2,0.5,0.5,stochastic,inheritance,inheritance,0.05
521,640,1339,0.30738772084422084,0.5,0.5,16.4510556621881,8.6078125,11.168035847647499,65,0,50,0.2,0.5,0.5,stochastic,inheritance,inheritance,0.05
516,588,1396,0.3130984649210906,0.5,0.5,15.633720930232558,8.770408163265307,11.285100286532952,66,0,50,0.2,0.5,0.5,stochastic,inheritance,inheritance,0.05
541,538,1421,0.32385197377435904,0.5,0.5,14.377079482439926,9.16914498141264,11.534130893736805,67,0,50,0.2,0.5,0.5,stochastic,inheritance,inheritance,0.05
549,485,1466,0.33022652137131875,0.5,0.5,13.706739526411658,9.35257731958763,11.766030013642565,68,0,50,0.2,0.5,0.5,stochastic,inheritance,inheritance,0.05
557,459,1484,0.3380964653787761,0.5,0.5,12.912028725314183,9.30718954248366,11.946765498652292,69,0,50,0.2,0.5,0.5,stochastic,inheritance,inheritance,0.05
612,410,1478,0.3475837046564802,0.5,0.5,12.151960784313726,9.485365853658537,12.122462787550745,70,0,50,0.2,0.5,0.5,stochastic,inheritance,inheritance,0.05
634,392,1474,0.3548698844501765,0.5,0.5,11.32018927444795,9.056122448979592,12.581411126187245,71,0,50,0.2,0.5,0.5,stochastic,inheritance,inheritance,0.05
667,365,1468,0.3575253480133076,0.5,0.5,11.211394302848575,8.978082191780821,13.006811989100818,72,0,50,0.2,0.5,0.5,stochastic,inheritance,inheritance,0.05
705,337,1458,0.36339298691522537,0.5,0.5,10.890780141843972,9.035608308605342,13.358710562414267,73,0,50,0.2,0.5,0.5,stochastic,inheritance,inheritance,0.05
730,311,1459,0.3650554617116173,0.5,0.5,10.801369863013699,8.903536977491962,13.767649074708705,74,0,50,0.2,0.5,0.5,stochastic,inheritance,inheritance,0.05
778,300,1422,0.3706383701248906,0.5,0.5,10.724935732647815,8.84,14.336849507735584,75,0,50,0.2,0.5,0.5,stochastic,inheritance,inheritance,0.05
812,279,1409,0.377238892009053,0.5,0.5,10.679802955665025,8.455197132616487,14.793470546486871,76,0,50,0.2,0.5,0.5,stochastic,inheritance,inheritance,0.05
874,262,1364,0.37890072981793804,0.5,0.5,10.631578947368421,8.67557251908397,15.373900293255131,77,0,50,0.2,0.5,0.5,stochastic,inheritance,inheritance,0.05
922,254,1324,0.3803284580388847,0.5,0.5,10.691973969631237,8.220472440944881,15.797583081570997,78,0,50,0.2,0.5,0.5,stochastic,inheritance,inheritance,0.05
967,253,1280,0.3832656084196912,0.5,0.5,10.763185108583247,8.019762845849803,16.44453125,79,0,50,0.2,0.5,0.5,stochastic,inheritance,inheritance,0.05
1030,269,1201,0.38752795947804863,0.5,0.5,10.56504854368932,7.810408921933085,16.950041631973356,80,0,50,0.2,0.5,0.5,stochastic,inheritance,inheritance,0.05
1088,271,1141,0.39056016019070194,0.5,0.5,10.660845588235293,7.760147601476015,17.559158632778264,81,0,50,0.2,0.5,0.5,stochastic,inheritance,inheritance,0.05
1128,281,1091,0.3917037606182345,0.5,0.5,10.98758865248227,7.843416370106762,18.048579285059578,82,0,50,0.2,0.5,0.5,stochastic,inheritance,inheritance,0.05
1152,310,1038,0.39271960393800875,0.5,0.5,11.067708333333334,7.316129032258065,18.43159922928709,83,0,50,0.2,0.5,0.5,stochastic,inheritance,inheritance,0.05
1190,338,972,0.3907464131953043,0.5,0.5,11.363025210084034,7.171597633136095,18.93415637860082,84,0,50,0.2,0.5,0.5,stochastic,inheritance,inheritance,0.05
1226,362,912,0.39119141219066444,0.5,0.5,11.497553017944535,6.895027624309392,19.24451754385965,85,0,50,0.2,0.5,0.5,stochastic,inheritance,inheritance,0.05
1252,392,856,0.3926123747785681,0.5,0.5,11.668530351437699,6.844387755102041,19.639018691588785,86,0,50,0.2,0.5,0.5,stochastic,inheritance,inheritance,0.05
1283,428,789,0.3918199172863875,0.5,0.5,11.7692907248636,6.710280373831775,19.79974651457541,87,0,50,0.2,0.5,0.5,stochastic,inheritance,inheritance,0.05
1296,467,737,0.39225565585731115,0.5,0.5,12.074074074074074,6.856531049250536,20.371777476255087,88,0,50,0.2,0.5,0.5,stochastic,inheritance,inheritance,0.05
1318,499,683,0.3940895054959236,0.5,0.5,12.263277693474961,7.028056112224449,20.587115666178622,89,0,50,0.2,0.5,0.5,stochastic,inheritance,inheritance,0.05
1322,541,637,0.3945755128180036,0.5,0.5,12.5642965204236,7.033271719038817,20.56514913657771,90,0,50,0.2,0.5,0.5,stochastic,inheritance,inheritance,0.05
1320,581,599,0.39395602022834453,0.5,0.5,12.88030303030303,7.025817555938038,20.242070116861434,91,0,50,0.2,0.5,0.5,stochastic,inheritance,inheritance,0.05
1315,620,565,0.3917627554256436,0.5,0.5,13.039543726235742,7.172580645161291,19.449557522123893,92,0,50,0.2,0.5,0.5,stochastic,inheritance,inheritance,0.05
1314,660,526,0.39834369297480665,0.5,0.5,12.980974124809741,7.171212121212121,18.287072243346007,93,0,50,0.2,0.5,0.5,stochastic,inheritance,inheritance,0.05
1315,698,487,0.40714636473021476,0.5,0.5,12.92851711026616,7.320916905444126,17.19917864476386,94,0,50,0.2,0.5,0.5,stochastic,inheritance,inheritance,0.05
1307,735,458,0.40746714372772386,0.5,0.5,12.97398622800306,7.295238095238095,15.617903930131005,95,0,50,0.2,0.5,0.5,stochastic,inheritance,inheritance,0.05
1291,757,452,0.4090719000157051,0.5,0.5,13.329976762199845,7.593130779392339,14.484513274336283,96,0,50,0.2,0.5,0.5,stochastic,inheritance,inheritance,0.05
1256,790,454,0.41176805510899117,0.5,0.5,13.568471337579618,7.630379746835443,12.955947136563877,97,0,50,0.2,0.5,0.5,stochastic,inheritance,inheritance,0.05
1235,812,453,0.4169452807039797,0.5,0.5,13.888259109311742,7.731527093596059,11.98233995584989,98,0,50,0.2,0.5,0.5,stochastic,inheritance,inheritance,0.05
1202,842,456,0.4199137691963008,0.5,0.5,14.099833610648918,7.859857482185273,11.157894736842104,99,0,50,0.2,0.5,0.5,stochastic,inheritance,inheritance,0.05
1176,867,457,0.42153444073713775,0.5,0.5,14.375850340136054,8.065743944636678,10.177242888402626,100,0,50,0.2,0.5,0.5,stochastic,inheritance,inheritance,0.05
1156,870,474,0.42239118533627085,0.5,0.5,14.700692041522492,8.434482758620689,9.356540084388186,101,0,50,0.2,0.5,0.5,stochastic,inheritance,inheritance,0.05
1141,849,510,0.4239042323073651,0.5,0.5,15.226993865030675,8.681978798586572,8.407843137254902,102,0,50,0.2,0.5,0.5,stochastic,inheritance,inheritance,0.05
1124,848,528,0.42730819854490965,0.5,0.5,15.472419928825623,8.683962264150944,8.070075757575758,103,0,50,0.2,0.5,0.5,stochastic,inheritance,inheritance,0.05
1080,855,565,0.4283024500266129,0.5,0.5,16.030555555555555,8.760233918128655,7.738053097345133,104,0,50,0.2,0.5,0.5,stochastic,inheritance,inheritance,0.05
1045,844,611,0.42826014664027395,0.5,0.5,16.608612440191386,8.617298578199053,7.338788870703764,105,0,50,0.2,0.5,0.5,stochastic,inheritance,inheritance,0.05
1011,846,643,0.4296315743207081,0.5,0.5,17.04648862512364,8.698581560283689,7.399688958009332,106,0,50,0.2,0.5,0.5,stochastic,inheritance,inheritance,0.05
967,859,674,0.42705977516519245,0.5,0.5,17.563598759048602,8.593713620488941,7.428783382789318,107,0,50,0.2,0.5,0.5,stochastic,inheritance,inheritance,0.05
941,860,699,0.4317989934159328,0.5,0.5,18.070138150903293,8.776744186046512,7.658082975679542,108,0,50,0.2,0.5,0.5,stochastic,inheritance,inheritance,0.05
910,884,706,0.43704539740374393,0.5,0.5,18.313186813186814,8.90158371040724,7.907932011331445,109,0,50,0.2,0.5,0.5,stochastic,inheritance,inheritance,0.05
885,889,726,0.4445353842082942,0.5,0.5,18.26779661016949,8.805399325084364,7.917355371900826,110,0,50,0.2,0.5,0.5,stochastic,inheritance,inheritance,0.05
845,922,733,0.4562696974183797,0.5,0.5,17.95621301775148,8.749457700650758,8.255115961800819,111,0,50,0.2,0.5,0.5,stochastic,inheritance,inheritance,0.05
819,935,746,0.4628611516604729,0.5,0.5,18.047619047619047,8.908021390374332,8.513404825737265,112,0,50,0.2,0.5,0.5,stochastic,inheritance,inheritance,0.05
800,944,756,0.47253953481178895,0.5,0.5,17.55375,8.895127118644067,8.582010582010582,113,0,50,0.2,0.5,0.5,stochastic,inheritance,inheritance,0.05
789,959,752,0.48987191047320316,0.5,0.5,16.508238276299114,8.925964546402502,8.56781914893617,114,0,50,0.2,0.5,0.5,stochastic,inheritance,inheritance,0.05
795,974,731,0.5110600975273027,0.5,0.5,15.328301886792453,9.085215605749486,8.53625170998632,115,0,50,0.2,0.5,0.5,stochastic,inheritance,inheritance,0.05
780,988,732,0.5213070970145873,0.5,0.5,14.564102564102564,9.163967611336032,8.628415300546449,116,0,50,0.2,0.5,0.5,stochastic,inheritance,inheritance,0.05
735,1008,757,0.5345073125720923,0.5,0.5,13.87891156462585,9.031746031746032,8.523117569352708,117,0,50,0.2,0.5,0.5,stochastic,inheritance,inheritance,0.05
717,1002,781,0.5513596226221587,0.5,0.5,12.87587168758717,9.077844311377245,8.477592829705506,118,0,50,0.2,0.5,0.5,stochastic,inheritance,inheritance,0.05
717,994,789,0.5586604433184104,0.5,0.5,11.895397489539748,9.221327967806841,8.495564005069708,119,0,50,0.2,0.5,0.5,stochastic,inheritance,inheritance,0.05
699,977,824,0.5692506104144075,0.5,0.5,11.336194563662374,9.147389969293757,8.41868932038835,120,0,50,0.2,0.5,0.5,stochastic,inheritance,inheritance,0.05
688,957,855,0.576689366500577,0.5,0.5,10.931686046511627,9.314524555903866,8.385964912280702,121,0,50,0.2,0.5,0.5,stochastic,inheritance,inheritance,0.05
714,923,863,0.5771956933655026,0.5,0.5,10.473389355742297,9.703141928494041,8.420625724217844,122,0,50,0.2,0.5,0.5,stochastic,inheritance,inheritance,0.05
733,907,860,0.578462401651426,0.5,0.5,10.236016371077763,9.988974641675854,8.545348837209302,123,0,50,0.2,0.5,0.5,stochastic,inheritance,inheritance,0.05
747,869,884,0.5812230765445324,0.5,0.5,9.965194109772423,10.219792865362486,8.484162895927602,124,0,50,0.2,0.5,0.5,stochastic,inheritance,inheritance,0.05
751,882,867,0.5888676232450245,0.5,0.5,9.569906790945407,10.261904761904763,8.727797001153403,125,0,50,0.2,0.5,0.5,stochastic,inheritance,inheritance,0.05
762,855,883,0.5955114998197983,0.5,0.5,9.583989501312336,10.422222222222222,8.65118912797282,126,0,50,0.2,0.5,0.5,stochastic,inheritance,inheritance,0.05
781,826,893,0.6012245698539412,0.5,0.5,9.441741357234315,10.401937046004843,8.667413213885778,127,0,50,0.2,0.5,0.5,stochastic,inheritance,inheritance,0.05
809,798,893,0.6033173591968205,0.5,0.5,9.480840543881335,10.264411027568922,8.74020156774916,128,0,50,0.2,0.5,0.5,stochastic,inheritance,inheritance,0.05
834,784,882,0.6113567031032375,0.5,0.5,9.33453237410072,10.248724489795919,8.733560090702948,129,0,50,0.2,0.5,0.5,stochastic,inheritance,inheritance,0.05
840,780,880,0.6101013176124129,0.5,0.5,9.286904761904761,10.115384615384615,8.834090909090909,130,0,50,0.2,0.5,0.5,stochastic,inheritance,inheritance,0.05
844,792,864,0.6149475945209437,0.5,0.5,8.998815165876778,9.82449494949495,8.92013888888889,131,0,50,0.2,0.5,0.5,stochastic,inheritance,inheritance,0.05
873,806,821,0.6231671308327695,0.5,0.5,8.70103092783505,9.663771712158809,9.097442143727163,132,0,50,0.2,0.5,0.5,stochastic,inheritance,inheritance,0.05
888,805,807,0.6328950787924151,0.5,0.5,8.666666666666666,9.525465838509318,9.28004956629492,133,0,50,0.2,0.5,0.5,stochastic,inheritance,inheritance,0.05
891,821,788,0.6423539464353334,0.5,0.5,8.497194163860831,9.070645554202192,9.317258883248732,134,0,50,0.2,0.5,0.5,stochastic,inheritance,inheritance,0.05
918,821,761,0.6456077787392739,0.5,0.5,8.372549019607844,9.008526187576127,9.222076215505913,135,0,50,0.2,0.5,0.5,stochastic,inheritance,inheritance,0.05
914,841,745,0.6504831118597603,0.5,0.5,8.309628008752735,9.03923900118906,9.30738255033557,136,0,50,0.2,0.5,0.5,stochastic,inheritance,inheritance,0.05
917,875,708,0.660289560589171,0.5,0.5,8.172300981461287,8.769142857142857,9.337570621468927,137,0,50,0.2,0.5,0.5,stochastic,inheritance,inheritance,0.05
889,928,683,0.6670814816151734,0.5,0.5,8.18785151856018,8.600215517241379,9.301610541727673,138,0,50,0.2,0.5,0.5,stochastic,inheritance,inheritance,0.05
889,965,646,0.6794492473557504,0.5,0.5,7.800899887514061,8.40518134715026,9.095975232198143,139,0,50,0.2,0.5,0.5,stochastic,inheritance,inheritance,0.05
873,1021,606,0.6818043857897913,0.5,0.5,7.743413516609393,8.430950048971596,9.023102310231023,140,0,50,0.2,0.5,0.5,stochastic,inheritance,inheritance,0.05
860,1046,594,0.6879487409101003,0.5,0.5,7.7,8.483747609942638,8.563973063973064,141,0,50,0.2,0.5,0.5,stochastic,inheritance,inheritance,0.05
828,1081,591,0.6925309848059406,0.5,0.5,7.840579710144928,8.469935245143386,8.309644670050762,142,0,50,0.2,0.5,0.5,stochastic,inheritance,inheritance,0.05
820,1094,586,0.6989993731078427,0.5,0.5,7.970731707317073,8.607861060329068,8.172354948805461,143,0,50,0.2,0.5,0.5,stochastic,inheritance,inheritance,0.05
783,1141,576,0.7025079895816823,0.5,0.5,8.075351213282248,8.671340929009641,8.23611111111111,144,0,50,0.2,0.5,0.5,stochastic,inheritance,inheritance,0.05
764,1144,592,0.7090616223116513,0.5,0.5,8.153141361256544,8.708041958041958,7.716216216216216,145,0,50,0.2,0.5,0.5,stochastic,inheritance,inheritance,0.05
749,1139,612,0.7122558539649311,0.5,0.5,8.232309746328438,8.915715539947323,7.410130718954249,146,0,50,0.2,0.5,0.5,stochastic,inheritance,inheritance,0.05
751,1100,649,0.7137331923610029,0.5,0.5,8.442077230359521,9.219090909090909,7.020030816640986,147,0,50,0.2,0.5,0.5,stochastic,inheritance,inheritance,0.05
749,1104,647,0.7156948865964671,0.5,0.5,8.500667556742323,9.50090579710145,7.003091190108192,148,0,50,0.2,0.5,0.5,stochastic,inheritance,inheritance,0.05
748,1078,674,0.711424693430548,0.5,0.5,8.60427807486631,9.757884972170686,7.0207715133531154,149,0,50,0.2,0.5,0.5,stochastic,inheritance,inheritance,0.05
733,1075,692,0.7140974348955145,0.5,0.5,8.620736698499318,9.867906976744186,6.859826589595376,150,0,50,0.2,0.5,0.5,stochastic,inheritance,inheritance,0.05
723,1077,700,0.7158774627780377,0.5,0.5,8.741355463347164,9.98514391829155,6.89,151,0,50,0.2,0.5,0.5,stochastic,inheritance,inheritance,0.05
711,1068,721,0.7186201637893167,0.5,0.5,8.91139240506329,10.160112359550562,7.045769764216367,152,0,50,0.2,0.5,0.5,stochastic,inheritance,inheritance,0.05
711,1049,740,0.7248838434125878,0.5,0.5,8.890295358649789,10.290753098188752,7.014864864864865,153,0,50,0.2,0.5,0.5,stochastic,inheritance,inheritance,0.05
711,1055,734,0.7313938351825173,0.5,0.5,8.576652601969057,10.335545023696682,6.985013623978202,154,0,50,0.2,0.5,0.5,stochastic,inheritance,inheritance,0.05
688,1054,758,0.7320560949074082,0.5,0.5,8.821220930232558,10.435483870967742,6.982849604221636,155,0,50,0.2,0.5,0.5,stochastic,inheritance,inheritance,0.05
671,1058,771,0.7358157409799856,0.5,0.5,8.59612518628912,10.430056710775048,7.023346303501945,156,0,50,0.2,0.5,0.5,stochastic,inheritance,inheritance,0.05
661,1057,782,0.7417772638248975,0.5,0.5,8.482602118003026,10.496688741721854,7.268542199488491,157,0,50,0.2,0.5,0.5,stochastic,inheritance,inheritance,0.05
652,1070,778,0.7459975586060026,0.5,0.5,8.116564417177914,10.442990654205607,7.484575835475578,158,0,50,0.2,0.5,0.5,stochastic,inheritance,inheritance,0.05
621,1087,792,0.7469916630578081,0.5,0.5,8.00805152979066,10.253909843606255,7.617424242424242,159,0,50,0.2,0.5,0.5,stochastic,inheritance,inheritance,0.05
617,1079,804,0.7479816094626967,0.5,0.5,7.713128038897893,10.129749768303984,7.721393034825871,160,0,50,0.2,0.5,0.5,stochastic,inheritance,inheritance,0.05
621,1074,805,0.7455732536027347,0.5,0.5,7.695652173913044,10.251396648044693,7.849689440993789,161,0,50,0.2,0.5,0.5,stochastic,inheritance,inheritance,0.05
635,1073,792,0.7542840717478649,0.5,0.5,7.428346456692913,10.324324324324325,8.098484848484848,162,0,50,0.2,0.5,0.5,stochastic,inheritance,inheritance,0.05
646,1062,792,0.756096471636443,0.5,0.5,7.356037151702786,10.41713747645951,8.097222222222221,163,0,50,0.2,0.5,0.5,stochastic,inheritance,inheritance,0.05
680,1032,788,0.7636741817396134,0.5,0.5,7.019117647058824,10.388565891472869,7.841370558375634,164,0,50,0.2,0.5,0.5,stochastic,inheritance,inheritance,0.05
701,1016,783,0.7688932136189045,0.5,0.5,7.109843081312411,10.582677165354331,8.065134099616857,165,0,50,0.2,0.5,0.5,stochastic,inheritance,inheritance,0.05
731,1028,741,0.7728081079652697,0.5,0.5,6.976744186046512,10.686770428015564,8.214574898785425,166,0,50,0.2,0.5,0.5,stochastic,inheritance,inheritance,0.05
768,1014,718,0.7763415816872937,0.5,0.5,6.86328125,10.965483234714004,8.041782729805014,167,0,50,0.2,0.5,0.5,stochastic,inheritance,inheritance,0.05
781,1037,682,0.7843125318773232,0.5,0.5,6.682458386683739,10.868852459016393,7.941348973607038,168,0,50,0.2,0.5,0.5,stochastic,inheritance,inheritance,0.05
790,1040,670,0.7860980861440371,0.5,0.5,6.756962025316455,11.03076923076923,7.7298507462686565,169,0,50,0.2,0.5,0.5,stochastic,inheritance,inheritance,0.05
791,1054,655,0.7875758969745784,0.5,0.5,6.959544879898862,11.01707779886148,7.865648854961832,170,0,50,0.2,0.5,0.5,stochastic,inheritance,inheritance,0.05
804,1064,632,0.792497230911482,0.5,0.5,7.0783582089552235,11.24436090225564,7.988924050632911,171,0,50,0.2,0.5,0.5,stochastic,inheritance,inheritance,0.05
819,1062,619,0.7950919638240582,0.5,0.5,7.056166056166056,11.280602636534839,7.533117932148627,172,0,50,0.2,0.5,0.5,stochastic,inheritance,inheritance,0.05
803,1075,622,0.8008659938877052,0.5,0.5,7.232876712328767,11.11906976744186,7.454983922829582,173,0,50,0.2,0.5,0.5,stochastic,inheritance,inheritance,0.05
779,1069,652,0.8084662113119896,0.5,0.5,7.463414634146342,10.80355472404116,7.173312883435583,174,0,50,0.2,0.5,0.5,stochastic,inheritance,inheritance,0.05
792,1054,654,0.8122212109245713,0.5,0.5,7.571969696969697,10.628083491461101,6.889908256880734,175,0,50,0.2,0.5,0.5,stochastic,inheritance,inheritance,0.05
767,1066,667,0.8122109019769899,0.5,0.5,7.701434159061278,10.451219512195122,6.638680659670165,176,0,50,0.2,0.5,0.5,stochastic,inheritance,inheritance,0.05
747,1076,677,0.8148695718074751,0.5,0.5,7.710843373493976,10.253717472118959,6.66765140324963,177,0,50,0.2,0.5,0.5,stochastic,inheritance,inheritance,0.05
730,1085,685,0.8181159635056633,0.5,0.5,7.697260273972603,9.937327188940092,6.805839416058395,178,0,50,0.2,0.5,0.5,stochastic,inheritance,inheritance,0.05
753,1096,651,0.8219694006280819,0.5,0.5,7.397078353253652,9.929744525547445,6.7910906298003075,179,0,50,0.2,0.5,0.5,stochastic,inheritance,inheritance,0.05
739,1123,638,0.8257096820049016,0.5,0.5,7.269282814614344,9.967943009795192,6.929467084639499,180,0,50,0.2,0.5,0.5,stochastic,inheritance,inheritance,0.05
740,1112,648,0.8249449682963335,0.5,0.5,7.294594594594595,10.011690647482014,6.941358024691358,181,0,50,0.2,0.5,0.5,stochastic,inheritance,inheritance,0.05
732,1141,627,0.8265168134287254,0.5,0.5,7.2103825136612025,9.99649430324277,6.944178628389155,182,0,50,0.2,0.5,0.5,stochastic,inheritance,inheritance,0.05
719,1154,627,0.825395594394897,0.5,0.5,7.4242002781641165,10.077123050259965,6.972886762360447,183,0,50,0.2,0.5,0.5,stochastic,inheritance,inheritance,0.05
736,1149,615,0.8314500142199089,0.5,0.5,7.391304347826087,10.204525674499564,6.897560975609756,184,0,50,0.2,0.5,0.5,stochastic,inheritance,inheritance,0.05
767,1135,598,0.8341115050263762,0.5,0.5,7.2594524119947845,10.489867841409692,6.627090301003345,185,0,50,0.2,0.5,0.5,stochastic,inheritance,inheritance,0.05
785,1168,547,0.8304775844667767,0.5,0.5,6.9477707006369425,10.511986301369863,6.557586837294333,186,0,50,0.2,0.5,0.5,stochastic,inheritance,inheritance,0.05
809,1203,488,0.8341951109896666,0.5,0.5,6.898640296662546,10.745635910224438,6.702868852459017,187,0,50,0.2,0.5,0.5,stochastic,inheritance,inheritance,0.05
800,1236,464,0.8358264648233784,0.5,0.5,6.95625,10.728964401294498,6.456896551724138,188,0,50,0.2,0.5,0.5,stochastic,inheritance,inheritance,0.05
818,1230,452,0.838607770287848,0.5,0.5,7.057457212713937,11.03089430894309,6.232300884955753,189,0,50,0.2,0.5,0.5,stochastic,inheritance,inheritance,0.05
816,1259,425,0.8418227247222659,0.5,0.5,7.0943627450980395,11.137410643367753,6.221176470588235,190,0,50,0.2,0.5,0.5,stochastic,inheritance,inheritance,0.05
799,1285,416,0.8404811591911353,0.5,0.5,7.226533166458073,11.183657587548637,5.841346153846154,191,0,50,0.2,0.5,0.5,stochastic,inheritance,inheritance,0.05
780,1304,416,0.8426627770404548,0.5,0.5,7.291025641025641,11.269938650306749,5.742788461538462,192,0,50,0.2,0.5,0.5,stochastic,inheritance,inheritance,0.05
746,1341,413,0.8411174748206395,0.5,0.5,7.588471849865952,11.204325130499628,5.6392251815980625,193,0,50,0.2,0.5,0.5,stochastic,inheritance,inheritance,0.05
714,1370,416,0.8426539097457324,0.5,0.5,7.6120448179271705,11.248905109489051,5.471153846153846,194,0,50,0.2,0.5,0.5,stochastic,inheritance,inheritance,0.05
645,1409,446,0.8433855598412509,0.5,0.5,7.775193798449612,11.261887863733143,5.643497757847534,195,0,50,0.2,0.5,0.5,stochastic,inheritance,inheritance,0.05
615,1404,481,0.8432131980670164,0.5,0.5,8.001626016260163,11.425213675213675,5.4345114345114345,196,0,50,0.2,0.5,0.5,stochastic,inheritance,inheritance,0.05
589,1403,508,0.8403676348701982,0.5,0.5,7.828522920203735,11.545972915181753,5.405511811023622,197,0,50,0.2,0.5,0.5,stochastic,inheritance,inheritance,0.05
580,1403,517,0.8425305344959677,0.5,0.5,7.801724137931035,11.8431931575196,5.526112185686654,198,0,50,0.2,0.5,0.5,stochastic,inheritance,inheritance,0.05
542,1407,551,0.8464924919535927,0.5,0.5,8.001845018450185,12.038379530916844,5.666061705989111,199,0,50,0.2,0.5,0.5,stochastic,inheritance,inheritance,0.05
538,1383,579,0.8510431720294268,0.5,0.5,8.092936802973977,12.393347794649314,5.725388601036269,200,0,50,0.2,0.5,0.5,stochastic,inheritance,inheritance,0.05
526,1379,595,0.8509397647183565,0.5,0.5,7.840304182509506,12.435823060188543,5.783193277310924,201,0,50,0.2,0.5,0.5,stochastic,inheritance,inheritance,0.05
488,1378,634,0.8507259953536747,0.5,0.5,8.01639344262295,12.34833091436865,5.861198738170347,202,0,50,0.2,0.5,0.5,stochastic,inheritance,inheritance,0.05
462,1382,656,0.8553645250798229,0.5,0.5,7.803030303030303,12.39507959479016,6.050304878048781,203,0,50,0.2,0.5,0.5,stochastic,inheritance,inheritance,0.05
465,1356,679,0.8536080004978613,0.5,0.5,7.780645161290322,12.708702064896755,6.134020618556701,204,0,50,0.2,0.5,0.5,stochastic,inheritance,inheritance,0.05
449,1323,728,0.8585291920619375,0.5,0.5,7.7728285077951,12.859410430839002,6.208791208791209,205,0,50,0.2,0.5,0.5,stochastic,inheritance,inheritance,0.05
433,1297,770,0.8541763714523509,0.5,0.5,7.757505773672055,13.047031611410949,6.5,206,0,50,0.2,0.5,0.5,stochastic,inheritance,inheritance,0.05
438,1257,805,0.8508235996981471,0.5,0.5,7.4132420091324205,13.168655529037391,6.626086956521739,207,0,50,0.2,0.5,0.5,stochastic,inheritance,inheritance,0.05
447,1227,826,0.856084887797144,0.5,0.5,7.098434004474273,13.357783211083945,6.845036319612591,208,0,50,0.2,0.5,0.5,stochastic,inheritance,inheritance,0.05
459,1183,858,0.8604650443667053,0.5,0.5,6.932461873638344,13.434488588334743,6.944055944055944,209,0,50,0.2,0.5,0.5,stochastic,inheritance,inheritance,0.05
473,1172,855,0.8627609642855585,0.5,0.5,6.475687103594081,13.430887372013652,7.254970760233918,210,0,50,0.2,0.5,0.5,stochastic,inheritance,inheritance,0.05
489,1160,851,0.8648326263803475,0.5,0.5,6.137014314928425,13.477586206896552,7.537015276145711,211,0,50,0.2,0.5,0.5,stochastic,inheritance,inheritance,0.05
516,1145,839,0.8640081096714405,0.5,0.5,5.790697674418604,13.590393013100437,7.607866507747318,212,0,50,0.2,0.5,0.5,stochastic,inheritance,inheritance,0.05
549,1130,821,0.8673275575511604,0.5,0.5,5.320582877959927,13.545132743362831,7.779537149817296,213,0,50,0.2,0.5,0.5,stochastic,inheritance,inheritance,0.05
581,1102,817,0.8723744568476133,0.5,0.5,5.359724612736661,13.579854809437387,7.91921664626683,214,0,50,0.2,0.5,0.5,stochastic,inheritance,inheritance,0.05
616,1098,786,0.8765832710534379,0.5,0.5,5.204545454545454,13.531876138433516,7.867684478371501,215,0,50,0.2,0.5,0.5,stochastic,inheritance,inheritance,0.05
630,1096,774,0.8803466267121463,0.5,0.5,5.203174603174603,13.326642335766424,8.023255813953488,216,0,50,0.2,0.5,0.5,stochastic,inheritance,inheritance,0.05
658,1084,758,0.8839160549381277,0.5,0.5,5.395136778115502,13.392988929889299,7.9511873350923485,217,0,50,0.2,0.5,0.5,stochastic,inheritance,inheritance,0.05
672,1060,768,0.8816339981007834,0.5,0.5,5.6101190476190474,13.25943396226415,7.865885416666667,218,0,50,0.2,0.5,0.5,stochastic,inheritance,inheritance,0.05
707,1048,745,0.8819295218117983,0.5,0.5,5.72984441301273,13.37881679389313,7.939597315436242,219,0,50,0.2,0.5,0.5,stochastic,inheritance,inheritance,0.05
737,1041,722,0.884059758390045,0.5,0.5,5.829036635006784,13.314121037463977,7.889196675900277,220,0,50,0.2,0.5,0.5,stochastic,inheritance,inheritance,0.05
745,1048,707,0.8870831132270448,0.5,0.5,5.935570469798658,12.81583969465649,7.777934936350778,221,0,50,0.2,0.5,0.5,stochastic,inheritance,inheritance,0.05
765,1044,691,0.8850519058712537,0.5,0.5,6.1267973856209155,12.610153256704981,7.510853835021708,222,0,50,0.2,0.5,0.5,stochastic,inheritance,inheritance,0.05
746,1073,681,0.888418040909059,0.5,0.5,6.371313672922252,12.217148182665424,7.654919236417034,223,0,50,0.2,0.5,0.5,stochastic,inheritance,inheritance,0.05
738,1069,693,0.8840362580699301,0.5,0.5,6.730352303523035,12.072029934518241,7.721500721500721,224,0,50,0.2,0.5,0.5,stochastic,inheritance,inheritance,0.05
726,1089,685,0.8817541826999028,0.5,0.5,6.867768595041323,11.969696969696969,7.775182481751825,225,0,50,0.2,0.5,0.5,stochastic,inheritance,inheritance,0.05
740,1072,688,0.8769353128564971,0.5,0.5,6.964864864864865,12.055970149253731,7.729651162790698,226,0,50,0.2,0.5,0.5,stochastic,inheritance,inheritance,0.05
704,1106,690,0.8755299575367068,0.5,0.5,7.056818181818182,11.705244122965642,8.004347826086956,227,0,50,0.2,0.5,0.5,stochastic,inheritance,inheritance,0.05
677,1123,700,0.8724590201854006,0.5,0.5,7.115214180206794,11.318788958147818,8.03,228,0,50,0.2,0.5,0.5,stochastic,inheritance,inheritance,0.05
668,1140,692,0.8661145103220512,0.5,0.5,7.013473053892215,11.152631578947368,8.001445086705202,229,0,50,0.2,0.5,0.5,stochastic,inheritance,inheritance,0.05
658,1145,697,0.8628986982394613,0.5,0.5,7.161094224924012,11.117903930131005,7.987087517934003,230,0,50,0.2,0.5,0.5,stochastic,inheritance,inheritance,0.05
648,1157,695,0.8542125454926205,0.5,0.5,7.020061728395062,11.02160760587727,8.014388489208633,231,0,50,0.2,0.5,0.5,stochastic,inheritance,inheritance,0.05
673,1153,674,0.8484996629808962,0.5,0.5,6.823179791976226,11.191673894189073,8.09792284866469,232,0,50,0.2,0.5,0.5,stochastic,inheritance,inheritance,0.05
674,1158,668,0.8411506102697135,0.5,0.5,6.879821958456973,11.405872193436961,8.046407185628743,233,0,50,0.2,0.5,0.5,stochastic,inheritance,inheritance,0.05
691,1154,655,0.8408244178879087,0.5,0.5,6.86685962373372,11.733102253032929,8.093129770992366,234,0,50,0.2,0.5,0.5,stochastic,inheritance,inheritance,0.05
694,1152,654,0.8366779050040353,0.5,0.5,6.783861671469741,11.567708333333334,8.047400611620795,235,0,50,0.2,0.5,0.5,stochastic,inheritance,inheritance,0.05
693,1151,656,0.8290263376634408,0.5,0.5,6.754689754689755,11.527367506516073,7.887195121951219,236,0,50,0.2,0.5,0.5,stochastic,inheritance,inheritance,0.05
710,1142,648,0.8255333653447944,0.5,0.5,6.842253521126761,11.600700525394046,7.680555555555555,237,0,50,0.2,0.5,0.5,stochastic,inheritance,inheritance,0.05
733,1139,628,0.8239670593323634,0.5,0.5,6.770804911323329,11.597892888498682,7.56687898089172,238,0,50,0.2,0.5,0.5,stochastic,inheritance,inheritance,0.05
743,1118,639,0.8254389491904894,0.5,0.5,6.877523553162853,11.698568872987478,7.156494522691705,239,0,50,0.2,0.5,0.5,stochastic,inheritance,inheritance,0.05
774,1108,618,0.8286655417116403,0.5,0.5,6.9147286821705425,11.856498194945848,6.927184466019417,240,0,50,0.2,0.5,0.5,stochastic,inheritance,inheritance,0.05
778,1097,625,0.8310130074330743,0.5,0.5,7.032133676092545,11.688240656335461,6.6832,241,0,50,0.2,0.5,0.5,stochastic,inheritance,inheritance,0.05
771,1099,630,0.8318480875815802,0.5,0.5,7.223086900129702,11.600545950864422,6.542857142857143,242,0,50,0.2,0.5,0.5,stochastic,inheritance,inheritance,0.05
758,1098,644,0.8314907007490584,0.5,0.5,7.5,11.632058287795992,6.562111801242236,243,0,50,0.2,0.5,0.5,stochastic,inheritance,inheritance,0.05
757,1094,649,0.8362815687047593,0.5,0.5,7.680317040951123,11.828153564899452,6.648690292758089,244,0,50,0.2,0.5,0.5,stochastic,inheritance,inheritance,0.05
776,1110,614,0.8425977913928372,0.5,0.5,7.484536082474227,11.784684684684684,6.708469055374593,245,0,50,0.2,0.5,0.5,stochastic,inheritance,inheritance,0.05
790,1124,586,0.8463610018053425,0.5,0.5,7.468354430379747,11.832740213523131,6.566552901023891,246,0,50,0.2,0.5,0.5,stochastic,inheritance,inheritance,0.05
783,1140,577,0.8513191185398993,0.5,0.5,7.707535121328225,11.881578947368421,6.894280762564991,247,0,50,0.2,0.5,0.5,stochastic,inheritance,inheritance,0.05
790,1153,557,0.857029801309666,0.5,0.5,7.70126582278481,11.881179531656548,6.944344703770198,248,0,50,0.2,0.5,0.5,stochastic,inheritance,inheritance,0.05
805,1152,543,0.8593899052665704,0.5,0.5,7.804968944099379,12.078125,6.804788213627993,249,0,50,0.2,0.5,0.5,stochastic,inheritance,inheritance,0.05
791,1190,519,0.8608358893221623,0.5,0.5,7.914032869785082,12.022689075630252,6.77456647398844,250,0,50,0.2,0.5,0.5,stochastic,inheritance,inheritance,0.05
791,1184,525,0.8649072041997122,0.5,0.5,8.029077117572692,12.271114864864865,6.704761904761905,251,0,50,0.2,0.5,0.5,stochastic,inheritance,inheritance,0.05
771,1220,509,0.8686179315311924,0.5,0.5,7.866407263294422,12.185245901639345,6.713163064833006,252,0,50,0.2,0.5,0.5,stochastic,inheritance,inheritance,0.05
763,1240,497,0.8755966558386878,0.5,0.5,7.863695937090433,12.154838709677419,6.585513078470825,253,0,50,0.2,0.5,0.5,stochastic,inheritance,inheritance,0.05
741,1241,518,0.8744995745741753,0.5,0.5,8.087719298245615,12.253827558420628,6.55984555984556,254,0,50,0.2,0.5,0.5,stochastic,inheritance,inheritance,0.05
719,1259,522,0.8725056985767803,0.5,0.5,8.04172461752434,12.114376489277204,6.475095785440613,255,0,50,0.2,0.5,0.5,stochastic,inheritance,inheritance,0.05
690,1261,549,0.8745577767498631,0.5,0.5,8.06231884057971,11.973830293417922,6.156648451730419,256,0,50,0.2,0.5,0.5,stochastic,inheritance,inheritance,0.05
660,1287,553,0.8799500178860361,0.5,0.5,7.965151515151515,11.893550893550893,6.182640144665461,257,0,50,0.2,0.5,0.5,stochastic,inheritance,inheritance,0.05
639,1293,568,0.8790374162974269,0.5,0.5,7.892018779342723,11.74013921113689,5.977112676056338,258,0,50,0.2,0.5,0.5,stochastic,inheritance,inheritance,0.05
626,1288,586,0.8782709755702431,0.5,0.5,7.813099041533547,11.644409937888199,5.813993174061434,259,0,50,0.2,0.5,0.5,stochastic,inheritance,inheritance,0.05
605,1288,607,0.8740326816191577,0.5,0.5,7.689256198347107,11.625776397515528,5.802306425041186,260,0,50,0.2,0.5,0.5,stochastic,inheritance,inheritance,0.05
619,1274,607,0.8746565475158712,0.5,0.5,7.52827140549273,11.735478806907379,5.749588138385502,261,0,50,0.2,0.5,0.5,stochastic,inheritance,inheritance,0.05
628,1269,603,0.869189617743652,0.5,0.5,7.3630573248407645,11.75177304964539,5.825870646766169,262,0,50,0.2,0.5,0.5,stochastic,inheritance,inheritance,0.05
622,1252,626,0.8672473805446799,0.5,0.5,7.342443729903537,11.715654952076678,5.8083067092651754,263,0,50,0.2,0.5,0.5,stochastic,inheritance,inheritance,0.05
603,1262,635,0.8634415403112694,0.5,0.5,7.276948590381426,11.62757527733756,5.859842519685039,264,0,50,0.2,0.5,0.5,stochastic,inheritance,inheritance,0.05
593,1261,646,0.8669285528129567,0.5,0.5,7.124789207419899,11.672482157018239,6.099071207430341,265,0,50,0.2,0.5,0.5,stochastic,inheritance,inheritance,0.05
578,1252,670,0.8661911797558084,0.5,0.5,7.115916955017301,11.678115015974441,6.2119402985074625,266,0,50,0.2,0.5,0.5,stochastic,inheritance,inheritance,0.05
570,1239,691,0.865740493621339,0.5,0.5,7.078947368421052,11.789346246973366,6.351664254703328,267,0,50,0.2,0.5,0.5,stochastic,inheritance,inheritance,0.05
557,1252,691,0.8630515002183657,0.5,0.5,7.016157989228007,11.635782747603834,6.542691751085384,268,0,50,0.2,0.5,0.5,stochastic,inheritance,inheritance,0.05
566,1249,685,0.8650318214786935,0.5,0.5,6.752650176678445,11.755004003202561,6.643795620437956,269,0,50,0.2,0.5,0.5,stochastic,inheritance,inheritance,0.05
547,1246,707,0.8697930705377349,0.5,0.5,6.530164533820841,11.645264847512038,6.506364922206506,270,0,50,0.2,0.5,0.5,stochastic,inheritance,inheritance,0.05
573,1218,709,0.871097047662807,0.5,0.5,6.321116928446771,11.74384236453202,6.531734837799718,271,0,50,0.2,0.5,0.5,stochastic,inheritance,inheritance,0.05
577,1195,728,0.8670028282643109,0.5,0.5,6.251299826689775,11.818410041841004,6.480769230769231,272,0,50,0.2,0.5,0.5,stochastic,inheritance,inheritance,0.05
602,1150,748,0.8706627871763829,0.5,0.5,6.079734219269103,11.98,6.378342245989304,273,0,50,0.2,0.5,0.5,stochastic,inheritance,inheritance,0.05
611,1146,743,0.8721881378195568,0.5,0.5,5.944353518821604,11.780977312390926,6.4320323014804845,274,0,50,0.2,0.5,0.5,stochastic,inheritance,inheritance,0.05
619,1145,736,0.87438585956733,0.5,0.5,5.951534733441034,11.753711790393012,6.572010869565218,275,0,50,0.2,0.5,0.5,stochastic,inheritance,inheritance,0.05
627,1119,754,0.872648596047888,0.5,0.5,5.956937799043062,11.734584450402144,6.460212201591512,276,0,50,0.2,0.5,0.5,stochastic,inheritance,inheritance,0.05
621,1107,772,0.8727771671787823,0.5,0.5,6.069243156199678,11.715447154471544,6.5142487046632125,277,0,50,0.2,0.5,0.5,stochastic,inheritance,inheritance,0.05
618,1078,804,0.8751203274984348,0.5,0.5,6.148867313915858,11.398886827458256,6.422885572139304,278,0,50,0.2,0.5,0.5,stochastic,inheritance,inheritance,0.05
602,1081,817,0.8749981038288616,0.5,0.5,6.014950166112957,11.086031452358927,6.588739290085679,279,0,50,0.2,0.5,0.5,stochastic,inheritance,inheritance,0.05
603,1051,846,0.8770654476054358,0.5,0.5,6.218905472636816,11.060894386298763,6.739952718676123,280,0,50,0.2,0.5,0.5,stochastic,inheritance,inheritance,0.05
629,1040,831,0.8773149341097857,0.5,0.5,6.144674085850556,11.158653846153847,6.892900120336943,281,0,50,0.2,0.5,0.5,stochastic,inheritance,inheritance,0.05
646,1030,824,0.8767581091970358,0.5,0.5,6.184210526315789,11.100970873786407,7.148058252427185,282,0,50,0.2,0.5,0.5,stochastic,inheritance,inheritance,0.05
645,1028,827,0.8773139935917017,0.5,0.5,6.217054263565892,10.76070038910506,7.189842805320436,283,0,50,0.2,0.5,0.5,stochastic,inheritance,inheritance,0.05
666,1024,810,0.8761765481826866,0.5,0.5,6.2342342342342345,10.615234375,7.392592592592592,284,0,50,0.2,0.5,0.5,stochastic,inheritance,inheritance,0.05
682,1025,793,0.8794911839568651,0.5,0.5,6.303519061583578,10.56390243902439,7.6469104665825975,285,0,50,0.2,0.5,0.5,stochastic,inheritance,inheritance,0.05
709,1040,751,0.8792113443034786,0.5,0.5,6.279266572637518,10.584615384615384,7.89081225033289,286,0,50,0.2,0.5,0.5,stochastic,inheritance,inheritance,0.05
729,1051,720,0.8793705948253477,0.5,0.5,6.307270233196159,10.702188392007612,8.03888888888889,287,0,50,0.2,0.5,0.5,stochastic,inheritance,inheritance,0.05
730,1066,704,0.8768560012615398,0.5,0.5,6.295890410958904,10.49906191369606,7.955965909090909,288,0,50,0.2,0.5,0.5,stochastic,inheritance,inheritance,0.05
745,1093,662,0.8766966277691982,0.5,0.5,6.173154362416107,10.408051235132662,7.527190332326284,289,0,50,0.2,0.5,0.5,stochastic,inheritance,inheritance,0.05
745,1105,650,0.875161675899293,0.5,0.5,6.285906040268457,10.428054298642534,7.321538461538461,290,0,50,0.2,0.5,0.5,stochastic,inheritance,inheritance,0.05
772,1109,619,0.8745770508625399,0.5,0.5,6.174870466321243,10.614968440036069,6.912762520193861,291,0,50,0.2,0.5,0.5,stochastic,inheritance,inheritance,0.05
769,1124,607,0.8711606648659913,0.5,0.5,6.17295188556567,10.564056939501778,6.7479406919275124,292,0,50,0.2,0.5,0.5,stochastic,inheritance,inheritance,0.05
768,1137,595,0.8692242015932315,0.5,0.5,6.251302083333333,10.37203166226913,6.4638655462184875,293,0,50,0.2,0.5,0.5,stochastic,inheritance,inheritance,0.05
755,1162,583,0.8696994013996122,0.5,0.5,6.356291390728477,10.423407917383821,6.475128644939966,294,0,50,0.2,0.5,0.5,stochastic,inheritance,inheritance,0.05
770,1181,549,0.874008533950388,0.5,0.5,6.2844155844155845,10.546994072819645,6.426229508196721,295,0,50,0.2,0.5,0.5,stochastic,inheritance,inheritance,0.05
758,1210,532,0.8784413336140972,0.5,0.5,6.398416886543536,10.513223140495867,6.552631578947368,296,0,50,0.2,0.5,0.5,stochastic,inheritance,inheritance,0.05
736,1248,516,0.8834814013643263,0.5,0.5,6.456521739130435,10.397435897435898,6.375968992248062,297,0,50,0.2,0.5,0.5,stochastic,inheritance,inheritance,0.05
705,1273,522,0.881712599828251,0.5,0.5,6.665248226950355,10.49489395129615,6.226053639846743,298,0,50,0.2,0.5,0.5,stochastic,inheritance,inheritance,0.05
661,1317,522,0.8845736120753577,0.5,0.5,6.838124054462935,10.50645406226272,6.273946360153257,299,0,50,0.2,0.5,0.5,stochastic,inheritance,inheritance,0.05
626,1334,540,0.881934735054131,0.5,0.5,6.8514376996805115,10.576461769115442,6.177777777777778,300,0,50,0.2,0.5,0.5,stochastic,inheritance,inheritance,0.05
604,1346,550,0.8814085912045674,0.5,0.5,6.7947019867549665,10.693164933135215,6.034545454545454,301,0,50,0.2,0.5,0.5,stochastic,inheritance,inheritance,0.05
580,1356,564,0.8810153347304518,0.5,0.5,6.703448275862069,10.698377581120944,5.858156028368795,302,0,50,0.2,0.5,0.5,stochastic,inheritance,inheritance,0.05
556,1347,597,0.8829924428994643,0.5,0.5,6.773381294964029,10.842613214550854,5.857621440536013,303,0,50,0.2,0.5,0.5,stochastic,inheritance,inheritance,0.05
528,1363,609,0.8845922568030701,0.5,0.5,6.8143939393939394,10.941305942773294,6.1461412151067325,304,0,50,0.2,0.5,0.5,stochastic,inheritance,inheritance,0.05
497,1351,652,0.8856330576543632,0.5,0.5,7.116700201207244,11.088082901554404,6.03680981595092,305,0,50,0.2,0.5,0.5,stochastic,inheritance,inheritance,0.05
487,1362,651,0.8875096051588882,0.5,0.5,6.714579055441479,11.159324522760645,6.22273425499232,306,0,50,0.2,0.5,0.5,stochastic,inheritance,inheritance,0.05
468,1365,667,0.8877601968470527,0.5,0.5,6.35042735042735,11.280586080586081,6.125937031484258,307,0,50,0.2,0.5,0.5,stochastic,inheritance,inheritance,0.05
456,1336,708,0.8908154212739773,0.5,0.5,5.927631578947368,11.276197604790418,5.8841807909604515,308,0,50,0.2,0.5,0.5,stochastic,inheritance,inheritance,0.05
459,1278,763,0.8905242304489974,0.5,0.5,5.917211328976035,11.528169014084508,5.722149410222805,309,0,50,0.2,0.5,0.5,stochastic,inheritance,inheritance,0.05
467,1235,798,0.8877203200782707,0.5,0.5,5.732334047109208,11.774898785425101,5.81077694235589,310,0,50,0.2,0.5,0.5,stochastic,inheritance,inheritance,0.05
510,1163,827,0.8932113982565066,0.5,0.5,5.5588235294117645,12.077386070507309,5.719467956469166,311,0,50,0.2,0.5,0.5,stochastic,inheritance,inheritance,0.05
543,1124,833,0.8953799376657898,0.5,0.5,5.349907918968692,12.25355871886121,5.85234093637455,312,0,50,0.2,0.5,0.5,stochastic,inheritance,inheritance,0.05
612,1067,821,0.8917810546506012,0.5,0.5,5.397058823529412,12.678537956888473,6.003654080389769,313,0,50,0.2,0.5,0.5,stochastic,inheritance,inheritance,0.05
648,1027,825,0.8891381856630077,0.5,0.5,5.3842592592592595,12.501460564751705,6.141818181818182,314,0,50,0.2,0.5,0.5,stochastic,inheritance,inheritance,0.05
659,1003,838,0.8833410889696119,0.5,0.5,5.579666160849772,12.373878364905284,6.256563245823389,315,0,50,0.2,0.5,0.5,stochastic,inheritance,inheritance,0.05
648,986,866,0.878526996165004,0.5,0.5,5.856481481481482,12.182555780933063,6.401847575057737,316,0,50,0.2,0.5,0.5,stochastic,inheritance,inheritance,0.05
655,957,888,0.8769169040399382,0.5,0.5,6.038167938931298,12.109717868338558,6.632882882882883,317,0,50,0.2,0.5,0.5,stochastic,inheritance,inheritance,0.05
662,924,914,0.8733137369025161,0.5,0.5,6.219033232628399,11.920995670995671,6.770240700218818,318,0,50,0.2,0.5,0.5,stochastic,inheritance,inheritance,0.05
699,884,917,0.8679948223839081,0.5,0.5,6.320457796852646,11.671945701357465,6.8680479825518,319,0,50,0.2,0.5,0.5,stochastic,inheritance,inheritance,0.05
730,873,897,0.8690898892173218,0.5,0.5,6.223287671232876,11.108820160366552,7.107023411371237,320,0,50,0.2,0.5,0.5,stochastic,inheritance,inheritance,0.05
771,864,865,0.8602610942826571,0.5,0.5,6.204928664072633,10.827546296296296,7.213872832369942,321,0,50,0.2,0.5,0.5,stochastic,inheritance,inheritance,0.05
807,864,829,0.8536977394768233,0.5,0.5,6.132589838909541,10.366898148148149,7.434258142340169,322,0,50,0.2,0.5,0.5,stochastic,inheritance,inheritance,0.05
837,867,796,0.8491840843294182,0.5,0.5,6.1409796893667865,10.109573241061131,7.527638190954774,323,0,50,0.2,0.5,0.5,stochastic,inheritance,inheritance,0.05
849,879,772,0.8472071555757866,0.5,0.5,6.280329799764429,9.653014789533561,7.654145077720207,324,0,50,0.2,0.5,0.5,stochastic,inheritance,inheritance,0.05
859,888,753,0.843367379758053,0.5,0.5,6.2526193247962745,9.19481981981982,7.636122177954848,325,0,50,0.2,0.5,0.5,stochastic,inheritance,inheritance,0.05
899,897,704,0.8425446563528478,0.5,0.5,6.263626251390434,9.156075808249721,7.830965909090909,326,0,50,0.2,0.5,0.5,stochastic,inheritance,inheritance,0.05
910,928,662,0.843692448155874,0.5,0.5,6.386813186813187,8.71875,8.039274924471298,327,0,50,0.2,0.5,0.5,stochastic,inheritance,inheritance,0.05
912,981,607,0.8448598729866472,0.5,0.5,6.407894736842105,8.503567787971457,8.051070840197694,328,0,50,0.2,0.5,0.5,stochastic,inheritance,inheritance,0.05
894,1021,585,0.8472901106689535,0.5,0.5,6.644295302013423,8.44564152791381,7.772649572649573,329,0,50,0.2,0.5,0.5,stochastic,inheritance,inheritance,0.05
927,1063,510,0.850275932201823,0.5,0.5,6.552319309600863,8.52304797742239,7.3431372549019605,330,0,50,0.2,0.5,0.5,stochastic,inheritance,inheritance,0.05
943,1102,455,0.8521341332830144,0.5,0.5,6.639448568398728,8.699637023593466,6.942857142857143,331,0,50,0.2,0.5,0.5,stochastic,inheritance,inheritance,0.05
916,1172,412,0.858220229525798,0.5,0.5,6.754366812227074,8.756825938566553,6.815533980582524,332,0,50,0.2,0.5,0.5,stochastic,inheritance,inheritance,0.05
891,1206,403,0.8611255017417053,0.5,0.5,6.933782267115601,8.751243781094526,6.3399503722084365,333,0,50,0.2,0.5,0.5,stochastic,inheritance,inheritance,0.05
857,1247,396,0.8625618353307727,0.5,0.5,7.2392065344224035,8.881315156375301,5.762626262626263,334,0,50,0.2,0.5,0.5,stochastic,inheritance,inheritance,0.05
807,1279,414,0.8643275808218819,0.5,0.5,7.5092936802973975,9.068803752931979,5.531400966183575,335,0,50,0.2,0.5,0.5,stochastic,inheritance,inheritance,0.05
765,1318,417,0.8659148251397589,0.5,0.5,7.522875816993464,9.194992412746586,5.330935251798561,336,0,50,0.2,0.5,0.5,stochastic,inheritance,inheritance,0.05
723,1338,439,0.8701036569207149,0.5,0.5,7.643153526970955,9.209267563527654,5.118451025056948,337,0,50,0.2,0.5,0.5,stochastic,inheritance,inheritance,0.05
684,1359,457,0.8714561847418866,0.5,0.5,7.703216374269005,9.45253863134658,5.194748358862144,338,0,50,0.2,0.5,0.5,stochastic,inheritance,inheritance,0.05
649,1340,511,0.8718326982506226,0.5,0.5,7.953775038520801,9.616417910447762,5.043052837573385,339,0,50,0.2,0.5,0.5,stochastic,inheritance,inheritance,0.05
613,1339,548,0.8705957597728617,0.5,0.5,8.33115823817292,9.885735623599702,5.177007299270073,340,0,50,0.2,0.5,0.5,stochastic,inheritance,inheritance,0.05
595,1306,599,0.8670016865926552,0.5,0.5,8.470588235294118,10.17687595712098,5.218697829716193,341,0,50,0.2,0.5,0.5,stochastic,inheritance,inheritance,0.05
568,1274,658,0.8626599041156245,0.5,0.5,8.56161971830986,10.241758241758241,5.231003039513678,342,0,50,0.2,0.5,0.5,stochastic,inheritance,inheritance,0.05
547,1237,716,0.861452455933381,0.5,0.5,8.53747714808044,10.45109135004042,5.391061452513966,343,0,50,0.2,0.5,0.5,stochastic,inheritance,inheritance,0.05
555,1197,748,0.8644645342122608,0.5,0.5,8.414414414414415,10.652464494569758,5.50668449197861,344,0,50,0.2,0.5,0.5,stochastic,inheritance,inheritance,0.05
551,1168,781,0.8615024906263011,0.5,0.5,8.203266787658801,10.750856164383562,5.7516005121638925,345,0,50,0.2,0.5,0.5,stochastic,inheritance,inheritance,0.05
576,1120,804,0.857769994363746,0.5,0.5,7.767361111111111,10.8,5.922885572139304,346,0,50,0.2,0.5,0.5,stochastic,inheritance,inheritance,0.05
580,1101,819,0.8591758019231652,0.5,0.5,7.61896551724138,10.872842870118074,6.2344322344322345,347,0,50,0.2,0.5,0.5,stochastic,inheritance,inheritance,0.05
592,1093,815,0.8600970645986062,0.5,0.5,7.243243243243243,10.97163769441903,6.462576687116565,348,0,50,0.2,0.5,0.5,stochastic,inheritance,inheritance,0.05
602,1065,833,0.8604206736179582,0.5,0.5,6.832225913621262,11.051643192488262,6.549819927971188,349,0,50,0.2,0.5,0.5,stochastic,inheritance,inheritance,0.05
625,1050,825,0.8627031744102198,0.5,0.5,6.3408,10.841904761904761,6.716363636363637,350,0,50,0.2,0.5,0.5,stochastic,inheritance,inheritance,0.05
655,1048,797,0.8646761007262111,0.5,0.5,5.905343511450382,10.683206106870228,6.914680050188206,351,0,50,0.2,0.5,0.5,stochastic,inheritance,inheritance,0.05
700,1026,774,0.8658731134478197,0.5,0.5,5.78,10.612085769980506,6.764857881136951,352,0,50,0.2,0.5,0.5,stochastic,inheritance,inheritance,0.05
718,1036,746,0.8642133172960514,0.5,0.5,5.484679665738161,10.33011583011583,6.7479892761394105,353,0,50,0.2,0.5,0.5,stochastic,inheritance,inheritance,0.05
728,1055,717,0.8634833376147825,0.5,0.5,5.550824175824176,10.282464454976303,6.861924686192468,354,0,50,0.2,0.5,0.5,stochastic,inheritance,inheritance,0.05
764,1048,688,0.8656871890359894,0.5,0.5,5.68455497382199,10.232824427480915,6.7645348837209305,355,0,50,0.2,0.5,0.5,stochastic,inheritance,inheritance,0.05
781,1055,664,0.8610457340852858,0.5,0.5,5.725992317541613,10.107109004739337,6.600903614457831,356,0,50,0.2,0.5,0.5,stochastic,inheritance,inheritance,0.05
783,1108,609,0.8632743295895182,0.5,0.5,5.636015325670498,9.69494584837545,6.681444991789819,357,0,50,0.2,0.5,0.5,stochastic,inheritance,inheritance,0.05
788,1142,570,0.861981492931213,0.5,0.5,5.76015228426396,9.75831873905429,6.750877192982456,358,0,50,0.2,0.5,0.5,stochastic,inheritance,inheritance,0.05
757,1165,578,0.8597768353628038,0.5,0.5,6.072655217965654,9.753648068669527,6.692041522491349,359,0,50,0.2,0.5,0.5,stochastic,inheritance,inheritance,0.05
732,1182,586,0.8597940567638817,0.5,0.5,6.189890710382514,9.566835871404399,6.407849829351536,360,0,50,0.2,0.5,0.5,stochastic,inheritance,inheritance,0.05
724,1188,588,0.8571177657220453,0.5,0.5,6.3964088397790055,9.76936026936027,6.375850340136054,361,0,50,0.2,0.5,0.5,stochastic,inheritance,inheritance,0.05
708,1166,626,0.8569879222085913,0.5,0.5,6.751412429378531,9.831903945111492,6.178913738019169,362,0,50,0.2,0.5,0.5,stochastic,inheritance,inheritance,0.05
694,1177,629,0.8549986130338639,0.5,0.5,6.85014409221902,9.897196261682243,6.4292527821939585,363,0,50,0.2,0.5,0.5,stochastic,inheritance,inheritance,0.05
667,1202,631,0.8576662498733117,0.5,0.5,6.983508245877061,9.813643926788686,6.54675118858954,364,0,50,0.2,0.5,0.5,stochastic,inheritance,inheritance,0.05
656,1203,641,0.8542757476582404,0.5,0.5,7.077743902439025,9.960931005818786,6.728549141965678,365,0,50,0.2,0.5,0.5,stochastic,inheritance,inheritance,0.05
635,1219,646,0.8505055923545863,0.5,0.5,7.05984251968504,9.88597210828548,6.664086687306502,366,0,50,0.2,0.5,0.5,stochastic,inheritance,inheritance,0.05
640,1206,654,0.8507199684704378,0.5,0.5,6.984375,9.974295190713102,6.496941896024465,367,0,50,0.2,0.5,0.5,stochastic,inheritance,inheritance,0.05
624,1213,663,0.8501657988461587,0.5,0.5,6.855769230769231,10.044517724649628,6.526395173453997,368,0,50,0.2,0.5,0.5,stochastic,inheritance,inheritance,0.05
615,1218,667,0.8518573869775099,0.5,0.5,6.860162601626016,10.017241379310345,6.5952023988006,369,0,50,0.2,0.5,0.5,stochastic,inheritance,inheritance,0.05
630,1193,677,0.8540693707721432,0.5,0.5,6.6158730158730155,10.031014249790445,6.314623338257016,370,0,50,0.2,0.5,0.5,stochastic,inheritance,inheritance,0.05
666,1196,638,0.8539666174336368,0.5,0.5,6.352852852852853,10.327759197324415,6.633228840125392,371,0,50,0.2,0.5,0.5,stochastic,inheritance,inheritance,0.05
683,1190,627,0.8527632691720191,0.5,0.5,6.238653001464129,10.618487394957983,6.572567783094099,372,0,50,0.2,0.5,0.5,stochastic,inheritance,inheritance,0.05
666,1190,644,0.8497790428520094,0.5,0.5,6.2642642642642645,10.686554621848739,6.450310559006211,373,0,50,0.2,0.5,0.5,stochastic,inheritance,inheritance,0.05
676,1178,646,0.8493808791967085,0.5,0.5,6.196745562130178,10.738539898132428,6.342105263157895,374,0,50,0.2,0.5,0.5,stochastic,inheritance,inheritance,0.05
707,1166,627,0.8469779138536367,0.5,0.5,6.207920792079208,10.890222984562607,6.076555023923445,375,0,50,0.2,0.5,0.5,stochastic,inheritance,inheritance,0.05
718,1172,610,0.8422911390542279,0.5,0.5,6.227019498607242,10.961604095563139,6.144262295081967,376,0,50,0.2,0.5,0.5,stochastic,inheritance,inheritance,0.05
728,1173,599,0.8441019964420169,0.5,0.5,6.28021978021978,11.107416879795396,6.25542570951586,377,0,50,0.2,0.5,0.5,stochastic,inheritance,inheritance,0.05
724,1173,603,0.8450330085782024,0.5,0.5,6.446132596685083,11.384484228473998,6.3283582089552235,378,0,50,0.2,0.5,0.5,stochastic,inheritance,inheritance,0.05
694,1200,606,0.8447536315480016,0.5,0.5,6.567723342939481,11.195,6.303630363036303,379,0,50,0.2,0.5,0.5,stochastic,inheritance,inheritance,0.05
687,1195,618,0.8502062604030228,0.5,0.5,6.660844250363901,11.157322175732217,6.281553398058253,380,0,50,0.2,0.5,0.5,stochastic,inheritance,inheritance,0.05
712,1193,595,0.8470781564177637,0.5,0.5,6.550561797752809,11.148365465213747,6.107563025210084,381,0,50,0.2,0.5,0.5,stochastic,inheritance,inheritance,0.05
715,1205,580,0.8494947043006625,0.5,0.5,6.5986013986013985,11.251452282157677,6.189655172413793,382,0,50,0.2,0.5,0.5,stochastic,inheritance,inheritance,0.05
707,1214,579,0.8473900903770202,0.5,0.5,6.793493635077794,11.264415156507413,6.217616580310881,383,0,50,0.2,0.5,0.5,stochastic,inheritance,inheritance,0.05
669,1230,601,0.8504134322771538,0.5,0.5,6.953662182361734,11.0869918699187,6.0898502495840265,384,0,50,0.2,0.5,0.5,stochastic,inheritance,inheritance,0.05
663,1211,626,0.8527461710833358,0.5,0.5,7.114630467571644,11.027250206440957,5.942492012779553,385,0,50,0.2,0.5,0.5,stochastic,inheritance,inheritance,0.05
639,1188,673,0.8539833403584127,0.5,0.5,7.189358372456964,11.031144781144782,5.839524517087667,386,0,50,0.2,0.5,0.5,stochastic,inheritance,inheritance,0.05
619,1168,713,0.8530838390440819,0.5,0.5,7.195476575121163,10.875856164383562,5.7489481065918655,387,0,50,0.2,0.5,0.5,stochastic,inheritance,inheritance,0.05
578,1155,767,0.8534401929509258,0.5,0.5,7.160899653979238,10.693506493506494,5.8852672750977835,388,0,50,0.2,0.5,0.5,stochastic,inheritance,inheritance,0.05
560,1151,789,0.8570837846102596,0.5,0.5,6.958928571428571,10.66724587315378,6.14702154626109,389,0,50,0.2,0.5,0.5,stochastic,inheritance,inheritance,0.05
537,1148,815,0.8562687005341446,0.5,0.5,6.808193668528864,10.452961672473867,6.326380368098159,390,0,50,0.2,0.5,0.5,stochastic,inheritance,inheritance,0.05
533,1158,809,0.8552676362081448,0.5,0.5,6.455909943714822,10.297927461139896,6.546353522867738,391,0,50,0.2,0.5,0.5,stochastic,inheritance,inheritance,0.05
550,1147,803,0.8470453849125577,0.5,0.5,6.167272727272727,10.310374891020052,6.76961394769614,392,0,50,0.2,0.5,0.5,stochastic,inheritance,inheritance,0.05
545,1135,820,0.8436524140689845,0.5,0.5,5.998165137614679,10.091629955947136,6.912195121951219,393,0,50,0.2,0.5,0.5,stochastic,inheritance,inheritance,0.05
576,1122,802,0.8494664194550349,0.5,0.5,5.821180555555555,10.116755793226382,7.102244389027431,394,0,50,0.2,0.5,0.5,stochastic,inheritance,inheritance,0.05
606,1090,804,0.8471667064156089,0.5,0.5,5.765676567656766,10.239449541284404,7.08457711442786,395,0,50,0.2,0.5,0.5,stochastic,inheritance,inheritance,0.05
609,1094,797,0.8473315466199898,0.5,0.5,5.586206896551724,10.40127970749543,7.282308657465496,396,0,50,0.2,0.5,0.5,stochastic,inheritance,inheritance,0.05
625,1082,793,0.8437188610133038,0.5,0.5,5.544,10.430683918669132,7.319041614123582,397,0,50,0.2,0.5,0.5,stochastic,inheritance,inheritance,0.05
670,1074,756,0.8412820372903878,0.5,0.5,5.3283582089552235,10.570763500931099,7.287037037037037,398,0,50,0.2,0.5,0.5,stochastic,inheritance,inheritance,0.05
693,1058,749,0.842026787060245,0.5,0.5,5.428571428571429,10.745746691871455,7.296395193591455,399,0,50,0.2,0.5,0.5,stochastic,inheritance,inheritance,0.05
731,1055,714,0.8409935568717172,0.5,0.5,5.417236662106703,10.764928909952607,7.285714285714286,400,0,50,0.2,0.5,0.5,stochastic,inheritance,inheritance,0.05
753,1032,715,0.842690202134701,0.5,0.5,5.656042496679947,10.914728682170542,7.146853146853147,401,0,50,0.2,0.5,0.5,stochastic,inheritance,inheritance,0.05
770,1017,713,0.846179632581877,0.5,0.5,5.880519480519481,10.962635201573255,6.9326788218793824,402,0,50,0.2,0.5,0.5,stochastic,inheritance,inheritance,0.05
776,1009,715,0.8406168574488058,0.5,0.5,6.212628865979381,10.953419226957383,6.892307692307693,403,0,50,0.2,0.5,0.5,stochastic,inheritance,inheritance,0.05
776,993,731,0.838480792199233,0.5,0.5,6.586340206185567,11.100704934541792,6.803009575923393,404,0,50,0.2,0.5,0.5,stochastic,inheritance,inheritance,0.05
774,974,752,0.832508331652276,0.5,0.5,6.757105943152455,10.91889117043121,6.764627659574468,405,0,50,0.2,0.5,0.5,stochastic,inheritance,inheritance,0.05
805,923,772,0.8320767622168193,0.5,0.5,6.925465838509317,11.09750812567714,6.650259067357513,406,0,50,0.2,0.5,0.5,stochastic,inheritance,inheritance,0.05
841,886,773,0.831497468689402,0.5,0.5,7.008323424494649,10.996613995485328,6.60025873221216,407,0,50,0.2,0.5,0.5,stochastic,inheritance,inheritance,0.05
856,893,751,0.8321165761643566,0.5,0.5,7.158878504672897,10.866741321388577,6.936085219707057,408,0,50,0.2,0.5,0.5,stochastic,inheritance,inheritance,0.05
889,901,710,0.8329251684202458,0.5,0.5,7.199100112485939,10.903440621531631,7.059154929577465,409,0,50,0.2,0.5,0.5,stochastic,inheritance,inheritance,0.05
924,894,682,0.8354410887674121,0.5,0.5,7.204545454545454,10.80089485458613,7.1158357771261,410,0,50,0.2,0.5,0.5,stochastic,inheritance,inheritance,0.05
961,901,638,0.8403645906015996,0.5,0.5,7.23621227887617,10.64927857935627,7.30564263322884,411,0,50,0.2,0.5,0.5,stochastic,inheritance,inheritance,0.05
983,928,589,0.8425194636950826,0.5,0.5,7.215666327568667,10.372844827586206,7.283531409168082,412,0,50,0.2,0.5,0.5,stochastic,inheritance,inheritance,0.05
974,970,556,0.8446785877767256,0.5,0.5,7.376796714579055,10.085567010309278,7.5413669064748206,413,0,50,0.2,0.5,0.5,stochastic,inheritance,inheritance,0.05
974,1027,499,0.8490273704533428,0.5,0.5,7.330595482546201,9.938656280428432,7.635270541082164,414,0,50,0.2,0.5,0.5,stochastic,inheritance,inheritance,0.05
939,1107,454,0.8497477129666631,0.5,0.5,7.4174653887113955,9.621499548328817,7.8039647577092515,415,0,50,0.2,0.5,0.5,stochastic,inheritance,inheritance,0.05
884,1192,424,0.8486260221208974,0.5,0.5,7.504524886877828,9.441275167785236,7.945754716981132,416,0,50,0.2,0.5,0.5,stochastic,inheritance,inheritance,0.05
847,1262,391,0.8488988381618013,0.5,0.5,7.5076741440377806,9.39540412044374,7.647058823529412,417,0,50,0.2,0.5,0.5,stochastic,inheritance,inheritance,0.05
796,1333,371,0.8478854695106042,0.5,0.5,7.682160804020101,9.580645161290322,7.668463611859838,418,0,50,0.2,0.5,0.5,stochastic,inheritance,inheritance,0.05
751,1373,376,0.8474169347787613,0.5,0.5,7.9294274300932095,9.800436999271668,7.2287234042553195,419,0,50,0.2,0.5,0.5,stochastic,inheritance,inheritance,0.05
706,1423,371,0.8459658432683284,0.5,0.5,8.168555240793202,10.002108222066058,7.053908355795148,420,0,50,0.2,0.5,0.5,stochastic,inheritance,inheritance,0.05
669,1457,374,0.8457308294224721,0.5,0.5,8.50373692077728,10.306794783802333,6.839572192513369,421,0,50,0.2,0.5,0.5,stochastic,inheritance,inheritance,0.05
621,1489,390,0.841198560278848,0.5,0.5,8.673107890499194,10.531900604432504,6.623076923076923,422,0,50,0.2,0.5,0.5,stochastic,inheritance,inheritance,0.05
580,1509,411,0.835654396729055,0.5,0.5,8.936206896551724,10.886017229953612,6.661800486618005,423,0,50,0.2,0.5,0.5,stochastic,inheritance,inheritance,0.05
536,1534,430,0.8340581699929935,0.5,0.5,9.093283582089553,11.26271186440678,6.630232558139535,424,0,50,0.2,0.5,0.5,stochastic,inheritance,inheritance,0.05
504,1550,446,0.8299048109323077,0.5,0.5,8.910714285714286,11.681935483870967,6.630044843049327,425,0,50,0.2,0.5,0.5,stochastic,inheritance,inheritance,0.05
460,1557,483,0.8189869802807735,0.5,0.5,9.115217391304348,11.997430956968529,6.573498964803313,426,0,50,0.2,0.5,0.5,stochastic,inheritance,inheritance,0.05
423,1550,527,0.8171562653963377,0.5,0.5,9.118203309692671,12.439354838709678,6.434535104364326,427,0,50,0.2,0.5,0.5,stochastic,inheritance,inheritance,0.05
384,1554,562,0.7997000689199054,0.5,0.5,9.0859375,12.693050193050192,6.487544483985765,428,0,50,0.2,0.5,0.5,stochastic,inheritance,inheritance,0.05
360,1539,601,0.7861712077552829,0.5,0.5,8.583333333333334,13.064977257959715,6.362728785357737,429,0,50,0.2,0.5,0.5,stochastic,inheritance,inheritance,0.05
350,1513,637,0.7761585399420897,0.5,0.5,8.382857142857143,13.506278916060806,6.557299843014129,430,0,50,0.2,0.5,0.5,stochastic,inheritance,inheritance,0.05
342,1480,678,0.7729238803018047,0.5,0.5,7.742690058479532,13.83918918918919,6.566371681415929,431,0,50,0.2,0.5,0.5,stochastic,inheritance,inheritance,0.05
323,1463,714,0.7633061002573669,0.5,0.5,7.2631578947368425,14.21531100478469,6.525210084033613,432,0,50,0.2,0.5,0.5,stochastic,inheritance,inheritance,0.05
348,1388,764,0.7557969703566646,0.5,0.5,6.5,14.57564841498559,6.386125654450262,433,0,50,0.2,0.5,0.5,stochastic,inheritance,inheritance,0.05
351,1357,792,0.7555706340671702,0.5,0.5,6.461538461538462,14.901252763448785,6.630050505050505,434,0,50,0.2,0.5,0.5,stochastic,inheritance,inheritance,0.05
370,1300,830,0.7674204606949977,0.5,0.5,6.089189189189189,15.315384615384616,6.690361445783132,435,0,50,0.2,0.5,0.5,stochastic,inheritance,inheritance,0.05
374,1270,856,0.7753095231818151,0.5,0.5,6.016042780748663,15.599212598425197,6.809579439252336,436,0,50,0.2,0.5,0.5,stochastic,inheritance,inheritance,0.05
393,1222,885,0.782782733397715,0.5,0.5,5.740458015267175,15.939443535188216,7.011299435028248,437,0,50,0.2,0.5,0.5,stochastic,inheritance,inheritance,0.05
421,1183,896,0.7964397107121075,0.5,0.5,5.5866983372921615,16.352493660185967,7.208705357142857,438,0,50,0.2,0.5,0.5,stochastic,inheritance,inheritance,0.05
474,1146,880,0.815478348363982,0.5,0.5,5.151898734177215,16.458987783595113,7.296590909090909,439,0,50,0.2,0.5,0.5,stochastic,inheritance,inheritance,0.05
506,1118,876,0.8248726454090057,0.5,0.5,5.1561264822134385,16.620751341681576,7.518264840182648,440,0,50,0.2,0.5,0.5,stochastic,inheritance,inheritance,0.05
542,1080,878,0.841784552129296,0.5,0.5,4.887453874538745,16.58888888888889,7.505694760820045,441,0,50,0.2,0.5,0.5,stochastic,inheritance,inheritance,0.05
599,1051,850,0.8484632118763142,0.5,0.5,4.909849749582638,16.534728829686014,7.477647058823529,442,0,50,0.2,0.5,0.5,stochastic,inheritance,inheritance,0.05
655,1020,825,0.8468584880811924,0.5,0.5,5.100763358778626,16.690196078431374,7.618181818181818,443,0,50,0.2,0.5,0.5,stochastic,inheritance,inheritance,0.05
681,998,821,0.8521382199303186,0.5,0.5,5.154185022026431,16.390781563126254,7.518879415347137,444,0,50,0.2,0.5,0.5,stochastic,inheritance,inheritance,0.05
728,951,821,0.8524372504465761,0.5,0.5,5.431318681318682,16.61198738170347,7.431181485992692,445,0,50,0.2,0.5,0.5,stochastic,inheritance,inheritance,0.05
775,927,798,0.852903948811128,0.5,0.5,5.654193548387097,16.553398058252426,7.3997493734335835,446,0,50,0.2,0.5,0.5,stochastic,inheritance,inheritance,0.05
805,909,786,0.8534810977119918,0.5,0.5,5.898136645962733,16.333333333333332,7.4961832061068705,447,0,50,0.2,0.5,0.5,stochastic,inheritance,inheritance,0.05
863,891,746,0.8502932726184851,0.5,0.5,6.107763615295481,16.13804713804714,7.46514745308311,448,0,50,0.2,0.5,0.5,stochastic,inheritance,inheritance,0.05
881,909,710,0.848666693008523,0.5,0.5,6.313280363223609,15.597359735973598,7.647887323943662,449,0,50,0.2,0.5,0.5,stochastic,inheritance,inheritance,0.05
885,915,700,0.8445172500534157,0.5,0.5,6.63502824858757,15.008743169398906,7.741428571428571,450,0,50,0.2,0.5,0.5,stochastic,inheritance,inheritance,0.05
911,913,676,0.8426260086802566,0.5,0.5,6.787047200878156,14.588170865279299,7.603550295857988,451,0,50,0.2,0.5,0.5,stochastic,inheritance,inheritance,0.05
900,950,650,0.8334982810974962,0.5,0.5,7.022222222222222,14.16736842105263,7.793846153846154,452,0,50,0.2,0.5,0.5,stochastic,inheritance,inheritance,0.05
914,964,622,0.8289827428268793,0.5,0.5,7.1849015317286655,13.728215767634854,7.87459807073955,453,0,50,0.2,0.5,0.5,stochastic,inheritance,inheritance,0.05
909,977,614,0.8261292763955499,0.5,0.5,7.5291529152915295,13.560900716479017,7.94299674267101,454,0,50,0.2,0.5,0.5,stochastic,inheritance,inheritance,0.05
891,995,614,0.8239606153669227,0.5,0.5,8.016835016835017,13.346733668341708,7.95928338762215,455,0,50,0.2,0.5,0.5,stochastic,inheritance,inheritance,0.05
864,1009,627,0.8185342378000863,0.5,0.5,8.50462962962963,12.900891972249752,7.909090909090909,456,0,50,0.2,0.5,0.5,stochastic,inheritance,inheritance,0.05
848,1028,624,0.812608291036181,0.5,0.5,8.76061320754717,12.582684824902724,8.04326923076923,457,0,50,0.2,0.5,0.5,stochastic,inheritance,inheritance,0.05
837,1027,636,0.809142762566526,0.5,0.5,9.081242532855436,12.241480038948394,7.866352201257862,458,0,50,0.2,0.5,0.5,stochastic,inheritance,inheritance,0.05
824,1046,630,0.8098428084637066,0.5,0.5,9.033980582524272,11.882409177820268,7.734920634920635,459,0,50,0.2,0.5,0.5,stochastic,inheritance,inheritance,0.05
822,1043,635,0.8074996333397527,0.5,0.5,8.998783454987835,11.450623202301054,7.644094488188976,460,0,50,0.2,0.5,0.5,stochastic,inheritance,inheritance,0.05
828,1063,609,0.8074895960423396,0.5,0.5,8.81159420289855,11.266227657572907,7.645320197044335,461,0,50,0.2,0.5,0.5,stochastic,inheritance,inheritance,0.05
816,1080,604,0.8094006299962342,0.5,0.5,8.91299019607843,11.03425925925926,7.599337748344371,462,0,50,0.2,0.5,0.5,stochastic,inheritance,inheritance,0.05
801,1088,611,0.806453299845234,0.5,0.5,8.911360799001248,10.972426470588236,7.635024549918167,463,0,50,0.2,0.5,0.5,stochastic,inheritance,inheritance,0.05
790,1104,606,0.8055982833063366,0.5,0.5,8.79620253164557,10.806159420289855,7.6716171617161715,464,0,50,0.2,0.5,0.5,stochastic,inheritance,inheritance,0.05
785,1109,606,0.8057487337974903,0.5,0.5,8.619108280254776,10.632100991884581,7.404290429042904,465,0,50,0.2,0.5,0.5,stochastic,inheritance,inheritance,0.05
804,1093,603,0.8039475002309217,0.5,0.5,8.57960199004975,10.841720036596524,7.155887230514097,466,0,50,0.2,0.5,0.5,stochastic,inheritance,inheritance,0.05
779,1136,585,0.8027737658437414,0.5,0.5,8.626444159178433,10.722711267605634,7.319658119658119,467,0,50,0.2,0.5,0.5,stochastic,inheritance,inheritance,0.05
752,1163,585,0.7994305692933324,0.5,0.5,8.800531914893616,10.436801375752365,7.319658119658119,468,0,50,0.2,0.5,0.5,stochastic,inheritance,inheritance,0.05
755,1178,567,0.7993735481346312,0.5,0.5,8.492715231788079,10.477079796264857,7.105820105820106,469,0,50,0.2,0.5,0.5,stochastic,inheritance,inheritance,0.05
754,1189,557,0.7980433750193673,0.5,0.5,8.489389920424403,10.447434819175777,6.775583482944345,470,0,50,0.2,0.5,0.5,stochastic,inheritance,inheritance,0.05
721,1214,565,0.7932129882556359,0.5,0.5,8.260748959778086,10.278418451400329,6.431858407079646,471,0,50,0.2,0.5,0.5,stochastic,inheritance,inheritance,0.05
702,1224,574,0.7925257894314369,0.5,0.5,8.132478632478632,10.348856209150327,6.360627177700349,472,0,50,0.2,0.5,0.5,stochastic,inheritance,inheritance,0.05
701,1211,588,0.7958448033470044,0.5,0.5,8.08416547788873,10.420313790255987,6.219387755102041,473,0,50,0.2,0.5,0.5,stochastic,inheritance,inheritance,0.05
665,1253,582,0.7983612176351265,0.5,0.5,7.896240601503759,10.315243415802074,6.359106529209622,474,0,50,0.2,0.5,0.5,stochastic,inheritance,inheritance,0.05
645,1270,585,0.8085025367764911,0.5,0.5,7.705426356589148,10.316535433070866,6.3709401709401705,475,0,50,0.2,0.5,0.5,stochastic,inheritance,inheritance,0.05
630,1276,594,0.8118523040301796,0.5,0.5,7.580952380952381,10.47884012539185,6.294612794612795,476,0,50,0.2,0.5,0.5,stochastic,inheritance,inheritance,0.05
633,1285,582,0.8158074207566668,0.5,0.5,7.34913112164297,10.731517509727626,6.190721649484536,477,0,50,0.2,0.5,0.5,stochastic,inheritance,inheritance,0.05
621,1319,560,0.8203400544923374,0.5,0.5,7.038647342995169,10.910538286580744,6.173214285714286,478,0,50,0.2,0.5,0.5,stochastic,inheritance,inheritance,0.05
629,1338,533,0.82463342060612,0.5,0.5,6.6931637519872815,11.168161434977579,6.193245778611632,479,0,50,0.2,0.5,0.5,stochastic,inheritance,inheritance,0.05
616,1358,526,0.8260935917676555,0.5,0.5,6.748376623376624,11.423416789396171,6.347908745247148,480,0,50,0.2,0.5,0.5,stochastic,inheritance,inheritance,0.05
603,1344,553,0.8290282986182027,0.5,0.5,6.800995024875622,11.568452380952381,6.265822784810126,481,0,50,0.2,0.5,0.5,stochastic,inheritance,inheritance,0.05
578,1345,577,0.8323451144292415,0.5,0.5,6.856401384083045,11.70185873605948,6.3466204506065855,482,0,50,0.2,0.5,0.5,stochastic,inheritance,inheritance,0.05
554,1353,593,0.8354464942500093,0.5,0.5,6.770758122743683,11.717664449371766,6.249578414839798,483,0,50,0.2,0.5,0.5,stochastic,inheritance,inheritance,0.05
523,1379,598,0.8439580717796122,0.5,0.5,6.401529636711281,11.761421319796954,6.0719063545150505,484,0,50,0.2,0.5,0.5,stochastic,inheritance,inheritance,0.05
520,1357,623,0.8473518199846898,0.5,0.5,6.390384615384615,11.975681650700073,5.96147672552167,485,0,50,0.2,0.5,0.5,stochastic,inheritance,inheritance,0.05
513,1307,680,0.8506200251446419,0.5,0.5,6.516569200779727,12.311400153022188,5.722058823529411,486,0,50,0.2,0.5,0.5,stochastic,inheritance,inheritance,0.05
536,1255,709,0.8523477972060137,0.5,0.5,6.4085820895522385,12.70996015936255,5.712270803949224,487,0,50,0.2,0.5,0.5,stochastic,inheritance,inheritance,0.05
513,1233,754,0.8494997964625609,0.5,0.5,6.487329434697855,12.844282238442823,5.781167108753316,488,0,50,0.2,0.5,0.5,stochastic,inheritance,inheritance,0.05
511,1183,806,0.8473717503530702,0.5,0.5,6.5440313111545985,12.879966187658495,5.734491315136476,489,0,50,0.2,0.5,0.5,stochastic,inheritance,inheritance,0.05
532,1120,848,0.8445288881040514,0.5,0.5,6.332706766917293,13.095535714285715,5.71933962264151,490,0,50,0.2,0.5,0.5,stochastic,inheritance,inheritance,0.05
554,1059,887,0.8438405623378012,0.5,0.5,6.207581227436823,13.254957507082153,5.795941375422774,491,0,50,0.2,0.5,0.5,stochastic,inheritance,inheritance,0.05
576,1021,903,0.8397145411180145,0.5,0.5,5.963541666666667,13.012732615083252,5.901439645625692,492,0,50,0.2,0.5,0.5,stochastic,inheritance,inheritance,0.05
610,989,901,0.8445357542035443,0.5,0.5,5.890163934426229,12.937310414560162,6.036625971143175,493,0,50,0.2,0.5,0.5,stochastic,inheritance,inheritance,0.05
639,962,899,0.8440833375198029,0.5,0.5,5.757433489827856,12.634095634095635,6.242491657397108,494,0,50,0.2,0.5,0.5,stochastic,inheritance,inheritance,0.05
683,941,876,0.8418374792364489,0.5,0.5,5.483162518301611,12.28374070138151,6.34703196347032,495,0,50,0.2,0.5,0.5,stochastic,inheritance,inheritance,0.05
730,898,872,0.8418624262795588,0.5,0.5,5.516438356164383,11.903118040089087,6.4380733944954125,496,0,50,0.2,0.5,0.5,stochastic,inheritance,inheritance,0.05
768,882,850,0.8440414492467605,0.5,0.5,5.4921875,11.301587301587302,6.629411764705883,497,0,50,0.2,0.5,0.5,stochastic,inheritance,inheritance,0.05
805,887,808,0.8418111639385999,0.5,0.5,5.658385093167702,11.10033821871477,6.71039603960396,498,0,50,0.2,0.5,0.5,stochastic,inheritance,inheritance,0.05
845,891,764,0.8454988994255559,0.5,0.5,5.72189349112426,10.54320987654321,6.837696335078534,499,0,50,0.2,0.5,0.5,stochastic,inheritance,inheritance,0.05
823,855,822,0.19999999999999998,0.5,0.5,0.0,0.0,0.0,0,1,50,0.2,0.5,0.5,stochastic,inheritance,inheritance,0.05
726,867,907,0.199723345151222,0.5,0.5,1.0,1.0,1.0,1,1,50,0.2,0.5,0.5,stochastic,inheritance,inheritance,0.05
646,834,1020,0.2002241649491665,0.5,0.5,1.931888544891641,1.870503597122302,1.85,2,1,50,0.2,0.5,0.5,stochastic,inheritance,inheritance,0.05
606,783,1111,0.20018142139695788,0.5,0.5,2.759075907590759,2.6513409961685825,2.604860486048605,3,1,50,0.2,0.5,0.5,stochastic,inheritance,inheritance,0.05
591,704,1205,0.20045638409593547,0.5,0.5,3.482233502538071,3.3892045454545454,3.2771784232365144,4,1,50,0.2,0.5,0.5,stochastic,inheritance,inheritance,0.05
559,640,1301,0.2006765779555467,0.5,0.5,4.146690518783542,3.9640625,3.9008455034588776,5,1,50,0.2,0.5,0.5,stochastic,inheritance,inheritance,0.05
563,521,1416,0.1996107406739267,0.5,0.5,4.75133214920071,4.63147792706334,4.4392655367231635,6,1,50,0.2,0.5,0.5,stochastic,inheritance,inheritance,0.05
565,441,1494,0.19977963362027965,0.5,0.5,5.288495575221239,5.154195011337868,5.050200803212851,7,1,50,0.2,0.5,0.5,stochastic,inheritance,inheritance,0.05
572,386,1542,0.20163823705077424,0.5,0.5,5.783216783216783,5.5310880829015545,5.714007782101167,8,1,50,0.2,0.5,0.5,stochastic,inheritance,inheritance,0.05
604,314,1582,0.20159883911267795,0.5,0.5,6.183774834437086,5.920382165605096,6.3293299620733245,9,1,50,0.2,0.5,0.5,stochastic,inheritance,inheritance,0.05
639,274,1587,0.20222979975749367,0.5,0.5,6.547730829420971,6.233576642335766,7.0497794580970385,10,1,50,0.2,0.5,0.5,stochastic,inheritance,inheritance,0.05
691,239,1570,0.20308538725223862,0.5,0.5,6.845151953690304,6.535564853556485,7.782165605095542,11,1,50,0.2,0.5,0.5,stochastic,inheritance,inheritance,0.05
740,202,1558,0.20541513059199074,0.5,0.5,7.237837837837838,6.554455445544554,8.462772785622594,12,1,50,0.2,0.5,0.5,stochastic,inheritance,inheritance,0.05
779,189,1532,0.2079896575216745,0.5,0.5,7.630295250320924,6.576719576719577,9.237597911227153,13,1,50,0.2,0.5,0.5,stochastic,inheritance,inheritance,0.05
812,182,1506,0.211124989975072,0.5,0.5,8.00615763546798,6.417582417582418,9.98605577689243,14,1,50,0.2,0.5,0.5,stochastic,inheritance,inheritance,0.05
870,171,1459,0.21238891622926026,0.5,0.5,8.190804597701149,6.766081871345029,10.730637422892393,15,1,50,0.2,0.5,0.5,stochastic,inheritance,inheritance,0.05
934,147,1419,0.214804137766279,0.5,0.5,8.472162740899357,6.809523809523809,11.385482734319943,16,1,50,0.2,0.5,0.5,stochastic,inheritance,inheritance,0.05
1014,150,1336,0.21660979957850024,0.5,0.5,8.610453648915188,6.413333333333333,12.171407185628743,17,1,50,0.2,0.5,0.5,stochastic,inheritance,inheritance,0.05
1070,140,1290,0.21745077338239807,0.5,0.5,8.97570093457944,6.25,12.83953488372093,18,1,50,0.2,0.5,0.5,stochastic,inheritance,inheritance,0.05
1110,142,1248,0.2168701944990168,0.5,0.5,9.375675675675677,5.612676056338028,13.503205128205128,19,1,50,0.2,0.5,0.5,stochastic,inheritance,inheritance,0.05
1168,131,1201,0.21734813723428767,0.5,0.5,9.744006849315069,5.801526717557252,14.177352206494588,20,1,50,0.2,0.5,0.5,stochastic,inheritance,inheritance,0.05
1236,135,1129,0.2178482419758573,0.5,0.5,9.996763754045308,5.488888888888889,14.79185119574845,21,1,50,0.2,0.5,0.5,stochastic,inheritance,inheritance,0.05
1286,137,1077,0.21964390240839435,0.5,0.5,10.430793157076206,5.481751824817518,15.467966573816156,22,1,50,0.2,0.5,0.5,stochastic,inheritance,inheritance,0.05
1339,141,1020,0.221027669148755,0.5,0.5,10.82972367438387,5.624113475177305,16.248039215686273,23,1,50,0.2,0.5,0.5,stochastic,inheritance,inheritance,0.05
1396,137,967,0.2229394483306707,0.5,0.5,11.144699140401146,5.569343065693431,16.797311271975182,24,1,50,0.2,0.5,0.5,stochastic,inheritance,inheritance,0.05
1458,136,906,0.22405363665174116,0.5,0.5,11.512345679012345,5.735294117647059,17.456953642384107,25,1,50,0.2,0.5,0.5,stochastic,inheritance,inheritance,0.05
1502,141,857,0.22526162610638834,0.5,0.5,11.97669773635153,5.929078014184397,18.058343057176195,26,1,50,0.2,0.5,0.5,stochastic,inheritance,inheritance,0.05
1572,149,779,0.22691706067653888,0.5,0.5,12.229643765903308,6.040268456375839,18.71245186136072,27,1,50,0.2,0.5,0.5,stochastic,inheritance,inheritance,0.05
1606,157,737,0.22658383250220104,0.5,0.5,12.673723536737235,5.853503184713376,19.03392130257802,28,1,50,0.2,0.5,0.5,stochastic,inheritance,inheritance,0.05
1643,173,684,0.2280354077830077,0.5,0.5,13.11320754716981,5.8497109826589595,19.464912280701753,29,1,50,0.2,0.5,0.5,stochastic,inheritance,inheritance,0.05
1671,201,628,0.22843885054936633,0.5,0.5,13.552363853979653,5.597014925373134,19.851910828025478,30,1,50,0.2,0.5,0.5,stochastic,inheritance,inheritance,0.05
1699,232,569,0.22930303827520201,0.5,0.5,13.959976456739259,5.543103448275862,20.467486818980667,31,1,50,0.2,0.5,0.5,stochastic,inheritance,inheritance,0.05
1699,268,533,0.23003286831541012,0.5,0.5,14.490288404944085,5.294776119402985,20.630393996247655,32,1,50,0.2,0.5,0.5,stochastic,inheritance,inheritance,0.05
1702,291,507,0.23028864871357063,0.5,0.5,15.063454759106934,5.309278350515464,20.270216962524653,33,1,50,0.2,0.5,0.5,stochastic,inheritance,inheritance,0.05
1699,323,478,0.23052644304375186,0.5,0.5,15.552678045909358,5.547987616099071,20.173640167364017,34,1,50,0.2,0.5,0.5,stochastic,inheritance,inheritance,0.05
1694,344,462,0.2311324338288769,0.5,0.5,16.1245572609209,5.866279069767442,19.72077922077922,35,1,50,0.2,0.5,0.5,stochastic,inheritance,inheritance,0.05
1684,372,444,0.23107900950042926,0.5,0.5,16.64311163895487,6.048387096774194,19.493243243243242,36,1,50,0.2,0.5,0.5,stochastic,inheritance,inheritance,0.05
1658,394,448,0.23091512658672086,0.5,0.5,17.334137515078407,6.027918781725888,18.752232142857142,37,1,50,0.2,0.5,0.5,stochastic,inheritance,inheritance,0.05
1630,437,433,0.23167617871728038,0.5,0.5,17.880981595092024,6.164759725400458,18.780600461893766,38,1,50,0.2,0.5,0.5,stochastic,inheritance,inheritance,0.05
1616,453,431,0.2336621146972971,0.5,0.5,18.411509900990097,6.326710816777042,17.526682134570766,39,1,50,0.2,0.5,0.5,stochastic,inheritance,inheritance,0.05
1579,480,441,0.23403264992668513,0.5,0.5,19.02026599113363,6.2875,16.26530612244898,40,1,50,0.2,0.5,0.5,stochastic,inheritance,inheritance,0.05
1544,504,452,0.23505638529014508,0.5,0.5,19.547927461139896,6.305555555555555,15.18362831858407,41,1,50,0.2,0.5,0.5,stochastic,inheritance,inheritance,0.05
1513,513,474,0.23593059100773475,0.5,0.5,20.134831460674157,6.2592592592592595,13.89451476793249,42,1,50,0.2,0.5,0.5,stochastic,inheritance,inheritance,0.05
1449,560,491,0.23695022613051717,0.5,0.5,20.618357487922705,5.930357142857143,13.276985743380855,43,1,50,0.2,0.5,0.5,stochastic,inheritance,inheritance,0.05
1395,591,514,0.2369654578754172,0.5,0.5,21.08888888888889,5.913705583756345,12.206225680933851,44,1,50,0.2,0.5,0.5,stochastic,inheritance,inheritance,0.05
1326,644,530,0.23678750244906366,0.5,0.5,21.641025641025642,5.899068322981367,11.662264150943397,45,1,50,0.2,0.5,0.5,stochastic,inheritance,inheritance,0.05
1270,676,554,0.23572906927476694,0.5,0.5,22.173228346456693,5.884615384615385,11.108303249097473,46,1,50,0.2,0.5,0.5,stochastic,inheritance,inheritance,0.05
1209,703,588,0.23648273979114523,0.5,0.5,22.309346567411083,6.042674253200569,10.729591836734693,47,1,50,0.2,0.5,0.5,stochastic,inheritance,inheritance,0.05
1145,753,602,0.23791989015067025,0.5,0.5,22.4,6.096945551128818,10.569767441860465,48,1,50,0.2,0.5,0.5,stochastic,inheritance,inheritance,0.05
1074,798,628,0.2378335133308223,0.5,0.5,22.443202979515828,6.159147869674185,10.487261146496815,49,1,50,0.2,0.5,0.5,stochastic,inheritance,inheritance,0.05
1002,835,663,0.239106448699861,0.5,0.5,22.64570858283433,6.349700598802396,10.393665158371041,50,1,50,0.2,0.5,0.5,stochastic,inheritance,inheritance,0.05
930,865,705,0.23792540774821494,0.5,0.5,22.991397849462366,6.579190751445087,10.245390070921985,51,1,50,0.2,0.5,0.5,stochastic,inheritance,inheritance,0.05
891,874,735,0.24037568474789775,0.5,0.5,22.668911335578002,6.816933638443936,9.869387755102041,52,1,50,0.2,0.5,0.5,stochastic,inheritance,inheritance,0.05
834,894,772,0.24216436785878792,0.5,0.5,22.651079136690647,6.987695749440716,9.707253886010363,53,1,50,0.2,0.5,0.5,stochastic,inheritance,inheritance,0.05
777,913,810,0.24486742958777233,0.5,0.5,22.41956241956242,7.214676889375685,9.927160493827161,54,1,50,0.2,0.5,0.5,stochastic,inheritance,inheritance,0.05
719,928,853,0.24592930185835998,0.5,0.5,22.04450625869263,7.348060344827586,9.978898007033997,55,1,50,0.2,0.5,0.5,stochastic,inheritance,inheritance,0.05
677,926,897,0.25108137371249545,0.5,0.5,21.31314623338257,7.642548596112311,9.97881828316611,56,1,50,0.2,0.5,0.5,stochastic,inheritance,inheritance,0.05
643,918,939,0.2596895680535961,0.5,0.5,20.304821150855364,7.869281045751634,9.953141640042599,57,1,50,0.2,0.5,0.5,stochastic,inheritance,inheritance,0.05
608,897,995,0.26686244445624424,0.5,0.5,19.544407894736842,8.17056856187291,10.020100502512562,58,1,50,0.2,0.5,0.5,stochastic,inheritance,inheritance,0.05
598,868,1034,0.27454300738455784,0.5,0.5,18.494983277591974,8.482718894009217,10.117021276595745,59,1,50,0.2,0.5,0.5,stochastic,inheritance,inheritance,0.05
593,836,1071,0.28526269330903514,0.5,0.5,16.99662731871838,8.787081339712918,10.143790849673202,60,1,50,0.2,0.5,0.5,stochastic,inheritance,inheritance,0.05
615,787,1098,0.29550675389126574,0.5,0.5,15.960975609756098,9.033036848792884,10.162112932604735,61,1,50,0.2,0.5,0.5,stochastic,inheritance,inheritance,0.05
616,746,1138,0.30214507945552366,0.5,0.5,14.928571428571429,9.229222520107239,10.309314586994727,62,1,50,0.2,0.5,0.5,stochastic,inheritance,inheritance,0.05
624,711,1165,0.30553720973397736,0.5,0.5,13.711538461538462,9.451476793248945,10.42832618025751,63,1,50,0.2,0.5,0.5,stochastic,inheritance,inheritance,0.05
622,665,1213,0.3084220247661495,0.5,0.5,13.554662379421222,9.529323308270676,10.462489694971145,64,1,50,0.2,0.5,0.5,stochastic,inheritance,inheritance,0.05
611,643,1246,0.30963815423029684,0.5,0.5,13.0,9.452566096423016,10.697431781701445,65,1,50,0.2,0.5,0.5,stochastic,inheritance,inheritance,0.05
612,601,1287,0.31234603753377005,0.5,0.5,12.838235294117647,9.552412645590682,10.905982905982906,66,1,50,0.2,0.5,0.5,stochastic,inheritance,inheritance,0.05
615,569,1316,0.31472207459512236,0.5,0.5,12.21951219512195,9.272407732864675,11.00227963525836,67,1,50,0.2,0.5,0.5,stochastic,inheritance,inheritance,0.05
622,525,1353,0.3148760533941456,0.5,0.5,12.009646302250804,9.18095238095238,11.22320768662232,68,1,50,0.2,0.5,0.5,stochastic,inheritance,inheritance,0.05
622,498,1380,0.31881486789918545,0.5,0.5,11.897106109324758,8.937751004016064,11.535507246376811,69,1,50,0.2,0.5,0.5,stochastic,inheritance,inheritance,0.05
642,463,1395,0.3186825589273412,0.5,0.5,11.658878504672897,8.909287257019438,11.851612903225806,70,1,50,0.2,0.5,0.5,stochastic,inheritance,inheritance,0.05
659,438,1403,0.3182346266371015,0.5,0.5,11.43247344461305,8.853881278538813,12.211689237348539,71,1,50,0.2,0.5,0.5,stochastic,inheritance,inheritance,0.05
679,413,1408,0.3170767499220613,0.5,0.5,11.425625920471282,8.690072639225182,12.550426136363637,72,1,50,0.2,0.5,0.5,stochastic,inheritance,inheritance,0.05
701,389,1410,0.32189970503842574,0.5,0.5,11.37660485021398,8.611825192802057,12.925531914893616,73,1,50,0.2,0.5,0.5,stochastic,inheritance,inheritance,0.05
742,362,1396,0.3278293632995662,0.5,0.5,11.398921832884097,8.726519337016574,13.353151862464184,74,1,50,0.2,0.5,0.5,stochastic,inheritance,inheritance,0.05
775,329,1396,0.3299285026393149,0.5,0.5,11.492903225806451,8.64741641337386,13.716332378223496,75,1,50,0.2,0.5,0.5,stochastic,inheritance,inheritance,0.05
802,310,1388,0.3324651346677079,0.5,0.5,11.496259351620948,8.09032258064516,14.054034582132564,76,1,50,0.2,0.5,0.5,stochastic,inheritance,inheritance,0.05
855,301,1344,0.3369860614963367,0.5,0.5,11.332163742690058,8.315614617940199,14.601934523809524,77,1,50,0.2,0.5,0.5,stochastic,inheritance,inheritance,0.05
910,289,1301,0.3414246138431317,0.5,0.5,11.354945054945055,8.076124567474048,14.9684857801691,78,1,50,0.2,0.5,0.5,stochastic,inheritance,inheritance,0.05
935,288,1277,0.3425378767762806,0.5,0.5,11.53048128342246,7.552083333333333,15.487862176977291,79,1,50,0.2,0.5,0.5,stochastic,inheritance,inheritance,0.05
983,266,1251,0.34767680016566394,0.5,0.5,11.635808748728383,7.612781954887218,15.735411670663469,80,1,50,0.2,0.5,0.5,stochastic,inheritance,inheritance,0.05
1033,252,1215,0.3540853393623571,0.5,0.5,11.633107454017425,7.26984126984127,16.020576131687243,81,1,50,0.2,0.5,0.5,stochastic,inheritance,inheritance,0.05
1106,250,1144,0.3594723741105596,0.5,0.5,11.570524412296564,7.36,16.5506993006993,82,1,50,0.2,0.5,0.5,stochastic,inheritance,inheritance,0.05
1172,238,1090,0.362504105958163,0.5,0.5,11.591296928327646,7.100840336134453,16.690825688073396,83,1,50,0.2,0.5,0.5,stochastic,inheritance,inheritance,0.05
1223,242,1035,0.36428032907977936,0.5,0.5,11.680294358135733,6.446280991735537,17.010628019323672,84,1,50,0.2,0.5,0.5,stochastic,inheritance,inheritance,0.05
1251,260,989,0.36643980009372545,0.5,0.5,11.968824940047961,6.407692307692308,17.6319514661274,85,1,50,0.2,0.5,0.5,stochastic,inheritance,inheritance,0.05
1309,260,931,0.3711942954438588,0.5,0.5,12.081741787624141,6.515384615384615,18.003222341568208,86,1,50,0.2,0.5,0.5,stochastic,inheritance,inheritance,0.05
1351,270,879,0.3737250629436771,0.5,0.5,12.284974093264248,6.485185185185185,18.147895335608645,87,1,50,0.2,0.5,0.5,stochastic,inheritance,inheritance,0.05
1372,292,836,0.3784781184410873,0.5,0.5,12.700437317784257,6.174657534246576,18.460526315789473,88,1,50,0.2,0.5,0.5,stochastic,inheritance,inheritance,0.05
1393,327,780,0.38415387629475234,0.5,0.5,12.910983488872937,5.90519877675841,19.003846153846155,89,1,50,0.2,0.5,0.5,stochastic,inheritance,inheritance,0.05
1412,360,728,0.3896989758806514,0.5,0.5,13.189093484419264,5.788888888888889,19.02747252747253,90,1,50,0.2,0.5,0.5,stochastic,inheritance,inheritance,0.05
1432,401,667,0.391992985206091,0.5,0.5,13.442737430167599,5.832917705735661,19.494752623688157,91,1,50,0.2,0.5,0.5,stochastic,inheritance,inheritance,0.05
1455,416,629,0.39628786547903716,0.5,0.5,13.592439862542955,5.935096153846154,19.05087440381558,92,1,50,0.2,0.5,0.5,stochastic,inheritance,inheritance,0.05
1469,442,589,0.39856683018296446,0.5,0.5,13.976174268209666,6.14027149321267,19.08998302207131,93,1,50,0.2,0.5,0.5,stochastic,inheritance,inheritance,0.05
1475,476,549,0.4018240020517744,0.5,0.5,14.424406779661018,6.281512605042017,18.9672131147541,94,1,50,0.2,0.5,0.5,stochastic,inheritance,inheritance,0.05
1480,497,523,0.4018104719860888,0.5,0.5,14.772297297297298,6.301810865191147,17.803059273422562,95,1,50,0.2,0.5,0.5,stochastic,inheritance,inheritance,0.05
1456,555,489,0.4044397433663568,0.5,0.5,15.085851648351648,6.2594594594594595,17.255623721881392,96,1,50,0.2,0.5,0.5,stochastic,inheritance,inheritance,0.05
1458,597,445,0.40737309754711315,0.5,0.5,15.174897119341564,6.386934673366834,16.813483146067416,97,1,50,0.2,0.5,0.5,stochastic,inheritance,inheritance,0.05
1435,647,418,0.41019781290294416,0.5,0.5,15.462020905923344,6.494590417310665,15.73444976076555,98,1,50,0.2,0.5,0.5,stochastic,inheritance,inheritance,0.05
1406,697,397,0.40931878052047094,0.5,0.5,15.826458036984352,6.583931133428981,15.289672544080604,99,1,50,0.2,0.5,0.5,stochastic,inheritance,inheritance,0.05
1353,743,404,0.4128539012480271,0.5,0.5,16.175166297117517,6.667563930013459,14.279702970297029,100,1,50,0.2,0.5,0.5,stochastic,inheritance,inheritance,0.05
1293,825,382,0.414952590685072,0.5,0.5,16.126063418406805,6.739393939393939,13.154450261780104,101,1,50,0.2,0.5,0.5,stochastic,inheritance,inheritance,0.05
1217,886,397,0.4150816976143565,0.5,0.5,16.587510271158585,6.816027088036117,11.743073047858942,102,1,50,0.2,0.5,0.5,stochastic,inheritance,inheritance,0.05
1167,916,417,0.4146476354748425,0.5,0.5,16.802056555269925,7.02292576419214,11.057553956834532,103,1,50,0.2,0.5,0.5,stochastic,inheritance,inheritance,0.05
1086,1003,411,0.41753122214207283,0.5,0.5,16.460405156537753,7.180458624127617,10.615571776155718,104,1,50,0.2,0.5,0.5,stochastic,inheritance,inheritance,0.05
1048,1037,415,0.4201589924731278,0.5,0.5,16.63263358778626,7.449373191899711,9.804819277108434,105,1,50,0.2,0.5,0.5,stochastic,inheritance,inheritance,0.05
992,1066,442,0.41824185770606287,0.5,0.5,17.079637096774192,7.658536585365853,8.873303167420815,106,1,50,0.2,0.5,0.5,stochastic,inheritance,inheritance,0.05
940,1094,466,0.4199737062604554,0.5,0.5,17.49148936170213,8.010054844606946,8.240343347639485,107,1,50,0.2,0.5,0.5,stochastic,inheritance,inheritance,0.05
877,1125,498,0.4220734031292418,0.5,0.5,17.562143671607753,8.244444444444444,7.933734939759036,108,1,50,0.2,0.5,0.5,stochastic,inheritance,inheritance,0.05
820,1143,537,0.4246170931475236,0.5,0.5,17.446341463414633,8.436570428696413,7.675977653631285,109,1,50,0.2,0.5,0.5,stochastic,inheritance,inheritance,0.05
755,1173,572,0.4231553956209416,0.5,0.5,17.872847682119204,8.702472293265131,7.856643356643357,110,1,50,0.2,0.5,0.5,stochastic,inheritance,inheritance,0.05
695,1188,617,0.42433715614384027,0.5,0.5,18.107913669064747,8.893939393939394,7.875202593192869,111,1,50,0.2,0.5,0.5,stochastic,inheritance,inheritance,0.05
670,1200,630,0.4311351687242051,0.5,0.5,17.616417910447762,9.2725,8.247619047619047,112,1,50,0.2,0.5,0.5,stochastic,inheritance,inheritance,0.05
630,1214,656,0.43426707800844166,0.5,0.5,16.99047619047619,9.475288303130148,8.140243902439025,113,1,50,0.2,0.5,0.5,stochastic,inheritance,inheritance,0.05
587,1219,694,0.43772083143468216,0.5,0.5,16.29982964224872,9.71123872026251,8.095100864553315,114,1,50,0.2,0.5,0.5,stochastic,inheritance,inheritance,0.05
570,1200,730,0.44838751431622625,0.5,0.5,15.773684210526316,10.131666666666666,8.123287671232877,115,1,50,0.2,0.5,0.5,stochastic,inheritance,inheritance,0.05
560,1180,760,0.46058628178034056,0.5,0.5,14.791071428571428,10.407627118644069,8.138157894736842,116,1,50,0.2,0.5,0.5,stochastic,inheritance,inheritance,0.05
537,1169,794,0.47228284717349656,0.5,0.5,13.512104283054004,10.610778443113773,8.294710327455919,117,1,50,0.2,0.5,0.5,stochastic,inheritance,inheritance,0.05
555,1131,814,0.49427475716452546,0.5,0.5,12.131531531531532,10.925729442970823,8.191646191646191,118,1,50,0.2,0.5,0.5,stochastic,inheritance,inheritance,0.05
544,1099,857,0.48956716451982024,0.5,0.5,11.726102941176471,11.139217470427662,8.108518086347724,119,1,50,0.2,0.5,0.5,stochastic,inheritance,inheritance,0.05
544,1077,879,0.49049175650314986,0.5,0.5,10.658088235294118,11.107706592386258,8.05688282138794,120,1,50,0.2,0.5,0.5,stochastic,inheritance,inheritance,0.05
548,1041,911,0.49539500819570537,0.5,0.5,10.087591240875913,11.256484149855908,8.161361141602635,121,1,50,0.2,0.5,0.5,stochastic,inheritance,inheritance,0.05
563,1022,915,0.501953967862643,0.5,0.5,9.47602131438721,11.513698630136986,8.31256830601093,122,1,50,0.2,0.5,0.5,stochastic,inheritance,inheritance,0.05
569,999,932,0.5121274410752973,0.5,0.5,8.256590509666081,11.63963963963964,8.36587982832618,123,1,50,0.2,0.5,0.5,stochastic,inheritance,inheritance,0.05
575,973,952,0.5141531195243524,0.5,0.5,7.808695652173913,11.808838643371017,8.494747899159664,124,1,50,0.2,0.5,0.5,stochastic,inheritance,inheritance,0.05
591,920,989,0.520770503980477,0.5,0.5,7.766497461928934,12.081521739130435,8.580384226491406,125,1,50,0.2,0.5,0.5,stochastic,inheritance,inheritance,0.05
635,872,993,0.5273839954279147,0.5,0.5,7.785826771653543,12.59862385321101,8.731117824773413,126,1,50,0.2,0.5,0.5,stochastic,inheritance,inheritance,0.05
669,825,1006,0.5322420897820355,0.5,0.5,7.808669656203288,12.666666666666666,8.750497017892645,127,1,50,0.2,0.5,0.5,stochastic,inheritance,inheritance,0.05
709,788,1003,0.5387267129426516,0.5,0.5,7.77574047954866,13.049492385786802,8.830508474576272,128,1,50,0.2,0.5,0.5,stochastic,inheritance,inheritance,0.05
748,751,1001,0.5351441592604426,0.5,0.5,7.973262032085562,13.1491344873502,9.015984015984015,129,1,50,0.2,0.5,0.5,stochastic,inheritance,inheritance,0.05
770,725,1005,0.5390936836355378,0.5,0.5,8.03116883116883,12.895172413793103,8.952238805970149,130,1,50,0.2,0.5,0.5,stochastic,inheritance,inheritance,0.05
775,731,994,0.5413799439047279,0.5,0.5,7.910967741935484,12.305061559507523,9.142857142857142,131,1,50,0.2,0.5,0.5,stochastic,inheritance,inheritance,0.05
798,715,987,0.5420383819157331,0.5,0.5,8.052631578947368,12.001398601398602,9.306990881458967,132,1,50,0.2,0.5,0.5,stochastic,inheritance,inheritance,0.05
822,707,971,0.5488443440393143,0.5,0.5,8.166666666666666,11.711456859971712,9.285272914521112,133,1,50,0.2,0.5,0.5,stochastic,inheritance,inheritance,0.05
855,698,947,0.555716421449256,0.5,0.5,8.154385964912281,11.491404011461318,9.222808870116156,134,1,50,0.2,0.5,0.5,stochastic,inheritance,inheritance,0.05
888,695,917,0.5624354543984762,0.5,0.5,8.157657657657658,11.261870503597123,9.271537622682661,135,1,50,0.2,0.5,0.5,stochastic,inheritance,inheritance,0.05
889,704,907,0.5645236141429467,0.5,0.5,8.429696287964004,10.931818181818182,9.488423373759646,136,1,50,0.2,0.5,0.5,stochastic,inheritance,inheritance,0.05
915,713,872,0.5723173879360436,0.5,0.5,8.437158469945356,10.552594670406732,9.549311926605505,137,1,50,0.2,0.5,0.5,stochastic,inheritance,inheritance,0.05
934,721,845,0.5800275126607379,0.5,0.5,8.436830835117773,10.192787794729542,9.60828402366864,138,1,50,0.2,0.5,0.5,stochastic,inheritance,inheritance,0.05
943,738,819,0.5848876295548867,0.5,0.5,8.474019088016966,10.116531165311653,9.826617826617827,139,1,50,0.2,0.5,0.5,stochastic,inheritance,inheritance,0.05
939,773,788,0.5904784257616051,0.5,0.5,8.581469648562301,9.936610608020699,10.046954314720812,140,1,50,0.2,0.5,0.5,stochastic,inheritance,inheritance,0.05
952,791,757,0.5924700483156584,0.5,0.5,8.759453781512605,9.992414664981037,10.285336856010568,141,1,50,0.2,0.5,0.5,stochastic,inheritance,inheritance,0.05
955,796,749,0.6011427384078859,0.5,0.5,8.938219895287958,9.944723618090451,10.331108144192257,142,1,50,0.2,0.5,0.5,stochastic,inheritance,inheritance,0.05
969,811,720,0.6059847250848746,0.5,0.5,9.009287925696594,9.838471023427866,10.33611111111111,143,1,50,0.2,0.5,0.5,stochastic,inheritance,inheritance,0.05
938,848,714,0.6055873389251726,0.5,0.5,9.415778251599146,9.82193396226415,10.617647058823529,144,1,50,0.2,0.5,0.5,stochastic,inheritance,inheritance,0.05
895,907,698,0.607511528179471,0.5,0.5,9.307262569832401,9.466372657111355,10.915472779369628,145,1,50,0.2,0.5,0.5,stochastic,inheritance,inheritance,0.05
877,946,677,0.6107770054720207,0.5,0.5,9.37970353477765,9.420718816067653,11.187592319054653,146,1,50,0.2,0.5,0.5,stochastic,inheritance,inheritance,0.05
875,964,661,0.6156671875334774,0.5,0.5,9.435428571428572,9.45435684647303,11.177004538577913,147,1,50,0.2,0.5,0.5,stochastic,inheritance,inheritance,0.05
810,1016,674,0.6153698023714002,0.5,0.5,9.77283950617284,9.345472440944881,11.327893175074184,148,1,50,0.2,0.5,0.5,stochastic,inheritance,inheritance,0.05
774,1055,671,0.6156252258919803,0.5,0.5,9.795865633074936,9.454976303317535,11.353204172876303,149,1,50,0.2,0.5,0.5,stochastic,inheritance,inheritance,0.05
731,1095,674,0.6136552898242178,0.5,0.5,9.674418604651162,9.481278538812786,11.277448071216618,150,1,50,0.2,0.5,0.5,stochastic,inheritance,inheritance,0.05
704,1126,670,0.6058461162067791,0.5,0.5,9.467329545454545,9.510657193605685,11.349253731343284,151,1,50,0.2,0.5,0.5,stochastic,inheritance,inheritance,0.05
657,1158,685,0.6010708318290041,0.5,0.5,9.494672754946727,9.538860103626943,11.309489051094891,152,1,50,0.2,0.5,0.5,stochastic,inheritance,inheritance,0.05
634,1182,684,0.6033666344081663,0.5,0.5,8.984227129337539,9.591370558375635,11.01608187134503,153,1,50,0.2,0.5,0.5,stochastic,inheritance,inheritance,0.05
624,1199,677,0.6061981403173454,0.5,0.5,8.717948717948717,9.78231859883236,10.555391432791728,154,1,50,0.2,0.5,0.5,stochastic,inheritance,inheritance,0.05
590,1210,700,0.6031021933606454,0.5,0.5,8.747457627118644,9.98512396694215,10.34142857142857,155,1,50,0.2,0.5,0.5,stochastic,inheritance,inheritance,0.05
564,1198,738,0.6041489326429255,0.5,0.5,8.657801418439716,10.170283806343907,10.032520325203253,156,1,50,0.2,0.5,0.5,stochastic,inheritance,inheritance,0.05
558,1182,760,0.6100886924550408,0.5,0.5,8.32258064516129,10.504230118443317,9.56842105263158,157,1,50,0.2,0.5,0.5,stochastic,inheritance,inheritance,0.05
583,1150,767,0.615925056867604,0.5,0.5,8.084048027444254,10.788695652173914,9.014341590612776,158,1,50,0.2,0.5,0.5,stochastic,inheritance,inheritance,0.05
592,1133,775,0.6234901694556048,0.5,0.5,7.788851351351352,11.07413945278023,8.67483870967742,159,1,50,0.2,0.5,0.5,stochastic,inheritance,inheritance,0.05
613,1091,796,0.6266952894500608,0.5,0.5,7.553017944535074,11.438130155820348,8.27638190954774,160,1,50,0.2,0.5,0.5,stochastic,inheritance,inheritance,0.05
647,1042,811,0.6379554386675907,0.5,0.5,7.313755795981453,11.779270633397314,8.082614056720098,161,1,50,0.2,0.5,0.5,stochastic,inheritance,inheritance,0.05
657,1008,835,0.6414124195715256,0.5,0.5,7.54337899543379,12.017857142857142,8.075449101796407,162,1,50,0.2,0.5,0.5,stochastic,inheritance,inheritance,0.05
697,972,831,0.6488931112613022,0.5,0.5,7.4519368723099,12.179012345679013,7.969915764139591,163,1,50,0.2,0.5,0.5,stochastic,inheritance,inheritance,0.05
714,937,849,0.653556059028969,0.5,0.5,7.5476190476190474,12.185699039487726,7.751472320376914,164,1,50,0.2,0.5,0.5,stochastic,inheritance,inheritance,0.05
723,903,874,0.6536385802196086,0.5,0.5,7.681881051175657,12.034330011074196,7.711670480549199,165,1,50,0.2,0.5,0.5,stochastic,inheritance,inheritance,0.05
735,880,885,0.6548169972987788,0.5,0.5,7.908843537414966,12.00909090909091,7.712994350282486,166,1,50,0.2,0.5,0.5,stochastic,inheritance,inheritance,0.05
768,834,898,0.6546652875216153,0.5,0.5,7.997395833333333,11.857314148681056,7.693763919821826,167,1,50,0.2,0.5,0.5,stochastic,inheritance,inheritance,0.05
777,811,912,0.6524533650043319,0.5,0.5,8.104247104247104,11.667077681874229,7.845394736842105,168,1,50,0.2,0.5,0.5,stochastic,inheritance,inheritance,0.05
779,764,957,0.6517804150822778,0.5,0.5,8.422336328626445,11.43979057591623,7.760710553814002,169,1,50,0.2,0.5,0.5,stochastic,inheritance,inheritance,0.05
763,755,982,0.652471339809551,0.5,0.5,8.732634338138926,10.88476821192053,7.919551934826884,170,1,50,0.2,0.5,0.5,stochastic,inheritance,inheritance,0.05
778,751,971,0.6511890138274639,0.5,0.5,8.775064267352185,10.789613848202396,8.181256436663233,171,1,50,0.2,0.5,0.5,stochastic,inheritance,inheritance,0.05
783,731,986,0.6466046441121506,0.5,0.5,8.936143039591315,10.383036935704514,8.405679513184584,172,1,50,0.2,0.5,0.5,stochastic,inheritance,inheritance,0.05
789,728,983,0.6383507024279346,0.5,0.5,8.91001267427123,9.993131868131869,8.619532044760936,173,1,50,0.2,0.5,0.5,stochastic,inheritance,inheritance,0.05
807,715,978,0.6367371531060103,0.5,0.5,8.776951672862454,9.711888111888111,8.85276073619632,174,1,50,0.2,0.5,0.5,stochastic,inheritance,inheritance,0.05
841,692,967,0.6330010963722924,0.5,0.5,9.041617122473246,9.686416184971097,9.140641158221303,175,1,50,0.2,0.5,0.5,stochastic,inheritance,inheritance,0.05
860,692,948,0.6313684660255415,0.5,0.5,8.954651162790698,9.205202312138729,9.478902953586498,176,1,50,0.2,0.5,0.5,stochastic,inheritance,inheritance,0.05
895,713,892,0.6332313052479072,0.5,0.5,8.722905027932962,8.814866760168304,9.792600896860986,177,1,50,0.2,0.5,0.5,stochastic,inheritance,inheritance,0.05
932,699,869,0.637203912342207,0.5,0.5,8.843347639484978,8.829756795422032,9.850402761795166,178,1,50,0.2,0.5,0.5,stochastic,inheritance,inheritance,0.05
972,690,838,0.6487718591774058,0.5,0.5,8.872427983539094,8.789855072463768,9.77565632458234,179,1,50,0.2,0.5,0.5,stochastic,inheritance,inheritance,0.05
1003,692,805,0.6574714246876295,0.5,0.5,8.833499501495513,8.638728323699421,9.494409937888198,180,1,50,0.2,0.5,0.5,stochastic,inheritance,inheritance,0.05
1021,722,757,0.6621539921355224,0.5,0.5,8.744368266405484,8.598337950138504,9.478203434610304,181,1,50,0.2,0.5,0.5,stochastic,inheritance,inheritance,0.05
1021,741,738,0.6699224949390414,0.5,0.5,8.77179236043095,8.368421052631579,9.303523035230352,182,1,50,0.2,0.5,0.5,stochastic,inheritance,inheritance,0.05
1051,755,694,0.681265624629274,0.5,0.5,8.649857278782113,8.421192052980132,9.141210374639769,183,1,50,0.2,0.5,0.5,stochastic,inheritance,inheritance,0.05
1051,779,670,0.6893710500214411,0.5,0.5,8.855375832540437,8.370988446726573,9.164179104477611,184,1,50,0.2,0.5,0.5,stochastic,inheritance,inheritance,0.05
1065,808,627,0.6983986779326157,0.5,0.5,8.809389671361503,8.189356435643564,9.073365231259968,185,1,50,0.2,0.5,0.5,stochastic,inheritance,inheritance,0.05
1058,832,610,0.7083842301046362,0.5,0.5,8.861058601134216,7.983173076923077,8.675409836065574,186,1,50,0.2,0.5,0.5,stochastic,inheritance,inheritance,0.05
1037,876,587,0.7185978830197595,0.5,0.5,8.817743490838959,7.958904109589041,8.701873935264054,187,1,50,0.2,0.5,0.5,stochastic,inheritance,inheritance,0.05
1030,885,585,0.7265936173415224,0.5,0.5,9.06504854368932,8.03954802259887,8.512820512820513,188,1,50,0.2,0.5,0.5,stochastic,inheritance,inheritance,0.05
1002,907,591,0.7311808938708573,0.5,0.5,9.316367265469061,7.931642778390298,8.429780033840947,189,1,50,0.2,0.5,0.5,stochastic,inheritance,inheritance,0.05
1011,923,566,0.7370866127477613,0.5,0.5,9.443125618199803,7.985915492957746,7.9628975265017665,190,1,50,0.2,0.5,0.5,stochastic,inheritance,inheritance,0.05
992,968,540,0.7401650619054304,0.5,0.5,9.44758064516129,7.93904958677686,7.82962962962963,191,1,50,0.2,0.5,0.5,stochastic,inheritance,inheritance,0.05
952,1008,540,0.7414624490105782,0.5,0.5,9.477941176470589,7.973214285714286,7.655555555555556,192,1,50,0.2,0.5,0.5,stochastic,inheritance,inheritance,0.05
909,1061,530,0.7465997182504225,0.5,0.5,9.586358635863586,7.984919886899152,7.526415094339622,193,1,50,0.2,0.5,0.5,stochastic,inheritance,inheritance,0.05
900,1088,512,0.7489223678352672,0.5,0.5,9.651111111111112,8.170036764705882,7.482421875,194,1,50,0.2,0.5,0.5,stochastic,inheritance,inheritance,0.05
889,1137,474,0.754660570753794,0.5,0.5,9.633295838020247,8.420404573438875,7.575949367088608,195,1,50,0.2,0.5,0.5,stochastic,inheritance,inheritance,0.05
848,1173,479,0.7580624697389123,0.5,0.5,9.735849056603774,8.592497868712702,7.123173277661795,196,1,50,0.2,0.5,0.5,stochastic,inheritance,inheritance,0.05
814,1202,484,0.7682271656442518,0.5,0.5,9.545454545454545,8.693843594009984,6.789256198347108,197,1,50,0.2,0.5,0.5,stochastic,inheritance,inheritance,0.05
786,1226,488,0.7733243260389159,0.5,0.5,9.400763358778626,8.781402936378466,6.450819672131147,198,1,50,0.2,0.5,0.5,stochastic,inheritance,inheritance,0.05
745,1261,494,0.7764767495518455,0.5,0.5,9.446979865771812,9.057097541633624,6.441295546558704,199,1,50,0.2,0.5,0.5,stochastic,inheritance,inheritance,0.05
696,1293,511,0.7744530414089815,0.5,0.5,9.676724137931034,9.235112142304718,6.454011741682975,200,1,50,0.2,0.5,0.5,stochastic,inheritance,inheritance,0.05
687,1278,535,0.7778076176080008,0.5,0.5,9.636098981077147,9.58998435054773,6.390654205607476,201,1,50,0.2,0.5,0.5,stochastic,inheritance,inheritance,0.05
657,1306,537,0.7816444855645153,0.5,0.5,9.540334855403348,9.790964777947933,6.456238361266294,202,1,50,0.2,0.5,0.5,stochastic,inheritance,inheritance,0.05
645,1315,540,0.7809144036122454,0.5,0.5,9.370542635658914,10.022053231939163,6.416666666666667,203,1,50,0.2,0.5,0.5,stochastic,inheritance,inheritance,0.05
595,1353,552,0.7768859821055677,0.5,0.5,9.235294117647058,10.184774575018478,6.538043478260869,204,1,50,0.2,0.5,0.5,stochastic,inheritance,inheritance,0.05
574,1365,561,0.7740335931768763,0.5,0.5,8.935540069686411,10.557509157509157,6.689839572192513,205,1,50,0.2,0.5,0.5,stochastic,inheritance,inheritance,0.05
553,1362,585,0.7754793386137376,0.5,0.5,8.886075949367088,10.687958883994126,6.71965811965812,206,1,50,0.2,0.5,0.5,stochastic,inheritance,inheritance,0.05
532,1351,617,0.776296879806625,0.5,0.5,8.343984962406015,10.830495928941525,6.645056726094003,207,1,50,0.2,0.5,0.5,stochastic,inheritance,inheritance,0.05
538,1343,619,0.7796093711205528,0.5,0.5,7.944237918215613,11.176470588235293,6.843295638126009,208,1,50,0.2,0.5,0.5,stochastic,inheritance,inheritance,0.05
527,1353,620,0.7851513444310123,0.5,0.5,7.584440227703984,11.329637841832964,6.864516129032258,209,1,50,0.2,0.5,0.5,stochastic,inheritance,inheritance,0.05
500,1333,667,0.7851933900851463,0.5,0.5,7.33,11.549887471867967,6.767616191904048,210,1,50,0.2,0.5,0.5,stochastic,inheritance,inheritance,0.05
499,1318,683,0.7796786021016308,0.5,0.5,7.006012024048096,11.88163884673748,6.882869692532943,211,1,50,0.2,0.5,0.5,stochastic,inheritance,inheritance,0.05
476,1299,725,0.7763416488838428,0.5,0.5,6.817226890756302,11.961508852963819,6.651034482758621,212,1,50,0.2,0.5,0.5,stochastic,inheritance,inheritance,0.05
474,1251,775,0.776842790922874,0.5,0.5,6.770042194092827,12.278976818545164,6.589677419354839,213,1,50,0.2,0.5,0.5,stochastic,inheritance,inheritance,0.05
468,1205,827,0.7765360516680537,0.5,0.5,6.69017094017094,12.50539419087137,6.741233373639662,214,1,50,0.2,0.5,0.5,stochastic,inheritance,inheritance,0.05
477,1155,868,0.7759193194730817,0.5,0.5,6.559748427672956,12.627705627705629,6.76036866359447,215,1,50,0.2,0.5,0.5,stochastic,inheritance,inheritance,0.05
499,1120,881,0.7754178532481363,0.5,0.5,6.515030060120241,12.866964285714285,6.94211123723042,216,1,50,0.2,0.5,0.5,stochastic,inheritance,inheritance,0.05
533,1053,914,0.7826970821273204,0.5,0.5,6.317073170731708,13.04653371320038,7.040481400437637,217,1,50,0.2,0.5,0.5,stochastic,inheritance,inheritance,0.05
569,1001,930,0.7838878301020196,0.5,0.5,6.35676625659051,13.227772227772228,7.175268817204301,218,1,50,0.2,0.5,0.5,stochastic,inheritance,inheritance,0.05
618,947,935,0.7901072651934363,0.5,0.5,6.1618122977346275,13.351636747624076,7.2898395721925136,219,1,50,0.2,0.5,0.5,stochastic,inheritance,inheritance,0.05
652,924,924,0.7971326568285378,0.5,0.5,6.087423312883436,13.148268398268398,7.536796536796537,220,1,50,0.2,0.5,0.5,stochastic,inheritance,inheritance,0.05
696,891,913,0.8039899868988981,0.5,0.5,6.147988505747127,13.035914702581369,7.71631982475356,221,1,50,0.2,0.5,0.5,stochastic,inheritance,inheritance,0.05
746,852,902,0.8110256563683674,0.5,0.5,6.072386058981233,12.696009389671362,7.738359201773836,222,1,50,0.2,0.5,0.5,stochastic,inheritance,inheritance,0.05
769,836,895,0.8150610660140122,0.5,0.5,6.23407022106632,12.433014354066986,7.91731843575419,223,1,50,0.2,0.5,0.5,stochastic,inheritance,inheritance,0.05
801,842,857,0.8186562186204732,0.5,0.5,6.061173533083646,11.883610451306414,8.029171528588098,224,1,50,0.2,0.5,0.5,stochastic,inheritance,inheritance,0.05
848,828,824,0.8190121955341978,0.5,0.5,6.140330188679245,11.504830917874395,8.050970873786408,225,1,50,0.2,0.5,0.5,stochastic,inheritance,inheritance,0.05
861,858,781,0.8161702502259303,0.5,0.5,6.298490127758421,10.811188811188812,8.153649167733676,226,1,50,0.2,0.5,0.5,stochastic,inheritance,inheritance,0.05
885,882,733,0.8156239897319211,0.5,0.5,6.447457627118644,10.578231292517007,8.530695770804911,227,1,50,0.2,0.5,0.5,stochastic,inheritance,inheritance,0.05
911,899,690,0.8190067189990845,0.5,0.5,6.492864983534577,10.302558398220246,8.684057971014493,228,1,50,0.2,0.5,0.5,stochastic,inheritance,inheritance,0.05
930,906,664,0.8213813625835656,0.5,0.5,6.666666666666667,10.166666666666666,8.733433734939759,229,1,50,0.2,0.5,0.5,stochastic,inheritance,inheritance,0.05
953,936,611,0.8218497463545926,0.5,0.5,6.733473242392445,10.034188034188034,8.700490998363339,230,1,50,0.2,0.5,0.5,stochastic,inheritance,inheritance,0.05
976,953,571,0.8196502725362338,0.5,0.5,7.047131147540983,10.00314795383001,8.402802101576182,231,1,50,0.2,0.5,0.5,stochastic,inheritance,inheritance,0.05
979,977,544,0.8224478599274896,0.5,0.5,7.166496424923391,9.779938587512794,7.865808823529412,232,1,50,0.2,0.5,0.5,stochastic,inheritance,inheritance,0.05
972,1012,516,0.8240220273983997,0.5,0.5,7.438271604938271,9.546442687747035,7.5562015503875966,233,1,50,0.2,0.5,0.5,stochastic,inheritance,inheritance,0.05
953,1054,493,0.826728821778183,0.5,0.5,7.614900314795383,9.426944971537003,7.210953346855984,234,1,50,0.2,0.5,0.5,stochastic,inheritance,inheritance,0.05
931,1088,481,0.825054368185786,0.5,0.5,7.761546723952739,9.252757352941176,6.862785862785863,235,1,50,0.2,0.5,0.5,stochastic,inheritance,inheritance,0.05
910,1102,488,0.8257139463231299,0.5,0.5,8.104395604395604,9.236842105263158,6.512295081967213,236,1,50,0.2,0.5,0.5,stochastic,inheritance,inheritance,0.05
857,1155,488,0.8243626318021369,0.5,0.5,8.50291715285881,9.262337662337663,6.64344262295082,237,1,50,0.2,0.5,0.5,stochastic,inheritance,inheritance,0.05
817,1197,486,0.8260809597239938,0.5,0.5,8.636474908200734,9.22890559732665,6.403292181069959,238,1,50,0.2,0.5,0.5,stochastic,inheritance,inheritance,0.05
796,1217,487,0.8228101969076101,0.5,0.5,8.644472361809045,9.47000821692687,6.059548254620124,239,1,50,0.2,0.5,0.5,stochastic,inheritance,inheritance,0.05
776,1245,479,0.8292985389911179,0.5,0.5,8.69201030927835,9.623293172690763,5.83089770354906,240,1,50,0.2,0.5,0.5,stochastic,inheritance,inheritance,0.05
706,1320,474,0.829048550391275,0.5,0.5,8.679886685552407,9.478030303030303,5.894514767932489,241,1,50,0.2,0.5,0.5,stochastic,inheritance,inheritance,0.05
638,1367,495,0.8271565043452876,0.5,0.5,8.68652037617555,9.473299195318216,5.844444444444444,242,1,50,0.2,0.5,0.5,stochastic,inheritance,inheritance,0.05
598,1393,509,0.8295257412701994,0.5,0.5,8.466555183946488,9.595118449389807,5.68762278978389,243,1,50,0.2,0.5,0.5,stochastic,inheritance,inheritance,0.05
548,1419,533,0.8263540537878306,0.5,0.5,8.206204379562044,9.722339675828048,5.73921200750469,244,1,50,0.2,0.5,0.5,stochastic,inheritance,inheritance,0.05
538,1416,546,0.8324751081813959,0.5,0.5,7.782527881040892,9.954802259887005,5.694139194139194,245,1,50,0.2,0.5,0.5,stochastic,inheritance,inheritance,0.05
541,1402,557,0.8336639559531833,0.5,0.5,7.358595194085027,10.199001426533524,5.687612208258527,246,1,50,0.2,0.5,0.5,stochastic,inheritance,inheritance,0.05
535,1374,591,0.834925946304502,0.5,0.5,7.437383177570093,10.532023289665212,5.7969543147208125,247,1,50,0.2,0.5,0.5,stochastic,inheritance,inheritance,0.05
507,1373,620,0.8368984645911207,0.5,0.5,7.3057199211045365,10.685360524399126,6.003225806451613,248,1,50,0.2,0.5,0.5,stochastic,inheritance,inheritance,0.05
520,1340,640,0.8413052383086009,0.5,0.5,6.990384615384615,11.024626865671642,5.9578125,249,1,50,0.2,0.5,0.5,stochastic,inheritance,inheritance,0.05
522,1325,653,0.8466286374416506,0.5,0.5,6.810344827586207,11.24377358490566,5.975497702909648,250,1,50,0.2,0.5,0.5,stochastic,inheritance,inheritance,0.05
528,1324,648,0.8556442885226838,0.5,0.5,6.566287878787879,11.475075528700906,6.194444444444445,251,1,50,0.2,0.5,0.5,stochastic,inheritance,inheritance,0.05
533,1324,643,0.8525321754342366,0.5,0.5,6.414634146341464,11.675226586102719,6.396578538102644,252,1,50,0.2,0.5,0.5,stochastic,inheritance,inheritance,0.05
558,1307,635,0.8520561041386823,0.5,0.5,6.112903225806452,11.872226472838562,6.511811023622047,253,1,50,0.2,0.5,0.5,stochastic,inheritance,inheritance,0.05
570,1289,641,0.8542824363704151,0.5,0.5,6.098245614035088,12.083785880527541,6.3978159126365055,254,1,50,0.2,0.5,0.5,stochastic,inheritance,inheritance,0.05
588,1266,646,0.8590792963111287,0.5,0.5,6.032312925170068,12.370458135860979,6.379256965944273,255,1,50,0.2,0.5,0.5,stochastic,inheritance,inheritance,0.05
600,1241,659,0.8593662152025983,0.5,0.5,6.148333333333333,12.70024174053183,6.4597875569044,256,1,50,0.2,0.5,0.5,stochastic,inheritance,inheritance,0.05
635,1210,655,0.8627778596336153,0.5,0.5,6.193700787401575,12.919834710743801,6.2763358778625955,257,1,50,0.2,0.5,0.5,stochastic,inheritance,inheritance,0.05
659,1174,667,0.8644424131769501,0.5,0.5,6.326251896813353,13.105621805792163,5.989505247376312,258,1,50,0.2,0.5,0.5,stochastic,inheritance,inheritance,0.05
658,1142,700,0.8630542767513222,0.5,0.5,6.424012158054711,12.981611208406305,5.815714285714286,259,1,50,0.2,0.5,0.5,stochastic,inheritance,inheritance,0.05
653,1129,718,0.8628770157509585,0.5,0.5,6.509954058192956,12.844109831709478,5.781337047353761,260,1,50,0.2,0.5,0.5,stochastic,inheritance,inheritance,0.05
663,1130,707,0.8605753595531598,0.5,0.5,6.4811463046757165,12.76637168141593,5.916548797736916,261,1,50,0.2,0.5,0.5,stochastic,inheritance,inheritance,0.05
674,1119,707,0.8525268972670519,0.5,0.5,6.445103857566766,12.621090259159963,5.937765205091938,262,1,50,0.2,0.5,0.5,stochastic,inheritance,inheritance,0.05
678,1117,705,0.8481859227985841,0.5,0.5,6.502949852507375,12.431512981199642,6.1290780141843975,263,1,50,0.2,0.5,0.5,stochastic,inheritance,inheritance,0.05
683,1109,708,0.8467416909755152,0.5,0.5,6.546120058565154,12.065825067628493,6.213276836158192,264,1,50,0.2,0.5,0.5,stochastic,inheritance,inheritance,0.05
712,1104,684,0.8457167624721631,0.5,0.5,6.320224719101123,11.858695652173912,6.4108187134502925,265,1,50,0.2,0.5,0.5,stochastic,inheritance,inheritance,0.05
735,1104,661,0.8482622152671386,0.5,0.5,6.380952380952381,11.876811594202898,6.531013615733737,266,1,50,0.2,0.5,0.5,stochastic,inheritance,inheritance,0.05
728,1111,661,0.8507170647511239,0.5,0.5,6.5576923076923075,11.723672367236723,6.709531013615734,267,1,50,0.2,0.5,0.5,stochastic,inheritance,inheritance,0.05
717,1136,647,0.8528087199071421,0.5,0.5,6.542538354253836,11.326584507042254,6.82225656877898,268,1,50,0.2,0.5,0.5,stochastic,inheritance,inheritance,0.05
739,1135,626,0.8560487752826054,0.5,0.5,6.497970230040595,11.155947136563876,6.920127795527157,269,1,50,0.2,0.5,0.5,stochastic,inheritance,inheritance,0.05
749,1186,565,0.8570906341359791,0.5,0.5,6.369826435246996,10.884485666104553,6.92212389380531,270,1,50,0.2,0.5,0.5,stochastic,inheritance,inheritance,0.05
763,1208,529,0.8575403621160348,0.5,0.5,6.373525557011796,10.977649006622517,6.814744801512287,271,1,50,0.2,0.5,0.5,stochastic,inheritance,inheritance,0.05
747,1247,506,0.8583014239494026,0.5,0.5,6.603748326639893,10.829991980753809,6.950592885375494,272,1,50,0.2,0.5,0.5,stochastic,inheritance,inheritance,0.05
741,1249,510,0.8618401702504602,0.5,0.5,6.968960863697705,10.989591673338671,6.535294117647059,273,1,50,0.2,0.5,0.5,stochastic,inheritance,inheritance,0.05
728,1272,500,0.8606045361892246,0.5,0.5,7.049450549450549,10.9874213836478,6.264,274,1,50,0.2,0.5,0.5,stochastic,inheritance,inheritance,0.05
710,1288,502,0.8596122984180907,0.5,0.5,7.159154929577465,11.034937888198758,6.1673306772908365,275,1,50,0.2,0.5,0.5,stochastic,inheritance,inheritance,0.05
686,1327,487,0.8570160694640808,0.5,0.5,6.967930029154519,11.012810851544838,6.125256673511293,276,1,50,0.2,0.5,0.5,stochastic,inheritance,inheritance,0.05
658,1353,489,0.8565401839191599,0.5,0.5,7.057750759878419,11.136733185513673,6.137014314928425,277,1,50,0.2,0.5,0.5,stochastic,inheritance,inheritance,0.05
621,1370,509,0.8550192973744324,0.5,0.5,7.2270531400966185,11.234306569343065,6.025540275049116,278,1,50,0.2,0.5,0.5,stochastic,inheritance,inheritance,0.05
581,1381,538,0.8526639764106541,0.5,0.5,7.483648881239243,11.426502534395366,6.176579925650557,279,1,50,0.2,0.5,0.5,stochastic,inheritance,inheritance,0.05
553,1397,550,0.8533054542366232,0.5,0.5,7.549728752260398,11.612741589119542,6.343636363636364,280,1,50,0.2,0.5,0.5,stochastic,inheritance,inheritance,0.05
542,1413,545,0.8526125974825428,0.5,0.5,7.289667896678967,11.960368011323425,6.544954128440367,281,1,50,0.2,0.5,0.5,stochastic,inheritance,inheritance,0.05
527,1425,548,0.8505205256268723,0.5,0.5,7.01707779886148,12.124210526315789,6.490875912408759,282,1,50,0.2,0.5,0.5,stochastic,inheritance,inheritance,0.05
523,1443,534,0.8493662773700804,0.5,0.5,6.887189292543021,12.32085932085932,6.5187265917602994,283,1,50,0.2,0.5,0.5,stochastic,inheritance,inheritance,0.05
534,1453,513,0.8501011100851661,0.5,0.5,6.47378277153558,12.686854783207158,6.5282651072124755,284,1,50,0.2,0.5,0.5,stochastic,inheritance,inheritance,0.05
528,1473,499,0.8460178361442946,0.5,0.5,6.306818181818182,12.991853360488799,6.561122244488978,285,1,50,0.2,0.5,0.5,stochastic,inheritance,inheritance,0.05
529,1461,510,0.8475483135995125,0.5,0.5,6.272211720226843,13.4072553045859,6.305882352941176,286,1,50,0.2,0.5,0.5,stochastic,inheritance,inheritance,0.05
519,1467,514,0.8446555943710468,0.5,0.5,6.208092485549133,13.701431492842536,6.085603112840467,287,1,50,0.2,0.5,0.5,stochastic,inheritance,inheritance,0.05
501,1471,528,0.8425730267556232,0.5,0.5,6.397205588822355,13.92318150917743,6.003787878787879,288,1,50,0.2,0.5,0.5,stochastic,inheritance,inheritance,0.05
481,1460,559,0.8438933121666704,0.5,0.5,6.457380457380458,14.061643835616438,5.872987477638641,289,1,50,0.2,0.5,0.5,stochastic,inheritance,inheritance,0.05
480,1421,599,0.8423581417063825,0.5,0.5,6.43125,14.439127375087967,5.823038397328881,290,1,50,0.2,0.5,0.5,stochastic,inheritance,inheritance,0.05
463,1411,626,0.8397816409436943,0.5,0.5,6.34341252699784,14.532246633593196,5.785942492012779,291,1,50,0.2,0.5,0.5,stochastic,inheritance,inheritance,0.05
442,1382,676,0.8428850949348874,0.5,0.5,6.287330316742081,14.32561505065123,5.525147928994083,292,1,50,0.2,0.5,0.5,stochastic,inheritance,inheritance,0.05
436,1346,718,0.8422174140260731,0.5,0.5,6.231651376146789,14.381129271916791,5.564066852367688,293,1,50,0.2,0.5,0.5,stochastic,inheritance,inheritance,0.05
431,1289,780,0.8443582037250641,0.5,0.5,6.139211136890951,14.445306439100078,5.688461538461539,294,1,50,0.2,0.5,0.5,stochastic,inheritance,inheritance,0.05
434,1255,811,0.841983143402555,0.5,0.5,5.93778801843318,14.467729083665338,5.847102342786683,295,1,50,0.2,0.5,0.5,stochastic,inheritance,inheritance,0.05
437,1206,857,0.8390075753323395,0.5,0.5,6.002288329519451,14.383084577114428,6.029171528588098,296,1,50,0.2,0.5,0.5,stochastic,inheritance,inheritance,0.05
455,1163,882,0.8365874365126099,0.5,0.5,5.857142857142857,14.348237317282889,6.202947845804989,297,1,50,0.2,0.5,0.5,stochastic,inheritance,inheritance,0.05
457,1125,918,0.8418481594095935,0.5,0.5,5.87964989059081,14.332444444444445,6.363834422657952,298,1,50,0.2,0.5,0.5,stochastic,inheritance,inheritance,0.05
456,1094,950,0.8433366017009314,0.5,0.5,5.881578947368421,14.339122486288849,6.652631578947369,299,1,50,0.2,0.5,0.5,stochastic,inheritance,inheritance,0.05
486,1065,949,0.847702225054903,0.5,0.5,5.742798353909465,14.353051643192488,6.987355110642782,300,1,50,0.2,0.5,0.5,stochastic,inheritance,inheritance,0.05
513,1038,949,0.8561923800880208,0.5,0.5,5.573099415204679,14.389210019267823,7.224446786090621,301,1,50,0.2,0.5,0.5,stochastic,inheritance,inheritance,0.05
533,1002,965,0.8570269778331856,0.5,0.5,5.448405253283302,14.214570858283434,7.3782383419689115,302,1,50,0.2,0.5,0.5,stochastic,inheritance,inheritance,0.05
577,967,956,0.859291532064044,0.5,0.5,5.318890814558059,14.078593588417787,7.654811715481172,303,1,50,0.2,0.5,0.5,stochastic,inheritance,inheritance,0.05
641,935,924,0.8634470068092662,0.5,0.5,5.176287051482059,13.80427807486631,7.944805194805195,304,1,50,0.2,0.5,0.5,stochastic,inheritance,inheritance,0.05
685,910,905,0.8644856278811918,0.5,0.5,5.15036496350365,13.64065934065934,8.28839779005525,305,1,50,0.2,0.5,0.5,stochastic,inheritance,inheritance,0.05
739,887,874,0.8643124109895015,0.5,0.5,5.230040595399188,13.567080045095828,8.48512585812357,306,1,50,0.2,0.5,0.5,stochastic,inheritance,inheritance,0.05
770,874,856,0.865609917558443,0.5,0.5,5.28961038961039,13.199084668192219,8.601635514018692,307,1,50,0.2,0.5,0.5,stochastic,inheritance,inheritance,0.05
825,860,815,0.865610738170294,0.5,0.5,5.355151515151515,12.666279069767441,8.579141104294479,308,1,50,0.2,0.5,0.5,stochastic,inheritance,inheritance,0.05
847,869,784,0.8642160037511512,0.5,0.5,5.642266824085006,12.353279631760644,8.67984693877551,309,1,50,0.2,0.5,0.5,stochastic,inheritance,inheritance,0.05
855,887,758,0.8632024179695275,0.5,0.5,5.984795321637427,12.173618940248026,8.715039577836412,310,1,50,0.2,0.5,0.5,stochastic,inheritance,inheritance,0.05
891,913,696,0.8586234985066495,0.5,0.5,6.013468013468014,11.755750273822564,8.425287356321839,311,1,50,0.2,0.5,0.5,stochastic,inheritance,inheritance,0.05
902,931,667,0.8539838691243921,0.5,0.5,6.26940133037694,11.242749731471536,8.476761619190405,312,1,50,0.2,0.5,0.5,stochastic,inheritance,inheritance,0.05
908,947,645,0.8537446717720055,0.5,0.5,6.343612334801762,10.827877507919746,8.086821705426356,313,1,50,0.2,0.5,0.5,stochastic,inheritance,inheritance,0.05
931,970,599,0.8566553740637072,0.5,0.5,6.558539205155746,10.678350515463917,7.948247078464107,314,1,50,0.2,0.5,0.5,stochastic,inheritance,inheritance,0.05
929,1001,570,0.8568256308397618,0.5,0.5,6.707212055974166,10.522477522477523,8.001754385964912,315,1,50,0.2,0.5,0.5,stochastic,inheritance,inheritance,0.05
917,1021,562,0.8581136373425657,0.5,0.5,7.017448200654307,10.339862879529873,7.919928825622776,316,1,50,0.2,0.5,0.5,stochastic,inheritance,inheritance,0.05
898,1063,539,0.8587018656154644,0.5,0.5,7.134743875278397,10.106302916274695,7.738404452690167,317,1,50,0.2,0.5,0.5,stochastic,inheritance,inheritance,0.05
866,1120,514,0.8550416060095171,0.5,0.5,7.452655889145497,10.048214285714286,7.752918287937743,318,1,50,0.2,0.5,0.5,stochastic,inheritance,inheritance,0.05
825,1182,493,0.8552269841612735,0.5,0.5,7.650909090909091,9.823181049069374,7.7910750507099396,319,1,50,0.2,0.5,0.5,stochastic,inheritance,inheritance,0.05
794,1221,485,0.8559868346341366,0.5,0.5,7.782115869017632,9.71990171990172,7.546391752577319,320,1,50,0.2,0.5,0.5,stochastic,inheritance,inheritance,0.05
775,1258,467,0.8583805225264824,0.5,0.5,8.030967741935484,9.838632750397457,7.353319057815845,321,1,50,0.2,0.5,0.5,stochastic,inheritance,inheritance,0.05
748,1300,452,0.8604519716737881,0.5,0.5,7.997326203208556,9.891538461538461,7.327433628318584,322,1,50,0.2,0.5,0.5,stochastic,inheritance,inheritance,0.05
725,1335,440,0.8596748708326162,0.5,0.5,8.144827586206896,10.164794007490636,7.318181818181818,323,1,50,0.2,0.5,0.5,stochastic,inheritance,inheritance,0.05
697,1360,443,0.8626160520310098,0.5,0.5,8.321377331420374,10.544117647058824,7.106094808126411,324,1,50,0.2,0.5,0.5,stochastic,inheritance,inheritance,0.05
659,1369,472,0.8637396789657574,0.5,0.5,8.48710166919575,10.756026296566837,6.834745762711864,325,1,50,0.2,0.5,0.5,stochastic,inheritance,inheritance,0.05
626,1395,479,0.8643532935851321,0.5,0.5,8.399361022364218,10.98279569892473,6.549060542797495,326,1,50,0.2,0.5,0.5,stochastic,inheritance,inheritance,0.05
580,1404,516,0.858601079783416,0.5,0.5,8.372413793103448,11.003561253561253,6.224806201550388,327,1,50,0.2,0.5,0.5,stochastic,inheritance,inheritance,0.05
563,1393,544,0.8612184889587933,0.5,0.5,8.218472468916518,11.124910265613783,5.7849264705882355,328,1,50,0.2,0.5,0.5,stochastic,inheritance,inheritance,0.05
550,1388,562,0.8568977574218177,0.5,0.5,8.178181818181818,11.37463976945245,5.864768683274021,329,1,50,0.2,0.5,0.5,stochastic,inheritance,inheritance,0.05
513,1396,591,0.8574831988797642,0.5,0.5,8.181286549707602,11.593839541547277,5.947546531302876,330,1,50,0.2,0.5,0.5,stochastic,inheritance,inheritance,0.05
488,1375,637,0.8549009653511931,0.5,0.5,7.944672131147541,11.758545454545455,5.783359497645212,331,1,50,0.2,0.5,0.5,stochastic,inheritance,inheritance,0.05
499,1351,650,0.8525153625154733,0.5,0.5,7.703406813627255,12.086602516654331,5.923076923076923,332,1,50,0.2,0.5,0.5,stochastic,inheritance,inheritance,0.05
504,1338,658,0.8528672319633664,0.5,0.5,7.313492063492063,12.340059790732436,6.095744680851064,333,1,50,0.2,0.5,0.5,stochastic,inheritance,inheritance,0.05
514,1313,673,0.8456471442782494,0.5,0.5,7.035019455252918,12.543031226199544,6.172362555720654,334,1,50,0.2,0.5,0.5,stochastic,inheritance,inheritance,0.05
516,1298,686,0.8448084146480831,0.5,0.5,6.881782945736434,12.817411402157164,6.228862973760933,335,1,50,0.2,0.5,0.5,stochastic,inheritance,inheritance,0.05
522,1285,693,0.847430794403173,0.5,0.5,6.628352490421456,12.919844357976654,6.341991341991342,336,1,50,0.2,0.5,0.5,stochastic,inheritance,inheritance,0.05
524,1253,723,0.8432641755549327,0.5,0.5,6.450381679389313,13.146847565841979,6.405255878284924,337,1,50,0.2,0.5,0.5,stochastic,inheritance,inheritance,0.05
525,1231,744,0.8456665956275501,0.5,0.5,6.403809523809524,13.181965881397238,6.442204301075269,338,1,50,0.2,0.5,0.5,stochastic,inheritance,inheritance,0.05
558,1196,746,0.8428265438575271,0.5,0.5,6.275985663082437,13.454849498327759,6.57774798927614,339,1,50,0.2,0.5,0.5,stochastic,inheritance,inheritance,0.05
561,1188,751,0.842316310357277,0.5,0.5,6.13903743315508,13.521885521885523,6.781624500665779,340,1,50,0.2,0.5,0.5,stochastic,inheritance,inheritance,0.05
596,1138,766,0.8383920207242258,0.5,0.5,5.9614093959731544,13.53427065026362,6.68798955613577,341,1,50,0.2,0.5,0.5,stochastic,inheritance,inheritance,0.05
616,1116,768,0.8382431094312914,0.5,0.5,6.00487012987013,13.68100358422939,6.869791666666667,342,1,50,0.2,0.5,0.5,stochastic,inheritance,inheritance,0.05
621,1110,769,0.8307748557559542,0.5,0.5,5.962962962962963,13.394594594594595,6.960988296488947,343,1,50,0.2,0.5,0.5,stochastic,inheritance,inheritance,0.05
636,1096,768,0.8263800747033893,0.5,0.5,5.955974842767295,13.161496350364963,6.928385416666667,344,1,50,0.2,0.5,0.5,stochastic,inheritance,inheritance,0.05
677,1069,754,0.8264954108018772,0.5,0.5,5.943870014771049,12.99158091674462,6.901856763925729,345,1,50,0.2,0.5,0.5,stochastic,inheritance,inheritance,0.05
701,1060,739,0.8198789224754569,0.5,0.5,6.044222539229672,12.674528301886792,6.912043301759134,346,1,50,0.2,0.5,0.5,stochastic,inheritance,inheritance,0.05
705,1024,771,0.8169436589135605,0.5,0.5,6.263829787234043,12.3564453125,6.82230869001297,347,1,50,0.2,0.5,0.5,stochastic,inheritance,inheritance,0.05
724,1009,767,0.8150170108878289,0.5,0.5,6.375690607734807,12.302279484638255,6.833116036505867,348,1,50,0.2,0.5,0.5,stochastic,inheritance,inheritance,0.05
741,959,800,0.8145670160374696,0.5,0.5,6.473684210526316,11.980187695516163,6.68375,349,1,50,0.2,0.5,0.5,stochastic,inheritance,inheritance,0.05
745,950,805,0.8125182363956586,0.5,0.5,6.624161073825503,11.802105263157895,6.853416149068323,350,1,50,0.2,0.5,0.5,stochastic,inheritance,inheritance,0.05
775,950,775,0.8114871922803849,0.5,0.5,6.545806451612903,11.631578947368421,6.771612903225806,351,1,50,0.2,0.5,0.5,stochastic,inheritance,inheritance,0.05
819,944,737,0.8173399684508482,0.5,0.5,6.598290598290598,11.697033898305085,6.971506105834464,352,1,50,0.2,0.5,0.5,stochastic,inheritance,inheritance,0.05
861,950,689,0.818062055235076,0.5,0.5,6.631823461091754,11.467368421052631,7.039187227866473,353,1,50,0.2,0.5,0.5,stochastic,inheritance,inheritance,0.05
887,958,655,0.8215171065111213,0.5,0.5,6.755355129650507,11.083507306889352,7.1725190839694655,354,1,50,0.2,0.5,0.5,stochastic,inheritance,inheritance,0.05
923,987,590,0.8235339809908989,0.5,0.5,6.789815817984832,10.831813576494428,7.5067796610169495,355,1,50,0.2,0.5,0.5,stochastic,inheritance,inheritance,0.05
944,996,560,0.8269819663490403,0.5,0.5,6.977754237288136,10.742971887550201,7.575,356,1,50,0.2,0.5,0.5,stochastic,inheritance,inheritance,0.05
935,1044,521,0.827068402964115,0.5,0.5,7.0524064171123,10.585249042145595,7.508637236084453,357,1,50,0.2,0.5,0.5,stochastic,inheritance,inheritance,0.05
948,1087,465,0.832573127304513,0.5,0.5,7.029535864978903,10.262189512419504,7.380645161290323,358,1,50,0.2,0.5,0.5,stochastic,inheritance,inheritance,0.05
951,1122,427,0.8332824264655425,0.5,0.5,7.247108307045216,10.359180035650624,7.19672131147541,359,1,50,0.2,0.5,0.5,stochastic,inheritance,inheritance,0.05
918,1165,417,0.8318398914621893,0.5,0.5,7.633986928104576,10.407725321888412,6.911270983213429,360,1,50,0.2,0.5,0.5,stochastic,inheritance,inheritance,0.05
889,1216,395,0.835003850626159,0.5,0.5,7.803149606299213,10.270559210526315,6.675949367088608,361,1,50,0.2,0.5,0.5,stochastic,inheritance,inheritance,0.05
870,1255,375,0.8413476735323692,0.5,0.5,7.962068965517242,10.428685258964144,6.578666666666667,362,1,50,0.2,0.5,0.5,stochastic,inheritance,inheritance,0.05
814,1316,370,0.8452680126569792,0.5,0.5,8.195331695331696,10.417933130699089,6.237837837837838,363,1,50,0.2,0.5,0.5,stochastic,inheritance,inheritance,0.05
764,1367,369,0.8498477443456368,0.5,0.5,8.299738219895287,10.479151426481346,5.932249322493225,364,1,50,0.2,0.5,0.5,stochastic,inheritance,inheritance,0.05
704,1399,397,0.852290852098676,0.5,0.5,8.447443181818182,10.462473195139385,5.596977329974811,365,1,50,0.2,0.5,0.5,stochastic,inheritance,inheritance,0.05
661,1423,416,0.8562944218990908,0.5,0.5,8.534039334341907,10.724525650035137,5.603365384615385,366,1,50,0.2,0.5,0.5,stochastic,inheritance,inheritance,0.05
624,1449,427,0.8551271376252588,0.5,0.5,8.33974358974359,10.89648033126294,5.4637002341920375,367,1,50,0.2,0.5,0.5,stochastic,inheritance,inheritance,0.05
578,1486,436,0.8527810615362549,0.5,0.5,8.2439446366782,10.967698519515478,5.525229357798165,368,1,50,0.2,0.5,0.5,stochastic,inheritance,inheritance,0.05
556,1501,443,0.8587192061404559,0.5,0.5,8.017985611510792,11.073284477015322,5.367945823927765,369,1,50,0.2,0.5,0.5,stochastic,inheritance,inheritance,0.05
534,1498,468,0.8585966959151031,0.5,0.5,8.097378277153558,11.410547396528704,5.5,370,1,50,0.2,0.5,0.5,stochastic,inheritance,inheritance,0.05
522,1506,472,0.8578798032666616,0.5,0.5,8.130268199233717,11.723771580345286,5.546610169491525,371,1,50,0.2,0.5,0.5,stochastic,inheritance,inheritance,0.05
500,1534,466,0.853346097238881,0.5,0.5,7.742,11.941329856584094,5.757510729613734,372,1,50,0.2,0.5,0.5,stochastic,inheritance,inheritance,0.05
492,1523,485,0.8552796784726819,0.5,0.5,7.465447154471545,12.302035456336178,5.661855670103093,373,1,50,0.2,0.5,0.5,stochastic,inheritance,inheritance,0.05
491,1512,497,0.8542272084555017,0.5,0.5,7.35030549898167,12.621031746031745,5.641851106639839,374,1,50,0.2,0.5,0.5,stochastic,inheritance,inheritance,0.05
475,1519,506,0.846243148874235,0.5,0.5,7.037894736842105,12.955892034233049,5.816205533596838,375,1,50,0.2,0.5,0.5,stochastic,inheritance,inheritance,0.05
452,1500,548,0.8429281084772016,0.5,0.5,7.210176991150442,13.36,5.835766423357664,376,1,50,0.2,0.5,0.5,stochastic,inheritance,inheritance,0.05
456,1496,548,0.8399805094184248,0.5,0.5,6.853070175438597,13.685160427807487,5.943430656934306,377,1,50,0.2,0.5,0.5,stochastic,inheritance,inheritance,0.05
471,1465,564,0.8400551734454207,0.5,0.5,6.507430997876858,14.088737201365188,5.847517730496454,378,1,50,0.2,0.5,0.5,stochastic,inheritance,inheritance,0.05
464,1459,577,0.8335296268909504,0.5,0.5,6.196120689655173,14.131596984235777,5.8578856152513,379,1,50,0.2,0.5,0.5,stochastic,inheritance,inheritance,0.05
457,1420,623,0.8412543726591649,0.5,0.5,6.00218818380744,14.275352112676057,5.658105939004815,380,1,50,0.2,0.5,0.5,stochastic,inheritance,inheritance,0.05
474,1379,647,0.8470300007657042,0.5,0.5,5.879746835443038,14.432922407541698,5.687789799072643,381,1,50,0.2,0.5,0.5,stochastic,inheritance,inheritance,0.05
502,1347,651,0.8467750970781883,0.5,0.5,5.661354581673307,14.537490720118782,5.529953917050691,382,1,50,0.2,0.5,0.5,stochastic,inheritance,inheritance,0.05
532,1275,693,0.8500561028210719,0.5,0.5,5.678571428571429,14.664313725490196,5.341991341991342,383,1,50,0.2,0.5,0.5,stochastic,inheritance,inheritance,0.05
541,1237,722,0.8548355549995488,0.5,0.5,5.563770794824399,14.537590945836701,5.17590027700831,384,1,50,0.2,0.5,0.5,stochastic,inheritance,inheritance,0.05
551,1233,716,0.8548978772157055,0.5,0.5,5.5535390199637025,14.558799675587997,5.377094972067039,385,1,50,0.2,0.5,0.5,stochastic,inheritance,inheritance,0.05
560,1216,724,0.8584610449608935,0.5,0.5,5.723214285714286,14.584703947368421,5.588397790055248,386,1,50,0.2,0.5,0.5,stochastic,inheritance,inheritance,0.05
578,1196,726,0.8560964246144077,0.5,0.5,5.77681660899654,14.464046822742475,5.629476584022038,387,1,50,0.2,0.5,0.5,stochastic,inheritance,inheritance,0.05
605,1200,695,0.8487528691985347,0.5,0.5,5.509090909090909,14.423333333333334,5.905035971223022,388,1,50,0.2,0.5,0.5,stochastic,inheritance,inheritance,0.05
649,1174,677,0.8470370182432679,0.5,0.5,5.645608628659476,14.573253833049403,6.193500738552437,389,1,50,0.2,0.5,0.5,stochastic,inheritance,inheritance,0.05
648,1178,674,0.8449947228770868,0.5,0.5,5.783950617283951,14.206281833616298,6.123145400593472,390,1,50,0.2,0.5,0.5,stochastic,inheritance,inheritance,0.05
654,1163,683,0.8456393419908096,0.5,0.5,5.851681957186544,13.819432502149613,6.269399707174231,391,1,50,0.2,0.5,0.5,stochastic,inheritance,inheritance,0.05
666,1152,682,0.8472018530784962,0.5,0.5,5.912912912912913,13.70138888888889,6.19208211143695,392,1,50,0.2,0.5,0.5,stochastic,inheritance,inheritance,0.05
684,1122,694,0.8500025197590276,0.5,0.5,6.059941520467836,13.397504456327987,6.187319884726225,393,1,50,0.2,0.5,0.5,stochastic,inheritance,inheritance,0.05
700,1118,682,0.8530837867602639,0.5,0.5,6.007142857142857,12.977638640429339,6.331378299120234,394,1,50,0.2,0.5,0.5,stochastic,inheritance,inheritance,0.05
734,1116,650,0.8532602071460447,0.5,0.5,5.997275204359673,12.922939068100359,6.424615384615384,395,1,50,0.2,0.5,0.5,stochastic,inheritance,inheritance,0.05
711,1150,639,0.8537786171060138,0.5,0.5,6.094233473980309,12.398260869565217,6.453834115805947,396,1,50,0.2,0.5,0.5,stochastic,inheritance,inheritance,0.05
721,1138,641,0.8549046664742501,0.5,0.5,6.212205270457698,12.137082601054482,6.202808112324493,397,1,50,0.2,0.5,0.5,stochastic,inheritance,inheritance,0.05
711,1168,621,0.8552756712117723,0.5,0.5,6.250351617440225,11.874143835616438,6.251207729468599,398,1,50,0.2,0.5,0.5,stochastic,inheritance,inheritance,0.05
720,1182,598,0.8581181976280597,0.5,0.5,6.218055555555556,11.73434856175973,6.133779264214047,399,1,50,0.2,0.5,0.5,stochastic,inheritance,inheritance,0.05
730,1189,581,0.8536903334092928,0.5,0.5,6.095890410958904,11.384356602186712,5.97934595524957,400,1,50,0.2,0.5,0.5,stochastic,inheritance,inheritance,0.05
728,1202,570,0.8520509924479783,0.5,0.5,6.228021978021978,11.458402662229616,6.1421052631578945,401,1,50,0.2,0.5,0.5,stochastic,inheritance,inheritance,0.05
728,1218,554,0.8514487583846395,0.5,0.5,6.230769230769231,11.303776683087028,6.012635379061372,402,1,50,0.2,0.5,0.5,stochastic,inheritance,inheritance,0.05
721,1239,540,0.8497202590812933,0.5,0.5,6.343966712898752,11.343018563357546,6.0814814814814815,403,1,50,0.2,0.5,0.5,stochastic,inheritance,inheritance,0.05
712,1257,531,0.8467954866859227,0.5,0.5,6.344101123595506,11.424821002386635,6.080979284369115,404,1,50,0.2,0.5,0.5,stochastic,inheritance,inheritance,0.05
681,1278,541,0.8433799801682201,0.5,0.5,6.525697503671072,11.581377151799687,6.129390018484289,405,1,50,0.2,0.5,0.5,stochastic,inheritance,inheritance,0.05
663,1292,545,0.8426494067540271,0.5,0.5,6.607843137254902,11.634674922600619,6.08256880733945,406,1,50,0.2,0.5,0.5,stochastic,inheritance,inheritance,0.05
657,1297,546,0.842074028917111,0.5,0.5,6.649923896499239,11.76869699306091,6.058608058608058,407,1,50,0.2,0.5,0.5,stochastic,inheritance,inheritance,0.05
650,1318,532,0.8463940388380387,0.5,0.5,6.786153846153846,11.903641881638848,6.18796992481203,408,1,50,0.2,0.5,0.5,stochastic,inheritance,inheritance,0.05
629,1337,534,0.8477705060069318,0.5,0.5,6.85214626391097,11.902019446522065,6.101123595505618,409,1,50,0.2,0.5,0.5,stochastic,inheritance,inheritance,0.05
597,1344,559,0.850315636640924,0.5,0.5,7.0368509212730315,11.942708333333334,5.826475849731664,410,1,50,0.2,0.5,0.5,stochastic,inheritance,inheritance,0.05
582,1364,554,0.8514545059447846,0.5,0.5,6.943298969072165,11.918621700879765,6.081227436823105,411,1,50,0.2,0.5,0.5,stochastic,inheritance,inheritance,0.05
573,1361,566,0.8572073786200862,0.5,0.5,6.959860383944154,11.960323291697282,6.045936395759718,412,1,50,0.2,0.5,0.5,stochastic,inheritance,inheritance,0.05
571,1370,559,0.854752945344216,0.5,0.5,6.816112084063048,11.973722627737226,6.125223613595707,413,1,50,0.2,0.5,0.5,stochastic,inheritance,inheritance,0.05
575,1348,577,0.853241446134955,0.5,0.5,6.586086956521739,12.04673590504451,5.951473136915078,414,1,50,0.2,0.5,0.5,stochastic,inheritance,inheritance,0.05
576,1302,622,0.8491867359392463,0.5,0.5,6.730902777777778,12.240399385560677,5.795819935691318,415,1,50,0.2,0.5,0.5,stochastic,inheritance,inheritance,0.05
582,1287,631,0.8465560449796493,0.5,0.5,6.640893470790378,12.284382284382284,5.927099841521395,416,1,50,0.2,0.5,0.5,stochastic,inheritance,inheritance,0.05
594,1282,624,0.8432531396266191,0.5,0.5,6.429292929292929,12.440717628705148,5.94551282051282,417,1,50,0.2,0.5,0.5,stochastic,inheritance,inheritance,0.05
586,1271,643,0.8402409179059906,0.5,0.5,6.530716723549488,12.652242328874902,6.094867807153966,418,1,50,0.2,0.5,0.5,stochastic,inheritance,inheritance,0.05
581,1232,687,0.8393277631424576,0.5,0.5,6.512908777969019,12.49512987012987,5.965065502183406,419,1,50,0.2,0.5,0.5,stochastic,inheritance,inheritance,0.05
563,1210,727,0.8396553486612635,0.5,0.5,6.632326820603907,12.50413223140496,6.048143053645117,420,1,50,0.2,0.5,0.5,stochastic,inheritance,inheritance,0.05
561,1194,745,0.8394249688514812,0.5,0.5,6.609625668449198,12.586264656616416,6.3342281879194635,421,1,50,0.2,0.5,0.5,stochastic,inheritance,inheritance,0.05
561,1165,774,0.8397555469035733,0.5,0.5,6.433155080213904,12.509871244635193,6.3423772609819125,422,1,50,0.2,0.5,0.5,stochastic,inheritance,inheritance,0.05
571,1124,805,0.8386313035995312,0.5,0.5,6.409807355516637,12.443950177935942,6.380124223602484,423,1,50,0.2,0.5,0.5,stochastic,inheritance,inheritance,0.05
605,1086,809,0.8372405756910732,0.5,0.5,6.284297520661157,12.38950276243094,6.415327564894932,424,1,50,0.2,0.5,0.5,stochastic,inheritance,inheritance,0.05
614,1046,840,0.8393242556609962,0.5,0.5,6.302931596091205,12.290630975143403,6.479761904761904,425,1,50,0.2,0.5,0.5,stochastic,inheritance,inheritance,0.05
629,1019,852,0.8417162337538642,0.5,0.5,6.383147853736089,12.22963689892051,6.715962441314554,426,1,50,0.2,0.5,0.5,stochastic,inheritance,inheritance,0.05
636,1001,863,0.844001605227818,0.5,0.5,6.501572327044025,12.080919080919081,6.90034762456547,427,1,50,0.2,0.5,0.5,stochastic,inheritance,inheritance,0.05
665,975,860,0.8429817589998991,0.5,0.5,6.511278195488722,12.070769230769232,6.97093023255814,428,1,50,0.2,0.5,0.5,stochastic,inheritance,inheritance,0.05
694,948,858,0.84127520348149,0.5,0.5,6.475504322766571,11.99367088607595,6.938228438228438,429,1,50,0.2,0.5,0.5,stochastic,inheritance,inheritance,0.05
732,931,837,0.842528687172462,0.5,0.5,6.443989071038251,11.997851772287863,7.025089605734767,430,1,50,0.2,0.5,0.5,stochastic,inheritance,inheritance,0.05
788,912,800,0.8436960169682062,0.5,0.5,6.309644670050761,11.597587719298245,7.22875,431,1,50,0.2,0.5,0.5,stochastic,inheritance,inheritance,0.05
838,906,756,0.8419211005266928,0.5,0.5,6.29236276849642,11.42494481236203,7.115079365079365,432,1,50,0.2,0.5,0.5,stochastic,inheritance,inheritance,0.05
875,918,707,0.843050968962727,0.5,0.5,6.260571428571429,11.155773420479303,7.2687411598302685,433,1,50,0.2,0.5,0.5,stochastic,inheritance,inheritance,0.05
911,907,682,0.8460463885699527,0.5,0.5,6.537870472008781,11.029768467475193,7.296187683284457,434,1,50,0.2,0.5,0.5,stochastic,inheritance,inheritance,0.05
929,922,649,0.8443539403719238,0.5,0.5,6.632938643702906,10.745119305856832,7.325115562403698,435,1,50,0.2,0.5,0.5,stochastic,inheritance,inheritance,0.05
954,893,653,0.844952914474277,0.5,0.5,6.879454926624738,10.622620380739082,7.033690658499235,436,1,50,0.2,0.5,0.5,stochastic,inheritance,inheritance,0.05
961,897,642,0.8457347902430333,0.5,0.5,7.1227887617065555,10.341137123745819,6.827102803738318,437,1,50,0.2,0.5,0.5,stochastic,inheritance,inheritance,0.05
959,932,609,0.8397585684176683,0.5,0.5,7.381647549530761,9.99892703862661,6.835796387520525,438,1,50,0.2,0.5,0.5,stochastic,inheritance,inheritance,0.05
973,940,587,0.8415902084533693,0.5,0.5,7.5960945529290855,9.707446808510639,6.638841567291312,439,1,50,0.2,0.5,0.5,stochastic,inheritance,inheritance,0.05
962,968,570,0.8419827960633004,0.5,0.5,7.713097713097713,9.438016528925619,6.605263157894737,440,1,50,0.2,0.5,0.5,stochastic,inheritance,inheritance,0.05
946,1000,554,0.843780836093287,0.5,0.5,7.8160676532769555,9.283,6.563176895306859,441,1,50,0.2,0.5,0.5,stochastic,inheritance,inheritance,0.05
908,1068,524,0.8412204558749778,0.5,0.5,7.841409691629956,9.02059925093633,6.570610687022901,442,1,50,0.2,0.5,0.5,stochastic,inheritance,inheritance,0.05
878,1122,500,0.841347925928421,0.5,0.5,7.949886104783599,8.896613190730838,6.366,443,1,50,0.2,0.5,0.5,stochastic,inheritance,inheritance,0.05
841,1152,507,0.840876634767819,0.5,0.5,7.934601664684899,8.942708333333334,6.11439842209073,444,1,50,0.2,0.5,0.5,stochastic,inheritance,inheritance,0.05
808,1178,514,0.8393440318628874,0.5,0.5,7.887376237623762,8.804753820033955,5.770428015564202,445,1,50,0.2,0.5,0.5,stochastic,inheritance,inheritance,0.05
770,1226,504,0.8395823569805847,0.5,0.5,7.992207792207792,8.901305057096248,5.871031746031746,446,1,50,0.2,0.5,0.5,stochastic,inheritance,inheritance,0.05
754,1266,480,0.8368788573970649,0.5,0.5,7.905835543766578,9.040284360189574,5.920833333333333,447,1,50,0.2,0.5,0.5,stochastic,inheritance,inheritance,0.05
732,1301,467,0.8363774969777182,0.5,0.5,7.7363387978142075,9.121445042275173,5.680942184154175,448,1,50,0.2,0.5,0.5,stochastic,inheritance,inheritance,0.05
708,1345,447,0.8371194831542853,0.5,0.5,7.807909604519774,9.362081784386618,5.668903803131991,449,1,50,0.2,0.5,0.5,stochastic,inheritance,inheritance,0.05
669,1373,458,0.841835458495192,0.5,0.5,7.853512705530643,9.58339402767662,5.495633187772926,450,1,50,0.2,0.5,0.5,stochastic,inheritance,inheritance,0.05
641,1389,470,0.8429966760892542,0.5,0.5,7.703588143525741,9.858891288696904,5.376595744680851,451,1,50,0.2,0.5,0.5,stochastic,inheritance,inheritance,0.05
591,1409,500,0.8441891887833872,0.5,0.5,7.83248730964467,10.01845280340667,5.416,452,1,50,0.2,0.5,0.5,stochastic,inheritance,inheritance,0.05
583,1412,505,0.8495906020899701,0.5,0.5,7.691252144082333,10.343484419263456,5.473267326732674,453,1,50,0.2,0.5,0.5,stochastic,inheritance,inheritance,0.05
556,1407,537,0.8568562153832279,0.5,0.5,7.778776978417266,10.612651030561478,5.562383612662942,454,1,50,0.2,0.5,0.5,stochastic,inheritance,inheritance,0.05
549,1413,538,0.8616947454326259,0.5,0.5,7.881602914389799,10.904458598726114,5.657992565055762,455,1,50,0.2,0.5,0.5,stochastic,inheritance,inheritance,0.05
522,1424,554,0.8658547267765622,0.5,0.5,7.668582375478927,11.09691011235955,5.676895306859206,456,1,50,0.2,0.5,0.5,stochastic,inheritance,inheritance,0.05
504,1422,574,0.8664932698061693,0.5,0.5,7.619047619047619,11.19620253164557,5.7560975609756095,457,1,50,0.2,0.5,0.5,stochastic,inheritance,inheritance,0.05
491,1401,608,0.8727364544389983,0.5,0.5,7.45010183299389,11.457530335474662,5.756578947368421,458,1,50,0.2,0.5,0.5,stochastic,inheritance,inheritance,0.05
478,1392,630,0.8724909820626644,0.5,0.5,7.167364016736402,11.70330459770115,5.83015873015873,459,1,50,0.2,0.5,0.5,stochastic,inheritance,inheritance,0.05
469,1370,661,0.8706748861606245,0.5,0.5,7.076759061833688,11.894160583941606,5.942511346444781,460,1,50,0.2,0.5,0.5,stochastic,inheritance,inheritance,0.05
471,1318,711,0.8671489558119625,0.5,0.5,6.963906581740977,12.241274658573596,5.829817158931083,461,1,50,0.2,0.5,0.5,stochastic,inheritance,inheritance,0.05
471,1321,708,0.857924162455391,0.5,0.5,6.348195329087049,12.320968962906889,6.059322033898305,462,1,50,0.2,0.5,0.5,stochastic,inheritance,inheritance,0.05
478,1279,743,0.8528558100574354,0.5,0.5,6.186192468619247,12.418295543393276,5.979811574697174,463,1,50,0.2,0.5,0.5,stochastic,inheritance,inheritance,0.05
493,1224,783,0.8515384621214437,0.5,0.5,6.212981744421906,12.797385620915033,6.014048531289911,464,1,50,0.2,0.5,0.5,stochastic,inheritance,inheritance,0.05
529,1158,813,0.8483617397557853,0.5,0.5,5.952741020793951,13.01208981001727,5.937269372693727,465,1,50,0.2,0.5,0.5,stochastic,inheritance,inheritance,0.05
537,1138,825,0.8439688289210837,0.5,0.5,5.888268156424581,12.847100175746924,6.0218181818181815,466,1,50,0.2,0.5,0.5,stochastic,inheritance,inheritance,0.05
559,1088,853,0.8403734068446765,0.5,0.5,5.774597495527728,12.841911764705882,6.15474794841735,467,1,50,0.2,0.5,0.5,stochastic,inheritance,inheritance,0.05
570,1056,874,0.8398529857138061,0.5,0.5,5.910526315789474,12.856060606060606,6.467963386727689,468,1,50,0.2,0.5,0.5,stochastic,inheritance,inheritance,0.05
586,1021,893,0.8420770470410559,0.5,0.5,5.979522184300341,12.839373163565131,6.594624860022396,469,1,50,0.2,0.5,0.5,stochastic,inheritance,inheritance,0.05
600,993,907,0.8431683199892449,0.5,0.5,6.023333333333333,12.687814702920443,6.695700110253584,470,1,50,0.2,0.5,0.5,stochastic,inheritance,inheritance,0.05
629,965,906,0.840655024482558,0.5,0.5,6.039745627980922,12.816580310880829,7.022075055187638,471,1,50,0.2,0.5,0.5,stochastic,inheritance,inheritance,0.05
633,952,915,0.8406559475760349,0.5,0.5,6.131121642969984,12.654411764705882,7.306010928961749,472,1,50,0.2,0.5,0.5,stochastic,inheritance,inheritance,0.05
671,924,905,0.839561748015163,0.5,0.5,6.084947839046199,12.503246753246753,7.580110497237569,473,1,50,0.2,0.5,0.5,stochastic,inheritance,inheritance,0.05
717,913,870,0.8427372298583308,0.5,0.5,6.03765690376569,12.337349397590362,7.894252873563218,474,1,50,0.2,0.5,0.5,stochastic,inheritance,inheritance,0.05
723,927,850,0.8454635387692242,0.5,0.5,6.045643153526971,11.736785329018339,8.081176470588236,475,1,50,0.2,0.5,0.5,stochastic,inheritance,inheritance,0.05
764,902,834,0.8460651643472312,0.5,0.5,5.810209424083769,11.146341463414634,7.913669064748201,476,1,50,0.2,0.5,0.5,stochastic,inheritance,inheritance,0.05
795,921,784,0.8516979190241938,0.5,0.5,5.686792452830189,10.69272529858849,7.854591836734694,477,1,50,0.2,0.5,0.5,stochastic,inheritance,inheritance,0.05
798,923,779,0.8476276380005969,0.5,0.5,5.9636591478696745,10.210184182015167,7.650834403080873,478,1,50,0.2,0.5,0.5,stochastic,inheritance,inheritance,0.05
848,929,723,0.8476805249058248,0.5,0.5,6.002358490566038,10.04951560818084,7.616874135546334,479,1,50,0.2,0.5,0.5,stochastic,inheritance,inheritance,0.05
862,950,688,0.851066224559579,0.5,0.5,6.1705336426914155,9.797894736842105,7.640988372093023,480,1,50,0.2,0.5,0.5,stochastic,inheritance,inheritance,0.05
852,987,661,0.8536506007386283,0.5,0.5,6.30868544600939,9.410334346504559,7.526475037821482,481,1,50,0.2,0.5,0.5,stochastic,inheritance,inheritance,0.05
867,1019,614,0.8579644986433738,0.5,0.5,6.313725490196078,9.225711481844947,7.545602605863192,482,1,50,0.2,0.5,0.5,stochastic,inheritance,inheritance,0.05
861,1044,595,0.8585141673537326,0.5,0.5,6.464576074332172,8.937739463601533,7.176470588235294,483,1,50,0.2,0.5,0.5,stochastic,inheritance,inheritance,0.05
852,1064,584,0.8608623414212284,0.5,0.5,6.666666666666667,8.694548872180452,6.910958904109589,484,1,50,0.2,0.5,0.5,stochastic,inheritance,inheritance,0.05
841,1087,572,0.860011823258744,0.5,0.5,6.86563614744352,8.757129714811407,6.868881118881119,485,1,50,0.2,0.5,0.5,stochastic,inheritance,inheritance,0.05
832,1145,523,0.859282197761197,0.5,0.5,6.923076923076923,8.731004366812227,6.768642447418738,486,1,50,0.2,0.5,0.5,stochastic,inheritance,inheritance,0.05
811,1194,495,0.86134016699252,0.5,0.5,7.013563501849569,8.865996649916248,6.7696969696969695,487,1,50,0.2,0.5,0.5,stochastic,inheritance,inheritance,0.05
815,1238,447,0.8629048990387124,0.5,0.5,6.953374233128835,9.103392568659128,6.355704697986577,488,1,50,0.2,0.5,0.5,stochastic,inheritance,inheritance,0.05
790,1261,449,0.8634672256021031,0.5,0.5,7.067088607594937,9.254559873116575,6.080178173719377,489,1,50,0.2,0.5,0.5,stochastic,inheritance,inheritance,0.05
775,1288,437,0.8628313565361286,0.5,0.5,7.153548387096774,9.593944099378882,5.993135011441647,490,1,50,0.2,0.5,0.5,stochastic,inheritance,inheritance,0.05
724,1330,446,0.8586475495089482,0.5,0.5,7.349447513812155,9.734586466165414,5.87219730941704,491,1,50,0.2,0.5,0.5,stochastic,inheritance,inheritance,0.05
703,1320,477,0.8609443350080613,0.5,0.5,7.577524893314367,10.068939393939393,5.6079664570230605,492,1,50,0.2,0.5,0.5,stochastic,inheritance,inheritance,0.05
686,1311,503,0.8620038142029518,0.5,0.5,7.664723032069971,10.29214340198322,5.5168986083499005,493,1,50,0.2,0.5,0.5,stochastic,inheritance,inheritance,0.05
656,1328,516,0.8593912340901694,0.5,0.5,7.557926829268292,10.294427710843374,5.474806201550388,494,1,50,0.2,0.5,0.5,stochastic,inheritance,inheritance,0.05
622,1345,533,0.8638042334252464,0.5,0.5,7.538585209003215,10.442379182156134,5.523452157598499,495,1,50,0.2,0.5,0.5,stochastic,inheritance,inheritance,0.05
588,1342,570,0.8630076321747701,0.5,0.5,7.707482993197279,10.538002980625931,5.352631578947369,496,1,50,0.2,0.5,0.5,stochastic,inheritance,inheritance,0.05
573,1344,583,0.8611728082279216,0.5,0.5,7.631762652705061,10.838541666666666,5.521440823327616,497,1,50,0.2,0.5,0.5,stochastic,inheritance,inheritance,0.05
539,1336,625,0.8619780999827193,0.5,0.5,7.584415584415584,10.97679640718563,5.608,498,1,50,0.2,0.5,0.5,stochastic,inheritance,inheritance,0.05
532,1331,637,0.8607767469478622,0.5,0.5,7.426691729323308,11.235912847483096,5.8979591836734695,499,1,50,0.2,0.5,0.5,stochastic,inheritance,inheritance,0.05
804,847,849,0.2,0.5,0.5,0.0,0.0,0.0,0,2,50,0.2,0.5,0.5,stochastic,inheritance,inheritance,0.05
730,821,949,0.2006686441169573,0.5,0.5,1.0,1.0,1.0,1,2,50,0.2,0.5,0.5,stochastic,inheritance,inheritance,0.05
676,795,1029,0.19988702842612813,0.5,0.5,1.9171597633136095,1.8679245283018868,1.8658892128279883,2,2,50,0.2,0.5,0.5,stochastic,inheritance,inheritance,0.05
625,761,1114,0.20078770936097098,0.5,0.5,2.7728,2.621550591327201,2.6337522441651706,3,2,50,0.2,0.5,0.5,stochastic,inheritance,inheritance,0.05
593,703,1204,0.20130530194176766,0.5,0.5,3.532883642495784,3.3357041251778092,3.3372093023255816,4,2,50,0.2,0.5,0.5,stochastic,inheritance,inheritance,0.05
584,636,1280,0.20209257587296914,0.5,0.5,4.207191780821918,4.0251572327044025,3.99921875,5,2,50,0.2,0.5,0.5,stochastic,inheritance,inheritance,0.05
575,538,1387,0.20222399943717362,0.5,0.5,4.88,4.654275092936803,4.582552271088681,6,2,50,0.2,0.5,0.5,stochastic,inheritance,inheritance,0.05
587,467,1446,0.20220541915373683,0.5,0.5,5.378194207836456,5.149892933618844,5.183264177040111,7,2,50,0.2,0.5,0.5,stochastic,inheritance,inheritance,0.05
615,393,1492,0.2023749627554175,0.5,0.5,5.808130081300813,5.681933842239186,5.8123324396782845,8,2,50,0.2,0.5,0.5,stochastic,inheritance,inheritance,0.05
633,316,1551,0.2021038771145969,0.5,0.5,6.279620853080568,6.003164556962025,6.370083816892327,9,2,50,0.2,0.5,0.5,stochastic,inheritance,inheritance,0.05
662,280,1558,0.20480107658167485,0.5,0.5,6.729607250755287,6.45,7.101412066752246,10,2,50,0.2,0.5,0.5,stochastic,inheritance,inheritance,0.05
686,257,1557,0.205189438586984,0.5,0.5,7.284256559766764,6.809338521400778,7.886962106615286,11,2,50,0.2,0.5,0.5,stochastic,inheritance,inheritance,0.05
727,219,1554,0.20598395341274067,0.5,0.5,7.628610729023384,7.228310502283105,8.533462033462033,12,2,50,0.2,0.5,0.5,stochastic,inheritance,inheritance,0.05
780,204,1516,0.20794967177274817,0.5,0.5,7.802564102564102,7.181372549019608,9.263192612137203,13,2,50,0.2,0.5,0.5,stochastic,inheritance,inheritance,0.05
829,185,1486,0.20867282939730913,0.5,0.5,8.103739445114597,7.0864864864864865,9.992597577388963,14,2,50,0.2,0.5,0.5,stochastic,inheritance,inheritance,0.05
885,163,1452,0.2106931233345537,0.5,0.5,8.36497175141243,7.276073619631902,10.671487603305785,15,2,50,0.2,0.5,0.5,stochastic,inheritance,inheritance,0.05
925,157,1418,0.21236297931781037,0.5,0.5,8.655135135135135,6.547770700636943,11.393511988716503,16,2,50,0.2,0.5,0.5,stochastic,inheritance,inheritance,0.05
964,157,1379,0.21488197189875308,0.5,0.5,9.08402489626556,6.369426751592357,12.145032632342277,17,2,50,0.2,0.5,0.5,stochastic,inheritance,inheritance,0.05
1015,138,1347,0.21646890205050598,0.5,0.5,9.369458128078819,5.942028985507246,12.734966592427616,18,2,50,0.2,0.5,0.5,stochastic,inheritance,inheritance,0.05
1058,136,1306,0.21731283606274823,0.5,0.5,9.7117202268431,5.536764705882353,13.382848392036754,19,2,50,0.2,0.5,0.5,stochastic,inheritance,inheritance,0.05
1098,139,1263,0.2193681181462707,0.5,0.5,10.05464480874317,4.9640287769784175,14.068091844813935,20,2,50,0.2,0.5,0.5,stochastic,inheritance,inheritance,0.05
1169,132,1199,0.22165837248126527,0.5,0.5,10.289991445680068,5.143939393939394,14.788156797331109,21,2,50,0.2,0.5,0.5,stochastic,inheritance,inheritance,0.05
1228,139,1133,0.22223004650118114,0.5,0.5,10.55700325732899,5.366906474820144,15.550750220653134,22,2,50,0.2,0.5,0.5,stochastic,inheritance,inheritance,0.05
1313,135,1052,0.22625810658330714,0.5,0.5,10.773800456968774,5.325925925925926,16.283269961977187,23,2,50,0.2,0.5,0.5,stochastic,inheritance,inheritance,0.05
1396,144,960,0.22970699518662846,0.5,0.5,10.928366762177651,5.375,16.961458333333333,24,2,50,0.2,0.5,0.5,stochastic,inheritance,inheritance,0.05
1445,141,914,0.23407952306271348,0.5,0.5,11.357785467128029,5.49645390070922,17.405908096280086,25,2,50,0.2,0.5,0.5,stochastic,inheritance,inheritance,0.05
1503,151,846,0.2373830344211569,0.5,0.5,11.709248170326015,5.509933774834437,18.044917257683217,26,2,50,0.2,0.5,0.5,stochastic,inheritance,inheritance,0.05
1556,166,778,0.2391634268351753,0.5,0.5,12.111825192802057,5.5843373493975905,18.77763496143959,27,2,50,0.2,0.5,0.5,stochastic,inheritance,inheritance,0.05
1598,175,727,0.24161571639013224,0.5,0.5,12.483729662077597,5.285714285714286,19.024759284731775,28,2,50,0.2,0.5,0.5,stochastic,inheritance,inheritance,0.05
1641,178,681,0.24343583460371138,0.5,0.5,12.887263863497868,5.106741573033708,19.05286343612335,29,2,50,0.2,0.5,0.5,stochastic,inheritance,inheritance,0.05
1672,186,642,0.24524834680695506,0.5,0.5,13.361244019138756,5.112903225806452,19.1588785046729,30,2,50,0.2,0.5,0.5,stochastic,inheritance,inheritance,0.05
1707,205,588,0.24700027518592296,0.5,0.5,13.785588752196837,5.2682926829268295,19.57482993197279,31,2,50,0.2,0.5,0.5,stochastic,inheritance,inheritance,0.05
1707,234,559,0.247205501471945,0.5,0.5,14.363796133567662,5.1752136752136755,19.871198568872988,32,2,50,0.2,0.5,0.5,stochastic,inheritance,inheritance,0.05
1730,250,520,0.24751058493780412,0.5,0.5,14.77514450867052,5.16,19.736538461538462,33,2,50,0.2,0.5,0.5,stochastic,inheritance,inheritance,0.05
1724,276,500,0.2474008416728068,0.5,0.5,15.375870069605568,4.931159420289855,19.3,34,2,50,0.2,0.5,0.5,stochastic,inheritance,inheritance,0.05
1718,304,478,0.24836310070763412,0.5,0.5,15.89988358556461,5.003289473684211,19.36192468619247,35,2,50,0.2,0.5,0.5,stochastic,inheritance,inheritance,0.05
1685,359,456,0.24936945351408304,0.5,0.5,16.465281899109794,5.0,19.278508771929825,36,2,50,0.2,0.5,0.5,stochastic,inheritance,inheritance,0.05
1666,401,433,0.24940257177778383,0.5,0.5,16.948379351740698,5.077306733167083,18.963048498845264,37,2,50,0.2,0.5,0.5,stochastic,inheritance,inheritance,0.05
1644,427,429,0.24920289778629212,0.5,0.5,17.580291970802918,5.327868852459017,18.48018648018648,38,2,50,0.2,0.5,0.5,stochastic,inheritance,inheritance,0.05
1611,464,425,0.25086292047232217,0.5,0.5,18.248292985723154,5.549568965517241,18.002352941176472,39,2,50,0.2,0.5,0.5,stochastic,inheritance,inheritance,0.05
1579,502,419,0.25193057087158355,0.5,0.5,18.715009499683344,5.705179282868526,17.0763723150358,40,2,50,0.2,0.5,0.5,stochastic,inheritance,inheritance,0.05
1551,516,433,0.2520636235488722,0.5,0.5,19.330754352030947,6.094961240310077,16.0,41,2,50,0.2,0.5,0.5,stochastic,inheritance,inheritance,0.05
1499,549,452,0.2521506162983192,0.5,0.5,19.961307538358906,6.1530054644808745,14.889380530973451,42,2,50,0.2,0.5,0.5,stochastic,inheritance,inheritance,0.05
1454,577,469,0.25327471141540003,0.5,0.5,20.58321870701513,6.299826689774696,14.063965884861407,43,2,50,0.2,0.5,0.5,stochastic,inheritance,inheritance,0.05
1404,630,466,0.2535268608899188,0.5,0.5,21.177350427350426,6.433333333333334,13.972103004291846,44,2,50,0.2,0.5,0.5,stochastic,inheritance,inheritance,0.05
1365,660,475,0.25377942482173554,0.5,0.5,21.60805860805861,6.566666666666666,13.353684210526316,45,2,50,0.2,0.5,0.5,stochastic,inheritance,inheritance,0.05
1315,698,487,0.25499484845885734,0.5,0.5,22.086692015209124,6.82378223495702,13.215605749486652,46,2,50,0.2,0.5,0.5,stochastic,inheritance,inheritance,0.05
1236,763,501,0.256691585995504,0.5,0.5,22.45064724919094,6.775884665792923,12.768463073852296,47,2,50,0.2,0.5,0.5,stochastic,inheritance,inheritance,0.05
1166,821,513,0.25735776039620367,0.5,0.5,23.00171526586621,6.890377588306943,12.538011695906432,48,2,50,0.2,0.5,0.5,stochastic,inheritance,inheritance,0.05
1099,853,548,0.2586068222587327,0.5,0.5,23.48043676069154,7.001172332942556,11.998175182481752,49,2,50,0.2,0.5,0.5,stochastic,inheritance,inheritance,0.05
1019,898,583,0.2592427115129493,0.5,0.5,24.057899901864573,7.044543429844098,11.564322469982848,50,2,50,0.2,0.5,0.5,stochastic,inheritance,inheritance,0.05
938,938,624,0.26091595697890796,0.5,0.5,24.429637526652453,7.054371002132196,11.375,51,2,50,0.2,0.5,0.5,stochastic,inheritance,inheritance,0.05
876,945,679,0.2602622023668809,0.5,0.5,24.64269406392694,7.2253968253968255,10.650957290132547,52,2,50,0.2,0.5,0.5,stochastic,inheritance,inheritance,0.05
805,972,723,0.26336646971595457,0.5,0.5,24.71552795031056,7.3940329218107,10.607192254495159,53,2,50,0.2,0.5,0.5,stochastic,inheritance,inheritance,0.05
766,986,748,0.26767389673066483,0.5,0.5,24.45822454308094,7.66632860040568,10.580213903743315,54,2,50,0.2,0.5,0.5,stochastic,inheritance,inheritance,0.05
731,995,774,0.2732160823907878,0.5,0.5,23.867305061559506,8.033165829145728,10.589147286821705,55,2,50,0.2,0.5,0.5,stochastic,inheritance,inheritance,0.05
682,1000,818,0.27972296486635717,0.5,0.5,23.34017595307918,8.327,10.599022004889976,56,2,50,0.2,0.5,0.5,stochastic,inheritance,inheritance,0.05
632,1008,860,0.28341853780261983,0.5,0.5,22.23892405063291,8.633928571428571,10.526744186046512,57,2,50,0.2,0.5,0.5,stochastic,inheritance,inheritance,0.05
611,991,898,0.29403051803628233,0.5,0.5,21.0,9.041372351160444,10.32293986636971,58,2,50,0.2,0.5,0.5,stochastic,inheritance,inheritance,0.05
582,1006,912,0.3056747240029332,0.5,0.5,19.175257731958762,9.335984095427435,10.328947368421053,59,2,50,0.2,0.5,0.5,stochastic,inheritance,inheritance,0.05
552,989,959,0.31941165129114946,0.5,0.5,17.382246376811594,9.632962588473205,10.282586027111575,60,2,50,0.2,0.5,0.5,stochastic,inheritance,inheritance,0.05
536,963,1001,0.3248714274311722,0.5,0.5,16.404850746268657,10.11318795430945,10.413586413586414,61,2,50,0.2,0.5,0.5,stochastic,inheritance,inheritance,0.05
521,964,1015,0.328662517904659,0.5,0.5,15.199616122840691,10.531120331950207,10.787192118226601,62,2,50,0.2,0.5,0.5,stochastic,inheritance,inheritance,0.05
534,938,1028,0.3448587870989644,0.5,0.5,14.063670411985019,10.960554371002132,10.930933852140077,63,2,50,0.2,0.5,0.5,stochastic,inheritance,inheritance,0.05
540,884,1076,0.3520124856121555,0.5,0.5,13.372222222222222,11.546380090497738,10.902416356877323,64,2,50,0.2,0.5,0.5,stochastic,inheritance,inheritance,0.05
565,838,1097,0.36538183692351545,0.5,0.5,12.546902654867257,12.174224343675418,10.95806745670009,65,2,50,0.2,0.5,0.5,stochastic,inheritance,inheritance,0.05
579,806,1115,0.3661776453810486,0.5,0.5,11.69775474956822,12.471464019851117,11.01883408071749,66,2,50,0.2,0.5,0.5,stochastic,inheritance,inheritance,0.05
598,777,1125,0.38204066841640055,0.5,0.5,11.02675585284281,12.666666666666666,11.212444444444445,67,2,50,0.2,0.5,0.5,stochastic,inheritance,inheritance,0.05
617,742,1141,0.3913507771109078,0.5,0.5,10.294975688816855,12.828840970350404,11.272567922874671,68,2,50,0.2,0.5,0.5,stochastic,inheritance,inheritance,0.05
654,693,1153,0.40195618564367147,0.5,0.5,10.136085626911315,13.128427128427129,11.279271465741544,69,2,50,0.2,0.5,0.5,stochastic,inheritance,inheritance,0.05
677,635,1188,0.40425331726155467,0.5,0.5,10.131462333825702,13.270866141732283,11.179292929292929,70,2,50,0.2,0.5,0.5,stochastic,inheritance,inheritance,0.05
724,593,1183,0.4164155705679015,0.5,0.5,9.959944751381215,13.568296795952783,11.28909551986475,71,2,50,0.2,0.5,0.5,stochastic,inheritance,inheritance,0.05
759,563,1178,0.4195640899247309,0.5,0.5,10.10935441370224,13.621669626998223,11.53056027164686,72,2,50,0.2,0.5,0.5,stochastic,inheritance,inheritance,0.05
770,533,1197,0.4214575338199844,0.5,0.5,10.381818181818181,13.01500938086304,11.680033416875522,73,2,50,0.2,0.5,0.5,stochastic,inheritance,inheritance,0.05
799,509,1192,0.41875804575492215,0.5,0.5,10.544430538172715,12.68565815324165,11.663590604026846,74,2,50,0.2,0.5,0.5,stochastic,inheritance,inheritance,0.05
835,503,1162,0.41483347962726747,0.5,0.5,10.479041916167665,12.320079522862823,11.949225473321858,75,2,50,0.2,0.5,0.5,stochastic,inheritance,inheritance,0.05
876,476,1148,0.4130262864951823,0.5,0.5,10.648401826484019,12.321428571428571,12.114982578397212,76,2,50,0.2,0.5,0.5,stochastic,inheritance,inheritance,0.05
925,464,1111,0.4180660329255814,0.5,0.5,10.566486486486486,11.907327586206897,12.408640864086408,77,2,50,0.2,0.5,0.5,stochastic,inheritance,inheritance,0.05
938,471,1091,0.419357595287951,0.5,0.5,10.849680170575693,11.38004246284501,12.846012832263979,78,2,50,0.2,0.5,0.5,stochastic,inheritance,inheritance,0.05
936,485,1079,0.41842545574761686,0.5,0.5,11.209401709401709,10.612371134020618,13.174235403151066,79,2,50,0.2,0.5,0.5,stochastic,inheritance,inheritance,0.05
946,471,1083,0.41730985712135,0.5,0.5,11.413319238900634,9.902335456475583,13.277008310249307,80,2,50,0.2,0.5,0.5,stochastic,inheritance,inheritance,0.05
962,475,1063,0.41273552472522634,0.5,0.5,11.638253638253639,9.498947368421053,13.45343367826905,81,2,50,0.2,0.5,0.5,stochastic,inheritance,inheritance,0.05
960,495,1045,0.4123552490592091,0.5,0.5,11.839583333333334,8.937373737373738,13.909090909090908,82,2,50,0.2,0.5,0.5,stochastic,inheritance,inheritance,0.05
962,493,1045,0.4181458532976547,0.5,0.5,12.03950103950104,8.54158215010142,14.15023923444976,83,2,50,0.2,0.5,0.5,stochastic,inheritance,inheritance,0.05
964,503,1033,0.41942052464963997,0.5,0.5,12.266597510373444,8.3558648111332,14.364956437560503,84,2,50,0.2,0.5,0.5,stochastic,inheritance,inheritance,0.05
961,514,1025,0.4260129272064676,0.5,0.5,12.299687825182103,7.682879377431907,14.61560975609756,85,2,50,0.2,0.5,0.5,stochastic,inheritance,inheritance,0.05
978,530,992,0.4338616709878417,0.5,0.5,12.221881390593047,7.450943396226415,14.90524193548387,86,2,50,0.2,0.5,0.5,stochastic,inheritance,inheritance,0.05
960,572,968,0.4368618752963756,0.5,0.5,12.392708333333333,7.218531468531468,15.176652892561984,87,2,50,0.2,0.5,0.5,stochastic,inheritance,inheritance,0.05
984,602,914,0.4506614433057601,0.5,0.5,11.950203252032521,7.09468438538206,15.439824945295404,88,2,50,0.2,0.5,0.5,stochastic,inheritance,inheritance,0.05
997,612,891,0.45924065925680624,0.5,0.5,11.968906720160481,7.261437908496732,15.595959595959595,89,2,50,0.2,0.5,0.5,stochastic,inheritance,inheritance,0.05
999,636,865,0.4612708591250824,0.5,0.5,11.966966966966966,7.3757861635220126,15.741040462427746,90,2,50,0.2,0.5,0.5,stochastic,inheritance,inheritance,0.05
1020,657,823,0.4726649181210038,0.5,0.5,11.78921568627451,7.34703196347032,15.776427703523694,91,2,50,0.2,0.5,0.5,stochastic,inheritance,inheritance,0.05
1038,678,784,0.48286693527428753,0.5,0.5,11.501926782273603,7.433628318584071,15.73469387755102,92,2,50,0.2,0.5,0.5,stochastic,inheritance,inheritance,0.05
1034,699,767,0.49164314468868986,0.5,0.5,11.735009671179885,7.5522174535050075,15.68057366362451,93,2,50,0.2,0.5,0.5,stochastic,inheritance,inheritance,0.05
1025,736,739,0.4959638933138364,0.5,0.5,11.779512195121951,7.599184782608695,15.543978349120433,94,2,50,0.2,0.5,0.5,stochastic,inheritance,inheritance,0.05
995,768,737,0.5028100362928216,0.5,0.5,11.977889447236182,7.697916666666667,15.398914518317504,95,2,50,0.2,0.5,0.5,stochastic,inheritance,inheritance,0.05
984,804,712,0.5080706003354585,0.5,0.5,11.690040650406504,7.791044776119403,15.40308988764045,96,2,50,0.2,0.5,0.5,stochastic,inheritance,inheritance,0.05
966,829,705,0.509419863758701,0.5,0.5,11.878881987577639,7.979493365500603,14.859574468085107,97,2,50,0.2,0.5,0.5,stochastic,inheritance,inheritance,0.05
938,855,707,0.5126908904349021,0.5,0.5,11.705756929637527,8.012865497076023,14.558698727015559,98,2,50,0.2,0.5,0.5,stochastic,inheritance,inheritance,0.05
916,871,713,0.5206897983744582,0.5,0.5,11.7882096069869,8.173363949483353,14.064516129032258,99,2,50,0.2,0.5,0.5,stochastic,inheritance,inheritance,0.05
909,852,739,0.5239275348639855,0.5,0.5,11.951595159515952,8.47300469483568,13.556156968876861,100,2,50,0.2,0.5,0.5,stochastic,inheritance,inheritance,0.05
880,849,771,0.5304077495289586,0.5,0.5,11.993181818181819,8.767962308598351,13.232166018158235,101,2,50,0.2,0.5,0.5,stochastic,inheritance,inheritance,0.05
891,833,776,0.5353488070739723,0.5,0.5,11.969696969696969,9.07563025210084,12.690721649484535,102,2,50,0.2,0.5,0.5,stochastic,inheritance,inheritance,0.05
880,836,784,0.5370547384436598,0.5,0.5,12.182954545454546,9.326555023923445,12.118622448979592,103,2,50,0.2,0.5,0.5,stochastic,inheritance,inheritance,0.05
874,838,788,0.5389339600485447,0.5,0.5,12.0,9.404534606205251,11.871827411167512,104,2,50,0.2,0.5,0.5,stochastic,inheritance,inheritance,0.05
874,821,805,0.5424341587117012,0.5,0.5,11.852402745995423,9.40925700365408,11.02360248447205,105,2,50,0.2,0.5,0.5,stochastic,inheritance,inheritance,0.05
885,816,799,0.5463728468651597,0.5,0.5,11.658757062146893,9.696078431372548,10.747183979974968,106,2,50,0.2,0.5,0.5,stochastic,inheritance,inheritance,0.05
894,785,821,0.5517927953379893,0.5,0.5,11.741610738255034,9.738853503184714,10.293544457978076,107,2,50,0.2,0.5,0.5,stochastic,inheritance,inheritance,0.05
901,769,830,0.5563722708716661,0.5,0.5,11.451720310765817,9.652795838751626,9.897590361445783,108,2,50,0.2,0.5,0.5,stochastic,inheritance,inheritance,0.05
921,746,833,0.5654821818725387,0.5,0.5,11.286644951140065,9.67426273458445,9.42376950780312,109,2,50,0.2,0.5,0.5,stochastic,inheritance,inheritance,0.05
912,748,840,0.5687589807726939,0.5,0.5,11.304824561403509,9.487967914438503,9.457142857142857,110,2,50,0.2,0.5,0.5,stochastic,inheritance,inheritance,0.05
900,757,843,0.5757705060497103,0.5,0.5,11.076666666666666,9.299867899603699,9.519572953736654,111,2,50,0.2,0.5,0.5,stochastic,inheritance,inheritance,0.05
881,773,846,0.580287592288674,0.5,0.5,10.940976163450625,9.059508408796896,9.599290780141844,112,2,50,0.2,0.5,0.5,stochastic,inheritance,inheritance,0.05
882,777,841,0.5786206798220564,0.5,0.5,10.798185941043084,9.077220077220078,9.468489892984541,113,2,50,0.2,0.5,0.5,stochastic,inheritance,inheritance,0.05
861,797,842,0.5830169584745757,0.5,0.5,10.7061556329849,9.023839397741531,9.616389548693586,114,2,50,0.2,0.5,0.5,stochastic,inheritance,inheritance,0.05
835,807,858,0.5838351227882204,0.5,0.5,10.779640718562874,8.924411400247832,9.734265734265735,115,2,50,0.2,0.5,0.5,stochastic,inheritance,inheritance,0.05
841,803,856,0.584395167771987,0.5,0.5,10.707491082045184,8.887920298879203,9.714953271028037,116,2,50,0.2,0.5,0.5,stochastic,inheritance,inheritance,0.05
867,807,826,0.5849879684522588,0.5,0.5,10.539792387543253,9.075588599752168,9.761501210653753,117,2,50,0.2,0.5,0.5,stochastic,inheritance,inheritance,0.05
871,794,835,0.5850102659855687,0.5,0.5,10.507462686567164,9.161209068010075,9.740119760479041,118,2,50,0.2,0.5,0.5,stochastic,inheritance,inheritance,0.05
868,812,820,0.5890997555560844,0.5,0.5,10.290322580645162,8.976600985221674,9.803658536585365,119,2,50,0.2,0.5,0.5,stochastic,inheritance,inheritance,0.05
852,844,804,0.590011422391808,0.5,0.5,10.221830985915492,8.798578199052132,9.850746268656716,120,2,50,0.2,0.5,0.5,stochastic,inheritance,inheritance,0.05
867,848,785,0.6016828668873093,0.5,0.5,10.081891580161477,8.929245283018869,9.8,121,2,50,0.2,0.5,0.5,stochastic,inheritance,inheritance,0.05
871,852,777,0.6037868412694974,0.5,0.5,9.715269804822043,8.827464788732394,9.637065637065637,122,2,50,0.2,0.5,0.5,stochastic,inheritance,inheritance,0.05
863,873,764,0.5983541038668547,0.5,0.5,9.544611819235225,8.930126002290951,9.651832460732985,123,2,50,0.2,0.5,0.5,stochastic,inheritance,inheritance,0.05
865,878,757,0.6046360554254974,0.5,0.5,9.438150289017342,9.0,9.660501981505945,124,2,50,0.2,0.5,0.5,stochastic,inheritance,inheritance,0.05
847,876,777,0.6031035403691969,0.5,0.5,9.44391971664699,9.100456621004566,9.465894465894467,125,2,50,0.2,0.5,0.5,stochastic,inheritance,inheritance,0.05
856,865,779,0.608095039495919,0.5,0.5,9.54088785046729,9.164161849710982,9.545571245186135,126,2,50,0.2,0.5,0.5,stochastic,inheritance,inheritance,0.05
881,859,760,0.6094256647252811,0.5,0.5,9.377979568671964,9.28987194412107,9.465789473684211,127,2,50,0.2,0.5,0.5,stochastic,inheritance,inheritance,0.05
911,864,725,0.613774865095575,0.5,0.5,9.302963776070252,9.351851851851851,9.362758620689656,128,2,50,0.2,0.5,0.5,stochastic,inheritance,inheritance,0.05
911,868,721,0.6146802160313541,0.5,0.5,9.342480790340286,9.203917050691244,9.145631067961165,129,2,50,0.2,0.5,0.5,stochastic,inheritance,inheritance,0.05
894,903,703,0.6195553294236507,0.5,0.5,9.329977628635346,9.131782945736434,9.275960170697013,130,2,50,0.2,0.5,0.5,stochastic,inheritance,inheritance,0.05
897,903,700,0.6267320490461742,0.5,0.5,9.217391304347826,8.967884828349945,8.867142857142857,131,2,50,0.2,0.5,0.5,stochastic,inheritance,inheritance,0.05
922,906,672,0.6284105639274993,0.5,0.5,9.246203904555314,9.045253863134658,8.897321428571429,132,2,50,0.2,0.5,0.5,stochastic,inheritance,inheritance,0.05
900,924,676,0.6259901970246513,0.5,0.5,9.46111111111111,8.94047619047619,8.766272189349113,133,2,50,0.2,0.5,0.5,stochastic,inheritance,inheritance,0.05
904,930,666,0.6253071374379281,0.5,0.5,9.627212389380531,9.108602150537635,8.764264264264265,134,2,50,0.2,0.5,0.5,stochastic,inheritance,inheritance,0.05
892,941,667,0.6249201874575148,0.5,0.5,9.737668161434977,9.009564293304996,8.48575712143928,135,2,50,0.2,0.5,0.5,stochastic,inheritance,inheritance,0.05
899,940,661,0.6295125548831692,0.5,0.5,9.85428253615128,9.23936170212766,8.485627836611195,136,2,50,0.2,0.5,0.5,stochastic,inheritance,inheritance,0.05
887,963,650,0.6371082563804341,0.5,0.5,9.801578354002254,9.29698857736241,8.595384615384615,137,2,50,0.2,0.5,0.5,stochastic,inheritance,inheritance,0.05
866,971,663,0.6382902683593291,0.5,0.5,10.006928406466512,9.215242018537591,8.628959276018099,138,2,50,0.2,0.5,0.5,stochastic,inheritance,inheritance,0.05
866,975,659,0.6470552853956297,0.5,0.5,10.017321016166282,9.41128205128205,8.541729893778452,139,2,50,0.2,0.5,0.5,stochastic,inheritance,inheritance,0.05
864,993,643,0.646163101960199,0.5,0.5,9.987268518518519,9.41188318227593,8.48367029548989,140,2,50,0.2,0.5,0.5,stochastic,inheritance,inheritance,0.05
827,1033,640,0.644927377328747,0.5,0.5,10.022974607013301,9.374636979670862,8.3984375,141,2,50,0.2,0.5,0.5,stochastic,inheritance,inheritance,0.05
765,1072,663,0.6461878663732878,0.5,0.5,10.320261437908497,9.317164179104477,8.36500754147813,142,2,50,0.2,0.5,0.5,stochastic,inheritance,inheritance,0.05
731,1093,676,0.6459974528191347,0.5,0.5,10.388508891928865,9.253430924062213,8.252958579881657,143,2,50,0.2,0.5,0.5,stochastic,inheritance,inheritance,0.05
688,1112,700,0.6475489701181096,0.5,0.5,10.021802325581396,9.113309352517986,8.045714285714286,144,2,50,0.2,0.5,0.5,stochastic,inheritance,inheritance,0.05
661,1116,723,0.6539303375440514,0.5,0.5,9.757942511346444,9.128136200716845,7.871369294605809,145,2,50,0.2,0.5,0.5,stochastic,inheritance,inheritance,0.05
635,1105,760,0.66112596537236,0.5,0.5,9.628346456692913,9.324886877828055,7.765789473684211,146,2,50,0.2,0.5,0.5,stochastic,inheritance,inheritance,0.05
600,1088,812,0.6647587239531386,0.5,0.5,9.581666666666667,9.515625,7.801724137931035,147,2,50,0.2,0.5,0.5,stochastic,inheritance,inheritance,0.05
591,1108,801,0.6647469812594354,0.5,0.5,8.851099830795262,9.534296028880867,7.913857677902621,148,2,50,0.2,0.5,0.5,stochastic,inheritance,inheritance,0.05
583,1110,807,0.676715041194484,0.5,0.5,8.252144082332762,9.733333333333333,8.079306071871128,149,2,50,0.2,0.5,0.5,stochastic,inheritance,inheritance,0.05
608,1087,805,0.6787230033695304,0.5,0.5,7.5625,9.973321067157313,7.939130434782609,150,2,50,0.2,0.5,0.5,stochastic,inheritance,inheritance,0.05
645,1062,793,0.6853101885981414,0.5,0.5,7.303875968992248,10.293785310734464,7.799495586380832,151,2,50,0.2,0.5,0.5,stochastic,inheritance,inheritance,0.05
682,1036,782,0.6950671079965468,0.5,0.5,7.038123167155425,10.533783783783784,7.686700767263427,152,2,50,0.2,0.5,0.5,stochastic,inheritance,inheritance,0.05
708,1022,770,0.6979350429146619,0.5,0.5,6.772598870056497,10.603718199608611,7.52987012987013,153,2,50,0.2,0.5,0.5,stochastic,inheritance,inheritance,0.05
718,1013,769,0.7028165930471533,0.5,0.5,6.740947075208914,10.727541954590325,7.547464239271782,154,2,50,0.2,0.5,0.5,stochastic,inheritance,inheritance,0.05
731,979,790,0.7029054018050005,0.5,0.5,6.8153214774281805,10.820224719101123,7.292405063291139,155,2,50,0.2,0.5,0.5,stochastic,inheritance,inheritance,0.05
744,955,801,0.6975678964314153,0.5,0.5,6.96505376344086,10.819895287958115,7.224719101123595,156,2,50,0.2,0.5,0.5,stochastic,inheritance,inheritance,0.05
758,928,814,0.693668383071415,0.5,0.5,7.093667546174142,10.734913793103448,7.226044226044226,157,2,50,0.2,0.5,0.5,stochastic,inheritance,inheritance,0.05
757,890,853,0.6907304061848709,0.5,0.5,7.387054161162483,10.5,7.172332942555686,158,2,50,0.2,0.5,0.5,stochastic,inheritance,inheritance,0.05
760,892,848,0.6898906227173525,0.5,0.5,7.380263157894737,10.276905829596412,7.390330188679245,159,2,50,0.2,0.5,0.5,stochastic,inheritance,inheritance,0.05
763,871,866,0.6902725687045402,0.5,0.5,7.571428571428571,9.951779563719862,7.513856812933025,160,2,50,0.2,0.5,0.5,stochastic,inheritance,inheritance,0.05
786,874,840,0.6965085548350965,0.5,0.5,7.6106870229007635,9.973684210526315,7.71547619047619,161,2,50,0.2,0.5,0.5,stochastic,inheritance,inheritance,0.05
811,865,824,0.7011832275335819,0.5,0.5,7.6041923551171395,9.779190751445087,7.83373786407767,162,2,50,0.2,0.5,0.5,stochastic,inheritance,inheritance,0.05
827,889,784,0.7057901966569282,0.5,0.5,7.673518742442563,9.797525309336333,8.14923469387755,163,2,50,0.2,0.5,0.5,stochastic,inheritance,inheritance,0.05
839,893,768,0.7119144204404141,0.5,0.5,7.865315852205006,9.767077267637179,8.291666666666666,164,2,50,0.2,0.5,0.5,stochastic,inheritance,inheritance,0.05
841,909,750,0.709178527681655,0.5,0.5,7.877526753864447,9.614961496149615,8.349333333333334,165,2,50,0.2,0.5,0.5,stochastic,inheritance,inheritance,0.05
857,936,707,0.7141770049233765,0.5,0.5,7.778296382730455,9.631410256410257,8.332390381895332,166,2,50,0.2,0.5,0.5,stochastic,inheritance,inheritance,0.05
846,965,689,0.7183045636027988,0.5,0.5,7.780141843971631,9.458031088082901,8.355587808417997,167,2,50,0.2,0.5,0.5,stochastic,inheritance,inheritance,0.05
858,1002,640,0.7290112648326748,0.5,0.5,7.590909090909091,9.291417165668662,8.5359375,168,2,50,0.2,0.5,0.5,stochastic,inheritance,inheritance,0.05
861,1011,628,0.7245446788690251,0.5,0.5,7.551684088269454,9.41839762611276,8.429936305732484,169,2,50,0.2,0.5,0.5,stochastic,inheritance,inheritance,0.05
868,1033,599,0.7312269534766881,0.5,0.5,7.488479262672811,9.543078412391093,8.619365609348915,170,2,50,0.2,0.5,0.5,stochastic,inheritance,inheritance,0.05
893,1064,543,0.7333808936382855,0.5,0.5,7.42441209406495,9.81578947368421,8.694290976058932,171,2,50,0.2,0.5,0.5,stochastic,inheritance,inheritance,0.05
870,1083,547,0.7316135082422911,0.5,0.5,7.594252873563218,9.680517082179133,8.23583180987203,172,2,50,0.2,0.5,0.5,stochastic,inheritance,inheritance,0.05
849,1109,542,0.728234949867033,0.5,0.5,7.769140164899882,9.653742110009016,7.869003690036901,173,2,50,0.2,0.5,0.5,stochastic,inheritance,inheritance,0.05
842,1116,542,0.7276743932252367,0.5,0.5,7.96437054631829,9.770609318996415,7.295202952029521,174,2,50,0.2,0.5,0.5,stochastic,inheritance,inheritance,0.05
839,1132,529,0.7315089814601725,0.5,0.5,8.094159713945173,9.801236749116608,7.1720226843100185,175,2,50,0.2,0.5,0.5,stochastic,inheritance,inheritance,0.05
810,1166,524,0.7336204694707313,0.5,0.5,8.346913580246914,9.735849056603774,7.07824427480916,176,2,50,0.2,0.5,0.5,stochastic,inheritance,inheritance,0.05
783,1161,556,0.7303569146278253,0.5,0.5,8.651340996168582,9.857019810508183,6.910071942446043,177,2,50,0.2,0.5,0.5,stochastic,inheritance,inheritance,0.05
727,1177,596,0.7382324775964807,0.5,0.5,8.797799174690509,9.648258283772302,6.751677852348993,178,2,50,0.2,0.5,0.5,stochastic,inheritance,inheritance,0.05
676,1212,612,0.744062569213573,0.5,0.5,9.11094674556213,9.658415841584159,6.928104575163399,179,2,50,0.2,0.5,0.5,stochastic,inheritance,inheritance,0.05
647,1222,631,0.743230025803873,0.5,0.5,9.352395672333849,9.88543371522095,6.931854199683043,180,2,50,0.2,0.5,0.5,stochastic,inheritance,inheritance,0.05
625,1208,667,0.7508386409127321,0.5,0.5,9.4032,10.074503311258278,6.886056971514243,181,2,50,0.2,0.5,0.5,stochastic,inheritance,inheritance,0.05
633,1193,674,0.7637765119220915,0.5,0.5,8.962085308056873,10.308466051969823,6.79080118694362,182,2,50,0.2,0.5,0.5,stochastic,inheritance,inheritance,0.05
625,1204,671,0.7659040269710857,0.5,0.5,8.5248,10.325581395348838,6.688524590163935,183,2,50,0.2,0.5,0.5,stochastic,inheritance,inheritance,0.05
617,1208,675,0.7717005948466251,0.5,0.5,7.876823338735819,10.341059602649006,6.62074074074074,184,2,50,0.2,0.5,0.5,stochastic,inheritance,inheritance,0.05
617,1204,679,0.7768030905009871,0.5,0.5,7.4975688816855754,10.327242524916944,6.5419734904270985,185,2,50,0.2,0.5,0.5,stochastic,inheritance,inheritance,0.05
628,1202,670,0.7778374424749582,0.5,0.5,7.203821656050955,10.536605657237937,6.586567164179105,186,2,50,0.2,0.5,0.5,stochastic,inheritance,inheritance,0.05
628,1197,675,0.7799941694799417,0.5,0.5,6.921974522292993,10.603174603174603,6.536296296296296,187,2,50,0.2,0.5,0.5,stochastic,inheritance,inheritance,0.05
646,1195,659,0.7900716533975599,0.5,0.5,6.419504643962848,10.757322175732218,6.474962063732929,188,2,50,0.2,0.5,0.5,stochastic,inheritance,inheritance,0.05
633,1173,694,0.7926919313163394,0.5,0.5,6.5829383886255926,10.966751918158568,6.448126801152738,189,2,50,0.2,0.5,0.5,stochastic,inheritance,inheritance,0.05
635,1159,706,0.795136913865293,0.5,0.5,6.530708661417322,11.14495254529767,6.524079320113314,190,2,50,0.2,0.5,0.5,stochastic,inheritance,inheritance,0.05
663,1139,698,0.7936352122965653,0.5,0.5,6.4766214177978885,11.355575065847235,6.6017191977077365,191,2,50,0.2,0.5,0.5,stochastic,inheritance,inheritance,0.05
693,1117,690,0.7960162605716457,0.5,0.5,6.611832611832612,11.664279319606088,6.582608695652174,192,2,50,0.2,0.5,0.5,stochastic,inheritance,inheritance,0.05
707,1105,688,0.7995718925697487,0.5,0.5,6.674681753889675,11.70497737556561,6.699127906976744,193,2,50,0.2,0.5,0.5,stochastic,inheritance,inheritance,0.05
703,1109,688,0.800204730402549,0.5,0.5,6.837837837837838,11.587015329125338,6.774709302325581,194,2,50,0.2,0.5,0.5,stochastic,inheritance,inheritance,0.05
702,1077,721,0.7979323386658123,0.5,0.5,7.018518518518518,11.64531104921077,6.581137309292649,195,2,50,0.2,0.5,0.5,stochastic,inheritance,inheritance,0.05
730,1044,726,0.7951594212173345,0.5,0.5,7.019178082191781,11.776819923371647,6.446280991735537,196,2,50,0.2,0.5,0.5,stochastic,inheritance,inheritance,0.05
726,1033,741,0.7938657350118683,0.5,0.5,7.258953168044077,11.602129719264278,6.492577597840755,197,2,50,0.2,0.5,0.5,stochastic,inheritance,inheritance,0.05
749,1006,745,0.7965805352720413,0.5,0.5,7.214953271028038,11.622266401590457,6.354362416107382,198,2,50,0.2,0.5,0.5,stochastic,inheritance,inheritance,0.05
772,979,749,0.7943720482537349,0.5,0.5,7.417098445595855,11.522982635342187,6.5834445927903875,199,2,50,0.2,0.5,0.5,stochastic,inheritance,inheritance,0.05
774,999,727,0.7878915395962391,0.5,0.5,7.364341085271318,11.234234234234235,6.785419532324622,200,2,50,0.2,0.5,0.5,stochastic,inheritance,inheritance,0.05
757,998,745,0.7873795253022962,0.5,0.5,7.25891677675033,10.811623246492985,6.92751677852349,201,2,50,0.2,0.5,0.5,stochastic,inheritance,inheritance,0.05
746,1011,743,0.7909851579762491,0.5,0.5,7.253351206434316,10.503461918892185,7.067294751009421,202,2,50,0.2,0.5,0.5,stochastic,inheritance,inheritance,0.05
745,1024,731,0.7890054943774479,0.5,0.5,7.295302013422819,10.421875,7.344733242134063,203,2,50,0.2,0.5,0.5,stochastic,inheritance,inheritance,0.05
737,1040,723,0.7920217640359135,0.5,0.5,7.377204884667571,10.173076923076923,7.529737206085754,204,2,50,0.2,0.5,0.5,stochastic,inheritance,inheritance,0.05
720,1096,684,0.7902904925510172,0.5,0.5,7.097222222222222,9.816605839416058,7.8845029239766085,205,2,50,0.2,0.5,0.5,stochastic,inheritance,inheritance,0.05
705,1115,680,0.7886649031344706,0.5,0.5,7.110638297872341,9.99730941704036,8.123529411764705,206,2,50,0.2,0.5,0.5,stochastic,inheritance,inheritance,0.05
700,1128,672,0.7910696014842022,0.5,0.5,7.154285714285714,10.090425531914894,8.175595238095237,207,2,50,0.2,0.5,0.5,stochastic,inheritance,inheritance,0.05
685,1167,648,0.7960857982095405,0.5,0.5,7.172262773722628,10.116538131962297,8.546296296296296,208,2,50,0.2,0.5,0.5,stochastic,inheritance,inheritance,0.05
666,1172,662,0.7953902063923315,0.5,0.5,7.364864864864865,10.095563139931741,8.691842900302115,209,2,50,0.2,0.5,0.5,stochastic,inheritance,inheritance,0.05
655,1197,648,0.7985013532925965,0.5,0.5,7.322137404580153,10.366750208855471,8.780864197530864,210,2,50,0.2,0.5,0.5,stochastic,inheritance,inheritance,0.05
670,1191,639,0.8031084005281247,0.5,0.5,7.076119402985075,10.568429890848027,8.507042253521126,211,2,50,0.2,0.5,0.5,stochastic,inheritance,inheritance,0.05
679,1182,639,0.8100481781402543,0.5,0.5,6.963181148748159,10.803722504230118,8.143974960876369,212,2,50,0.2,0.5,0.5,stochastic,inheritance,inheritance,0.05
671,1196,633,0.8108435173220904,0.5,0.5,6.92548435171386,11.018394648829432,8.135860979462874,213,2,50,0.2,0.5,0.5,stochastic,inheritance,inheritance,0.05
684,1196,620,0.8159261867781161,0.5,0.5,6.751461988304094,11.22324414715719,7.914516129032258,214,2,50,0.2,0.5,0.5,stochastic,inheritance,inheritance,0.05
690,1212,598,0.8169534820308781,0.5,0.5,6.839130434782609,11.368811881188119,7.770903010033445,215,2,50,0.2,0.5,0.5,stochastic,inheritance,inheritance,0.05
673,1211,616,0.8195445218493534,0.5,0.5,6.904903417533433,11.354252683732453,7.199675324675325,216,2,50,0.2,0.5,0.5,stochastic,inheritance,inheritance,0.05
707,1179,614,0.8233514114795563,0.5,0.5,6.915134370579915,11.529262086513995,6.728013029315961,217,2,50,0.2,0.5,0.5,stochastic,inheritance,inheritance,0.05
724,1168,608,0.8262123531888744,0.5,0.5,6.814917127071824,11.69263698630137,6.3832236842105265,218,2,50,0.2,0.5,0.5,stochastic,inheritance,inheritance,0.05
705,1173,622,0.8292997489447458,0.5,0.5,6.895035460992908,11.737425404944586,6.192926045016077,219,2,50,0.2,0.5,0.5,stochastic,inheritance,inheritance,0.05
693,1155,652,0.8357950151921166,0.5,0.5,7.059163059163059,11.844155844155845,5.970858895705521,220,2,50,0.2,0.5,0.5,stochastic,inheritance,inheritance,0.05
683,1126,691,0.8402220382958289,0.5,0.5,7.273792093704246,11.817939609236234,5.8075253256150505,221,2,50,0.2,0.5,0.5,stochastic,inheritance,inheritance,0.05
661,1119,720,0.8418132847218723,0.5,0.5,7.358547655068079,11.684539767649687,6.0055555555555555,222,2,50,0.2,0.5,0.5,stochastic,inheritance,inheritance,0.05
628,1147,725,0.8466852313147613,0.5,0.5,7.189490445859873,11.462946817785527,6.188965517241379,223,2,50,0.2,0.5,0.5,stochastic,inheritance,inheritance,0.05
613,1123,764,0.8508730988448482,0.5,0.5,7.455138662316476,11.356188780053428,6.159685863874346,224,2,50,0.2,0.5,0.5,stochastic,inheritance,inheritance,0.05
596,1098,806,0.8618457818995257,0.5,0.5,7.466442953020135,11.095628415300547,6.251861042183623,225,2,50,0.2,0.5,0.5,stochastic,inheritance,inheritance,0.05
592,1078,830,0.86250898643171,0.5,0.5,7.508445945945946,11.032467532467532,6.3987951807228916,226,2,50,0.2,0.5,0.5,stochastic,inheritance,inheritance,0.05
576,1074,850,0.8601846519723503,0.5,0.5,7.581597222222222,10.796089385474861,6.698823529411765,227,2,50,0.2,0.5,0.5,stochastic,inheritance,inheritance,0.05
565,1071,864,0.8633508550662021,0.5,0.5,7.345132743362832,10.524743230625583,7.003472222222222,228,2,50,0.2,0.5,0.5,stochastic,inheritance,inheritance,0.05
579,1076,845,0.8623809788372558,0.5,0.5,7.124352331606218,10.395910780669144,7.35621301775148,229,2,50,0.2,0.5,0.5,stochastic,inheritance,inheritance,0.05
597,1065,838,0.8616067094550389,0.5,0.5,6.855946398659967,10.291079812206572,7.5894988066825775,230,2,50,0.2,0.5,0.5,stochastic,inheritance,inheritance,0.05
619,1066,815,0.8622613134261978,0.5,0.5,6.539579967689822,10.151031894934334,7.984049079754601,231,2,50,0.2,0.5,0.5,stochastic,inheritance,inheritance,0.05
637,1061,802,0.8653932525754003,0.5,0.5,6.552590266875981,10.116870876531573,8.320448877805486,232,2,50,0.2,0.5,0.5,stochastic,inheritance,inheritance,0.05
640,1072,788,0.8662064800743217,0.5,0.5,6.4703125,10.109141791044776,8.567258883248732,233,2,50,0.2,0.5,0.5,stochastic,inheritance,inheritance,0.05
656,1083,761,0.8647325523163335,0.5,0.5,6.4557926829268295,10.23084025854109,8.759526938239159,234,2,50,0.2,0.5,0.5,stochastic,inheritance,inheritance,0.05
685,1098,717,0.8684203681329052,0.5,0.5,6.048175182481752,10.319672131147541,9.085076708507671,235,2,50,0.2,0.5,0.5,stochastic,inheritance,inheritance,0.05
694,1113,693,0.8680338715137795,0.5,0.5,6.072046109510087,10.211141060197663,9.144300144300145,236,2,50,0.2,0.5,0.5,stochastic,inheritance,inheritance,0.05
719,1104,677,0.8658456841533823,0.5,0.5,6.114047287899861,10.427536231884059,8.97341211225997,237,2,50,0.2,0.5,0.5,stochastic,inheritance,inheritance,0.05
752,1106,642,0.8657173280294336,0.5,0.5,6.0638297872340425,10.592224231464737,8.746105919003115,238,2,50,0.2,0.5,0.5,stochastic,inheritance,inheritance,0.05
764,1130,606,0.8666634026714704,0.5,0.5,6.096858638743456,10.709734513274336,8.443894389438944,239,2,50,0.2,0.5,0.5,stochastic,inheritance,inheritance,0.05
795,1121,584,0.8673526713978678,0.5,0.5,6.1371069182389935,10.700267618198037,7.813356164383562,240,2,50,0.2,0.5,0.5,stochastic,inheritance,inheritance,0.05
793,1131,576,0.8706327466597803,0.5,0.5,6.287515762925599,10.558797524314766,7.010416666666667,241,2,50,0.2,0.5,0.5,stochastic,inheritance,inheritance,0.05
795,1122,583,0.8720539213055105,0.5,0.5,6.462893081761006,10.648841354723707,6.459691252144082,242,2,50,0.2,0.5,0.5,stochastic,inheritance,inheritance,0.05
782,1137,581,0.8706644887716181,0.5,0.5,6.384910485933504,10.388742304309586,5.970740103270224,243,2,50,0.2,0.5,0.5,stochastic,inheritance,inheritance,0.05
768,1145,587,0.8728087299227086,0.5,0.5,6.444010416666667,10.2882096069869,5.838160136286201,244,2,50,0.2,0.5,0.5,stochastic,inheritance,inheritance,0.05
770,1153,577,0.8709509875026281,0.5,0.5,6.597402597402597,10.339982653946228,5.965337954939342,245,2,50,0.2,0.5,0.5,stochastic,inheritance,inheritance,0.05
749,1177,574,0.870072346931523,0.5,0.5,6.87716955941255,10.428207306711979,6.193379790940766,246,2,50,0.2,0.5,0.5,stochastic,inheritance,inheritance,0.05
721,1196,583,0.8700737149813835,0.5,0.5,7.285714285714286,10.52257525083612,6.387650085763293,247,2,50,0.2,0.5,0.5,stochastic,inheritance,inheritance,0.05
674,1211,615,0.8688549991930855,0.5,0.5,7.5222551928783385,10.409578860445912,6.465040650406504,248,2,50,0.2,0.5,0.5,stochastic,inheritance,inheritance,0.05
634,1242,624,0.8689633897710531,0.5,0.5,7.569400630914826,10.40499194847021,6.74198717948718,249,2,50,0.2,0.5,0.5,stochastic,inheritance,inheritance,0.05
609,1253,638,0.8653141752446024,0.5,0.5,7.733990147783251,10.431763766959298,6.8573667711598745,250,2,50,0.2,0.5,0.5,stochastic,inheritance,inheritance,0.05
596,1248,656,0.8633799500829998,0.5,0.5,7.652684563758389,10.571314102564102,6.865853658536586,251,2,50,0.2,0.5,0.5,stochastic,inheritance,inheritance,0.05
597,1228,675,0.8645686100654674,0.5,0.5,7.579564489112228,10.606677524429967,6.677037037037037,252,2,50,0.2,0.5,0.5,stochastic,inheritance,inheritance,0.05
601,1233,666,0.8666311465198209,0.5,0.5,7.204658901830283,10.719383617193836,6.6006006006006,253,2,50,0.2,0.5,0.5,stochastic,inheritance,inheritance,0.05
610,1217,673,0.8739651203475067,0.5,0.5,6.824590163934427,10.723089564502876,6.567607726597325,254,2,50,0.2,0.5,0.5,stochastic,inheritance,inheritance,0.05
613,1212,675,0.8738667967794599,0.5,0.5,6.600326264274062,10.698019801980198,6.628148148148148,255,2,50,0.2,0.5,0.5,stochastic,inheritance,inheritance,0.05
614,1207,679,0.8736107703068268,0.5,0.5,6.50814332247557,10.873239436619718,6.568483063328424,256,2,50,0.2,0.5,0.5,stochastic,inheritance,inheritance,0.05
592,1204,704,0.8749981594694329,0.5,0.5,6.5625,10.754152823920267,6.5625,257,2,50,0.2,0.5,0.5,stochastic,inheritance,inheritance,0.05
614,1174,712,0.8783813389627071,0.5,0.5,6.265472312703583,11.125212947189096,6.34691011235955,258,2,50,0.2,0.5,0.5,stochastic,inheritance,inheritance,0.05
631,1167,702,0.8800693781002105,0.5,0.5,6.182250396196514,11.323050556983718,6.404558404558404,259,2,50,0.2,0.5,0.5,stochastic,inheritance,inheritance,0.05
626,1141,733,0.8797249222975312,0.5,0.5,6.258785942492013,11.290972830850132,6.4242837653478855,260,2,50,0.2,0.5,0.5,stochastic,inheritance,inheritance,0.05
623,1100,777,0.883071872015201,0.5,0.5,6.351524879614767,11.324545454545454,6.370656370656371,261,2,50,0.2,0.5,0.5,stochastic,inheritance,inheritance,0.05
608,1067,825,0.8799694049724159,0.5,0.5,6.480263157894737,11.15651358950328,6.349090909090909,262,2,50,0.2,0.5,0.5,stochastic,inheritance,inheritance,0.05
620,1024,856,0.8779212645889812,0.5,0.5,6.601612903225806,11.1650390625,6.207943925233645,263,2,50,0.2,0.5,0.5,stochastic,inheritance,inheritance,0.05
644,982,874,0.8737663648376263,0.5,0.5,6.445652173913044,11.081466395112017,6.28604118993135,264,2,50,0.2,0.5,0.5,stochastic,inheritance,inheritance,0.05
632,981,887,0.87326027934894,0.5,0.5,6.435126582278481,10.91946992864424,6.516347237880496,265,2,50,0.2,0.5,0.5,stochastic,inheritance,inheritance,0.05
667,949,884,0.8715993472370245,0.5,0.5,6.3523238380809595,10.661749209694415,6.66289592760181,266,2,50,0.2,0.5,0.5,stochastic,inheritance,inheritance,0.05
686,945,869,0.876090404161334,0.5,0.5,6.11661807580175,10.351322751322751,6.8135788262370545,267,2,50,0.2,0.5,0.5,stochastic,inheritance,inheritance,0.05
690,963,847,0.8770383899230878,0.5,0.5,6.279710144927536,10.14122533748702,7.133412042502951,268,2,50,0.2,0.5,0.5,stochastic,inheritance,inheritance,0.05
696,967,837,0.8721938860745311,0.5,0.5,6.39367816091954,9.914167528438469,7.4850657108721625,269,2,50,0.2,0.5,0.5,stochastic,inheritance,inheritance,0.05
697,973,830,0.8687119565384938,0.5,0.5,6.444763271162123,9.787255909558068,7.643373493975903,270,2,50,0.2,0.5,0.5,stochastic,inheritance,inheritance,0.05
729,992,779,0.8690050269840054,0.5,0.5,6.330589849108367,9.921370967741936,7.989730423620026,271,2,50,0.2,0.5,0.5,stochastic,inheritance,inheritance,0.05
726,1010,764,0.8700004799921885,0.5,0.5,6.37603305785124,9.949504950495049,8.234293193717278,272,2,50,0.2,0.5,0.5,stochastic,inheritance,inheritance,0.05
784,984,732,0.8673708565661223,0.5,0.5,6.353316326530612,9.955284552845528,8.066939890710383,273,2,50,0.2,0.5,0.5,stochastic,inheritance,inheritance,0.05
802,994,704,0.8693758474463811,0.5,0.5,6.394014962593516,9.854124748490946,8.076704545454545,274,2,50,0.2,0.5,0.5,stochastic,inheritance,inheritance,0.05
846,1013,641,0.875587517592311,0.5,0.5,6.26241134751773,9.88943731490622,8.02808112324493,275,2,50,0.2,0.5,0.5,stochastic,inheritance,inheritance,0.05
888,1014,598,0.8785888056285799,0.5,0.5,6.375,9.99112426035503,7.630434782608695,276,2,50,0.2,0.5,0.5,stochastic,inheritance,inheritance,0.05
883,1041,576,0.8803538952454635,0.5,0.5,6.513023782559457,9.866474543707973,7.262152777777778,277,2,50,0.2,0.5,0.5,stochastic,inheritance,inheritance,0.05
888,1075,537,0.8816965932226064,0.5,0.5,6.533783783783784,9.922790697674419,7.007448789571694,278,2,50,0.2,0.5,0.5,stochastic,inheritance,inheritance,0.05
889,1072,539,0.8829095948884255,0.5,0.5,6.670416197975253,10.012126865671641,6.463821892393321,279,2,50,0.2,0.5,0.5,stochastic,inheritance,inheritance,0.05
873,1091,536,0.8798924769970928,0.5,0.5,7.009163802978236,10.143904674610448,6.19589552238806,280,2,50,0.2,0.5,0.5,stochastic,inheritance,inheritance,0.05
857,1124,519,0.8786729191422545,0.5,0.5,7.103850641773629,10.1067615658363,6.196531791907514,281,2,50,0.2,0.5,0.5,stochastic,inheritance,inheritance,0.05
842,1126,532,0.8792088234218072,0.5,0.5,7.4560570071258905,10.176731793960924,5.904135338345864,282,2,50,0.2,0.5,0.5,stochastic,inheritance,inheritance,0.05
832,1153,515,0.8789885566851134,0.5,0.5,7.609375,10.04163052905464,6.0077669902912625,283,2,50,0.2,0.5,0.5,stochastic,inheritance,inheritance,0.05
806,1173,521,0.8785456778326923,0.5,0.5,7.869727047146402,9.935208866155158,6.067178502879079,284,2,50,0.2,0.5,0.5,stochastic,inheritance,inheritance,0.05
780,1197,523,0.8726790086106535,0.5,0.5,8.073076923076924,9.892230576441102,6.227533460803059,285,2,50,0.2,0.5,0.5,stochastic,inheritance,inheritance,0.05
733,1223,544,0.8707637361037823,0.5,0.5,8.278308321964529,9.787408013082583,6.2463235294117645,286,2,50,0.2,0.5,0.5,stochastic,inheritance,inheritance,0.05
692,1253,555,0.8684173056990375,0.5,0.5,8.27456647398844,9.715881883479648,6.263063063063063,287,2,50,0.2,0.5,0.5,stochastic,inheritance,inheritance,0.05
664,1271,565,0.8648828204997445,0.5,0.5,8.271084337349398,9.793863099921321,6.214159292035398,288,2,50,0.2,0.5,0.5,stochastic,inheritance,inheritance,0.05
645,1308,547,0.8604031359683586,0.5,0.5,7.896124031007752,9.988532110091743,6.447897623400365,289,2,50,0.2,0.5,0.5,stochastic,inheritance,inheritance,0.05
624,1309,567,0.8604224324063673,0.5,0.5,8.059294871794872,10.101604278074866,6.603174603174603,290,2,50,0.2,0.5,0.5,stochastic,inheritance,inheritance,0.05
603,1342,555,0.8584260351769294,0.5,0.5,7.864013266998342,10.34053651266766,6.663063063063063,291,2,50,0.2,0.5,0.5,stochastic,inheritance,inheritance,0.05
589,1343,568,0.8554213168753546,0.5,0.5,7.826825127334465,10.495160089352197,6.517605633802817,292,2,50,0.2,0.5,0.5,stochastic,inheritance,inheritance,0.05
573,1359,568,0.8518072691432051,0.5,0.5,7.364746945898778,10.593818984547461,6.572183098591549,293,2,50,0.2,0.5,0.5,stochastic,inheritance,inheritance,0.05
564,1343,593,0.8528026903829717,0.5,0.5,7.338652482269503,10.837676842889055,6.5311973018549745,294,2,50,0.2,0.5,0.5,stochastic,inheritance,inheritance,0.05
543,1368,589,0.844571846850618,0.5,0.5,7.21731123388582,11.16812865497076,6.870967741935484,295,2,50,0.2,0.5,0.5,stochastic,inheritance,inheritance,0.05
510,1377,613,0.8442798238114726,0.5,0.5,7.198039215686275,11.238198983297023,6.893964110929853,296,2,50,0.2,0.5,0.5,stochastic,inheritance,inheritance,0.05
484,1389,627,0.8342963476841454,0.5,0.5,7.0847107438016526,11.344852411807056,6.950558213716109,297,2,50,0.2,0.5,0.5,stochastic,inheritance,inheritance,0.05
461,1371,668,0.8267864255666703,0.5,0.5,7.060737527114967,11.587892049598834,6.997005988023952,298,2,50,0.2,0.5,0.5,stochastic,inheritance,inheritance,0.05
467,1359,674,0.8207434649812345,0.5,0.5,6.451820128479658,11.864606328182488,7.161721068249258,299,2,50,0.2,0.5,0.5,stochastic,inheritance,inheritance,0.05
470,1340,690,0.8140968784003916,0.5,0.5,6.146808510638298,12.085820895522389,7.173913043478261,300,2,50,0.2,0.5,0.5,stochastic,inheritance,inheritance,0.05
493,1322,685,0.8056668286780674,0.5,0.5,5.9371196754563895,12.379727685325264,7.268613138686131,301,2,50,0.2,0.5,0.5,stochastic,inheritance,inheritance,0.05
490,1288,722,0.8032586215126344,0.5,0.5,5.946938775510204,12.680124223602485,7.113573407202216,302,2,50,0.2,0.5,0.5,stochastic,inheritance,inheritance,0.05
495,1255,750,0.8138828412241237,0.5,0.5,6.022222222222222,12.816733067729084,6.945333333333333,303,2,50,0.2,0.5,0.5,stochastic,inheritance,inheritance,0.05
513,1211,776,0.8142753371710052,0.5,0.5,5.90448343079922,12.942196531791907,6.947164948453608,304,2,50,0.2,0.5,0.5,stochastic,inheritance,inheritance,0.05
522,1187,791,0.8206440470258408,0.5,0.5,5.804597701149425,13.026958719460826,6.88621997471555,305,2,50,0.2,0.5,0.5,stochastic,inheritance,inheritance,0.05
539,1151,810,0.8240358630854187,0.5,0.5,5.899814471243043,13.092093831450912,6.869135802469136,306,2,50,0.2,0.5,0.5,stochastic,inheritance,inheritance,0.05
556,1136,808,0.8319144739726136,0.5,0.5,5.811151079136691,13.018485915492958,6.917079207920792,307,2,50,0.2,0.5,0.5,stochastic,inheritance,inheritance,0.05
599,1116,785,0.8333037379414964,0.5,0.5,5.589315525876461,12.966845878136201,6.771974522292994,308,2,50,0.2,0.5,0.5,stochastic,inheritance,inheritance,0.05
618,1102,780,0.8324438100583873,0.5,0.5,5.631067961165049,12.870235934664247,6.728205128205128,309,2,50,0.2,0.5,0.5,stochastic,inheritance,inheritance,0.05
646,1058,796,0.8322632662241173,0.5,0.5,5.7027863777089784,12.866729678638942,6.639447236180905,310,2,50,0.2,0.5,0.5,stochastic,inheritance,inheritance,0.05
670,1008,822,0.8317891580614538,0.5,0.5,5.882089552238806,12.770833333333334,6.585158150851582,311,2,50,0.2,0.5,0.5,stochastic,inheritance,inheritance,0.05
684,995,821,0.8358133444680435,0.5,0.5,6.014619883040936,12.56281407035176,6.671132764920828,312,2,50,0.2,0.5,0.5,stochastic,inheritance,inheritance,0.05
701,976,823,0.8419085438564673,0.5,0.5,5.818830242510699,12.158811475409836,6.613608748481166,313,2,50,0.2,0.5,0.5,stochastic,inheritance,inheritance,0.05
710,948,842,0.8440260846540527,0.5,0.5,5.857746478873239,11.80168776371308,6.618764845605701,314,2,50,0.2,0.5,0.5,stochastic,inheritance,inheritance,0.05
732,927,841,0.8458018635268576,0.5,0.5,5.993169398907104,11.626752966558792,6.6765755053507725,315,2,50,0.2,0.5,0.5,stochastic,inheritance,inheritance,0.05
763,908,829,0.8475688560719904,0.5,0.5,6.032765399737877,11.215859030837004,6.598311218335343,316,2,50,0.2,0.5,0.5,stochastic,inheritance,inheritance,0.05
784,908,808,0.8494534562186654,0.5,0.5,6.230867346938775,11.131057268722467,6.8799504950495045,317,2,50,0.2,0.5,0.5,stochastic,inheritance,inheritance,0.05
847,876,777,0.849509532564121,0.5,0.5,6.236127508854781,10.865296803652969,6.90990990990991,318,2,50,0.2,0.5,0.5,stochastic,inheritance,inheritance,0.05
849,911,740,0.8500642746451976,0.5,0.5,6.3356890459363955,10.288693743139408,7.125675675675676,319,2,50,0.2,0.5,0.5,stochastic,inheritance,inheritance,0.05
863,932,705,0.8488595913697752,0.5,0.5,6.434530706836616,10.086909871244636,7.415602836879432,320,2,50,0.2,0.5,0.5,stochastic,inheritance,inheritance,0.05
862,979,659,0.8480925992832707,0.5,0.5,6.475638051044084,9.73544433094995,7.623672230652504,321,2,50,0.2,0.5,0.5,stochastic,inheritance,inheritance,0.05
866,995,639,0.8448302914445142,0.5,0.5,6.788683602771362,9.541708542713568,7.533646322378717,322,2,50,0.2,0.5,0.5,stochastic,inheritance,inheritance,0.05
867,1021,612,0.8411641323362652,0.5,0.5,6.945790080738178,9.418217433888344,7.504901960784314,323,2,50,0.2,0.5,0.5,stochastic,inheritance,inheritance,0.05
871,1034,595,0.8426088178535619,0.5,0.5,7.04247990815155,9.381044487427467,7.4033613445378155,324,2,50,0.2,0.5,0.5,stochastic,inheritance,inheritance,0.05
849,1089,562,0.8417301676152296,0.5,0.5,7.113074204946996,9.212121212121213,7.270462633451957,325,2,50,0.2,0.5,0.5,stochastic,inheritance,inheritance,0.05
847,1101,552,0.8419389463460573,0.5,0.5,7.1629279811097994,9.260672116257947,6.84963768115942,326,2,50,0.2,0.5,0.5,stochastic,inheritance,inheritance,0.05
809,1136,555,0.8380576979292981,0.5,0.5,7.218788627935723,9.087147887323944,6.607207207207207,327,2,50,0.2,0.5,0.5,stochastic,inheritance,inheritance,0.05
803,1156,541,0.836452341534249,0.5,0.5,7.437110834371109,9.319204152249135,6.402957486136784,328,2,50,0.2,0.5,0.5,stochastic,inheritance,inheritance,0.05
789,1190,521,0.8318392364150604,0.5,0.5,7.387832699619772,9.315966386554623,6.4664107485604605,329,2,50,0.2,0.5,0.5,stochastic,inheritance,inheritance,0.05
761,1214,525,0.8304157112204017,0.5,0.5,7.494086727989488,9.35831960461285,6.213333333333333,330,2,50,0.2,0.5,0.5,stochastic,inheritance,inheritance,0.05
733,1236,531,0.8284330916765814,0.5,0.5,7.676671214188268,9.352750809061488,6.105461393596987,331,2,50,0.2,0.5,0.5,stochastic,inheritance,inheritance,0.05
714,1254,532,0.827866709401156,0.5,0.5,7.847338935574229,9.466507177033494,6.2631578947368425,332,2,50,0.2,0.5,0.5,stochastic,inheritance,inheritance,0.05
692,1284,524,0.826198595795699,0.5,0.5,7.684971098265896,9.590342679127726,6.213740458015267,333,2,50,0.2,0.5,0.5,stochastic,inheritance,inheritance,0.05
649,1321,530,0.827115139904322,0.5,0.5,7.839753466872111,9.715367146101439,6.371698113207547,334,2,50,0.2,0.5,0.5,stochastic,inheritance,inheritance,0.05
612,1350,538,0.824286341256637,0.5,0.5,7.694444444444445,9.944444444444445,6.4609665427509295,335,2,50,0.2,0.5,0.5,stochastic,inheritance,inheritance,0.05
622,1341,537,0.824020782956834,0.5,0.5,7.615755627009646,10.3027591349739,6.340782122905028,336,2,50,0.2,0.5,0.5,stochastic,inheritance,inheritance,0.05
620,1387,493,0.824180537060679,0.5,0.5,7.198387096774193,10.617880317231435,6.432048681541582,337,2,50,0.2,0.5,0.5,stochastic,inheritance,inheritance,0.05
623,1411,466,0.8206844039376324,0.5,0.5,6.969502407704655,10.982282069454287,6.405579399141631,338,2,50,0.2,0.5,0.5,stochastic,inheritance,inheritance,0.05
627,1409,464,0.8166552077141334,0.5,0.5,6.81658692185008,11.45067423704755,6.084051724137931,339,2,50,0.2,0.5,0.5,stochastic,inheritance,inheritance,0.05
617,1418,465,0.8120619455027499,0.5,0.5,7.00162074554295,11.777150916784203,5.978494623655914,340,2,50,0.2,0.5,0.5,stochastic,inheritance,inheritance,0.05
597,1427,476,0.813202836949956,0.5,0.5,6.927973199329983,12.040644709180098,5.855042016806722,341,2,50,0.2,0.5,0.5,stochastic,inheritance,inheritance,0.05
573,1424,503,0.8104285808449048,0.5,0.5,7.164048865619546,12.331460674157304,5.964214711729622,342,2,50,0.2,0.5,0.5,stochastic,inheritance,inheritance,0.05
586,1413,501,0.8095623381935281,0.5,0.5,7.068259385665529,12.715498938428874,5.912175648702595,343,2,50,0.2,0.5,0.5,stochastic,inheritance,inheritance,0.05
574,1400,526,0.8121083891085692,0.5,0.5,7.39198606271777,13.06857142857143,5.800380228136882,344,2,50,0.2,0.5,0.5,stochastic,inheritance,inheritance,0.05
553,1395,552,0.811662660076332,0.5,0.5,7.500904159132007,13.210752688172043,5.971014492753623,345,2,50,0.2,0.5,0.5,stochastic,inheritance,inheritance,0.05
527,1393,580,0.8084684741014944,0.5,0.5,7.430740037950664,13.389088298636038,5.927586206896552,346,2,50,0.2,0.5,0.5,stochastic,inheritance,inheritance,0.05
499,1383,618,0.8084203855401195,0.5,0.5,7.675350701402806,13.65003615328995,6.11326860841424,347,2,50,0.2,0.5,0.5,stochastic,inheritance,inheritance,0.05
462,1379,659,0.8081706771194185,0.5,0.5,7.9935064935064934,13.710659898477157,6.298937784522003,348,2,50,0.2,0.5,0.5,stochastic,inheritance,inheritance,0.05
449,1340,711,0.8090479227130553,0.5,0.5,8.133630289532293,14.108955223880598,6.427566807313643,349,2,50,0.2,0.5,0.5,stochastic,inheritance,inheritance,0.05
426,1307,767,0.8116360575937421,0.5,0.5,8.248826291079812,14.358837031369548,6.576271186440678,350,2,50,0.2,0.5,0.5,stochastic,inheritance,inheritance,0.05
416,1263,821,0.8071240753176906,0.5,0.5,7.947115384615385,14.33174980205859,6.613885505481121,351,2,50,0.2,0.5,0.5,stochastic,inheritance,inheritance,0.05
409,1222,869,0.8071448857672507,0.5,0.5,7.924205378973105,14.504091653027823,6.777905638665132,352,2,50,0.2,0.5,0.5,stochastic,inheritance,inheritance,0.05
406,1173,921,0.8150097197354579,0.5,0.5,7.598522167487685,14.435635123614663,6.946796959826276,353,2,50,0.2,0.5,0.5,stochastic,inheritance,inheritance,0.05
395,1162,943,0.8209168813354855,0.5,0.5,7.025316455696203,14.242685025817556,7.282078472958642,354,2,50,0.2,0.5,0.5,stochastic,inheritance,inheritance,0.05
414,1104,982,0.8212597074857021,0.5,0.5,6.654589371980676,14.266304347826088,7.40122199592668,355,2,50,0.2,0.5,0.5,stochastic,inheritance,inheritance,0.05
444,1061,995,0.8228491123923812,0.5,0.5,6.236486486486487,14.262016965127238,7.578894472361809,356,2,50,0.2,0.5,0.5,stochastic,inheritance,inheritance,0.05
484,1034,982,0.8199136117313982,0.5,0.5,5.8078512396694215,14.164410058027078,7.816700610997963,357,2,50,0.2,0.5,0.5,stochastic,inheritance,inheritance,0.05
504,1002,994,0.8176878153156436,0.5,0.5,5.686507936507937,13.916167664670658,8.023138832997988,358,2,50,0.2,0.5,0.5,stochastic,inheritance,inheritance,0.05
513,994,993,0.8244917289233358,0.5,0.5,5.49317738791423,13.57344064386318,8.2527693856999,359,2,50,0.2,0.5,0.5,stochastic,inheritance,inheritance,0.05
563,949,988,0.8256544369376704,0.5,0.5,5.177619893428064,13.401475237091676,8.234817813765183,360,2,50,0.2,0.5,0.5,stochastic,inheritance,inheritance,0.05
610,914,976,0.8239792962708222,0.5,0.5,5.213114754098361,13.13238512035011,8.399590163934427,361,2,50,0.2,0.5,0.5,stochastic,inheritance,inheritance,0.05
648,902,950,0.8279332661618947,0.5,0.5,5.317901234567901,13.149667405764967,8.65578947368421,362,2,50,0.2,0.5,0.5,stochastic,inheritance,inheritance,0.05
683,917,900,0.8376060610484666,0.5,0.5,5.374816983894583,12.834242093784079,8.923333333333334,363,2,50,0.2,0.5,0.5,stochastic,inheritance,inheritance,0.05
713,919,868,0.8432072392100963,0.5,0.5,5.486676016830295,12.37867247007617,8.990783410138249,364,2,50,0.2,0.5,0.5,stochastic,inheritance,inheritance,0.05
741,911,848,0.8461012407245002,0.5,0.5,5.565452091767881,12.054884742041713,9.037735849056604,365,2,50,0.2,0.5,0.5,stochastic,inheritance,inheritance,0.05
759,913,828,0.8464800230427946,0.5,0.5,5.654808959156785,11.907995618838992,9.21256038647343,366,2,50,0.2,0.5,0.5,stochastic,inheritance,inheritance,0.05
773,896,831,0.8482675205222298,0.5,0.5,5.8615782664941785,11.527901785714286,9.133574007220217,367,2,50,0.2,0.5,0.5,stochastic,inheritance,inheritance,0.05
797,906,797,0.8515240278864225,0.5,0.5,5.892095357590966,11.079470198675496,8.939774153074028,368,2,50,0.2,0.5,0.5,stochastic,inheritance,inheritance,0.05
832,908,760,0.8561763965962981,0.5,0.5,5.939903846153846,11.01431718061674,8.68157894736842,369,2,50,0.2,0.5,0.5,stochastic,inheritance,inheritance,0.05
870,924,706,0.8551856531581757,0.5,0.5,5.93448275862069,10.606060606060606,8.369688385269122,370,2,50,0.2,0.5,0.5,stochastic,inheritance,inheritance,0.05
905,906,689,0.8582178204736133,0.5,0.5,6.043093922651933,10.45364238410596,7.725689404934688,371,2,50,0.2,0.5,0.5,stochastic,inheritance,inheritance,0.05
899,901,700,0.8572319306807041,0.5,0.5,6.368186874304783,10.124306326304106,7.325714285714286,372,2,50,0.2,0.5,0.5,stochastic,inheritance,inheritance,0.05
894,895,711,0.8568727505967477,0.5,0.5,6.785234899328859,9.887150837988827,7.246132208157524,373,2,50,0.2,0.5,0.5,stochastic,inheritance,inheritance,0.05
885,909,706,0.8553525882719426,0.5,0.5,7.073446327683616,9.781078107810782,7.303116147308782,374,2,50,0.2,0.5,0.5,stochastic,inheritance,inheritance,0.05
865,931,704,0.8540041596040266,0.5,0.5,7.285549132947977,9.348012889366272,7.441761363636363,375,2,50,0.2,0.5,0.5,stochastic,inheritance,inheritance,0.05
861,961,678,0.8519677634148007,0.5,0.5,7.375145180023229,9.218522372528616,7.631268436578171,376,2,50,0.2,0.5,0.5,stochastic,inheritance,inheritance,0.05
865,971,664,0.8483963841525752,0.5,0.5,7.64393063583815,8.990731204943357,7.843373493975903,377,2,50,0.2,0.5,0.5,stochastic,inheritance,inheritance,0.05
881,979,640,0.8421873403528346,0.5,0.5,7.879682179341657,9.114402451481103,7.953125,378,2,50,0.2,0.5,0.5,stochastic,inheritance,inheritance,0.05
881,1012,607,0.8427754400294489,0.5,0.5,8.060158910329172,9.442687747035572,8.240527182866558,379,2,50,0.2,0.5,0.5,stochastic,inheritance,inheritance,0.05
922,1020,558,0.8464371680205556,0.5,0.5,7.993492407809111,9.536274509803922,8.18100358422939,380,2,50,0.2,0.5,0.5,stochastic,inheritance,inheritance,0.05
909,1054,537,0.842052137971318,0.5,0.5,8.152915291529153,9.523719165085389,7.895716945996275,381,2,50,0.2,0.5,0.5,stochastic,inheritance,inheritance,0.05
898,1102,500,0.8391422132445393,0.5,0.5,8.296213808463252,9.553539019963702,7.88,382,2,50,0.2,0.5,0.5,stochastic,inheritance,inheritance,0.05
923,1117,460,0.832535905678059,0.5,0.5,8.314192849404117,9.934646374216651,7.691304347826087,383,2,50,0.2,0.5,0.5,stochastic,inheritance,inheritance,0.05
897,1151,452,0.8321212393277838,0.5,0.5,8.608695652173912,10.143353605560382,7.619469026548672,384,2,50,0.2,0.5,0.5,stochastic,inheritance,inheritance,0.05
881,1173,446,0.8280576543455057,0.5,0.5,8.790011350737798,10.26086956521739,7.006726457399103,385,2,50,0.2,0.5,0.5,stochastic,inheritance,inheritance,0.05
849,1191,460,0.8220623359397333,0.5,0.5,9.06713780918728,10.252728799328295,6.465217391304348,386,2,50,0.2,0.5,0.5,stochastic,inheritance,inheritance,0.05
813,1207,480,0.8212610011025766,0.5,0.5,9.31980319803198,10.431648715824357,6.3,387,2,50,0.2,0.5,0.5,stochastic,inheritance,inheritance,0.05
798,1222,480,0.8247583110524105,0.5,0.5,9.417293233082706,10.611292962356792,5.9875,388,2,50,0.2,0.5,0.5,stochastic,inheritance,inheritance,0.05
780,1204,516,0.8261239624053093,0.5,0.5,9.844871794871795,10.666943521594684,5.885658914728682,389,2,50,0.2,0.5,0.5,stochastic,inheritance,inheritance,0.05
762,1210,528,0.8251511953206413,0.5,0.5,10.091863517060368,10.756198347107437,5.981060606060606,390,2,50,0.2,0.5,0.5,stochastic,inheritance,inheritance,0.05
735,1216,549,0.8232661810593728,0.5,0.5,10.468027210884355,11.005756578947368,6.025500910746812,391,2,50,0.2,0.5,0.5,stochastic,inheritance,inheritance,0.05
707,1209,584,0.8240768050925708,0.5,0.5,10.507779349363508,10.957816377171216,6.023972602739726,392,2,50,0.2,0.5,0.5,stochastic,inheritance,inheritance,0.05
671,1238,591,0.8261912117914446,0.5,0.5,10.385991058122206,10.859450726978999,6.062605752961083,393,2,50,0.2,0.5,0.5,stochastic,inheritance,inheritance,0.05
648,1245,607,0.8274266816104541,0.5,0.5,10.160493827160494,10.951807228915662,6.14168039538715,394,2,50,0.2,0.5,0.5,stochastic,inheritance,inheritance,0.05
620,1243,637,0.832156724824538,0.5,0.5,9.94032258064516,10.984714400643604,6.266875981161696,395,2,50,0.2,0.5,0.5,stochastic,inheritance,inheritance,0.05
601,1248,651,0.8320690635180777,0.5,0.5,9.715474209650582,11.017628205128204,6.400921658986175,396,2,50,0.2,0.5,0.5,stochastic,inheritance,inheritance,0.05
585,1259,656,0.8391858382972296,0.5,0.5,9.109401709401709,11.069102462271644,6.492378048780488,397,2,50,0.2,0.5,0.5,stochastic,inheritance,inheritance,0.05
570,1261,669,0.841504273707219,0.5,0.5,8.87719298245614,11.241078509119745,6.675635276532137,398,2,50,0.2,0.5,0.5,stochastic,inheritance,inheritance,0.05
543,1282,675,0.8411381541303957,0.5,0.5,8.30755064456722,11.184867394695788,6.777777777777778,399,2,50,0.2,0.5,0.5,stochastic,inheritance,inheritance,0.05
516,1273,711,0.848362876226003,0.5,0.5,7.817829457364341,11.000785545954438,6.540084388185654,400,2,50,0.2,0.5,0.5,stochastic,inheritance,inheritance,0.05
521,1267,712,0.8515632787626152,0.5,0.5,7.404990403071017,11.121546961325967,6.5,401,2,50,0.2,0.5,0.5,stochastic,inheritance,inheritance,0.05
534,1255,711,0.8535870079742045,0.5,0.5,6.868913857677903,11.251792828685259,6.655414908579465,402,2,50,0.2,0.5,0.5,stochastic,inheritance,inheritance,0.05
516,1276,708,0.8591769765904348,0.5,0.5,6.637596899224806,11.287617554858935,7.009887005649717,403,2,50,0.2,0.5,0.5,stochastic,inheritance,inheritance,0.05
509,1254,737,0.860075370045145,0.5,0.5,6.6286836935167,11.429824561403509,7.109905020352781,404,2,50,0.2,0.5,0.5,stochastic,inheritance,inheritance,0.05
503,1250,747,0.8716286859653493,0.5,0.5,6.365805168986084,11.484,7.321285140562249,405,2,50,0.2,0.5,0.5,stochastic,inheritance,inheritance,0.05
503,1225,772,0.8721054662218419,0.5,0.5,6.039761431411531,11.391020408163266,7.278497409326425,406,2,50,0.2,0.5,0.5,stochastic,inheritance,inheritance,0.05
496,1232,772,0.8699230896743866,0.5,0.5,5.965725806451613,11.33685064935065,7.41580310880829,407,2,50,0.2,0.5,0.5,stochastic,inheritance,inheritance,0.05
487,1219,794,0.8663919061770172,0.5,0.5,6.137577002053388,11.447908121410993,7.56801007556675,408,2,50,0.2,0.5,0.5,stochastic,inheritance,inheritance,0.05
489,1205,806,0.8629524274269228,0.5,0.5,5.9468302658486705,11.312033195020748,7.626550868486352,409,2,50,0.2,0.5,0.5,stochastic,inheritance,inheritance,0.05
495,1188,817,0.8543584390688433,0.5,0.5,6.022222222222222,11.542087542087542,7.8849449204406366,410,2,50,0.2,0.5,0.5,stochastic,inheritance,inheritance,0.05
522,1185,793,0.8523930068398474,0.5,0.5,5.911877394636015,11.783122362869198,8.056746532156367,411,2,50,0.2,0.5,0.5,stochastic,inheritance,inheritance,0.05
538,1171,791,0.8509969367719952,0.5,0.5,5.842007434944238,11.950469684030743,8.056890012642224,412,2,50,0.2,0.5,0.5,stochastic,inheritance,inheritance,0.05
570,1149,781,0.8541645711842202,0.5,0.5,5.594736842105263,12.162750217580506,7.98719590268886,413,2,50,0.2,0.5,0.5,stochastic,inheritance,inheritance,0.05
580,1131,789,0.8526032958143934,0.5,0.5,5.5568965517241375,11.86472148541114,7.873257287705957,414,2,50,0.2,0.5,0.5,stochastic,inheritance,inheritance,0.05
606,1102,792,0.8520402603139837,0.5,0.5,5.3283828382838285,11.922867513611616,7.5517676767676765,415,2,50,0.2,0.5,0.5,stochastic,inheritance,inheritance,0.05
656,1080,764,0.8513280637986005,0.5,0.5,5.153963414634147,11.922222222222222,7.242146596858639,416,2,50,0.2,0.5,0.5,stochastic,inheritance,inheritance,0.05
657,1062,781,0.8525508742503755,0.5,0.5,5.354642313546423,11.874764595103578,7.015364916773367,417,2,50,0.2,0.5,0.5,stochastic,inheritance,inheritance,0.05
693,1030,777,0.8543714053344306,0.5,0.5,5.552669552669553,11.894174757281553,6.93951093951094,418,2,50,0.2,0.5,0.5,stochastic,inheritance,inheritance,0.05
693,1026,781,0.8572978419592914,0.5,0.5,5.691197691197691,11.614035087719298,6.8117797695262485,419,2,50,0.2,0.5,0.5,stochastic,inheritance,inheritance,0.05
708,1021,771,0.8613869302250378,0.5,0.5,5.762711864406779,11.38197845249755,6.671854734111544,420,2,50,0.2,0.5,0.5,stochastic,inheritance,inheritance,0.05
720,1005,775,0.8606873312957141,0.5,0.5,6.002777777777778,11.178109452736319,6.6812903225806455,421,2,50,0.2,0.5,0.5,stochastic,inheritance,inheritance,0.05
731,998,771,0.85648449306734,0.5,0.5,6.0766073871409025,10.935871743486974,6.69390402075227,422,2,50,0.2,0.5,0.5,stochastic,inheritance,inheritance,0.05
750,982,768,0.8636695663551068,0.5,0.5,6.1466666666666665,10.876782077393075,6.859375,423,2,50,0.2,0.5,0.5,stochastic,inheritance,inheritance,0.05
755,1003,742,0.8647919488058577,0.5,0.5,6.2,10.57826520438684,6.982479784366577,424,2,50,0.2,0.5,0.5,stochastic,inheritance,inheritance,0.05
783,1007,710,0.8657047837069036,0.5,0.5,6.074074074074074,10.320754716981131,6.93943661971831,425,2,50,0.2,0.5,0.5,stochastic,inheritance,inheritance,0.05
791,1031,678,0.8728856426278992,0.5,0.5,6.092288242730721,10.004849660523764,7.18141592920354,426,2,50,0.2,0.5,0.5,stochastic,inheritance,inheritance,0.05
810,1061,629,0.8798370211164986,0.5,0.5,6.050617283950618,9.885014137606031,7.351351351351352,427,2,50,0.2,0.5,0.5,stochastic,inheritance,inheritance,0.05
832,1092,576,0.8813189637205062,0.5,0.5,6.03125,9.762820512820513,7.345486111111111,428,2,50,0.2,0.5,0.5,stochastic,inheritance,inheritance,0.05
866,1097,537,0.8836268487219491,0.5,0.5,6.212471131639723,9.841385597082953,7.284916201117318,429,2,50,0.2,0.5,0.5,stochastic,inheritance,inheritance,0.05
870,1121,509,0.8827269377582069,0.5,0.5,6.498850574712644,10.007136485280999,7.4204322200392925,430,2,50,0.2,0.5,0.5,stochastic,inheritance,inheritance,0.05
849,1155,496,0.8816673798633575,0.5,0.5,6.7856301531213195,10.086580086580087,7.411290322580645,431,2,50,0.2,0.5,0.5,stochastic,inheritance,inheritance,0.05
825,1184,491,0.880318895517534,0.5,0.5,6.872727272727273,9.934966216216216,6.942973523421589,432,2,50,0.2,0.5,0.5,stochastic,inheritance,inheritance,0.05
785,1223,492,0.8795586879629959,0.5,0.5,7.007643312101911,9.739983646770238,6.7073170731707314,433,2,50,0.2,0.5,0.5,stochastic,inheritance,inheritance,0.05
742,1275,483,0.8772190636531818,0.5,0.5,7.099730458221024,9.743529411764706,6.523809523809524,434,2,50,0.2,0.5,0.5,stochastic,inheritance,inheritance,0.05
728,1305,467,0.8756848690264841,0.5,0.5,7.21565934065934,10.059003831417625,6.342612419700214,435,2,50,0.2,0.5,0.5,stochastic,inheritance,inheritance,0.05
723,1320,457,0.8730602214783044,0.5,0.5,7.33609958506224,10.224242424242425,6.205689277899343,436,2,50,0.2,0.5,0.5,stochastic,inheritance,inheritance,0.05
701,1328,471,0.8706730314277855,0.5,0.5,7.5392296718972895,10.466114457831326,6.099787685774947,437,2,50,0.2,0.5,0.5,stochastic,inheritance,inheritance,0.05
668,1346,486,0.8695255932764736,0.5,0.5,7.735029940119761,10.661218424962852,6.016460905349795,438,2,50,0.2,0.5,0.5,stochastic,inheritance,inheritance,0.05
634,1368,498,0.8697694328395849,0.5,0.5,7.914826498422713,10.808479532163743,5.923694779116466,439,2,50,0.2,0.5,0.5,stochastic,inheritance,inheritance,0.05
595,1371,534,0.8691884281747343,0.5,0.5,8.191596638655462,10.903719912472647,5.647940074906367,440,2,50,0.2,0.5,0.5,stochastic,inheritance,inheritance,0.05
538,1402,560,0.8659391302894462,0.5,0.5,8.115241635687733,10.905135520684736,5.682142857142857,441,2,50,0.2,0.5,0.5,stochastic,inheritance,inheritance,0.05
476,1384,640,0.8638040662773043,0.5,0.5,8.483193277310924,10.91835260115607,5.6796875,442,2,50,0.2,0.5,0.5,stochastic,inheritance,inheritance,0.05
434,1368,698,0.865668832426707,0.5,0.5,8.435483870967742,11.029970760233919,5.636103151862464,443,2,50,0.2,0.5,0.5,stochastic,inheritance,inheritance,0.05
411,1359,730,0.8673829604848873,0.5,0.5,7.766423357664234,11.058866813833701,5.810958904109589,444,2,50,0.2,0.5,0.5,stochastic,inheritance,inheritance,0.05
407,1333,760,0.8608444218155556,0.5,0.5,6.815724815724816,11.196549137284322,5.964473684210526,445,2,50,0.2,0.5,0.5,stochastic,inheritance,inheritance,0.05
411,1293,796,0.8618398727250058,0.5,0.5,6.418491484184915,11.549883990719257,6.190954773869347,446,2,50,0.2,0.5,0.5,stochastic,inheritance,inheritance,0.05
392,1266,842,0.8601800371246461,0.5,0.5,6.058673469387755,11.644549763033176,6.521377672209026,447,2,50,0.2,0.5,0.5,stochastic,inheritance,inheritance,0.05
415,1223,862,0.857781524246579,0.5,0.5,5.578313253012048,11.887980376124284,6.788863109048724,448,2,50,0.2,0.5,0.5,stochastic,inheritance,inheritance,0.05
442,1179,879,0.85546647348622,0.5,0.5,5.291855203619909,12.021204410517388,7.018202502844141,449,2,50,0.2,0.5,0.5,stochastic,inheritance,inheritance,0.05
442,1140,918,0.8515602731618955,0.5,0.5,5.149321266968326,12.14298245614035,7.157952069716775,450,2,50,0.2,0.5,0.5,stochastic,inheritance,inheritance,0.05
473,1102,925,0.8469286707045737,0.5,0.5,5.133192389006343,12.374773139745917,7.341621621621622,451,2,50,0.2,0.5,0.5,stochastic,inheritance,inheritance,0.05
513,1053,934,0.8451933065480993,0.5,0.5,5.091617933723197,12.757834757834758,7.584582441113491,452,2,50,0.2,0.5,0.5,stochastic,inheritance,inheritance,0.05
555,1015,930,0.84586719450185,0.5,0.5,5.118918918918919,13.14975369458128,7.816129032258065,453,2,50,0.2,0.5,0.5,stochastic,inheritance,inheritance,0.05
591,972,937,0.8388667033995449,0.5,0.5,5.233502538071066,13.468106995884774,7.940234791889007,454,2,50,0.2,0.5,0.5,stochastic,inheritance,inheritance,0.05
649,944,907,0.8375515465803558,0.5,0.5,5.1987673343605545,13.485169491525424,8.081587651598676,455,2,50,0.2,0.5,0.5,stochastic,inheritance,inheritance,0.05
706,891,903,0.8380892092753147,0.5,0.5,5.4164305949008495,13.78675645342312,8.30454042081949,456,2,50,0.2,0.5,0.5,stochastic,inheritance,inheritance,0.05
775,856,869,0.8360448578223867,0.5,0.5,5.565161290322581,13.882009345794392,8.434982738780207,457,2,50,0.2,0.5,0.5,stochastic,inheritance,inheritance,0.05
821,843,836,0.8332592782257782,0.5,0.5,5.69305724725944,13.529062870699882,8.495215311004785,458,2,50,0.2,0.5,0.5,stochastic,inheritance,inheritance,0.05
878,844,778,0.8344904698850171,0.5,0.5,5.715261958997722,13.25,8.58611825192802,459,2,50,0.2,0.5,0.5,stochastic,inheritance,inheritance,0.05
907,865,728,0.8362067394817946,0.5,0.5,5.7640573318632855,12.48670520231214,8.686813186813186,460,2,50,0.2,0.5,0.5,stochastic,inheritance,inheritance,0.05
924,896,680,0.8334796978183933,0.5,0.5,5.81926406926407,11.661830357142858,8.454411764705883,461,2,50,0.2,0.5,0.5,stochastic,inheritance,inheritance,0.05
941,893,666,0.8335897925154586,0.5,0.5,6.088204038257174,11.122060470324747,8.055555555555555,462,2,50,0.2,0.5,0.5,stochastic,inheritance,inheritance,0.05
947,903,650,0.8375709632284015,0.5,0.5,6.2946145723336855,10.481727574750831,7.7384615384615385,463,2,50,0.2,0.5,0.5,stochastic,inheritance,inheritance,0.05
959,944,597,0.8417300064482592,0.5,0.5,6.526590198123045,10.059322033898304,7.422110552763819,464,2,50,0.2,0.5,0.5,stochastic,inheritance,inheritance,0.05
964,970,566,0.8419701482991471,0.5,0.5,6.772821576763485,9.774226804123712,7.178445229681979,465,2,50,0.2,0.5,0.5,stochastic,inheritance,inheritance,0.05
957,976,567,0.8457302522813724,0.5,0.5,7.206896551724138,9.510245901639344,6.735449735449736,466,2,50,0.2,0.5,0.5,stochastic,inheritance,inheritance,0.05
938,1009,553,0.8480782010336289,0.5,0.5,7.357142857142857,9.231912784935579,6.555153707052441,467,2,50,0.2,0.5,0.5,stochastic,inheritance,inheritance,0.05
942,1020,538,0.8486004146340463,0.5,0.5,7.647558386411889,9.275490196078431,6.314126394052044,468,2,50,0.2,0.5,0.5,stochastic,inheritance,inheritance,0.05
912,1045,543,0.8513164331158826,0.5,0.5,7.87390350877193,9.073684210526316,6.226519337016574,469,2,50,0.2,0.5,0.5,stochastic,inheritance,inheritance,0.05
927,1050,523,0.8543733039567813,0.5,0.5,7.952535059331176,9.075238095238095,6.053537284894838,470,2,50,0.2,0.5,0.5,stochastic,inheritance,inheritance,0.05
908,1088,504,0.8550005892931748,0.5,0.5,8.19603524229075,9.036764705882353,6.2063492063492065,471,2,50,0.2,0.5,0.5,stochastic,inheritance,inheritance,0.05
864,1127,509,0.8589548946029806,0.5,0.5,8.31712962962963,8.975155279503106,6.133595284872299,472,2,50,0.2,0.5,0.5,stochastic,inheritance,inheritance,0.05
851,1154,495,0.8617235579672129,0.5,0.5,8.477085781433608,9.092720970537261,6.191919191919192,473,2,50,0.2,0.5,0.5,stochastic,inheritance,inheritance,0.05
800,1219,481,0.8648057980857796,0.5,0.5,8.5875,9.019688269073011,6.326403326403327,474,2,50,0.2,0.5,0.5,stochastic,inheritance,inheritance,0.05
788,1238,474,0.8664772511712046,0.5,0.5,8.539340101522843,9.196284329563813,6.198312236286919,475,2,50,0.2,0.5,0.5,stochastic,inheritance,inheritance,0.05
787,1259,454,0.8662757724371779,0.5,0.5,8.476493011435831,9.414614773629864,6.0881057268722465,476,2,50,0.2,0.5,0.5,stochastic,inheritance,inheritance,0.05
747,1300,453,0.8682387367689666,0.5,0.5,8.666666666666666,9.617692307692307,6.245033112582782,477,2,50,0.2,0.5,0.5,stochastic,inheritance,inheritance,0.05
719,1334,447,0.8688638470782903,0.5,0.5,8.662030598052851,9.772113943028486,5.9284116331096195,478,2,50,0.2,0.5,0.5,stochastic,inheritance,inheritance,0.05
707,1374,419,0.8712186525713705,0.5,0.5,8.551626591230551,10.03566229985444,5.990453460620525,479,2,50,0.2,0.5,0.5,stochastic,inheritance,inheritance,0.05
693,1369,438,0.8725808734730655,0.5,0.5,8.59018759018759,10.301680058436816,5.69406392694064,480,2,50,0.2,0.5,0.5,stochastic,inheritance,inheritance,0.05
665,1383,452,0.8725047219273134,0.5,0.5,8.451127819548873,10.355025307302965,5.495575221238938,481,2,50,0.2,0.5,0.5,stochastic,inheritance,inheritance,0.05
621,1383,496,0.8716026546925936,0.5,0.5,8.582930756843801,10.449746926970354,5.286290322580645,482,2,50,0.2,0.5,0.5,stochastic,inheritance,inheritance,0.05
598,1383,519,0.8714470272395098,0.5,0.5,8.67056856187291,10.751265365148228,5.300578034682081,483,2,50,0.2,0.5,0.5,stochastic,inheritance,inheritance,0.05
571,1374,555,0.8712362068060865,0.5,0.5,8.35551663747811,10.87117903930131,5.16036036036036,484,2,50,0.2,0.5,0.5,stochastic,inheritance,inheritance,0.05
539,1381,580,0.8728869036721666,0.5,0.5,8.053803339517625,10.966690803765387,5.244827586206896,485,2,50,0.2,0.5,0.5,stochastic,inheritance,inheritance,0.05
500,1397,603,0.8733147843507957,0.5,0.5,7.848,11.043664996420901,5.467661691542289,486,2,50,0.2,0.5,0.5,stochastic,inheritance,inheritance,0.05
473,1412,615,0.8736093484783072,0.5,0.5,7.547568710359408,11.288243626062323,5.837398373983739,487,2,50,0.2,0.5,0.5,stochastic,inheritance,inheritance,0.05
465,1391,644,0.8738196597096493,0.5,0.5,7.068817204301075,11.511861969805896,5.869565217391305,488,2,50,0.2,0.5,0.5,stochastic,inheritance,inheritance,0.05
444,1393,663,0.8728491855103648,0.5,0.5,6.725225225225225,11.7494615936827,6.197586726998492,489,2,50,0.2,0.5,0.5,stochastic,inheritance,inheritance,0.05
443,1363,694,0.8685577591296976,0.5,0.5,6.584650112866817,12.068231841526046,6.2982708933717575,490,2,50,0.2,0.5,0.5,stochastic,inheritance,inheritance,0.05
445,1314,741,0.8673231677109616,0.5,0.5,6.557303370786517,12.429223744292237,6.43859649122807,491,2,50,0.2,0.5,0.5,stochastic,inheritance,inheritance,0.05
455,1258,787,0.8678851900395316,0.5,0.5,6.263736263736264,12.812400635930048,6.4002541296060995,492,2,50,0.2,0.5,0.5,stochastic,inheritance,inheritance,0.05
457,1239,804,0.8629891052947304,0.5,0.5,6.352297592997812,12.979822437449556,6.7450248756218905,493,2,50,0.2,0.5,0.5,stochastic,inheritance,inheritance,0.05
476,1206,818,0.8603804314205956,0.5,0.5,6.201680672268908,13.099502487562189,6.947432762836185,494,2,50,0.2,0.5,0.5,stochastic,inheritance,inheritance,0.05
518,1145,837,0.8633256592019644,0.5,0.5,6.104247104247104,13.543231441048034,7.180406212664277,495,2,50,0.2,0.5,0.5,stochastic,inheritance,inheritance,0.05
544,1120,836,0.8641391939908726,0.5,0.5,5.904411764705882,13.509821428571428,7.3433014354066986,496,2,50,0.2,0.5,0.5,stochastic,inheritance,inheritance,0.05
561,1085,854,0.8667578628671148,0.5,0.5,5.967914438502674,13.647926267281106,7.467213114754099,497,2,50,0.2,0.5,0.5,stochastic,inheritance,inheritance,0.05
567,1083,850,0.8681419076373557,0.5,0.5,5.813051146384479,13.477377654662973,7.674117647058823,498,2,50,0.2,0.5,0.5,stochastic,inheritance,inheritance,0.05
626,1052,822,0.8696083247038324,0.5,0.5,5.6501597444089455,13.533269961977187,7.750608272506082,499,2,50,0.2,0.5,0.5,stochastic,inheritance,inheritance,0.05
845,834,821,0.2,0.5,0.5,0.0,0.0,0.0,0,3,50,0.2,0.5,0.5,stochastic,inheritance,inheritance,0.05
779,833,888,0.2009571655362808,0.5,0.5,1.0,1.0,1.0,1,3,50,0.2,0.5,0.5,stochastic,inheritance,inheritance,0.05
712,805,983,0.20065644678336325,0.5,0.5,1.928370786516854,1.8645962732919255,1.854526958290946,2,3,50,0.2,0.5,0.5,stochastic,inheritance,inheritance,0.05
696,728,1076,0.2011085070594826,0.5,0.5,2.7758620689655173,2.6744505494505493,2.5975836431226766,3,3,50,0.2,0.5,0.5,stochastic,inheritance,inheritance,0.05
657,681,1162,0.20028032000715223,0.5,0.5,3.549467275494673,3.3245227606461087,3.283132530120482,4,3,50,0.2,0.5,0.5,stochastic,inheritance,inheritance,0.05
658,632,1210,0.20090295880795214,0.5,0.5,4.229483282674772,4.050632911392405,3.98099173553719,5,3,50,0.2,0.5,0.5,stochastic,inheritance,inheritance,0.05
645,589,1266,0.20176674030372532,0.5,0.5,4.905426356589147,4.638370118845501,4.648499210110584,6,3,50,0.2,0.5,0.5,stochastic,inheritance,inheritance,0.05
642,497,1361,0.20303004464491767,0.5,0.5,5.524922118380062,5.142857142857143,5.155033063923586,7,3,50,0.2,0.5,0.5,stochastic,inheritance,inheritance,0.05
663,442,1395,0.20353719922136287,0.5,0.5,5.944193061840121,5.601809954751131,5.774910394265233,8,3,50,0.2,0.5,0.5,stochastic,inheritance,inheritance,0.05
677,376,1447,0.2061317377318057,0.5,0.5,6.401772525849335,5.76595744680851,6.302695231513476,9,3,50,0.2,0.5,0.5,stochastic,inheritance,inheritance,0.05
703,340,1457,0.2088240150958496,0.5,0.5,6.795163584637269,5.991176470588235,6.941660947151681,10,3,50,0.2,0.5,0.5,stochastic,inheritance,inheritance,0.05
735,306,1459,0.21075919285970807,0.5,0.5,7.093877551020408,6.15359477124183,7.55586017820425,11,3,50,0.2,0.5,0.5,stochastic,inheritance,inheritance,0.05
772,285,1443,0.21278294070742304,0.5,0.5,7.347150259067358,6.136842105263158,8.16839916839917,12,3,50,0.2,0.5,0.5,stochastic,inheritance,inheritance,0.05
830,256,1414,0.2121254649075576,0.5,0.5,7.537349397590361,6.39453125,8.806930693069306,13,3,50,0.2,0.5,0.5,stochastic,inheritance,inheritance,0.05
883,250,1367,0.21308766921522782,0.5,0.5,7.8493771234428085,6.692,9.572787125091441,14,3,50,0.2,0.5,0.5,stochastic,inheritance,inheritance,0.05
933,225,1342,0.21382581365387682,0.5,0.5,8.117899249732048,6.688888888888889,10.175856929955291,15,3,50,0.2,0.5,0.5,stochastic,inheritance,inheritance,0.05
993,217,1290,0.21509876280470575,0.5,0.5,8.366565961732125,6.907834101382488,10.868217054263566,16,3,50,0.2,0.5,0.5,stochastic,inheritance,inheritance,0.05
1055,190,1255,0.21653726875376525,0.5,0.5,8.685308056872039,7.015789473684211,11.37211155378486,17,3,50,0.2,0.5,0.5,stochastic,inheritance,inheritance,0.05
1088,207,1205,0.21866617880369066,0.5,0.5,9.109375,6.661835748792271,12.081327800829875,18,3,50,0.2,0.5,0.5,stochastic,inheritance,inheritance,0.05
1138,214,1148,0.22012597637704015,0.5,0.5,9.37609841827768,6.369158878504673,12.690766550522648,19,3,50,0.2,0.5,0.5,stochastic,inheritance,inheritance,0.05
1176,217,1107,0.22215750641074294,0.5,0.5,9.80187074829932,6.548387096774194,13.309846431797652,20,3,50,0.2,0.5,0.5,stochastic,inheritance,inheritance,0.05
1202,227,1071,0.22425544766012803,0.5,0.5,10.23793677204659,6.41409691629956,13.84873949579832,21,3,50,0.2,0.5,0.5,stochastic,inheritance,inheritance,0.05
1243,209,1048,0.22584107858041877,0.5,0.5,10.589702333065166,6.4066985645933014,14.166030534351146,22,3,50,0.2,0.5,0.5,stochastic,inheritance,inheritance,0.05
1290,220,990,0.22652158704272932,0.5,0.5,10.877519379844962,6.154545454545454,14.653535353535354,23,3,50,0.2,0.5,0.5,stochastic,inheritance,inheritance,0.05
1318,231,951,0.22819274106757814,0.5,0.5,11.216995447647951,5.627705627705628,14.944269190325972,24,3,50,0.2,0.5,0.5,stochastic,inheritance,inheritance,0.05
1354,233,913,0.2303177620143206,0.5,0.5,11.617429837518463,5.5965665236051505,15.288061336254108,25,3,50,0.2,0.5,0.5,stochastic,inheritance,inheritance,0.05
1392,245,863,0.2323083052805535,0.5,0.5,11.964080459770114,5.771428571428571,15.68018539976825,26,3,50,0.2,0.5,0.5,stochastic,inheritance,inheritance,0.05
1414,266,820,0.23338132935620468,0.5,0.5,12.386845827439886,5.849624060150376,16.253658536585366,27,3,50,0.2,0.5,0.5,stochastic,inheritance,inheritance,0.05
1432,286,782,0.2351040757793672,0.5,0.5,12.840782122905027,5.776223776223776,16.61764705882353,28,3,50,0.2,0.5,0.5,stochastic,inheritance,inheritance,0.05
1446,319,735,0.23631545685937458,0.5,0.5,13.06984785615491,5.686520376175548,16.80952380952381,29,3,50,0.2,0.5,0.5,stochastic,inheritance,inheritance,0.05
1451,343,706,0.23846114044505073,0.5,0.5,13.461061337008958,5.6209912536443145,16.793201133144475,30,3,50,0.2,0.5,0.5,stochastic,inheritance,inheritance,0.05
1456,361,683,0.23879789370982388,0.5,0.5,13.929258241758241,5.653739612188366,16.699853587115665,31,3,50,0.2,0.5,0.5,stochastic,inheritance,inheritance,0.05
1446,374,680,0.23858253076574715,0.5,0.5,14.544951590594744,5.831550802139038,16.601470588235294,32,3,50,0.2,0.5,0.5,stochastic,inheritance,inheritance,0.05
1421,416,663,0.24013974801259164,0.5,0.5,14.936664320900775,5.615384615384615,16.520361990950228,33,3,50,0.2,0.5,0.5,stochastic,inheritance,inheritance,0.05
1421,417,662,0.24158650759437345,0.5,0.5,15.30752990851513,5.793764988009593,16.01510574018127,34,3,50,0.2,0.5,0.5,stochastic,inheritance,inheritance,0.05
1409,450,641,0.24358837421456087,0.5,0.5,15.721788502484031,5.977777777777778,16.162246489859594,35,3,50,0.2,0.5,0.5,stochastic,inheritance,inheritance,0.05
1410,452,638,0.24382170316816443,0.5,0.5,16.01560283687943,6.117256637168142,15.699059561128527,36,3,50,0.2,0.5,0.5,stochastic,inheritance,inheritance,0.05
1370,489,641,0.24518775171149418,0.5,0.5,16.502189781021897,6.137014314928425,15.51638065522621,37,3,50,0.2,0.5,0.5,stochastic,inheritance,inheritance,0.05
1360,511,629,0.24733371638489743,0.5,0.5,16.733823529411765,6.217221135029354,14.75516693163752,38,3,50,0.2,0.5,0.5,stochastic,inheritance,inheritance,0.05
1320,542,638,0.2513875222448379,0.5,0.5,17.00151515151515,6.173431734317343,14.068965517241379,39,3,50,0.2,0.5,0.5,stochastic,inheritance,inheritance,0.05
1319,545,636,0.2538109586895602,0.5,0.5,17.24639878695982,6.370642201834863,13.257861635220126,40,3,50,0.2,0.5,0.5,stochastic,inheritance,inheritance,0.05
1277,559,664,0.25542097499875777,0.5,0.5,17.691464369616288,6.339892665474061,12.912650602409638,41,3,50,0.2,0.5,0.5,stochastic,inheritance,inheritance,0.05
1275,546,679,0.25733160238172653,0.5,0.5,17.88,6.335164835164835,12.098674521354933,42,3,50,0.2,0.5,0.5,stochastic,inheritance,inheritance,0.05
1249,557,694,0.2584999463290025,0.5,0.5,18.264211369095275,6.33572710951526,11.956772334293948,43,3,50,0.2,0.5,0.5,stochastic,inheritance,inheritance,0.05
1221,565,714,0.26134488323695254,0.5,0.5,18.461916461916463,6.334513274336283,11.644257703081232,44,3,50,0.2,0.5,0.5,stochastic,inheritance,inheritance,0.05
1168,619,713,0.2635894026671459,0.5,0.5,18.625856164383563,6.3021001615508885,11.580645161290322,45,3,50,0.2,0.5,0.5,stochastic,inheritance,inheritance,0.05
1133,639,728,0.26449953067232457,0.5,0.5,18.77758164165931,6.355242566510172,11.37912087912088,46,3,50,0.2,0.5,0.5,stochastic,inheritance,inheritance,0.05
1067,685,748,0.266699499973733,0.5,0.5,18.77788191190253,6.24963503649635,11.296791443850267,47,3,50,0.2,0.5,0.5,stochastic,inheritance,inheritance,0.05
1021,709,770,0.268517555168221,0.5,0.5,19.193927522037217,6.4668547249647395,11.384415584415585,48,3,50,0.2,0.5,0.5,stochastic,inheritance,inheritance,0.05
965,737,798,0.2722935980458776,0.5,0.5,19.29015544041451,6.4640434192673,11.240601503759398,49,3,50,0.2,0.5,0.5,stochastic,inheritance,inheritance,0.05
912,754,834,0.2743523942754711,0.5,0.5,19.08114035087719,6.489389920424403,11.157074340527577,50,3,50,0.2,0.5,0.5,stochastic,inheritance,inheritance,0.05
870,764,866,0.2765763447251902,0.5,0.5,18.971264367816094,6.636125654450262,11.27944572748268,51,3,50,0.2,0.5,0.5,stochastic,inheritance,inheritance,0.05
840,785,875,0.2788625822687106,0.5,0.5,18.526190476190475,6.755414012738854,11.392,52,3,50,0.2,0.5,0.5,stochastic,inheritance,inheritance,0.05
825,769,906,0.283615747274417,0.5,0.5,18.064242424242423,6.989596879063719,11.397350993377483,53,3,50,0.2,0.5,0.5,stochastic,inheritance,inheritance,0.05
822,779,899,0.28931411162144044,0.5,0.5,17.15815085158151,7.2284980744544285,11.552836484983315,54,3,50,0.2,0.5,0.5,stochastic,inheritance,inheritance,0.05
793,780,927,0.29414079881474037,0.5,0.5,16.580075662042876,7.4512820512820515,11.495145631067961,55,3,50,0.2,0.5,0.5,stochastic,inheritance,inheritance,0.05
773,767,960,0.2976999660815343,0.5,0.5,16.272962483829236,7.670143415906128,11.492708333333333,56,3,50,0.2,0.5,0.5,stochastic,inheritance,inheritance,0.05
754,746,1000,0.30188642278555455,0.5,0.5,15.712201591511937,7.662198391420912,11.205,57,3,50,0.2,0.5,0.5,stochastic,inheritance,inheritance,0.05
737,731,1032,0.305138730036247,0.5,0.5,15.354138398914518,7.719562243502052,11.234496124031008,58,3,50,0.2,0.5,0.5,stochastic,inheritance,inheritance,0.05
735,715,1050,0.3078868257426328,0.5,0.5,14.923809523809524,8.004195804195804,11.197142857142858,59,3,50,0.2,0.5,0.5,stochastic,inheritance,inheritance,0.05
727,679,1094,0.31350571083546325,0.5,0.5,14.239339752407153,8.019145802650957,11.113345521023765,60,3,50,0.2,0.5,0.5,stochastic,inheritance,inheritance,0.05
733,652,1115,0.32128239434882716,0.5,0.5,13.757162346521145,8.153374233128835,11.23677130044843,61,3,50,0.2,0.5,0.5,stochastic,inheritance,inheritance,0.05
738,645,1117,0.3286136266597868,0.5,0.5,12.880758807588077,8.272868217054263,11.375111906893464,62,3,50,0.2,0.5,0.5,stochastic,inheritance,inheritance,0.05
754,620,1126,0.3368047255200031,0.5,0.5,12.574270557029177,8.501612903225807,11.650088809946714,63,3,50,0.2,0.5,0.5,stochastic,inheritance,inheritance,0.05
761,610,1129,0.3408332541555006,0.5,0.5,12.11826544021025,8.526229508196721,11.811337466784765,64,3,50,0.2,0.5,0.5,stochastic,inheritance,inheritance,0.05
765,583,1152,0.3468477131178362,0.5,0.5,12.120261437908496,8.644939965694682,11.944444444444445,65,3,50,0.2,0.5,0.5,stochastic,inheritance,inheritance,0.05
782,552,1166,0.3522546428183467,0.5,0.5,11.998721227621484,8.764492753623188,12.019725557461406,66,3,50,0.2,0.5,0.5,stochastic,inheritance,inheritance,0.05
802,508,1190,0.35477510895207687,0.5,0.5,11.685785536159601,8.68503937007874,12.031932773109244,67,3,50,0.2,0.5,0.5,stochastic,inheritance,inheritance,0.05
818,479,1203,0.35707352988706015,0.5,0.5,11.772616136919316,8.588726513569938,12.098919368246051,68,3,50,0.2,0.5,0.5,stochastic,inheritance,inheritance,0.05
845,461,1194,0.36263252754986564,0.5,0.5,11.614201183431952,8.546637744034706,12.436348408710218,69,3,50,0.2,0.5,0.5,stochastic,inheritance,inheritance,0.05
875,455,1170,0.36893148081036625,0.5,0.5,11.529142857142856,8.648351648351648,12.628205128205128,70,3,50,0.2,0.5,0.5,stochastic,inheritance,inheritance,0.05
914,434,1152,0.3719679224695303,0.5,0.5,11.258205689277899,8.421658986175116,12.702256944444445,71,3,50,0.2,0.5,0.5,stochastic,inheritance,inheritance,0.05
938,414,1148,0.37248545848042114,0.5,0.5,11.242004264392325,8.292270531400966,12.87979094076655,72,3,50,0.2,0.5,0.5,stochastic,inheritance,inheritance,0.05
973,402,1125,0.3766997394451535,0.5,0.5,11.233299075025693,8.18407960199005,13.099555555555556,73,3,50,0.2,0.5,0.5,stochastic,inheritance,inheritance,0.05
997,394,1109,0.37835257087291313,0.5,0.5,11.292878635907723,7.99492385786802,13.235347159603247,74,3,50,0.2,0.5,0.5,stochastic,inheritance,inheritance,0.05
1019,400,1081,0.3839832791680037,0.5,0.5,11.071638861629047,7.37,13.198889916743756,75,3,50,0.2,0.5,0.5,stochastic,inheritance,inheritance,0.05
1042,389,1069,0.39119910601907243,0.5,0.5,11.259117082533589,7.305912596401028,13.422825070159027,76,3,50,0.2,0.5,0.5,stochastic,inheritance,inheritance,0.05
1074,387,1039,0.3920042426734882,0.5,0.5,11.262569832402235,7.2118863049095605,13.56689124157844,77,3,50,0.2,0.5,0.5,stochastic,inheritance,inheritance,0.05
1107,396,997,0.3965219898585834,0.5,0.5,11.357723577235772,6.9646464646464645,13.877632898696088,78,3,50,0.2,0.5,0.5,stochastic,inheritance,inheritance,0.05
1137,413,950,0.40107536082215667,0.5,0.5,11.309586631486368,6.803874092009686,14.138947368421052,79,3,50,0.2,0.5,0.5,stochastic,inheritance,inheritance,0.05
1172,400,928,0.40653999272705216,0.5,0.5,11.563993174061434,6.5075,14.352370689655173,80,3,50,0.2,0.5,0.5,stochastic,inheritance,inheritance,0.05
1184,424,892,0.4100961867720613,0.5,0.5,11.653716216216216,6.183962264150943,14.576233183856502,81,3,50,0.2,0.5,0.5,stochastic,inheritance,inheritance,0.05
1194,458,848,0.4141403519537319,0.5,0.5,11.675041876046901,6.200873362445415,15.180424528301886,82,3,50,0.2,0.5,0.5,stochastic,inheritance,inheritance,0.05
1219,492,789,0.41679084123844135,0.5,0.5,11.689909762100083,6.235772357723577,15.65019011406844,83,3,50,0.2,0.5,0.5,stochastic,inheritance,inheritance,0.05
1216,544,740,0.4170020790984195,0.5,0.5,11.800986842105264,6.220588235294118,15.985135135135135,84,3,50,0.2,0.5,0.5,stochastic,inheritance,inheritance,0.05
1195,597,708,0.4178045380216329,0.5,0.5,11.931380753138075,6.21608040201005,16.16949152542373,85,3,50,0.2,0.5,0.5,stochastic,inheritance,inheritance,0.05
1176,637,687,0.4178476847660589,0.5,0.5,12.034013605442176,6.160125588697017,15.997088791848617,86,3,50,0.2,0.5,0.5,stochastic,inheritance,inheritance,0.05
1168,681,651,0.4188186665054088,0.5,0.5,12.070205479452055,6.359765051395008,16.112135176651307,87,3,50,0.2,0.5,0.5,stochastic,inheritance,inheritance,0.05
1138,719,643,0.41453414804486033,0.5,0.5,12.392794376098418,6.4061196105702365,15.601866251944012,88,3,50,0.2,0.5,0.5,stochastic,inheritance,inheritance,0.05
1125,729,646,0.4145010447741,0.5,0.5,12.602666666666666,6.714677640603567,14.558823529411764,89,3,50,0.2,0.5,0.5,stochastic,inheritance,inheritance,0.05
1109,760,631,0.4175927786776332,0.5,0.5,12.495040577096484,6.856578947368421,14.109350237717909,90,3,50,0.2,0.5,0.5,stochastic,inheritance,inheritance,0.05
1074,792,634,0.41946603293879553,0.5,0.5,12.616387337057729,6.859848484848484,13.552050473186119,91,3,50,0.2,0.5,0.5,stochastic,inheritance,inheritance,0.05
1059,820,621,0.4238201649083842,0.5,0.5,12.480642115203022,6.9975609756097565,12.847020933977456,92,3,50,0.2,0.5,0.5,stochastic,inheritance,inheritance,0.05
1031,842,627,0.4294648953721651,0.5,0.5,12.471387002909797,7.18646080760095,12.457735247208932,93,3,50,0.2,0.5,0.5,stochastic,inheritance,inheritance,0.05
1023,851,626,0.43429090563657463,0.5,0.5,12.441837732160312,7.386603995299647,11.782747603833865,94,3,50,0.2,0.5,0.5,stochastic,inheritance,inheritance,0.05
1019,849,632,0.4380991133927217,0.5,0.5,12.527968596663396,7.539458186101296,10.808544303797468,95,3,50,0.2,0.5,0.5,stochastic,inheritance,inheritance,0.05
1014,846,640,0.4446436018716309,0.5,0.5,12.64102564102564,7.822695035460993,10.3421875,96,3,50,0.2,0.5,0.5,stochastic,inheritance,inheritance,0.05
1002,857,641,0.4580403919420474,0.5,0.5,12.410179640718562,7.795799299883314,9.614664586583464,97,3,50,0.2,0.5,0.5,stochastic,inheritance,inheritance,0.05
980,857,663,0.4623019207987999,0.5,0.5,12.603061224489796,7.962660443407234,9.27450980392157,98,3,50,0.2,0.5,0.5,stochastic,inheritance,inheritance,0.05
956,863,681,0.4708771870032558,0.5,0.5,12.70397489539749,8.040556199304751,8.945668135095447,99,3,50,0.2,0.5,0.5,stochastic,inheritance,inheritance,0.05
947,858,695,0.4806428965207579,0.5,0.5,12.538542766631467,8.158508158508159,8.562589928057553,100,3,50,0.2,0.5,0.5,stochastic,inheritance,inheritance,0.05
933,877,690,0.49327785098754184,0.5,0.5,12.458735262593784,8.21550741163056,8.715942028985507,101,3,50,0.2,0.5,0.5,stochastic,inheritance,inheritance,0.05
916,884,700,0.5024536083821014,0.5,0.5,12.503275109170305,8.19683257918552,8.608571428571429,102,3,50,0.2,0.5,0.5,stochastic,inheritance,inheritance,0.05
903,899,698,0.5135245605265681,0.5,0.5,12.284606866002214,8.230255839822025,8.554441260744985,103,3,50,0.2,0.5,0.5,stochastic,inheritance,inheritance,0.05
901,886,713,0.5257603046068907,0.5,0.5,12.063263041065483,8.086907449209932,8.276297335203367,104,3,50,0.2,0.5,0.5,stochastic,inheritance,inheritance,0.05
875,903,722,0.5317908873431961,0.5,0.5,12.12,7.980066445182724,8.24792243767313,105,3,50,0.2,0.5,0.5,stochastic,inheritance,inheritance,0.05
868,931,701,0.5382393565848421,0.5,0.5,12.061059907834101,8.210526315789474,8.533523537803138,106,3,50,0.2,0.5,0.5,stochastic,inheritance,inheritance,0.05
823,978,699,0.5480222258523704,0.5,0.5,11.504252733900364,8.113496932515337,8.629470672389127,107,3,50,0.2,0.5,0.5,stochastic,inheritance,inheritance,0.05
782,1004,714,0.5538026699736217,0.5,0.5,11.31074168797954,7.991035856573705,8.57282913165266,108,3,50,0.2,0.5,0.5,stochastic,inheritance,inheritance,0.05
772,1021,707,0.565181233146521,0.5,0.5,10.847150259067357,8.000979431929482,8.386138613861386,109,3,50,0.2,0.5,0.5,stochastic,inheritance,inheritance,0.05
753,1038,709,0.5783913754393072,0.5,0.5,10.269588313413015,8.11271676300578,8.126939351198871,110,3,50,0.2,0.5,0.5,stochastic,inheritance,inheritance,0.05
735,1053,712,0.5934223959207428,0.5,0.5,10.016326530612245,8.26400759734093,8.259831460674157,111,3,50,0.2,0.5,0.5,stochastic,inheritance,inheritance,0.05
752,1049,699,0.6118748284331001,0.5,0.5,9.180851063829786,8.464251668255482,8.180257510729614,112,3,50,0.2,0.5,0.5,stochastic,inheritance,inheritance,0.05
744,1062,694,0.6189720881995836,0.5,0.5,8.768817204301076,8.688323917137476,8.269452449567723,113,3,50,0.2,0.5,0.5,stochastic,inheritance,inheritance,0.05
749,1040,711,0.6273181423092096,0.5,0.5,8.60347129506008,8.90673076923077,8.195499296765119,114,3,50,0.2,0.5,0.5,stochastic,inheritance,inheritance,0.05
764,1030,706,0.6390105294049734,0.5,0.5,8.256544502617801,9.23106796116505,8.211048158640226,115,3,50,0.2,0.5,0.5,stochastic,inheritance,inheritance,0.05
760,1022,718,0.6409804052886181,0.5,0.5,8.185526315789474,9.402152641878669,8.13649025069638,116,3,50,0.2,0.5,0.5,stochastic,inheritance,inheritance,0.05
755,1016,729,0.6383488237977017,0.5,0.5,8.10066225165563,9.405511811023622,8.10562414266118,117,3,50,0.2,0.5,0.5,stochastic,inheritance,inheritance,0.05
739,986,775,0.636766672615479,0.5,0.5,8.139377537212448,9.427991886409737,7.790967741935484,118,3,50,0.2,0.5,0.5,stochastic,inheritance,inheritance,0.05
732,967,801,0.6319823339757525,0.5,0.5,8.491803278688524,9.638055842812824,7.906367041198502,119,3,50,0.2,0.5,0.5,stochastic,inheritance,inheritance,0.05
724,948,828,0.632534620286289,0.5,0.5,8.585635359116022,9.565400843881857,7.786231884057971,120,3,50,0.2,0.5,0.5,stochastic,inheritance,inheritance,0.05
708,929,863,0.6309557633731264,0.5,0.5,8.730225988700566,9.703982777179764,7.740440324449595,121,3,50,0.2,0.5,0.5,stochastic,inheritance,inheritance,0.05
713,901,886,0.6277878140517552,0.5,0.5,8.816269284712483,9.736958934517203,7.72234762979684,122,3,50,0.2,0.5,0.5,stochastic,inheritance,inheritance,0.05
717,880,903,0.6243434774028375,0.5,0.5,8.811715481171548,9.730681818181818,7.7718715393134,123,3,50,0.2,0.5,0.5,stochastic,inheritance,inheritance,0.05
724,854,922,0.6273034336328324,0.5,0.5,8.61049723756906,9.646370023419204,7.887201735357918,124,3,50,0.2,0.5,0.5,stochastic,inheritance,inheritance,0.05
704,836,960,0.6214554165443076,0.5,0.5,8.508522727272727,9.442583732057416,7.988541666666666,125,3,50,0.2,0.5,0.5,stochastic,inheritance,inheritance,0.05
673,846,981,0.620158077426702,0.5,0.5,8.484398216939079,9.173758865248226,8.319062181447503,126,3,50,0.2,0.5,0.5,stochastic,inheritance,inheritance,0.05
664,840,996,0.6152280474509838,0.5,0.5,8.439759036144578,9.053571428571429,8.565261044176706,127,3,50,0.2,0.5,0.5,stochastic,inheritance,inheritance,0.05
682,808,1010,0.6175147583083562,0.5,0.5,8.362170087976539,8.908415841584159,8.623762376237623,128,3,50,0.2,0.5,0.5,stochastic,inheritance,inheritance,0.05
706,794,1000,0.6240691185918594,0.5,0.5,7.9886685552407934,8.90176322418136,8.796,129,3,50,0.2,0.5,0.5,stochastic,inheritance,inheritance,0.05
744,793,963,0.6258235536712299,0.5,0.5,7.630376344086022,8.885245901639344,9.11111111111111,130,3,50,0.2,0.5,0.5,stochastic,inheritance,inheritance,0.05
773,785,942,0.6275704176693924,0.5,0.5,7.276843467011643,8.64968152866242,9.273885350318471,131,3,50,0.2,0.5,0.5,stochastic,inheritance,inheritance,0.05
835,766,899,0.6261513776863088,0.5,0.5,6.936526946107785,8.72715404699739,9.137931034482758,132,3,50,0.2,0.5,0.5,stochastic,inheritance,inheritance,0.05
863,757,880,0.6290570920047737,0.5,0.5,6.830822711471611,8.673712021136064,8.939772727272727,133,3,50,0.2,0.5,0.5,stochastic,inheritance,inheritance,0.05
918,708,874,0.6317747814100725,0.5,0.5,6.991285403050109,8.932203389830509,8.886727688787186,134,3,50,0.2,0.5,0.5,stochastic,inheritance,inheritance,0.05
977,685,838,0.6310813986228067,0.5,0.5,7.123848515864893,9.083211678832116,8.872315035799522,135,3,50,0.2,0.5,0.5,stochastic,inheritance,inheritance,0.05
1006,674,820,0.6332140322454647,0.5,0.5,7.141153081510934,9.056379821958457,8.620731707317074,136,3,50,0.2,0.5,0.5,stochastic,inheritance,inheritance,0.05
1061,669,770,0.6349291507860937,0.5,0.5,7.2667295004712535,8.916292974588938,8.645454545454545,137,3,50,0.2,0.5,0.5,stochastic,inheritance,inheritance,0.05
1095,664,741,0.6358770832908461,0.5,0.5,7.51324200913242,8.852409638554217,8.753036437246964,138,3,50,0.2,0.5,0.5,stochastic,inheritance,inheritance,0.05
1098,697,705,0.6358815360476118,0.5,0.5,7.897085610200365,8.469153515064562,8.838297872340426,139,3,50,0.2,0.5,0.5,stochastic,inheritance,inheritance,0.05
1104,709,687,0.6367683803443106,0.5,0.5,8.318840579710145,8.418899858956276,8.845705967976711,140,3,50,0.2,0.5,0.5,stochastic,inheritance,inheritance,0.05
1111,729,660,0.6393683884561415,0.5,0.5,8.654365436543655,8.279835390946502,8.748484848484848,141,3,50,0.2,0.5,0.5,stochastic,inheritance,inheritance,0.05
1098,771,631,0.6370049204812572,0.5,0.5,8.946265938069217,8.068741893644617,8.62757527733756,142,3,50,0.2,0.5,0.5,stochastic,inheritance,inheritance,0.05
1106,794,600,0.640150937429978,0.5,0.5,9.178119349005424,8.212846347607053,8.336666666666666,143,3,50,0.2,0.5,0.5,stochastic,inheritance,inheritance,0.05
1120,824,556,0.6417618054749246,0.5,0.5,9.438392857142857,8.368932038834952,8.134892086330936,144,3,50,0.2,0.5,0.5,stochastic,inheritance,inheritance,0.05
1116,867,517,0.6469901157079029,0.5,0.5,9.447132616487455,8.411764705882353,8.02127659574468,145,3,50,0.2,0.5,0.5,stochastic,inheritance,inheritance,0.05
1097,900,503,0.6504021972863713,0.5,0.5,9.77119416590702,8.46888888888889,7.854870775347912,146,3,50,0.2,0.5,0.5,stochastic,inheritance,inheritance,0.05
1087,925,488,0.6546729055381237,0.5,0.5,10.05703771849126,8.723243243243243,7.934426229508197,147,3,50,0.2,0.5,0.5,stochastic,inheritance,inheritance,0.05
1063,956,481,0.656369453783384,0.5,0.5,10.377234242709314,8.925732217573222,7.844074844074844,148,3,50,0.2,0.5,0.5,stochastic,inheritance,inheritance,0.05
1055,1008,437,0.6599091817499652,0.5,0.5,10.547867298578199,9.007936507936508,7.910755148741419,149,3,50,0.2,0.5,0.5,stochastic,inheritance,inheritance,0.05
1022,1056,422,0.6630343480957611,0.5,0.5,10.76320939334638,9.042613636363637,7.770142180094787,150,3,50,0.2,0.5,0.5,stochastic,inheritance,inheritance,0.05
989,1096,415,0.6696913337072934,0.5,0.5,10.850353892821031,9.187956204379562,7.63855421686747,151,3,50,0.2,0.5,0.5,stochastic,inheritance,inheritance,0.05
936,1142,422,0.6741460683345128,0.5,0.5,11.211538461538462,9.242556917688265,7.485781990521327,152,3,50,0.2,0.5,0.5,stochastic,inheritance,inheritance,0.05
885,1194,421,0.677921135447119,0.5,0.5,11.375141242937852,9.416247906197654,7.389548693586699,153,3,50,0.2,0.5,0.5,stochastic,inheritance,inheritance,0.05
870,1216,414,0.6790557947177609,0.5,0.5,11.611494252873563,9.663651315789474,7.120772946859903,154,3,50,0.2,0.5,0.5,stochastic,inheritance,inheritance,0.05
808,1252,440,0.6810597457350006,0.5,0.5,12.024752475247524,9.743610223642172,6.788636363636364,155,3,50,0.2,0.5,0.5,stochastic,inheritance,inheritance,0.05
767,1285,448,0.6852784888513405,0.5,0.5,12.102998696219036,9.880933852140078,6.647321428571429,156,3,50,0.2,0.5,0.5,stochastic,inheritance,inheritance,0.05
728,1292,480,0.6891361524019683,0.5,0.5,12.138736263736265,10.056501547987617,6.320833333333334,157,3,50,0.2,0.5,0.5,stochastic,inheritance,inheritance,0.05
672,1315,513,0.6976042899131667,0.5,0.5,12.193452380952381,10.253992395437262,6.284600389863548,158,3,50,0.2,0.5,0.5,stochastic,inheritance,inheritance,0.05
636,1317,547,0.6955076930318396,0.5,0.5,12.328616352201259,10.433561123766134,6.301645338208409,159,3,50,0.2,0.5,0.5,stochastic,inheritance,inheritance,0.05
588,1333,579,0.694433596974005,0.5,0.5,12.19047619047619,10.55138784696174,6.331606217616581,160,3,50,0.2,0.5,0.5,stochastic,inheritance,inheritance,0.05
544,1318,638,0.6898018254540725,0.5,0.5,12.040441176470589,10.748861911987861,6.304075235109718,161,3,50,0.2,0.5,0.5,stochastic,inheritance,inheritance,0.05
513,1320,667,0.6948251353142197,0.5,0.5,11.465886939571151,10.912121212121212,6.494752623688156,162,3,50,0.2,0.5,0.5,stochastic,inheritance,inheritance,0.05
492,1323,685,0.7059772664203654,0.5,0.5,10.74390243902439,11.136054421768707,6.788321167883212,163,3,50,0.2,0.5,0.5,stochastic,inheritance,inheritance,0.05
480,1323,697,0.7204457799967664,0.5,0.5,10.0375,11.35222978080121,7.0028694404591105,164,3,50,0.2,0.5,0.5,stochastic,inheritance,inheritance,0.05
453,1319,728,0.7282597328855744,0.5,0.5,9.3841059602649,11.423805913570886,6.980769230769231,165,3,50,0.2,0.5,0.5,stochastic,inheritance,inheritance,0.05
432,1301,767,0.7310116963130887,0.5,0.5,8.82638888888889,11.604919292851653,6.941329856584094,166,3,50,0.2,0.5,0.5,stochastic,inheritance,inheritance,0.05
445,1265,790,0.7333689389288089,0.5,0.5,8.197752808988763,11.8300395256917,7.049367088607595,167,3,50,0.2,0.5,0.5,stochastic,inheritance,inheritance,0.05
451,1237,812,0.7632851639165406,0.5,0.5,7.565410199556541,11.90299110751819,6.977832512315271,168,3,50,0.2,0.5,0.5,stochastic,inheritance,inheritance,0.05
485,1192,823,0.7723284523380647,0.5,0.5,7.148453608247423,12.313758389261745,7.261239368165249,169,3,50,0.2,0.5,0.5,stochastic,inheritance,inheritance,0.05
494,1147,859,0.7837901124209096,0.5,0.5,6.678137651821863,12.42109851787271,7.136204889406287,170,3,50,0.2,0.5,0.5,stochastic,inheritance,inheritance,0.05
530,1103,867,0.7879620685707007,0.5,0.5,6.447169811320754,12.731640979147778,7.184544405997693,171,3,50,0.2,0.5,0.5,stochastic,inheritance,inheritance,0.05
559,1077,864,0.7955526635558494,0.5,0.5,6.230769230769231,12.948932219127204,7.427083333333333,172,3,50,0.2,0.5,0.5,stochastic,inheritance,inheritance,0.05
586,1011,903,0.7975475809171284,0.5,0.5,6.353242320819112,13.35509396636993,7.459579180509413,173,3,50,0.2,0.5,0.5,stochastic,inheritance,inheritance,0.05
624,966,910,0.7966419886608699,0.5,0.5,6.294871794871795,13.092132505175984,7.502197802197802,174,3,50,0.2,0.5,0.5,stochastic,inheritance,inheritance,0.05
657,919,924,0.7998660207097724,0.5,0.5,6.502283105022831,13.235038084874864,7.543290043290043,175,3,50,0.2,0.5,0.5,stochastic,inheritance,inheritance,0.05
702,888,910,0.7964662278509104,0.5,0.5,6.596866096866097,13.416666666666666,7.7384615384615385,176,3,50,0.2,0.5,0.5,stochastic,inheritance,inheritance,0.05
734,865,901,0.7920668771204221,0.5,0.5,6.73433242506812,13.44393063583815,7.7780244173140956,177,3,50,0.2,0.5,0.5,stochastic,inheritance,inheritance,0.05
758,865,877,0.7882497901954111,0.5,0.5,6.846965699208443,13.019653179190751,7.9179019384264535,178,3,50,0.2,0.5,0.5,stochastic,inheritance,inheritance,0.05
784,838,878,0.7849870506195026,0.5,0.5,7.084183673469388,12.91527446300716,8.01138952164009,179,3,50,0.2,0.5,0.5,stochastic,inheritance,inheritance,0.05
830,832,838,0.7857167458228804,0.5,0.5,7.0771084337349395,12.795673076923077,8.101431980906922,180,3,50,0.2,0.5,0.5,stochastic,inheritance,inheritance,0.05
846,838,816,0.7843805200791367,0.5,0.5,7.101654846335697,12.29236276849642,8.180147058823529,181,3,50,0.2,0.5,0.5,stochastic,inheritance,inheritance,0.05
861,852,787,0.7801862360152836,0.5,0.5,7.017421602787456,11.565727699530516,8.076238881829733,182,3,50,0.2,0.5,0.5,stochastic,inheritance,inheritance,0.05
878,870,752,0.7741084739492584,0.5,0.5,7.078587699316628,11.275862068965518,8.26595744680851,183,3,50,0.2,0.5,0.5,stochastic,inheritance,inheritance,0.05
890,875,735,0.7737280444892067,0.5,0.5,7.147191011235955,10.900571428571428,8.001360544217688,184,3,50,0.2,0.5,0.5,stochastic,inheritance,inheritance,0.05
915,899,686,0.7680887782268816,0.5,0.5,6.99344262295082,10.402669632925473,7.772594752186589,185,3,50,0.2,0.5,0.5,stochastic,inheritance,inheritance,0.05
918,931,651,0.7706368116172073,0.5,0.5,7.053376906318083,9.823845327604726,7.668202764976958,186,3,50,0.2,0.5,0.5,stochastic,inheritance,inheritance,0.05
902,968,630,0.7723514215113595,0.5,0.5,7.016629711751663,9.420454545454545,7.511111111111111,187,3,50,0.2,0.5,0.5,stochastic,inheritance,inheritance,0.05
899,982,619,0.7730689673104183,0.5,0.5,7.120133481646274,9.19450101832994,7.213247172859451,188,3,50,0.2,0.5,0.5,stochastic,inheritance,inheritance,0.05
902,993,605,0.7731107058724451,0.5,0.5,7.2560975609756095,9.161127895266867,7.277685950413223,189,3,50,0.2,0.5,0.5,stochastic,inheritance,inheritance,0.05
908,1001,591,0.7721359249191064,0.5,0.5,7.508810572687224,9.297702297702298,7.098138747884941,190,3,50,0.2,0.5,0.5,stochastic,inheritance,inheritance,0.05
889,1034,577,0.7717049426469116,0.5,0.5,7.793025871766029,9.165377176015474,7.332755632582322,191,3,50,0.2,0.5,0.5,stochastic,inheritance,inheritance,0.05
857,1071,572,0.773787431006269,0.5,0.5,7.9334889148191365,8.889822595704949,6.9772727272727275,192,3,50,0.2,0.5,0.5,stochastic,inheritance,inheritance,0.05
843,1106,551,0.7768277291614848,0.5,0.5,8.073546856465006,8.915913200723327,6.925589836660617,193,3,50,0.2,0.5,0.5,stochastic,inheritance,inheritance,0.05
810,1129,561,0.7845013639540968,0.5,0.5,8.271604938271604,9.00531443755536,6.937611408199643,194,3,50,0.2,0.5,0.5,stochastic,inheritance,inheritance,0.05
823,1140,537,0.7922927010707423,0.5,0.5,8.218712029161605,9.368421052631579,6.901303538175046,195,3,50,0.2,0.5,0.5,stochastic,inheritance,inheritance,0.05
805,1172,523,0.7909395000006914,0.5,0.5,8.186335403726709,9.497440273037542,7.017208413001912,196,3,50,0.2,0.5,0.5,stochastic,inheritance,inheritance,0.05
773,1212,515,0.7915445952252927,0.5,0.5,8.125485122897802,9.475247524752476,6.968932038834952,197,3,50,0.2,0.5,0.5,stochastic,inheritance,inheritance,0.05
752,1233,515,0.7934048117279252,0.5,0.5,8.273936170212766,9.67558799675588,7.025242718446602,198,3,50,0.2,0.5,0.5,stochastic,inheritance,inheritance,0.05
718,1292,490,0.7949297719767838,0.5,0.5,8.233983286908078,9.79953560371517,7.222448979591837,199,3,50,0.2,0.5,0.5,stochastic,inheritance,inheritance,0.05
698,1317,485,0.7954662140833636,0.5,0.5,8.07593123209169,9.978739559605163,7.098969072164948,200,3,50,0.2,0.5,0.5,stochastic,inheritance,inheritance,0.05
662,1333,505,0.7993420850985791,0.5,0.5,8.19939577039275,10.116279069767442,6.897029702970297,201,3,50,0.2,0.5,0.5,stochastic,inheritance,inheritance,0.05
652,1341,507,0.8013883496364383,0.5,0.5,8.056748466257668,10.316927665920954,6.652859960552268,202,3,50,0.2,0.5,0.5,stochastic,inheritance,inheritance,0.05
603,1391,506,0.7982846984606693,0.5,0.5,7.895522388059701,10.286125089863408,6.58300395256917,203,3,50,0.2,0.5,0.5,stochastic,inheritance,inheritance,0.05
559,1401,540,0.7982104209073485,0.5,0.5,8.026833631484795,10.427551748750892,6.262962962962963,204,3,50,0.2,0.5,0.5,stochastic,inheritance,inheritance,0.05
502,1425,573,0.8095022079637204,0.5,0.5,7.838645418326693,10.47719298245614,6.294938917975567,205,3,50,0.2,0.5,0.5,stochastic,inheritance,inheritance,0.05
487,1410,603,0.8136579798301633,0.5,0.5,7.5893223819301845,10.820567375886524,6.3681592039801,206,3,50,0.2,0.5,0.5,stochastic,inheritance,inheritance,0.05
478,1366,656,0.8249308507191959,0.5,0.5,7.2845188284518825,11.045387994143484,6.153963414634147,207,3,50,0.2,0.5,0.5,stochastic,inheritance,inheritance,0.05
470,1357,673,0.8306260595070848,0.5,0.5,7.31063829787234,11.478997789240973,6.368499257057949,208,3,50,0.2,0.5,0.5,stochastic,inheritance,inheritance,0.05
464,1315,721,0.8343334232504287,0.5,0.5,6.982758620689655,11.83954372623574,6.485436893203883,209,3,50,0.2,0.5,0.5,stochastic,inheritance,inheritance,0.05
485,1276,739,0.8459841508628847,0.5,0.5,6.77319587628866,12.31191222570533,6.7483085250338295,210,3,50,0.2,0.5,0.5,stochastic,inheritance,inheritance,0.05
509,1223,768,0.8461428769354324,0.5,0.5,6.607072691552063,12.585445625511039,6.811197916666667,211,3,50,0.2,0.5,0.5,stochastic,inheritance,inheritance,0.05
506,1213,781,0.8516803155906082,0.5,0.5,6.446640316205533,12.634789777411378,6.921895006402049,212,3,50,0.2,0.5,0.5,stochastic,inheritance,inheritance,0.05
515,1188,797,0.857029688047208,0.5,0.5,6.419417475728156,12.771885521885523,6.893350062735257,213,3,50,0.2,0.5,0.5,stochastic,inheritance,inheritance,0.05
521,1154,825,0.8564346583174182,0.5,0.5,6.493282149712092,12.932409012131716,7.13939393939394,214,3,50,0.2,0.5,0.5,stochastic,inheritance,inheritance,0.05
521,1156,823,0.863777287206527,0.5,0.5,6.34932821497121,12.864186851211073,7.512758201701094,215,3,50,0.2,0.5,0.5,stochastic,inheritance,inheritance,0.05
544,1137,819,0.8582567391420239,0.5,0.5,6.086397058823529,12.981530343007915,7.5225885225885225,216,3,50,0.2,0.5,0.5,stochastic,inheritance,inheritance,0.05
557,1122,821,0.8530288375050465,0.5,0.5,5.946140035906643,12.924242424242424,7.573690621193666,217,3,50,0.2,0.5,0.5,stochastic,inheritance,inheritance,0.05
566,1127,807,0.855030545136434,0.5,0.5,5.9840989399293285,12.863354037267081,7.801734820322181,218,3,50,0.2,0.5,0.5,stochastic,inheritance,inheritance,0.05
587,1084,829,0.8558636078531969,0.5,0.5,6.023850085178876,12.89760147601476,7.855247285886611,219,3,50,0.2,0.5,0.5,stochastic,inheritance,inheritance,0.05
630,1049,821,0.8578840475351183,0.5,0.5,5.914285714285715,12.950428979980934,7.901339829476249,220,3,50,0.2,0.5,0.5,stochastic,inheritance,inheritance,0.05
681,1013,806,0.8588077528326024,0.5,0.5,5.770925110132159,12.888450148075025,7.71712158808933,221,3,50,0.2,0.5,0.5,stochastic,inheritance,inheritance,0.05
724,977,799,0.8583082643534439,0.5,0.5,5.850828729281768,12.789150460593653,7.394242803504381,222,3,50,0.2,0.5,0.5,stochastic,inheritance,inheritance,0.05
801,941,758,0.8573460889406997,0.5,0.5,5.782771535580524,12.781083953241232,7.075197889182058,223,3,50,0.2,0.5,0.5,stochastic,inheritance,inheritance,0.05
862,938,700,0.8556377964175744,0.5,0.5,5.7668213457076565,12.50639658848614,7.097142857142857,224,3,50,0.2,0.5,0.5,stochastic,inheritance,inheritance,0.05
914,936,650,0.8502257681078604,0.5,0.5,5.903719912472647,12.151709401709402,6.889230769230769,225,3,50,0.2,0.5,0.5,stochastic,inheritance,inheritance,0.05
927,976,597,0.8491466492055877,0.5,0.5,6.070118662351672,11.572745901639344,6.9045226130653266,226,3,50,0.2,0.5,0.5,stochastic,inheritance,inheritance,0.05
916,1013,571,0.8475450670990896,0.5,0.5,6.286026200873362,11.232971372161895,6.774080560420315,227,3,50,0.2,0.5,0.5,stochastic,inheritance,inheritance,0.05
885,1062,553,0.8480596072012364,0.5,0.5,6.459887005649717,10.716572504708099,6.801084990958409,228,3,50,0.2,0.5,0.5,stochastic,inheritance,inheritance,0.05
874,1081,545,0.8479708214117995,0.5,0.5,6.7356979405034325,10.472710453283996,6.761467889908257,229,3,50,0.2,0.5,0.5,stochastic,inheritance,inheritance,0.05
867,1100,533,0.851049242995512,0.5,0.5,6.867358708189158,10.185454545454546,6.397748592870544,230,3,50,0.2,0.5,0.5,stochastic,inheritance,inheritance,0.05
848,1141,511,0.852626282458544,0.5,0.5,7.101415094339623,9.988606485539,6.332681017612525,231,3,50,0.2,0.5,0.5,stochastic,inheritance,inheritance,0.05
834,1186,480,0.856771134995219,0.5,0.5,7.194244604316546,9.879426644182125,6.329166666666667,232,3,50,0.2,0.5,0.5,stochastic,inheritance,inheritance,0.05
788,1262,450,0.8567042589264166,0.5,0.5,7.116751269035533,9.73217115689382,6.431111111111111,233,3,50,0.2,0.5,0.5,stochastic,inheritance,inheritance,0.05
760,1310,430,0.860510664272091,0.5,0.5,7.171052631578948,9.488549618320612,6.211627906976744,234,3,50,0.2,0.5,0.5,stochastic,inheritance,inheritance,0.05
738,1360,402,0.8610131616581466,0.5,0.5,7.173441734417344,9.618382352941177,5.907960199004975,235,3,50,0.2,0.5,0.5,stochastic,inheritance,inheritance,0.05
682,1420,398,0.861817513039465,0.5,0.5,7.265395894428153,9.64225352112676,5.738693467336684,236,3,50,0.2,0.5,0.5,stochastic,inheritance,inheritance,0.05
647,1456,397,0.8603552839863791,0.5,0.5,7.2086553323029365,9.775412087912088,5.544080604534005,237,3,50,0.2,0.5,0.5,stochastic,inheritance,inheritance,0.05
617,1488,395,0.8616619823832018,0.5,0.5,7.194489465153971,10.012096774193548,5.237974683544304,238,3,50,0.2,0.5,0.5,stochastic,inheritance,inheritance,0.05
565,1496,439,0.8618211534268224,0.5,0.5,7.295575221238938,10.165106951871659,4.854214123006834,239,3,50,0.2,0.5,0.5,stochastic,inheritance,inheritance,0.05
546,1483,471,0.8644049250554718,0.5,0.5,7.15934065934066,10.584625758597438,4.83864118895966,240,3,50,0.2,0.5,0.5,stochastic,inheritance,inheritance,0.05
510,1488,502,0.8625754542768675,0.5,0.5,7.266666666666667,10.836021505376344,5.00597609561753,241,3,50,0.2,0.5,0.5,stochastic,inheritance,inheritance,0.05
473,1484,543,0.8605670929052354,0.5,0.5,7.249471458773784,11.183288409703504,5.101289134438305,242,3,50,0.2,0.5,0.5,stochastic,inheritance,inheritance,0.05
468,1470,562,0.8549697923036738,0.5,0.5,7.239316239316239,11.495238095238095,5.272241992882562,243,3,50,0.2,0.5,0.5,stochastic,inheritance,inheritance,0.05
451,1464,585,0.8515907286339848,0.5,0.5,7.019955654101995,11.789617486338798,5.288888888888889,244,3,50,0.2,0.5,0.5,stochastic,inheritance,inheritance,0.05
459,1432,609,0.8558750518821225,0.5,0.5,6.901960784313726,12.325418994413408,5.3399014778325125,245,3,50,0.2,0.5,0.5,stochastic,inheritance,inheritance,0.05
448,1425,627,0.8558201722545947,0.5,0.5,6.533482142857143,12.499649122807018,5.5342902711323765,246,3,50,0.2,0.5,0.5,stochastic,inheritance,inheritance,0.05
427,1412,661,0.8570969871098261,0.5,0.5,6.327868852459017,12.667138810198301,5.602118003025718,247,3,50,0.2,0.5,0.5,stochastic,inheritance,inheritance,0.05
428,1404,668,0.8575229310556384,0.5,0.5,5.857476635514018,12.918091168091168,5.7140718562874255,248,3,50,0.2,0.5,0.5,stochastic,inheritance,inheritance,0.05
433,1367,700,0.8596777025267655,0.5,0.5,5.704387990762124,13.070958302852963,5.824285714285714,249,3,50,0.2,0.5,0.5,stochastic,inheritance,inheritance,0.05
427,1364,709,0.8571665037431478,0.5,0.5,5.604215456674473,13.233137829912023,6.036671368124119,250,3,50,0.2,0.5,0.5,stochastic,inheritance,inheritance,0.05
432,1359,709,0.8561958081229646,0.5,0.5,5.50462962962963,13.510669610007358,6.273624823695346,251,3,50,0.2,0.5,0.5,stochastic,inheritance,inheritance,0.05
449,1325,726,0.8560895788596362,0.5,0.5,5.412026726057906,13.812075471698114,6.2809917355371905,252,3,50,0.2,0.5,0.5,stochastic,inheritance,inheritance,0.05
478,1281,741,0.8591437548057266,0.5,0.5,5.297071129707113,14.015612802498048,6.079622132253712,253,3,50,0.2,0.5,0.5,stochastic,inheritance,inheritance,0.05
483,1232,785,0.860060941116291,0.5,0.5,5.453416149068323,14.015422077922079,6.063694267515924,254,3,50,0.2,0.5,0.5,stochastic,inheritance,inheritance,0.05
497,1155,848,0.861032500333024,0.5,0.5,5.525150905432596,14.102164502164502,5.932783018867925,255,3,50,0.2,0.5,0.5,stochastic,inheritance,inheritance,0.05
518,1112,870,0.8630003044477944,0.5,0.5,5.4073359073359075,13.969424460431656,6.010344827586207,256,3,50,0.2,0.5,0.5,stochastic,inheritance,inheritance,0.05
565,1056,879,0.8666629418671787,0.5,0.5,5.476106194690265,13.992424242424242,6.113765642775881,257,3,50,0.2,0.5,0.5,stochastic,inheritance,inheritance,0.05
602,1006,892,0.8655670240345155,0.5,0.5,5.651162790697675,13.989065606361828,6.3374439461883405,258,3,50,0.2,0.5,0.5,stochastic,inheritance,inheritance,0.05
610,992,898,0.8651308250398492,0.5,0.5,5.7081967213114755,13.526209677419354,6.5846325167037865,259,3,50,0.2,0.5,0.5,stochastic,inheritance,inheritance,0.05
638,972,890,0.8649940975151311,0.5,0.5,5.862068965517241,13.372427983539094,6.925842696629213,260,3,50,0.2,0.5,0.5,stochastic,inheritance,inheritance,0.05
656,973,871,0.867885736924041,0.5,0.5,5.875,12.985611510791367,7.223880597014926,261,3,50,0.2,0.5,0.5,stochastic,inheritance,inheritance,0.05
686,961,853,0.8658895398009228,0.5,0.5,6.081632653061225,12.93964620187305,7.7010550996483005,262,3,50,0.2,0.5,0.5,stochastic,inheritance,inheritance,0.05
691,960,849,0.8653516510662829,0.5,0.5,5.986975397973951,12.328125,7.745583038869258,263,3,50,0.2,0.5,0.5,stochastic,inheritance,inheritance,0.05
726,973,801,0.8648919327374968,0.5,0.5,5.954545454545454,12.024665981500513,8.008739076154807,264,3,50,0.2,0.5,0.5,stochastic,inheritance,inheritance,0.05
766,967,767,0.8623850350978532,0.5,0.5,5.983028720626632,11.6153050672182,8.109517601043025,265,3,50,0.2,0.5,0.5,stochastic,inheritance,inheritance,0.05
803,972,725,0.8617911523276024,0.5,0.5,6.072229140722292,11.410493827160494,7.969655172413793,266,3,50,0.2,0.5,0.5,stochastic,inheritance,inheritance,0.05
835,977,688,0.8608603887623696,0.5,0.5,6.131736526946108,11.176049129989764,7.795058139534884,267,3,50,0.2,0.5,0.5,stochastic,inheritance,inheritance,0.05
843,1008,649,0.8595946650640068,0.5,0.5,6.238434163701068,10.985119047619047,7.788906009244992,268,3,50,0.2,0.5,0.5,stochastic,inheritance,inheritance,0.05
846,1041,613,0.8575246892834318,0.5,0.5,6.222222222222222,10.626320845341018,7.774877650897227,269,3,50,0.2,0.5,0.5,stochastic,inheritance,inheritance,0.05
847,1052,601,0.8568177506595532,0.5,0.5,6.423848878394333,10.468631178707223,7.642262895174709,270,3,50,0.2,0.5,0.5,stochastic,inheritance,inheritance,0.05
860,1079,561,0.8562079494610073,0.5,0.5,6.602325581395349,10.387395736793327,7.714795008912656,271,3,50,0.2,0.5,0.5,stochastic,inheritance,inheritance,0.05
854,1086,560,0.8500690842299549,0.5,0.5,6.840749414519906,10.349907918968693,7.2821428571428575,272,3,50,0.2,0.5,0.5,stochastic,inheritance,inheritance,0.05
834,1133,533,0.8511591021458345,0.5,0.5,6.961630695443645,10.265666372462489,7.230769230769231,273,3,50,0.2,0.5,0.5,stochastic,inheritance,inheritance,0.05
820,1172,508,0.8494462972748831,0.5,0.5,7.113414634146341,10.10580204778157,7.039370078740157,274,3,50,0.2,0.5,0.5,stochastic,inheritance,inheritance,0.05
820,1189,491,0.8438952906658517,0.5,0.5,7.20609756097561,10.182506307821699,6.832993890020367,275,3,50,0.2,0.5,0.5,stochastic,inheritance,inheritance,0.05
808,1232,460,0.8442063219413513,0.5,0.5,7.199257425742574,10.107142857142858,6.426086956521739,276,3,50,0.2,0.5,0.5,stochastic,inheritance,inheritance,0.05
788,1271,441,0.8387681025624149,0.5,0.5,7.289340101522843,10.159716758457908,6.165532879818594,277,3,50,0.2,0.5,0.5,stochastic,inheritance,inheritance,0.05
763,1290,447,0.837417245696038,0.5,0.5,7.395806028833552,10.19767441860465,5.957494407158837,278,3,50,0.2,0.5,0.5,stochastic,inheritance,inheritance,0.05
738,1298,464,0.8385604952719076,0.5,0.5,7.815718157181572,10.42295839753467,5.728448275862069,279,3,50,0.2,0.5,0.5,stochastic,inheritance,inheritance,0.05
705,1317,478,0.8372258412426037,0.5,0.5,7.939007092198581,10.548215641609719,5.497907949790795,280,3,50,0.2,0.5,0.5,stochastic,inheritance,inheritance,0.05
699,1323,478,0.8371090560126713,0.5,0.5,7.834048640915594,10.70445956160242,5.428870292887029,281,3,50,0.2,0.5,0.5,stochastic,inheritance,inheritance,0.05
674,1328,498,0.8384400576915144,0.5,0.5,8.007418397626113,10.928463855421686,5.431726907630522,282,3,50,0.2,0.5,0.5,stochastic,inheritance,inheritance,0.05
657,1336,507,0.8391454657570319,0.5,0.5,7.946727549467275,11.042664670658683,5.297830374753452,283,3,50,0.2,0.5,0.5,stochastic,inheritance,inheritance,0.05
647,1349,504,0.8369606394198053,0.5,0.5,7.961360123647604,11.252779836916234,5.428571428571429,284,3,50,0.2,0.5,0.5,stochastic,inheritance,inheritance,0.05
631,1340,529,0.836639587028741,0.5,0.5,8.109350237717909,11.459701492537313,5.468809073724008,285,3,50,0.2,0.5,0.5,stochastic,inheritance,inheritance,0.05
606,1332,562,0.8368347784331693,0.5,0.5,8.282178217821782,11.624624624624625,5.562277580071174,286,3,50,0.2,0.5,0.5,stochastic,inheritance,inheritance,0.05
600,1315,585,0.8361934318006852,0.5,0.5,7.861666666666666,11.679087452471483,5.543589743589743,287,3,50,0.2,0.5,0.5,stochastic,inheritance,inheritance,0.05
561,1319,620,0.8307996353514431,0.5,0.5,7.716577540106952,11.625473843821077,5.606451612903226,288,3,50,0.2,0.5,0.5,stochastic,inheritance,inheritance,0.05
551,1328,621,0.8330949448501269,0.5,0.5,7.473684210526316,11.727409638554217,5.6843800322061195,289,3,50,0.2,0.5,0.5,stochastic,inheritance,inheritance,0.05
548,1301,651,0.8346958047894268,0.5,0.5,7.266423357664234,11.664104534973097,5.597542242703533,290,3,50,0.2,0.5,0.5,stochastic,inheritance,inheritance,0.05
561,1289,650,0.8398708372811771,0.5,0.5,6.964349376114082,11.747090768037237,5.618461538461538,291,3,50,0.2,0.5,0.5,stochastic,inheritance,inheritance,0.05
557,1264,679,0.8445336039758956,0.5,0.5,6.709156193895871,11.638449367088608,5.524300441826215,292,3,50,0.2,0.5,0.5,stochastic,inheritance,inheritance,0.05
565,1243,692,0.8435882843508709,0.5,0.5,6.591150442477876,11.744971842316975,5.640173410404624,293,3,50,0.2,0.5,0.5,stochastic,inheritance,inheritance,0.05
566,1240,694,0.8485450501504699,0.5,0.5,6.261484098939929,11.491129032258064,5.599423631123919,294,3,50,0.2,0.5,0.5,stochastic,inheritance,inheritance,0.05
572,1202,726,0.8468337028601985,0.5,0.5,6.2325174825174825,11.650582362728786,5.650137741046832,295,3,50,0.2,0.5,0.5,stochastic,inheritance,inheritance,0.05
564,1198,738,0.8479739811612581,0.5,0.5,6.090425531914893,11.384808013355592,5.85230352303523,296,3,50,0.2,0.5,0.5,stochastic,inheritance,inheritance,0.05
553,1189,758,0.8529462150499757,0.5,0.5,6.226039783001808,11.310344827586206,6.091029023746702,297,3,50,0.2,0.5,0.5,stochastic,inheritance,inheritance,0.05
554,1183,763,0.8528956634701139,0.5,0.5,6.081227436823105,11.187658495350803,6.387942332896461,298,3,50,0.2,0.5,0.5,stochastic,inheritance,inheritance,0.05
574,1172,754,0.8503393518159447,0.5,0.5,5.939024390243903,11.407849829351536,6.587533156498674,299,3,50,0.2,0.5,0.5,stochastic,inheritance,inheritance,0.05
589,1163,748,0.8503250555371697,0.5,0.5,5.7572156196943975,11.343938091143594,6.71524064171123,300,3,50,0.2,0.5,0.5,stochastic,inheritance,inheritance,0.05
613,1124,763,0.8555636140830954,0.5,0.5,5.714518760195759,11.384341637010676,6.724770642201835,301,3,50,0.2,0.5,0.5,stochastic,inheritance,inheritance,0.05
633,1099,768,0.8614755295027536,0.5,0.5,5.5829383886255926,11.317561419472247,6.783854166666667,302,3,50,0.2,0.5,0.5,stochastic,inheritance,inheritance,0.05
652,1072,776,0.8650085835850522,0.5,0.5,5.651840490797546,11.094216417910447,6.721649484536083,303,3,50,0.2,0.5,0.5,stochastic,inheritance,inheritance,0.05
681,1062,757,0.8682680138030902,0.5,0.5,5.55359765051395,10.935028248587571,6.70673712021136,304,3,50,0.2,0.5,0.5,stochastic,inheritance,inheritance,0.05
680,1059,761,0.8768329911044633,0.5,0.5,5.608823529411764,11.025495750708215,6.876478318002628,305,3,50,0.2,0.5,0.5,stochastic,inheritance,inheritance,0.05
702,1053,745,0.8760363453128294,0.5,0.5,5.584045584045584,11.087369420702753,6.955704697986577,306,3,50,0.2,0.5,0.5,stochastic,inheritance,inheritance,0.05
721,1053,726,0.8731961816454669,0.5,0.5,5.631067961165049,10.937321937321938,6.957300275482094,307,3,50,0.2,0.5,0.5,stochastic,inheritance,inheritance,0.05
734,1088,678,0.8756731462306351,0.5,0.5,5.577656675749319,10.678308823529411,6.905604719764011,308,3,50,0.2,0.5,0.5,stochastic,inheritance,inheritance,0.05
750,1109,641,0.8745169866758973,0.5,0.5,5.577333333333334,10.738503155996392,6.823712948517941,309,3,50,0.2,0.5,0.5,stochastic,inheritance,inheritance,0.05
772,1115,613,0.8735495326102058,0.5,0.5,5.678756476683938,10.608968609865471,6.539967373572594,310,3,50,0.2,0.5,0.5,stochastic,inheritance,inheritance,0.05
765,1117,618,0.8693595281017533,0.5,0.5,5.861437908496732,10.505819158460161,6.318770226537217,311,3,50,0.2,0.5,0.5,stochastic,inheritance,inheritance,0.05
749,1134,617,0.8636191437101797,0.5,0.5,5.994659546061415,10.319223985890652,6.2641815235008105,312,3,50,0.2,0.5,0.5,stochastic,inheritance,inheritance,0.05
752,1151,597,0.8579094952167573,0.5,0.5,6.11436170212766,10.353605560382276,6.278056951423785,313,3,50,0.2,0.5,0.5,stochastic,inheritance,inheritance,0.05
719,1169,612,0.8543920734956182,0.5,0.5,6.372739916550765,10.087254063301968,6.040849673202614,314,3,50,0.2,0.5,0.5,stochastic,inheritance,inheritance,0.05
714,1165,621,0.8541793869957088,0.5,0.5,6.553221288515406,10.127896995708154,5.993558776167472,315,3,50,0.2,0.5,0.5,stochastic,inheritance,inheritance,0.05
711,1166,623,0.8511449683701124,0.5,0.5,6.69620253164557,10.203259005145798,5.977528089887641,316,3,50,0.2,0.5,0.5,stochastic,inheritance,inheritance,0.05
716,1161,623,0.8466959426298294,0.5,0.5,6.762569832402234,10.080103359173126,5.911717495987159,317,3,50,0.2,0.5,0.5,stochastic,inheritance,inheritance,0.05
701,1196,603,0.8446919592874721,0.5,0.5,6.750356633380885,10.058528428093645,6.021558872305141,318,3,50,0.2,0.5,0.5,stochastic,inheritance,inheritance,0.05
693,1218,589,0.8436018039137715,0.5,0.5,6.673881673881674,9.98440065681445,6.101867572156197,319,3,50,0.2,0.5,0.5,stochastic,inheritance,inheritance,0.05
686,1224,590,0.8444451548579714,0.5,0.5,6.833819241982507,10.191993464052288,6.2898305084745765,320,3,50,0.2,0.5,0.5,stochastic,inheritance,inheritance,0.05
672,1250,578,0.8463867119408972,0.5,0.5,6.665178571428571,10.1536,6.211072664359862,321,3,50,0.2,0.5,0.5,stochastic,inheritance,inheritance,0.05
667,1252,581,0.8470825243302751,0.5,0.5,6.529235382308846,10.174920127795527,6.139414802065405,322,3,50,0.2,0.5,0.5,stochastic,inheritance,inheritance,0.05
662,1268,570,0.8459779643074339,0.5,0.5,6.342900302114804,10.142744479495269,6.045614035087719,323,3,50,0.2,0.5,0.5,stochastic,inheritance,inheritance,0.05
652,1276,572,0.8476391624161894,0.5,0.5,6.357361963190184,10.325235109717868,6.054195804195804,324,3,50,0.2,0.5,0.5,stochastic,inheritance,inheritance,0.05
651,1276,573,0.8490264395937299,0.5,0.5,6.433179723502304,10.429467084639498,6.12565445026178,325,3,50,0.2,0.5,0.5,stochastic,inheritance,inheritance,0.05
645,1289,566,0.8536461204648992,0.5,0.5,6.355038759689922,10.641582622187743,6.212014134275618,326,3,50,0.2,0.5,0.5,stochastic,inheritance,inheritance,0.05
651,1257,592,0.8558149186540134,0.5,0.5,6.377880184331797,10.9236276849642,5.826013513513513,327,3,50,0.2,0.5,0.5,stochastic,inheritance,inheritance,0.05
662,1237,601,0.86075896109848,0.5,0.5,6.327794561933535,11.067906224737268,5.4642262895174705,328,3,50,0.2,0.5,0.5,stochastic,inheritance,inheritance,0.05
674,1218,608,0.8648380902824501,0.5,0.5,6.310089020771513,11.220853858784894,5.353618421052632,329,3,50,0.2,0.5,0.5,stochastic,inheritance,inheritance,0.05
672,1219,609,0.8700094545520157,0.5,0.5,6.21875,11.28137817883511,5.293924466338259,330,3,50,0.2,0.5,0.5,stochastic,inheritance,inheritance,0.05
680,1174,646,0.869557453368403,0.5,0.5,6.358823529411764,11.502555366269165,5.08359133126935,331,3,50,0.2,0.5,0.5,stochastic,inheritance,inheritance,0.05
674,1153,673,0.8665112854813232,0.5,0.5,6.545994065281899,11.426712922810061,5.153046062407133,332,3,50,0.2,0.5,0.5,stochastic,inheritance,inheritance,0.05
675,1141,684,0.8671456490199226,0.5,0.5,6.642962962962963,11.366345311130587,5.283625730994152,333,3,50,0.2,0.5,0.5,stochastic,inheritance,inheritance,0.05
678,1122,700,0.8620870124212447,0.5,0.5,6.6946902654867255,11.31283422459893,5.428571428571429,334,3,50,0.2,0.5,0.5,stochastic,inheritance,inheritance,0.05
679,1110,711,0.8598263792293845,0.5,0.5,6.811487481590574,11.327027027027027,5.527426160337553,335,3,50,0.2,0.5,0.5,stochastic,inheritance,inheritance,0.05
682,1094,724,0.8545936905377596,0.5,0.5,6.768328445747801,11.19835466179159,5.596685082872928,336,3,50,0.2,0.5,0.5,stochastic,inheritance,inheritance,0.05
674,1127,699,0.8519353166010732,0.5,0.5,6.713649851632048,11.017746228926352,5.886981402002861,337,3,50,0.2,0.5,0.5,stochastic,inheritance,inheritance,0.05
649,1133,718,0.8460357425354891,0.5,0.5,6.617873651771957,10.716681376875552,6.139275766016713,338,3,50,0.2,0.5,0.5,stochastic,inheritance,inheritance,0.05
648,1150,702,0.8463482770654212,0.5,0.5,6.41358024691358,10.697391304347827,6.297720797720798,339,3,50,0.2,0.5,0.5,stochastic,inheritance,inheritance,0.05
673,1139,688,0.844616311092523,0.5,0.5,6.3759286775631505,10.84196663740123,6.438953488372093,340,3,50,0.2,0.5,0.5,stochastic,inheritance,inheritance,0.05
708,1139,653,0.8434521263194059,0.5,0.5,6.1892655367231635,10.978050921861282,6.45635528330781,341,3,50,0.2,0.5,0.5,stochastic,inheritance,inheritance,0.05
725,1144,631,0.8367335759819516,0.5,0.5,6.264827586206897,11.015734265734265,6.446909667194928,342,3,50,0.2,0.5,0.5,stochastic,inheritance,inheritance,0.05
740,1154,606,0.8341204307533235,0.5,0.5,6.133783783783784,10.94107452339688,6.420792079207921,343,3,50,0.2,0.5,0.5,stochastic,inheritance,inheritance,0.05
742,1161,597,0.8345770639279025,0.5,0.5,6.347708894878706,11.030146425495262,6.5544388609715245,344,3,50,0.2,0.5,0.5,stochastic,inheritance,inheritance,0.05
764,1170,566,0.8352023195839229,0.5,0.5,6.356020942408377,11.168376068376068,6.4840989399293285,345,3,50,0.2,0.5,0.5,stochastic,inheritance,inheritance,0.05
780,1158,562,0.8348195632986007,0.5,0.5,6.516666666666667,11.218480138169257,6.279359430604982,346,3,50,0.2,0.5,0.5,stochastic,inheritance,inheritance,0.05
764,1190,546,0.8396248469265613,0.5,0.5,6.732984293193717,11.076470588235294,6.232600732600733,347,3,50,0.2,0.5,0.5,stochastic,inheritance,inheritance,0.05
737,1186,577,0.840363704778102,0.5,0.5,6.951153324287652,11.067453625632378,6.124783362218371,348,3,50,0.2,0.5,0.5,stochastic,inheritance,inheritance,0.05
726,1196,578,0.8414546711419125,0.5,0.5,7.118457300275482,11.073578595317725,6.217993079584775,349,3,50,0.2,0.5,0.5,stochastic,inheritance,inheritance,0.05
704,1210,586,0.8432469126237178,0.5,0.5,7.204545454545454,11.03801652892562,6.201365187713311,350,3,50,0.2,0.5,0.5,stochastic,inheritance,inheritance,0.05
696,1224,580,0.8433694593370279,0.5,0.5,7.359195402298851,11.044934640522875,6.158620689655172,351,3,50,0.2,0.5,0.5,stochastic,inheritance,inheritance,0.05
664,1235,601,0.8475032848952407,0.5,0.5,7.381024096385542,11.02672064777328,6.038269550748752,352,3,50,0.2,0.5,0.5,stochastic,inheritance,inheritance,0.05
654,1226,620,0.8477302589875688,0.5,0.5,7.383792048929664,11.16231647634584,6.02258064516129,353,3,50,0.2,0.5,0.5,stochastic,inheritance,inheritance,0.05
651,1201,648,0.8495550837248514,0.5,0.5,7.276497695852535,11.150707743547045,5.867283950617284,354,3,50,0.2,0.5,0.5,stochastic,inheritance,inheritance,0.05
660,1180,660,0.847630466649066,0.5,0.5,7.121212121212121,11.048305084745763,5.8136363636363635,355,3,50,0.2,0.5,0.5,stochastic,inheritance,inheritance,0.05
645,1174,681,0.8506973098044623,0.5,0.5,7.1286821705426355,10.94037478705281,5.938325991189427,356,3,50,0.2,0.5,0.5,stochastic,inheritance,inheritance,0.05
641,1186,673,0.8488473620647254,0.5,0.5,6.90015600624025,10.798482293423271,6.060921248142645,357,3,50,0.2,0.5,0.5,stochastic,inheritance,inheritance,0.05
630,1174,696,0.8494518580769669,0.5,0.5,6.796825396825397,10.504258943781942,6.067528735632184,358,3,50,0.2,0.5,0.5,stochastic,inheritance,inheritance,0.05
628,1172,700,0.8497126450860937,0.5,0.5,6.558917197452229,10.339590443686006,6.161428571428571,359,3,50,0.2,0.5,0.5,stochastic,inheritance,inheritance,0.05
650,1174,676,0.8498555052363891,0.5,0.5,6.3246153846153845,10.431005110732539,6.318047337278107,360,3,50,0.2,0.5,0.5,stochastic,inheritance,inheritance,0.05
654,1177,669,0.8545372235581152,0.5,0.5,6.249235474006116,10.481733220050977,6.6008968609865475,361,3,50,0.2,0.5,0.5,stochastic,inheritance,inheritance,0.05
684,1147,669,0.8587015746205382,0.5,0.5,6.12719298245614,10.714036617262424,6.488789237668161,362,3,50,0.2,0.5,0.5,stochastic,inheritance,inheritance,0.05
691,1141,668,0.8634423530778422,0.5,0.5,6.121562952243126,10.64943032427695,6.520958083832335,363,3,50,0.2,0.5,0.5,stochastic,inheritance,inheritance,0.05
725,1134,641,0.8678801790877659,0.5,0.5,6.126896551724138,10.731922398589065,6.616224648985959,364,3,50,0.2,0.5,0.5,stochastic,inheritance,inheritance,0.05
750,1123,627,0.8714499052361087,0.5,0.5,6.157333333333334,10.926090828138914,6.614035087719298,365,3,50,0.2,0.5,0.5,stochastic,inheritance,inheritance,0.05
751,1162,587,0.8740928169527775,0.5,0.5,6.173102529960053,10.823580034423408,6.637137989778535,366,3,50,0.2,0.5,0.5,stochastic,inheritance,inheritance,0.05
756,1182,562,0.8748490925805592,0.5,0.5,6.191798941798941,10.856175972927241,6.5338078291814945,367,3,50,0.2,0.5,0.5,stochastic,inheritance,inheritance,0.05
750,1224,526,0.8746032041677266,0.5,0.5,6.32,10.780228758169935,6.530418250950571,368,3,50,0.2,0.5,0.5,stochastic,inheritance,inheritance,0.05
723,1217,560,0.8728785910031703,0.5,0.5,6.561549100968188,10.818405916187347,6.2,369,3,50,0.2,0.5,0.5,stochastic,inheritance,inheritance,0.05
704,1205,591,0.8752816875698088,0.5,0.5,6.46875,10.830705394190872,5.893401015228426,370,3,50,0.2,0.5,0.5,stochastic,inheritance,inheritance,0.05
697,1197,606,0.8751559056551727,0.5,0.5,6.523672883787661,10.797827903091061,5.787128712871287,371,3,50,0.2,0.5,0.5,stochastic,inheritance,inheritance,0.05
687,1213,600,0.8735134748801708,0.5,0.5,6.556040756914119,10.662819455894477,5.85,372,3,50,0.2,0.5,0.5,stochastic,inheritance,inheritance,0.05
684,1185,631,0.8729175488131696,0.5,0.5,6.751461988304094,10.748523206751054,5.814580031695721,373,3,50,0.2,0.5,0.5,stochastic,inheritance,inheritance,0.05
672,1211,617,0.8734974937480492,0.5,0.5,6.721726190476191,10.688687035507845,5.982171799027553,374,3,50,0.2,0.5,0.5,stochastic,inheritance,inheritance,0.05
653,1228,619,0.8766251407077051,0.5,0.5,6.686064318529862,10.650651465798045,6.05654281098546,375,3,50,0.2,0.5,0.5,stochastic,inheritance,inheritance,0.05
680,1222,598,0.8783872244997941,0.5,0.5,6.502941176470588,10.680032733224223,5.916387959866221,376,3,50,0.2,0.5,0.5,stochastic,inheritance,inheritance,0.05
694,1219,587,0.8782773252319033,0.5,0.5,6.515850144092219,10.961443806398687,5.899488926746167,377,3,50,0.2,0.5,0.5,stochastic,inheritance,inheritance,0.05
682,1234,584,0.8810989674974294,0.5,0.5,6.697947214076247,11.03484602917342,6.022260273972603,378,3,50,0.2,0.5,0.5,stochastic,inheritance,inheritance,0.05
688,1216,596,0.881627496455553,0.5,0.5,6.934593023255814,11.368421052631579,6.001677852348993,379,3,50,0.2,0.5,0.5,stochastic,inheritance,inheritance,0.05
693,1190,617,0.8854528566798286,0.5,0.5,7.157287157287158,11.543697478991596,5.985413290113452,380,3,50,0.2,0.5,0.5,stochastic,inheritance,inheritance,0.05
694,1197,609,0.8851891291785007,0.5,0.5,7.213256484149856,11.505430242272347,5.921182266009852,381,3,50,0.2,0.5,0.5,stochastic,inheritance,inheritance,0.05
701,1198,601,0.8830371788283692,0.5,0.5,7.253922967189729,11.68864774624374,5.860232945091514,382,3,50,0.2,0.5,0.5,stochastic,inheritance,inheritance,0.05
689,1183,628,0.8828346923434065,0.5,0.5,7.611030478955008,11.727810650887575,5.937898089171974,383,3,50,0.2,0.5,0.5,stochastic,inheritance,inheritance,0.05
657,1196,647,0.8783616340876118,0.5,0.5,7.899543378995434,11.510033444816054,5.9907264296754255,384,3,50,0.2,0.5,0.5,stochastic,inheritance,inheritance,0.05
644,1202,654,0.8753342464060213,0.5,0.5,7.734472049689441,11.456738768718802,6.084097859327217,385,3,50,0.2,0.5,0.5,stochastic,inheritance,inheritance,0.05
632,1217,651,0.875976970205029,0.5,0.5,7.55379746835443,11.371405094494659,6.333333333333333,386,3,50,0.2,0.5,0.5,stochastic,inheritance,inheritance,0.05
621,1223,656,0.8722721572812863,0.5,0.5,7.785829307568438,11.529844644317253,6.5198170731707314,387,3,50,0.2,0.5,0.5,stochastic,inheritance,inheritance,0.05
600,1226,674,0.8656444093497311,0.5,0.5,7.858333333333333,11.422512234910277,6.621661721068249,388,3,50,0.2,0.5,0.5,stochastic,inheritance,inheritance,0.05
559,1232,709,0.859364714709527,0.5,0.5,7.878354203935599,11.272727272727273,6.709449929478138,389,3,50,0.2,0.5,0.5,stochastic,inheritance,inheritance,0.05
561,1217,722,0.8501624887328159,0.5,0.5,7.951871657754011,11.273623664749383,6.948753462603878,390,3,50,0.2,0.5,0.5,stochastic,inheritance,inheritance,0.05
545,1225,730,0.8488948722862529,0.5,0.5,7.702752293577982,11.242448979591837,7.136986301369863,391,3,50,0.2,0.5,0.5,stochastic,inheritance,inheritance,0.05
554,1220,726,0.8484735121207329,0.5,0.5,7.496389891696751,11.418852459016394,7.303030303030303,392,3,50,0.2,0.5,0.5,stochastic,inheritance,inheritance,0.05
525,1241,734,0.8425917902338583,0.5,0.5,7.318095238095238,11.302981466559226,7.453678474114441,393,3,50,0.2,0.5,0.5,stochastic,inheritance,inheritance,0.05
541,1237,722,0.8382337345266166,0.5,0.5,6.77079482439926,11.496362166531933,7.5055401662049865,394,3,50,0.2,0.5,0.5,stochastic,inheritance,inheritance,0.05
571,1223,706,0.8417419296934548,0.5,0.5,6.464098073555166,11.65903515944399,7.584985835694051,395,3,50,0.2,0.5,0.5,stochastic,inheritance,inheritance,0.05
577,1225,698,0.846148557551511,0.5,0.5,6.445407279029463,11.794285714285714,7.640401146131805,396,3,50,0.2,0.5,0.5,stochastic,inheritance,inheritance,0.05
591,1211,698,0.8460330302436233,0.5,0.5,6.0879864636209815,11.877786952931462,7.567335243553009,397,3,50,0.2,0.5,0.5,stochastic,inheritance,inheritance,0.05
615,1188,697,0.8430008822072963,0.5,0.5,6.040650406504065,12.032828282828282,7.3242467718794835,398,3,50,0.2,0.5,0.5,stochastic,inheritance,inheritance,0.05
640,1154,706,0.8425627921780212,0.5,0.5,6.1046875,12.149913344887349,7.21671388101983,399,3,50,0.2,0.5,0.5,stochastic,inheritance,inheritance,0.05
654,1153,693,0.8414389465461967,0.5,0.5,6.10091743119266,12.085862966175196,7.183261183261183,400,3,50,0.2,0.5,0.5,stochastic,inheritance,inheritance,0.05
684,1113,703,0.8397531260226467,0.5,0.5,6.0891812865497075,12.170709793351303,6.763869132290185,401,3,50,0.2,0.5,0.5,stochastic,inheritance,inheritance,0.05
708,1101,691,0.8470495662928789,0.5,0.5,6.1624293785310735,12.173478655767484,6.719247467438495,402,3,50,0.2,0.5,0.5,stochastic,inheritance,inheritance,0.05
701,1112,687,0.8482435183144093,0.5,0.5,6.276747503566334,12.14478417266187,6.75254730713246,403,3,50,0.2,0.5,0.5,stochastic,inheritance,inheritance,0.05
706,1083,711,0.8490500681478171,0.5,0.5,6.446175637393767,12.23545706371191,6.680731364275668,404,3,50,0.2,0.5,0.5,stochastic,inheritance,inheritance,0.05
723,1056,721,0.8495230788134418,0.5,0.5,6.621023513139695,12.411931818181818,6.850208044382802,405,3,50,0.2,0.5,0.5,stochastic,inheritance,inheritance,0.05
738,1048,714,0.8479430231022659,0.5,0.5,6.58130081300813,12.423664122137405,7.068627450980392,406,3,50,0.2,0.5,0.5,stochastic,inheritance,inheritance,0.05
754,1059,687,0.8463410374046948,0.5,0.5,6.8063660477453585,12.479697828139754,7.336244541484716,407,3,50,0.2,0.5,0.5,stochastic,inheritance,inheritance,0.05
767,1086,647,0.8442869784469342,0.5,0.5,6.757496740547588,12.302946593001842,7.726429675425039,408,3,50,0.2,0.5,0.5,stochastic,inheritance,inheritance,0.05
779,1081,640,0.8457417653320276,0.5,0.5,6.881899871630295,12.121184088806661,7.7078125,409,3,50,0.2,0.5,0.5,stochastic,inheritance,inheritance,0.05
751,1099,650,0.8473090247112298,0.5,0.5,7.131824234354195,11.792538671519564,7.7092307692307696,410,3,50,0.2,0.5,0.5,stochastic,inheritance,inheritance,0.05
749,1122,629,0.8481187543195071,0.5,0.5,7.202937249666221,11.515151515151516,7.858505564387917,411,3,50,0.2,0.5,0.5,stochastic,inheritance,inheritance,0.05
744,1149,607,0.8494446229497463,0.5,0.5,7.192204301075269,11.315056570931244,7.942339373970346,412,3,50,0.2,0.5,0.5,stochastic,inheritance,inheritance,0.05
736,1185,579,0.8482545486483108,0.5,0.5,7.118206521739131,11.124050632911393,8.117443868739205,413,3,50,0.2,0.5,0.5,stochastic,inheritance,inheritance,0.05
713,1224,563,0.8520658581206069,0.5,0.5,7.336605890603086,11.045751633986928,8.232682060390763,414,3,50,0.2,0.5,0.5,stochastic,inheritance,inheritance,0.05
687,1244,569,0.8554167108713988,0.5,0.5,7.569141193595342,10.938906752411576,8.115992970123022,415,3,50,0.2,0.5,0.5,stochastic,inheritance,inheritance,0.05
684,1266,550,0.8557711301339201,0.5,0.5,7.4605263157894735,11.02132701421801,7.867272727272727,416,3,50,0.2,0.5,0.5,stochastic,inheritance,inheritance,0.05
674,1278,548,0.8581846775671788,0.5,0.5,7.41246290801187,11.01095461658842,7.604014598540146,417,3,50,0.2,0.5,0.5,stochastic,inheritance,inheritance,0.05
694,1283,523,0.8622033460268825,0.5,0.5,7.230547550432276,11.192517537022603,7.355640535372849,418,3,50,0.2,0.5,0.5,stochastic,inheritance,inheritance,0.05
716,1292,492,0.8604867245978373,0.5,0.5,7.016759776536313,11.287925696594428,6.8861788617886175,419,3,50,0.2,0.5,0.5,stochastic,inheritance,inheritance,0.05
671,1334,495,0.8644775185422147,0.5,0.5,6.928464977645305,11.134182908545727,6.672727272727273,420,3,50,0.2,0.5,0.5,stochastic,inheritance,inheritance,0.05
644,1357,499,0.8649652195224977,0.5,0.5,6.861801242236025,11.028739867354458,6.482965931863728,421,3,50,0.2,0.5,0.5,stochastic,inheritance,inheritance,0.05
616,1388,496,0.8626480696493642,0.5,0.5,6.8441558441558445,11.112391930835734,6.370967741935484,422,3,50,0.2,0.5,0.5,stochastic,inheritance,inheritance,0.05
588,1407,505,0.8586011798450204,0.5,0.5,7.052721088435374,11.108031272210377,6.033663366336634,423,3,50,0.2,0.5,0.5,stochastic,inheritance,inheritance,0.05
538,1413,549,0.8613366368141195,0.5,0.5,7.347583643122676,11.112526539278132,5.972677595628415,424,3,50,0.2,0.5,0.5,stochastic,inheritance,inheritance,0.05
515,1410,575,0.8633169945358617,0.5,0.5,7.601941747572815,11.395035460992908,6.038260869565217,425,3,50,0.2,0.5,0.5,stochastic,inheritance,inheritance,0.05
493,1398,609,0.8613993680246121,0.5,0.5,7.486815415821501,11.647353361945637,5.835796387520525,426,3,50,0.2,0.5,0.5,stochastic,inheritance,inheritance,0.05
450,1405,645,0.8639926593459505,0.5,0.5,7.362222222222222,11.709608540925267,5.90077519379845,427,3,50,0.2,0.5,0.5,stochastic,inheritance,inheritance,0.05
430,1384,686,0.8686600487552091,0.5,0.5,6.988372093023256,11.88150289017341,5.978134110787172,428,3,50,0.2,0.5,0.5,stochastic,inheritance,inheritance,0.05
437,1375,688,0.8807588452616261,0.5,0.5,6.814645308924485,12.304,6.252906976744186,429,3,50,0.2,0.5,0.5,stochastic,inheritance,inheritance,0.05
458,1322,720,0.8820378230987025,0.5,0.5,6.524017467248909,12.622541603630863,6.254166666666666,430,3,50,0.2,0.5,0.5,stochastic,inheritance,inheritance,0.05
486,1259,755,0.8860423679119558,0.5,0.5,6.273662551440329,12.837966640190627,6.047682119205298,431,3,50,0.2,0.5,0.5,stochastic,inheritance,inheritance,0.05
505,1216,779,0.8872399244369172,0.5,0.5,5.994059405940594,13.03125,6.008985879332478,432,3,50,0.2,0.5,0.5,stochastic,inheritance,inheritance,0.05
520,1192,788,0.885231088081508,0.5,0.5,5.948076923076923,13.150167785234899,6.225888324873097,433,3,50,0.2,0.5,0.5,stochastic,inheritance,inheritance,0.05
537,1140,823,0.8807398275025146,0.5,0.5,6.031657355679702,13.46140350877193,6.352369380315918,434,3,50,0.2,0.5,0.5,stochastic,inheritance,inheritance,0.05
551,1112,837,0.8806289823977397,0.5,0.5,5.983666061705989,13.598021582733812,6.347670250896058,435,3,50,0.2,0.5,0.5,stochastic,inheritance,inheritance,0.05
598,1078,824,0.8807934145361161,0.5,0.5,5.869565217391305,13.705009276437847,6.600728155339806,436,3,50,0.2,0.5,0.5,stochastic,inheritance,inheritance,0.05
626,1041,833,0.8804990436924338,0.5,0.5,5.797124600638978,13.623439000960614,6.6938775510204085,437,3,50,0.2,0.5,0.5,stochastic,inheritance,inheritance,0.05
639,1032,829,0.87919676471264,0.5,0.5,5.979655712050079,13.602713178294573,6.946924004825091,438,3,50,0.2,0.5,0.5,stochastic,inheritance,inheritance,0.05
674,1001,825,0.8801261800442831,0.5,0.5,5.9183976261127595,13.516483516483516,6.882424242424243,439,3,50,0.2,0.5,0.5,stochastic,inheritance,inheritance,0.05
675,991,834,0.8774095039425871,0.5,0.5,6.0088888888888885,13.231079717457114,6.965227817745803,440,3,50,0.2,0.5,0.5,stochastic,inheritance,inheritance,0.05
700,978,822,0.8716054351888433,0.5,0.5,6.078571428571428,12.980572597137014,7.1630170316301705,441,3,50,0.2,0.5,0.5,stochastic,inheritance,inheritance,0.05
728,975,797,0.8710130186846761,0.5,0.5,6.0782967032967035,12.597948717948718,7.39021329987453,442,3,50,0.2,0.5,0.5,stochastic,inheritance,inheritance,0.05
744,981,775,0.8694887390489985,0.5,0.5,6.181451612903226,12.365953109072375,7.652903225806452,443,3,50,0.2,0.5,0.5,stochastic,inheritance,inheritance,0.05
755,1007,738,0.8675696916829014,0.5,0.5,6.262251655629139,11.988083416087388,7.913279132791328,444,3,50,0.2,0.5,0.5,stochastic,inheritance,inheritance,0.05
776,1014,710,0.864385950695653,0.5,0.5,6.211340206185567,11.878698224852071,7.780281690140845,445,3,50,0.2,0.5,0.5,stochastic,inheritance,inheritance,0.05
795,992,713,0.8618819079824099,0.5,0.5,6.40251572327044,11.746975806451612,7.392706872370266,446,3,50,0.2,0.5,0.5,stochastic,inheritance,inheritance,0.05
804,999,697,0.8588233988588528,0.5,0.5,6.388059701492537,11.376376376376376,7.347202295552368,447,3,50,0.2,0.5,0.5,stochastic,inheritance,inheritance,0.05
807,1012,681,0.8548212991053338,0.5,0.5,6.4684014869888475,11.066205533596838,7.2569750367107195,448,3,50,0.2,0.5,0.5,stochastic,inheritance,inheritance,0.05
844,1028,628,0.8548985922878127,0.5,0.5,6.395734597156398,11.013618677042802,7.189490445859873,449,3,50,0.2,0.5,0.5,stochastic,inheritance,inheritance,0.05
889,1028,583,0.8536531093926721,0.5,0.5,6.446569178852643,11.178015564202335,7.241852487135506,450,3,50,0.2,0.5,0.5,stochastic,inheritance,inheritance,0.05
918,1051,531,0.8533424958113156,0.5,0.5,6.574074074074074,11.268315889628925,7.27683615819209,451,3,50,0.2,0.5,0.5,stochastic,inheritance,inheritance,0.05
922,1100,478,0.8512048108231657,0.5,0.5,6.696312364425163,10.952727272727273,7.112970711297071,452,3,50,0.2,0.5,0.5,stochastic,inheritance,inheritance,0.05
907,1120,473,0.851942105640446,0.5,0.5,6.979051819184123,10.723214285714286,6.744186046511628,453,3,50,0.2,0.5,0.5,stochastic,inheritance,inheritance,0.05
914,1148,438,0.8516876127456723,0.5,0.5,7.224288840262582,10.725609756097562,6.810502283105023,454,3,50,0.2,0.5,0.5,stochastic,inheritance,inheritance,0.05
882,1170,448,0.8528194792968764,0.5,0.5,7.658730158730159,10.614529914529914,6.638392857142857,455,3,50,0.2,0.5,0.5,stochastic,inheritance,inheritance,0.05
884,1181,435,0.8532299755052729,0.5,0.5,7.789592760180995,10.725656223539373,6.273563218390804,456,3,50,0.2,0.5,0.5,stochastic,inheritance,inheritance,0.05
861,1200,439,0.8491499749876562,0.5,0.5,8.013937282229966,10.415833333333333,6.050113895216401,457,3,50,0.2,0.5,0.5,stochastic,inheritance,inheritance,0.05
824,1239,437,0.8503224611932707,0.5,0.5,8.285194174757281,10.294592413236481,5.878718535469107,458,3,50,0.2,0.5,0.5,stochastic,inheritance,inheritance,0.05
784,1264,452,0.8510403039860942,0.5,0.5,8.426020408163266,10.110759493670885,5.752212389380531,459,3,50,0.2,0.5,0.5,stochastic,inheritance,inheritance,0.05
745,1291,464,0.8509548415079887,0.5,0.5,8.538255033557046,10.156467854376451,5.691810344827586,460,3,50,0.2,0.5,0.5,stochastic,inheritance,inheritance,0.05
704,1326,470,0.8488969652557518,0.5,0.5,8.566761363636363,10.14102564102564,5.597872340425532,461,3,50,0.2,0.5,0.5,stochastic,inheritance,inheritance,0.05
676,1334,490,0.8482596219495232,0.5,0.5,8.468934911242604,10.080209895052473,5.53469387755102,462,3,50,0.2,0.5,0.5,stochastic,inheritance,inheritance,0.05
652,1330,518,0.8472378750796722,0.5,0.5,8.688650306748466,10.360150375939849,5.608108108108108,463,3,50,0.2,0.5,0.5,stochastic,inheritance,inheritance,0.05
599,1369,532,0.8491603886501892,0.5,0.5,8.564273789649416,10.433162892622352,5.738721804511278,464,3,50,0.2,0.5,0.5,stochastic,inheritance,inheritance,0.05
561,1372,567,0.8481503801769236,0.5,0.5,8.720142602495544,10.482507288629737,5.774250440917108,465,3,50,0.2,0.5,0.5,stochastic,inheritance,inheritance,0.05
552,1354,594,0.8514815399946309,0.5,0.5,8.376811594202898,10.6890694239291,5.742424242424242,466,3,50,0.2,0.5,0.5,stochastic,inheritance,inheritance,0.05
542,1314,644,0.8586425609591423,0.5,0.5,8.280442804428045,10.904109589041095,5.759316770186335,467,3,50,0.2,0.5,0.5,stochastic,inheritance,inheritance,0.05
505,1307,688,0.8626932650538403,0.5,0.5,8.166336633663366,11.003060443764346,5.863372093023256,468,3,50,0.2,0.5,0.5,stochastic,inheritance,inheritance,0.05
486,1272,742,0.865459263251477,0.5,0.5,8.109053497942387,11.31682389937107,6.006738544474394,469,3,50,0.2,0.5,0.5,stochastic,inheritance,inheritance,0.05
465,1261,774,0.8670390926408194,0.5,0.5,7.864516129032258,11.369547977795401,6.073643410852713,470,3,50,0.2,0.5,0.5,stochastic,inheritance,inheritance,0.05
466,1198,836,0.8686452659744324,0.5,0.5,7.931330472103005,11.681969949916528,6.111244019138756,471,3,50,0.2,0.5,0.5,stochastic,inheritance,inheritance,0.05
449,1152,899,0.867396697181074,0.5,0.5,7.5612472160356345,11.730902777777779,6.236929922135706,472,3,50,0.2,0.5,0.5,stochastic,inheritance,inheritance,0.05
466,1089,945,0.8672626509830724,0.5,0.5,7.289699570815451,11.806244260789715,6.453968253968254,473,3,50,0.2,0.5,0.5,stochastic,inheritance,inheritance,0.05
480,1055,965,0.866468507439144,0.5,0.5,7.210416666666666,12.141232227488151,6.795854922279792,474,3,50,0.2,0.5,0.5,stochastic,inheritance,inheritance,0.05
492,1007,1001,0.865396370605744,0.5,0.5,6.719512195121951,11.977159880834161,6.975024975024975,475,3,50,0.2,0.5,0.5,stochastic,inheritance,inheritance,0.05
519,983,998,0.8615949775491454,0.5,0.5,6.4373795761079,12.08646998982706,7.3997995991983965,476,3,50,0.2,0.5,0.5,stochastic,inheritance,inheritance,0.05
554,957,989,0.8537495175366658,0.5,0.5,6.268953068592058,12.202716823406478,7.691607684529828,477,3,50,0.2,0.5,0.5,stochastic,inheritance,inheritance,0.05
589,943,968,0.8482261947607727,0.5,0.5,5.979626485568761,12.316012725344645,7.99896694214876,478,3,50,0.2,0.5,0.5,stochastic,inheritance,inheritance,0.05
639,931,930,0.8459408248177673,0.5,0.5,5.651017214397496,12.249194414607949,8.250537634408602,479,3,50,0.2,0.5,0.5,stochastic,inheritance,inheritance,0.05
683,926,891,0.8434819482885163,0.5,0.5,5.4333821376281115,12.114470842332613,8.405162738496072,480,3,50,0.2,0.5,0.5,stochastic,inheritance,inheritance,0.05
730,924,846,0.8372895384600845,0.5,0.5,5.353424657534247,11.74025974025974,8.421985815602836,481,3,50,0.2,0.5,0.5,stochastic,inheritance,inheritance,0.05
767,917,816,0.8335253165679726,0.5,0.5,5.397653194263364,11.352235550708834,8.522058823529411,482,3,50,0.2,0.5,0.5,stochastic,inheritance,inheritance,0.05
800,927,773,0.8308657986701258,0.5,0.5,5.52125,11.089536138079827,8.703751617076326,483,3,50,0.2,0.5,0.5,stochastic,inheritance,inheritance,0.05
861,933,706,0.8268339846085105,0.5,0.5,5.572590011614402,11.04823151125402,8.73229461756374,484,3,50,0.2,0.5,0.5,stochastic,inheritance,inheritance,0.05
890,941,669,0.8222971838261769,0.5,0.5,5.856179775280899,10.83634431455898,8.695067264573991,485,3,50,0.2,0.5,0.5,stochastic,inheritance,inheritance,0.05
932,914,654,0.8226126067945316,0.5,0.5,5.898068669527897,10.428884026258206,8.142201834862385,486,3,50,0.2,0.5,0.5,stochastic,inheritance,inheritance,0.05
958,927,615,0.8214144837882801,0.5,0.5,6.1576200417536535,10.19309600862999,7.92520325203252,487,3,50,0.2,0.5,0.5,stochastic,inheritance,inheritance,0.05
978,945,577,0.8202557882806757,0.5,0.5,6.324130879345604,9.835978835978835,7.339688041594454,488,3,50,0.2,0.5,0.5,stochastic,inheritance,inheritance,0.05
996,970,534,0.8188769077322152,0.5,0.5,6.551204819277109,9.698969072164948,6.7322097378277155,489,3,50,0.2,0.5,0.5,stochastic,inheritance,inheritance,0.05
973,995,532,0.8182281765239738,0.5,0.5,6.988694758478931,9.593969849246232,6.280075187969925,490,3,50,0.2,0.5,0.5,stochastic,inheritance,inheritance,0.05
939,1032,529,0.8195501117443637,0.5,0.5,7.371671991480298,9.523255813953488,6.43289224952741,491,3,50,0.2,0.5,0.5,stochastic,inheritance,inheritance,0.05
911,1059,530,0.8221794413221641,0.5,0.5,7.646542261251372,9.305004721435317,6.420754716981132,492,3,50,0.2,0.5,0.5,stochastic,inheritance,inheritance,0.05
884,1079,537,0.82015893137837,0.5,0.5,7.970588235294118,9.291010194624652,6.459962756052142,493,3,50,0.2,0.5,0.5,stochastic,inheritance,inheritance,0.05
847,1096,557,0.8206448666986768,0.5,0.5,8.188902007083826,8.98448905109489,6.253141831238779,494,3,50,0.2,0.5,0.5,stochastic,inheritance,inheritance,0.05
829,1113,558,0.8196557277081422,0.5,0.5,8.454764776839566,9.003593890386343,6.32258064516129,495,3,50,0.2,0.5,0.5,stochastic,inheritance,inheritance,0.05
818,1117,565,0.8199565952479962,0.5,0.5,8.561124694376527,9.12354521038496,6.430088495575221,496,3,50,0.2,0.5,0.5,stochastic,inheritance,inheritance,0.05
798,1133,569,0.8224726123935931,0.5,0.5,8.739348370927319,9.240070609002649,6.520210896309314,497,3,50,0.2,0.5,0.5,stochastic,inheritance,inheritance,0.05
798,1153,549,0.8237454291347434,0.5,0.5,8.829573934837093,9.515177797051171,6.426229508196721,498,3,50,0.2,0.5,0.5,stochastic,inheritance,inheritance,0.05
783,1174,543,0.820832300583562,0.5,0.5,8.67816091954023,9.570698466780238,6.250460405156538,499,3,50,0.2,0.5,0.5,stochastic,inheritance,inheritance,0.05
