R_density,P_density,S_density,R_invasion,P_invasion,S_invasion,R_age,P_age,S_age,epoch,seed,grid_dim,R_init_invasion,P_init_invasion,S_init_invasion,R_policy,P_policy,S_policy,sigma
1802,1934,1889,0.5,0.5,0.5,0.0,0.0,0.0,0,0,75,0.5,0.5,0.5,stochastic,stochastic,stochastic,0.01
1829,1878,1918,0.4998575818667965,0.4998958739694562,0.49985440028456674,1.0,1.0,1.0,1,0,75,0.5,0.5,0.5,stochastic,stochastic,stochastic,0.01
1863,1843,1919,0.49971072617570045,0.5000531795095311,0.4997483024724519,1.8421900161030595,1.85729788388497,1.8447107868681605,2,0,75,0.5,0.5,0.5,stochastic,stochastic,stochastic,0.01
1860,1889,1876,0.4997433160371526,0.5000528657001411,0.4998677602365956,2.575806451612903,2.590788777130757,2.621002132196162,3,0,75,0.5,0.5,0.5,stochastic,stochastic,stochastic,0.01
1824,1942,1859,0.4996246738469681,0.5000791802812494,0.499818726508937,3.2335526315789473,3.212667353244078,3.2920925228617537,4,0,75,0.5,0.5,0.5,stochastic,stochastic,stochastic,0.01
1813,1978,1834,0.4995621101348747,0.5000707492402242,0.4997534063521684,3.738003309431881,3.752275025278059,3.8544165757906215,5,0,75,0.5,0.5,0.5,stochastic,stochastic,stochastic,0.01
1809,1976,1840,0.4994994205016183,0.5001950072579346,0.4997384051209125,4.242675511332227,4.277834008097166,4.34945652173913,6,0,75,0.5,0.5,0.5,stochastic,stochastic,stochastic,0.01
1771,1973,1881,0.49963549490816805,0.5002396711732326,0.49955576546091285,4.730660643704122,4.720729853015712,4.752259436469963,7,0,75,0.5,0.5,0.5,stochastic,stochastic,stochastic,0.01
1775,1926,1924,0.49956669698734785,0.5002658657328619,0.49983652437988246,5.116619718309859,5.195223260643822,5.076923076923077,8,0,75,0.5,0.5,0.5,stochastic,stochastic,stochastic,0.01
1777,1883,1965,0.49972358580237025,0.5003465232778914,0.4998303854801983,5.475520540236354,5.597450876261285,5.403053435114503,9,0,75,0.5,0.5,0.5,stochastic,stochastic,stochastic,0.01
1791,1883,1951,0.4997264181439434,0.5003927285553604,0.5001980683372409,5.729201563372418,5.94105151354222,5.7796002050230655,10,0,75,0.5,0.5,0.5,stochastic,stochastic,stochastic,0.01
1792,1846,1987,0.4998688493697033,0.5005015767255981,0.5003160937447112,5.983816964285714,6.218851570964247,6.005032712632109,11,0,75,0.5,0.5,0.5,stochastic,stochastic,stochastic,0.01
1792,1823,2010,0.4996824814231683,0.500307434162382,0.5004352036736559,6.268973214285714,6.409764125068568,6.236318407960199,12,0,75,0.5,0.5,0.5,stochastic,stochastic,stochastic,0.01
1794,1792,2039,0.49957134504233136,0.5002103611601267,0.5004496845803499,6.493868450390189,6.615513392857143,6.498283472290338,13,0,75,0.5,0.5,0.5,stochastic,stochastic,stochastic,0.01
1799,1762,2064,0.4994834642164647,0.5004050837532577,0.5007768972312503,6.620344635908838,6.720204313280363,6.672480620155039,14,0,75,0.5,0.5,0.5,stochastic,stochastic,stochastic,0.01
1829,1720,2076,0.4993116718539448,0.5004565961514129,0.5008911731314758,6.751776927282668,6.948255813953488,6.854046242774566,15,0,75,0.5,0.5,0.5,stochastic,stochastic,stochastic,0.01
1833,1698,2094,0.4993344792339066,0.5007627981840272,0.5009485171703542,6.946535733769776,7.004711425206125,7.045845272206304,16,0,75,0.5,0.5,0.5,stochastic,stochastic,stochastic,0.01
1900,1648,2077,0.4995551154110519,0.5007681818832529,0.5007401668516686,7.026315789473684,7.172330097087379,7.201251805488686,17,0,75,0.5,0.5,0.5,stochastic,stochastic,stochastic,0.01
1915,1662,2048,0.49939878616434397,0.5006685788800269,0.5006976747996629,7.074151436031332,7.205776173285199,7.439453125,18,0,75,0.5,0.5,0.5,stochastic,stochastic,stochastic,0.01
1930,1652,2043,0.4993300217380347,0.500389250093073,0.5009786079620759,7.1367875647668395,7.161622276029056,7.597650513950073,19,0,75,0.5,0.5,0.5,stochastic,stochastic,stochastic,0.01
1966,1660,1999,0.4994880349128858,0.5000910004314939,0.5016111008149163,7.139877924720244,7.221084337349398,7.8299149574787394,20,0,75,0.5,0.5,0.5,stochastic,stochastic,stochastic,0.01
2009,1656,1960,0.4996028932793037,0.5003422113065956,0.5021632044753495,7.161274265803883,7.222222222222222,7.871428571428571,21,0,75,0.5,0.5,0.5,stochastic,stochastic,stochastic,0.01
2046,1667,1912,0.49960617879537705,0.5006397719085403,0.5022517377151526,7.1867057673509285,7.381523695260948,8.04602510460251,22,0,75,0.5,0.5,0.5,stochastic,stochastic,stochastic,0.01
2117,1687,1821,0.49980678641705784,0.5004306153020253,0.5022694609341369,7.2654700047236656,7.591582691167753,8.29104887424492,23,0,75,0.5,0.5,0.5,stochastic,stochastic,stochastic,0.01
2138,1691,1796,0.5000561570103136,0.5006158244688544,0.5022358613207868,7.3783910196445275,7.528681253696038,8.308463251670378,24,0,75,0.5,0.5,0.5,stochastic,stochastic,stochastic,0.01
2169,1696,1760,0.5002457830784708,0.5006039928004149,0.5023411880921348,7.437989857076994,7.525353773584905,8.332954545454545,25,0,75,0.5,0.5,0.5,stochastic,stochastic,stochastic,0.01
2176,1726,1723,0.5002417885975573,0.5005959574413748,0.5023686296668493,7.715533088235294,7.391657010428737,8.363319791062102,26,0,75,0.5,0.5,0.5,stochastic,stochastic,stochastic,0.01
2167,1781,1677,0.5003786811482858,0.5004937355925217,0.5020013519125098,7.883710198431011,7.2846715328467155,8.33273703041145,27,0,75,0.5,0.5,0.5,stochastic,stochastic,stochastic,0.01
2132,1840,1653,0.5005043797338247,0.5003380570467413,0.5016341865588199,7.960131332082551,7.172826086956522,8.312764670296431,28,0,75,0.5,0.5,0.5,stochastic,stochastic,stochastic,0.01
2123,1869,1633,0.500970456833758,0.5001776617001247,0.5016442963330403,8.18276024493641,7.2322097378277155,8.17881200244948,29,0,75,0.5,0.5,0.5,stochastic,stochastic,stochastic,0.01
2112,1893,1620,0.5013633381643816,0.5001375976235339,0.5015114356333651,8.271306818181818,7.282091917591125,7.984567901234568,30,0,75,0.5,0.5,0.5,stochastic,stochastic,stochastic,0.01
2049,1928,1648,0.5014979952883213,0.5000070568684487,0.5012216566435022,8.420204978038067,7.16856846473029,7.738470873786408,31,0,75,0.5,0.5,0.5,stochastic,stochastic,stochastic,0.01
2032,1960,1633,0.5018715270221236,0.5000197180829339,0.5012854196150265,8.43996062992126,7.297959183673469,7.751377832210655,32,0,75,0.5,0.5,0.5,stochastic,stochastic,stochastic,0.01
2012,1973,1640,0.5018696529999647,0.4999004508852188,0.5012686074233231,8.550695825049702,7.441966548403447,7.681707317073171,33,0,75,0.5,0.5,0.5,stochastic,stochastic,stochastic,0.01
1963,1980,1682,0.502076896881461,0.4994344608324956,0.5009232897878856,8.690779419256241,7.4944444444444445,7.712841854934601,34,0,75,0.5,0.5,0.5,stochastic,stochastic,stochastic,0.01
1885,2044,1696,0.5022134851094422,0.49857733559716777,0.50111376254491,8.872148541114058,7.579745596868885,7.857311320754717,35,0,75,0.5,0.5,0.5,stochastic,stochastic,stochastic,0.01
1836,2079,1710,0.502550471296865,0.4985110227059678,0.5012717735192593,8.989106753812637,7.65993265993266,7.919883040935672,36,0,75,0.5,0.5,0.5,stochastic,stochastic,stochastic,0.01
1789,2125,1711,0.5029459920419342,0.4983764740522042,0.5010527649973225,8.969256567915036,7.796235294117647,8.00467562828755,37,0,75,0.5,0.5,0.5,stochastic,stochastic,stochastic,0.01
1766,2115,1744,0.5028435439092052,0.49797054934776647,0.5009475119798502,8.979614949037373,7.9635933806146575,8.009174311926605,38,0,75,0.5,0.5,0.5,stochastic,stochastic,stochastic,0.01
1732,2111,1782,0.5029790465721631,0.497974515232443,0.5006673413451397,9.057736720554272,8.090952155376598,8.02861952861953,39,0,75,0.5,0.5,0.5,stochastic,stochastic,stochastic,0.01
1672,2160,1793,0.5031374140554495,0.4977539386755771,0.5008472144149676,9.159090909090908,8.213425925925925,8.171779141104295,40,0,75,0.5,0.5,0.5,stochastic,stochastic,stochastic,0.01
1670,2130,1825,0.5030176032569845,0.49777939702745766,0.5010606794625933,9.175449101796406,8.51643192488263,8.164931506849316,41,0,75,0.5,0.5,0.5,stochastic,stochastic,stochastic,0.01
1648,2086,1891,0.5029045767674081,0.4975703184388362,0.5013484446811579,9.155339805825243,8.675934803451582,8.177154944473823,42,0,75,0.5,0.5,0.5,stochastic,stochastic,stochastic,0.01
1610,2090,1925,0.5026902216141969,0.4979202223511817,0.5011464495883127,9.091925465838509,8.812918660287082,8.347012987012986,43,0,75,0.5,0.5,0.5,stochastic,stochastic,stochastic,0.01
1597,2044,1984,0.5031649482043532,0.4976607532589757,0.5016840050310443,8.939261114589856,8.83904109589041,8.200604838709678,44,0,75,0.5,0.5,0.5,stochastic,stochastic,stochastic,0.01
1575,2019,2031,0.5031786252431909,0.4977070357657319,0.5022849358736474,8.841904761904761,8.901931649331353,8.217626784835057,45,0,75,0.5,0.5,0.5,stochastic,stochastic,stochastic,0.01
1591,1988,2046,0.503057242101801,0.497683057741266,0.5026877322820678,8.651162790697674,9.082997987927566,8.350439882697946,46,0,75,0.5,0.5,0.5,stochastic,stochastic,stochastic,0.01
1639,1920,2066,0.502885770051376,0.49714938036652373,0.50269093300692,8.46979865771812,9.283854166666666,8.300096805421104,47,0,75,0.5,0.5,0.5,stochastic,stochastic,stochastic,0.01
1677,1858,2090,0.5032663162288368,0.49647537994277063,0.5024052127641379,8.364937388193201,9.355758880516685,8.341626794258373,48,0,75,0.5,0.5,0.5,stochastic,stochastic,stochastic,0.01
1678,1802,2145,0.5036643061732541,0.49633515573162207,0.5028760299550155,8.424910607866508,9.343507214206438,8.466666666666667,49,0,75,0.5,0.5,0.5,stochastic,stochastic,stochastic,0.01
1721,1780,2124,0.5041261804050687,0.49553299608324247,0.5035647796769027,8.369552585705986,9.392134831460675,8.707627118644067,50,0,75,0.5,0.5,0.5,stochastic,stochastic,stochastic,0.01
1772,1743,2110,0.5044927268590188,0.49619138145655495,0.5035270170013624,8.132054176072234,9.325301204819278,8.74170616113744,51,0,75,0.5,0.5,0.5,stochastic,stochastic,stochastic,0.01
1814,1702,2109,0.5051385871334302,0.4966072469918654,0.5034477095672063,8.067254685777288,9.166862514688601,8.806543385490754,52,0,75,0.5,0.5,0.5,stochastic,stochastic,stochastic,0.01
1840,1687,2098,0.5054538979517921,0.4971304208117554,0.5036784172277154,7.945652173913044,8.950207468879668,8.888465204957102,53,0,75,0.5,0.5,0.5,stochastic,stochastic,stochastic,0.01
1868,1677,2080,0.5057871751578117,0.49715379425574213,0.5039091433136201,7.917558886509636,8.809779367918903,8.979807692307693,54,0,75,0.5,0.5,0.5,stochastic,stochastic,stochastic,0.01
1913,1657,2055,0.5061775653375424,0.4981175119834957,0.5046850393737625,8.03240982749608,8.927579963789983,9.121654501216545,55,0,75,0.5,0.5,0.5,stochastic,stochastic,stochastic,0.01
1968,1662,1995,0.5060088552517047,0.4979294564740766,0.5043617418220518,8.011178861788618,8.919374247894103,9.348370927318296,56,0,75,0.5,0.5,0.5,stochastic,stochastic,stochastic,0.01
2033,1631,1961,0.5064001502957695,0.4986834810183258,0.5049441218829114,8.073782587309395,8.946045370938075,9.370219275879654,57,0,75,0.5,0.5,0.5,stochastic,stochastic,stochastic,0.01
2076,1634,1915,0.5062077328787211,0.4992119015044995,0.5052211070909509,8.092967244701349,8.864749082007345,9.290861618798955,58,0,75,0.5,0.5,0.5,stochastic,stochastic,stochastic,0.01
2114,1630,1881,0.5067393663422933,0.49897697924701073,0.5053310255878309,8.105960264900663,8.7079754601227,9.087719298245615,59,0,75,0.5,0.5,0.5,stochastic,stochastic,stochastic,0.01
2186,1619,1820,0.5071809815232403,0.4985309870346364,0.5062378585963306,8.18572735590119,8.646077825818406,9.004945054945056,60,0,75,0.5,0.5,0.5,stochastic,stochastic,stochastic,0.01
2205,1637,1783,0.507348460961981,0.4986481526147692,0.5065163732757465,8.329705215419501,8.525962125839952,8.999439147504207,61,0,75,0.5,0.5,0.5,stochastic,stochastic,stochastic,0.01
2216,1634,1775,0.5074114288912404,0.4979849222289735,0.5064811646685646,8.537906137184116,8.51468788249694,8.905915492957746,62,0,75,0.5,0.5,0.5,stochastic,stochastic,stochastic,0.01
2237,1632,1756,0.5075741416689906,0.49705215097868777,0.5062312526406677,8.704067948144838,8.50674019607843,8.877562642369021,63,0,75,0.5,0.5,0.5,stochastic,stochastic,stochastic,0.01
2241,1646,1738,0.5075048949914162,0.496620625537522,0.5066107992213927,8.94243641231593,8.351154313487243,8.75258918296893,64,0,75,0.5,0.5,0.5,stochastic,stochastic,stochastic,0.01
2222,1670,1733,0.5076675825140352,0.49612198196941915,0.5066496126793093,9.169666966696669,8.319760479041916,8.837276399307559,65,0,75,0.5,0.5,0.5,stochastic,stochastic,stochastic,0.01
2196,1693,1736,0.5074860948796549,0.49558351991456934,0.5065433763150449,9.466757741347905,8.255759007678677,8.921082949308756,66,0,75,0.5,0.5,0.5,stochastic,stochastic,stochastic,0.01
2188,1699,1738,0.5070776963801107,0.4951626583182471,0.5066222262663383,9.61654478976234,8.1094761624485,8.771576524741082,67,0,75,0.5,0.5,0.5,stochastic,stochastic,stochastic,0.01
2182,1748,1695,0.5068211679320765,0.49518996414750394,0.5067141342386103,9.692942254812099,8.074942791762014,9.018879056047197,68,0,75,0.5,0.5,0.5,stochastic,stochastic,stochastic,0.01
2139,1783,1703,0.5071879774933601,0.49526181807380504,0.5067890636012069,9.917251051893409,8.012338754907459,9.133881385789783,69,0,75,0.5,0.5,0.5,stochastic,stochastic,stochastic,0.01
2106,1844,1675,0.507541212032766,0.49595412732794586,0.5070300224442184,9.97340930674264,7.915943600867679,9.148059701492537,70,0,75,0.5,0.5,0.5,stochastic,stochastic,stochastic,0.01
2041,1889,1695,0.5072080091738246,0.49547472694948524,0.5074248866067211,10.157275845173935,7.850185283218634,9.176991150442477,71,0,75,0.5,0.5,0.5,stochastic,stochastic,stochastic,0.01
1979,1941,1705,0.5071652514575146,0.49553299836486936,0.5077967791438218,10.323900960080849,7.81349819680577,9.224046920821115,72,0,75,0.5,0.5,0.5,stochastic,stochastic,stochastic,0.01
1934,1958,1733,0.5071714212446958,0.4961364222422146,0.5086065016664987,10.3717683557394,7.883554647599591,9.22735141373341,73,0,75,0.5,0.5,0.5,stochastic,stochastic,stochastic,0.01
1929,1985,1711,0.5067802408160312,0.4962130624454994,0.5084853728342184,10.225505443234837,7.995465994962217,9.298071303331385,74,0,75,0.5,0.5,0.5,stochastic,stochastic,stochastic,0.01
1928,1994,1703,0.5067713910233301,0.4965104236148288,0.5085747118513594,10.101141078838173,8.18555667001003,9.215502055196712,75,0,75,0.5,0.5,0.5,stochastic,stochastic,stochastic,0.01
1925,2031,1669,0.5065833475589011,0.4964001624306699,0.5085021006728779,9.87116883116883,8.261447562776958,9.14020371479928,76,0,75,0.5,0.5,0.5,stochastic,stochastic,stochastic,0.01
1883,2074,1668,0.5068089108778832,0.49667569792270466,0.5080587576345517,9.688794476898567,8.277724204435872,9.031175059952039,77,0,75,0.5,0.5,0.5,stochastic,stochastic,stochastic,0.01
1898,2079,1648,0.5065983916564002,0.4967634181411761,0.50764768951352,9.691253951527925,8.46031746031746,8.97633495145631,78,0,75,0.5,0.5,0.5,stochastic,stochastic,stochastic,0.01
1880,2113,1632,0.5060067700591468,0.4969392657440435,0.507569825939602,9.512765957446808,8.475627070515854,8.749387254901961,79,0,75,0.5,0.5,0.5,stochastic,stochastic,stochastic,0.01
1843,2154,1628,0.5059912610821912,0.49690575926720554,0.5074600775162836,9.282148670645686,8.457288765088208,8.556511056511056,80,0,75,0.5,0.5,0.5,stochastic,stochastic,stochastic,0.01
1811,2160,1654,0.5058298505696777,0.49725022717160633,0.5073144580798484,9.260077305356157,8.568981481481481,8.376662636033858,81,0,75,0.5,0.5,0.5,stochastic,stochastic,stochastic,0.01
1791,2172,1662,0.5064777722040444,0.49737979658501125,0.5068223788984912,9.183137911781127,8.636279926335176,8.174488567990373,82,0,75,0.5,0.5,0.5,stochastic,stochastic,stochastic,0.01
1767,2173,1685,0.507356501459647,0.4976710156941574,0.5077375919780122,8.941709111488398,8.797514956281638,7.985756676557863,83,0,75,0.5,0.5,0.5,stochastic,stochastic,stochastic,0.01
1739,2208,1678,0.5081679076451554,0.4982331537982746,0.5084880445639108,8.772282921219091,8.921648550724637,7.993444576877235,84,0,75,0.5,0.5,0.5,stochastic,stochastic,stochastic,0.01
1693,2224,1708,0.5092370852663289,0.4985955890756899,0.5095026357305882,8.81393975191967,9.045863309352518,7.964285714285714,85,0,75,0.5,0.5,0.5,stochastic,stochastic,stochastic,0.01
1685,2221,1719,0.5099848471515943,0.4989211318611481,0.510136446997217,8.656379821958456,9.213417379558758,7.941244909831298,86,0,75,0.5,0.5,0.5,stochastic,stochastic,stochastic,0.01
1683,2219,1723,0.5114024187216761,0.49888181317570873,0.5092773140908192,8.631610219845514,9.334835511491663,8.02263493905978,87,0,75,0.5,0.5,0.5,stochastic,stochastic,stochastic,0.01
1655,2208,1762,0.512149323298342,0.49897769452165786,0.5095802096086389,8.563746223564955,9.465126811594203,7.9767309875141885,88,0,75,0.5,0.5,0.5,stochastic,stochastic,stochastic,0.01
1646,2168,1811,0.5121143112771327,0.49957323928837855,0.5091273674496876,8.49149453219927,9.394833948339484,7.904472667034788,89,0,75,0.5,0.5,0.5,stochastic,stochastic,stochastic,0.01
1653,2153,1819,0.512425330276922,0.4994332531936408,0.5087947017958374,8.439201451905626,9.618671620993961,7.967014843320506,90,0,75,0.5,0.5,0.5,stochastic,stochastic,stochastic,0.01
1621,2145,1859,0.512930345323839,0.5001362969661798,0.5092520837479148,8.459592843923504,9.673659673659674,7.912318450779989,91,0,75,0.5,0.5,0.5,stochastic,stochastic,stochastic,0.01
1612,2098,1915,0.513088045811071,0.5008375053717588,0.5101432145356165,8.501861042183624,9.823641563393709,7.915404699738904,92,0,75,0.5,0.5,0.5,stochastic,stochastic,stochastic,0.01
1629,2031,1965,0.5130665196059738,0.5012510397691118,0.5107496074332497,8.429711479435236,9.916297390448054,7.8396946564885495,93,0,75,0.5,0.5,0.5,stochastic,stochastic,stochastic,0.01
1656,1974,1995,0.5125477606984488,0.5015022665759006,0.5107618655957018,8.451690821256038,10.016210739614994,7.814035087719298,94,0,75,0.5,0.5,0.5,stochastic,stochastic,stochastic,0.01
1689,1906,2030,0.5127691829585872,0.5018393430114909,0.5102080761262161,8.2753108348135,9.964323189926548,7.796551724137931,95,0,75,0.5,0.5,0.5,stochastic,stochastic,stochastic,0.01
1699,1876,2050,0.5128442488037148,0.5020738814781701,0.5101537597432407,8.273690406121247,9.908315565031982,7.932682926829268,96,0,75,0.5,0.5,0.5,stochastic,stochastic,stochastic,0.01
1714,1802,2109,0.5135135842800506,0.5029418499273909,0.5093863662268598,8.289381563593933,9.719755826859046,7.895685158843054,97,0,75,0.5,0.5,0.5,stochastic,stochastic,stochastic,0.01
1722,1758,2145,0.5142994323244781,0.5038650988287636,0.5091547174175521,8.354239256678282,9.55688282138794,7.947319347319348,98,0,75,0.5,0.5,0.5,stochastic,stochastic,stochastic,0.01
1748,1739,2138,0.5137688310738381,0.5040077134950016,0.5088325634078631,8.236270022883295,9.464059804485336,8.126286248830683,99,0,75,0.5,0.5,0.5,stochastic,stochastic,stochastic,0.01
1776,1709,2140,0.5133467934685041,0.5048977789956125,0.508784594114792,8.25,9.346401404330017,8.29532710280374,100,0,75,0.5,0.5,0.5,stochastic,stochastic,stochastic,0.01
1791,1702,2132,0.5131034693774564,0.5052198143756015,0.5085188191980218,8.376884422110553,9.23090481786134,8.49765478424015,101,0,75,0.5,0.5,0.5,stochastic,stochastic,stochastic,0.01
1807,1702,2116,0.5130951426162181,0.5058095860454939,0.5089123364353852,8.323741007194245,9.151586368977673,8.73015122873346,102,0,75,0.5,0.5,0.5,stochastic,stochastic,stochastic,0.01
1850,1695,2080,0.5132052085512195,0.5063456363831496,0.5092463605038233,8.14,9.170501474926255,8.836057692307692,103,0,75,0.5,0.5,0.5,stochastic,stochastic,stochastic,0.01
1896,1667,2062,0.5129527100816575,0.5067664951610794,0.5093566826573827,8.107067510548523,9.097780443911217,8.959262851600387,104,0,75,0.5,0.5,0.5,stochastic,stochastic,stochastic,0.01
1916,1678,2031,0.5125997729191369,0.5064419048287558,0.5089885991995776,8.096033402922755,8.955303933253873,9.136386016740522,105,0,75,0.5,0.5,0.5,stochastic,stochastic,stochastic,0.01
1909,1696,2020,0.5121560442383799,0.5072800935771058,0.5087333147572713,8.161341016238868,8.86320754716981,9.25049504950495,106,0,75,0.5,0.5,0.5,stochastic,stochastic,stochastic,0.01
1951,1687,1987,0.5121017447035169,0.5078950998405034,0.5096429921934518,8.192721681189134,8.82809721398933,9.328132863613488,107,0,75,0.5,0.5,0.5,stochastic,stochastic,stochastic,0.01
1978,1712,1935,0.5125791625662156,0.508199556279801,0.5110006025197845,8.117290192113245,8.769859813084112,9.353488372093024,108,0,75,0.5,0.5,0.5,stochastic,stochastic,stochastic,0.01
2004,1717,1904,0.5118429254370072,0.5082616620224916,0.5111876392148634,8.105289421157684,8.66045428072219,9.300420168067227,109,0,75,0.5,0.5,0.5,stochastic,stochastic,stochastic,0.01
1982,1727,1916,0.5119558756206497,0.5094077725859352,0.5118677801090443,8.251261352169525,8.502026635784597,9.358559498956158,110,0,75,0.5,0.5,0.5,stochastic,stochastic,stochastic,0.01
2011,1752,1862,0.5128982251947931,0.5095482020290797,0.5112592421995322,8.160119343610145,8.372716894977168,9.267991407089152,111,0,75,0.5,0.5,0.5,stochastic,stochastic,stochastic,0.01
2017,1777,1831,0.5136490986988074,0.5088537437923649,0.511030947182818,8.255825483391176,8.3190770962296,9.375750955761879,112,0,75,0.5,0.5,0.5,stochastic,stochastic,stochastic,0.01
1990,1814,1821,0.5137389326627714,0.5086281097885673,0.511262599178168,8.352763819095477,8.13947078280044,9.345414607358594,113,0,75,0.5,0.5,0.5,stochastic,stochastic,stochastic,0.01
2006,1824,1795,0.5149991472674236,0.5089446394538465,0.5115137872793174,8.520438683948155,8.204495614035087,9.250696378830083,114,0,75,0.5,0.5,0.5,stochastic,stochastic,stochastic,0.01
2003,1822,1800,0.5158185658739463,0.5087149763432426,0.512545558411403,8.684972541188218,8.240395170142701,9.232222222222223,115,0,75,0.5,0.5,0.5,stochastic,stochastic,stochastic,0.01
1995,1843,1787,0.516197777344563,0.5096087861292992,0.5136219460270163,8.854135338345865,8.206728160607705,9.159485170677112,116,0,75,0.5,0.5,0.5,stochastic,stochastic,stochastic,0.01
1999,1834,1792,0.517081235045891,0.509437619665038,0.5149777308906869,8.983491745872936,8.281897491821155,9.075334821428571,117,0,75,0.5,0.5,0.5,stochastic,stochastic,stochastic,0.01
1993,1818,1814,0.5167788039064153,0.5086946411130226,0.5167779822512326,9.1921726041144,8.362486248624862,8.990628445424477,118,0,75,0.5,0.5,0.5,stochastic,stochastic,stochastic,0.01
1976,1822,1827,0.5164304081029817,0.5085562663227988,0.5172728387286459,9.336538461538462,8.385290889132822,8.88888888888889,119,0,75,0.5,0.5,0.5,stochastic,stochastic,stochastic,0.01
1980,1840,1805,0.5158478659215112,0.5083517589573836,0.5180595604659467,9.282828282828282,8.315760869565217,8.871468144044321,120,0,75,0.5,0.5,0.5,stochastic,stochastic,stochastic,0.01
1971,1874,1780,0.5154488405220192,0.5085864624898561,0.5183048465214816,9.270928462709284,8.292956243329776,8.92134831460674,121,0,75,0.5,0.5,0.5,stochastic,stochastic,stochastic,0.01
1932,1898,1795,0.5154904410174206,0.5089114973481212,0.5187417827060621,9.363354037267081,8.226554267650158,8.877994428969359,122,0,75,0.5,0.5,0.5,stochastic,stochastic,stochastic,0.01
1898,1885,1842,0.515590211268167,0.5087722151035023,0.5198796044858881,9.3840885142255,8.246153846153845,8.739413680781759,123,0,75,0.5,0.5,0.5,stochastic,stochastic,stochastic,0.01
1901,1873,1851,0.5157895940088223,0.5094587982099207,0.5205979321715243,9.363492898474487,8.321409503470369,8.620745542949757,124,0,75,0.5,0.5,0.5,stochastic,stochastic,stochastic,0.01
1914,1836,1875,0.5164038939947841,0.5087088397027616,0.5206961713822748,9.405433646812957,8.428104575163399,8.6224,125,0,75,0.5,0.5,0.5,stochastic,stochastic,stochastic,0.01
1933,1819,1873,0.5163753322210737,0.5094453957683652,0.5216537267335658,9.49146404552509,8.557449147883453,8.731980779498132,126,0,75,0.5,0.5,0.5,stochastic,stochastic,stochastic,0.01
1895,1826,1904,0.5164507548602474,0.5098797750515747,0.5222136878376927,9.564643799472295,8.519167579408544,8.77468487394958,127,0,75,0.5,0.5,0.5,stochastic,stochastic,stochastic,0.01
1882,1804,1939,0.5168192475446501,0.5097783345826127,0.5226030906080479,9.560042507970245,8.53048780487805,8.777720474471376,128,0,75,0.5,0.5,0.5,stochastic,stochastic,stochastic,0.01
1886,1781,1958,0.5173179191979603,0.5094826451571544,0.5226681759978097,9.558854718981973,8.523301516002245,8.733401430030643,129,0,75,0.5,0.5,0.5,stochastic,stochastic,stochastic,0.01
1895,1767,1963,0.5172510923499888,0.5097791439132547,0.5232626593913231,9.52664907651715,8.511035653650255,8.731023942944473,130,0,75,0.5,0.5,0.5,stochastic,stochastic,stochastic,0.01
1929,1744,1952,0.5180143404504487,0.5100398776225684,0.523415541319005,9.358735095904613,8.549885321100918,8.631659836065573,131,0,75,0.5,0.5,0.5,stochastic,stochastic,stochastic,0.01
1923,1738,1964,0.5190419529335092,0.5103724149926347,0.5236812763179458,9.354134165366615,8.528768699654776,8.75254582484725,132,0,75,0.5,0.5,0.5,stochastic,stochastic,stochastic,0.01
1895,1741,1989,0.5203710884623609,0.5105252455943349,0.5234819097928919,9.32928759894459,8.394026421596783,8.790849673202615,133,0,75,0.5,0.5,0.5,stochastic,stochastic,stochastic,0.01
1902,1746,1977,0.5211737978583701,0.5103511121624894,0.5222928602492696,9.39589905362776,8.540664375715922,8.984319676277188,134,0,75,0.5,0.5,0.5,stochastic,stochastic,stochastic,0.01
1897,1750,1978,0.5220309543931553,0.5109808674316288,0.5227913541724035,9.372166578808645,8.487428571428572,9.075834175935288,135,0,75,0.5,0.5,0.5,stochastic,stochastic,stochastic,0.01
1935,1709,1981,0.5234347390015203,0.5109467560491774,0.5224499375546893,9.333850129198966,8.534230544177882,9.007067137809187,136,0,75,0.5,0.5,0.5,stochastic,stochastic,stochastic,0.01
1950,1707,1968,0.5244879114482898,0.5106208957249898,0.5221769716143817,9.067692307692308,8.343878148799062,8.90599593495935,137,0,75,0.5,0.5,0.5,stochastic,stochastic,stochastic,0.01
1988,1693,1944,0.5248486210819717,0.5118753557639677,0.5223728016033823,8.928068410462776,8.347903130537507,8.9130658436214,138,0,75,0.5,0.5,0.5,stochastic,stochastic,stochastic,0.01
2034,1666,1925,0.5255406483605387,0.5118246715918473,0.5215360210211172,8.761553588987217,8.245498199279712,8.713766233766234,139,0,75,0.5,0.5,0.5,stochastic,stochastic,stochastic,0.01
2082,1648,1895,0.524861004068401,0.5122232761451515,0.521013034235659,8.703170028818445,8.339199029126213,8.762005277044855,140,0,75,0.5,0.5,0.5,stochastic,stochastic,stochastic,0.01
2112,1649,1864,0.5257472485859973,0.5132412186719676,0.5206313551628368,8.665719696969697,8.268647665251668,8.782725321888412,141,0,75,0.5,0.5,0.5,stochastic,stochastic,stochastic,0.01
2147,1655,1823,0.5248936122453619,0.5126893924087071,0.5209761491616451,8.698183511877037,8.147432024169184,8.760285244103127,142,0,75,0.5,0.5,0.5,stochastic,stochastic,stochastic,0.01
2200,1649,1776,0.5251629447368763,0.5125452492772277,0.5213199371711208,8.75,8.263189812007278,8.7759009009009,143,0,75,0.5,0.5,0.5,stochastic,stochastic,stochastic,0.01
2220,1632,1773,0.5256882114943724,0.5131620452259762,0.5221476567114721,8.873873873873874,8.22549019607843,8.763677382966723,144,0,75,0.5,0.5,0.5,stochastic,stochastic,stochastic,0.01
2260,1659,1706,0.5254955807810351,0.5128143053881634,0.5223121410420698,8.95,8.240506329113924,8.878663540445487,145,0,75,0.5,0.5,0.5,stochastic,stochastic,stochastic,0.01
2264,1689,1672,0.5255270730536845,0.513407337777851,0.5236572108569867,9.03047703180212,8.169330965068088,8.661483253588516,146,0,75,0.5,0.5,0.5,stochastic,stochastic,stochastic,0.01
2270,1702,1653,0.5260988580548429,0.5135571651760377,0.5234721756239357,9.245814977973568,8.141598119858989,8.651542649727768,147,0,75,0.5,0.5,0.5,stochastic,stochastic,stochastic,0.01
2237,1737,1651,0.5260256099901803,0.512919420413973,0.5248683997015572,9.489941886455075,8.030512377662637,8.660205935796487,148,0,75,0.5,0.5,0.5,stochastic,stochastic,stochastic,0.01
2210,1794,1621,0.5266108205942911,0.5120419677261774,0.5251245594388123,9.513574660633484,7.806577480490524,8.577421344848858,149,0,75,0.5,0.5,0.5,stochastic,stochastic,stochastic,0.01
2196,1839,1590,0.5265333396026964,0.5119776059679085,0.5264547132612117,9.588342440801457,7.836324089178902,8.571069182389937,150,0,75,0.5,0.5,0.5,stochastic,stochastic,stochastic,0.01
2229,1831,1565,0.5277921571136712,0.5117354175166717,0.5274670250669069,9.692687303723643,7.960677225559803,8.489456869009585,151,0,75,0.5,0.5,0.5,stochastic,stochastic,stochastic,0.01
2221,1851,1553,0.5295434392129637,0.5114654746659784,0.5286767186314195,9.757766771724448,8.009184224743382,8.495814552479073,152,0,75,0.5,0.5,0.5,stochastic,stochastic,stochastic,0.01
2203,1883,1539,0.5297832856515985,0.5103082279857851,0.531119894724352,9.789832047208352,7.8454593733404145,8.40220922677063,153,0,75,0.5,0.5,0.5,stochastic,stochastic,stochastic,0.01
2177,1893,1555,0.5308273288582367,0.510220460272653,0.5329641018542703,9.90399632521819,7.944004226096144,8.144694533762058,154,0,75,0.5,0.5,0.5,stochastic,stochastic,stochastic,0.01
2164,1935,1526,0.5314108299018546,0.5100125542345219,0.5347055766388773,9.771719038817006,7.9343669250646,8.07994757536042,155,0,75,0.5,0.5,0.5,stochastic,stochastic,stochastic,0.01
2091,2018,1516,0.5314089108396742,0.5096473860302625,0.5366785764416966,9.83739837398374,7.850346878097126,8.04089709762533,156,0,75,0.5,0.5,0.5,stochastic,stochastic,stochastic,0.01
2071,2055,1499,0.5314757876750937,0.5097371964832692,0.5382601611006548,9.875905359729598,7.952311435523114,7.801200800533689,157,0,75,0.5,0.5,0.5,stochastic,stochastic,stochastic,0.01
2006,2104,1515,0.5323349782337882,0.5092164224780501,0.5392846323478143,9.94865403788634,8.019486692015208,7.788778877887789,158,0,75,0.5,0.5,0.5,stochastic,stochastic,stochastic,0.01
1969,2116,1540,0.5321354038852851,0.5086126122595712,0.5392138486906793,10.133062468257998,8.280245746691872,7.888961038961039,159,0,75,0.5,0.5,0.5,stochastic,stochastic,stochastic,0.01
1937,2120,1568,0.5325391449657852,0.5090373914876842,0.5403755210735185,10.117191533298916,8.216509433962264,7.855867346938775,160,0,75,0.5,0.5,0.5,stochastic,stochastic,stochastic,0.01
1881,2131,1613,0.5325529078889646,0.5087638882043286,0.5415943641083235,10.198830409356725,8.335992491787893,7.893366398016119,161,0,75,0.5,0.5,0.5,stochastic,stochastic,stochastic,0.01
1832,2129,1664,0.5330853364602716,0.5086647790883762,0.5422708276740976,10.331331877729257,8.474870831376233,7.945913461538462,162,0,75,0.5,0.5,0.5,stochastic,stochastic,stochastic,0.01
1834,2144,1647,0.5339973249335348,0.508324576774355,0.5440976221521912,10.12649945474373,8.569962686567164,7.920461445051609,163,0,75,0.5,0.5,0.5,stochastic,stochastic,stochastic,0.01
1785,2153,1687,0.5333290655689874,0.5079844059383004,0.5439108074128844,10.005602240896359,8.514166279609846,7.847658565500889,164,0,75,0.5,0.5,0.5,stochastic,stochastic,stochastic,0.01
1732,2198,1695,0.534042425416376,0.5078264370027977,0.54423002702616,9.844110854503464,8.46041856232939,7.808849557522124,165,0,75,0.5,0.5,0.5,stochastic,stochastic,stochastic,0.01
1723,2183,1719,0.5361758561044643,0.5087530669704925,0.5447933543094008,9.460824143934998,8.461291800274852,7.623618382780687,166,0,75,0.5,0.5,0.5,stochastic,stochastic,stochastic,0.01
1687,2185,1753,0.5371240032983525,0.5087305502104689,0.5457016897656352,9.407231772377001,8.50938215102975,7.590986879634912,167,0,75,0.5,0.5,0.5,stochastic,stochastic,stochastic,0.01
1669,2151,1805,0.5371196723568343,0.5089335929855793,0.5468423472372905,9.29538645895746,8.573221757322175,7.491412742382272,168,0,75,0.5,0.5,0.5,stochastic,stochastic,stochastic,0.01
1661,2137,1827,0.5379862592936634,0.508781295386403,0.548285155339782,9.173991571342565,8.637810014038372,7.4794745484400655,169,0,75,0.5,0.5,0.5,stochastic,stochastic,stochastic,0.01
1613,2136,1876,0.5397195393895936,0.5093333330639228,0.5492193137949378,9.147551146931184,8.729868913857677,7.581023454157783,170,0,75,0.5,0.5,0.5,stochastic,stochastic,stochastic,0.01
1563,2130,1932,0.540132678329781,0.508799870733828,0.5499666803737971,8.880358285348688,8.732394366197184,7.614906832298137,171,0,75,0.5,0.5,0.5,stochastic,stochastic,stochastic,0.01
1537,2087,2001,0.5408754311150366,0.5091505797083139,0.55114381655975,8.87573194534808,8.844274077623384,7.660669665167417,172,0,75,0.5,0.5,0.5,stochastic,stochastic,stochastic,0.01
1526,2069,2030,0.5430948381948811,0.5100909528735267,0.5515274920578555,8.581258191349935,8.825036249395843,7.689162561576355,173,0,75,0.5,0.5,0.5,stochastic,stochastic,stochastic,0.01
1540,2038,2047,0.5440410337929822,0.5097362390710289,0.551718545941592,8.372727272727273,8.919528949950932,7.826086956521739,174,0,75,0.5,0.5,0.5,stochastic,stochastic,stochastic,0.01
1544,1976,2105,0.5433067893518595,0.5104746005669908,0.5523997759660119,8.365284974093264,8.928643724696355,7.821852731591449,175,0,75,0.5,0.5,0.5,stochastic,stochastic,stochastic,0.01
1552,1937,2136,0.5446632565381939,0.5105128861692616,0.5512152413757359,8.168170103092784,9.00413009808983,7.972846441947565,176,0,75,0.5,0.5,0.5,stochastic,stochastic,stochastic,0.01
1588,1869,2168,0.5453337290986986,0.5110368961104351,0.5500921814425349,8.068639798488665,9.00749063670412,8.019833948339484,177,0,75,0.5,0.5,0.5,stochastic,stochastic,stochastic,0.01
1650,1791,2184,0.5457666787616704,0.511856521300215,0.5494037586950882,7.862424242424242,9.098269123394752,7.993131868131868,178,0,75,0.5,0.5,0.5,stochastic,stochastic,stochastic,0.01
1680,1752,2193,0.5457473562563478,0.5131271191338407,0.5487918509134292,7.7375,9.089611872146119,8.086183310533515,179,0,75,0.5,0.5,0.5,stochastic,stochastic,stochastic,0.01
1728,1704,2193,0.5442238066241821,0.5143866567545565,0.5488067903819271,7.702546296296297,9.080985915492958,8.206110351117191,180,0,75,0.5,0.5,0.5,stochastic,stochastic,stochastic,0.01
1805,1633,2187,0.5438050651347769,0.51411068961161,0.5486143441403156,7.531301939058172,8.872627066748317,8.283493369913122,181,0,75,0.5,0.5,0.5,stochastic,stochastic,stochastic,0.01
1845,1613,2167,0.5443659724156851,0.5132691858713626,0.5478200370888786,7.503523035230352,8.831370117792932,8.413936317489616,182,0,75,0.5,0.5,0.5,stochastic,stochastic,stochastic,0.01
1895,1612,2118,0.5456770389485567,0.5146035602445378,0.5474880028091368,7.410026385224274,8.720843672456576,8.48158640226629,183,0,75,0.5,0.5,0.5,stochastic,stochastic,stochastic,0.01
1908,1638,2079,0.5455675324911167,0.5149112846354529,0.5466806920173656,7.444444444444445,8.597069597069597,8.704184704184705,184,0,75,0.5,0.5,0.5,stochastic,stochastic,stochastic,0.01
1956,1653,2016,0.5453438218492536,0.5159794072408718,0.5461855927912362,7.377811860940695,8.493647912885663,8.893849206349206,185,0,75,0.5,0.5,0.5,stochastic,stochastic,stochastic,0.01
1992,1645,1988,0.5456333053056225,0.5174757989104604,0.5459331285551533,7.521084337349397,8.483282674772036,8.973340040241448,186,0,75,0.5,0.5,0.5,stochastic,stochastic,stochastic,0.01
2008,1656,1961,0.5458568428519233,0.5177602137907608,0.5462986933730093,7.674800796812749,8.42451690821256,9.09433962264151,187,0,75,0.5,0.5,0.5,stochastic,stochastic,stochastic,0.01
2052,1640,1933,0.5451007639951956,0.5183481435111049,0.5472518803897235,7.860136452241715,8.402439024390244,9.137092602172789,188,0,75,0.5,0.5,0.5,stochastic,stochastic,stochastic,0.01
2071,1670,1884,0.5448523401563962,0.5198722469086884,0.5469592092065172,7.9768227909222595,8.252095808383233,9.320063694267516,189,0,75,0.5,0.5,0.5,stochastic,stochastic,stochastic,0.01
2109,1690,1826,0.5443305523380485,0.5208503336286034,0.5465994871991702,8.088193456614508,8.276923076923078,9.381161007667032,190,0,75,0.5,0.5,0.5,stochastic,stochastic,stochastic,0.01
2134,1688,1803,0.5434801747625945,0.5218556996439385,0.5453761873886362,8.260543580131209,8.222748815165877,9.391569606211869,191,0,75,0.5,0.5,0.5,stochastic,stochastic,stochastic,0.01
2166,1706,1753,0.5436586053881194,0.522204542709513,0.543554222618498,8.335641735918744,8.172332942555686,9.441528807758129,192,0,75,0.5,0.5,0.5,stochastic,stochastic,stochastic,0.01
2207,1745,1673,0.5435766351443535,0.5224477279961314,0.5428556682857609,8.413230629814228,8.260171919770773,9.479378362223551,193,0,75,0.5,0.5,0.5,stochastic,stochastic,stochastic,0.01
2259,1770,1596,0.5435647494916072,0.5243720597780075,0.5430856578643948,8.467020805666223,8.39774011299435,9.340852130325814,194,0,75,0.5,0.5,0.5,stochastic,stochastic,stochastic,0.01
2251,1828,1546,0.5443849082860914,0.5258692866499985,0.5437006798773047,8.47179031541537,8.364332603938731,9.26196636481242,195,0,75,0.5,0.5,0.5,stochastic,stochastic,stochastic,0.01
2248,1888,1489,0.5438876613243439,0.5269402215362662,0.5448786028228131,8.56049822064057,8.251588983050848,9.110141034251175,196,0,75,0.5,0.5,0.5,stochastic,stochastic,stochastic,0.01
2229,1965,1431,0.5436595603204026,0.5260915544918984,0.5463357727229339,8.659488559892328,8.14910941475827,9.06638714185884,197,0,75,0.5,0.5,0.5,stochastic,stochastic,stochastic,0.01
2215,2037,1373,0.5432191208307797,0.5269133314536527,0.5473302427962464,8.744920993227991,8.297005400098184,9.039329934450109,198,0,75,0.5,0.5,0.5,stochastic,stochastic,stochastic,0.01
2174,2121,1330,0.542820985249324,0.526966953087656,0.5490556252013863,8.724471021159154,8.224893917963225,8.805263157894737,199,0,75,0.5,0.5,0.5,stochastic,stochastic,stochastic,0.01
2124,2169,1332,0.5430311196080343,0.5271102578888407,0.5516364988211948,8.810734463276836,8.274781005071462,8.487237237237236,200,0,75,0.5,0.5,0.5,stochastic,stochastic,stochastic,0.01
2085,2174,1366,0.5423040699490025,0.5259710151753924,0.5527090338563019,9.044124700239808,8.408923643054278,8.202049780380673,201,0,75,0.5,0.5,0.5,stochastic,stochastic,stochastic,0.01
2054,2186,1385,0.5419853880595634,0.5262354021843664,0.55511546997222,9.20253164556962,8.653247941445562,7.96317689530686,202,0,75,0.5,0.5,0.5,stochastic,stochastic,stochastic,0.01
2005,2201,1419,0.5413940486050336,0.5260174161354647,0.5582511967276343,9.395511221945137,8.71376646978646,7.751937984496124,203,0,75,0.5,0.5,0.5,stochastic,stochastic,stochastic,0.01
1980,2217,1428,0.5411736869742547,0.5263768239622039,0.5595346684230376,9.573737373737373,8.912945421741092,7.605742296918767,204,0,75,0.5,0.5,0.5,stochastic,stochastic,stochastic,0.01
1935,2207,1483,0.540800815299136,0.5264461951902961,0.5612274807720411,9.742118863049095,9.001812415043045,7.3297370195549565,205,0,75,0.5,0.5,0.5,stochastic,stochastic,stochastic,0.01
1872,2213,1540,0.539732447718749,0.526064436094261,0.5630145162679201,9.905448717948717,9.009489380930862,7.212337662337663,206,0,75,0.5,0.5,0.5,stochastic,stochastic,stochastic,0.01
1777,2212,1636,0.5391179561450686,0.5250543495742578,0.5653862190879603,10.01631963984243,8.933092224231464,6.99083129584352,207,0,75,0.5,0.5,0.5,stochastic,stochastic,stochastic,0.01
1714,2195,1716,0.5383525056484423,0.5247865024499259,0.5651206043760625,10.037339556592766,8.839635535307517,7.013403263403263,208,0,75,0.5,0.5,0.5,stochastic,stochastic,stochastic,0.01
1645,2179,1801,0.5387063253697971,0.5232681728054753,0.5667409595698326,10.038905775075987,8.93299678751721,7.063853414769572,209,0,75,0.5,0.5,0.5,stochastic,stochastic,stochastic,0.01
1603,2202,1820,0.5399548059581724,0.5230544941580778,0.5668220197786855,9.724890829694322,8.904632152588556,7.241758241758242,210,0,75,0.5,0.5,0.5,stochastic,stochastic,stochastic,0.01
1592,2175,1858,0.5400680720348023,0.5225921701650561,0.5668029078879421,9.491834170854272,8.982988505747127,7.329924650161464,211,0,75,0.5,0.5,0.5,stochastic,stochastic,stochastic,0.01
1597,2183,1845,0.5387852238498528,0.5234185708481439,0.5675158128277997,9.19724483406387,9.086578103527255,7.472628726287263,212,0,75,0.5,0.5,0.5,stochastic,stochastic,stochastic,0.01
1564,2160,1901,0.5397022600304668,0.5248372321996037,0.5687902341940024,9.081841432225064,9.217592592592593,7.548658600736455,213,0,75,0.5,0.5,0.5,stochastic,stochastic,stochastic,0.01
1576,2104,1945,0.5401543281849251,0.5237842680340054,0.5691020808864663,9.128172588832488,9.496197718631178,7.618508997429306,214,0,75,0.5,0.5,0.5,stochastic,stochastic,stochastic,0.01
1600,2037,1988,0.5420654026559931,0.5248261683428458,0.5693103221654418,8.9275,9.671575846833578,7.657444668008048,215,0,75,0.5,0.5,0.5,stochastic,stochastic,stochastic,0.01
1640,1974,2011,0.5421566944560533,0.5247262944420245,0.5704133274587686,8.566463414634146,9.695035460992909,7.689209348582795,216,0,75,0.5,0.5,0.5,stochastic,stochastic,stochastic,0.01
1665,1932,2028,0.5430685084984253,0.5249545720219159,0.5703160284715805,8.503303303303303,9.696687370600413,7.796351084812623,217,0,75,0.5,0.5,0.5,stochastic,stochastic,stochastic,0.01
1705,1915,2005,0.5434342397134546,0.5258851721929008,0.5706898493937228,8.246920821114369,9.867885117493472,7.905236907730673,218,0,75,0.5,0.5,0.5,stochastic,stochastic,stochastic,0.01
1748,1900,1977,0.54464548534857,0.5259098636444826,0.570470144678001,8.025171624713959,9.91578947368421,8.061203844208396,219,0,75,0.5,0.5,0.5,stochastic,stochastic,stochastic,0.01
1811,1878,1936,0.5454052570013885,0.5271603965902028,0.5689419045703993,7.9304251794588625,9.968583599574014,8.181301652892563,220,0,75,0.5,0.5,0.5,stochastic,stochastic,stochastic,0.01
1837,1875,1913,0.5452805253727376,0.5289644905150921,0.5674711069273983,7.743059335873707,9.8384,8.129116570831155,221,0,75,0.5,0.5,0.5,stochastic,stochastic,stochastic,0.01
1860,1880,1885,0.5455680126004373,0.5297171751022622,0.5651966267367422,7.723118279569892,9.695212765957447,8.122015915119363,222,0,75,0.5,0.5,0.5,stochastic,stochastic,stochastic,0.01
1878,1876,1871,0.5457608328240106,0.5322901609026023,0.5638858951289394,7.716719914802982,9.708422174840086,8.218065205772314,223,0,75,0.5,0.5,0.5,stochastic,stochastic,stochastic,0.01
1901,1831,1893,0.5452834506854983,0.5350207449659629,0.5625466354253223,7.918463966333508,9.771163298743856,8.189646064447967,224,0,75,0.5,0.5,0.5,stochastic,stochastic,stochastic,0.01
1905,1831,1889,0.5458105051921628,0.5363631403888063,0.5607267471675628,7.984251968503937,9.61004915346805,8.17098994176813,225,0,75,0.5,0.5,0.5,stochastic,stochastic,stochastic,0.01
1903,1812,1910,0.5458227589768057,0.5371784758041197,0.5600383879622672,8.120336311087756,9.597682119205299,8.22303664921466,226,0,75,0.5,0.5,0.5,stochastic,stochastic,stochastic,0.01
1931,1780,1914,0.5468130156898644,0.5381850775914679,0.5592390976285253,8.18953909891248,9.556741573033708,8.209508881922675,227,0,75,0.5,0.5,0.5,stochastic,stochastic,stochastic,0.01
1944,1753,1928,0.5473620850113418,0.5393105963903254,0.5580150036736903,8.485082304526749,9.560752994865943,8.322614107883817,228,0,75,0.5,0.5,0.5,stochastic,stochastic,stochastic,0.01
1964,1730,1931,0.5474907771722596,0.5407374119315325,0.5570077990476499,8.491344195519348,9.32485549132948,8.230968410150181,229,0,75,0.5,0.5,0.5,stochastic,stochastic,stochastic,0.01
1980,1720,1925,0.5476394357390088,0.5424306579540397,0.5556016441426965,8.552525252525253,9.206395348837209,8.28987012987013,230,0,75,0.5,0.5,0.5,stochastic,stochastic,stochastic,0.01
1972,1728,1925,0.5479900034866009,0.5431552013276829,0.5561495642139827,8.5552738336714,8.86111111111111,8.358441558441559,231,0,75,0.5,0.5,0.5,stochastic,stochastic,stochastic,0.01
1990,1733,1902,0.548282297030673,0.5442066212558831,0.5559123164091864,8.478894472361809,8.54068090017311,8.308622502628811,232,0,75,0.5,0.5,0.5,stochastic,stochastic,stochastic,0.01
1963,1760,1902,0.5482962847622727,0.5461272115537549,0.5554660832777617,8.618950585838004,8.410795454545454,8.393270241850683,233,0,75,0.5,0.5,0.5,stochastic,stochastic,stochastic,0.01
1943,1808,1874,0.548871650164364,0.5466318914067905,0.5561881713734532,8.61502830674215,8.350663716814159,8.59445037353255,234,0,75,0.5,0.5,0.5,stochastic,stochastic,stochastic,0.01
1933,1835,1857,0.5486414528224217,0.5475290518232548,0.5573689279200993,8.633212622866012,8.269754768392371,8.72697899838449,235,0,75,0.5,0.5,0.5,stochastic,stochastic,stochastic,0.01
1940,1858,1827,0.5501894584365661,0.5476327980525229,0.557384142852773,8.581443298969072,8.272874058127018,8.662835249042146,236,0,75,0.5,0.5,0.5,stochastic,stochastic,stochastic,0.01
1929,1883,1813,0.5505900306937793,0.5485246552090701,0.5589691856928712,8.631933644375325,8.235793945831121,8.71042471042471,237,0,75,0.5,0.5,0.5,stochastic,stochastic,stochastic,0.01
1928,1932,1765,0.5501132878764917,0.5479853640756386,0.56000012331989,8.535788381742739,8.2675983436853,8.675354107648726,238,0,75,0.5,0.5,0.5,stochastic,stochastic,stochastic,0.01
1960,1902,1763,0.5504628908666854,0.5490391112090575,0.5611091439064569,8.599489795918368,8.403259726603576,8.621667612024957,239,0,75,0.5,0.5,0.5,stochastic,stochastic,stochastic,0.01
1960,1927,1738,0.5490634334662194,0.5500849037335567,0.561046992634111,8.536734693877552,8.414634146341463,8.580552359033371,240,0,75,0.5,0.5,0.5,stochastic,stochastic,stochastic,0.01
1961,1930,1734,0.550066327957994,0.5505882600360372,0.5617275198010603,8.676695563488016,8.639896373056995,8.526528258362168,241,0,75,0.5,0.5,0.5,stochastic,stochastic,stochastic,0.01
1905,1978,1742,0.5501272986497258,0.5492758220044424,0.5620129310152757,8.81994750656168,8.591001011122346,8.54247990815155,242,0,75,0.5,0.5,0.5,stochastic,stochastic,stochastic,0.01
1899,1992,1734,0.5504563410668187,0.5477610798808261,0.5646138483655261,8.757767245918904,8.567269076305221,8.40080738177624,243,0,75,0.5,0.5,0.5,stochastic,stochastic,stochastic,0.01
1881,2012,1732,0.5509230774032338,0.5480063883959329,0.5666898479149706,8.760765550239235,8.665009940357853,8.27944572748268,244,0,75,0.5,0.5,0.5,stochastic,stochastic,stochastic,0.01
1855,2022,1748,0.5506520366488348,0.5466965529481742,0.5686841863328401,8.776819407008086,8.74431256181998,8.300343249427918,245,0,75,0.5,0.5,0.5,stochastic,stochastic,stochastic,0.01
1853,2007,1765,0.5514348399599797,0.5460517691309649,0.5706841358541743,8.835941716135995,8.715994020926756,8.126912181303116,246,0,75,0.5,0.5,0.5,stochastic,stochastic,stochastic,0.01
1867,2003,1755,0.5508378862102252,0.5457685012610495,0.5732907175766925,8.703267273701124,8.788317523714428,7.949287749287749,247,0,75,0.5,0.5,0.5,stochastic,stochastic,stochastic,0.01
1851,1990,1784,0.5517282545385443,0.545128702621773,0.5758540525038187,8.759049162614803,8.693467336683417,7.820067264573991,248,0,75,0.5,0.5,0.5,stochastic,stochastic,stochastic,0.01
1821,1998,1806,0.5519823189428734,0.5450734428154183,0.5771897019638244,8.817682591982427,8.598098098098099,7.881506090808417,249,0,75,0.5,0.5,0.5,stochastic,stochastic,stochastic,0.01
1832,1989,1804,0.5534284720819624,0.5449717078618825,0.579931066024008,8.703056768558952,8.617898441427853,7.80210643015521,250,0,75,0.5,0.5,0.5,stochastic,stochastic,stochastic,0.01
1843,1977,1805,0.5530091693034835,0.5453113778277089,0.5814816670877776,8.564297341291372,8.567020738492666,7.747922437673131,251,0,75,0.5,0.5,0.5,stochastic,stochastic,stochastic,0.01
1833,1978,1814,0.5533870863306202,0.5460488878355442,0.5823142665130859,8.451172940534642,8.420121334681497,7.633958103638368,252,0,75,0.5,0.5,0.5,stochastic,stochastic,stochastic,0.01
1859,1957,1809,0.553482067474086,0.546532783245089,0.582220570811053,8.365250134480904,8.352580480327031,7.526810392482035,253,0,75,0.5,0.5,0.5,stochastic,stochastic,stochastic,0.01
1870,1972,1783,0.5527703187757298,0.5464026522606388,0.5839434290283382,8.238502673796791,8.480223123732252,7.574873808188446,254,0,75,0.5,0.5,0.5,stochastic,stochastic,stochastic,0.01
1868,1967,1790,0.5529562049268327,0.5478206950259457,0.5870997494997826,8.246252676659529,8.6176919166243,7.5240223463687155,255,0,75,0.5,0.5,0.5,stochastic,stochastic,stochastic,0.01
1856,1944,1825,0.5538374970791258,0.5481781157098549,0.5873879484294595,8.392780172413794,8.563271604938272,7.60931506849315,256,0,75,0.5,0.5,0.5,stochastic,stochastic,stochastic,0.01
1876,1953,1796,0.5528568513700294,0.5492781255899453,0.5875039030184058,8.361407249466952,8.644137224782385,7.664810690423162,257,0,75,0.5,0.5,0.5,stochastic,stochastic,stochastic,0.01
1897,1934,1794,0.5535591182807416,0.5506765205294458,0.5857485942497851,8.457037427517132,8.709927611168563,7.71850613154961,258,0,75,0.5,0.5,0.5,stochastic,stochastic,stochastic,0.01
1896,1959,1770,0.55342630097509,0.5508061949778261,0.5860203379277117,8.311181434599156,8.643185298621745,7.79774011299435,259,0,75,0.5,0.5,0.5,stochastic,stochastic,stochastic,0.01
1864,1954,1807,0.553276688536026,0.5521913713224319,0.5847321425442681,8.317596566523605,8.605936540429887,7.8505810736026564,260,0,75,0.5,0.5,0.5,stochastic,stochastic,stochastic,0.01
1816,1967,1842,0.5522037244984902,0.5546845160995664,0.5852356371338718,8.412444933920705,8.566853075749872,7.927795874049946,261,0,75,0.5,0.5,0.5,stochastic,stochastic,stochastic,0.01
1784,1961,1880,0.5524509004445409,0.5584192643087362,0.5845835606701781,8.342488789237668,8.605813360530341,7.99468085106383,262,0,75,0.5,0.5,0.5,stochastic,stochastic,stochastic,0.01
1783,1941,1901,0.5529527206991504,0.5596919782022138,0.5836595902974314,8.305664610207515,8.578567748583204,8.08048395581273,263,0,75,0.5,0.5,0.5,stochastic,stochastic,stochastic,0.01
1798,1909,1918,0.5537649187970212,0.5611753313205702,0.5835605316925209,8.225250278086763,8.45625982189628,8.020333680917622,264,0,75,0.5,0.5,0.5,stochastic,stochastic,stochastic,0.01
1827,1892,1906,0.5536459796026152,0.5626269869456959,0.5811395262041328,8.030103995621237,8.383720930232558,7.88405036726128,265,0,75,0.5,0.5,0.5,stochastic,stochastic,stochastic,0.01
1835,1894,1896,0.553925822926786,0.5647888350827728,0.5807861736189732,8.0,8.335797254487856,7.8655063291139244,266,0,75,0.5,0.5,0.5,stochastic,stochastic,stochastic,0.01
1842,1894,1889,0.5551698296298883,0.5671498479171211,0.5790408455893665,7.939196525515744,8.272439281942978,7.948120698782424,267,0,75,0.5,0.5,0.5,stochastic,stochastic,stochastic,0.01
1858,1891,1876,0.5540651929616941,0.5679461936529336,0.5788059277597439,7.822389666307858,8.254362771020624,7.861940298507463,268,0,75,0.5,0.5,0.5,stochastic,stochastic,stochastic,0.01
1854,1864,1907,0.5534222040235897,0.5703003779870545,0.5785318546143174,7.762135922330097,8.192596566523605,7.841636077608809,269,0,75,0.5,0.5,0.5,stochastic,stochastic,stochastic,0.01
1835,1846,1944,0.5529554341889555,0.5708622729173978,0.5778482801970493,7.8686648501362395,8.096966413867822,7.854938271604938,270,0,75,0.5,0.5,0.5,stochastic,stochastic,stochastic,0.01
1831,1786,2008,0.553169605911174,0.5715694870296109,0.5778110602631087,7.946477334789733,8.008958566629339,7.702689243027889,271,0,75,0.5,0.5,0.5,stochastic,stochastic,stochastic,0.01
1837,1794,1994,0.5527484889825174,0.5714550547232715,0.5779162188824455,7.9216113228089275,8.022296544035674,7.787362086258776,272,0,75,0.5,0.5,0.5,stochastic,stochastic,stochastic,0.01
1844,1810,1971,0.5519566798534026,0.5697827491713032,0.5787474441070147,7.964208242950108,8.088950276243095,7.910197869101979,273,0,75,0.5,0.5,0.5,stochastic,stochastic,stochastic,0.01
1898,1760,1967,0.5520772317566975,0.5694909195409229,0.5789142258432128,7.973656480505795,8.313068181818181,7.913065582104728,274,0,75,0.5,0.5,0.5,stochastic,stochastic,stochastic,0.01
1940,1711,1974,0.5523761487506799,0.5689089197592069,0.5795162257649231,8.041237113402062,8.43717124488603,7.937183383991894,275,0,75,0.5,0.5,0.5,stochastic,stochastic,stochastic,0.01
1970,1698,1957,0.5531993907405381,0.5673901765088986,0.5809998595881101,8.03248730964467,8.288574793875148,7.99386816555953,276,0,75,0.5,0.5,0.5,stochastic,stochastic,stochastic,0.01
2006,1661,1958,0.5544196196840719,0.565208603025919,0.5823776241942447,8.01345962113659,8.32691149909693,8.010214504596528,277,0,75,0.5,0.5,0.5,stochastic,stochastic,stochastic,0.01
2037,1656,1932,0.5569835047586031,0.5623925864979475,0.5833529523698774,7.983308787432499,8.206521739130435,7.968944099378882,278,0,75,0.5,0.5,0.5,stochastic,stochastic,stochastic,0.01
2023,1674,1928,0.5566251715237099,0.5622086981874198,0.5836085424585288,7.976272862086011,8.009557945041816,8.013485477178424,279,0,75,0.5,0.5,0.5,stochastic,stochastic,stochastic,0.01
2029,1668,1928,0.5579328021222977,0.5617855591645786,0.5849837122397246,7.983735830458354,7.81294964028777,7.9149377593361,280,0,75,0.5,0.5,0.5,stochastic,stochastic,stochastic,0.01
2032,1672,1921,0.5581662220709753,0.558886111470354,0.5865544183645582,8.05511811023622,7.75,7.97917751171265,281,0,75,0.5,0.5,0.5,stochastic,stochastic,stochastic,0.01
2038,1699,1888,0.5588296106137731,0.5590096878080876,0.5879175017840778,8.010794896957801,7.665097115950559,8.087923728813559,282,0,75,0.5,0.5,0.5,stochastic,stochastic,stochastic,0.01
2015,1719,1891,0.560107359644231,0.5598961859112043,0.5908268940462734,8.04516129032258,7.518324607329843,8.089899524061343,283,0,75,0.5,0.5,0.5,stochastic,stochastic,stochastic,0.01
2011,1737,1877,0.5605875024516501,0.559756309079268,0.5921917222874639,7.969169567379414,7.24006908462867,7.977091102823655,284,0,75,0.5,0.5,0.5,stochastic,stochastic,stochastic,0.01
2008,1758,1859,0.562144674681034,0.559683235150576,0.5936516484025653,7.990537848605578,7.233219567690558,8.11726734803658,285,0,75,0.5,0.5,0.5,stochastic,stochastic,stochastic,0.01
2024,1711,1890,0.563538360200153,0.557380850428666,0.595289888729313,8.121047430830039,7.4476914085330215,8.165079365079364,286,0,75,0.5,0.5,0.5,stochastic,stochastic,stochastic,0.01
2014,1702,1909,0.5634823396648339,0.5557187703651514,0.5971881671949546,8.221946375372394,7.4853113983548765,8.146673651126244,287,0,75,0.5,0.5,0.5,stochastic,stochastic,stochastic,0.01
2023,1676,1926,0.5649841687801271,0.5557023394867244,0.5979910050733466,8.388037567968365,7.56563245823389,8.217030114226375,288,0,75,0.5,0.5,0.5,stochastic,stochastic,stochastic,0.01
2051,1673,1901,0.5663416697677266,0.5558357565008684,0.5961773201500954,8.396879570941005,7.664674237895995,8.34823776959495,289,0,75,0.5,0.5,0.5,stochastic,stochastic,stochastic,0.01
2079,1666,1880,0.5675137645407385,0.555150948433387,0.5967687972889644,8.477633477633479,7.828931572629052,8.38723404255319,290,0,75,0.5,0.5,0.5,stochastic,stochastic,stochastic,0.01
2074,1687,1864,0.5682414560731428,0.5568107295349505,0.5989295761015029,8.537608486017358,7.730290456431535,8.466201716738198,291,0,75,0.5,0.5,0.5,stochastic,stochastic,stochastic,0.01
2075,1689,1861,0.5690722486406548,0.5573541604314588,0.6002833518391048,8.602409638554217,7.629366489046773,8.446534121440086,292,0,75,0.5,0.5,0.5,stochastic,stochastic,stochastic,0.01
2064,1706,1855,0.5700299386484934,0.556421013727096,0.602809105079245,8.659883720930232,7.575615474794842,8.426954177897574,293,0,75,0.5,0.5,0.5,stochastic,stochastic,stochastic,0.01
2075,1744,1806,0.5695271251452781,0.5559472798770437,0.6032983350922115,8.599036144578314,7.498279816513762,8.458471760797343,294,0,75,0.5,0.5,0.5,stochastic,stochastic,stochastic,0.01
2078,1798,1749,0.5691870552778762,0.5567046899677605,0.6046196186086198,8.475457170356112,7.42714126807564,8.411663807890223,295,0,75,0.5,0.5,0.5,stochastic,stochastic,stochastic,0.01
2048,1857,1720,0.5690873065396213,0.5578286759791667,0.6066674824233979,8.431640625,7.401184706515886,8.415116279069768,296,0,75,0.5,0.5,0.5,stochastic,stochastic,stochastic,0.01
1992,1903,1730,0.5680438540945245,0.5596315901256805,0.6098295720438008,8.582831325301205,7.451392538097741,8.407514450867051,297,0,75,0.5,0.5,0.5,stochastic,stochastic,stochastic,0.01
1981,1935,1709,0.5673178793018614,0.5612894435659807,0.6111164574632111,8.555779909136799,7.5922480620155035,8.503803393797542,298,0,75,0.5,0.5,0.5,stochastic,stochastic,stochastic,0.01
1946,1971,1708,0.5664562608622368,0.5629577931365778,0.6126513707271825,8.604830421377184,7.660071029934044,8.48887587822014,299,0,75,0.5,0.5,0.5,stochastic,stochastic,stochastic,0.01
1949,1990,1686,0.567573537983956,0.5644000317289267,0.6121175243461964,8.555156490507953,7.756281407035176,8.452550415183866,300,0,75,0.5,0.5,0.5,stochastic,stochastic,stochastic,0.01
1927,2014,1684,0.5670543339424157,0.5648056208394855,0.6133918658652209,8.665801764400623,7.861966236345581,8.473277909738718,301,0,75,0.5,0.5,0.5,stochastic,stochastic,stochastic,0.01
1898,2042,1685,0.5665163167075643,0.5670791036524887,0.613290181635248,8.668071654373025,7.9838393731635655,8.543026706231455,302,0,75,0.5,0.5,0.5,stochastic,stochastic,stochastic,0.01
1879,2069,1677,0.5665521873680469,0.5681187037094975,0.613284766105819,8.596061734965406,7.989850169163847,8.403697078115682,303,0,75,0.5,0.5,0.5,stochastic,stochastic,stochastic,0.01
1821,2080,1724,0.5651527690203114,0.5692854681293398,0.6143783359821796,8.747391543108183,7.974519230769231,8.366009280742459,304,0,75,0.5,0.5,0.5,stochastic,stochastic,stochastic,0.01
1777,2081,1767,0.5635692529781159,0.5712604065263973,0.6149077018710102,8.67923466516601,7.987025468524748,8.220713073005093,305,0,75,0.5,0.5,0.5,stochastic,stochastic,stochastic,0.01
1741,2074,1810,0.5623225735882856,0.5729936675298524,0.6157191538999711,8.458357265939116,7.982642237222758,7.96353591160221,306,0,75,0.5,0.5,0.5,stochastic,stochastic,stochastic,0.01
1691,2089,1845,0.5623029029509524,0.5752460686517441,0.6173358474339469,8.45002956830278,8.034944949736715,7.904607046070461,307,0,75,0.5,0.5,0.5,stochastic,stochastic,stochastic,0.01
1642,2087,1896,0.5618405930346576,0.574223782231841,0.6180953079035425,8.244823386114495,8.01245807379013,7.8544303797468356,308,0,75,0.5,0.5,0.5,stochastic,stochastic,stochastic,0.01
1627,2061,1937,0.5615640611465714,0.5750051746614999,0.6186474766575694,8.116164720344191,7.9524502668607475,7.703149199793495,309,0,75,0.5,0.5,0.5,stochastic,stochastic,stochastic,0.01
1595,2061,1969,0.5612666878799397,0.5757754843471672,0.6185140172065039,7.956112852664577,8.032023289665212,7.785678009141696,310,0,75,0.5,0.5,0.5,stochastic,stochastic,stochastic,0.01
1593,2052,1980,0.5624096393536743,0.5745206272410779,0.6159746445040755,7.721908349026993,8.113060428849902,7.849494949494949,311,0,75,0.5,0.5,0.5,stochastic,stochastic,stochastic,0.01
1586,2026,2013,0.5634303143524735,0.5753331490800258,0.615318563077982,7.563051702395964,8.104146100691016,7.845007451564829,312,0,75,0.5,0.5,0.5,stochastic,stochastic,stochastic,0.01
1594,2013,2018,0.5618409276957688,0.5746050345749749,0.6156060809732241,7.45357590966123,8.179831097863884,7.917244796828543,313,0,75,0.5,0.5,0.5,stochastic,stochastic,stochastic,0.01
1608,1965,2052,0.560971313722484,0.574852283034849,0.6156965044695968,7.390547263681592,8.27175572519084,7.974658869395712,314,0,75,0.5,0.5,0.5,stochastic,stochastic,stochastic,0.01
1641,1930,2054,0.5612085812408886,0.5742676785449731,0.6155174249909803,7.114564290067032,8.25077720207254,7.824245374878286,315,0,75,0.5,0.5,0.5,stochastic,stochastic,stochastic,0.01
1666,1873,2086,0.5590792370645359,0.5738217802278894,0.6167307109808482,7.220288115246098,8.350774159103043,7.804410354745925,316,0,75,0.5,0.5,0.5,stochastic,stochastic,stochastic,0.01
1743,1790,2092,0.5578029162512824,0.5726305235640682,0.614914893609074,7.204245553643144,8.401117318435753,7.7825047801147225,317,0,75,0.5,0.5,0.5,stochastic,stochastic,stochastic,0.01
1794,1743,2088,0.5584095304766905,0.5723799040305335,0.6146682435260388,7.17670011148272,8.46701090074584,7.667145593869732,318,0,75,0.5,0.5,0.5,stochastic,stochastic,stochastic,0.01
1788,1694,2143,0.5601009229847422,0.5710220427418354,0.6129562221045514,7.3937360178970915,8.396103896103897,7.685020998600093,319,0,75,0.5,0.5,0.5,stochastic,stochastic,stochastic,0.01
1814,1641,2170,0.5599780743457518,0.5698304986151184,0.6108613201227441,7.498346196251378,8.452163315051799,7.73594470046083,320,0,75,0.5,0.5,0.5,stochastic,stochastic,stochastic,0.01
1828,1582,2215,0.5592588006335717,0.568620120052679,0.6112250528469044,7.675054704595186,8.366624525916562,7.808126410835214,321,0,75,0.5,0.5,0.5,stochastic,stochastic,stochastic,0.01
1851,1544,2230,0.558744226853684,0.5663297456892203,0.6097515461847994,7.7125877903835764,8.137953367875648,7.957847533632287,322,0,75,0.5,0.5,0.5,stochastic,stochastic,stochastic,0.01
1848,1536,2241,0.5601679699312196,0.5641898941829938,0.6099239641207729,7.759199134199134,7.912760416666667,8.138777331548416,323,0,75,0.5,0.5,0.5,stochastic,stochastic,stochastic,0.01
1839,1556,2230,0.5598459164444924,0.5631858148922593,0.6104001055028656,7.852637302882001,7.8181233933161955,8.405829596412556,324,0,75,0.5,0.5,0.5,stochastic,stochastic,stochastic,0.01
1835,1584,2206,0.5600037336333781,0.5621699198329567,0.6097981533158214,7.883378746594006,7.695707070707071,8.613327289211242,325,0,75,0.5,0.5,0.5,stochastic,stochastic,stochastic,0.01
1898,1587,2140,0.560942089683764,0.5613419476843646,0.6097547058624988,7.863540569020021,7.73408947700063,8.87570093457944,326,0,75,0.5,0.5,0.5,stochastic,stochastic,stochastic,0.01
1942,1619,2064,0.5620565337456542,0.5613855920837867,0.6100547081793188,7.828527291452112,7.791229153798641,9.150193798449612,327,0,75,0.5,0.5,0.5,stochastic,stochastic,stochastic,0.01
1958,1650,2017,0.5621416258613574,0.5598641155244322,0.6106735010286322,7.78855975485189,7.643636363636364,9.264749628160635,328,0,75,0.5,0.5,0.5,stochastic,stochastic,stochastic,0.01
1994,1654,1977,0.5632577261361198,0.5603034139573558,0.6110839460474031,7.839518555667001,7.598548972188634,9.349013657056146,329,0,75,0.5,0.5,0.5,stochastic,stochastic,stochastic,0.01
2025,1688,1912,0.5639104905159302,0.5591936971841879,0.6105186519880778,7.733333333333333,7.568127962085308,9.414225941422593,330,0,75,0.5,0.5,0.5,stochastic,stochastic,stochastic,0.01
2058,1682,1885,0.5645375723518405,0.5607383274027911,0.6102990567125163,7.738095238095238,7.610582639714625,9.412732095490716,331,0,75,0.5,0.5,0.5,stochastic,stochastic,stochastic,0.01
2057,1718,1850,0.564433935259769,0.5619171444506975,0.6110792794740538,7.796305298979096,7.69906868451688,9.51027027027027,332,0,75,0.5,0.5,0.5,stochastic,stochastic,stochastic,0.01
2038,1751,1836,0.5659259273396473,0.5630227425406605,0.6115094450774812,7.83954857703631,7.677898343803541,9.52450980392157,333,0,75,0.5,0.5,0.5,stochastic,stochastic,stochastic,0.01
2012,1750,1863,0.566316811734425,0.5643240257887735,0.6134845569263799,7.960238568588469,7.468571428571429,9.3467525496511,334,0,75,0.5,0.5,0.5,stochastic,stochastic,stochastic,0.01
1989,1770,1866,0.5670618721236349,0.5655204249186419,0.6146500697381246,7.969331322272499,7.408474576271186,9.184887459807074,335,0,75,0.5,0.5,0.5,stochastic,stochastic,stochastic,0.01
1986,1756,1883,0.5672951668023688,0.5653130903664401,0.6155212032783934,8.154582074521652,7.351936218678816,9.02655337227828,336,0,75,0.5,0.5,0.5,stochastic,stochastic,stochastic,0.01
1973,1755,1897,0.5676898961371142,0.5659460884720174,0.6162924318358091,8.170805879371516,7.3150997150997155,8.839746968898261,337,0,75,0.5,0.5,0.5,stochastic,stochastic,stochastic,0.01
1996,1715,1914,0.5691295523438044,0.5658517382313163,0.6205282186074628,8.137775551102205,7.274052478134111,8.478578892371996,338,0,75,0.5,0.5,0.5,stochastic,stochastic,stochastic,0.01
2005,1694,1926,0.5701636010007953,0.5686683675643115,0.6243151070321801,8.213965087281796,7.30814639905549,8.439771547248183,339,0,75,0.5,0.5,0.5,stochastic,stochastic,stochastic,0.01
2027,1661,1937,0.5728810475898356,0.5700261322748578,0.6265227953417568,8.180562407498767,7.332931968693558,8.29943211151265,340,0,75,0.5,0.5,0.5,stochastic,stochastic,stochastic,0.01
2075,1631,1919,0.5733437445620335,0.5699684000718396,0.6286272458322494,8.095903614457832,7.369711833231147,8.148514851485148,341,0,75,0.5,0.5,0.5,stochastic,stochastic,stochastic,0.01
2142,1597,1886,0.5733316543230459,0.5715142456685042,0.6293389113807294,8.066760037348272,7.387601753287414,8.029692470837752,342,0,75,0.5,0.5,0.5,stochastic,stochastic,stochastic,0.01
2146,1624,1855,0.5733282968519796,0.5749111819594358,0.6307380576423146,8.099720410065238,7.366379310344827,8.086792452830188,343,0,75,0.5,0.5,0.5,stochastic,stochastic,stochastic,0.01
2169,1629,1827,0.5753926573306826,0.5766191766796535,0.6326645538862041,8.118026740433379,7.29220380601596,8.001642036124794,344,0,75,0.5,0.5,0.5,stochastic,stochastic,stochastic,0.01
2193,1648,1784,0.5764592541374214,0.5787982878278845,0.6323288138668359,8.232102143182855,7.337985436893204,8.003363228699552,345,0,75,0.5,0.5,0.5,stochastic,stochastic,stochastic,0.01
2222,1687,1716,0.5781158576988674,0.5801621362724683,0.6359196930770598,8.315031503150315,7.2951985773562535,8.155011655011656,346,0,75,0.5,0.5,0.5,stochastic,stochastic,stochastic,0.01
2171,1731,1723,0.5800270292842632,0.5806345678305203,0.6364553957867514,8.41317365269461,7.282495667244367,8.139291932675565,347,0,75,0.5,0.5,0.5,stochastic,stochastic,stochastic,0.01
2125,1746,1754,0.5796381692084067,0.5817602983401765,0.6395482574841,8.575529411764705,7.252577319587629,7.977194982896237,348,0,75,0.5,0.5,0.5,stochastic,stochastic,stochastic,0.01
2093,1766,1766,0.5807942009956293,0.5826559073174302,0.6404267525745976,8.715241280458672,7.107587768969422,7.9150622876557195,349,0,75,0.5,0.5,0.5,stochastic,stochastic,stochastic,0.01
2102,1744,1779,0.5804533115914428,0.5825887116509901,0.6405209526113422,8.79162702188392,7.1639908256880735,7.849353569421023,350,0,75,0.5,0.5,0.5,stochastic,stochastic,stochastic,0.01
2061,1780,1784,0.580575705770619,0.58313503857769,0.6399523197173681,8.789907811741873,6.919662921348315,7.820067264573991,351,0,75,0.5,0.5,0.5,stochastic,stochastic,stochastic,0.01
2039,1797,1789,0.580312439717991,0.5836905726138212,0.639966762289337,8.762628739578224,6.839176405119644,7.821688093907211,352,0,75,0.5,0.5,0.5,stochastic,stochastic,stochastic,0.01
2031,1807,1787,0.5781277677051168,0.5828251312671853,0.640697806738658,8.892663712456917,6.884338682899834,7.807498601007275,353,0,75,0.5,0.5,0.5,stochastic,stochastic,stochastic,0.01
2005,1846,1774,0.5779307894966217,0.5814272369996643,0.6385133445044691,8.743640897755611,6.844528710725894,7.835400225479143,354,0,75,0.5,0.5,0.5,stochastic,stochastic,stochastic,0.01
1975,1852,1798,0.5787290504342608,0.5796886135155557,0.6378970414286558,8.802531645569621,6.791576673866091,7.8248053392658505,355,0,75,0.5,0.5,0.5,stochastic,stochastic,stochastic,0.01
1947,1903,1775,0.5773285174058407,0.5773786492237893,0.6386790860902944,8.736517719568567,6.775091960063058,7.852957746478873,356,0,75,0.5,0.5,0.5,stochastic,stochastic,stochastic,0.01
1911,1903,1811,0.5746748781983246,0.5778794163370599,0.6379023264739639,8.727367870225013,6.769311613242249,7.7459966869133074,357,0,75,0.5,0.5,0.5,stochastic,stochastic,stochastic,0.01
1873,1917,1835,0.5738160919318596,0.5757604590935119,0.6370757350931645,8.77682861719167,6.912363067292644,7.8316076294277925,358,0,75,0.5,0.5,0.5,stochastic,stochastic,stochastic,0.01
1873,1920,1832,0.5723415711893198,0.5752327243900263,0.6369781915355643,8.642285104111052,7.044270833333333,7.823144104803493,359,0,75,0.5,0.5,0.5,stochastic,stochastic,stochastic,0.01
1878,1917,1830,0.5716294842628903,0.5746517662019909,0.6387558763996557,8.447284345047922,7.189880020865936,7.702732240437158,360,0,75,0.5,0.5,0.5,stochastic,stochastic,stochastic,0.01
1895,1888,1842,0.5704313853633302,0.5744435964838006,0.6411141122266762,8.39683377308707,7.377648305084746,7.60314875135722,361,0,75,0.5,0.5,0.5,stochastic,stochastic,stochastic,0.01
1903,1879,1843,0.5710260692657321,0.5750718335980322,0.6433264414430977,8.275880189174988,7.612559872272485,7.638090070537167,362,0,75,0.5,0.5,0.5,stochastic,stochastic,stochastic,0.01
1908,1842,1875,0.5708021673594919,0.5757005275661526,0.6452164851045874,8.44182389937107,7.800217155266015,7.773866666666667,363,0,75,0.5,0.5,0.5,stochastic,stochastic,stochastic,0.01
1930,1793,1902,0.5699857963023112,0.576510349630686,0.6466176249981131,8.544041450777202,7.94143892916899,7.793901156677182,364,0,75,0.5,0.5,0.5,stochastic,stochastic,stochastic,0.01
1981,1762,1882,0.5693881006181087,0.5761394558417426,0.6474648443052141,8.353861686017163,7.95800227014756,7.755047821466525,365,0,75,0.5,0.5,0.5,stochastic,stochastic,stochastic,0.01
2044,1736,1845,0.5693564531534516,0.5749475834929039,0.6476033524820166,8.279843444227005,8.159562211981568,7.7566395663956635,366,0,75,0.5,0.5,0.5,stochastic,stochastic,stochastic,0.01
2043,1744,1838,0.5694324426678442,0.5755059581798699,0.6494612203807781,8.49632892804699,8.102064220183486,7.857453754080522,367,0,75,0.5,0.5,0.5,stochastic,stochastic,stochastic,0.01
2077,1738,1810,0.5711834768414655,0.575870795325393,0.6507400153619886,8.438613384689456,8.005753739930956,7.8209944751381215,368,0,75,0.5,0.5,0.5,stochastic,stochastic,stochastic,0.01
2110,1737,1778,0.5711272297923338,0.576690240381725,0.6504304229101802,8.467772511848342,8.0097869890616,7.8515185601799775,369,0,75,0.5,0.5,0.5,stochastic,stochastic,stochastic,0.01
2142,1688,1795,0.5727562080462968,0.577053679010621,0.650179952016749,8.569561157796452,7.98696682464455,7.719777158774373,370,0,75,0.5,0.5,0.5,stochastic,stochastic,stochastic,0.01
2139,1693,1793,0.573852567423435,0.5768301171241184,0.6517344082127934,8.679756895745676,7.890726520968695,7.65978806469604,371,0,75,0.5,0.5,0.5,stochastic,stochastic,stochastic,0.01
2140,1701,1784,0.5748779197760817,0.5764812544376282,0.6525089122433658,8.727102803738317,7.700176366843033,7.542600896860987,372,0,75,0.5,0.5,0.5,stochastic,stochastic,stochastic,0.01
2141,1683,1801,0.5770211748002826,0.5779278669888248,0.6518624875350878,8.874824848201776,7.402852049910874,7.349805663520266,373,0,75,0.5,0.5,0.5,stochastic,stochastic,stochastic,0.01
2090,1711,1824,0.5776480947466575,0.5801787460550125,0.6501311697139088,8.982775119617225,7.174751607247224,7.294956140350878,374,0,75,0.5,0.5,0.5,stochastic,stochastic,stochastic,0.01
2054,1737,1834,0.5784404446501289,0.5803284875306464,0.6483019417771163,8.982473222979552,6.998848589522165,7.32824427480916,375,0,75,0.5,0.5,0.5,stochastic,stochastic,stochastic,0.01
2057,1770,1798,0.5807530397622245,0.5818078959427104,0.6470172775543426,8.878949927078269,7.009604519774011,7.443826473859844,376,0,75,0.5,0.5,0.5,stochastic,stochastic,stochastic,0.01
2034,1802,1789,0.5839478958203793,0.5840988882283782,0.6466267024889283,8.936578171091446,7.062153163152053,7.537171604248184,377,0,75,0.5,0.5,0.5,stochastic,stochastic,stochastic,0.01
2010,1832,1783,0.5873508901540558,0.5854215994626462,0.6475783025633512,8.853731343283583,7.045305676855895,7.616376892877173,378,0,75,0.5,0.5,0.5,stochastic,stochastic,stochastic,0.01
1991,1849,1785,0.5901194782390136,0.5873926464342933,0.6466921354339368,8.800100452034153,7.179015684153597,7.6341736694677875,379,0,75,0.5,0.5,0.5,stochastic,stochastic,stochastic,0.01
1941,1901,1783,0.5919734712770368,0.5886852186218808,0.6467873607476019,8.565687789799073,7.059968437664387,7.6702187324733595,380,0,75,0.5,0.5,0.5,stochastic,stochastic,stochastic,0.01
1922,1909,1794,0.5949383824015387,0.5908265037503801,0.646858318512649,8.440166493236212,7.072289156626506,7.565217391304348,381,0,75,0.5,0.5,0.5,stochastic,stochastic,stochastic,0.01
1908,1962,1755,0.598901817368907,0.5940188469910959,0.6501254917296169,8.302410901467505,7.115188583078491,7.736752136752137,382,0,75,0.5,0.5,0.5,stochastic,stochastic,stochastic,0.01
1914,1991,1720,0.6026700031476644,0.5943244989572959,0.6518045344276233,8.158829676071056,7.246609743847313,7.745930232558139,383,0,75,0.5,0.5,0.5,stochastic,stochastic,stochastic,0.01
1915,2004,1706,0.6030349672388235,0.5936368591825855,0.6542245498718496,8.01514360313316,7.425648702594811,7.667057444314185,384,0,75,0.5,0.5,0.5,stochastic,stochastic,stochastic,0.01
1909,2043,1673,0.6034885096467247,0.5939452485955979,0.6581178554413079,7.93661602933473,7.518844836025453,7.584578601315003,385,0,75,0.5,0.5,0.5,stochastic,stochastic,stochastic,0.01
1888,2033,1704,0.6043993059008855,0.5934649803859634,0.6617920073800314,7.910487288135593,7.640432857845548,7.47593896713615,386,0,75,0.5,0.5,0.5,stochastic,stochastic,stochastic,0.01
1912,2015,1698,0.6029276870626679,0.594022217463904,0.6649619661995463,7.800209205020921,7.851612903225806,7.248527679623086,387,0,75,0.5,0.5,0.5,stochastic,stochastic,stochastic,0.01
1943,1972,1710,0.6021145739666496,0.5933720881353849,0.6661480323821327,7.6716417910447765,7.911764705882353,7.217543859649123,388,0,75,0.5,0.5,0.5,stochastic,stochastic,stochastic,0.01
1926,1971,1728,0.6027595419904651,0.5926721857265592,0.6675389254389927,7.678608515057113,8.036022323693556,7.121527777777778,389,0,75,0.5,0.5,0.5,stochastic,stochastic,stochastic,0.01
1964,1929,1732,0.6016060477604769,0.5932444123859181,0.6680068022230321,7.79684317718941,8.220321410057025,7.005196304849885,390,0,75,0.5,0.5,0.5,stochastic,stochastic,stochastic,0.01
1965,1924,1736,0.6014697070619008,0.5931001505159503,0.6696941344735048,7.904325699745547,8.283783783783784,6.942972350230415,391,0,75,0.5,0.5,0.5,stochastic,stochastic,stochastic,0.01
1978,1882,1765,0.6008118064848978,0.5937522847435527,0.6698116019468838,8.021739130434783,8.460680127523911,6.9954674220963176,392,0,75,0.5,0.5,0.5,stochastic,stochastic,stochastic,0.01
1953,1885,1787,0.6011859146466009,0.5944149929016244,0.6685812901434494,8.129544290834614,8.300795755968169,6.960828203693341,393,0,75,0.5,0.5,0.5,stochastic,stochastic,stochastic,0.01
1937,1839,1849,0.6016410962497477,0.5946789520582266,0.6676012495947957,8.26690758905524,8.08374116367591,6.946998377501352,394,0,75,0.5,0.5,0.5,stochastic,stochastic,stochastic,0.01
1889,1839,1897,0.6026418418202217,0.595561234052437,0.6668270006048642,8.443620963472737,8.001087547580207,7.069056404849762,395,0,75,0.5,0.5,0.5,stochastic,stochastic,stochastic,0.01
1834,1813,1978,0.603723940649838,0.5975227627287122,0.6664998020474623,8.49618320610687,7.904026475455047,7.096056622851365,396,0,75,0.5,0.5,0.5,stochastic,stochastic,stochastic,0.01
1806,1816,2003,0.6054747646285215,0.5961690719262728,0.66623019796716,8.308970099667775,7.714757709251101,7.283075386919621,397,0,75,0.5,0.5,0.5,stochastic,stochastic,stochastic,0.01
1765,1820,2040,0.6067566985232886,0.5950789188850829,0.6661502989951443,8.398300283286119,7.73956043956044,7.551960784313725,398,0,75,0.5,0.5,0.5,stochastic,stochastic,stochastic,0.01
1796,1761,2068,0.6088847248227821,0.5956564815870123,0.6650897986662768,8.327951002227172,7.785917092561045,7.6847195357833655,399,0,75,0.5,0.5,0.5,stochastic,stochastic,stochastic,0.01
1829,1759,2037,0.6095790575308421,0.5957456197562189,0.6652905672846393,8.262985237834883,7.743035815804435,7.909671084928817,400,0,75,0.5,0.5,0.5,stochastic,stochastic,stochastic,0.01
1882,1766,1977,0.610827690087393,0.5951830668390312,0.6641882755936427,8.062167906482465,7.724235560588902,8.11482043500253,401,0,75,0.5,0.5,0.5,stochastic,stochastic,stochastic,0.01
1910,1757,1958,0.6105628056615421,0.5947155370855023,0.6628940842580929,7.895811518324607,7.634035287421741,8.257405515832483,402,0,75,0.5,0.5,0.5,stochastic,stochastic,stochastic,0.01
1955,1730,1940,0.6121132696978683,0.5933557384237635,0.6627861144225635,7.832225063938619,7.73121387283237,8.256701030927836,403,0,75,0.5,0.5,0.5,stochastic,stochastic,stochastic,0.01
2016,1720,1889,0.6137324855864361,0.5926420307810215,0.661302285969883,7.73015873015873,7.812790697674418,8.33192165166755,404,0,75,0.5,0.5,0.5,stochastic,stochastic,stochastic,0.01
2041,1780,1804,0.6153092339028853,0.593774147368949,0.6619642764949735,7.639882410583048,7.647752808988764,8.541019955654102,405,0,75,0.5,0.5,0.5,stochastic,stochastic,stochastic,0.01
2057,1853,1715,0.6170863927868863,0.5949514018614608,0.6626332158783961,7.573164803111327,7.626011872638964,8.678717201166181,406,0,75,0.5,0.5,0.5,stochastic,stochastic,stochastic,0.01
2089,1884,1652,0.6167183656232714,0.595376583887662,0.6630325629683097,7.4815701292484444,7.668259023354564,8.562953995157384,407,0,75,0.5,0.5,0.5,stochastic,stochastic,stochastic,0.01
2109,1907,1609,0.6183491636012919,0.5956415953539502,0.6644174576345283,7.529160739687056,7.8405873099108545,8.416407706650093,408,0,75,0.5,0.5,0.5,stochastic,stochastic,stochastic,0.01
2090,1928,1607,0.6209193033066479,0.5964736597962222,0.667664711353611,7.446411483253589,7.739107883817427,8.172370877411325,409,0,75,0.5,0.5,0.5,stochastic,stochastic,stochastic,0.01
2081,1927,1617,0.6202976365014822,0.5968051020042853,0.6684220180054817,7.516098029793368,7.806953814218994,7.832405689548547,410,0,75,0.5,0.5,0.5,stochastic,stochastic,stochastic,0.01
2091,1929,1605,0.622412254127564,0.5959128276849154,0.6713191627774358,7.626016260162602,7.839294971487818,7.622429906542056,411,0,75,0.5,0.5,0.5,stochastic,stochastic,stochastic,0.01
2092,1943,1590,0.6235799149784226,0.5967575715031267,0.6742292721611906,7.608986615678776,7.817292846114256,7.274842767295597,412,0,75,0.5,0.5,0.5,stochastic,stochastic,stochastic,0.01
2091,1911,1623,0.6239953980319303,0.598059637190562,0.6801900927814372,7.649450023912004,7.61119832548404,6.7861983980283425,413,0,75,0.5,0.5,0.5,stochastic,stochastic,stochastic,0.01
2092,1877,1656,0.6245928220400266,0.5991216086141461,0.6829437638837832,7.7710325047801145,7.591369206180074,6.684178743961352,414,0,75,0.5,0.5,0.5,stochastic,stochastic,stochastic,0.01
2036,1895,1694,0.6242797263583135,0.5998119739907926,0.6880611743681364,7.879174852652259,7.440633245382585,6.51948051948052,415,0,75,0.5,0.5,0.5,stochastic,stochastic,stochastic,0.01
1980,1929,1716,0.6255347478678771,0.6024248072853883,0.6901373064560544,7.947474747474748,7.3136340072576465,6.424242424242424,416,0,75,0.5,0.5,0.5,stochastic,stochastic,stochastic,0.01
1911,1948,1766,0.6267381664341342,0.6028662179474769,0.6939879685250556,8.08320251177394,7.391170431211499,6.44167610419026,417,0,75,0.5,0.5,0.5,stochastic,stochastic,stochastic,0.01
1832,1972,1821,0.6266409789068517,0.6056284286533494,0.6975177980718718,8.236899563318778,7.248478701825558,6.528281164195497,418,0,75,0.5,0.5,0.5,stochastic,stochastic,stochastic,0.01
1842,1925,1858,0.6265737739180048,0.6067853299352675,0.700298803129704,8.146036916395223,7.305454545454546,6.560818083961249,419,0,75,0.5,0.5,0.5,stochastic,stochastic,stochastic,0.01
1788,1899,1938,0.6291134192234351,0.6078589023166426,0.7018720446268654,8.224832214765101,7.248025276461296,6.562951496388029,420,0,75,0.5,0.5,0.5,stochastic,stochastic,stochastic,0.01
1793,1874,1958,0.6290236183098117,0.606297787882609,0.7041485855445901,8.185722253206915,7.326040554962646,6.736976506639428,421,0,75,0.5,0.5,0.5,stochastic,stochastic,stochastic,0.01
1762,1871,1992,0.6296411265297989,0.6077220508616265,0.706308590990254,8.057321225879683,7.278995189738108,6.844377510040161,422,0,75,0.5,0.5,0.5,stochastic,stochastic,stochastic,0.01
1768,1853,2004,0.6319043480121876,0.6090438639384891,0.704948628206645,7.907239819004525,7.371829465731246,6.994011976047904,423,0,75,0.5,0.5,0.5,stochastic,stochastic,stochastic,0.01
1803,1844,1978,0.6338338466743894,0.6097438236367192,0.7063333715159686,7.767609539656129,7.5672451193058565,7.138018200202224,424,0,75,0.5,0.5,0.5,stochastic,stochastic,stochastic,0.01
1821,1861,1943,0.6348595656517079,0.6098525534114512,0.7055245498216125,7.618341570565623,7.711982804943578,7.435409161091096,425,0,75,0.5,0.5,0.5,stochastic,stochastic,stochastic,0.01
1894,1834,1897,0.6333570452803807,0.6086398001513653,0.7062904257615252,7.491552270327349,8.030534351145038,7.573010015814444,426,0,75,0.5,0.5,0.5,stochastic,stochastic,stochastic,0.01
1958,1790,1877,0.6336574583407344,0.6088779074733823,0.7069075033850332,7.449948927477017,8.26536312849162,7.616941928609483,427,0,75,0.5,0.5,0.5,stochastic,stochastic,stochastic,0.01
2031,1772,1822,0.6339530758985464,0.6084908128664085,0.7083708604439888,7.395864106351551,8.509029345372461,7.681668496158068,428,0,75,0.5,0.5,0.5,stochastic,stochastic,stochastic,0.01
2085,1721,1819,0.6347421809753608,0.6079302406782431,0.709556011659239,7.472901678657075,8.676350958744916,7.623969213853766,429,0,75,0.5,0.5,0.5,stochastic,stochastic,stochastic,0.01
2135,1688,1802,0.6353458811015301,0.6073933950723167,0.70937304780832,7.451053864168618,8.64277251184834,7.492230854605993,430,0,75,0.5,0.5,0.5,stochastic,stochastic,stochastic,0.01
2178,1649,1798,0.6350334038041074,0.6068443671085618,0.7060637683349312,7.450872359963269,8.440266828380837,7.28698553948832,431,0,75,0.5,0.5,0.5,stochastic,stochastic,stochastic,0.01
2235,1636,1754,0.633963302150198,0.6048705351637843,0.7047325927932278,7.514093959731544,8.366136919315403,7.295895096921322,432,0,75,0.5,0.5,0.5,stochastic,stochastic,stochastic,0.01
2228,1658,1739,0.6349183121098113,0.6046699254618904,0.7007154377980331,7.5686714542190305,8.005428226779252,7.193789534215066,433,0,75,0.5,0.5,0.5,stochastic,stochastic,stochastic,0.01
2250,1646,1729,0.6342712719221508,0.6050314311623756,0.7006144862871274,7.636888888888889,7.661603888213852,7.018507807981492,434,0,75,0.5,0.5,0.5,stochastic,stochastic,stochastic,0.01
2223,1668,1734,0.6335926551057209,0.6062384986232585,0.7025192364702154,7.7368421052631575,7.184652278177458,6.982122260668974,435,0,75,0.5,0.5,0.5,stochastic,stochastic,stochastic,0.01
2204,1699,1722,0.6321137360762783,0.6077640364031335,0.7016301198068985,7.89519056261343,6.894643908181283,7.002903600464576,436,0,75,0.5,0.5,0.5,stochastic,stochastic,stochastic,0.01
2189,1709,1727,0.6315531131672691,0.6094512541633857,0.7036131392248203,8.000456829602559,6.674663545933294,6.994209612044007,437,0,75,0.5,0.5,0.5,stochastic,stochastic,stochastic,0.01
2155,1741,1729,0.6329412019375341,0.611024424851356,0.7058114205771125,8.032018561484918,6.4583572659391155,7.074031231925969,438,0,75,0.5,0.5,0.5,stochastic,stochastic,stochastic,0.01
2147,1737,1741,0.6326603323636014,0.6119559534052198,0.7043019584001218,8.12156497438286,6.391479562464019,7.016657093624354,439,0,75,0.5,0.5,0.5,stochastic,stochastic,stochastic,0.01
2150,1740,1735,0.6335190270090129,0.6126296082844608,0.7055667043070777,8.14186046511628,6.468390804597701,7.102593659942363,440,0,75,0.5,0.5,0.5,stochastic,stochastic,stochastic,0.01
2114,1788,1723,0.6332461991546382,0.6135863570385017,0.7055916949823665,8.128192999053926,6.371364653243848,7.2066163668020895,441,0,75,0.5,0.5,0.5,stochastic,stochastic,stochastic,0.01
2104,1811,1710,0.632964100264276,0.6161054551508882,0.707536807056285,8.15161596958175,6.438431805632248,7.297076023391813,442,0,75,0.5,0.5,0.5,stochastic,stochastic,stochastic,0.01
2073,1835,1717,0.6325682952507073,0.6169592926010444,0.70972032665301,8.148576941630488,6.492643051771117,7.3296447291788,443,0,75,0.5,0.5,0.5,stochastic,stochastic,stochastic,0.01
2059,1834,1732,0.6329130058271124,0.6185688665745572,0.7130998136612906,8.131617289946576,6.637404580152672,7.215935334872979,444,0,75,0.5,0.5,0.5,stochastic,stochastic,stochastic,0.01
2053,1841,1731,0.6321493050295306,0.6190762372458488,0.7157335797199392,8.079883097905505,6.586637696903857,7.17735413056037,445,0,75,0.5,0.5,0.5,stochastic,stochastic,stochastic,0.01
2009,1889,1727,0.6317449727439503,0.6193336654500784,0.7171902463500277,8.139870582379293,6.6633139227104285,7.266357845975681,446,0,75,0.5,0.5,0.5,stochastic,stochastic,stochastic,0.01
2008,1887,1730,0.6312068027435921,0.6184383169006482,0.7200389234136206,7.980577689243028,6.7254901960784315,7.127167630057803,447,0,75,0.5,0.5,0.5,stochastic,stochastic,stochastic,0.01
1970,1921,1734,0.6307890957098355,0.6209580283473766,0.7229851830120987,7.721319796954314,6.69390942217595,7.077277970011534,448,0,75,0.5,0.5,0.5,stochastic,stochastic,stochastic,0.01
1962,1920,1743,0.6301570207673246,0.6216356904708141,0.7275162522017847,7.669724770642202,6.71875,7.107860011474469,449,0,75,0.5,0.5,0.5,stochastic,stochastic,stochastic,0.01
1962,1905,1758,0.6289453161889843,0.6229986715272764,0.7308808192041286,7.557084607543323,6.882414698162729,6.972696245733788,450,0,75,0.5,0.5,0.5,stochastic,stochastic,stochastic,0.01
1922,1942,1761,0.6290264407641776,0.6236083083912868,0.7342349171799049,7.509365244536941,6.8280123583934085,6.861442362294151,451,0,75,0.5,0.5,0.5,stochastic,stochastic,stochastic,0.01
1902,1940,1783,0.6292755457192101,0.6231215862874047,0.7373645132611937,7.420609884332282,6.855670103092783,6.80874929893438,452,0,75,0.5,0.5,0.5,stochastic,stochastic,stochastic,0.01
1905,1926,1794,0.6288460680059663,0.6237483212980324,0.7381706493485842,7.3469816272965875,6.954309449636552,6.741917502787068,453,0,75,0.5,0.5,0.5,stochastic,stochastic,stochastic,0.01
1897,1901,1827,0.6283152045910401,0.6253277037698273,0.7391617572882491,7.250922509225092,6.9642293529721195,6.571975916803503,454,0,75,0.5,0.5,0.5,stochastic,stochastic,stochastic,0.01
1901,1835,1889,0.6311097405322857,0.6255860951682393,0.7406934534076285,7.326670173592846,6.973297002724796,6.395976707252514,455,0,75,0.5,0.5,0.5,stochastic,stochastic,stochastic,0.01
1903,1791,1931,0.6321423322954788,0.6274983890009159,0.7405733155367387,7.374146085128744,6.967057509771077,6.433972035214914,456,0,75,0.5,0.5,0.5,stochastic,stochastic,stochastic,0.01
1883,1793,1949,0.6337212559586736,0.6264251452613286,0.7411897542644721,7.320233669676049,6.8471834913552705,6.448948178553104,457,0,75,0.5,0.5,0.5,stochastic,stochastic,stochastic,0.01
1931,1744,1950,0.6332595364454373,0.6279652354017784,0.7405351898158516,7.266701191092698,6.860665137614679,6.574871794871795,458,0,75,0.5,0.5,0.5,stochastic,stochastic,stochastic,0.01
1966,1657,2002,0.6317611086231236,0.6278458520552076,0.7390234567066194,7.347914547304171,6.955944477972239,6.64935064935065,459,0,75,0.5,0.5,0.5,stochastic,stochastic,stochastic,0.01
2003,1601,2021,0.6337897114352418,0.6278991559453577,0.7394383112593822,7.335996005991014,6.927545284197377,6.692726373082633,460,0,75,0.5,0.5,0.5,stochastic,stochastic,stochastic,0.01
2021,1535,2069,0.635993016274058,0.6290990378847542,0.7385090339602038,7.43938644235527,6.683387622149837,6.7665538907684875,461,0,75,0.5,0.5,0.5,stochastic,stochastic,stochastic,0.01
2085,1481,2059,0.6392549955675488,0.6323153108514767,0.7398660220316461,7.440767386091127,6.521944632005402,6.773190869354055,462,0,75,0.5,0.5,0.5,stochastic,stochastic,stochastic,0.01
2106,1506,2013,0.6401055316986273,0.6310709955239343,0.7386248099557122,7.389363722697056,6.393094289508632,7.089915548931942,463,0,75,0.5,0.5,0.5,stochastic,stochastic,stochastic,0.01
2129,1503,1993,0.6408144517935151,0.6303867735242152,0.7386697372855076,7.497416627524659,6.328010645375914,7.2599096838936275,464,0,75,0.5,0.5,0.5,stochastic,stochastic,stochastic,0.01
2160,1543,1922,0.6430911225829319,0.6318392860651725,0.7388500009349047,7.424074074074074,6.243681140635126,7.398543184183143,465,0,75,0.5,0.5,0.5,stochastic,stochastic,stochastic,0.01
2202,1565,1858,0.6467833359546106,0.6337504150375012,0.7416404315618054,7.3047229791099,6.240255591054313,7.455328310010764,466,0,75,0.5,0.5,0.5,stochastic,stochastic,stochastic,0.01
2239,1539,1847,0.6499469194140894,0.6367294491356331,0.7441175615268966,7.366234926306387,6.253411306042885,7.374120194910666,467,0,75,0.5,0.5,0.5,stochastic,stochastic,stochastic,0.01
2269,1537,1819,0.6514663895328459,0.6348676133714873,0.7476493931076778,7.400176289114147,6.25113858165257,7.2770753161077515,468,0,75,0.5,0.5,0.5,stochastic,stochastic,stochastic,0.01
2310,1560,1755,0.6527875088316075,0.6326817966937041,0.7481593082973873,7.351948051948052,6.207051282051282,7.354415954415955,469,0,75,0.5,0.5,0.5,stochastic,stochastic,stochastic,0.01
2358,1572,1695,0.6536872923854951,0.6303838155359486,0.7476406754230406,7.458863443596268,6.252544529262087,7.380530973451328,470,0,75,0.5,0.5,0.5,stochastic,stochastic,stochastic,0.01
2360,1596,1669,0.6535901582141671,0.6297950667494209,0.7471583363696278,7.647033898305085,6.336466165413534,7.37866986219293,471,0,75,0.5,0.5,0.5,stochastic,stochastic,stochastic,0.01
2335,1638,1652,0.6549644010476815,0.6273051620885651,0.7483517889274256,7.761456102783726,6.33028083028083,7.302058111380146,472,0,75,0.5,0.5,0.5,stochastic,stochastic,stochastic,0.01
2295,1666,1664,0.6562392264500302,0.6264129625419292,0.7497949822319658,7.962962962962963,6.226890756302521,7.218149038461538,473,0,75,0.5,0.5,0.5,stochastic,stochastic,stochastic,0.01
2290,1671,1664,0.6563337718565994,0.6253152668539351,0.7509349952948914,8.183842794759824,6.382405745062837,7.204927884615385,474,0,75,0.5,0.5,0.5,stochastic,stochastic,stochastic,0.01
2226,1750,1649,0.6587557411776472,0.6270682459922992,0.7504607682546767,8.211590296495958,6.219428571428572,7.1479684657368106,475,0,75,0.5,0.5,0.5,stochastic,stochastic,stochastic,0.01
2186,1807,1632,0.6579348279684732,0.6271365810600638,0.7500014440132234,8.361390667886551,6.288323187603763,7.272058823529412,476,0,75,0.5,0.5,0.5,stochastic,stochastic,stochastic,0.01
2150,1840,1635,0.6585828364079026,0.6277697914724377,0.7512516052443546,8.350697674418605,6.383152173913044,7.224464831804282,477,0,75,0.5,0.5,0.5,stochastic,stochastic,stochastic,0.01
2104,1884,1637,0.6570713328727444,0.6267174002536623,0.7509624833781686,8.434885931558936,6.476645435244161,7.249236408063531,478,0,75,0.5,0.5,0.5,stochastic,stochastic,stochastic,0.01
2046,1922,1657,0.6548321304650399,0.6256799657488548,0.7533105989790903,8.517595307917889,6.572840790842872,7.225709112854556,479,0,75,0.5,0.5,0.5,stochastic,stochastic,stochastic,0.01
2003,1942,1680,0.654570853141265,0.6243663304800823,0.7514337550471398,8.54518222666001,6.738414006179196,7.269642857142857,480,0,75,0.5,0.5,0.5,stochastic,stochastic,stochastic,0.01
2001,1935,1689,0.6513785855649298,0.6236029436842403,0.7540855775447765,8.461769115442278,6.95968992248062,7.2297217288336295,481,0,75,0.5,0.5,0.5,stochastic,stochastic,stochastic,0.01
2011,1941,1673,0.6482567468297706,0.6241696792446424,0.7556631454106931,8.306315266036798,7.076764554353426,7.210400478182905,482,0,75,0.5,0.5,0.5,stochastic,stochastic,stochastic,0.01
2025,1964,1636,0.6478712358416802,0.6251840844417461,0.7571451016652039,8.252345679012345,7.262219959266803,7.320293398533007,483,0,75,0.5,0.5,0.5,stochastic,stochastic,stochastic,0.01
2007,1967,1651,0.6456851602063403,0.6277183899796497,0.7604021752963147,8.115097159940209,7.221148957803762,7.073288915808601,484,0,75,0.5,0.5,0.5,stochastic,stochastic,stochastic,0.01
2031,1974,1620,0.6453803365269779,0.6295909853205024,0.7614403879730675,7.986213687838503,7.306484295845998,6.897530864197531,485,0,75,0.5,0.5,0.5,stochastic,stochastic,stochastic,0.01
2010,1964,1651,0.6422810536391378,0.6306177445269151,0.7588666748888664,7.8318407960199,7.34826883910387,6.73107207752877,486,0,75,0.5,0.5,0.5,stochastic,stochastic,stochastic,0.01
1997,2009,1619,0.6429911082321222,0.6326250718186963,0.7571285957044802,7.7526289434151225,7.471876555500249,6.746139592340951,487,0,75,0.5,0.5,0.5,stochastic,stochastic,stochastic,0.01
2042,1975,1608,0.642932927201189,0.6340509246022774,0.7572531645738134,7.6699314397649365,7.666329113924051,6.536069651741293,488,0,75,0.5,0.5,0.5,stochastic,stochastic,stochastic,0.01
2046,1952,1627,0.6434145715090084,0.6342155724483326,0.7557037609530303,7.746823069403715,7.67469262295082,6.463429625076828,489,0,75,0.5,0.5,0.5,stochastic,stochastic,stochastic,0.01
2024,1929,1672,0.6443087817651311,0.6371289497429853,0.7557019915490092,7.777667984189724,7.628304821150856,6.432416267942584,490,0,75,0.5,0.5,0.5,stochastic,stochastic,stochastic,0.01
1991,1890,1744,0.6435284086263439,0.634832422382279,0.7546369455415441,7.875439477649422,7.616931216931217,6.330275229357798,491,0,75,0.5,0.5,0.5,stochastic,stochastic,stochastic,0.01
2003,1841,1781,0.6474207760637775,0.6353200354145985,0.7529961755961547,7.81827259111333,7.656708310700706,6.330151600224593,492,0,75,0.5,0.5,0.5,stochastic,stochastic,stochastic,0.01
2001,1814,1810,0.6488446270475594,0.6350605417451022,0.7522558306025849,7.827586206896552,7.535281146637265,6.326519337016575,493,0,75,0.5,0.5,0.5,stochastic,stochastic,stochastic,0.01
1979,1798,1848,0.6505845810787128,0.6375028375292662,0.7524088228604809,7.749368367862557,7.372080088987764,6.4393939393939394,494,0,75,0.5,0.5,0.5,stochastic,stochastic,stochastic,0.01
1977,1806,1842,0.65050495904526,0.6381048931805261,0.7509876840922837,7.648457258472433,7.181616832779623,6.51900108577633,495,0,75,0.5,0.5,0.5,stochastic,stochastic,stochastic,0.01
1949,1792,1884,0.6501999807232812,0.6393799456776232,0.7543282587454851,7.713186249358645,7.079799107142857,6.5615711252653925,496,0,75,0.5,0.5,0.5,stochastic,stochastic,stochastic,0.01
1952,1772,1901,0.6499622272494274,0.6398357827038678,0.7556205428020203,7.654200819672131,6.955981941309255,6.639137296159916,497,0,75,0.5,0.5,0.5,stochastic,stochastic,stochastic,0.01
1961,1760,1904,0.6511230377438981,0.6409881294274637,0.7560216657669194,7.473227944926058,6.673295454545454,6.668067226890757,498,0,75,0.5,0.5,0.5,stochastic,stochastic,stochastic,0.01
1972,1730,1923,0.6544283757117504,0.6444613430783108,0.7583420831307514,7.367647058823529,6.592485549132948,6.6526261050442015,499,0,75,0.5,0.5,0.5,stochastic,stochastic,stochastic,0.01
1985,1718,1922,0.655609505891676,0.647068827154744,0.7588304168382749,7.22367758186398,6.454598370197904,6.700312174817898,500,0,75,0.5,0.5,0.5,stochastic,stochastic,stochastic,0.01
2017,1694,1914,0.657739754790523,0.6483911636177855,0.7577015714361134,7.248884481903818,6.383116883116883,6.780564263322884,501,0,75,0.5,0.5,0.5,stochastic,stochastic,stochastic,0.01
2032,1695,1898,0.6599893534260953,0.6494905296837119,0.7572616252839764,7.2736220472440944,6.408849557522124,6.859325605900948,502,0,75,0.5,0.5,0.5,stochastic,stochastic,stochastic,0.01
2040,1682,1903,0.6631469526743478,0.6493449806747921,0.7597801454936596,7.213725490196079,6.4530321046373365,6.915396741986338,503,0,75,0.5,0.5,0.5,stochastic,stochastic,stochastic,0.01
2045,1706,1874,0.6637063686739098,0.6500032320329644,0.7597114609424734,7.088997555012225,6.446072684642439,7.0,504,0,75,0.5,0.5,0.5,stochastic,stochastic,stochastic,0.01
2074,1697,1854,0.6658118696535384,0.6513139952087411,0.7619962466225292,7.051108968177435,6.458456098998232,6.9066882416396975,505,0,75,0.5,0.5,0.5,stochastic,stochastic,stochastic,0.01
2075,1701,1849,0.6661320996374455,0.6509245765747895,0.7604385023132011,7.092048192771085,6.4103468547913,6.96322336398053,506,0,75,0.5,0.5,0.5,stochastic,stochastic,stochastic,0.01
2079,1705,1841,0.6669010086006774,0.6514184972759103,0.7595329218256258,7.058201058201059,6.454545454545454,7.034763715372081,507,0,75,0.5,0.5,0.5,stochastic,stochastic,stochastic,0.01
2138,1682,1805,0.667879891252211,0.651615200719054,0.7594164692404924,7.003274087932647,6.592746730083234,7.03213296398892,508,0,75,0.5,0.5,0.5,stochastic,stochastic,stochastic,0.01
2172,1697,1756,0.6654546310821813,0.6544847837141912,0.7594105832047773,7.133057090239411,6.627578078962876,7.101936218678816,509,0,75,0.5,0.5,0.5,stochastic,stochastic,stochastic,0.01
2192,1686,1747,0.6634724729588025,0.6561058942457993,0.7598011258563331,7.313412408759124,6.667259786476868,7.068116771608472,510,0,75,0.5,0.5,0.5,stochastic,stochastic,stochastic,0.01
2239,1684,1702,0.6631665134963018,0.657117799362155,0.7601982181787698,7.402858418937026,6.777315914489312,7.0223266745005875,511,0,75,0.5,0.5,0.5,stochastic,stochastic,stochastic,0.01
2252,1687,1686,0.6621631833769998,0.6593012326058088,0.7611919615894517,7.511101243339254,6.815056312981624,6.958481613285883,512,0,75,0.5,0.5,0.5,stochastic,stochastic,stochastic,0.01
2299,1695,1631,0.663536027988674,0.6594569201319045,0.7636544546476872,7.565463244889083,6.752212389380531,6.763948497854077,513,0,75,0.5,0.5,0.5,stochastic,stochastic,stochastic,0.01
2289,1752,1584,0.6640662673604566,0.6583443225429271,0.7644468133762817,7.706422018348624,6.599885844748859,6.797348484848484,514,0,75,0.5,0.5,0.5,stochastic,stochastic,stochastic,0.01
2283,1823,1519,0.6642260184604131,0.6584485650888977,0.7646104734292302,7.795882610600088,6.580910586944597,6.921658986175115,515,0,75,0.5,0.5,0.5,stochastic,stochastic,stochastic,0.01
2263,1884,1478,0.6654123198224962,0.6591320988361972,0.7646352174856966,7.817498895271763,6.690552016985138,6.968200270635995,516,0,75,0.5,0.5,0.5,stochastic,stochastic,stochastic,0.01
2231,1941,1453,0.6643519325831955,0.6574304725856552,0.7662327116517743,7.9049753473778575,6.74703760947965,6.847212663454921,517,0,75,0.5,0.5,0.5,stochastic,stochastic,stochastic,0.01
2200,1984,1441,0.6670542619553719,0.6566873942447129,0.7668819901937771,8.007727272727273,6.831653225806452,6.773074253990284,518,0,75,0.5,0.5,0.5,stochastic,stochastic,stochastic,0.01
2141,2031,1453,0.6707001656514572,0.6561425761534003,0.7690470479518334,8.079869219990659,6.768586903003446,6.649690295939435,519,0,75,0.5,0.5,0.5,stochastic,stochastic,stochastic,0.01
2102,2079,1444,0.6726034283292168,0.6570554234654115,0.7704818115461939,8.228353948620361,6.942760942760943,6.6024930747922435,520,0,75,0.5,0.5,0.5,stochastic,stochastic,stochastic,0.01
2033,2148,1444,0.6736458393440441,0.6602846564090975,0.770780641455816,8.271028037383177,6.925512104283054,6.447368421052632,521,0,75,0.5,0.5,0.5,stochastic,stochastic,stochastic,0.01
1997,2127,1501,0.6742378200406997,0.6598408802993847,0.769143838805047,8.41512268402604,7.133051245886224,6.314457028647568,522,0,75,0.5,0.5,0.5,stochastic,stochastic,stochastic,0.01
1898,2158,1569,0.6731289006495177,0.6601647201497753,0.7697614064679033,8.468387776606955,7.152455977757183,6.275971956660293,523,0,75,0.5,0.5,0.5,stochastic,stochastic,stochastic,0.01
1840,2160,1625,0.671727938103599,0.6625204356811258,0.7677639856460985,8.429891304347827,7.172685185185185,6.147076923076923,524,0,75,0.5,0.5,0.5,stochastic,stochastic,stochastic,0.01
1793,2129,1703,0.6719400120008189,0.6627974780171352,0.7687238955554767,8.210262130507529,7.056834194457492,5.8901937756899585,525,0,75,0.5,0.5,0.5,stochastic,stochastic,stochastic,0.01
1741,2116,1768,0.6718637729773895,0.6646088659402245,0.7694554250212391,8.122917863296955,7.003308128544424,5.968891402714932,526,0,75,0.5,0.5,0.5,stochastic,stochastic,stochastic,0.01
1692,2083,1850,0.6723882373768745,0.6658276510793145,0.7700787048602025,7.90130023640662,6.965434469515122,5.901081081081081,527,0,75,0.5,0.5,0.5,stochastic,stochastic,stochastic,0.01
1662,2019,1944,0.6734886290346752,0.6665204677807622,0.7668780445960738,7.684717208182912,6.891530460624072,5.972222222222222,528,0,75,0.5,0.5,0.5,stochastic,stochastic,stochastic,0.01
1614,1985,2026,0.6759462824613898,0.6669467622807675,0.7673595349260863,7.469640644361834,6.791435768261965,6.072556762092794,529,0,75,0.5,0.5,0.5,stochastic,stochastic,stochastic,0.01
1604,1938,2083,0.6767991880042417,0.6644874506812455,0.7673040441887249,7.160847880299252,6.934468524251806,6.14786365818531,530,0,75,0.5,0.5,0.5,stochastic,stochastic,stochastic,0.01
1640,1857,2128,0.6771271512960203,0.6644010280955206,0.7688190704219036,6.909146341463415,6.955304254173398,6.242951127819549,531,0,75,0.5,0.5,0.5,stochastic,stochastic,stochastic,0.01
1665,1763,2197,0.6786106073672046,0.6629877902729904,0.7706505289310179,6.8732732732732735,7.109472490073738,6.280382339553937,532,0,75,0.5,0.5,0.5,stochastic,stochastic,stochastic,0.01
1691,1717,2217,0.6769753902803651,0.6630972500750916,0.7723289877456324,6.71377882909521,7.105998835177635,6.4000902119981955,533,0,75,0.5,0.5,0.5,stochastic,stochastic,stochastic,0.01
1726,1642,2257,0.6772116901037297,0.6638795455843486,0.777099167680363,6.701042873696408,7.101705237515225,6.505538325210456,534,0,75,0.5,0.5,0.5,stochastic,stochastic,stochastic,0.01
1782,1560,2283,0.6768647367974836,0.6638832008424909,0.7793604120998594,6.6739618406285075,6.95,6.63556723609286,535,0,75,0.5,0.5,0.5,stochastic,stochastic,stochastic,0.01
1865,1472,2288,0.675761537826127,0.6637290640826334,0.7825175098604152,6.687399463806971,7.012907608695652,6.749562937062937,536,0,75,0.5,0.5,0.5,stochastic,stochastic,stochastic,0.01
1953,1398,2274,0.6749687095181549,0.6663618601579332,0.7857065154045582,6.576548899129544,6.836909871244635,6.795514511873351,537,0,75,0.5,0.5,0.5,stochastic,stochastic,stochastic,0.01
2058,1350,2217,0.6766434491791138,0.6686851983489223,0.786664224719552,6.484450923226434,6.651111111111111,6.86829048263419,538,0,75,0.5,0.5,0.5,stochastic,stochastic,stochastic,0.01
2161,1285,2179,0.6774529879093241,0.671891209308432,0.7875404304720508,6.468301712170292,6.438910505836576,6.930702156952731,539,0,75,0.5,0.5,0.5,stochastic,stochastic,stochastic,0.01
2225,1296,2104,0.6787557669150702,0.6701831818505187,0.7855776314250484,6.508314606741573,6.219135802469136,7.134505703422053,540,0,75,0.5,0.5,0.5,stochastic,stochastic,stochastic,0.01
2289,1324,2012,0.6794973904594328,0.6707782136968333,0.7829776476227044,6.620795107033639,6.1200906344410875,7.439363817097416,541,0,75,0.5,0.5,0.5,stochastic,stochastic,stochastic,0.01
2315,1394,1916,0.6777031630030099,0.6743477943876709,0.7823249451606792,6.743844492440605,6.005738880918221,7.610125260960334,542,0,75,0.5,0.5,0.5,stochastic,stochastic,stochastic,0.01
2352,1431,1842,0.678930967870379,0.6786425983464418,0.7825998603729988,6.699404761904762,5.881201956673655,7.56514657980456,543,0,75,0.5,0.5,0.5,stochastic,stochastic,stochastic,0.01
2413,1476,1736,0.6794863446765961,0.6847789050878939,0.780303090566866,6.732697886448404,5.7242547425474255,7.629032258064516,544,0,75,0.5,0.5,0.5,stochastic,stochastic,stochastic,0.01
2370,1518,1737,0.6783621447713098,0.6884725655990851,0.7789521816366511,6.89367088607595,5.606719367588933,7.523316062176166,545,0,75,0.5,0.5,0.5,stochastic,stochastic,stochastic,0.01
2360,1571,1694,0.6795145333587687,0.6904023642670045,0.7787933326161958,6.969915254237288,5.6104392106938255,7.518890200708382,546,0,75,0.5,0.5,0.5,stochastic,stochastic,stochastic,0.01
2366,1643,1616,0.6783448520080037,0.693245425857642,0.7763978164386346,7.057903634826712,5.602556299452221,7.459777227722772,547,0,75,0.5,0.5,0.5,stochastic,stochastic,stochastic,0.01
2355,1721,1549,0.6784874629676323,0.6963833921181948,0.7769123007335145,7.1346072186836516,5.52411388727484,7.31375080697224,548,0,75,0.5,0.5,0.5,stochastic,stochastic,stochastic,0.01
2307,1782,1536,0.6770990757057171,0.7001612229768325,0.7774915469299671,7.264412657130473,5.485409652076319,7.051432291666667,549,0,75,0.5,0.5,0.5,stochastic,stochastic,stochastic,0.01
2275,1818,1532,0.6774996370425362,0.7007050354844075,0.7779165192797047,7.34065934065934,5.556655665566557,6.7748041775456915,550,0,75,0.5,0.5,0.5,stochastic,stochastic,stochastic,0.01
2228,1850,1547,0.6779608377700358,0.7022414227231834,0.7830909678052006,7.3985637342908435,5.568648648648649,6.61732385261797,551,0,75,0.5,0.5,0.5,stochastic,stochastic,stochastic,0.01
2186,1887,1552,0.6782146638957584,0.7016956987410538,0.7814494961824135,7.48764867337603,5.610492845786964,6.548969072164948,552,0,75,0.5,0.5,0.5,stochastic,stochastic,stochastic,0.01
2130,1911,1584,0.6786542151100992,0.7017364102920146,0.7840448458394224,7.589201877934272,5.62742019884877,6.275252525252525,553,0,75,0.5,0.5,0.5,stochastic,stochastic,stochastic,0.01
2078,1898,1649,0.677879195549565,0.7006344245209536,0.7879921409362383,7.665543792107796,5.6854583772392,6.021831412977562,554,0,75,0.5,0.5,0.5,stochastic,stochastic,stochastic,0.01
2007,1944,1674,0.679956295353487,0.7019336795439811,0.7876975072597313,7.622820129546587,5.774176954732511,6.04599761051374,555,0,75,0.5,0.5,0.5,stochastic,stochastic,stochastic,0.01
1985,1925,1715,0.6834991814565979,0.6997063003493124,0.7875309980492756,7.5400503778337535,6.0483116883116885,5.931778425655977,556,0,75,0.5,0.5,0.5,stochastic,stochastic,stochastic,0.01
1983,1891,1751,0.687878945327031,0.7001826281425714,0.7883098218765809,7.448814926878467,6.173982020095187,5.928612221587664,557,0,75,0.5,0.5,0.5,stochastic,stochastic,stochastic,0.01
1959,1908,1758,0.6916153575963401,0.6988799077657507,0.7895678112716906,7.3409903011740685,6.241090146750524,6.02844141069397,558,0,75,0.5,0.5,0.5,stochastic,stochastic,stochastic,0.01
1922,1924,1779,0.6928352478342301,0.6958978112729095,0.7898306634267417,7.22372528616025,6.1777546777546775,6.082068577852726,559,0,75,0.5,0.5,0.5,stochastic,stochastic,stochastic,0.01
1896,1892,1837,0.6941995248414978,0.6955826998649126,0.791050085444815,7.267932489451477,6.2130021141649046,6.100707675557975,560,0,75,0.5,0.5,0.5,stochastic,stochastic,stochastic,0.01
1901,1850,1874,0.6959865802018672,0.6929157509110725,0.7922958245624225,7.255654918463966,6.367567567567567,6.183030949839915,561,0,75,0.5,0.5,0.5,stochastic,stochastic,stochastic,0.01
1889,1816,1920,0.6990255382774699,0.6929873996873638,0.7944865172820283,7.258867125463208,6.422907488986784,6.25625,562,0,75,0.5,0.5,0.5,stochastic,stochastic,stochastic,0.01
1868,1779,1978,0.6999112563266083,0.6935947741038699,0.7990318193031836,7.235010706638116,6.3423271500843175,6.185540950455005,563,0,75,0.5,0.5,0.5,stochastic,stochastic,stochastic,0.01
1873,1765,1987,0.6997489442475776,0.6907503487781581,0.7997525428820429,7.0549919914575545,6.402266288951841,6.335681932561651,564,0,75,0.5,0.5,0.5,stochastic,stochastic,stochastic,0.01
1889,1713,2023,0.7018533558345778,0.6889321480277518,0.8033518131112328,6.93223928004235,6.380035026269702,6.329708353929807,565,0,75,0.5,0.5,0.5,stochastic,stochastic,stochastic,0.01
1931,1681,2013,0.6989575646745099,0.6897545417294575,0.8070891045973951,6.9083376488865875,6.393813206424747,6.46448087431694,566,0,75,0.5,0.5,0.5,stochastic,stochastic,stochastic,0.01
1991,1653,1981,0.6962527332554819,0.6894808176901622,0.8089577572918907,6.761426418884983,6.399879007864489,6.5053003533568905,567,0,75,0.5,0.5,0.5,stochastic,stochastic,stochastic,0.01
2042,1629,1954,0.6962369211170027,0.6895253900895882,0.81258834682306,6.722820763956905,6.3769183548189075,6.632036847492324,568,0,75,0.5,0.5,0.5,stochastic,stochastic,stochastic,0.01
2052,1583,1990,0.6939511935780077,0.6914854664116714,0.815701469825503,6.672027290448343,6.265319014529375,6.542713567839196,569,0,75,0.5,0.5,0.5,stochastic,stochastic,stochastic,0.01
2049,1560,2016,0.6915345895949986,0.6943178057904739,0.8170644766181768,6.693020985846754,6.096153846153846,6.554563492063492,570,0,75,0.5,0.5,0.5,stochastic,stochastic,stochastic,0.01
2039,1561,2025,0.6893322647256146,0.6999498300556868,0.8181780686221848,6.690534575772437,5.906470211402947,6.633086419753086,571,0,75,0.5,0.5,0.5,stochastic,stochastic,stochastic,0.01
2062,1533,2030,0.6875218280227596,0.7050194698146375,0.820386779014903,6.809408341416101,5.897586431833007,6.679310344827586,572,0,75,0.5,0.5,0.5,stochastic,stochastic,stochastic,0.01
2070,1526,2029,0.6872800265432679,0.7083374453837086,0.8189439578157404,6.8879227053140095,5.866317169069463,6.823558403154263,573,0,75,0.5,0.5,0.5,stochastic,stochastic,stochastic,0.01
2068,1488,2069,0.6847331670538341,0.7113578209890449,0.8163973019013153,7.069148936170213,5.859543010752688,6.852585790236829,574,0,75,0.5,0.5,0.5,stochastic,stochastic,stochastic,0.01
2089,1495,2041,0.6858708770865967,0.7135095480120806,0.8138931739107486,7.177596936333174,5.91505016722408,7.053895149436551,575,0,75,0.5,0.5,0.5,stochastic,stochastic,stochastic,0.01
2111,1484,2030,0.6868801168363995,0.7148373630919985,0.8117833819253013,7.2785409758408335,5.942048517520216,7.104433497536946,576,0,75,0.5,0.5,0.5,stochastic,stochastic,stochastic,0.01
2130,1455,2040,0.6889941205876116,0.7130620384266254,0.8097090278616328,7.391079812206573,5.835051546391752,7.202941176470588,577,0,75,0.5,0.5,0.5,stochastic,stochastic,stochastic,0.01
2122,1514,1989,0.6888911074392611,0.7144759942163535,0.8092954808866458,7.464184731385485,5.73778071334214,7.462041226747109,578,0,75,0.5,0.5,0.5,stochastic,stochastic,stochastic,0.01
2153,1490,1982,0.6909160634791757,0.7161946369101972,0.8076774733343614,7.504876915931258,5.611409395973155,7.53481331987891,579,0,75,0.5,0.5,0.5,stochastic,stochastic,stochastic,0.01
2164,1498,1963,0.6885412921813219,0.7139271072725252,0.8061876629047963,7.529574861367838,5.4839786381842455,7.5588385124808966,580,0,75,0.5,0.5,0.5,stochastic,stochastic,stochastic,0.01
2189,1521,1915,0.6867944684658598,0.7131416754527511,0.8026600453877499,7.35404294198264,5.443786982248521,7.6945169712793735,581,0,75,0.5,0.5,0.5,stochastic,stochastic,stochastic,0.01
2183,1564,1878,0.6865635722802093,0.7120087849118678,0.8013570788515316,7.361887311039854,5.3938618925831205,7.8498402555910545,582,0,75,0.5,0.5,0.5,stochastic,stochastic,stochastic,0.01
2177,1602,1846,0.6874565062073288,0.713213948974314,0.8012492213788658,7.311437758383096,5.298377028714107,7.827735644637053,583,0,75,0.5,0.5,0.5,stochastic,stochastic,stochastic,0.01
2190,1597,1838,0.689684288249118,0.7131849142338231,0.7999161027781666,7.306392694063927,5.391984971822167,7.699129488574537,584,0,75,0.5,0.5,0.5,stochastic,stochastic,stochastic,0.01
2199,1623,1803,0.690274129568384,0.7111354063475426,0.8005338599178986,7.291041382446567,5.3290203327171906,7.57348863006101,585,0,75,0.5,0.5,0.5,stochastic,stochastic,stochastic,0.01
2209,1677,1739,0.6915031255877929,0.7108983341340841,0.7985486839411953,7.244454504300588,5.381633870005963,7.478435882691202,586,0,75,0.5,0.5,0.5,stochastic,stochastic,stochastic,0.01
2194,1719,1712,0.6960057475896596,0.7097794221869045,0.797569618155905,7.249772105742935,5.4077952297847585,7.325934579439252,587,0,75,0.5,0.5,0.5,stochastic,stochastic,stochastic,0.01
2128,1783,1714,0.6988337136835477,0.7119894418968707,0.7968047729692622,7.182800751879699,5.434660684240045,7.063010501750291,588,0,75,0.5,0.5,0.5,stochastic,stochastic,stochastic,0.01
2149,1835,1641,0.6995990002289929,0.7140354901296448,0.7976770177354456,7.0018613308515585,5.5858310626703,6.770262035344302,589,0,75,0.5,0.5,0.5,stochastic,stochastic,stochastic,0.01
2088,1871,1666,0.7043728195830492,0.7148460069659025,0.8011802486786865,7.078065134099617,5.595938001068947,6.657863145258103,590,0,75,0.5,0.5,0.5,stochastic,stochastic,stochastic,0.01
2057,1894,1674,0.7066823440698291,0.715200037326453,0.8029657917626707,7.134662129314536,5.7302006335797255,6.571087216248507,591,0,75,0.5,0.5,0.5,stochastic,stochastic,stochastic,0.01
2042,1861,1722,0.7096124837807444,0.715414802984466,0.8039089436727631,7.156219392752203,5.77162815690489,6.450638792102207,592,0,75,0.5,0.5,0.5,stochastic,stochastic,stochastic,0.01
1988,1904,1733,0.7127089793580326,0.7163763598250052,0.8040882679029016,7.223340040241449,5.8030462184873945,6.474899019042123,593,0,75,0.5,0.5,0.5,stochastic,stochastic,stochastic,0.01
1962,1905,1758,0.7159853162674951,0.7181408461508385,0.8051703823428281,7.240061162079511,5.889763779527559,6.468714448236632,594,0,75,0.5,0.5,0.5,stochastic,stochastic,stochastic,0.01
1960,1874,1791,0.7171169455219831,0.7184417768665844,0.8094320399124871,7.156122448979592,5.915154749199573,6.312116136236739,595,0,75,0.5,0.5,0.5,stochastic,stochastic,stochastic,0.01
1944,1841,1840,0.7180812204047085,0.7200615304357999,0.8110729985300192,7.137860082304527,5.997284084736556,6.152717391304348,596,0,75,0.5,0.5,0.5,stochastic,stochastic,stochastic,0.01
1919,1824,1882,0.7198786233139408,0.7215850812588257,0.8108992449730803,7.043772798332465,6.040021929824562,6.108926673751329,597,0,75,0.5,0.5,0.5,stochastic,stochastic,stochastic,0.01
1893,1820,1912,0.7213424493811417,0.7220679145563529,0.8106007275005644,7.01743264659271,5.881318681318682,6.0904811715481175,598,0,75,0.5,0.5,0.5,stochastic,stochastic,stochastic,0.01
1871,1837,1917,0.7204758128609411,0.7235875117192959,0.811594774042829,6.976483164083378,5.875340228633642,6.151799687010954,599,0,75,0.5,0.5,0.5,stochastic,stochastic,stochastic,0.01
1870,1815,1940,0.7187851303031018,0.7245057885347127,0.8139364677816637,6.9074866310160425,5.869421487603306,6.249484536082474,600,0,75,0.5,0.5,0.5,stochastic,stochastic,stochastic,0.01
1844,1794,1987,0.7173902328699961,0.7255898999701833,0.8162447157692407,6.889913232104122,5.844481605351171,6.2395571212883745,601,0,75,0.5,0.5,0.5,stochastic,stochastic,stochastic,0.01
1913,1730,1982,0.7138201522490518,0.7244769797125106,0.8183497635942726,6.768949294302144,6.017341040462428,6.217457114026236,602,0,75,0.5,0.5,0.5,stochastic,stochastic,stochastic,0.01
1944,1665,2016,0.7111632810071077,0.7237535345112903,0.8207944657117633,6.743827160493828,6.087087087087087,6.198412698412699,603,0,75,0.5,0.5,0.5,stochastic,stochastic,stochastic,0.01
2008,1593,2024,0.7083653435542794,0.7228985868651892,0.8241953549915603,6.72011952191235,6.19083490269931,6.199110671936759,604,0,75,0.5,0.5,0.5,stochastic,stochastic,stochastic,0.01
2031,1590,2004,0.7052838055751677,0.7241454664212704,0.8232080327705301,6.64303298867553,6.088050314465409,6.308383233532934,605,0,75,0.5,0.5,0.5,stochastic,stochastic,stochastic,0.01
2105,1570,1950,0.7032859231375935,0.7245194316626608,0.8274525219627498,6.647030878859858,6.007643312101911,6.401025641025641,606,0,75,0.5,0.5,0.5,stochastic,stochastic,stochastic,0.01
2185,1564,1876,0.7006305135127655,0.7254898858340794,0.829962354211074,6.71258581235698,6.05306905370844,6.505330490405117,607,0,75,0.5,0.5,0.5,stochastic,stochastic,stochastic,0.01
2198,1539,1888,0.6999100349706535,0.7300042331037274,0.8352413818747305,6.8180163785259325,6.0019493177387915,6.474046610169491,608,0,75,0.5,0.5,0.5,stochastic,stochastic,stochastic,0.01
2261,1497,1867,0.6985787533998835,0.7317753854900431,0.8398693289836291,6.868199911543565,5.955911823647295,6.326191751472951,609,0,75,0.5,0.5,0.5,stochastic,stochastic,stochastic,0.01
2298,1514,1813,0.7001832438309425,0.7323380064582233,0.8420087929458617,6.989120974760661,5.904887714663144,6.338665195808053,610,0,75,0.5,0.5,0.5,stochastic,stochastic,stochastic,0.01
2346,1532,1747,0.7009355794005431,0.7337343341415512,0.8416866995713591,7.039641943734015,5.864882506527415,6.3268460217515745,611,0,75,0.5,0.5,0.5,stochastic,stochastic,stochastic,0.01
2341,1563,1721,0.6992808953312754,0.7348064137259878,0.8424281236978357,7.171294318667236,5.783749200255918,6.216734456711214,612,0,75,0.5,0.5,0.5,stochastic,stochastic,stochastic,0.01
2368,1600,1657,0.7007979628192542,0.7376358329609417,0.8408740155901037,7.217905405405405,5.755625,6.168980084490042,613,0,75,0.5,0.5,0.5,stochastic,stochastic,stochastic,0.01
2388,1641,1596,0.704608018953424,0.738191288043424,0.8370966103689783,7.27177554438861,5.634369287020109,6.199874686716792,614,0,75,0.5,0.5,0.5,stochastic,stochastic,stochastic,0.01
2395,1687,1543,0.7062120445423397,0.7400248667693707,0.8365338715914156,7.34321503131524,5.572021339656194,6.035644847699287,615,0,75,0.5,0.5,0.5,stochastic,stochastic,stochastic,0.01
2339,1752,1534,0.7072739375887026,0.7426817006368469,0.8327435160620584,7.462590850790936,5.541095890410959,5.988917861799218,616,0,75,0.5,0.5,0.5,stochastic,stochastic,stochastic,0.01
2334,1775,1516,0.7090032782796264,0.7415883265045377,0.8278938081899354,7.653384747215082,5.529014084507042,5.99802110817942,617,0,75,0.5,0.5,0.5,stochastic,stochastic,stochastic,0.01
2271,1864,1490,0.7102500289004173,0.7408675015572972,0.8244511281138865,7.712901805372082,5.494635193133047,5.9724832214765105,618,0,75,0.5,0.5,0.5,stochastic,stochastic,stochastic,0.01
2148,1978,1499,0.713221527074231,0.7404253145944535,0.8225012935940561,7.779329608938547,5.488877654196158,5.883255503669113,619,0,75,0.5,0.5,0.5,stochastic,stochastic,stochastic,0.01
2089,2046,1490,0.7167085386284038,0.7422391405629479,0.8210910408497606,7.773575873623743,5.541055718475073,5.848993288590604,620,0,75,0.5,0.5,0.5,stochastic,stochastic,stochastic,0.01
2003,2156,1466,0.7188202737585317,0.7444628211698936,0.8202467555597149,7.619071392910634,5.628014842300557,5.918826739427012,621,0,75,0.5,0.5,0.5,stochastic,stochastic,stochastic,0.01
1886,2241,1498,0.7223541356537724,0.7446268479710058,0.8192870563521001,7.6399787910922585,5.727800089245872,6.0173564753004,622,0,75,0.5,0.5,0.5,stochastic,stochastic,stochastic,0.01
1814,2298,1513,0.7209351945793967,0.7461736714976781,0.8166486675826697,7.628445424476295,5.78503046127067,6.004626569729015,623,0,75,0.5,0.5,0.5,stochastic,stochastic,stochastic,0.01
1698,2373,1554,0.7237918781905366,0.7477189037946465,0.8176149321225603,7.571849234393404,5.844500632111251,6.056628056628057,624,0,75,0.5,0.5,0.5,stochastic,stochastic,stochastic,0.01
1579,2403,1643,0.7243576557618507,0.7472020153885707,0.8176121190957698,7.465484483850538,5.971285892634207,5.963481436396835,625,0,75,0.5,0.5,0.5,stochastic,stochastic,stochastic,0.01
1504,2396,1725,0.7296586879548728,0.7486246210714386,0.8195751410687072,7.180851063829787,6.136060100166945,5.877101449275362,626,0,75,0.5,0.5,0.5,stochastic,stochastic,stochastic,0.01
1401,2340,1884,0.7304447872238348,0.7490321598245112,0.8231586369152154,6.930049964311206,6.228632478632479,5.715498938428874,627,0,75,0.5,0.5,0.5,stochastic,stochastic,stochastic,0.01
1402,2233,1990,0.7312389517852147,0.7510078016846485,0.8260529428196872,6.5834522111269616,6.4585759068517685,5.687939698492462,628,0,75,0.5,0.5,0.5,stochastic,stochastic,stochastic,0.01
1391,2165,2069,0.731272943411016,0.7511649227440755,0.8274597316239625,6.209920920201294,6.561200923787529,5.726437892701789,629,0,75,0.5,0.5,0.5,stochastic,stochastic,stochastic,0.01
1435,2055,2135,0.7298417563322398,0.7493783403497,0.8307445885699979,5.896167247386759,6.654987834549878,5.648711943793911,630,0,75,0.5,0.5,0.5,stochastic,stochastic,stochastic,0.01
1464,1940,2221,0.7317726998594477,0.7481253872760391,0.83500033210732,5.560109289617486,6.66340206185567,5.637100405222872,631,0,75,0.5,0.5,0.5,stochastic,stochastic,stochastic,0.01
1513,1812,2300,0.7332792941166318,0.7472364654693886,0.8363719963212337,5.393919365499008,6.655629139072848,5.656086956521739,632,0,75,0.5,0.5,0.5,stochastic,stochastic,stochastic,0.01
1608,1705,2312,0.7346535063469773,0.7470775257022557,0.8368479516015103,5.191542288557214,6.675659824046921,5.782439446366782,633,0,75,0.5,0.5,0.5,stochastic,stochastic,stochastic,0.01
1739,1609,2277,0.7357553083601616,0.7501856288895598,0.8384701664368744,5.041978148361127,6.670602858918583,5.87044356609574,634,0,75,0.5,0.5,0.5,stochastic,stochastic,stochastic,0.01
1870,1545,2210,0.7374276787483351,0.7530165945603269,0.8387426028978231,5.033155080213904,6.5689320388349515,6.031674208144796,635,0,75,0.5,0.5,0.5,stochastic,stochastic,stochastic,0.01
1982,1476,2167,0.7391370794138619,0.755856422118134,0.8431216988740232,5.191725529767911,6.6212737127371275,6.152284263959391,636,0,75,0.5,0.5,0.5,stochastic,stochastic,stochastic,0.01
2087,1429,2109,0.739286034613321,0.7589922997361395,0.8445413763724979,5.338284619070436,6.498250524842547,6.137505926979611,637,0,75,0.5,0.5,0.5,stochastic,stochastic,stochastic,0.01
2188,1374,2063,0.7388305352735363,0.7660077670920138,0.844951266212585,5.544332723948812,6.26783114992722,6.161415414444983,638,0,75,0.5,0.5,0.5,stochastic,stochastic,stochastic,0.01
2241,1366,2018,0.7398004885007162,0.7719332440751191,0.8469443780758512,5.7179830432842484,5.896778916544656,6.175421209117938,639,0,75,0.5,0.5,0.5,stochastic,stochastic,stochastic,0.01
2301,1384,1940,0.7390391097055524,0.7750556907019578,0.8474368295068416,5.82529335071708,5.688583815028902,6.3,640,0,75,0.5,0.5,0.5,stochastic,stochastic,stochastic,0.01
2323,1437,1865,0.7396549021849129,0.776446897230616,0.8463788449303252,5.936719758932415,5.381350034794711,6.3908847184986595,641,0,75,0.5,0.5,0.5,stochastic,stochastic,stochastic,0.01
2338,1484,1803,0.7391215104562264,0.778203587225732,0.8474775333428906,6.050042771599657,5.212938005390836,6.425956738768718,642,0,75,0.5,0.5,0.5,stochastic,stochastic,stochastic,0.01
2348,1534,1743,0.7401855913416024,0.7767368251200836,0.8477699140270176,6.25,5.129726205997392,6.363166953528399,643,0,75,0.5,0.5,0.5,stochastic,stochastic,stochastic,0.01
2356,1610,1659,0.7420659396620494,0.775253911332118,0.847050753153023,6.329796264855688,5.129192546583851,6.375527426160337,644,0,75,0.5,0.5,0.5,stochastic,stochastic,stochastic,0.01
2324,1672,1629,0.7424509451262472,0.7731987047952039,0.8458345721697499,6.50473321858864,5.195574162679426,6.3726212400245545,645,0,75,0.5,0.5,0.5,stochastic,stochastic,stochastic,0.01
2314,1704,1607,0.7427085450713828,0.7696197957946285,0.8450930903001135,6.648660328435609,5.285211267605634,6.2445550715619165,646,0,75,0.5,0.5,0.5,stochastic,stochastic,stochastic,0.01
2293,1743,1589,0.7422043246457405,0.7653906732203195,0.8413194575692412,6.7631923244657655,5.247848537005163,6.153555695405916,647,0,75,0.5,0.5,0.5,stochastic,stochastic,stochastic,0.01
2240,1812,1573,0.7446309392050547,0.7620096764045315,0.8395160617454266,6.804910714285715,5.277593818984547,6.065479974570883,648,0,75,0.5,0.5,0.5,stochastic,stochastic,stochastic,0.01
2178,1886,1561,0.7454421505437043,0.7613825400286832,0.8371138380758091,6.710743801652892,5.2682926829268295,5.873798846893017,649,0,75,0.5,0.5,0.5,stochastic,stochastic,stochastic,0.01
2129,1947,1549,0.7472004559097469,0.7581658803879197,0.8396141829681358,6.615782057303899,5.324601951720596,5.708198837959974,650,0,75,0.5,0.5,0.5,stochastic,stochastic,stochastic,0.01
2090,1977,1558,0.7479166736687423,0.7563964962190567,0.8360125947324275,6.657416267942584,5.399089529590288,5.575096277278562,651,0,75,0.5,0.5,0.5,stochastic,stochastic,stochastic,0.01
2049,2017,1559,0.7472789730742682,0.7533410183364327,0.8364362112453303,6.68814055636896,5.477937530986614,5.4804361770365615,652,0,75,0.5,0.5,0.5,stochastic,stochastic,stochastic,0.01
1971,2077,1577,0.7467481535934982,0.7520067597397572,0.8363200623621128,6.768138001014713,5.568608570052961,5.4901712111604315,653,0,75,0.5,0.5,0.5,stochastic,stochastic,stochastic,0.01
1945,2103,1577,0.7481697947069978,0.7535767066960378,0.8348224348262951,6.754241645244216,5.787446504992867,5.600507292327204,654,0,75,0.5,0.5,0.5,stochastic,stochastic,stochastic,0.01
1872,2127,1626,0.7470781371732303,0.7564200745743878,0.8350848089872621,6.803418803418803,5.863657733897508,5.594710947109471,655,0,75,0.5,0.5,0.5,stochastic,stochastic,stochastic,0.01
1880,2030,1715,0.7493284260502654,0.7601390306614894,0.8387330822626363,6.900531914893617,6.059605911330049,5.450728862973761,656,0,75,0.5,0.5,0.5,stochastic,stochastic,stochastic,0.01
1855,2016,1754,0.7523271943069648,0.7647342480198208,0.8427519426786263,6.755795148247978,6.059027777777778,5.395096921322691,657,0,75,0.5,0.5,0.5,stochastic,stochastic,stochastic,0.01
1826,1990,1809,0.7551286358560747,0.7695346659369268,0.8482713046130077,6.4934282584885,6.028140703517588,5.242675511332227,658,0,75,0.5,0.5,0.5,stochastic,stochastic,stochastic,0.01
1821,1908,1896,0.7592716463593145,0.7713143415937016,0.851806591355038,6.376166941241077,6.14412997903564,5.190928270042194,659,0,75,0.5,0.5,0.5,stochastic,stochastic,stochastic,0.01
1885,1796,1944,0.7626354798432393,0.774383499461313,0.8552074083857892,6.161803713527852,6.1809576837416484,5.07201646090535,660,0,75,0.5,0.5,0.5,stochastic,stochastic,stochastic,0.01
1947,1677,2001,0.765739396016162,0.7776658645010857,0.856499308704439,6.197226502311248,6.178294573643411,5.074962518740629,661,0,75,0.5,0.5,0.5,stochastic,stochastic,stochastic,0.01
2025,1580,2020,0.767844738149978,0.7808761972772733,0.8578502450225904,6.157530864197531,6.029113924050633,5.052475247524752,662,0,75,0.5,0.5,0.5,stochastic,stochastic,stochastic,0.01
2097,1505,2023,0.7700775127597084,0.7831378279709181,0.8586513975591525,6.209823557463042,5.877740863787375,5.166089965397924,663,0,75,0.5,0.5,0.5,stochastic,stochastic,stochastic,0.01
2099,1484,2042,0.7731618649110202,0.7870371809615565,0.860006627217264,6.250119104335398,5.721698113207547,5.311459353574927,664,0,75,0.5,0.5,0.5,stochastic,stochastic,stochastic,0.01
2155,1452,2018,0.7747627350087101,0.7875792115210706,0.8630500120355165,6.311832946635731,5.566804407713499,5.405847373637265,665,0,75,0.5,0.5,0.5,stochastic,stochastic,stochastic,0.01
2191,1425,2009,0.7770198298307873,0.7912895110968706,0.8646063289060922,6.429027841168416,5.32140350877193,5.5729218516674965,666,0,75,0.5,0.5,0.5,stochastic,stochastic,stochastic,0.01
2153,1471,2001,0.7768985299135365,0.796121611121305,0.8664747326515113,6.392011147236414,5.026512576478586,5.741629185407296,667,0,75,0.5,0.5,0.5,stochastic,stochastic,stochastic,0.01
2121,1547,1957,0.7762299917905624,0.7974828194949136,0.8669079867270825,6.565770862800566,4.998060762766645,6.064895247828309,668,0,75,0.5,0.5,0.5,stochastic,stochastic,stochastic,0.01
2143,1596,1886,0.7767821684033587,0.800064578966983,0.8669432828714527,6.46756882874475,4.948621553884712,6.226935312831389,669,0,75,0.5,0.5,0.5,stochastic,stochastic,stochastic,0.01
2156,1656,1813,0.7764691979598621,0.8025016799830651,0.8659274824947472,6.440166975881262,4.905797101449275,6.387755102040816,670,0,75,0.5,0.5,0.5,stochastic,stochastic,stochastic,0.01
2160,1710,1755,0.7742369545137003,0.8033536043936621,0.8653562237798843,6.448148148148148,4.978362573099415,6.422792022792023,671,0,75,0.5,0.5,0.5,stochastic,stochastic,stochastic,0.01
2150,1727,1748,0.7746160911500862,0.8059520696220843,0.8652321467031079,6.38046511627907,5.050376375217139,6.290045766590389,672,0,75,0.5,0.5,0.5,stochastic,stochastic,stochastic,0.01
2171,1804,1650,0.7776358357782324,0.8061869496639843,0.8645107200568476,6.272685398433901,5.177383592017739,6.331515151515151,673,0,75,0.5,0.5,0.5,stochastic,stochastic,stochastic,0.01
2178,1858,1589,0.7778302394293022,0.8078805432997876,0.8616131378304259,6.210743801652892,5.26318622174381,6.304594084329767,674,0,75,0.5,0.5,0.5,stochastic,stochastic,stochastic,0.01
2165,1955,1505,0.779629767995298,0.80748865250212,0.8600958599588217,6.162586605080832,5.3959079283887466,6.360132890365448,675,0,75,0.5,0.5,0.5,stochastic,stochastic,stochastic,0.01
2149,1991,1485,0.7826641661416914,0.8072080557403685,0.8583365711103776,6.127966496044672,5.553992968357609,6.224915824915825,676,0,75,0.5,0.5,0.5,stochastic,stochastic,stochastic,0.01
2101,2027,1497,0.7842871106945621,0.807694420419335,0.857648798857596,6.170871013802951,5.713862851504687,5.938543754175017,677,0,75,0.5,0.5,0.5,stochastic,stochastic,stochastic,0.01
2129,1990,1506,0.7886590840811983,0.8063200389689674,0.8547476944264325,6.329262564584312,5.986934673366834,5.624833997343957,678,0,75,0.5,0.5,0.5,stochastic,stochastic,stochastic,0.01
2088,1985,1552,0.7887612189286924,0.8038831113858171,0.8555777285860916,6.440613026819923,6.082115869017632,5.353092783505154,679,0,75,0.5,0.5,0.5,stochastic,stochastic,stochastic,0.01
2044,1971,1610,0.7908844829917628,0.8010607688144062,0.8560618845603958,6.583170254403131,6.097412480974125,5.257142857142857,680,0,75,0.5,0.5,0.5,stochastic,stochastic,stochastic,0.01
1994,1927,1704,0.7935054377719399,0.7972585721939139,0.8547623869496277,6.66950852557673,5.916450441100156,5.041666666666667,681,0,75,0.5,0.5,0.5,stochastic,stochastic,stochastic,0.01
1957,1874,1794,0.7948473892314748,0.7950330096000545,0.8551450698148482,6.727644353602453,5.912486659551761,4.926421404682274,682,0,75,0.5,0.5,0.5,stochastic,stochastic,stochastic,0.01
1918,1877,1830,0.7972838496985546,0.7930486541923801,0.8549371667399607,6.764337851929093,5.815663292488013,4.972677595628415,683,0,75,0.5,0.5,0.5,stochastic,stochastic,stochastic,0.01
1860,1809,1956,0.8003190550413307,0.7879141068320641,0.8533467365462349,6.803225806451613,5.7645107794361525,4.945807770961145,684,0,75,0.5,0.5,0.5,stochastic,stochastic,stochastic,0.01
1880,1727,2018,0.8005494486990424,0.7863222708903398,0.8540686445709594,6.823936170212766,5.884771279675738,5.0832507433102085,685,0,75,0.5,0.5,0.5,stochastic,stochastic,stochastic,0.01
1869,1711,2045,0.7993008012391332,0.7847070177279943,0.8548267740684151,6.742643124665596,5.77030976037405,5.254278728606357,686,0,75,0.5,0.5,0.5,stochastic,stochastic,stochastic,0.01
1861,1708,2056,0.79923396611698,0.7829995055838436,0.856284383327063,6.644277270284793,5.717213114754099,5.4849221789883265,687,0,75,0.5,0.5,0.5,stochastic,stochastic,stochastic,0.01
1917,1680,2028,0.7996356116764977,0.7822657509749652,0.8591866322268487,6.469483568075117,5.706547619047619,5.595167652859961,688,0,75,0.5,0.5,0.5,stochastic,stochastic,stochastic,0.01
1941,1644,2040,0.8010982737449523,0.7814528999993006,0.8628401404361636,6.377640391550747,5.54014598540146,5.6495098039215685,689,0,75,0.5,0.5,0.5,stochastic,stochastic,stochastic,0.01
1996,1664,1965,0.8025266529610008,0.7838734698589067,0.8663588226689977,6.258517034068136,5.4969951923076925,5.776590330788804,690,0,75,0.5,0.5,0.5,stochastic,stochastic,stochastic,0.01
2024,1686,1915,0.8021194632803641,0.7852931225852671,0.8687993903068478,6.078557312252965,5.513641755634638,5.901305483028721,691,0,75,0.5,0.5,0.5,stochastic,stochastic,stochastic,0.01
2031,1716,1878,0.8019162379226544,0.7833876656832134,0.8704883685985874,6.095519448547513,5.534382284382285,5.911075612353567,692,0,75,0.5,0.5,0.5,stochastic,stochastic,stochastic,0.01
2050,1746,1829,0.8016271185441847,0.7881622611393004,0.8722608035497633,6.050731707317073,5.488545246277205,5.873701476216512,693,0,75,0.5,0.5,0.5,stochastic,stochastic,stochastic,0.01
2044,1784,1797,0.8016229929965957,0.7966585954713852,0.8741309512032552,5.973091976516634,5.378363228699552,5.870895937673901,694,0,75,0.5,0.5,0.5,stochastic,stochastic,stochastic,0.01
2095,1814,1716,0.8026839086234123,0.8009710835691389,0.8772696568369552,5.893078758949881,5.535832414553473,5.988927738927739,695,0,75,0.5,0.5,0.5,stochastic,stochastic,stochastic,0.01
2071,1876,1678,0.8034424418818948,0.8081487958287599,0.8799386841457096,5.781265089328826,5.521321961620469,5.960667461263409,696,0,75,0.5,0.5,0.5,stochastic,stochastic,stochastic,0.01
2122,1929,1574,0.8051570857346679,0.8112739861899836,0.8798829897336772,5.683317624882187,5.545360290305858,5.853240152477763,697,0,75,0.5,0.5,0.5,stochastic,stochastic,stochastic,0.01
2097,1971,1557,0.802951227422118,0.8154347910921294,0.8780546592774078,5.713876967095851,5.556570268899036,5.614001284521516,698,0,75,0.5,0.5,0.5,stochastic,stochastic,stochastic,0.01
2081,2004,1540,0.8033462876506936,0.818254037460446,0.8767985959864592,5.8097068716963,5.660678642714571,5.475974025974026,699,0,75,0.5,0.5,0.5,stochastic,stochastic,stochastic,0.01
2035,2050,1540,0.8032933169828543,0.8233350930188313,0.8743924673007583,6.035872235872236,5.800975609756097,5.533766233766234,700,0,75,0.5,0.5,0.5,stochastic,stochastic,stochastic,0.01
2002,2071,1552,0.8020024188226542,0.8266925067398602,0.8708929027104044,6.198801198801199,5.973442781265089,5.424613402061856,701,0,75,0.5,0.5,0.5,stochastic,stochastic,stochastic,0.01
1931,2143,1551,0.8013665113662155,0.8299842707425273,0.867579436937852,6.300880372863801,6.034064395706953,5.4461637653127015,702,0,75,0.5,0.5,0.5,stochastic,stochastic,stochastic,0.01
1893,2157,1575,0.8004995445307213,0.8286901858460826,0.8662444378534272,6.38932910723719,6.135836810384793,5.301587301587301,703,0,75,0.5,0.5,0.5,stochastic,stochastic,stochastic,0.01
1799,2192,1634,0.8000544673972169,0.8305008597318689,0.8661772412683443,6.518621456364647,6.227189781021898,5.270501835985312,704,0,75,0.5,0.5,0.5,stochastic,stochastic,stochastic,0.01
1712,2186,1727,0.7998098945551937,0.8294468738526545,0.8675804733016788,6.558411214953271,6.183440073193046,5.1928199189345685,705,0,75,0.5,0.5,0.5,stochastic,stochastic,stochastic,0.01
1659,2159,1807,0.8008972511280466,0.8292564393274079,0.8681971173179184,6.397227245328511,6.183881426586383,5.205312672938573,706,0,75,0.5,0.5,0.5,stochastic,stochastic,stochastic,0.01
1625,2062,1938,0.8023998352343207,0.8279386321281416,0.8688993062576728,6.3458461538461535,6.187681862269641,5.0928792569659445,707,0,75,0.5,0.5,0.5,stochastic,stochastic,stochastic,0.01
1646,1975,2004,0.8064560586983122,0.8262410726890761,0.8711991593554289,6.12636695018226,6.1984810126582275,5.062375249500998,708,0,75,0.5,0.5,0.5,stochastic,stochastic,stochastic,0.01
1627,1937,2061,0.8100160557470737,0.8237511312084037,0.8720828245865331,5.883835279655808,6.038203407330924,5.183891314895682,709,0,75,0.5,0.5,0.5,stochastic,stochastic,stochastic,0.01
1655,1895,2075,0.8125683966434271,0.8217681547515684,0.8744194283932083,5.642296072507553,6.056992084432718,5.336385542168674,710,0,75,0.5,0.5,0.5,stochastic,stochastic,stochastic,0.01
1640,1862,2123,0.8147188980336205,0.8185570984217874,0.8772296282730069,5.673170731707317,5.992481203007519,5.409326424870466,711,0,75,0.5,0.5,0.5,stochastic,stochastic,stochastic,0.01
1643,1814,2168,0.8192334115440363,0.816593175150445,0.8804322670881729,5.773584905660377,6.005512679162073,5.643450184501845,712,0,75,0.5,0.5,0.5,stochastic,stochastic,stochastic,0.01
1713,1727,2185,0.8206930825161658,0.8167428117391242,0.8823684385190502,5.692936368943374,6.038795599305153,5.7244851258581235,713,0,75,0.5,0.5,0.5,stochastic,stochastic,stochastic,0.01
1747,1652,2226,0.8217312709995933,0.8178822336632926,0.8843241774781928,5.716084716657127,6.065980629539951,5.848158131176999,714,0,75,0.5,0.5,0.5,stochastic,stochastic,stochastic,0.01
1793,1627,2205,0.8221478618380558,0.816196891596997,0.8868766732257369,5.689905186837702,6.003687768899816,6.0961451247165535,715,0,75,0.5,0.5,0.5,stochastic,stochastic,stochastic,0.01
1832,1585,2208,0.821581676459778,0.8139146996724164,0.8859640079575782,5.70032751091703,5.967192429022082,6.253623188405797,716,0,75,0.5,0.5,0.5,stochastic,stochastic,stochastic,0.01
1880,1563,2182,0.8236848610034084,0.8124155744102294,0.8869278246932675,5.606914893617021,5.905310300703775,6.372135655362053,717,0,75,0.5,0.5,0.5,stochastic,stochastic,stochastic,0.01
2032,1503,2090,0.824862527170586,0.8117345947582999,0.8875438538733038,5.4950787401574805,5.939454424484365,6.447368421052632,718,0,75,0.5,0.5,0.5,stochastic,stochastic,stochastic,0.01
2178,1471,1976,0.8260943907075656,0.8131199149891558,0.8876819801648903,5.522956841138659,5.929979605710401,6.446356275303644,719,0,75,0.5,0.5,0.5,stochastic,stochastic,stochastic,0.01
2285,1444,1896,0.8260324921036907,0.8146433625642246,0.8868976528029267,5.618818380743982,5.853185595567867,6.461497890295359,720,0,75,0.5,0.5,0.5,stochastic,stochastic,stochastic,0.01
2365,1463,1797,0.8267971317039334,0.8165261467357151,0.8878499856924391,5.701902748414376,5.813397129186603,6.470784641068447,721,0,75,0.5,0.5,0.5,stochastic,stochastic,stochastic,0.01
2428,1479,1718,0.8276614412484556,0.8153061565578561,0.8894638085281394,5.825782537067545,5.614604462474645,6.355064027939465,722,0,75,0.5,0.5,0.5,stochastic,stochastic,stochastic,0.01
2458,1497,1670,0.8289236783226397,0.8158873805290083,0.8906183096028549,5.954434499593165,5.409485637942551,6.174251497005988,723,0,75,0.5,0.5,0.5,stochastic,stochastic,stochastic,0.01
2458,1547,1620,0.8298607863292735,0.817944761499937,0.8916610051028017,6.1586655817738,5.168713639301875,6.10679012345679,724,0,75,0.5,0.5,0.5,stochastic,stochastic,stochastic,0.01
2463,1636,1526,0.8295005793247942,0.8205248061822884,0.8930830732182721,6.210718635809988,5.047677261613692,6.0209698558322415,725,0,75,0.5,0.5,0.5,stochastic,stochastic,stochastic,0.01
2413,1768,1444,0.8289281146326793,0.8215173811973996,0.8913851065625412,6.302527973477,4.96210407239819,5.888504155124654,726,0,75,0.5,0.5,0.5,stochastic,stochastic,stochastic,0.01
2299,1934,1392,0.8294656176854933,0.8257374893898588,0.890907154588503,6.443236189647673,4.972595656670114,5.851293103448276,727,0,75,0.5,0.5,0.5,stochastic,stochastic,stochastic,0.01
2161,2107,1357,0.8289625571363806,0.8260474879739335,0.8886410128837835,6.54650624710782,4.8960607498813475,5.665438467207075,728,0,75,0.5,0.5,0.5,stochastic,stochastic,stochastic,0.01
2015,2258,1352,0.8288347024117138,0.8299359552566644,0.8882855402175017,6.498263027295286,5.003985828166519,5.566568047337278,729,0,75,0.5,0.5,0.5,stochastic,stochastic,stochastic,0.01
1860,2415,1350,0.8296286068869075,0.8314369641970258,0.8903015869772132,6.408064516129032,5.104761904761904,5.42962962962963,730,0,75,0.5,0.5,0.5,stochastic,stochastic,stochastic,0.01
1761,2465,1399,0.8287325668331403,0.8293355135216587,0.8925051649799441,6.400340715502556,5.252738336713996,5.200857755539671,731,0,75,0.5,0.5,0.5,stochastic,stochastic,stochastic,0.01
1683,2464,1478,0.8275222119694949,0.8294228093857482,0.8942027631530133,6.348781937017231,5.5004058441558445,4.934370771312585,732,0,75,0.5,0.5,0.5,stochastic,stochastic,stochastic,0.01
1605,2478,1542,0.8264192906368362,0.8280443659629789,0.8923608550274209,6.1526479750778815,5.674334140435835,4.8566796368352785,733,0,75,0.5,0.5,0.5,stochastic,stochastic,stochastic,0.01
1522,2444,1659,0.826517106282455,0.8247563760286825,0.8915350111887942,6.162943495400788,5.918576104746317,4.755877034358047,734,0,75,0.5,0.5,0.5,stochastic,stochastic,stochastic,0.01
1454,2371,1800,0.8259026873912267,0.8221957034860671,0.8919908397726218,6.154057771664374,6.114297764656263,4.726666666666667,735,0,75,0.5,0.5,0.5,stochastic,stochastic,stochastic,0.01
1437,2253,1935,0.8276395295251823,0.8183036960341502,0.8908367160574225,6.055671537926235,6.381269418553041,4.768475452196382,736,0,75,0.5,0.5,0.5,stochastic,stochastic,stochastic,0.01
1492,2145,1988,0.8287517446310999,0.8189943009295688,0.8912444249358111,5.888739946380697,6.6909090909090905,4.859154929577465,737,0,75,0.5,0.5,0.5,stochastic,stochastic,stochastic,0.01
1522,2047,2056,0.8305925633584097,0.816236322347873,0.8921950438775776,5.71484888304862,6.822178798241329,4.961089494163424,738,0,75,0.5,0.5,0.5,stochastic,stochastic,stochastic,0.01
1509,1949,2167,0.8325861964225094,0.8146150914469997,0.8925827036271796,5.730947647448642,6.853258081067214,5.136132902630364,739,0,75,0.5,0.5,0.5,stochastic,stochastic,stochastic,0.01
1545,1825,2255,0.8322946454206999,0.8126578968813979,0.8937433104647399,5.635598705501618,6.872328767123288,5.303325942350333,740,0,75,0.5,0.5,0.5,stochastic,stochastic,stochastic,0.01
1580,1753,2292,0.8338667208463263,0.8127415144132558,0.8965376713368846,5.637974683544304,6.706217912150599,5.486910994764398,741,0,75,0.5,0.5,0.5,stochastic,stochastic,stochastic,0.01
1639,1661,2325,0.8358060628912367,0.8102529004569091,0.8957332982406081,5.587553386211105,6.523780854906683,5.65763440860215,742,0,75,0.5,0.5,0.5,stochastic,stochastic,stochastic,0.01
1723,1600,2302,0.83538393845726,0.8080445970255264,0.895809482735608,5.423679628554846,6.30375,5.850999131190269,743,0,75,0.5,0.5,0.5,stochastic,stochastic,stochastic,0.01
1762,1601,2262,0.8351004198494238,0.8100899573395984,0.8962015372889313,5.223041997729853,5.9250468457214245,6.022546419098143,744,0,75,0.5,0.5,0.5,stochastic,stochastic,stochastic,0.01
1807,1624,2194,0.8349898115090867,0.8092192073183103,0.8963810198666294,5.008301051466519,5.562192118226601,6.13992707383774,745,0,75,0.5,0.5,0.5,stochastic,stochastic,stochastic,0.01
1880,1615,2130,0.8359290027920959,0.8118336821193262,0.8983674135693892,4.941489361702128,5.448297213622291,6.290610328638498,746,0,75,0.5,0.5,0.5,stochastic,stochastic,stochastic,0.01
1971,1619,2035,0.8347268689658229,0.8145878846347788,0.8995401213716231,4.929984779299848,5.340951204447189,6.306142506142506,747,0,75,0.5,0.5,0.5,stochastic,stochastic,stochastic,0.01
1984,1696,1945,0.8360140324498139,0.8209455156432399,0.900796957384308,4.955645161290323,5.3602594339622645,6.4997429305912595,748,0,75,0.5,0.5,0.5,stochastic,stochastic,stochastic,0.01
2007,1749,1869,0.8342030147901787,0.828349960159007,0.9018052624594427,5.0558046836073745,5.3733562035448825,6.542536115569823,749,0,75,0.5,0.5,0.5,stochastic,stochastic,stochastic,0.01
2075,1739,1811,0.8334679171611827,0.8339590182027903,0.9030343055312735,5.106024096385542,5.37492811960897,6.448371065709552,750,0,75,0.5,0.5,0.5,stochastic,stochastic,stochastic,0.01
2097,1806,1722,0.8297798675371302,0.8390053938160087,0.9063927495804219,5.173581306628517,5.293466223698782,6.329849012775842,751,0,75,0.5,0.5,0.5,stochastic,stochastic,stochastic,0.01
2080,1856,1689,0.8303467130704182,0.8453935779942674,0.9086097840384013,5.290384615384616,5.198814655172414,6.048549437537004,752,0,75,0.5,0.5,0.5,stochastic,stochastic,stochastic,0.01
2068,1905,1652,0.8313456223862269,0.847108659769746,0.9106003066322945,5.391199226305609,5.170603674540683,5.816585956416465,753,0,75,0.5,0.5,0.5,stochastic,stochastic,stochastic,0.01
2000,1920,1705,0.8321723425226665,0.8506063423601216,0.9116642120704169,5.5805,5.100520833333333,5.463343108504398,754,0,75,0.5,0.5,0.5,stochastic,stochastic,stochastic,0.01
1913,1927,1785,0.8338567080172135,0.8570213641894711,0.9130110643807077,5.7271301620491375,5.10275038920602,5.243137254901961,755,0,75,0.5,0.5,0.5,stochastic,stochastic,stochastic,0.01
1848,1970,1807,0.8350963427399807,0.8576063521420799,0.9134768892766819,5.722402597402597,5.16243654822335,5.211953514111787,756,0,75,0.5,0.5,0.5,stochastic,stochastic,stochastic,0.01
1823,1993,1809,0.8344843548493817,0.8597450219994935,0.9149371522157823,5.535929786066923,5.1535373808329155,5.0873410724156995,757,0,75,0.5,0.5,0.5,stochastic,stochastic,stochastic,0.01
1787,1999,1839,0.8327785634710635,0.8609766252799933,0.9160061129516736,5.476217123670957,5.157578789394697,5.054377379010332,758,0,75,0.5,0.5,0.5,stochastic,stochastic,stochastic,0.01
1713,2009,1903,0.8313213492743295,0.862118033376083,0.9153690800537612,5.4430823117338,5.152314584370333,5.045191802417236,759,0,75,0.5,0.5,0.5,stochastic,stochastic,stochastic,0.01
1681,2018,1926,0.8302740652422173,0.8599740515745694,0.9166958470214647,5.437834622248661,5.219524281466799,5.134994807892004,760,0,75,0.5,0.5,0.5,stochastic,stochastic,stochastic,0.01
1684,1979,1962,0.829737057174116,0.8564306893857971,0.9160569337997174,5.366389548693586,5.2799393633148055,5.163098878695209,761,0,75,0.5,0.5,0.5,stochastic,stochastic,stochastic,0.01
1663,1924,2038,0.8305078916630622,0.851847506252031,0.9180072639861142,5.391461214672279,5.381496881496881,5.195289499509323,762,0,75,0.5,0.5,0.5,stochastic,stochastic,stochastic,0.01
1703,1879,2043,0.8319420940710195,0.8473574322003407,0.9193379061885263,5.2806811509101586,5.439595529536987,5.259911894273127,763,0,75,0.5,0.5,0.5,stochastic,stochastic,stochastic,0.01
1757,1821,2047,0.8347285861824335,0.8422640978304068,0.920115265787774,5.106431417188389,5.542009884678748,5.338544211040547,764,0,75,0.5,0.5,0.5,stochastic,stochastic,stochastic,0.01
1800,1794,2031,0.8356377828451925,0.8395976982545112,0.9214289388370915,5.127222222222223,5.551282051282051,5.386509108813392,765,0,75,0.5,0.5,0.5,stochastic,stochastic,stochastic,0.01
1848,1776,2001,0.8366026691496536,0.8369865255758098,0.9231344890206378,4.996212121212121,5.5016891891891895,5.444277861069465,766,0,75,0.5,0.5,0.5,stochastic,stochastic,stochastic,0.01
1898,1674,2053,0.8378740598618134,0.8348062424160076,0.927070973895596,5.041622760800843,5.3882915173237755,5.307842182172431,767,0,75,0.5,0.5,0.5,stochastic,stochastic,stochastic,0.01
1948,1638,2039,0.8381545195457265,0.8349324455302953,0.9289757683111891,5.023613963039014,5.3217338217338215,5.329082883766552,768,0,75,0.5,0.5,0.5,stochastic,stochastic,stochastic,0.01
1990,1621,2014,0.8396486734989637,0.8344226297512871,0.9298019435865414,5.121608040201005,5.204194941394201,5.377358490566038,769,0,75,0.5,0.5,0.5,stochastic,stochastic,stochastic,0.01
2086,1586,1953,0.8397203245703604,0.8362628181844171,0.9316387885079237,5.152924256951103,5.093316519546028,5.313364055299539,770,0,75,0.5,0.5,0.5,stochastic,stochastic,stochastic,0.01
2093,1586,1946,0.8408689310746967,0.8382573476604783,0.9333043047422135,5.356426182513139,4.931273644388399,5.4039054470709145,771,0,75,0.5,0.5,0.5,stochastic,stochastic,stochastic,0.01
2139,1584,1902,0.8402331691889765,0.8404894001374232,0.9355074013973859,5.43291257597008,4.851641414141414,5.443743427970557,772,0,75,0.5,0.5,0.5,stochastic,stochastic,stochastic,0.01
2156,1632,1837,0.8388917838013514,0.8443099117312451,0.9354831251504168,5.455473098330241,4.723039215686274,5.530756668481219,773,0,75,0.5,0.5,0.5,stochastic,stochastic,stochastic,0.01
2172,1649,1804,0.8390572180478093,0.8457237933087229,0.9356174562549604,5.559852670349908,4.816252274105518,5.593126385809312,774,0,75,0.5,0.5,0.5,stochastic,stochastic,stochastic,0.01
2252,1649,1724,0.840260046202939,0.8509158262685386,0.9367191950881828,5.629218472468916,4.945421467556095,5.68677494199536,775,0,75,0.5,0.5,0.5,stochastic,stochastic,stochastic,0.01
2286,1690,1649,0.8411593712082466,0.8523403640565856,0.9364107215756046,5.676727909011373,5.010059171597633,5.732565191024864,776,0,75,0.5,0.5,0.5,stochastic,stochastic,stochastic,0.01
2294,1749,1582,0.8416415209652994,0.8550820871381595,0.9353883399342682,5.768090671316478,5.0120068610634645,5.765486725663717,777,0,75,0.5,0.5,0.5,stochastic,stochastic,stochastic,0.01
2270,1831,1524,0.8408693434525455,0.8586762342994388,0.9355492413000489,5.847136563876652,5.064445658110322,5.730314960629921,778,0,75,0.5,0.5,0.5,stochastic,stochastic,stochastic,0.01
2263,1885,1477,0.8416609742559037,0.8633631480201256,0.9357520638519456,5.874502872293416,5.149071618037135,5.530805687203792,779,0,75,0.5,0.5,0.5,stochastic,stochastic,stochastic,0.01
2184,1996,1445,0.8415476800879101,0.8658048436905096,0.9364009699212176,5.941391941391942,5.18436873747495,5.408304498269896,780,0,75,0.5,0.5,0.5,stochastic,stochastic,stochastic,0.01
2093,2062,1470,0.840664639285033,0.8652947696384682,0.9367684588425368,6.080267558528428,5.283705140640155,5.163945578231292,781,0,75,0.5,0.5,0.5,stochastic,stochastic,stochastic,0.01
1935,2165,1525,0.8390997605608177,0.8668029785947418,0.936492186413052,6.165891472868217,5.274364896073903,5.003934426229508,782,0,75,0.5,0.5,0.5,stochastic,stochastic,stochastic,0.01
1810,2201,1614,0.8396669121073812,0.8681930239973227,0.9376969923867932,6.230386740331491,5.329850068150841,4.9237918215613385,783,0,75,0.5,0.5,0.5,stochastic,stochastic,stochastic,0.01
1719,2190,1716,0.837478099721758,0.8700266982969147,0.938613230767566,6.129726585223968,5.320091324200913,4.727855477855478,784,0,75,0.5,0.5,0.5,stochastic,stochastic,stochastic,0.01
1620,2197,1808,0.8370099055022873,0.870471344860869,0.9392273824064544,6.102469135802469,5.452435138825671,4.8097345132743365,785,0,75,0.5,0.5,0.5,stochastic,stochastic,stochastic,0.01
1590,2141,1894,0.8356115310428399,0.8705733008648504,0.9400910303152874,6.080503144654088,5.655301261092947,4.885955649419219,786,0,75,0.5,0.5,0.5,stochastic,stochastic,stochastic,0.01
1558,2097,1970,0.8355894560494916,0.8686381385934709,0.9394643157407309,5.892811296534018,5.75107296137339,5.012182741116751,787,0,75,0.5,0.5,0.5,stochastic,stochastic,stochastic,0.01
1564,2017,2044,0.8366852485184101,0.8673164167259291,0.9391665481769707,5.673273657289003,5.838373822508676,5.0425636007827785,788,0,75,0.5,0.5,0.5,stochastic,stochastic,stochastic,0.01
1600,1918,2107,0.8403291048655913,0.8682519330467772,0.9388547991731903,5.43125,5.954118873826903,5.015662078785002,789,0,75,0.5,0.5,0.5,stochastic,stochastic,stochastic,0.01
1653,1830,2142,0.8441369532717126,0.867503998268182,0.9388963521248257,5.1167574107683,5.925136612021858,5.004201680672269,790,0,75,0.5,0.5,0.5,stochastic,stochastic,stochastic,0.01
1718,1741,2166,0.8466859439146559,0.8678872726436451,0.9380556132249006,5.064027939464494,5.962665134979897,5.0794090489381345,791,0,75,0.5,0.5,0.5,stochastic,stochastic,stochastic,0.01
1787,1609,2229,0.8501615290608546,0.8661832263974948,0.9377274034514727,5.102965864577504,5.97513983840895,5.168236877523553,792,0,75,0.5,0.5,0.5,stochastic,stochastic,stochastic,0.01
1863,1542,2220,0.8526304109478575,0.866779536654989,0.9367531584800356,5.224906065485776,5.93514915693904,5.39009009009009,793,0,75,0.5,0.5,0.5,stochastic,stochastic,stochastic,0.01
1904,1489,2232,0.8540664446196953,0.8621874179678852,0.936670413765066,5.322478991596639,5.819341840161182,5.631720430107527,794,0,75,0.5,0.5,0.5,stochastic,stochastic,stochastic,0.01
1958,1427,2240,0.8539489811574363,0.8599427657512942,0.936061803538041,5.448927477017365,5.6180798878766645,5.812053571428572,795,0,75,0.5,0.5,0.5,stochastic,stochastic,stochastic,0.01
2015,1408,2202,0.856324084038575,0.8594433463234353,0.9349195950362342,5.583126550868486,5.450994318181818,6.045867393278837,796,0,75,0.5,0.5,0.5,stochastic,stochastic,stochastic,0.01
2039,1444,2142,0.857105090014384,0.8598705437993923,0.9342748700201783,5.656694458067681,5.112880886426593,6.243230625583567,797,0,75,0.5,0.5,0.5,stochastic,stochastic,stochastic,0.01
2085,1471,2069,0.8568918040767664,0.8590701671576835,0.9338655407254373,5.67242206235012,4.953772943575799,6.340744320927985,798,0,75,0.5,0.5,0.5,stochastic,stochastic,stochastic,0.01
2103,1533,1989,0.856870552211278,0.8586945617622077,0.9321955118203965,5.67094626723728,4.874755381604697,6.52991452991453,799,0,75,0.5,0.5,0.5,stochastic,stochastic,stochastic,0.01
2098,1558,1969,0.8574512079841325,0.8582878867555136,0.9316668468584544,5.72974261201144,4.7907573812580235,6.559674961909598,800,0,75,0.5,0.5,0.5,stochastic,stochastic,stochastic,0.01
2168,1536,1921,0.8575861980791252,0.8592406375962591,0.9312182488797414,5.622232472324724,4.805989583333333,6.562207183758459,801,0,75,0.5,0.5,0.5,stochastic,stochastic,stochastic,0.01
2190,1546,1889,0.8585150788978224,0.8617658286659327,0.930566758134271,5.590410958904109,4.768434670116429,6.583377448385389,802,0,75,0.5,0.5,0.5,stochastic,stochastic,stochastic,0.01
2269,1585,1771,0.8576884915941312,0.8628115123427255,0.9299715774827317,5.517849272807404,4.82397476340694,6.554488989271598,803,0,75,0.5,0.5,0.5,stochastic,stochastic,stochastic,0.01
2315,1597,1713,0.8573200209199525,0.8665482495718078,0.9305885153345672,5.511447084233262,4.753287413901065,6.298307063631056,804,0,75,0.5,0.5,0.5,stochastic,stochastic,stochastic,0.01
2348,1613,1664,0.8584137168385664,0.8695111766335958,0.9299738365851684,5.597529812606473,4.818970861748295,6.242788461538462,805,0,75,0.5,0.5,0.5,stochastic,stochastic,stochastic,0.01
2401,1663,1561,0.857754237330287,0.8717698981605702,0.9304755692217528,5.718034152436485,4.9434756464221286,6.042280589365792,806,0,75,0.5,0.5,0.5,stochastic,stochastic,stochastic,0.01
2415,1678,1532,0.8568653652229883,0.8717904849352237,0.9314940764637064,5.894824016563147,4.98450536352801,5.682114882506528,807,0,75,0.5,0.5,0.5,stochastic,stochastic,stochastic,0.01
2382,1740,1503,0.8575061952072169,0.8720589452028478,0.9313785184399913,6.0566750629722925,4.940229885057471,5.437125748502994,808,0,75,0.5,0.5,0.5,stochastic,stochastic,stochastic,0.01
2360,1787,1478,0.8579365263205794,0.8721988160572252,0.9335552511883634,6.218220338983051,4.930050363738109,5.298376184032477,809,0,75,0.5,0.5,0.5,stochastic,stochastic,stochastic,0.01
2268,1870,1487,0.856952836825186,0.8717840084577863,0.9355282528112039,6.3959435626102294,4.79572192513369,5.1432414256893075,810,0,75,0.5,0.5,0.5,stochastic,stochastic,stochastic,0.01
2190,1937,1498,0.8560697294330671,0.8730636857677673,0.9390131621280758,6.5748858447488585,4.80485286525555,5.057409879839787,811,0,75,0.5,0.5,0.5,stochastic,stochastic,stochastic,0.01
2101,1995,1529,0.8558087578834869,0.870990579899126,0.9423176761048814,6.728700618752975,4.848621553884712,4.9097449313276655,812,0,75,0.5,0.5,0.5,stochastic,stochastic,stochastic,0.01
2041,2062,1522,0.8555091642554823,0.8712350256338038,0.9433988974826135,6.73297403233709,4.96023278370514,4.885019710906701,813,0,75,0.5,0.5,0.5,stochastic,stochastic,stochastic,0.01
1970,2120,1535,0.8556481308185461,0.8717228470368359,0.9446956330754446,6.814720812182741,5.076415094339622,4.975244299674267,814,0,75,0.5,0.5,0.5,stochastic,stochastic,stochastic,0.01
1889,2170,1566,0.8559908161435771,0.8712727965646596,0.9448520586319749,6.716251985177342,5.1732718894009215,4.860153256704981,815,0,75,0.5,0.5,0.5,stochastic,stochastic,stochastic,0.01
1812,2202,1611,0.8570358279357438,0.871884518756455,0.9455689579342721,6.662251655629139,5.329700272479564,4.835505896958411,816,0,75,0.5,0.5,0.5,stochastic,stochastic,stochastic,0.01
1707,2249,1669,0.858015886024746,0.8728380375162169,0.9461936987991714,6.519039250146456,5.406402845709204,4.801078490113841,817,0,75,0.5,0.5,0.5,stochastic,stochastic,stochastic,0.01
1662,2211,1752,0.8584558708740628,0.8736672867398023,0.945867690591917,6.328519855595668,5.536861148801448,4.760273972602739,818,0,75,0.5,0.5,0.5,stochastic,stochastic,stochastic,0.01
1653,2152,1820,0.8576760910454445,0.8740417389564815,0.9457557000385909,6.068360556563824,5.636152416356877,4.707692307692308,819,0,75,0.5,0.5,0.5,stochastic,stochastic,stochastic,0.01
1641,2116,1868,0.8609408719690006,0.8757351787013251,0.945146971630573,5.764777574649604,5.715973534971645,4.7906852248394,820,0,75,0.5,0.5,0.5,stochastic,stochastic,stochastic,0.01
1635,2041,1949,0.8638504743532491,0.8766478939806002,0.9444305491116585,5.67217125382263,5.8843704066634,4.889687018984095,821,0,75,0.5,0.5,0.5,stochastic,stochastic,stochastic,0.01
1667,1947,2011,0.866793945983409,0.8778887281387414,0.9454833276079726,5.371925614877025,5.885464817668208,4.882645450024863,822,0,75,0.5,0.5,0.5,stochastic,stochastic,stochastic,0.01
1698,1899,2028,0.8703829527336276,0.8793659275441568,0.9450882677414997,5.234393404004711,5.963665086887835,4.999013806706114,823,0,75,0.5,0.5,0.5,stochastic,stochastic,stochastic,0.01
1715,1839,2071,0.8740055845834401,0.8802654083581151,0.9448302766515765,5.141690962099125,5.9564980967917345,5.110574601641719,824,0,75,0.5,0.5,0.5,stochastic,stochastic,stochastic,0.01
1785,1720,2120,0.8759014144257075,0.8817605871915593,0.9450041230179408,5.153501400560224,5.973837209302325,5.158490566037736,825,0,75,0.5,0.5,0.5,stochastic,stochastic,stochastic,0.01
1843,1684,2098,0.8761109274354792,0.8838066091415614,0.9445236799698228,5.1372761801410745,5.840855106888361,5.282650142993327,826,0,75,0.5,0.5,0.5,stochastic,stochastic,stochastic,0.01
1892,1648,2085,0.8759659562996093,0.8856911065715513,0.9435517883874849,5.159619450317125,5.698422330097087,5.33189448441247,827,0,75,0.5,0.5,0.5,stochastic,stochastic,stochastic,0.01
1968,1555,2102,0.8749911204337656,0.888454677969036,0.9443615505719166,5.190548780487805,5.531189710610932,5.309705042816366,828,0,75,0.5,0.5,0.5,stochastic,stochastic,stochastic,0.01
2060,1557,2008,0.8740224490900651,0.8921396890004629,0.9432371737679535,5.132038834951456,5.470134874759152,5.452191235059761,829,0,75,0.5,0.5,0.5,stochastic,stochastic,stochastic,0.01
2122,1506,1997,0.8724028706748529,0.8959606616958182,0.9427560809040513,5.257304429783224,5.273572377158034,5.343014521782674,830,0,75,0.5,0.5,0.5,stochastic,stochastic,stochastic,0.01
2148,1518,1959,0.871976219630385,0.90023356177283,0.9419734980150918,5.385009310986964,4.989459815546772,5.31138335885656,831,0,75,0.5,0.5,0.5,stochastic,stochastic,stochastic,0.01
2219,1547,1859,0.8720441452494471,0.9019405357109429,0.9409174813783275,5.409193330328977,4.892049127343245,5.386229155459925,832,0,75,0.5,0.5,0.5,stochastic,stochastic,stochastic,0.01
2265,1606,1754,0.8725274494691146,0.9017654054847155,0.9395516549567047,5.486092715231788,4.763387297633873,5.51824401368301,833,0,75,0.5,0.5,0.5,stochastic,stochastic,stochastic,0.01
2196,1736,1693,0.8730438988924919,0.9003252819180431,0.9381545308114866,5.526867030965391,4.611751152073733,5.606615475487301,834,0,75,0.5,0.5,0.5,stochastic,stochastic,stochastic,0.01
2200,1792,1633,0.8731814897213719,0.9013218866227529,0.9364190804603477,5.6059090909090905,4.683035714285714,5.576852418860992,835,0,75,0.5,0.5,0.5,stochastic,stochastic,stochastic,0.01
2122,1856,1647,0.8728049602184632,0.897739649707519,0.9345125298354879,5.644203581526861,4.744612068965517,5.538554948391014,836,0,75,0.5,0.5,0.5,stochastic,stochastic,stochastic,0.01
2042,1938,1645,0.8727329711669851,0.893265486602001,0.9331515814926885,5.766895200783545,4.808049535603715,5.539209726443769,837,0,75,0.5,0.5,0.5,stochastic,stochastic,stochastic,0.01
1984,1962,1679,0.872694718603894,0.8899568160654495,0.9327734396747728,5.699092741935484,4.890417940876657,5.24538415723645,838,0,75,0.5,0.5,0.5,stochastic,stochastic,stochastic,0.01
1944,1947,1734,0.8729294080848513,0.887266677529164,0.9329177837786445,5.758230452674897,5.038007190549563,5.197808535178777,839,0,75,0.5,0.5,0.5,stochastic,stochastic,stochastic,0.01
1870,1998,1757,0.8723053041703197,0.8852482416095311,0.9328688392842697,5.743850267379679,5.028028028028028,5.155378486055777,840,0,75,0.5,0.5,0.5,stochastic,stochastic,stochastic,0.01
1825,2025,1775,0.8723759626512356,0.8821458613145078,0.9352049438740088,5.797808219178082,5.1382716049382715,5.1538028169014085,841,0,75,0.5,0.5,0.5,stochastic,stochastic,stochastic,0.01
1777,2012,1836,0.8708293499484029,0.8791882626428705,0.9357388440517497,5.786156443444007,5.2286282306163026,5.070806100217865,842,0,75,0.5,0.5,0.5,stochastic,stochastic,stochastic,0.01
1694,2018,1913,0.8693654519400946,0.8780028096073417,0.936092951900353,5.812278630460448,5.343409316154609,5.147935180345008,843,0,75,0.5,0.5,0.5,stochastic,stochastic,stochastic,0.01
1662,1985,1978,0.8681226239071782,0.8783652800020866,0.9376617910361912,5.7370637785800245,5.493702770780857,5.2153690596562186,844,0,75,0.5,0.5,0.5,stochastic,stochastic,stochastic,0.01
1590,1967,2068,0.8672149720802332,0.8770239642275575,0.9380687061025561,5.557861635220126,5.486019318759532,5.262088974854932,845,0,75,0.5,0.5,0.5,stochastic,stochastic,stochastic,0.01
1560,1931,2134,0.8656336183811056,0.8756129623605058,0.9382074088436287,5.46025641025641,5.5986535473847745,5.3889409559512655,846,0,75,0.5,0.5,0.5,stochastic,stochastic,stochastic,0.01
1592,1814,2219,0.8658060415559063,0.874121923699042,0.9383777157868506,5.299623115577889,5.681367144432194,5.385759351059035,847,0,75,0.5,0.5,0.5,stochastic,stochastic,stochastic,0.01
1650,1772,2203,0.8643740290269378,0.8757228560983518,0.9387689018139798,5.134545454545455,5.699774266365688,5.4916023604176125,848,0,75,0.5,0.5,0.5,stochastic,stochastic,stochastic,0.01
1762,1664,2199,0.8640806382046545,0.8782360891554357,0.939331361613181,4.9506242905788875,5.790264423076923,5.610277398817645,849,0,75,0.5,0.5,0.5,stochastic,stochastic,stochastic,0.01
1840,1576,2209,0.8648898082962385,0.8816065530878594,0.9382114088627646,4.930978260869566,5.737944162436548,5.628791308284292,850,0,75,0.5,0.5,0.5,stochastic,stochastic,stochastic,0.01
1906,1503,2216,0.8654447054229304,0.8848958187433518,0.9379798202150591,5.006820566631689,5.550232867598137,5.703519855595668,851,0,75,0.5,0.5,0.5,stochastic,stochastic,stochastic,0.01
1983,1476,2166,0.8657539949611412,0.8874490752754751,0.9379191570909668,4.982349974785678,5.331978319783198,5.795937211449677,852,0,75,0.5,0.5,0.5,stochastic,stochastic,stochastic,0.01
2070,1437,2118,0.8660491686398301,0.8921823848480909,0.9374106003237113,5.063285024154589,5.218510786360473,5.853635505193579,853,0,75,0.5,0.5,0.5,stochastic,stochastic,stochastic,0.01
2125,1485,2015,0.8680771480383392,0.8944847547927557,0.9377975885962438,5.146823529411765,5.107070707070707,5.984615384615385,854,0,75,0.5,0.5,0.5,stochastic,stochastic,stochastic,0.01
2177,1513,1935,0.8704636587970416,0.8982386717779527,0.9372719710641603,5.179145613229214,4.987442167878387,6.070284237726098,855,0,75,0.5,0.5,0.5,stochastic,stochastic,stochastic,0.01
2218,1598,1809,0.871787332276702,0.9004833619577386,0.9349143380562257,5.259693417493237,4.956195244055069,6.107241569928137,856,0,75,0.5,0.5,0.5,stochastic,stochastic,stochastic,0.01
2217,1676,1732,0.8726760149170889,0.9043619340025884,0.9340496203545848,5.3933243121335135,4.843078758949881,6.096420323325635,857,0,75,0.5,0.5,0.5,stochastic,stochastic,stochastic,0.01
2213,1750,1662,0.8733357365826641,0.906534946148146,0.9324758941868816,5.531857207410755,4.7868571428571425,6.034897713598075,858,0,75,0.5,0.5,0.5,stochastic,stochastic,stochastic,0.01
2219,1807,1599,0.8744890512234305,0.9067105566711106,0.9311805316577065,5.606128886885985,4.845047039291644,5.930581613508442,859,0,75,0.5,0.5,0.5,stochastic,stochastic,stochastic,0.01
2197,1893,1535,0.873855749138231,0.9041498206124724,0.9285860363011536,5.679563040509786,4.827786582144744,5.784364820846905,860,0,75,0.5,0.5,0.5,stochastic,stochastic,stochastic,0.01
2097,1988,1540,0.8729633851789347,0.9033626350843674,0.9261972779233266,5.787792083929423,4.89738430583501,5.748051948051948,861,0,75,0.5,0.5,0.5,stochastic,stochastic,stochastic,0.01
2045,2033,1547,0.872312783373651,0.8999144215615316,0.9244944260262768,5.818092909535452,4.989178553861289,5.531351001939237,862,0,75,0.5,0.5,0.5,stochastic,stochastic,stochastic,0.01
1996,2038,1591,0.8709446960482048,0.8974130914772283,0.9218156547953417,5.855711422845691,5.03189401373896,5.198617221873036,863,0,75,0.5,0.5,0.5,stochastic,stochastic,stochastic,0.01
1948,2036,1641,0.8714186459519865,0.8950328988208699,0.9202644937792033,6.01694045174538,5.177308447937132,5.004875076173065,864,0,75,0.5,0.5,0.5,stochastic,stochastic,stochastic,0.01
1881,2031,1713,0.8701048409747961,0.891777571431704,0.9199486204439978,6.164805954279639,5.218611521418021,4.832457676590776,865,0,75,0.5,0.5,0.5,stochastic,stochastic,stochastic,0.01
1779,2009,1837,0.8697686519316227,0.8908073968274427,0.9197568087830592,6.383923552557617,5.197112991538079,4.763200870985302,866,0,75,0.5,0.5,0.5,stochastic,stochastic,stochastic,0.01
1697,1996,1932,0.8698231964432575,0.889725681220063,0.9201086979022671,6.320565704183854,5.229959919839679,4.794513457556936,867,0,75,0.5,0.5,0.5,stochastic,stochastic,stochastic,0.01
1672,1955,1998,0.8691279984344744,0.8877291774843494,0.9218024617026335,6.106459330143541,5.2649616368286445,4.8258258258258255,868,0,75,0.5,0.5,0.5,stochastic,stochastic,stochastic,0.01
1644,1906,2075,0.8677864330809335,0.8878734588767585,0.9237484821383712,5.901459854014599,5.259706190975866,4.906987951807229,869,0,75,0.5,0.5,0.5,stochastic,stochastic,stochastic,0.01
1651,1880,2094,0.8676896144167707,0.8868683453400722,0.924979100075299,5.5311932162325865,5.321808510638298,4.98567335243553,870,0,75,0.5,0.5,0.5,stochastic,stochastic,stochastic,0.01
1656,1835,2134,0.8670121120476876,0.8879176312995741,0.9274027220940708,5.325483091787439,5.261035422343324,5.082942830365511,871,0,75,0.5,0.5,0.5,stochastic,stochastic,stochastic,0.01
1708,1797,2120,0.867610529532458,0.8896831197904073,0.930564360035023,5.221311475409836,5.367835281023929,5.310849056603773,872,0,75,0.5,0.5,0.5,stochastic,stochastic,stochastic,0.01
1738,1736,2151,0.8685456734937831,0.8912611529913183,0.9323952514036526,5.222669735327963,5.431451612903226,5.527196652719665,873,0,75,0.5,0.5,0.5,stochastic,stochastic,stochastic,0.01
1808,1713,2104,0.8691768491595571,0.8921388815924336,0.9340778193168163,5.245022123893805,5.5189725627554,5.763307984790875,874,0,75,0.5,0.5,0.5,stochastic,stochastic,stochastic,0.01
1912,1724,1989,0.8687391029039742,0.8932129247096221,0.9347322202742524,5.216004184100418,5.611948955916473,6.0256410256410255,875,0,75,0.5,0.5,0.5,stochastic,stochastic,stochastic,0.01
1999,1708,1918,0.8692047498424558,0.8947091805867535,0.9348563127454407,5.171085542771386,5.665105386416862,6.152763295099062,876,0,75,0.5,0.5,0.5,stochastic,stochastic,stochastic,0.01
2073,1696,1856,0.8691082901978834,0.8960789687001246,0.9354101107303259,5.2228654124457305,5.634433962264151,6.160021551724138,877,0,75,0.5,0.5,0.5,stochastic,stochastic,stochastic,0.01
2091,1734,1800,0.8683959927628971,0.8972949020632178,0.934783115439379,5.384026781444285,5.615340253748558,6.157777777777778,878,0,75,0.5,0.5,0.5,stochastic,stochastic,stochastic,0.01
2075,1754,1796,0.8675005845492341,0.8974268711578971,0.9350267762907246,5.569638554216867,5.608323831242873,6.178730512249444,879,0,75,0.5,0.5,0.5,stochastic,stochastic,stochastic,0.01
2049,1793,1783,0.8650803695942838,0.8974652851145721,0.9336633687365342,5.670571010248902,5.492470719464585,6.100953449242849,880,0,75,0.5,0.5,0.5,stochastic,stochastic,stochastic,0.01
2017,1794,1814,0.8643454244213837,0.8964089973945445,0.9326900810742713,5.873574615765989,5.482720178372352,5.910694597574421,881,0,75,0.5,0.5,0.5,stochastic,stochastic,stochastic,0.01
1986,1821,1818,0.864069466140756,0.8956406292399542,0.9324479186155564,5.945619335347432,5.334431630971993,5.762926292629263,882,0,75,0.5,0.5,0.5,stochastic,stochastic,stochastic,0.01
2000,1784,1841,0.8617043064359571,0.8935706755728119,0.9324659868681902,5.9935,5.230381165919282,5.601303639326453,883,0,75,0.5,0.5,0.5,stochastic,stochastic,stochastic,0.01
1944,1826,1855,0.8608320539802076,0.892065592230945,0.9317027916939574,5.933641975308642,5.050383351588171,5.458760107816712,884,0,75,0.5,0.5,0.5,stochastic,stochastic,stochastic,0.01
1940,1815,1870,0.8587951766659462,0.8913593238632574,0.932429359948735,5.873195876288659,4.970798898071625,5.226737967914438,885,0,75,0.5,0.5,0.5,stochastic,stochastic,stochastic,0.01
1902,1850,1873,0.8585318658522997,0.8896790722583728,0.9318781243462039,5.69453207150368,4.912972972972973,5.2146289375333685,886,0,75,0.5,0.5,0.5,stochastic,stochastic,stochastic,0.01
1944,1803,1878,0.8599428932064854,0.8887021113347091,0.9321094434617947,5.579732510288066,4.971159179145868,5.074014909478168,887,0,75,0.5,0.5,0.5,stochastic,stochastic,stochastic,0.01
1991,1783,1851,0.8612043949550042,0.8884500084930065,0.9312852044264075,5.373681567051733,5.0235558048233315,4.992436520799568,888,0,75,0.5,0.5,0.5,stochastic,stochastic,stochastic,0.01
2044,1766,1815,0.86223740304012,0.8886174011108293,0.9320564524719642,5.403131115459883,5.1755379388448475,5.009366391184573,889,0,75,0.5,0.5,0.5,stochastic,stochastic,stochastic,0.01
2056,1773,1796,0.8635629165772619,0.8895016197713843,0.9325093180626942,5.419747081712062,5.223350253807107,5.025612472160357,890,0,75,0.5,0.5,0.5,stochastic,stochastic,stochastic,0.01
2082,1747,1796,0.863413018998633,0.891413221512948,0.9325460200538719,5.461575408261287,5.310818546078993,5.016146993318485,891,0,75,0.5,0.5,0.5,stochastic,stochastic,stochastic,0.01
2039,1781,1805,0.8640543782273342,0.8908026586776431,0.9331469288740648,5.446297204512016,5.141493542953397,4.971745152354571,892,0,75,0.5,0.5,0.5,stochastic,stochastic,stochastic,0.01
1986,1855,1784,0.8643833945218865,0.8937442508534915,0.9333626682701605,5.490936555891238,5.069002695417789,5.167040358744394,893,0,75,0.5,0.5,0.5,stochastic,stochastic,stochastic,0.01
1938,1878,1809,0.8650950685175713,0.8953285476274735,0.9342953305386454,5.54437564499484,4.992012779552716,5.048645660585959,894,0,75,0.5,0.5,0.5,stochastic,stochastic,stochastic,0.01
1824,1942,1859,0.8654347583742932,0.8965408112756423,0.9339878244012295,5.6326754385964914,4.9680741503604535,5.123722431414739,895,0,75,0.5,0.5,0.5,stochastic,stochastic,stochastic,0.01
1789,1941,1895,0.8640802548388117,0.900733266177548,0.9337156363642654,5.586920067076579,5.019062339000516,5.164643799472295,896,0,75,0.5,0.5,0.5,stochastic,stochastic,stochastic,0.01
1679,1985,1961,0.8626802508610856,0.9020209984375757,0.9314561445998307,5.523525908278737,4.967758186397985,5.263640999490056,897,0,75,0.5,0.5,0.5,stochastic,stochastic,stochastic,0.01
1615,1965,2045,0.8628795218559664,0.9033632409862569,0.9304521018727305,5.455108359133127,4.968447837150127,5.339364303178484,898,0,75,0.5,0.5,0.5,stochastic,stochastic,stochastic,0.01
1572,2008,2045,0.8648345683913117,0.9048195344440669,0.9307186601167737,5.137404580152672,5.01195219123506,5.418092909535452,899,0,75,0.5,0.5,0.5,stochastic,stochastic,stochastic,0.01
1565,1969,2091,0.863762964852569,0.9045363855729674,0.9311158325854318,5.053674121405751,5.084814626714068,5.544715447154472,900,0,75,0.5,0.5,0.5,stochastic,stochastic,stochastic,0.01
1563,1950,2112,0.8612871493635542,0.903694590154701,0.9306476441282417,4.953934740882917,5.197948717948718,5.6425189393939394,901,0,75,0.5,0.5,0.5,stochastic,stochastic,stochastic,0.01
1580,1928,2117,0.8603104225820696,0.9030075153927916,0.9318572355092088,4.8443037974683545,5.316908713692946,5.687293339631554,902,0,75,0.5,0.5,0.5,stochastic,stochastic,stochastic,0.01
1592,1867,2166,0.858673096632139,0.90386862779203,0.9319690791552635,4.794597989949748,5.4761649705409745,5.73084025854109,903,0,75,0.5,0.5,0.5,stochastic,stochastic,stochastic,0.01
1710,1724,2191,0.8586763777474944,0.9042402782057987,0.931874432670933,4.729824561403508,5.692575406032483,5.62482884527613,904,0,75,0.5,0.5,0.5,stochastic,stochastic,stochastic,0.01
1849,1621,2155,0.8588089061111732,0.9051150788458727,0.9324573454073284,4.70578691184424,5.922270203578038,5.527146171693736,905,0,75,0.5,0.5,0.5,stochastic,stochastic,stochastic,0.01
1916,1576,2133,0.8578744049877871,0.904312100019032,0.9329407573897516,4.707202505219207,5.730329949238579,5.5072667604313175,906,0,75,0.5,0.5,0.5,stochastic,stochastic,stochastic,0.01
2043,1487,2095,0.8597546386483303,0.9030697198228291,0.9331939682906869,4.82868330885952,5.788836583725622,5.410023866348449,907,0,75,0.5,0.5,0.5,stochastic,stochastic,stochastic,0.01
2143,1414,2068,0.8601409713749435,0.9010521133140897,0.9338591198230627,4.902006532897807,5.575671852899576,5.309961315280464,908,0,75,0.5,0.5,0.5,stochastic,stochastic,stochastic,0.01
2239,1381,2005,0.8619781329516134,0.900269327519011,0.9339929896144243,4.997766860205449,5.312092686459088,5.313715710723192,909,0,75,0.5,0.5,0.5,stochastic,stochastic,stochastic,0.01
2303,1393,1929,0.8625011003961278,0.900555781160926,0.9334010696535953,5.174989144594008,5.033740129217517,5.434940383618455,910,0,75,0.5,0.5,0.5,stochastic,stochastic,stochastic,0.01
2341,1433,1851,0.8635132022465444,0.8982832792678258,0.9315488018414969,5.2789406236651,4.67271458478716,5.454349000540248,911,0,75,0.5,0.5,0.5,stochastic,stochastic,stochastic,0.01
2344,1536,1745,0.8644105070492629,0.8996080518484586,0.9316954982497421,5.436006825938566,4.447265625,5.630945558739255,912,0,75,0.5,0.5,0.5,stochastic,stochastic,stochastic,0.01
2340,1591,1694,0.8666969899598437,0.9006423692353387,0.9295166404188571,5.602136752136752,4.442489000628536,5.6664698937426214,913,0,75,0.5,0.5,0.5,stochastic,stochastic,stochastic,0.01
2301,1683,1641,0.8681291584615896,0.9002022896158371,0.9286453757781702,5.737940026075619,4.453951277480689,5.64411943936624,914,0,75,0.5,0.5,0.5,stochastic,stochastic,stochastic,0.01
2308,1714,1603,0.8691160431008867,0.9009421904001881,0.9246890887990445,5.8552859618717505,4.519836639439907,5.481597005614473,915,0,75,0.5,0.5,0.5,stochastic,stochastic,stochastic,0.01
2308,1746,1571,0.8701300776478068,0.9022523767542397,0.9213774885729192,5.982668977469671,4.582474226804123,5.344366645448758,916,0,75,0.5,0.5,0.5,stochastic,stochastic,stochastic,0.01
2211,1794,1620,0.8702070676438504,0.9030300693365632,0.9196554042749312,6.146992311171416,4.555741360089186,5.185185185185185,917,0,75,0.5,0.5,0.5,stochastic,stochastic,stochastic,0.01
2162,1853,1610,0.8699935100960426,0.9046579886296083,0.9192569393346547,6.151248843663275,4.613059902860226,5.072049689440994,918,0,75,0.5,0.5,0.5,stochastic,stochastic,stochastic,0.01
2127,1887,1611,0.869879940440475,0.9048366712861372,0.9205759465006431,6.0874471086036674,4.7191308956014835,4.876474239602731,919,0,75,0.5,0.5,0.5,stochastic,stochastic,stochastic,0.01
2092,1922,1611,0.8706706228306431,0.9060842175818267,0.9194807438389356,6.012428298279159,4.800728407908429,4.821849782743637,920,0,75,0.5,0.5,0.5,stochastic,stochastic,stochastic,0.01
2042,1954,1629,0.8716426253946026,0.9074607322663142,0.9212696960678699,5.969147894221352,4.80706243602866,4.721915285451197,921,0,75,0.5,0.5,0.5,stochastic,stochastic,stochastic,0.01
2018,1958,1649,0.8712025493380421,0.9079131144296312,0.9215770442487594,5.8523290386521305,4.920837589376915,4.6349302607641,922,0,75,0.5,0.5,0.5,stochastic,stochastic,stochastic,0.01
1880,2032,1713,0.8707247034530718,0.9078280788013242,0.922724235384114,5.76968085106383,4.8420275590551185,4.695271453590193,923,0,75,0.5,0.5,0.5,stochastic,stochastic,stochastic,0.01
1836,2050,1739,0.8696864042788052,0.907836947117639,0.9225534491510774,5.601307189542483,4.921951219512195,4.703852788959172,924,0,75,0.5,0.5,0.5,stochastic,stochastic,stochastic,0.01
1851,2025,1749,0.8677789694621143,0.9097543002997199,0.9248675757489739,5.317666126418152,5.06320987654321,4.731846769582619,925,0,75,0.5,0.5,0.5,stochastic,stochastic,stochastic,0.01
1867,2018,1740,0.8648153579705102,0.9111718418874808,0.9269809503839528,5.2420996250669525,5.180872150644202,4.794827586206897,926,0,75,0.5,0.5,0.5,stochastic,stochastic,stochastic,0.01
1861,2012,1752,0.8616558883004042,0.912685014504408,0.9283329514357557,5.235357334766254,5.317097415506958,4.8618721461187215,927,0,75,0.5,0.5,0.5,stochastic,stochastic,stochastic,0.01
1866,1927,1832,0.8598779394011982,0.9148435751781301,0.9294020929971912,5.339764201500536,5.4058121432278154,4.792576419213974,928,0,75,0.5,0.5,0.5,stochastic,stochastic,stochastic,0.01
1895,1869,1861,0.8573777500070983,0.9165561948826478,0.9296354323232751,5.41424802110818,5.488496522204388,4.807630306286942,929,0,75,0.5,0.5,0.5,stochastic,stochastic,stochastic,0.01
1894,1843,1888,0.8548069546449072,0.918475379042462,0.9305534369666437,5.439281942977825,5.450895279435703,4.776483050847458,930,0,75,0.5,0.5,0.5,stochastic,stochastic,stochastic,0.01
1897,1823,1905,0.8524326462581744,0.9182094024807267,0.9314411718127376,5.515550869794413,5.540866703236423,4.836220472440945,931,0,75,0.5,0.5,0.5,stochastic,stochastic,stochastic,0.01
1880,1843,1902,0.8498699713828387,0.9182811260886173,0.9316442243627572,5.572340425531915,5.6022788931090615,5.059411146161935,932,0,75,0.5,0.5,0.5,stochastic,stochastic,stochastic,0.01
1893,1790,1942,0.8486025432779718,0.916449099480128,0.9313477272583902,5.544638140517697,5.5553072625698325,5.0350154479917615,933,0,75,0.5,0.5,0.5,stochastic,stochastic,stochastic,0.01
1913,1735,1977,0.8478869350113329,0.9137591137742989,0.932289578562718,5.5446941975954,5.635734870317003,5.1299949418310575,934,0,75,0.5,0.5,0.5,stochastic,stochastic,stochastic,0.01
1955,1697,1973,0.8479294909329556,0.9114494849378061,0.9319149791451606,5.427621483375959,5.582203889216264,5.211860111505322,935,0,75,0.5,0.5,0.5,stochastic,stochastic,stochastic,0.01
1987,1656,1982,0.8473107680988115,0.9102515034802704,0.9329288415595067,5.470558631102164,5.4897342995169085,5.266902119071645,936,0,75,0.5,0.5,0.5,stochastic,stochastic,stochastic,0.01
1968,1680,1977,0.8466942484292761,0.9093980526462677,0.9332794191747058,5.440040650406504,5.232142857142857,5.377339403136065,937,0,75,0.5,0.5,0.5,stochastic,stochastic,stochastic,0.01
1986,1651,1988,0.8470202541910112,0.9082795968530287,0.9335285138460417,5.4405840886203425,5.04603270745003,5.361167002012072,938,0,75,0.5,0.5,0.5,stochastic,stochastic,stochastic,0.01
1927,1711,1987,0.8473409409196677,0.9077472986295866,0.9336948377354413,5.420342501297354,4.815897136177674,5.521389028686462,939,0,75,0.5,0.5,0.5,stochastic,stochastic,stochastic,0.01
1972,1722,1931,0.8487531639591991,0.9080410002518476,0.9359116392969995,5.267748478701826,4.687572590011614,5.529777317452098,940,0,75,0.5,0.5,0.5,stochastic,stochastic,stochastic,0.01
2020,1751,1854,0.8500822619156251,0.9077980398275984,0.9367226879904265,5.140594059405941,4.778983438035408,5.495685005393743,941,0,75,0.5,0.5,0.5,stochastic,stochastic,stochastic,0.01
2060,1767,1798,0.8526133103963717,0.9078266265425242,0.9363800599066444,5.189805825242718,4.77475947934352,5.426028921023359,942,0,75,0.5,0.5,0.5,stochastic,stochastic,stochastic,0.01
2049,1798,1778,0.8552712201702508,0.907517643549548,0.936360946931006,5.223035627135188,4.81868743047831,5.38132733408324,943,0,75,0.5,0.5,0.5,stochastic,stochastic,stochastic,0.01
2042,1870,1713,0.8581846012481279,0.9075038700232281,0.9351214763801495,5.1787463271302645,4.819786096256684,5.406304728546409,944,0,75,0.5,0.5,0.5,stochastic,stochastic,stochastic,0.01
2006,1906,1713,0.8601668084005266,0.9073663758124081,0.9347062055931007,5.1580259222333,4.848373557187828,5.2650321074138935,945,0,75,0.5,0.5,0.5,stochastic,stochastic,stochastic,0.01
1998,1954,1673,0.8607133105529584,0.9082494151180837,0.9333917182588471,5.213713713713713,5.042476970317298,5.289898386132696,946,0,75,0.5,0.5,0.5,stochastic,stochastic,stochastic,0.01
1967,1994,1664,0.8610548946198445,0.9093332641933455,0.9330012756158633,5.233858668022369,5.1093279839518555,5.134014423076923,947,0,75,0.5,0.5,0.5,stochastic,stochastic,stochastic,0.01
1882,1992,1751,0.8627733980358916,0.9098765911027747,0.9322583014447972,5.39798087141339,5.187248995983936,5.039977155910908,948,0,75,0.5,0.5,0.5,stochastic,stochastic,stochastic,0.01
1821,2002,1802,0.8645178542566684,0.9100408446190574,0.9316391567872476,5.457990115321252,5.2377622377622375,4.9661487236404,949,0,75,0.5,0.5,0.5,stochastic,stochastic,stochastic,0.01
1760,1973,1892,0.8652238836907006,0.9115194265977202,0.9315721926490488,5.442613636363636,5.220983274201723,4.899048625792812,950,0,75,0.5,0.5,0.5,stochastic,stochastic,stochastic,0.01
1712,1888,2025,0.8659251844734187,0.9117000456982507,0.9323028936886547,5.477219626168225,5.128177966101695,4.814814814814815,951,0,75,0.5,0.5,0.5,stochastic,stochastic,stochastic,0.01
1713,1825,2087,0.864748381597877,0.9140238679579757,0.9330783385003227,5.534734384121425,5.155616438356164,4.891231432678486,952,0,75,0.5,0.5,0.5,stochastic,stochastic,stochastic,0.01
1679,1749,2197,0.8654682541898527,0.915914167121417,0.9338797197808865,5.5985705777248365,5.1686678101772445,4.939007737824306,953,0,75,0.5,0.5,0.5,stochastic,stochastic,stochastic,0.01
1655,1707,2263,0.8653067188324313,0.9159848831159287,0.9354597719652434,5.442296072507553,5.108377270064441,5.0446310207688905,954,0,75,0.5,0.5,0.5,stochastic,stochastic,stochastic,0.01
1697,1651,2277,0.8640319657951795,0.9165030185335179,0.9359433937457657,5.320565704183854,5.158691701998789,5.264822134387352,955,0,75,0.5,0.5,0.5,stochastic,stochastic,stochastic,0.01
1657,1656,2312,0.8610993738801604,0.9165987681426228,0.9374038262994144,5.254073627036814,5.028381642512077,5.5194636678200695,956,0,75,0.5,0.5,0.5,stochastic,stochastic,stochastic,0.01
1709,1628,2288,0.8590313492880552,0.9160415311536018,0.9384473496774305,5.07489760093622,5.01044226044226,5.809440559440559,957,0,75,0.5,0.5,0.5,stochastic,stochastic,stochastic,0.01
1777,1610,2238,0.85588650854099,0.9141858273094894,0.9397141593026097,4.981429375351716,5.036645962732919,6.1014298480786415,958,0,75,0.5,0.5,0.5,stochastic,stochastic,stochastic,0.01
1864,1574,2187,0.8528121243671885,0.9136769466050252,0.9417493765778457,4.831008583690987,4.919313850063532,6.2002743484224965,959,0,75,0.5,0.5,0.5,stochastic,stochastic,stochastic,0.01
1953,1576,2096,0.852013781493595,0.9112594436589994,0.9422850724123488,4.830005120327701,5.034263959390863,6.357347328244275,960,0,75,0.5,0.5,0.5,stochastic,stochastic,stochastic,0.01
2055,1563,2007,0.851754598012219,0.9111208682099793,0.9446199256987544,4.823844282238443,5.059500959692898,6.365221723966118,961,0,75,0.5,0.5,0.5,stochastic,stochastic,stochastic,0.01
2134,1550,1941,0.8508374477167041,0.9124162213331483,0.9467546940791214,4.857544517338332,5.029677419354838,6.223080886141164,962,0,75,0.5,0.5,0.5,stochastic,stochastic,stochastic,0.01
2224,1521,1880,0.8517586995787432,0.9132836855957407,0.9474461329719325,4.954586330935252,4.90138067061144,6.000531914893617,963,0,75,0.5,0.5,0.5,stochastic,stochastic,stochastic,0.01
2265,1500,1860,0.8519077210820328,0.9153661017444139,0.9481939451341067,5.12317880794702,4.762,5.794086021505376,964,0,75,0.5,0.5,0.5,stochastic,stochastic,stochastic,0.01
2309,1493,1823,0.8531890592169734,0.9177605503749723,0.9480072466944384,5.258553486357731,4.596115204286671,5.540866703236423,965,0,75,0.5,0.5,0.5,stochastic,stochastic,stochastic,0.01
2344,1523,1758,0.8554260347744077,0.9198389825712118,0.9468828561447702,5.421928327645051,4.536441234405778,5.41353811149033,966,0,75,0.5,0.5,0.5,stochastic,stochastic,stochastic,0.01
2372,1564,1689,0.8573589714749597,0.9208268453172304,0.9443283904667668,5.616779089376054,4.539641943734015,5.429248075784487,967,0,75,0.5,0.5,0.5,stochastic,stochastic,stochastic,0.01
2359,1645,1621,0.8589789933006009,0.92339543943367,0.9433135025304292,5.821534548537516,4.56048632218845,5.3775447254781,968,0,75,0.5,0.5,0.5,stochastic,stochastic,stochastic,0.01
2299,1746,1580,0.8604244188968871,0.9235421564612265,0.9419462885887054,6.010439321444106,4.584765177548682,5.478481012658228,969,0,75,0.5,0.5,0.5,stochastic,stochastic,stochastic,0.01
2244,1830,1551,0.8614320527671575,0.9234302918144172,0.9392945491963872,6.198306595365419,4.6819672131147545,5.393939393939394,970,0,75,0.5,0.5,0.5,stochastic,stochastic,stochastic,0.01
2201,1874,1550,0.8628799711913961,0.9223691638745568,0.9389164326430824,6.32258064516129,4.824973319103522,5.285161290322581,971,0,75,0.5,0.5,0.5,stochastic,stochastic,stochastic,0.01
2089,1971,1565,0.8641710698165949,0.9217320529073817,0.9391372359896413,6.324078506462422,4.8878741755454085,5.286900958466454,972,0,75,0.5,0.5,0.5,stochastic,stochastic,stochastic,0.01
2015,2017,1593,0.8651416208383724,0.921660516168757,0.9397620493010911,6.4342431761786605,4.9196826970748635,5.211550533584432,973,0,75,0.5,0.5,0.5,stochastic,stochastic,stochastic,0.01
1953,2059,1613,0.8657116751871304,0.922307909025025,0.9396173367294064,6.427547363031234,5.000971345313259,5.076255424674519,974,0,75,0.5,0.5,0.5,stochastic,stochastic,stochastic,0.01
1886,2032,1707,0.866422640045348,0.9234777880214025,0.9409090258192478,6.464475079533404,5.009350393700787,4.945518453427065,975,0,75,0.5,0.5,0.5,stochastic,stochastic,stochastic,0.01
1747,2081,1797,0.868991113741011,0.9240025711744176,0.9412336787704285,6.453921007441328,4.984622777510812,4.92376182526433,976,0,75,0.5,0.5,0.5,stochastic,stochastic,stochastic,0.01
1605,2135,1885,0.86969873687939,0.9256702967370108,0.9422814432266611,6.300934579439252,4.978454332552693,4.925729442970822,977,0,75,0.5,0.5,0.5,stochastic,stochastic,stochastic,0.01
1512,2122,1991,0.8698980259611974,0.9267044680624346,0.9435296617981745,6.163359788359788,5.061262959472196,5.010045203415369,978,0,75,0.5,0.5,0.5,stochastic,stochastic,stochastic,0.01
1432,2125,2068,0.8694719840201282,0.9263606830633604,0.9444657504856044,5.776536312849162,5.125647058823529,5.124758220502901,979,0,75,0.5,0.5,0.5,stochastic,stochastic,stochastic,0.01
1417,2094,2114,0.8718773586026868,0.9269226828674292,0.944684504357092,5.4516584333098095,5.29178605539637,5.257332071901608,980,0,75,0.5,0.5,0.5,stochastic,stochastic,stochastic,0.01
1418,2008,2199,0.8672279600616076,0.927148829004896,0.9446468065136753,5.184767277856135,5.504980079681275,5.340154615734424,981,0,75,0.5,0.5,0.5,stochastic,stochastic,stochastic,0.01
1442,1938,2245,0.8647583175143558,0.9264883260309443,0.9442656942826775,4.958391123439667,5.657378740970072,5.417817371937639,982,0,75,0.5,0.5,0.5,stochastic,stochastic,stochastic,0.01
1521,1870,2234,0.8635813483429456,0.9258971666185908,0.94320414637827,4.634451019066404,5.7005347593582885,5.434646374216651,983,0,75,0.5,0.5,0.5,stochastic,stochastic,stochastic,0.01
1576,1773,2276,0.8602892806575607,0.9242353996679544,0.9436869218486289,4.571065989847716,5.873096446700508,5.519771528998243,984,0,75,0.5,0.5,0.5,stochastic,stochastic,stochastic,0.01
1650,1707,2268,0.8578797864926174,0.9228441998850947,0.9429013287501775,4.495151515151515,5.902753368482718,5.549382716049383,985,0,75,0.5,0.5,0.5,stochastic,stochastic,stochastic,0.01
1787,1584,2254,0.8548122315541894,0.9193564765809156,0.9432416098451605,4.412423055400112,5.912247474747475,5.494232475598936,986,0,75,0.5,0.5,0.5,stochastic,stochastic,stochastic,0.01
1877,1506,2242,0.8548600573669908,0.9182257097705587,0.9438802861765212,4.523175279701651,5.826029216467464,5.56021409455843,987,0,75,0.5,0.5,0.5,stochastic,stochastic,stochastic,0.01
1960,1462,2203,0.8559665329169226,0.9166508717195815,0.9434749081954937,4.692857142857143,5.772229822161423,5.657739446209714,988,0,75,0.5,0.5,0.5,stochastic,stochastic,stochastic,0.01
2056,1427,2142,0.856906370015452,0.9170200503176192,0.943305072693492,4.843385214007782,5.564120532585845,5.771241830065359,989,0,75,0.5,0.5,0.5,stochastic,stochastic,stochastic,0.01
2132,1382,2111,0.8596105182204442,0.9178095791516873,0.9423386519898361,4.964821763602251,5.285094066570188,5.868308858360966,990,0,75,0.5,0.5,0.5,stochastic,stochastic,stochastic,0.01
2211,1404,2010,0.8608660718665962,0.9177860681161736,0.942490564657185,5.099954771596563,5.163105413105413,5.875124378109453,991,0,75,0.5,0.5,0.5,stochastic,stochastic,stochastic,0.01
2231,1437,1957,0.8598391392292383,0.9188578271347593,0.941781486236369,5.163603765127745,4.796102992345164,5.910066428206439,992,0,75,0.5,0.5,0.5,stochastic,stochastic,stochastic,0.01
2241,1502,1882,0.8599424961169306,0.9191909487817048,0.9409937065150727,5.255689424364123,4.567909454061252,5.956429330499469,993,0,75,0.5,0.5,0.5,stochastic,stochastic,stochastic,0.01
2200,1572,1853,0.8619549823568489,0.9202044538166653,0.940427076751577,5.378181818181818,4.461195928753181,5.911494873178629,994,0,75,0.5,0.5,0.5,stochastic,stochastic,stochastic,0.01
2178,1661,1786,0.8641579684674063,0.9209113128324661,0.9408289250972178,5.370064279155188,4.354605659241421,5.804591265397536,995,0,75,0.5,0.5,0.5,stochastic,stochastic,stochastic,0.01
2147,1718,1760,0.8659051155356665,0.922617325466742,0.9417895615903779,5.458779692594318,4.442956926658906,5.714772727272727,996,0,75,0.5,0.5,0.5,stochastic,stochastic,stochastic,0.01
2145,1737,1743,0.868855614656688,0.9221460098601884,0.9417557872419624,5.608857808857809,4.536557282671272,5.534710269650029,997,0,75,0.5,0.5,0.5,stochastic,stochastic,stochastic,0.01
2116,1776,1733,0.870234644160318,0.9219543279731991,0.9436477359412031,5.690926275992439,4.628941441441442,5.4650894402769765,998,0,75,0.5,0.5,0.5,stochastic,stochastic,stochastic,0.01
2094,1854,1677,0.872514761206798,0.920351892090339,0.9445077002096304,5.648042024832856,4.727076591154261,5.386404293381037,999,0,75,0.5,0.5,0.5,stochastic,stochastic,stochastic,0.01
1863,1879,1883,0.5,0.5,0.5,0.0,0.0,0.0,0,1,75,0.5,0.5,0.5,stochastic,stochastic,stochastic,0.01
1898,1835,1892,0.5000595448765628,0.500075489700433,0.49996908112257743,1.0,1.0,1.0,1,1,75,0.5,0.5,0.5,stochastic,stochastic,stochastic,0.01
1874,1847,1904,0.5002048704054074,0.5001138314866914,0.49995758693061704,1.8628601921024546,1.8478613968597726,1.8555672268907564,2,1,75,0.5,0.5,0.5,stochastic,stochastic,stochastic,0.01
1859,1864,1902,0.499940058095296,0.5002718208640222,0.49975494627852796,2.5960193652501347,2.5718884120171674,2.607255520504732,3,1,75,0.5,0.5,0.5,stochastic,stochastic,stochastic,0.01
1863,1842,1920,0.49981282648007513,0.5002539118049185,0.4997726836708506,3.215780998389694,3.2035830618892507,3.205208333333333,4,1,75,0.5,0.5,0.5,stochastic,stochastic,stochastic,0.01
1879,1830,1916,0.499805902432473,0.5000908633013795,0.49995677979401754,3.773283661522086,3.7814207650273226,3.8105427974947808,5,1,75,0.5,0.5,0.5,stochastic,stochastic,stochastic,0.01
1903,1851,1871,0.4997828521773845,0.49996139564775977,0.4997697066792248,4.198108250131371,4.2441923284710965,4.339390700160342,6,1,75,0.5,0.5,0.5,stochastic,stochastic,stochastic,0.01
1889,1894,1842,0.4996780972198905,0.500019096948489,0.49992623290729,4.625198517734251,4.617740232312566,4.798588490770901,7,1,75,0.5,0.5,0.5,stochastic,stochastic,stochastic,0.01
1904,1921,1800,0.5003192929042257,0.49995793821707174,0.4997198707296322,5.019432773109243,5.0770432066631965,5.213888888888889,8,1,75,0.5,0.5,0.5,stochastic,stochastic,stochastic,0.01
1880,1946,1799,0.5004498491971222,0.4998668709628879,0.49972763501120465,5.376595744680851,5.399280575539568,5.512506948304614,9,1,75,0.5,0.5,0.5,stochastic,stochastic,stochastic,0.01
1869,1944,1812,0.5005136882831371,0.49967508865554344,0.49987025128497187,5.687533440342429,5.689300411522634,5.758278145695364,10,1,75,0.5,0.5,0.5,stochastic,stochastic,stochastic,0.01
1839,1938,1848,0.5008025454308478,0.4996611472836991,0.49987206518295085,5.984774333877107,5.954592363261094,5.973484848484849,11,1,75,0.5,0.5,0.5,stochastic,stochastic,stochastic,0.01
1804,1918,1903,0.5005701495859999,0.49982835916061086,0.49980956235553003,6.2522172949002215,6.252346193952033,6.170782974251182,12,1,75,0.5,0.5,0.5,stochastic,stochastic,stochastic,0.01
1790,1943,1892,0.5001967816700382,0.4999057432264833,0.4997014145262766,6.4346368715083795,6.421513124034997,6.421247357293869,13,1,75,0.5,0.5,0.5,stochastic,stochastic,stochastic,0.01
1796,1900,1929,0.5004579772317057,0.4998277671009238,0.4995156038555733,6.61358574610245,6.65,6.526697770865733,14,1,75,0.5,0.5,0.5,stochastic,stochastic,stochastic,0.01
1845,1908,1872,0.500464489495705,0.49937027923835375,0.4993499217331987,6.623306233062331,6.883647798742138,6.806089743589744,15,1,75,0.5,0.5,0.5,stochastic,stochastic,stochastic,0.01
1834,1903,1888,0.5004438493426768,0.4995140841914348,0.49940165727866836,6.770992366412214,7.0420388859695215,6.976694915254237,16,1,75,0.5,0.5,0.5,stochastic,stochastic,stochastic,0.01
1840,1905,1880,0.5006617982339444,0.49924238728829784,0.4993448463190455,6.784782608695652,7.13490813648294,7.155851063829787,17,1,75,0.5,0.5,0.5,stochastic,stochastic,stochastic,0.01
1818,1895,1912,0.5011247122917765,0.49928006170876277,0.49940763535670657,7.020902090209021,7.281266490765171,7.292364016736402,18,1,75,0.5,0.5,0.5,stochastic,stochastic,stochastic,0.01
1830,1915,1880,0.501034949913419,0.49922546891488184,0.4992454114153685,7.093442622950819,7.390078328981724,7.435106382978724,19,1,75,0.5,0.5,0.5,stochastic,stochastic,stochastic,0.01
1793,1960,1872,0.5009667767789971,0.49929640167995193,0.4994160168190976,7.341327384272169,7.565816326530612,7.6431623931623935,20,1,75,0.5,0.5,0.5,stochastic,stochastic,stochastic,0.01
1795,1929,1901,0.5009473778732937,0.4995176464540783,0.4994099308126163,7.389972144846797,7.723691031622602,7.662283008942662,21,1,75,0.5,0.5,0.5,stochastic,stochastic,stochastic,0.01
1807,1906,1912,0.5011242585931688,0.4995097935696684,0.49944977023514936,7.413392363032651,7.9045120671563485,7.656903765690377,22,1,75,0.5,0.5,0.5,stochastic,stochastic,stochastic,0.01
1812,1906,1907,0.5009876247369041,0.49957268572947494,0.4993813191921425,7.459161147902869,7.982686253934943,7.692186680650236,23,1,75,0.5,0.5,0.5,stochastic,stochastic,stochastic,0.01
1808,1878,1939,0.5007435634101467,0.49952862480477767,0.4994615401003108,7.582411504424779,8.057507987220447,7.714801444043322,24,1,75,0.5,0.5,0.5,stochastic,stochastic,stochastic,0.01
1813,1855,1957,0.5006428687668327,0.49944015272428605,0.4994299516010564,7.633204633204633,8.024258760107816,7.782830863566684,25,1,75,0.5,0.5,0.5,stochastic,stochastic,stochastic,0.01
1822,1865,1938,0.5005258379491777,0.4991691477402962,0.4995359746063484,7.514818880351262,8.044504021447722,7.807017543859649,26,1,75,0.5,0.5,0.5,stochastic,stochastic,stochastic,0.01
1842,1850,1933,0.5007862830678065,0.4990928211196427,0.49945120350859185,7.48642779587405,8.056216216216216,7.829280910501811,27,1,75,0.5,0.5,0.5,stochastic,stochastic,stochastic,0.01
1846,1852,1927,0.5003517218674086,0.49879742238924785,0.4991960915024069,7.5937161430119176,8.092332613390928,7.940840685002595,28,1,75,0.5,0.5,0.5,stochastic,stochastic,stochastic,0.01
1872,1841,1912,0.4998622850872815,0.4984090506812932,0.49908648988708565,7.602564102564102,8.20966865833786,8.130230125523013,29,1,75,0.5,0.5,0.5,stochastic,stochastic,stochastic,0.01
1922,1830,1873,0.4999967699370732,0.4983590489834407,0.4993542655768113,7.594693028095733,8.246448087431695,8.09930592632141,30,1,75,0.5,0.5,0.5,stochastic,stochastic,stochastic,0.01
1951,1821,1853,0.5000775566459563,0.49853184338399714,0.49882819209303425,7.575089697590979,8.265788028555738,8.093362115488397,31,1,75,0.5,0.5,0.5,stochastic,stochastic,stochastic,0.01
1959,1821,1845,0.49996829356187805,0.4983418278217368,0.4987800204425897,7.700357325165901,8.318506315211422,8.174525745257453,32,1,75,0.5,0.5,0.5,stochastic,stochastic,stochastic,0.01
1967,1838,1820,0.49984681065818287,0.4980224211045516,0.49886956171070374,7.841891204880529,8.305767138193689,8.281868131868132,33,1,75,0.5,0.5,0.5,stochastic,stochastic,stochastic,0.01
1976,1845,1804,0.4997174958746345,0.4982758111899932,0.4993351876133213,7.982793522267206,8.352845528455285,8.296563192904657,34,1,75,0.5,0.5,0.5,stochastic,stochastic,stochastic,0.01
1953,1879,1793,0.49979093599793084,0.4984459294617818,0.5002667333305051,8.061443932411674,8.316657796700373,8.308421639709984,35,1,75,0.5,0.5,0.5,stochastic,stochastic,stochastic,0.01
1948,1893,1784,0.4998284784518364,0.4985149403419797,0.5008710980259645,7.993839835728953,8.23771790808241,8.143497757847534,36,1,75,0.5,0.5,0.5,stochastic,stochastic,stochastic,0.01
1921,1877,1827,0.5002901840353019,0.49854166593578814,0.5013321653227925,8.119729307652264,8.289824187533299,8.092501368363438,37,1,75,0.5,0.5,0.5,stochastic,stochastic,stochastic,0.01
1918,1853,1854,0.5001401766537367,0.49850203300734286,0.5017685645813807,8.257559958289885,8.243389098758769,8.031823085221143,38,1,75,0.5,0.5,0.5,stochastic,stochastic,stochastic,0.01
1912,1838,1875,0.49998667496166055,0.49822815049849867,0.5015259409943281,8.301778242677825,8.216539717083787,8.044266666666667,39,1,75,0.5,0.5,0.5,stochastic,stochastic,stochastic,0.01
1909,1827,1889,0.5005141533305782,0.4984238029403965,0.5013952039521734,8.40335254059717,8.164203612479474,8.098464796188459,40,1,75,0.5,0.5,0.5,stochastic,stochastic,stochastic,0.01
1915,1830,1880,0.5004156485025656,0.49891871915717334,0.5021848026428283,8.418276762402089,8.171584699453552,8.184042553191489,41,1,75,0.5,0.5,0.5,stochastic,stochastic,stochastic,0.01
1918,1824,1883,0.5011981989018547,0.4991777089367814,0.502504530274932,8.509384775808133,8.15953947368421,8.279872543813065,42,1,75,0.5,0.5,0.5,stochastic,stochastic,stochastic,0.01
1896,1840,1889,0.5017283334462738,0.4990699186352731,0.5028354567442737,8.542721518987342,8.064130434782609,8.38115404976178,43,1,75,0.5,0.5,0.5,stochastic,stochastic,stochastic,0.01
1890,1865,1870,0.5020438183895412,0.4991481270616359,0.5034479544458831,8.64973544973545,8.05361930294906,8.393048128342246,44,1,75,0.5,0.5,0.5,stochastic,stochastic,stochastic,0.01
1901,1890,1834,0.5028144713628978,0.4993662282819913,0.5036225813318228,8.65123619147817,8.134391534391535,8.567611777535442,45,1,75,0.5,0.5,0.5,stochastic,stochastic,stochastic,0.01
1869,1928,1828,0.5029755787328265,0.4999826756460653,0.5039875244937071,8.696629213483146,8.070020746887966,8.652078774617069,46,1,75,0.5,0.5,0.5,stochastic,stochastic,stochastic,0.01
1829,1958,1838,0.5033605120997189,0.5000083656669844,0.5044957845611463,8.809185347184254,8.09244126659857,8.849836779107726,47,1,75,0.5,0.5,0.5,stochastic,stochastic,stochastic,0.01
1814,1994,1817,0.5038630875113477,0.500297644364922,0.5045625480659105,8.777839029768467,8.04162487462387,8.93010456796918,48,1,75,0.5,0.5,0.5,stochastic,stochastic,stochastic,0.01
1836,1987,1802,0.5042668169849527,0.5005516724999656,0.504622349229516,8.661220043572985,8.23100150981379,8.89511653718091,49,1,75,0.5,0.5,0.5,stochastic,stochastic,stochastic,0.01
1847,1989,1789,0.5041955561478584,0.5008518830812588,0.5053052599688567,8.649160801299404,8.357968828557064,8.940749021799888,50,1,75,0.5,0.5,0.5,stochastic,stochastic,stochastic,0.01
1849,2003,1773,0.5043308950673668,0.5009442958023845,0.5051018884383907,8.641968631692807,8.396405391912133,8.794134235758602,51,1,75,0.5,0.5,0.5,stochastic,stochastic,stochastic,0.01
1864,2004,1757,0.5050411262096083,0.5013992933940911,0.5056408015913665,8.62392703862661,8.620259481037925,8.792828685258964,52,1,75,0.5,0.5,0.5,stochastic,stochastic,stochastic,0.01
1834,2036,1755,0.5049219252286262,0.501929425154815,0.5054742560130882,8.616139585605234,8.650785854616895,8.833618233618234,53,1,75,0.5,0.5,0.5,stochastic,stochastic,stochastic,0.01
1858,2037,1730,0.5051639654322786,0.5018269238085411,0.505788946696724,8.584499461786868,8.787923416789397,8.78150289017341,54,1,75,0.5,0.5,0.5,stochastic,stochastic,stochastic,0.01
1876,2011,1738,0.5053939181755732,0.5020690372865376,0.5059000205532089,8.73773987206823,9.13276976628543,8.727272727272727,55,1,75,0.5,0.5,0.5,stochastic,stochastic,stochastic,0.01
1836,2046,1743,0.5058260987326435,0.5022508688515741,0.505537923850225,8.752723311546841,9.224828934506354,8.878944348823866,56,1,75,0.5,0.5,0.5,stochastic,stochastic,stochastic,0.01
1798,2056,1771,0.5057517772357998,0.5024157276881903,0.5055641056235377,8.74749721913237,9.26896887159533,8.852060982495765,57,1,75,0.5,0.5,0.5,stochastic,stochastic,stochastic,0.01
1804,2041,1780,0.5056401505326186,0.5025581240056219,0.5061294001033515,8.697893569844789,9.435570798628124,8.787078651685393,58,1,75,0.5,0.5,0.5,stochastic,stochastic,stochastic,0.01
1813,2011,1801,0.5062206344593542,0.502466617382493,0.5057989163731927,8.625482625482626,9.447538538040776,8.672959466962798,59,1,75,0.5,0.5,0.5,stochastic,stochastic,stochastic,0.01
1840,1965,1820,0.5058846576067535,0.5021712633211259,0.5066592791788301,8.641847826086957,9.609669211195929,8.59010989010989,60,1,75,0.5,0.5,0.5,stochastic,stochastic,stochastic,0.01
1818,1966,1841,0.50567795785783,0.5012733412356885,0.5063954200539316,8.636963696369637,9.557985757884028,8.466594242259642,61,1,75,0.5,0.5,0.5,stochastic,stochastic,stochastic,0.01
1854,1926,1845,0.5053262111629238,0.5006626576119949,0.5064880395417023,8.653182308522114,9.729491173416408,8.447154471544716,62,1,75,0.5,0.5,0.5,stochastic,stochastic,stochastic,0.01
1837,1911,1877,0.504881694798488,0.5008180163951462,0.5071502138513033,8.708764289602613,9.539508110936682,8.315929675013319,63,1,75,0.5,0.5,0.5,stochastic,stochastic,stochastic,0.01
1853,1874,1898,0.5044001527816679,0.5010886608849477,0.5074796437765156,8.830545062061521,9.659551760939168,8.287144362486828,64,1,75,0.5,0.5,0.5,stochastic,stochastic,stochastic,0.01
1829,1872,1924,0.5049591496008208,0.5005623641286039,0.5085493278832484,9.049753963914707,9.587072649572649,8.423596673596673,65,1,75,0.5,0.5,0.5,stochastic,stochastic,stochastic,0.01
1840,1868,1917,0.5046626898486789,0.4999568613992713,0.5090518263717835,8.86413043478261,9.496252676659529,8.45018257694314,66,1,75,0.5,0.5,0.5,stochastic,stochastic,stochastic,0.01
1819,1867,1939,0.5044104357574776,0.49986589443090196,0.5090738032301424,8.82737768004398,9.479914301017676,8.52140278494069,67,1,75,0.5,0.5,0.5,stochastic,stochastic,stochastic,0.01
1807,1845,1973,0.5037046236876414,0.4999546468539936,0.5091888667618323,8.956834532374101,9.40379403794038,8.521540800810948,68,1,75,0.5,0.5,0.5,stochastic,stochastic,stochastic,0.01
1778,1856,1991,0.5032653974029927,0.49950279879838577,0.5096569890632142,9.044994375703038,9.32489224137931,8.676544450025114,69,1,75,0.5,0.5,0.5,stochastic,stochastic,stochastic,0.01
1784,1838,2003,0.5035295981175637,0.49906359115147625,0.510201668133785,9.049887892376681,9.301414581066377,8.803794308537194,70,1,75,0.5,0.5,0.5,stochastic,stochastic,stochastic,0.01
1775,1862,1988,0.5025238720849594,0.4984556984522186,0.5103803279299192,8.885070422535211,9.119763694951665,8.987424547283702,71,1,75,0.5,0.5,0.5,stochastic,stochastic,stochastic,0.01
1745,1905,1975,0.5027136362926646,0.4989934041121378,0.5103064158478385,8.938681948424069,9.051968503937008,9.12253164556962,72,1,75,0.5,0.5,0.5,stochastic,stochastic,stochastic,0.01
1707,1951,1967,0.5031070271479816,0.49937552657751066,0.5111865755004932,8.86115992970123,8.978472578165043,9.239450940518557,73,1,75,0.5,0.5,0.5,stochastic,stochastic,stochastic,0.01
1680,1991,1954,0.5031298825695318,0.4999764473406507,0.5119810297335307,8.751190476190477,8.862882973380211,9.390992835209826,74,1,75,0.5,0.5,0.5,stochastic,stochastic,stochastic,0.01
1646,2024,1955,0.5030306899425431,0.499953734598131,0.5131204185521463,8.57958687727825,8.825098814229248,9.396419437340153,75,1,75,0.5,0.5,0.5,stochastic,stochastic,stochastic,0.01
1653,1986,1986,0.5026786514650372,0.4999307370648606,0.5139129585030813,8.487598306110103,8.77693856998993,9.298086606243706,76,1,75,0.5,0.5,0.5,stochastic,stochastic,stochastic,0.01
1681,1987,1957,0.5031982673884923,0.499305319679177,0.5148271624933332,8.386674598453302,8.894313034725718,9.385283597342871,77,1,75,0.5,0.5,0.5,stochastic,stochastic,stochastic,0.01
1683,1954,1988,0.5038924728332315,0.49993602425728156,0.5155601016269189,8.431372549019608,8.984646878198568,9.314889336016096,78,1,75,0.5,0.5,0.5,stochastic,stochastic,stochastic,0.01
1700,1935,1990,0.5041570024655638,0.49963877487929104,0.5153934891148536,8.535882352941176,9.117312661498708,9.363316582914573,79,1,75,0.5,0.5,0.5,stochastic,stochastic,stochastic,0.01
1729,1929,1967,0.5046445353621678,0.5002741801711599,0.5152408058029109,8.37941006362059,9.141524105754277,9.267412302999492,80,1,75,0.5,0.5,0.5,stochastic,stochastic,stochastic,0.01
1699,1938,1988,0.5047787529160621,0.5006879703439734,0.5150719332534434,8.376692171865804,9.121775025799794,9.256036217303823,81,1,75,0.5,0.5,0.5,stochastic,stochastic,stochastic,0.01
1762,1891,1972,0.5052665286078241,0.500514094076246,0.514079524625146,8.332576617480136,9.40772078265468,9.245436105476674,82,1,75,0.5,0.5,0.5,stochastic,stochastic,stochastic,0.01
1820,1867,1938,0.5053148511174533,0.5010359157426015,0.5147461377435175,8.229670329670329,9.49812533476165,9.12796697626419,83,1,75,0.5,0.5,0.5,stochastic,stochastic,stochastic,0.01
1813,1871,1941,0.5060881188830071,0.5015377892023987,0.5160862198289252,8.258687258687258,9.594869053981828,8.946419371458012,84,1,75,0.5,0.5,0.5,stochastic,stochastic,stochastic,0.01
1857,1823,1945,0.5070203069838345,0.5018241701369882,0.516226691309712,8.301023155627355,9.685682940208448,8.782005141388176,85,1,75,0.5,0.5,0.5,stochastic,stochastic,stochastic,0.01
1874,1817,1934,0.5065737581186317,0.5027622152341741,0.5164329478756605,8.265741728922091,9.632911392405063,8.760082730093071,86,1,75,0.5,0.5,0.5,stochastic,stochastic,stochastic,0.01
1917,1782,1926,0.5065252597759351,0.503115795839423,0.5165603095339018,8.240479916536255,9.721661054994389,8.71754932502596,87,1,75,0.5,0.5,0.5,stochastic,stochastic,stochastic,0.01
1943,1755,1927,0.5065668356182779,0.5043405931066481,0.5165561252051531,8.261966031909418,9.531623931623932,8.567202906071614,88,1,75,0.5,0.5,0.5,stochastic,stochastic,stochastic,0.01
1946,1725,1954,0.5067592047789178,0.5050807469117942,0.5169162985366897,8.379753340184996,9.566376811594203,8.597236438075742,89,1,75,0.5,0.5,0.5,stochastic,stochastic,stochastic,0.01
1941,1731,1953,0.5074169030711649,0.5059134456208783,0.5163183803066732,8.437403400309119,9.344309647602541,8.630312339989759,90,1,75,0.5,0.5,0.5,stochastic,stochastic,stochastic,0.01
1946,1739,1940,0.5083663344590883,0.5070148511425167,0.5158946649920597,8.41469681397739,9.277170787809085,8.648969072164949,91,1,75,0.5,0.5,0.5,stochastic,stochastic,stochastic,0.01
1939,1740,1946,0.5089641289900602,0.5077999539238324,0.5160647107857521,8.439401753481176,9.032758620689656,8.707605344295992,92,1,75,0.5,0.5,0.5,stochastic,stochastic,stochastic,0.01
1935,1731,1959,0.5091493993598517,0.5087449808732162,0.5157404818573952,8.577777777777778,9.040439052570768,8.736600306278714,93,1,75,0.5,0.5,0.5,stochastic,stochastic,stochastic,0.01
1942,1768,1915,0.5100519808980029,0.5085894721061996,0.5153620425985832,8.586508753861997,8.804864253393665,8.753002610966057,94,1,75,0.5,0.5,0.5,stochastic,stochastic,stochastic,0.01
1979,1778,1868,0.509880722779999,0.508471201860308,0.5147349872029092,8.63365336028297,8.76265466816648,8.84796573875803,95,1,75,0.5,0.5,0.5,stochastic,stochastic,stochastic,0.01
1972,1794,1859,0.5101477980661908,0.5093621161719233,0.5144980895673222,8.797667342799189,8.827201783723522,8.909628832705756,96,1,75,0.5,0.5,0.5,stochastic,stochastic,stochastic,0.01
1965,1804,1856,0.5106795584047489,0.509642686530607,0.5146294910991718,8.777608142493639,8.689024390243903,8.858836206896552,97,1,75,0.5,0.5,0.5,stochastic,stochastic,stochastic,0.01
1955,1819,1851,0.511339298597376,0.5101498668740144,0.5145180807656551,8.871611253196932,8.652006597031336,8.995137763371151,98,1,75,0.5,0.5,0.5,stochastic,stochastic,stochastic,0.01
1927,1857,1841,0.5119081863801443,0.5109417503912292,0.5140975667647922,8.870783601453036,8.638126009693053,9.10048886474742,99,1,75,0.5,0.5,0.5,stochastic,stochastic,stochastic,0.01
1908,1881,1836,0.5121126472517286,0.5113410267715889,0.514380994249326,8.931341719077569,8.63264221158958,9.206427015250545,100,1,75,0.5,0.5,0.5,stochastic,stochastic,stochastic,0.01
1881,1897,1847,0.5125361694970307,0.51191482891509,0.5146155935969338,9.086124401913876,8.710595677385346,9.311315646995126,101,1,75,0.5,0.5,0.5,stochastic,stochastic,stochastic,0.01
1905,1888,1832,0.5135049777411067,0.5125976295370306,0.5144212181973354,9.006824146981627,8.84375,9.272379912663755,102,1,75,0.5,0.5,0.5,stochastic,stochastic,stochastic,0.01
1898,1890,1837,0.5138157149705301,0.5131972148866188,0.5150631522429087,9.006849315068493,8.856613756613756,9.192161132280892,103,1,75,0.5,0.5,0.5,stochastic,stochastic,stochastic,0.01
1891,1902,1832,0.5143953468007295,0.5131598919541434,0.5143546040587307,9.021152829190905,8.892744479495269,9.275109170305678,104,1,75,0.5,0.5,0.5,stochastic,stochastic,stochastic,0.01
1887,1920,1818,0.5156240747000531,0.514038709418978,0.5137044193385156,8.994700582935877,8.868229166666667,9.387238723872388,105,1,75,0.5,0.5,0.5,stochastic,stochastic,stochastic,0.01
1881,1919,1825,0.5154018103095342,0.5142748625097266,0.5129878656863791,8.970228601807548,8.863991662324127,9.304109589041095,106,1,75,0.5,0.5,0.5,stochastic,stochastic,stochastic,0.01
1901,1920,1804,0.5158929134413103,0.5145419103627743,0.5127734931117911,8.935297211993687,8.953125,9.337028824833704,107,1,75,0.5,0.5,0.5,stochastic,stochastic,stochastic,0.01
1881,1934,1810,0.5167226573698744,0.5148228232951452,0.512734508349673,8.971823498139287,8.965873836608067,9.331491712707182,108,1,75,0.5,0.5,0.5,stochastic,stochastic,stochastic,0.01
1843,1961,1821,0.5181916211489532,0.5152936345974436,0.5136953576090437,8.90613130765057,8.8883222845487,9.366831411312466,109,1,75,0.5,0.5,0.5,stochastic,stochastic,stochastic,0.01
1846,1954,1825,0.5186820942694352,0.5155217132742183,0.5143752496419027,8.85373781148429,8.942681678607984,9.301917808219178,110,1,75,0.5,0.5,0.5,stochastic,stochastic,stochastic,0.01
1811,1962,1852,0.5193034655460429,0.5151677030075468,0.5145448436242729,8.975151849806737,8.925076452599388,9.293196544276459,111,1,75,0.5,0.5,0.5,stochastic,stochastic,stochastic,0.01
1790,1932,1903,0.519907407751411,0.5142710446562786,0.5159086623814363,9.077094972067039,8.8203933747412,9.132947976878613,112,1,75,0.5,0.5,0.5,stochastic,stochastic,stochastic,0.01
1794,1920,1911,0.5205665973820278,0.5142750114623869,0.5171016770337896,8.957079152731326,8.8125,8.995813710099425,113,1,75,0.5,0.5,0.5,stochastic,stochastic,stochastic,0.01
1777,1896,1952,0.5195611537525735,0.5144291879982147,0.5177199173713573,8.917839054586382,8.832805907172995,8.824282786885245,114,1,75,0.5,0.5,0.5,stochastic,stochastic,stochastic,0.01
1765,1888,1972,0.5203839555700054,0.5140771895853036,0.5182047215760335,8.894617563739377,8.823093220338983,8.642494929006086,115,1,75,0.5,0.5,0.5,stochastic,stochastic,stochastic,0.01
1737,1883,2005,0.5209029042770651,0.5136713533742289,0.5189705028383735,8.839953943580886,8.640467339352098,8.646882793017456,116,1,75,0.5,0.5,0.5,stochastic,stochastic,stochastic,0.01
1737,1847,2041,0.5211756776751485,0.5133513651362107,0.519937329081772,8.70063327576281,8.593394694098539,8.47280744732974,117,1,75,0.5,0.5,0.5,stochastic,stochastic,stochastic,0.01
1750,1795,2080,0.5214768056574833,0.513651664611689,0.5207889736501904,8.689142857142857,8.576601671309191,8.301442307692307,118,1,75,0.5,0.5,0.5,stochastic,stochastic,stochastic,0.01
1733,1803,2089,0.5209326720780647,0.5134313406794002,0.5215053881225025,8.62204270051933,8.409317803660565,8.346577309717569,119,1,75,0.5,0.5,0.5,stochastic,stochastic,stochastic,0.01
1723,1783,2119,0.5205344063466304,0.5146358763731451,0.5223878764788698,8.492164828786999,8.234436343241727,8.319490325625296,120,1,75,0.5,0.5,0.5,stochastic,stochastic,stochastic,0.01
1728,1769,2128,0.5202910987966682,0.5155422429479322,0.5220703569809017,8.376157407407407,8.199547767100057,8.441259398496241,121,1,75,0.5,0.5,0.5,stochastic,stochastic,stochastic,0.01
1760,1730,2135,0.5204535973381577,0.516512170012542,0.5220082219254988,8.304545454545455,8.363583815028901,8.451053864168617,122,1,75,0.5,0.5,0.5,stochastic,stochastic,stochastic,0.01
1780,1700,2145,0.5208090123377797,0.5177084542013879,0.5216841756758024,8.374719101123596,8.27235294117647,8.591142191142191,123,1,75,0.5,0.5,0.5,stochastic,stochastic,stochastic,0.01
1818,1645,2162,0.5212342045337067,0.5190241158491707,0.5213756951413704,8.387788778877887,8.254711246200609,8.553191489361701,124,1,75,0.5,0.5,0.5,stochastic,stochastic,stochastic,0.01
1860,1632,2133,0.5213249117234281,0.5202189944180895,0.5217180735077406,8.264516129032257,8.213848039215685,8.644631973745899,125,1,75,0.5,0.5,0.5,stochastic,stochastic,stochastic,0.01
1910,1625,2090,0.5208702642219907,0.5208161647934817,0.5218294217557861,8.149214659685864,8.202461538461538,8.850717703349282,126,1,75,0.5,0.5,0.5,stochastic,stochastic,stochastic,0.01
1933,1575,2117,0.5213644206831277,0.5219865539389716,0.5230463214809026,8.139161924469736,8.132063492063493,8.761454888993859,127,1,75,0.5,0.5,0.5,stochastic,stochastic,stochastic,0.01
1968,1571,2086,0.5215131182024398,0.5225130230183532,0.5227894592143598,8.065548780487806,7.901973265436028,8.89117929050815,128,1,75,0.5,0.5,0.5,stochastic,stochastic,stochastic,0.01
2011,1547,2067,0.5211732058308327,0.5227798639699625,0.5222129261116677,8.107906514172054,7.980607627666451,8.927914852443154,129,1,75,0.5,0.5,0.5,stochastic,stochastic,stochastic,0.01
2092,1521,2012,0.5195905022224393,0.5227508185131375,0.5214925499029796,8.034894837476099,8.07560815253123,8.941848906560637,130,1,75,0.5,0.5,0.5,stochastic,stochastic,stochastic,0.01
2173,1509,1943,0.5202285812736746,0.5237502778500147,0.5210577165350779,8.085595950299126,8.147117296222664,8.951106536284097,131,1,75,0.5,0.5,0.5,stochastic,stochastic,stochastic,0.01
2205,1503,1917,0.5204731253605914,0.5247655260967722,0.5207254965409229,8.282539682539683,8.022621423819029,8.857589984350549,132,1,75,0.5,0.5,0.5,stochastic,stochastic,stochastic,0.01
2219,1503,1903,0.5198903433827096,0.5240045356641597,0.5197680429042117,8.471383506083821,7.899534264803726,8.864950078822911,133,1,75,0.5,0.5,0.5,stochastic,stochastic,stochastic,0.01
2237,1519,1869,0.519303301540201,0.52453975441484,0.5196772336766695,8.631649530621369,7.84990125082291,8.97752808988764,134,1,75,0.5,0.5,0.5,stochastic,stochastic,stochastic,0.01
2243,1564,1818,0.5184378752081266,0.5248923295353386,0.5197577809885203,8.765938475256354,7.698209718670077,8.909240924092408,135,1,75,0.5,0.5,0.5,stochastic,stochastic,stochastic,0.01
2263,1599,1763,0.5179761463660397,0.5241385967310307,0.5200333310043405,8.784357048166152,7.752970606629143,9.09359047078843,136,1,75,0.5,0.5,0.5,stochastic,stochastic,stochastic,0.01
2264,1625,1736,0.5184835139191644,0.5248616761638544,0.5206824295926599,8.894876325088338,7.775384615384615,9.129032258064516,137,1,75,0.5,0.5,0.5,stochastic,stochastic,stochastic,0.01
2256,1653,1716,0.5176223811636095,0.5243646820673022,0.5204776944092597,8.96808510638298,7.617664851784634,8.824009324009324,138,1,75,0.5,0.5,0.5,stochastic,stochastic,stochastic,0.01
2287,1690,1648,0.5177580384310069,0.5243901714815286,0.5206680321523932,8.970266724967207,7.504733727810651,8.767597087378642,139,1,75,0.5,0.5,0.5,stochastic,stochastic,stochastic,0.01
2272,1710,1643,0.5174281969874034,0.5243077250498469,0.5205735699276685,9.100792253521126,7.46374269005848,8.634205721241631,140,1,75,0.5,0.5,0.5,stochastic,stochastic,stochastic,0.01
2260,1762,1603,0.5176213130826794,0.5248800204209569,0.5208611289788714,9.142477876106195,7.402951191827468,8.668122270742359,141,1,75,0.5,0.5,0.5,stochastic,stochastic,stochastic,0.01
2247,1821,1557,0.5175590308412973,0.5245114817672551,0.5218924928051611,9.2167334223409,7.404173531026908,8.678869621066152,142,1,75,0.5,0.5,0.5,stochastic,stochastic,stochastic,0.01
2235,1873,1517,0.517830298710871,0.5249289052930092,0.5232614181218394,9.13959731543624,7.389749065670048,8.49439683586025,143,1,75,0.5,0.5,0.5,stochastic,stochastic,stochastic,0.01
2180,1909,1536,0.5177054468027885,0.5239032977855609,0.5241273361976271,9.364678899082568,7.407543216343635,8.275390625,144,1,75,0.5,0.5,0.5,stochastic,stochastic,stochastic,0.01
2120,1950,1555,0.5181488338663648,0.5231672700115093,0.5260503579277391,9.51556603773585,7.390769230769231,8.026366559485531,145,1,75,0.5,0.5,0.5,stochastic,stochastic,stochastic,0.01
2071,2003,1551,0.5185295300199632,0.5227398027888194,0.5270430801895362,9.617576050217286,7.425861208187718,8.012250161186332,146,1,75,0.5,0.5,0.5,stochastic,stochastic,stochastic,0.01
2022,2040,1563,0.5188557811690386,0.5211486034769881,0.5288944169853491,9.58753709198813,7.528921568627451,7.797184900831734,147,1,75,0.5,0.5,0.5,stochastic,stochastic,stochastic,0.01
1983,2043,1599,0.5196381008963722,0.5207689496413516,0.5292306480201635,9.754916792738275,7.740088105726873,7.744215134459037,148,1,75,0.5,0.5,0.5,stochastic,stochastic,stochastic,0.01
1935,2098,1592,0.5208431218309633,0.520094822889373,0.5294160465018122,9.813953488372093,7.817921830314585,7.759422110552764,149,1,75,0.5,0.5,0.5,stochastic,stochastic,stochastic,0.01
1865,2163,1597,0.5215657020458658,0.5183853494074969,0.5300913491995344,9.841286863270778,7.907535829865927,7.80275516593613,150,1,75,0.5,0.5,0.5,stochastic,stochastic,stochastic,0.01
1833,2189,1603,0.5225027781170029,0.5175067923689356,0.5305625791327635,9.795962902345881,7.970762905436272,7.587648159700562,151,1,75,0.5,0.5,0.5,stochastic,stochastic,stochastic,0.01
1795,2214,1616,0.5236996263046202,0.5172636239191973,0.5311073215788455,9.643454038997215,8.14453477868112,7.484529702970297,152,1,75,0.5,0.5,0.5,stochastic,stochastic,stochastic,0.01
1749,2226,1650,0.5241652872946764,0.5166355296139404,0.5312372020825776,9.69982847341338,8.301437556154537,7.589090909090909,153,1,75,0.5,0.5,0.5,stochastic,stochastic,stochastic,0.01
1729,2239,1657,0.5259685649384445,0.5170389690246925,0.5307783024466506,9.701561596298438,8.504689593568557,7.6372963186481595,154,1,75,0.5,0.5,0.5,stochastic,stochastic,stochastic,0.01
1709,2269,1647,0.526612121743497,0.5173464562896195,0.5305251948275164,9.511995318899942,8.704715733803438,7.610200364298725,155,1,75,0.5,0.5,0.5,stochastic,stochastic,stochastic,0.01
1688,2258,1679,0.5287952741054148,0.5167991793381902,0.5312753041568398,9.431872037914692,8.985385296722763,7.611078022632519,156,1,75,0.5,0.5,0.5,stochastic,stochastic,stochastic,0.01
1678,2248,1699,0.5311241370559144,0.5154389533327655,0.5305904686474862,9.205005959475566,9.229092526690392,7.694526191877575,157,1,75,0.5,0.5,0.5,stochastic,stochastic,stochastic,0.01
1650,2259,1716,0.5319231818657807,0.5163671604385774,0.5307163305496695,9.120606060606061,9.31252766710934,7.665501165501166,158,1,75,0.5,0.5,0.5,stochastic,stochastic,stochastic,0.01
1620,2270,1735,0.5318460838112573,0.5177285141405706,0.5310833611501651,8.879012345679012,9.314977973568283,7.66685878962536,159,1,75,0.5,0.5,0.5,stochastic,stochastic,stochastic,0.01
1593,2244,1788,0.5331884871024901,0.5179131031057752,0.5312391191449886,8.887005649717514,9.517825311942959,7.732102908277405,160,1,75,0.5,0.5,0.5,stochastic,stochastic,stochastic,0.01
1572,2259,1794,0.5337104233999577,0.5190776147088947,0.5315755773296882,8.674936386768447,9.649845064187694,7.8706800445930885,161,1,75,0.5,0.5,0.5,stochastic,stochastic,stochastic,0.01
1533,2237,1855,0.5353742988960057,0.5200411584484216,0.5319913752167795,8.587084148727984,9.72016092981672,7.8070080862533695,162,1,75,0.5,0.5,0.5,stochastic,stochastic,stochastic,0.01
1506,2227,1892,0.5353649063126119,0.5206163345925887,0.5310776473437164,8.46215139442231,9.86079928154468,7.770084566596195,163,1,75,0.5,0.5,0.5,stochastic,stochastic,stochastic,0.01
1491,2174,1960,0.5354561889746408,0.5220043895821131,0.5314497983060781,8.352112676056338,9.931002759889605,7.615816326530612,164,1,75,0.5,0.5,0.5,stochastic,stochastic,stochastic,0.01
1491,2109,2025,0.5364209420538472,0.5239397023309229,0.5325827394244718,8.11871227364185,9.981033665244192,7.649876543209877,165,1,75,0.5,0.5,0.5,stochastic,stochastic,stochastic,0.01
1462,2080,2083,0.5376886959451069,0.5249571100843015,0.5327231240609686,8.14500683994528,10.049038461538462,7.8415746519443115,166,1,75,0.5,0.5,0.5,stochastic,stochastic,stochastic,0.01
1466,2053,2106,0.5379718483738792,0.5264173488733728,0.5332188980294494,8.08731241473397,10.018996590355577,7.944919278252612,167,1,75,0.5,0.5,0.5,stochastic,stochastic,stochastic,0.01
1498,1985,2142,0.5383222563445909,0.5286933432534521,0.533964285295961,7.820427236315087,9.832241813602016,7.997665732959851,168,1,75,0.5,0.5,0.5,stochastic,stochastic,stochastic,0.01
1495,1948,2182,0.5378369466880194,0.5309444274849917,0.5347055279504057,7.816053511705686,9.865503080082135,8.102199816681944,169,1,75,0.5,0.5,0.5,stochastic,stochastic,stochastic,0.01
1530,1904,2191,0.5352871635832778,0.5320203415225576,0.5345173231669587,7.749019607843137,9.778886554621849,8.206754906435417,170,1,75,0.5,0.5,0.5,stochastic,stochastic,stochastic,0.01
1558,1833,2234,0.5332432626342598,0.5328686014194988,0.5342817043338277,7.7464698331193835,9.666666666666666,8.294091316025067,171,1,75,0.5,0.5,0.5,stochastic,stochastic,stochastic,0.01
1582,1775,2268,0.532261916378634,0.5343000906447717,0.5335642312032144,7.671302149178255,9.670985915492958,8.366843033509701,172,1,75,0.5,0.5,0.5,stochastic,stochastic,stochastic,0.01
1635,1716,2274,0.5322132348938723,0.5352482348744142,0.532948627517474,7.520489296636086,9.694055944055943,8.473614775725594,173,1,75,0.5,0.5,0.5,stochastic,stochastic,stochastic,0.01
1675,1673,2277,0.5315922067676618,0.5364077138359867,0.532364187287794,7.481791044776119,9.576210400478184,8.670619235836627,174,1,75,0.5,0.5,0.5,stochastic,stochastic,stochastic,0.01
1747,1612,2266,0.5296607886516745,0.537162418747794,0.5319656334688575,7.540927303949628,9.558933002481389,8.80803177405119,175,1,75,0.5,0.5,0.5,stochastic,stochastic,stochastic,0.01
1785,1584,2256,0.52831332514356,0.5377374986012211,0.5315712521108985,7.523809523809524,9.296085858585858,8.915336879432624,176,1,75,0.5,0.5,0.5,stochastic,stochastic,stochastic,0.01
1798,1565,2262,0.5281261055926396,0.5390836903885701,0.5307082097533372,7.687986651835373,8.938019169329074,9.096816976127322,177,1,75,0.5,0.5,0.5,stochastic,stochastic,stochastic,0.01
1806,1568,2251,0.5278968156794006,0.5392565293049099,0.5312255850544482,7.743078626799557,8.704719387755102,9.220790759662373,178,1,75,0.5,0.5,0.5,stochastic,stochastic,stochastic,0.01
1837,1531,2257,0.5274007051654498,0.5392585743273703,0.5320308727723164,7.804028307022319,8.49314173742652,9.198493575542756,179,1,75,0.5,0.5,0.5,stochastic,stochastic,stochastic,0.01
1871,1524,2230,0.5278188569817914,0.5390322936709844,0.5317913488075241,7.859967931587386,8.230971128608925,9.339013452914799,180,1,75,0.5,0.5,0.5,stochastic,stochastic,stochastic,0.01
1907,1504,2214,0.5286836538877673,0.5388625844061858,0.5321919458498948,7.983219716832721,8.163563829787234,9.482836495031616,181,1,75,0.5,0.5,0.5,stochastic,stochastic,stochastic,0.01
1952,1480,2193,0.5286869998627896,0.5384863485604124,0.532727342976082,8.119877049180328,8.124324324324323,9.596443228454172,182,1,75,0.5,0.5,0.5,stochastic,stochastic,stochastic,0.01
2010,1463,2152,0.5291112931845174,0.5403828359042454,0.533396934506295,8.195522388059702,8.037593984962406,9.734200743494425,183,1,75,0.5,0.5,0.5,stochastic,stochastic,stochastic,0.01
2027,1484,2114,0.5304979622364226,0.5408550397865027,0.5343526515373692,8.278737049827331,7.800539083557951,9.831125827814569,184,1,75,0.5,0.5,0.5,stochastic,stochastic,stochastic,0.01
2049,1506,2070,0.5307044982110252,0.5399556983728202,0.535172307509348,8.390434358223523,7.660690571049137,10.104830917874397,185,1,75,0.5,0.5,0.5,stochastic,stochastic,stochastic,0.01
2044,1560,2021,0.5317824457172202,0.5401481532055252,0.5353782384970653,8.496575342465754,7.547435897435897,10.333498268184067,186,1,75,0.5,0.5,0.5,stochastic,stochastic,stochastic,0.01
2040,1600,1985,0.5323071338092467,0.540126324303979,0.5369336211774124,8.61078431372549,7.50375,10.463476070528968,187,1,75,0.5,0.5,0.5,stochastic,stochastic,stochastic,0.01
2061,1654,1910,0.5330906838958039,0.539929275026383,0.5372259848370514,8.396894711305192,7.4467956469165655,10.439267015706806,188,1,75,0.5,0.5,0.5,stochastic,stochastic,stochastic,0.01
2042,1736,1847,0.5344885024185477,0.5389492603685527,0.5382090839782322,8.156219392752204,7.401497695852535,10.376827287493231,189,1,75,0.5,0.5,0.5,stochastic,stochastic,stochastic,0.01
2025,1782,1818,0.5354319483987541,0.5398153580489337,0.5398556420551389,8.137283950617284,7.444444444444445,10.385038503850385,190,1,75,0.5,0.5,0.5,stochastic,stochastic,stochastic,0.01
2049,1820,1756,0.5360335652629146,0.5406578777510688,0.5410535513410875,8.023426061493412,7.460989010989011,10.383826879271071,191,1,75,0.5,0.5,0.5,stochastic,stochastic,stochastic,0.01
2058,1871,1696,0.5378311957165305,0.5410053886033129,0.5426299349433605,8.019436345966959,7.521111704970604,10.345518867924529,192,1,75,0.5,0.5,0.5,stochastic,stochastic,stochastic,0.01
2065,1912,1648,0.5386597625685023,0.540966189380576,0.5427135472056939,7.960290556900726,7.514644351464435,10.03883495145631,193,1,75,0.5,0.5,0.5,stochastic,stochastic,stochastic,0.01
2051,1962,1612,0.539883463929009,0.5419958948795252,0.5433966737832644,7.965382740126768,7.532110091743119,9.726426799007443,194,1,75,0.5,0.5,0.5,stochastic,stochastic,stochastic,0.01
2021,1993,1611,0.5414830704014604,0.5421021429098926,0.5437233504576643,8.23156853043048,7.6392373306573,9.443823711980137,195,1,75,0.5,0.5,0.5,stochastic,stochastic,stochastic,0.01
1988,2035,1602,0.5432123342427644,0.5416282916676666,0.5443576160333233,8.330985915492958,7.721375921375921,9.208489388264669,196,1,75,0.5,0.5,0.5,stochastic,stochastic,stochastic,0.01
1958,2072,1595,0.5437962484096809,0.5427849059531275,0.544257403879802,8.500510725229827,7.887548262548263,9.002507836990596,197,1,75,0.5,0.5,0.5,stochastic,stochastic,stochastic,0.01
1887,2104,1634,0.5458019257701,0.5429809606200283,0.5442488542117121,8.596714361420243,7.855988593155893,8.853733170134639,198,1,75,0.5,0.5,0.5,stochastic,stochastic,stochastic,0.01
1900,2101,1624,0.5470711910303321,0.5432181196155553,0.5433324929813934,8.599473684210526,8.115659209900048,8.620689655172415,199,1,75,0.5,0.5,0.5,stochastic,stochastic,stochastic,0.01
1860,2090,1675,0.5490469934888006,0.5430518977167674,0.5437268060678516,8.575268817204302,8.183253588516747,8.371940298507463,200,1,75,0.5,0.5,0.5,stochastic,stochastic,stochastic,0.01
1845,2070,1710,0.5494363945431935,0.5432687881444711,0.5430492010175189,8.689430894308943,8.345410628019323,8.135087719298246,201,1,75,0.5,0.5,0.5,stochastic,stochastic,stochastic,0.01
1845,2041,1739,0.5502348439703552,0.5427041432535898,0.542477836209273,8.706233062330623,8.403233708966193,7.949396204715353,202,1,75,0.5,0.5,0.5,stochastic,stochastic,stochastic,0.01
1854,2010,1761,0.5485369940599957,0.5424911773941316,0.5410470576499833,8.691477885652644,8.418407960199005,7.797274275979557,203,1,75,0.5,0.5,0.5,stochastic,stochastic,stochastic,0.01
1820,2006,1799,0.5484142860721495,0.5417173053050383,0.5398016892429301,8.756593406593407,8.409770687936192,7.809894385769872,204,1,75,0.5,0.5,0.5,stochastic,stochastic,stochastic,0.01
1800,2005,1820,0.5489248231863154,0.541284321530837,0.5404062366882116,8.851666666666667,8.35361596009975,7.829670329670329,205,1,75,0.5,0.5,0.5,stochastic,stochastic,stochastic,0.01
1802,1984,1839,0.5478695028138807,0.5397682236046955,0.5400309695080218,8.770255271920089,8.37399193548387,7.780859162588364,206,1,75,0.5,0.5,0.5,stochastic,stochastic,stochastic,0.01
1769,1978,1878,0.5472282949798085,0.5407663433744834,0.5397965947268591,8.877331825890334,8.392821031344793,7.694888178913738,207,1,75,0.5,0.5,0.5,stochastic,stochastic,stochastic,0.01
1775,1985,1865,0.5462454121914244,0.5417232971482723,0.539959820667035,8.709859154929578,8.477581863979848,7.6986595174262735,208,1,75,0.5,0.5,0.5,stochastic,stochastic,stochastic,0.01
1751,1986,1888,0.545846900585653,0.5420520203174853,0.5408051887331732,8.824100513992004,8.469788519637461,7.929025423728813,209,1,75,0.5,0.5,0.5,stochastic,stochastic,stochastic,0.01
1706,1984,1935,0.5451107798039253,0.5426118216246449,0.5403360762119332,8.932590855803047,8.544858870967742,8.0656330749354,210,1,75,0.5,0.5,0.5,stochastic,stochastic,stochastic,0.01
1724,1940,1961,0.5452459247305239,0.5423634011383843,0.5398216704111019,8.872389791183295,8.686082474226804,8.087710351861295,211,1,75,0.5,0.5,0.5,stochastic,stochastic,stochastic,0.01
1704,1926,1995,0.5458809622651368,0.5429167753406855,0.5390928782700444,8.967723004694836,8.842159916926272,8.193483709273183,212,1,75,0.5,0.5,0.5,stochastic,stochastic,stochastic,0.01
1689,1915,2021,0.5443435448858404,0.5436467545394112,0.5394826139238154,8.979869745411486,8.81201044386423,8.224641266699654,213,1,75,0.5,0.5,0.5,stochastic,stochastic,stochastic,0.01
1681,1890,2054,0.5452663068378568,0.5444868488713313,0.5411138664174878,8.85782272456871,8.777248677248677,8.222005842259007,214,1,75,0.5,0.5,0.5,stochastic,stochastic,stochastic,0.01
1706,1863,2056,0.5457414533105328,0.5442929518430423,0.5424042560857426,8.74736225087925,8.97638217928073,8.407587548638132,215,1,75,0.5,0.5,0.5,stochastic,stochastic,stochastic,0.01
1748,1833,2044,0.5450233362909732,0.5440281052898677,0.5435812774773061,8.544050343249427,9.04582651391162,8.42270058708415,216,1,75,0.5,0.5,0.5,stochastic,stochastic,stochastic,0.01
1773,1809,2043,0.5446309666936355,0.5428868905490463,0.5447600996527956,8.346869712351946,9.065229408512991,8.4997552618698,217,1,75,0.5,0.5,0.5,stochastic,stochastic,stochastic,0.01
1811,1779,2035,0.5457244939002004,0.5429197115578228,0.5462858384186334,8.218663721700718,9.152894884766724,8.613759213759213,218,1,75,0.5,0.5,0.5,stochastic,stochastic,stochastic,0.01
1859,1719,2047,0.5458992568433476,0.5428845374382417,0.547717615848764,8.1301775147929,9.235602094240837,8.628724963361016,219,1,75,0.5,0.5,0.5,stochastic,stochastic,stochastic,0.01
1921,1666,2038,0.5454983874057299,0.5432271792043162,0.5494369940385516,8.08589276418532,9.270708283313326,8.668302257114819,220,1,75,0.5,0.5,0.5,stochastic,stochastic,stochastic,0.01
1977,1612,2036,0.5468802073062993,0.5434202707514554,0.5517460501906796,7.932220536165908,9.22394540942928,8.573673870333987,221,1,75,0.5,0.5,0.5,stochastic,stochastic,stochastic,0.01
2062,1584,1979,0.5470822645423109,0.5431756241782655,0.5532711020256107,7.787584869059166,9.221590909090908,8.53966649823143,222,1,75,0.5,0.5,0.5,stochastic,stochastic,stochastic,0.01
2102,1548,1975,0.5483058399257671,0.5431115344987325,0.5547379832298709,7.872978116079924,9.12080103359173,8.410632911392405,223,1,75,0.5,0.5,0.5,stochastic,stochastic,stochastic,0.01
2144,1525,1956,0.5498486836561106,0.5434996788721207,0.5551907089979193,8.039179104477611,9.068196721311475,8.443251533742332,224,1,75,0.5,0.5,0.5,stochastic,stochastic,stochastic,0.01
2177,1521,1927,0.5508552568834215,0.5445855394944918,0.5561512992151955,8.02939825447864,8.64102564102564,8.495588998443177,225,1,75,0.5,0.5,0.5,stochastic,stochastic,stochastic,0.01
2204,1544,1877,0.5513413255891965,0.5456681365563814,0.5571137081469526,8.149727767695099,8.417746113989637,8.582844965370272,226,1,75,0.5,0.5,0.5,stochastic,stochastic,stochastic,0.01
2235,1561,1829,0.5525939342769743,0.5465517796605048,0.558046111899694,8.260850111856824,8.134529147982063,8.673045379989064,227,1,75,0.5,0.5,0.5,stochastic,stochastic,stochastic,0.01
2304,1566,1755,0.5537626561998407,0.5471861380086265,0.5588966980226764,8.38064236111111,8.097701149425287,8.61994301994302,228,1,75,0.5,0.5,0.5,stochastic,stochastic,stochastic,0.01
2306,1631,1688,0.5545348789023937,0.5476585792568367,0.5589074615574546,8.418473547267997,7.89883507050889,8.584715639810426,229,1,75,0.5,0.5,0.5,stochastic,stochastic,stochastic,0.01
2312,1681,1632,0.5540087810456856,0.5485650154918514,0.5585824117882102,8.582179930795848,7.762641284949435,8.615196078431373,230,1,75,0.5,0.5,0.5,stochastic,stochastic,stochastic,0.01
2296,1779,1550,0.5543064610761054,0.5506060270980363,0.5575916675724166,8.762630662020905,7.700955593029792,8.721290322580645,231,1,75,0.5,0.5,0.5,stochastic,stochastic,stochastic,0.01
2262,1824,1539,0.5532345615619247,0.5507814955232498,0.5578295864474241,8.940760389036251,7.621710526315789,8.765432098765432,232,1,75,0.5,0.5,0.5,stochastic,stochastic,stochastic,0.01
2215,1882,1528,0.552526728709503,0.5507493847756655,0.5569942893228906,8.91196388261851,7.3554729011689695,8.471858638743456,233,1,75,0.5,0.5,0.5,stochastic,stochastic,stochastic,0.01
2197,1923,1505,0.5515429825886572,0.5502709374493763,0.5558689807216188,8.987710514337733,7.372854914196568,8.27109634551495,234,1,75,0.5,0.5,0.5,stochastic,stochastic,stochastic,0.01
2171,1964,1490,0.5512271488487601,0.5494328304454611,0.5539957718941425,8.994011976047904,7.3421588594704685,8.074496644295301,235,1,75,0.5,0.5,0.5,stochastic,stochastic,stochastic,0.01
2101,2035,1489,0.5501915866440061,0.549783735033455,0.5536073253509856,9.024750118990957,7.347911547911548,7.93821356615178,236,1,75,0.5,0.5,0.5,stochastic,stochastic,stochastic,0.01
2045,2097,1483,0.5488870796939556,0.549583537599063,0.5522134421845503,8.967726161369193,7.395326657129233,7.790289952798382,237,1,75,0.5,0.5,0.5,stochastic,stochastic,stochastic,0.01
1997,2124,1504,0.5492399952516737,0.5504016966573256,0.5530278922635686,9.01151727591387,7.457156308851224,7.599734042553192,238,1,75,0.5,0.5,0.5,stochastic,stochastic,stochastic,0.01
1924,2196,1505,0.5494853944567878,0.5528018042411391,0.5526350485487889,9.012993762993762,7.451275045537341,7.566777408637874,239,1,75,0.5,0.5,0.5,stochastic,stochastic,stochastic,0.01
1862,2240,1523,0.5482805264870334,0.5530308842480011,0.5543936898861799,9.007518796992482,7.579464285714286,7.393959290873276,240,1,75,0.5,0.5,0.5,stochastic,stochastic,stochastic,0.01
1802,2286,1537,0.5485784120547664,0.5539086434044246,0.5552349785781198,8.9511653718091,7.705161854768154,7.36174365647365,241,1,75,0.5,0.5,0.5,stochastic,stochastic,stochastic,0.01
1723,2355,1547,0.5469367123255909,0.554558618862955,0.5564336324237006,8.914103308183401,7.851804670912951,7.401422107304461,242,1,75,0.5,0.5,0.5,stochastic,stochastic,stochastic,0.01
1670,2390,1565,0.547022877136271,0.5546052855204823,0.5555779608426848,8.846706586826347,8.036401673640167,7.354632587859425,243,1,75,0.5,0.5,0.5,stochastic,stochastic,stochastic,0.01
1582,2415,1628,0.5464324211773147,0.5540263430509288,0.5561435705197674,8.90834386852086,8.162732919254658,7.247542997542998,244,1,75,0.5,0.5,0.5,stochastic,stochastic,stochastic,0.01
1586,2366,1673,0.5465995138618879,0.5535584461413747,0.557550353225505,8.76923076923077,8.44843617920541,7.199043634190078,245,1,75,0.5,0.5,0.5,stochastic,stochastic,stochastic,0.01
1569,2339,1717,0.5468289636135191,0.5544160722792919,0.559868912890838,8.745060548119822,8.685763146643865,7.202679091438555,246,1,75,0.5,0.5,0.5,stochastic,stochastic,stochastic,0.01
1547,2287,1791,0.5486573436445021,0.5539457742923739,0.5622415188839224,8.776341305753071,8.970703979011805,7.202121719709659,247,1,75,0.5,0.5,0.5,stochastic,stochastic,stochastic,0.01
1525,2220,1880,0.5502995780371317,0.5543037949554281,0.5643029559373072,8.845901639344262,9.12927927927928,7.193617021276595,248,1,75,0.5,0.5,0.5,stochastic,stochastic,stochastic,0.01
1525,2138,1962,0.5513395282002345,0.5534128690575087,0.5669308170380767,8.671475409836066,9.360149672591207,7.1824668705402654,249,1,75,0.5,0.5,0.5,stochastic,stochastic,stochastic,0.01
1530,2053,2042,0.5542709919324802,0.5533541042708551,0.5689751944055439,8.491503267973856,9.402825133950317,7.1816846229187075,250,1,75,0.5,0.5,0.5,stochastic,stochastic,stochastic,0.01
1508,1988,2129,0.5553785312244924,0.5522546812665465,0.5710729809635302,8.457559681697612,9.374748490945674,7.239079379990606,251,1,75,0.5,0.5,0.5,stochastic,stochastic,stochastic,0.01
1456,1936,2233,0.5561353182200824,0.5515587610878152,0.5725954436291466,8.336538461538462,9.241219008264462,7.354679802955665,252,1,75,0.5,0.5,0.5,stochastic,stochastic,stochastic,0.01
1465,1886,2274,0.5562443965930008,0.5510181630786288,0.5734603471877612,8.256655290102389,9.14050901378579,7.55716798592788,253,1,75,0.5,0.5,0.5,stochastic,stochastic,stochastic,0.01
1453,1824,2348,0.5586677802194491,0.5503103923925783,0.57324148809026,8.003441156228492,9.010416666666666,7.662691652470188,254,1,75,0.5,0.5,0.5,stochastic,stochastic,stochastic,0.01
1463,1790,2372,0.5610867205704574,0.5503002175101681,0.572843325270393,7.716336295283663,8.878212290502793,7.858768971332209,255,1,75,0.5,0.5,0.5,stochastic,stochastic,stochastic,0.01
1472,1743,2410,0.5646487470848678,0.5493297412309365,0.5729128460481825,7.418478260869565,8.756741250717154,8.006639004149378,256,1,75,0.5,0.5,0.5,stochastic,stochastic,stochastic,0.01
1515,1682,2428,0.5670676967317098,0.5491319424562258,0.5732581871423684,7.116831683168317,8.728299643281808,8.21828665568369,257,1,75,0.5,0.5,0.5,stochastic,stochastic,stochastic,0.01
1575,1648,2402,0.5690069688872174,0.5495572732463558,0.5736853755974194,6.928888888888889,8.712378640776699,8.480849292256453,258,1,75,0.5,0.5,0.5,stochastic,stochastic,stochastic,0.01
1653,1599,2373,0.5709361097527123,0.5496887285356518,0.5734786685640578,6.751966122202057,8.602251407129456,8.686051411715129,259,1,75,0.5,0.5,0.5,stochastic,stochastic,stochastic,0.01
1736,1556,2333,0.572781548984629,0.549948064796288,0.5728915258345687,6.605990783410138,8.475578406169666,8.777968281183027,260,1,75,0.5,0.5,0.5,stochastic,stochastic,stochastic,0.01
1814,1536,2275,0.5726814487863083,0.5503900755352111,0.5714381649862638,6.610253583241455,8.440104166666666,9.015384615384615,261,1,75,0.5,0.5,0.5,stochastic,stochastic,stochastic,0.01
1893,1500,2232,0.5741256495706589,0.5501092505561898,0.571222430816665,6.749075541468568,8.514666666666667,9.174731182795698,262,1,75,0.5,0.5,0.5,stochastic,stochastic,stochastic,0.01
2003,1454,2168,0.5745121999504043,0.5504988632949248,0.5696828349191766,6.858711932101847,8.585281980742778,9.231549815498155,263,1,75,0.5,0.5,0.5,stochastic,stochastic,stochastic,0.01
2123,1399,2103,0.5746487626544482,0.5503296715839926,0.568010515777062,6.953838907206783,8.71336669049321,9.256776034236804,264,1,75,0.5,0.5,0.5,stochastic,stochastic,stochastic,0.01
2205,1380,2040,0.5745858063075985,0.5508882756109417,0.5680492265641823,7.09750566893424,8.576811594202898,9.342156862745098,265,1,75,0.5,0.5,0.5,stochastic,stochastic,stochastic,0.01
2234,1377,2014,0.5755578869467596,0.5527420199732819,0.5676756235048501,7.348701880035811,8.411764705882353,9.354021847070506,266,1,75,0.5,0.5,0.5,stochastic,stochastic,stochastic,0.01
2326,1369,1930,0.5767955581008095,0.5517793101189604,0.5679167770576312,7.461736887360275,8.406866325785245,9.405699481865286,267,1,75,0.5,0.5,0.5,stochastic,stochastic,stochastic,0.01
2387,1368,1870,0.5772126102369439,0.5542235926328489,0.5681976750507353,7.648093841642229,8.200292397660819,9.464705882352941,268,1,75,0.5,0.5,0.5,stochastic,stochastic,stochastic,0.01
2413,1405,1807,0.5783066058618063,0.5547600639525988,0.5670981017767193,7.7795275590551185,7.838434163701067,9.358605423353625,269,1,75,0.5,0.5,0.5,stochastic,stochastic,stochastic,0.01
2470,1434,1721,0.5793640486467961,0.556780425969585,0.5678738311869463,7.9024291497975705,7.531380753138075,9.332364904125509,270,1,75,0.5,0.5,0.5,stochastic,stochastic,stochastic,0.01
2486,1513,1626,0.5800578723012757,0.5610354986682465,0.5665398608361623,8.122687047465808,7.233972240581626,9.308118081180812,271,1,75,0.5,0.5,0.5,stochastic,stochastic,stochastic,0.01
2507,1564,1554,0.5802035148773717,0.5626054274997769,0.5666226213880785,8.272038292780215,7.14002557544757,9.117117117117116,272,1,75,0.5,0.5,0.5,stochastic,stochastic,stochastic,0.01
2470,1645,1510,0.5807531108272819,0.5623493140150808,0.5654400718638506,8.5165991902834,6.974468085106383,8.904635761589404,273,1,75,0.5,0.5,0.5,stochastic,stochastic,stochastic,0.01
2446,1697,1482,0.5817704951036548,0.5632658551759522,0.5670330501896875,8.800490596892887,7.074837949322333,8.804993252361674,274,1,75,0.5,0.5,0.5,stochastic,stochastic,stochastic,0.01
2341,1809,1475,0.5817502578608246,0.5640481729617426,0.5679976866045199,9.140111063648014,6.889994472084024,8.670508474576271,275,1,75,0.5,0.5,0.5,stochastic,stochastic,stochastic,0.01
2256,1908,1461,0.5818925455668542,0.5629536497721968,0.5692993652504135,9.37322695035461,6.936058700209643,8.64476386036961,276,1,75,0.5,0.5,0.5,stochastic,stochastic,stochastic,0.01
2186,1953,1486,0.5830671798094802,0.5638921847369155,0.5723627261408207,9.589204025617565,6.9805427547363035,8.373485868102287,277,1,75,0.5,0.5,0.5,stochastic,stochastic,stochastic,0.01
2105,2043,1477,0.5826638225908324,0.5636443164038483,0.573885656624807,9.673159144893111,7.024473813020069,8.285037237643873,278,1,75,0.5,0.5,0.5,stochastic,stochastic,stochastic,0.01
1980,2125,1520,0.5819393786405022,0.5639281054562202,0.5742797739928486,9.805555555555555,7.000470588235294,8.1,279,1,75,0.5,0.5,0.5,stochastic,stochastic,stochastic,0.01
1862,2211,1552,0.5828410737824312,0.5642491570933583,0.5754570331080536,9.845327604726101,7.049298959746721,8.068943298969073,280,1,75,0.5,0.5,0.5,stochastic,stochastic,stochastic,0.01
1797,2263,1565,0.5826453384879753,0.5634588537094677,0.574645139430971,9.73956594323873,7.20989836500221,8.115654952076678,281,1,75,0.5,0.5,0.5,stochastic,stochastic,stochastic,0.01
1731,2296,1598,0.5818402024606119,0.5631615299051165,0.5745931007407484,9.607163489312535,7.36411149825784,7.962453066332916,282,1,75,0.5,0.5,0.5,stochastic,stochastic,stochastic,0.01
1648,2355,1622,0.581897375224746,0.5635419181223779,0.5759811170240922,9.474514563106796,7.538428874734607,7.905055487053021,283,1,75,0.5,0.5,0.5,stochastic,stochastic,stochastic,0.01
1566,2398,1661,0.5819836697829467,0.5638950806904891,0.5759264618670833,9.29757343550447,7.715596330275229,7.962673088500903,284,1,75,0.5,0.5,0.5,stochastic,stochastic,stochastic,0.01
1551,2414,1660,0.5838279621337492,0.5642214767768685,0.5753545446904762,8.792392005157962,7.942004971002485,7.836746987951807,285,1,75,0.5,0.5,0.5,stochastic,stochastic,stochastic,0.01
1561,2338,1726,0.5861396789329154,0.5647630161312435,0.5756404835586645,8.551569506726457,8.159538066723696,7.540556199304751,286,1,75,0.5,0.5,0.5,stochastic,stochastic,stochastic,0.01
1559,2334,1732,0.5869084074345392,0.5649657871099224,0.5757281682283398,8.1879409878127,8.412596401028278,7.400115473441109,287,1,75,0.5,0.5,0.5,stochastic,stochastic,stochastic,0.01
1529,2322,1774,0.5885735489634847,0.5655329171155837,0.5765615226177648,8.07782864617397,8.673557278208442,7.425028184892898,288,1,75,0.5,0.5,0.5,stochastic,stochastic,stochastic,0.01
1502,2298,1825,0.5899057121560299,0.5662322687416946,0.5768687770617398,7.9034620505992015,8.856832027850304,7.421917808219178,289,1,75,0.5,0.5,0.5,stochastic,stochastic,stochastic,0.01
1493,2287,1845,0.5920513472949693,0.5660187844929511,0.5769139592189043,7.652377762893503,9.016178399650197,7.37289972899729,290,1,75,0.5,0.5,0.5,stochastic,stochastic,stochastic,0.01
1471,2264,1890,0.5930182142210821,0.5650665111326854,0.5769319363106264,7.416723317471108,9.1113074204947,7.397883597883598,291,1,75,0.5,0.5,0.5,stochastic,stochastic,stochastic,0.01
1468,2183,1974,0.5927563307779782,0.5654739180150825,0.576192196806053,7.391689373297003,9.237746220797069,7.4488348530901725,292,1,75,0.5,0.5,0.5,stochastic,stochastic,stochastic,0.01
1480,2147,1998,0.5937735062008671,0.5655085326375504,0.5782674389742175,7.129054054054054,9.288309268747089,7.491491491491492,293,1,75,0.5,0.5,0.5,stochastic,stochastic,stochastic,0.01
1454,2111,2060,0.5956062086699961,0.566230155028342,0.5791410680924182,7.144429160935351,9.381335859782094,7.634466019417475,294,1,75,0.5,0.5,0.5,stochastic,stochastic,stochastic,0.01
1477,2048,2100,0.5953128273052565,0.56586083089706,0.5799244041763205,7.247799593771158,9.63671875,7.8290476190476195,295,1,75,0.5,0.5,0.5,stochastic,stochastic,stochastic,0.01
1481,2024,2120,0.5962372256389008,0.5675818938983863,0.5798889891002815,7.153274814314652,9.712450592885375,7.970283018867924,296,1,75,0.5,0.5,0.5,stochastic,stochastic,stochastic,0.01
1502,1990,2133,0.5953712945020437,0.5687972392595538,0.5801615083241561,6.972037283621837,9.76934673366834,8.040787623066104,297,1,75,0.5,0.5,0.5,stochastic,stochastic,stochastic,0.01
1508,1962,2155,0.5954528444056718,0.5697429041037456,0.5799209418683434,6.978779840848806,9.802752293577981,8.238515081206497,298,1,75,0.5,0.5,0.5,stochastic,stochastic,stochastic,0.01
1573,1910,2142,0.5955394323288459,0.5701812856591498,0.5784869041501505,6.787666878575969,9.91413612565445,8.22875816993464,299,1,75,0.5,0.5,0.5,stochastic,stochastic,stochastic,0.01
1594,1852,2179,0.5963439244363357,0.5711793614982931,0.5783149898311789,6.8531994981179425,9.826673866090713,8.23405231757687,300,1,75,0.5,0.5,0.5,stochastic,stochastic,stochastic,0.01
1620,1795,2210,0.594426753264881,0.5723688666373484,0.5788431555676323,6.964814814814815,9.7008356545961,8.414932126696833,301,1,75,0.5,0.5,0.5,stochastic,stochastic,stochastic,0.01
1679,1742,2204,0.5941832671075611,0.5719489713013555,0.5786503572034494,6.929124478856462,9.620551090700344,8.44147005444646,302,1,75,0.5,0.5,0.5,stochastic,stochastic,stochastic,0.01
1740,1661,2224,0.5947727458372573,0.57261282107841,0.5780420879156893,6.967816091954023,9.404575556893437,8.456834532374101,303,1,75,0.5,0.5,0.5,stochastic,stochastic,stochastic,0.01
1832,1610,2183,0.5945280810818999,0.5748590824867774,0.5772080168867392,6.989628820960698,9.411801242236026,8.366010077874485,304,1,75,0.5,0.5,0.5,stochastic,stochastic,stochastic,0.01
1872,1547,2206,0.5956932488328935,0.5773081320631409,0.575976122141132,7.0806623931623935,9.05688429217841,8.326835902085222,305,1,75,0.5,0.5,0.5,stochastic,stochastic,stochastic,0.01
1916,1525,2184,0.5966448637574145,0.5782642778035157,0.576038998542355,7.082463465553236,8.738360655737704,8.331043956043956,306,1,75,0.5,0.5,0.5,stochastic,stochastic,stochastic,0.01
1949,1523,2153,0.5954305320239897,0.5797006839507084,0.5760744076113835,7.250897896357106,8.360472751149048,8.401300510915002,307,1,75,0.5,0.5,0.5,stochastic,stochastic,stochastic,0.01
1976,1530,2119,0.5955931623734659,0.5824513530226825,0.5762369713481404,7.364878542510121,8.051633986928104,8.486550259556395,308,1,75,0.5,0.5,0.5,stochastic,stochastic,stochastic,0.01
1965,1567,2093,0.5949376339140804,0.5837551028220881,0.576286358278655,7.468702290076336,7.750478621569878,8.590539894887721,309,1,75,0.5,0.5,0.5,stochastic,stochastic,stochastic,0.01
2012,1544,2069,0.5959044178026275,0.5839575923222288,0.5775845721064905,7.52882703777336,7.712435233160622,8.622039632672788,310,1,75,0.5,0.5,0.5,stochastic,stochastic,stochastic,0.01
2055,1545,2025,0.5960620425375291,0.583048232352439,0.5779996913059615,7.609245742092457,7.684142394822007,8.698765432098766,311,1,75,0.5,0.5,0.5,stochastic,stochastic,stochastic,0.01
2070,1568,1987,0.5969857302166116,0.5840810201101713,0.578328180987605,7.63816425120773,7.573341836734694,8.719174635128335,312,1,75,0.5,0.5,0.5,stochastic,stochastic,stochastic,0.01
2090,1617,1918,0.5972221995207644,0.5851972474891644,0.5798274448937766,7.634928229665071,7.520098948670377,8.708029197080291,313,1,75,0.5,0.5,0.5,stochastic,stochastic,stochastic,0.01
2135,1643,1847,0.5974827606971232,0.5869309078166414,0.581612607289826,7.717096018735363,7.493000608642727,8.760693015701136,314,1,75,0.5,0.5,0.5,stochastic,stochastic,stochastic,0.01
2151,1681,1793,0.5973758661186493,0.5866216452296524,0.5819923505738949,7.793584379358438,7.427721594289114,8.912994980479644,315,1,75,0.5,0.5,0.5,stochastic,stochastic,stochastic,0.01
2164,1719,1742,0.5971464338276036,0.5871230932265451,0.581978478447442,7.845656192236599,7.4229203025014545,8.85820895522388,316,1,75,0.5,0.5,0.5,stochastic,stochastic,stochastic,0.01
2149,1797,1679,0.5960341174629251,0.5872039128993929,0.5815583136985424,7.895300139599814,7.35559265442404,8.864800476474091,317,1,75,0.5,0.5,0.5,stochastic,stochastic,stochastic,0.01
2151,1842,1632,0.5948762790971793,0.589543751468697,0.5832822289886256,8.02185030218503,7.295331161780673,8.829044117647058,318,1,75,0.5,0.5,0.5,stochastic,stochastic,stochastic,0.01
2149,1872,1604,0.5949923641197045,0.5912104890249152,0.5834415946460937,8.191251744997674,7.430021367521367,8.567955112219451,319,1,75,0.5,0.5,0.5,stochastic,stochastic,stochastic,0.01
2121,1904,1600,0.5946386120800059,0.5925433380906084,0.5850096652519083,8.28901461574729,7.38077731092437,8.26625,320,1,75,0.5,0.5,0.5,stochastic,stochastic,stochastic,0.01
2098,1952,1575,0.5934146426649107,0.5923368200690637,0.5849998172228212,8.314585319351764,7.381147540983607,8.09015873015873,321,1,75,0.5,0.5,0.5,stochastic,stochastic,stochastic,0.01
2060,2007,1558,0.5938095626292301,0.5931851812964228,0.5832950367075831,8.440776699029126,7.474339810662681,8.066752246469832,322,1,75,0.5,0.5,0.5,stochastic,stochastic,stochastic,0.01
2033,2033,1559,0.5921883668048008,0.5929895045565162,0.5828010844389212,8.53418593212002,7.543531726512543,7.848620910840282,323,1,75,0.5,0.5,0.5,stochastic,stochastic,stochastic,0.01
2021,2075,1529,0.5913754654571323,0.5934962963230473,0.583324791485556,8.522018802572983,7.702650602409639,7.730542838456508,324,1,75,0.5,0.5,0.5,stochastic,stochastic,stochastic,0.01
2024,2098,1503,0.5909077635789908,0.5932231054267799,0.5849728411500976,8.568675889328063,7.910390848427073,7.560212907518297,325,1,75,0.5,0.5,0.5,stochastic,stochastic,stochastic,0.01
2013,2076,1536,0.5899012578974547,0.5941650369817261,0.5886321011389631,8.732737208147045,8.148362235067438,7.296223958333333,326,1,75,0.5,0.5,0.5,stochastic,stochastic,stochastic,0.01
2009,2087,1529,0.5900445111459872,0.5940681030787541,0.5905124008258987,8.775012444001991,8.339242932438907,7.16546762589928,327,1,75,0.5,0.5,0.5,stochastic,stochastic,stochastic,0.01
2048,2073,1504,0.590190661150038,0.5930473747117632,0.5931196805413184,8.70751953125,8.614085865894838,7.07845744680851,328,1,75,0.5,0.5,0.5,stochastic,stochastic,stochastic,0.01
2051,2079,1495,0.5901070738966577,0.5932591964722617,0.5951709084265392,8.84641638225256,8.73015873015873,6.995317725752509,329,1,75,0.5,0.5,0.5,stochastic,stochastic,stochastic,0.01
2028,2089,1508,0.5905309188043681,0.5932773785419425,0.59484192068559,8.94723865877712,8.853039731929153,6.897214854111406,330,1,75,0.5,0.5,0.5,stochastic,stochastic,stochastic,0.01
2050,2068,1507,0.5918546145629816,0.5948222032375755,0.5958196614684977,9.013658536585366,9.02514506769826,6.810218978102189,331,1,75,0.5,0.5,0.5,stochastic,stochastic,stochastic,0.01
2045,2061,1519,0.5922878911829653,0.5965959135425131,0.5949941582507606,9.151100244498778,9.109170305676855,6.883475971033575,332,1,75,0.5,0.5,0.5,stochastic,stochastic,stochastic,0.01
2005,2106,1514,0.5928912776435257,0.5967715056932419,0.594283900321011,9.1785536159601,9.094966761633428,7.0700132100396305,333,1,75,0.5,0.5,0.5,stochastic,stochastic,stochastic,0.01
1944,2161,1520,0.5938057734372486,0.5981128287169931,0.593794519753508,9.256172839506172,9.000925497454881,7.078947368421052,334,1,75,0.5,0.5,0.5,stochastic,stochastic,stochastic,0.01
1894,2203,1528,0.5938740644839878,0.5992942483162909,0.5934995688126414,9.263463569165786,9.110758057194735,7.104057591623037,335,1,75,0.5,0.5,0.5,stochastic,stochastic,stochastic,0.01
1832,2240,1553,0.5941328538075007,0.5997426070120044,0.5938740421431525,9.248908296943231,9.19375,7.139729555698648,336,1,75,0.5,0.5,0.5,stochastic,stochastic,stochastic,0.01
1766,2267,1592,0.5957726901609629,0.6000442329053449,0.5934639930562061,9.237825594563986,9.298191442434936,7.134422110552764,337,1,75,0.5,0.5,0.5,stochastic,stochastic,stochastic,0.01
1711,2290,1624,0.5968994863041176,0.6016603133142518,0.5925802254687709,9.288720046756282,9.351528384279476,7.067118226600985,338,1,75,0.5,0.5,0.5,stochastic,stochastic,stochastic,0.01
1673,2298,1654,0.5994139877060728,0.6026956265714843,0.5923190427972229,9.093245666467423,9.255874673629243,6.916565900846433,339,1,75,0.5,0.5,0.5,stochastic,stochastic,stochastic,0.01
1682,2252,1691,0.600923580312038,0.6034995590430025,0.5916851367071972,9.076694411414982,9.433836589698046,6.825547013601419,340,1,75,0.5,0.5,0.5,stochastic,stochastic,stochastic,0.01
1613,2240,1772,0.6028267281257648,0.6050852548586465,0.59088130166574,9.110353378797273,9.2375,6.718961625282167,341,1,75,0.5,0.5,0.5,stochastic,stochastic,stochastic,0.01
1578,2193,1854,0.6030512045879114,0.6051078000274631,0.5924727755312487,9.102027883396705,9.238030095759234,6.685005393743258,342,1,75,0.5,0.5,0.5,stochastic,stochastic,stochastic,0.01
1560,2093,1972,0.6036636243073538,0.6053550717170243,0.5931431416642297,9.057051282051281,9.312947921643573,6.616125760649087,343,1,75,0.5,0.5,0.5,stochastic,stochastic,stochastic,0.01
1555,2010,2060,0.6039998414305505,0.6067274834303997,0.5923714381742461,8.956913183279744,9.234825870646766,6.761165048543689,344,1,75,0.5,0.5,0.5,stochastic,stochastic,stochastic,0.01
1530,1947,2148,0.6038289242579062,0.608009235596299,0.5911224365686721,8.730718954248365,8.964560862865948,6.865456238361267,345,1,75,0.5,0.5,0.5,stochastic,stochastic,stochastic,0.01
1537,1878,2210,0.6044034661922484,0.6090274814292007,0.589427222444645,8.377358490566039,8.798722044728434,7.040723981900452,346,1,75,0.5,0.5,0.5,stochastic,stochastic,stochastic,0.01
1544,1841,2240,0.6023539896437992,0.6092064373970234,0.5892948273839851,8.049870466321243,8.671917436175992,7.180803571428571,347,1,75,0.5,0.5,0.5,stochastic,stochastic,stochastic,0.01
1581,1756,2288,0.6019170761209369,0.6101917135557405,0.5889969255846693,7.857685009487666,8.618451025056947,7.333479020979021,348,1,75,0.5,0.5,0.5,stochastic,stochastic,stochastic,0.01
1607,1701,2317,0.6010141619093525,0.610001855941748,0.5889736662529979,7.743621655258245,8.547325102880658,7.539490720759603,349,1,75,0.5,0.5,0.5,stochastic,stochastic,stochastic,0.01
1653,1648,2324,0.5996437400005735,0.6105149118210198,0.5880429955477022,7.609800362976406,8.388349514563107,7.632099827882961,350,1,75,0.5,0.5,0.5,stochastic,stochastic,stochastic,0.01
1722,1595,2308,0.5977357226248167,0.6104613588392148,0.5881727969994754,7.333333333333333,8.18871473354232,7.711871750433276,351,1,75,0.5,0.5,0.5,stochastic,stochastic,stochastic,0.01
1759,1580,2286,0.5968277756064778,0.6092475958609337,0.5889286964108388,7.227970437748721,8.020886075949367,7.921259842519685,352,1,75,0.5,0.5,0.5,stochastic,stochastic,stochastic,0.01
1810,1542,2273,0.597426039389012,0.6062544738036921,0.5882396560927177,7.099447513812155,7.874837872892347,8.029036515618126,353,1,75,0.5,0.5,0.5,stochastic,stochastic,stochastic,0.01
1857,1538,2230,0.5980237876299686,0.605690893995576,0.5888186460211142,7.026925148088314,7.6326397919375815,8.1542600896861,354,1,75,0.5,0.5,0.5,stochastic,stochastic,stochastic,0.01
1913,1530,2182,0.5977457657079751,0.6054218649116738,0.588903128540924,6.993204391008886,7.509150326797386,8.271769019248396,355,1,75,0.5,0.5,0.5,stochastic,stochastic,stochastic,0.01
2004,1546,2075,0.5973457153486841,0.604194743284378,0.5906632978303501,6.947105788423154,7.4864165588615785,8.430843373493977,356,1,75,0.5,0.5,0.5,stochastic,stochastic,stochastic,0.01
2087,1542,1996,0.5978076146337636,0.6063270040658231,0.5924168060576613,7.014374700527072,7.525291828793774,8.55060120240481,357,1,75,0.5,0.5,0.5,stochastic,stochastic,stochastic,0.01
2149,1577,1899,0.59874560050565,0.6059737906840648,0.594412859199582,6.98371335504886,7.345592897907419,8.730384412848867,358,1,75,0.5,0.5,0.5,stochastic,stochastic,stochastic,0.01
2196,1622,1807,0.5987549146818734,0.6065558496904828,0.5951022545139693,7.026867030965391,7.315659679408138,8.899833978970669,359,1,75,0.5,0.5,0.5,stochastic,stochastic,stochastic,0.01
2222,1670,1733,0.5993770281138109,0.6076796440033359,0.5965507765058968,7.218271827182718,7.3532934131736525,9.035776110790536,360,1,75,0.5,0.5,0.5,stochastic,stochastic,stochastic,0.01
2240,1714,1671,0.6001285192983423,0.6087373780814256,0.6006704914381287,7.267410714285714,7.3162193698949824,8.943147815679234,361,1,75,0.5,0.5,0.5,stochastic,stochastic,stochastic,0.01
2234,1828,1563,0.602285540914877,0.6105078632857027,0.6042224848277172,7.2985675917636526,7.231400437636761,8.964171465131159,362,1,75,0.5,0.5,0.5,stochastic,stochastic,stochastic,0.01
2228,1912,1485,0.6040501614299516,0.6118304278300356,0.6093491351776515,7.390933572710951,7.202928870292887,8.715151515151515,363,1,75,0.5,0.5,0.5,stochastic,stochastic,stochastic,0.01
2200,1958,1467,0.606180985336008,0.6115746004870822,0.614069694640529,7.568181818181818,7.231869254341165,8.409679618268575,364,1,75,0.5,0.5,0.5,stochastic,stochastic,stochastic,0.01
2184,2007,1434,0.6058273382120717,0.6108342606368271,0.619206918183188,7.728937728937729,7.307922272047833,8.143654114365411,365,1,75,0.5,0.5,0.5,stochastic,stochastic,stochastic,0.01
2143,2056,1426,0.6064906906419942,0.6110992460717384,0.6226932758349144,7.9216052263182455,7.33852140077821,7.8113604488078545,366,1,75,0.5,0.5,0.5,stochastic,stochastic,stochastic,0.01
2072,2110,1443,0.6074174957596301,0.6108554432333356,0.6266615947406847,8.124517374517374,7.44739336492891,7.487872487872488,367,1,75,0.5,0.5,0.5,stochastic,stochastic,stochastic,0.01
2005,2144,1476,0.6082357193044416,0.6108162171067505,0.6281742413038057,8.264339152119701,7.50839552238806,7.337398373983739,368,1,75,0.5,0.5,0.5,stochastic,stochastic,stochastic,0.01
1985,2163,1477,0.6083681973225649,0.6105069743684608,0.6312036901289456,8.378841309823677,7.675450762829404,7.161137440758294,369,1,75,0.5,0.5,0.5,stochastic,stochastic,stochastic,0.01
1946,2214,1465,0.6113146377452923,0.6102134617450397,0.632229458443716,8.357656731757451,7.762420957542909,7.037542662116041,370,1,75,0.5,0.5,0.5,stochastic,stochastic,stochastic,0.01
1883,2213,1529,0.6120009533859377,0.6088225943233492,0.6351888832681811,8.381837493361656,7.885223678264799,6.63897972531066,371,1,75,0.5,0.5,0.5,stochastic,stochastic,stochastic,0.01
1836,2210,1579,0.6133278348439324,0.6095604160074394,0.6361824810217673,8.343137254901961,7.914932126696833,6.544015199493351,372,1,75,0.5,0.5,0.5,stochastic,stochastic,stochastic,0.01
1803,2205,1617,0.6153281514934588,0.6098902962768779,0.6356547574003418,8.27620632279534,8.052154195011338,6.492888064316635,373,1,75,0.5,0.5,0.5,stochastic,stochastic,stochastic,0.01
1770,2213,1642,0.6173130384612168,0.6096041606998363,0.634017203775588,8.240677966101694,8.154993221870763,6.5121802679658956,374,1,75,0.5,0.5,0.5,stochastic,stochastic,stochastic,0.01
1756,2207,1662,0.6194471627014475,0.6102204954796691,0.6301344125152395,8.063211845102506,8.191662890801993,6.507821901323706,375,1,75,0.5,0.5,0.5,stochastic,stochastic,stochastic,0.01
1728,2214,1683,0.6200966884011754,0.610807325135817,0.6269495032131349,8.045717592592593,8.262872628726287,6.650029708853238,376,1,75,0.5,0.5,0.5,stochastic,stochastic,stochastic,0.01
1690,2194,1741,0.6194638292362636,0.6110668537525368,0.6258206473700847,7.950887573964497,8.306745670009116,6.561746122917863,377,1,75,0.5,0.5,0.5,stochastic,stochastic,stochastic,0.01
1693,2201,1731,0.6202453677793744,0.6108433745134235,0.6238249462891162,7.751329001772002,8.358019082235348,6.655690352397458,378,1,75,0.5,0.5,0.5,stochastic,stochastic,stochastic,0.01
1618,2228,1779,0.6206303388551845,0.6124582915686592,0.6232700849283843,7.708281829419036,8.28411131059246,6.693086003372681,379,1,75,0.5,0.5,0.5,stochastic,stochastic,stochastic,0.01
1624,2169,1832,0.6205984625097472,0.6125685210175088,0.6234502546094827,7.66564039408867,8.470723835869064,6.762008733624454,380,1,75,0.5,0.5,0.5,stochastic,stochastic,stochastic,0.01
1581,2160,1884,0.6185919264480959,0.6113436834258009,0.6236749810672145,7.592030360531309,8.456018518518519,6.806794055201698,381,1,75,0.5,0.5,0.5,stochastic,stochastic,stochastic,0.01
1602,2082,1941,0.6176054827359617,0.6099262432576059,0.6249654108123538,7.506866416978776,8.636407300672431,6.76661514683153,382,1,75,0.5,0.5,0.5,stochastic,stochastic,stochastic,0.01
1650,1975,2000,0.616720113037576,0.6099280466634139,0.624129724293759,7.447878787878788,8.885063291139241,6.6775,383,1,75,0.5,0.5,0.5,stochastic,stochastic,stochastic,0.01
1685,1893,2047,0.6182763051300276,0.6106291142732528,0.6253868328039388,7.411869436201781,8.962493396724776,6.730825598436737,384,1,75,0.5,0.5,0.5,stochastic,stochastic,stochastic,0.01
1696,1828,2101,0.6170827317894674,0.6093434938085146,0.6254634732234352,7.294811320754717,8.825492341356673,6.81722989052832,385,1,75,0.5,0.5,0.5,stochastic,stochastic,stochastic,0.01
1753,1772,2100,0.6163978461389342,0.6099593611453673,0.6256616145655308,7.312606959498003,8.716704288939052,6.917619047619048,386,1,75,0.5,0.5,0.5,stochastic,stochastic,stochastic,0.01
1795,1740,2090,0.6167529432825652,0.6071181700776647,0.6249489845523722,7.290807799442897,8.491379310344827,7.1224880382775115,387,1,75,0.5,0.5,0.5,stochastic,stochastic,stochastic,0.01
1847,1646,2132,0.6164387127629037,0.6056822959526919,0.625997457616396,7.363833243096914,8.318955042527339,7.117260787992495,388,1,75,0.5,0.5,0.5,stochastic,stochastic,stochastic,0.01
1855,1629,2141,0.6178972979557688,0.6061666164628986,0.6261977146710066,7.418867924528302,8.058931860036832,7.274170948155068,389,1,75,0.5,0.5,0.5,stochastic,stochastic,stochastic,0.01
1876,1615,2134,0.6189565221070947,0.6047594800828265,0.6282974365182007,7.443496801705757,7.804953560371517,7.42970946579194,390,1,75,0.5,0.5,0.5,stochastic,stochastic,stochastic,0.01
1908,1546,2171,0.6201599822220699,0.6034396620538741,0.6303860636025231,7.502620545073375,7.579560155239327,7.4426531552280055,391,1,75,0.5,0.5,0.5,stochastic,stochastic,stochastic,0.01
1936,1524,2165,0.6206461235998507,0.6053445790226003,0.632461962113951,7.637396694214876,7.33989501312336,7.606928406466513,392,1,75,0.5,0.5,0.5,stochastic,stochastic,stochastic,0.01
1931,1540,2154,0.6225498545795125,0.6095655851343811,0.6327742219534089,7.69963749352667,6.9876623376623375,7.819870009285051,393,1,75,0.5,0.5,0.5,stochastic,stochastic,stochastic,0.01
1965,1513,2147,0.6225296812231326,0.6095389726943611,0.6337037034048644,7.755216284987277,7.0522141440846005,7.964601769911504,394,1,75,0.5,0.5,0.5,stochastic,stochastic,stochastic,0.01
2003,1519,2103,0.6233409413617087,0.611200356489344,0.6340068529983749,7.813779331003495,7.045424621461488,8.180694246314788,395,1,75,0.5,0.5,0.5,stochastic,stochastic,stochastic,0.01
2070,1504,2051,0.6233251470096732,0.6141949002026583,0.6369117664800984,7.71207729468599,6.827127659574468,8.270112140419307,396,1,75,0.5,0.5,0.5,stochastic,stochastic,stochastic,0.01
2145,1482,1998,0.6231888049590085,0.6166265350328027,0.6394481556764384,7.631701631701632,6.755735492577598,8.36136136136136,397,1,75,0.5,0.5,0.5,stochastic,stochastic,stochastic,0.01
2169,1531,1925,0.6237840065261231,0.6199907839053249,0.6415132710761119,7.633010603964961,6.684519921619856,8.553246753246754,398,1,75,0.5,0.5,0.5,stochastic,stochastic,stochastic,0.01
2217,1546,1862,0.6241451870417476,0.6213250679086388,0.6440761547069659,7.545331529093369,6.567917205692108,8.48764769065521,399,1,75,0.5,0.5,0.5,stochastic,stochastic,stochastic,0.01
2192,1643,1790,0.6252813481499565,0.622921678315573,0.6454470360607851,7.610857664233577,6.371272063298844,8.607821229050279,400,1,75,0.5,0.5,0.5,stochastic,stochastic,stochastic,0.01
2198,1695,1732,0.6256413601510354,0.6242553208716946,0.6490216672079169,7.592811646951774,6.2737463126843656,8.559468822170901,401,1,75,0.5,0.5,0.5,stochastic,stochastic,stochastic,0.01
2187,1769,1669,0.6250094604484168,0.6245216157627488,0.6521942779396627,7.613168724279835,6.306387789711701,8.503894547633314,402,1,75,0.5,0.5,0.5,stochastic,stochastic,stochastic,0.01
2177,1800,1648,0.6241249608292037,0.6258940879209403,0.6546996791721033,7.713367018833257,6.347777777777778,8.288228155339805,403,1,75,0.5,0.5,0.5,stochastic,stochastic,stochastic,0.01
2137,1854,1634,0.622810735643985,0.6264964238299118,0.6577403381256905,7.879737950397754,6.4347357065803665,8.170134638922889,404,1,75,0.5,0.5,0.5,stochastic,stochastic,stochastic,0.01
2086,1912,1627,0.622209279991725,0.6263706433563397,0.6587077906105591,8.017737296260787,6.558577405857741,8.086662569145666,405,1,75,0.5,0.5,0.5,stochastic,stochastic,stochastic,0.01
2038,1991,1596,0.620765069780763,0.6267301918277869,0.6619111154002697,8.021099116781159,6.571572074334505,7.851503759398496,406,1,75,0.5,0.5,0.5,stochastic,stochastic,stochastic,0.01
2005,1987,1633,0.6192239413512965,0.6272693382985581,0.6635477643419408,8.287281795511221,6.719174635128335,7.640538885486834,407,1,75,0.5,0.5,0.5,stochastic,stochastic,stochastic,0.01
1955,2033,1637,0.618406665871759,0.6281957557882952,0.6650951815858483,8.487468030690538,6.936055090998524,7.723885155772755,408,1,75,0.5,0.5,0.5,stochastic,stochastic,stochastic,0.01
1881,2078,1666,0.6175028580636086,0.6283258517201449,0.664773098854019,8.457735247208932,7.024542829643888,7.49639855942377,409,1,75,0.5,0.5,0.5,stochastic,stochastic,stochastic,0.01
1825,2097,1703,0.6163264295985901,0.6298402159698111,0.6657204136051124,8.463561643835616,7.087267525035766,7.396946564885496,410,1,75,0.5,0.5,0.5,stochastic,stochastic,stochastic,0.01
1760,2099,1766,0.6145724752377502,0.6304076260553823,0.6654934795655401,8.569886363636364,7.230585993330157,7.444507361268403,411,1,75,0.5,0.5,0.5,stochastic,stochastic,stochastic,0.01
1703,2081,1841,0.6131975904137268,0.630385738542071,0.665306875590721,8.551379917792131,7.2734262373858725,7.258011950027159,412,1,75,0.5,0.5,0.5,stochastic,stochastic,stochastic,0.01
1678,2032,1915,0.6118243351228974,0.6303819452486021,0.6647671635030883,8.368295589988081,7.358267716535433,7.160835509138381,413,1,75,0.5,0.5,0.5,stochastic,stochastic,stochastic,0.01
1673,1982,1970,0.6123209866466807,0.6310981482996366,0.6629986854063894,8.210998206814107,7.44954591321897,7.098984771573604,414,1,75,0.5,0.5,0.5,stochastic,stochastic,stochastic,0.01
1633,1965,2027,0.6127472581575693,0.6327908617070964,0.6621731121996618,8.077770973668095,7.427989821882952,7.167735569807597,415,1,75,0.5,0.5,0.5,stochastic,stochastic,stochastic,0.01
1601,1950,2074,0.6119057347423946,0.633936580129606,0.6604249077767671,7.948782011242973,7.528717948717949,7.3018322082931535,416,1,75,0.5,0.5,0.5,stochastic,stochastic,stochastic,0.01
1579,1887,2159,0.6137234285545177,0.6355721608991709,0.6587154191362773,7.93350221659278,7.5241123476417595,7.318666049096804,417,1,75,0.5,0.5,0.5,stochastic,stochastic,stochastic,0.01
1590,1859,2176,0.6153504545848856,0.6372835233191584,0.656097991556332,7.720125786163522,7.7089833243679395,7.470128676470588,418,1,75,0.5,0.5,0.5,stochastic,stochastic,stochastic,0.01
1618,1805,2202,0.6156359692483065,0.6383627604286984,0.6541661509347354,7.702101359703337,7.740720221606648,7.53496821071753,419,1,75,0.5,0.5,0.5,stochastic,stochastic,stochastic,0.01
1645,1768,2212,0.6175502452707461,0.6396629707804791,0.6533947566885226,7.593920972644377,7.791855203619909,7.635623869801085,420,1,75,0.5,0.5,0.5,stochastic,stochastic,stochastic,0.01
1679,1672,2274,0.6196518444207676,0.6428555097119311,0.65137418650467,7.639666468135795,7.752392344497608,7.587950747581354,421,1,75,0.5,0.5,0.5,stochastic,stochastic,stochastic,0.01
1736,1589,2300,0.6210355479422393,0.6457970198396364,0.648554215198842,7.667050691244239,7.771554436752675,7.685217391304348,422,1,75,0.5,0.5,0.5,stochastic,stochastic,stochastic,0.01
1795,1560,2270,0.6233680140906538,0.647691579673548,0.6467763668899437,7.556545961002786,7.802564102564102,7.909691629955947,423,1,75,0.5,0.5,0.5,stochastic,stochastic,stochastic,0.01
1845,1520,2260,0.625175027058899,0.6491783702815076,0.6453250786491397,7.416260162601626,7.541447368421053,7.950884955752213,424,1,75,0.5,0.5,0.5,stochastic,stochastic,stochastic,0.01
1898,1476,2251,0.6275742890209389,0.6505071991494865,0.6453167189799616,7.374077976817703,7.3468834688346885,8.040870724122613,425,1,75,0.5,0.5,0.5,stochastic,stochastic,stochastic,0.01
1979,1465,2181,0.6286117972620562,0.6532834735154557,0.6459930214537567,7.1899949469429005,7.146075085324232,8.112333791838607,426,1,75,0.5,0.5,0.5,stochastic,stochastic,stochastic,0.01
2020,1454,2151,0.6321179780244816,0.6560401625992558,0.6463378936799611,7.244059405940594,7.030261348005502,8.187354718735472,427,1,75,0.5,0.5,0.5,stochastic,stochastic,stochastic,0.01
2078,1467,2080,0.6330693531041057,0.6565576803391548,0.648375509226089,7.311357074109721,6.855487389229721,8.367307692307692,428,1,75,0.5,0.5,0.5,stochastic,stochastic,stochastic,0.01
2121,1485,2019,0.6340400143468677,0.657127014595035,0.6482310067400905,7.305044790193305,6.717845117845118,8.46755819712729,429,1,75,0.5,0.5,0.5,stochastic,stochastic,stochastic,0.01
2200,1465,1960,0.6353529994225211,0.6558067181940742,0.6493728048112146,7.233636363636363,6.596587030716724,8.535714285714286,430,1,75,0.5,0.5,0.5,stochastic,stochastic,stochastic,0.01
2219,1520,1886,0.6353792681843127,0.656171996347297,0.6521293960900226,7.220369535826949,6.481578947368421,8.62354188759279,431,1,75,0.5,0.5,0.5,stochastic,stochastic,stochastic,0.01
2267,1540,1818,0.6371486449279441,0.6561029149859179,0.6547988894389045,7.25540361711513,6.497402597402598,8.546204620462046,432,1,75,0.5,0.5,0.5,stochastic,stochastic,stochastic,0.01
2299,1557,1769,0.6363361756119887,0.6540863059454932,0.6563432811837324,7.323183993040453,6.49004495825305,8.505370265686828,433,1,75,0.5,0.5,0.5,stochastic,stochastic,stochastic,0.01
2336,1576,1713,0.6362579465391212,0.6530889123308133,0.6611843450307786,7.404537671232877,6.4543147208121825,8.390542907180386,434,1,75,0.5,0.5,0.5,stochastic,stochastic,stochastic,0.01
2311,1616,1698,0.6360735762604065,0.6534370706207472,0.6662344697348874,7.654262224145391,6.417079207920792,8.332744405182568,435,1,75,0.5,0.5,0.5,stochastic,stochastic,stochastic,0.01
2283,1679,1663,0.6349262780430307,0.652285318569362,0.6684057901884983,7.838808585194919,6.46396664681358,8.346963319302466,436,1,75,0.5,0.5,0.5,stochastic,stochastic,stochastic,0.01
2273,1738,1614,0.6336581047547578,0.6513133944826457,0.6707345542764576,8.089749230092389,6.558112773302646,8.484510532837671,437,1,75,0.5,0.5,0.5,stochastic,stochastic,stochastic,0.01
2187,1773,1665,0.632630352006256,0.6493184332053297,0.6740072202745251,8.342021033379059,6.458544839255499,8.299099099099099,438,1,75,0.5,0.5,0.5,stochastic,stochastic,stochastic,0.01
2148,1795,1682,0.6305608428462744,0.6491759160356871,0.6774728628746918,8.54143389199255,6.4278551532033426,8.045184304399525,439,1,75,0.5,0.5,0.5,stochastic,stochastic,stochastic,0.01
2099,1830,1696,0.6301252488404042,0.6490207978331701,0.6816514546105329,8.711291090995712,6.527868852459016,7.897995283018868,440,1,75,0.5,0.5,0.5,stochastic,stochastic,stochastic,0.01
2089,1836,1700,0.6291187008949152,0.6489114389199868,0.6824765370596984,8.90473910962183,6.728213507625273,7.837058823529412,441,1,75,0.5,0.5,0.5,stochastic,stochastic,stochastic,0.01
2015,1871,1739,0.6284785349371,0.6468953420689809,0.6835164449011563,9.222332506203474,6.818278995189738,7.8384128809660725,442,1,75,0.5,0.5,0.5,stochastic,stochastic,stochastic,0.01
1946,1935,1744,0.6276202808283963,0.6460757107579002,0.6836344167953183,9.304727646454266,6.777777777777778,7.728211009174312,443,1,75,0.5,0.5,0.5,stochastic,stochastic,stochastic,0.01
1911,1929,1785,0.6252805969500843,0.6456165922319521,0.6837553674770206,9.215593929879644,6.8030067392431315,7.710924369747899,444,1,75,0.5,0.5,0.5,stochastic,stochastic,stochastic,0.01
1886,1934,1805,0.6238484728285568,0.6440866409087643,0.6842863125308023,9.167550371155885,6.776111685625646,7.570083102493075,445,1,75,0.5,0.5,0.5,stochastic,stochastic,stochastic,0.01
1884,1926,1815,0.6228584343971002,0.642338568051592,0.6857375063950442,9.130573248407643,6.879543094496365,7.56694214876033,446,1,75,0.5,0.5,0.5,stochastic,stochastic,stochastic,0.01
1898,1899,1828,0.6229414585474436,0.6408889765927674,0.685807459736563,9.024762908324552,7.052132701421801,7.37199124726477,447,1,75,0.5,0.5,0.5,stochastic,stochastic,stochastic,0.01
1922,1875,1828,0.6237829832945067,0.6404573235135125,0.6845987489191192,8.710718002081165,7.114133333333333,7.3539387308533914,448,1,75,0.5,0.5,0.5,stochastic,stochastic,stochastic,0.01
1921,1908,1796,0.6253793282029331,0.6387919394713228,0.6848771324937388,8.401874023945862,7.10377358490566,7.317928730512249,449,1,75,0.5,0.5,0.5,stochastic,stochastic,stochastic,0.01
1945,1915,1765,0.6274923224815231,0.6387193886165705,0.6850428644054036,8.176863753213368,7.259530026109661,7.402832861189801,450,1,75,0.5,0.5,0.5,stochastic,stochastic,stochastic,0.01
1959,1921,1745,0.6282887968359815,0.6404648906828292,0.6851515785908979,8.090862685043389,7.264445601249349,7.3191977077363894,451,1,75,0.5,0.5,0.5,stochastic,stochastic,stochastic,0.01
1983,1896,1746,0.6273020260160731,0.6386972313763001,0.6871839126746508,8.094301563287948,7.4298523206751055,7.190721649484536,452,1,75,0.5,0.5,0.5,stochastic,stochastic,stochastic,0.01
1960,1880,1785,0.6276272091510714,0.638369085967656,0.6873527398512411,8.170408163265305,7.559574468085106,7.115966386554621,453,1,75,0.5,0.5,0.5,stochastic,stochastic,stochastic,0.01
1951,1839,1835,0.6276913658798053,0.6393644758701138,0.6897946247071692,8.226037929267042,7.538879825992387,7.03542234332425,454,1,75,0.5,0.5,0.5,stochastic,stochastic,stochastic,0.01
1930,1820,1875,0.6288157503807894,0.640236698314427,0.690937190561492,8.108290155440415,7.414285714285715,6.909866666666667,455,1,75,0.5,0.5,0.5,stochastic,stochastic,stochastic,0.01
1972,1762,1891,0.6291384715639736,0.6424218734707815,0.691901340678723,8.030425963488844,7.348467650397276,6.810153358011634,456,1,75,0.5,0.5,0.5,stochastic,stochastic,stochastic,0.01
1923,1786,1916,0.6305250894129036,0.6443431908073353,0.6917801890028397,8.088403536141445,7.189809630459126,6.838204592901879,457,1,75,0.5,0.5,0.5,stochastic,stochastic,stochastic,0.01
1880,1779,1966,0.6316112916564257,0.6486966844804938,0.6927101494250723,8.068085106382979,6.982012366498033,6.801119023397762,458,1,75,0.5,0.5,0.5,stochastic,stochastic,stochastic,0.01
1861,1792,1972,0.6329249081316265,0.6491372527133304,0.6920728087309233,7.91886082751209,6.897879464285714,6.885395537525355,459,1,75,0.5,0.5,0.5,stochastic,stochastic,stochastic,0.01
1870,1767,1988,0.635635151522023,0.6527834111177749,0.6933911495998775,7.806417112299465,6.877758913412563,6.894869215291751,460,1,75,0.5,0.5,0.5,stochastic,stochastic,stochastic,0.01
1870,1704,2051,0.6368997496569442,0.6572725483722228,0.6955546962366291,7.786096256684492,6.846244131455399,6.81862506094588,461,1,75,0.5,0.5,0.5,stochastic,stochastic,stochastic,0.01
1870,1677,2078,0.6384738810504063,0.6606737697956147,0.6983555620242612,7.672727272727273,6.713178294573644,6.862848893166507,462,1,75,0.5,0.5,0.5,stochastic,stochastic,stochastic,0.01
1906,1657,2062,0.6395103940662331,0.6655949387306151,0.7002136543455588,7.3913955928646375,6.579360289680145,6.803588748787585,463,1,75,0.5,0.5,0.5,stochastic,stochastic,stochastic,0.01
1929,1633,2063,0.6397044184847779,0.6666889878427389,0.7024585382698667,7.399688958009332,6.532149418248622,6.880271449345613,464,1,75,0.5,0.5,0.5,stochastic,stochastic,stochastic,0.01
1969,1583,2073,0.6412801012337931,0.6684080996843633,0.704794721366716,7.329101066531234,6.550221099178774,6.874577906415823,465,1,75,0.5,0.5,0.5,stochastic,stochastic,stochastic,0.01
2026,1558,2041,0.6416751123977739,0.6683317198431453,0.7056509600761376,7.212734452122409,6.599486521181001,6.9813816756491915,466,1,75,0.5,0.5,0.5,stochastic,stochastic,stochastic,0.01
2071,1542,2012,0.6422010927065879,0.6680799795646848,0.7073124512695457,7.165620473201352,6.585603112840467,7.01192842942346,467,1,75,0.5,0.5,0.5,stochastic,stochastic,stochastic,0.01
2106,1529,1990,0.6429900039113174,0.6669114620926747,0.7091755047142788,7.131054131054131,6.41399607586658,6.977386934673367,468,1,75,0.5,0.5,0.5,stochastic,stochastic,stochastic,0.01
2149,1514,1962,0.643172924626298,0.6665837742666022,0.711135151044686,7.053978594695207,6.33883751651255,6.988277268093782,469,1,75,0.5,0.5,0.5,stochastic,stochastic,stochastic,0.01
2188,1514,1923,0.6433694682911067,0.6659458847775956,0.7126047228665449,7.140310786106033,6.364597093791281,7.179927197087883,470,1,75,0.5,0.5,0.5,stochastic,stochastic,stochastic,0.01
2168,1579,1878,0.6439285174650572,0.6660209902958498,0.7117790906157657,7.1706642066420665,6.233692210259658,7.358359957401491,471,1,75,0.5,0.5,0.5,stochastic,stochastic,stochastic,0.01
2183,1617,1825,0.6436336046178078,0.6662738292118936,0.7118567591088157,7.22629409070087,6.249845392702536,7.478356164383562,472,1,75,0.5,0.5,0.5,stochastic,stochastic,stochastic,0.01
2230,1625,1770,0.6433181734187849,0.6659870413566574,0.713622325278375,7.2614349775784754,6.2836923076923075,7.537853107344633,473,1,75,0.5,0.5,0.5,stochastic,stochastic,stochastic,0.01
2220,1694,1711,0.6422942074134222,0.6663990372381103,0.716130961093488,7.295945945945946,6.2272727272727275,7.573348918760958,474,1,75,0.5,0.5,0.5,stochastic,stochastic,stochastic,0.01
2200,1720,1705,0.6411222176780821,0.6683726121083032,0.7194979410378975,7.427272727272728,6.294767441860465,7.4997067448680355,475,1,75,0.5,0.5,0.5,stochastic,stochastic,stochastic,0.01
2194,1762,1669,0.6415160737639859,0.6682642638970006,0.7216788903559336,7.453509571558797,6.382519863791146,7.462552426602756,476,1,75,0.5,0.5,0.5,stochastic,stochastic,stochastic,0.01
2194,1811,1620,0.6394895911142051,0.6681881670885723,0.7239810544960323,7.451686417502279,6.40088348978465,7.396913580246913,477,1,75,0.5,0.5,0.5,stochastic,stochastic,stochastic,0.01
2189,1813,1623,0.6383343007244516,0.6701613758851569,0.7222880468726288,7.5125628140703515,6.4125758411472695,7.153419593345657,478,1,75,0.5,0.5,0.5,stochastic,stochastic,stochastic,0.01
2153,1839,1633,0.6366608265888342,0.6692462005865963,0.7228706675349512,7.585694379934974,6.353996737357259,6.801592161665646,479,1,75,0.5,0.5,0.5,stochastic,stochastic,stochastic,0.01
2143,1808,1674,0.6345411490039689,0.6677638702922449,0.7218501543441879,7.715818945403639,6.375,6.661887694145759,480,1,75,0.5,0.5,0.5,stochastic,stochastic,stochastic,0.01
2095,1841,1689,0.6331882321092162,0.6674291063003066,0.721413170811429,7.776610978520287,6.278652906029332,6.613380698638247,481,1,75,0.5,0.5,0.5,stochastic,stochastic,stochastic,0.01
2054,1844,1727,0.6330513353712718,0.6683468758269724,0.7192956050261428,7.997078870496592,6.309652928416486,6.651418645049218,482,1,75,0.5,0.5,0.5,stochastic,stochastic,stochastic,0.01
2030,1859,1736,0.6337872404569833,0.6657808583528592,0.7164833617496004,8.064532019704433,6.3076923076923075,6.68778801843318,483,1,75,0.5,0.5,0.5,stochastic,stochastic,stochastic,0.01
1974,1915,1736,0.6352466434153542,0.6660616576214118,0.715636363756479,7.9614994934143875,6.248563968668408,6.772465437788019,484,1,75,0.5,0.5,0.5,stochastic,stochastic,stochastic,0.01
1934,1977,1714,0.6368372758132939,0.667168208735666,0.711986445374572,7.841778697001034,6.321699544764795,6.828471411901984,485,1,75,0.5,0.5,0.5,stochastic,stochastic,stochastic,0.01
1843,2029,1753,0.6371385896974374,0.6680957869483396,0.7096804087002462,7.879544221378188,6.278462296697881,6.828864803194524,486,1,75,0.5,0.5,0.5,stochastic,stochastic,stochastic,0.01
1742,2077,1806,0.6387406024993899,0.6661444992182555,0.7099583715285497,7.760619977037887,6.214251324025036,6.838870431893688,487,1,75,0.5,0.5,0.5,stochastic,stochastic,stochastic,0.01
1741,2063,1821,0.6385135629271312,0.6665301251221314,0.709411406171791,7.376794945433659,6.245758603974794,6.7111477210323995,488,1,75,0.5,0.5,0.5,stochastic,stochastic,stochastic,0.01
1746,2046,1833,0.6388851138272117,0.6661829275275547,0.709519705882631,7.260595647193585,6.459921798631476,6.6072013093289685,489,1,75,0.5,0.5,0.5,stochastic,stochastic,stochastic,0.01
1693,2046,1886,0.6418183144662537,0.6661340847468755,0.7097254346906272,7.167749556999409,6.5337243401759535,6.547720042417816,490,1,75,0.5,0.5,0.5,stochastic,stochastic,stochastic,0.01
1706,2006,1913,0.6452954569280519,0.666884116105394,0.7133668336724529,7.011723329425557,6.635593220338983,6.447987454260324,491,1,75,0.5,0.5,0.5,stochastic,stochastic,stochastic,0.01
1698,1937,1990,0.6497445475458251,0.6650309122780195,0.7142325228142066,6.797997644287397,6.699019101703666,6.371859296482412,492,1,75,0.5,0.5,0.5,stochastic,stochastic,stochastic,0.01
1701,1899,2025,0.654062450351804,0.665156846959669,0.7163290889403747,6.659024103468548,6.789889415481833,6.398518518518519,493,1,75,0.5,0.5,0.5,stochastic,stochastic,stochastic,0.01
1709,1838,2078,0.6570169617520888,0.6666775483524955,0.7191218766490043,6.480397893504974,6.76550598476605,6.396535129932627,494,1,75,0.5,0.5,0.5,stochastic,stochastic,stochastic,0.01
1740,1797,2088,0.6566176571764606,0.6677416410271108,0.7186513540875139,6.264942528735633,6.771285475792988,6.3453065134099615,495,1,75,0.5,0.5,0.5,stochastic,stochastic,stochastic,0.01
1795,1720,2110,0.6564886437409785,0.666971569650916,0.7194581315674022,6.285236768802228,6.825581395348837,6.392890995260664,496,1,75,0.5,0.5,0.5,stochastic,stochastic,stochastic,0.01
1838,1672,2115,0.6588163582342154,0.6694583353278049,0.7195845751723644,6.218715995647443,6.77811004784689,6.546099290780142,497,1,75,0.5,0.5,0.5,stochastic,stochastic,stochastic,0.01
1873,1613,2139,0.6605631106362595,0.6740743933484705,0.7194177214294445,6.293112653497063,6.723496590204587,6.634408602150538,498,1,75,0.5,0.5,0.5,stochastic,stochastic,stochastic,0.01
1911,1608,2106,0.6603052845186674,0.678183553872958,0.7215667666136228,6.307169021454736,6.692164179104478,6.795821462488129,499,1,75,0.5,0.5,0.5,stochastic,stochastic,stochastic,0.01
1960,1551,2114,0.6613378622648465,0.682398226485221,0.7259824729809047,6.333673469387755,6.570599613152805,6.8240302743614,500,1,75,0.5,0.5,0.5,stochastic,stochastic,stochastic,0.01
1975,1541,2109,0.6616061028246698,0.6841025843052355,0.7291167780012126,6.448607594936709,6.3595068137573,6.899478425794215,501,1,75,0.5,0.5,0.5,stochastic,stochastic,stochastic,0.01
2017,1545,2063,0.6625337620168095,0.6848875055576312,0.7315925836589463,6.35399107585523,6.180582524271845,6.987396994667959,502,1,75,0.5,0.5,0.5,stochastic,stochastic,stochastic,0.01
2019,1548,2058,0.661703520598029,0.6856224932332462,0.7358152152585353,6.3382862803368,5.906330749354005,7.02089407191448,503,1,75,0.5,0.5,0.5,stochastic,stochastic,stochastic,0.01
2023,1597,2005,0.6624371867067461,0.6843242384464779,0.7373819449848844,6.371230845279288,5.82780212899186,7.190523690773067,504,1,75,0.5,0.5,0.5,stochastic,stochastic,stochastic,0.01
2066,1624,1935,0.6633202728128648,0.6840567782729587,0.7374436866668197,6.439012584704743,5.875615763546798,7.338501291989664,505,1,75,0.5,0.5,0.5,stochastic,stochastic,stochastic,0.01
2092,1665,1868,0.6636106646600427,0.6840130187753183,0.7391383416707576,6.445984703632887,5.857057057057057,7.507494646680942,506,1,75,0.5,0.5,0.5,stochastic,stochastic,stochastic,0.01
2073,1725,1827,0.6631410917979333,0.6839162632587233,0.7410197804294008,6.472744814278823,5.9165217391304346,7.476190476190476,507,1,75,0.5,0.5,0.5,stochastic,stochastic,stochastic,0.01
2069,1740,1816,0.6626570506812844,0.6823774658440612,0.7422728680808102,6.545674238762687,5.848275862068966,7.403083700440528,508,1,75,0.5,0.5,0.5,stochastic,stochastic,stochastic,0.01
2073,1762,1790,0.6624758346003231,0.6831374549973396,0.7438390318317342,6.630969609261939,5.942678774120318,7.388826815642458,509,1,75,0.5,0.5,0.5,stochastic,stochastic,stochastic,0.01
2094,1768,1763,0.6620053349930246,0.6831997640685026,0.7454462176630201,6.74116523400191,6.010180995475113,7.3057288712422,510,1,75,0.5,0.5,0.5,stochastic,stochastic,stochastic,0.01
2093,1772,1760,0.6610828114987387,0.6827847212736365,0.7440493463119183,6.754419493549928,6.1512415349887135,7.234659090909091,511,1,75,0.5,0.5,0.5,stochastic,stochastic,stochastic,0.01
2105,1741,1779,0.6616006969530354,0.6833877560721392,0.7444850023675059,6.8460807600950115,6.254451464675474,7.167509836987072,512,1,75,0.5,0.5,0.5,stochastic,stochastic,stochastic,0.01
2111,1736,1778,0.6616166274627013,0.6842733868601556,0.7441988508400142,6.9275225011842725,6.213709677419355,6.97244094488189,513,1,75,0.5,0.5,0.5,stochastic,stochastic,stochastic,0.01
2113,1697,1815,0.6620499534357757,0.6848497924547642,0.742677036631641,7.130619971604354,6.389510901591043,6.824242424242424,514,1,75,0.5,0.5,0.5,stochastic,stochastic,stochastic,0.01
2133,1678,1814,0.661572457661532,0.6861953281571437,0.742853529409766,7.212845757149554,6.373063170441001,6.713340683572216,515,1,75,0.5,0.5,0.5,stochastic,stochastic,stochastic,0.01
2159,1660,1806,0.6621613868153099,0.6852669021935425,0.7401944665482796,7.258916164891153,6.43855421686747,6.64562569213732,516,1,75,0.5,0.5,0.5,stochastic,stochastic,stochastic,0.01
2142,1675,1808,0.6631743181675,0.6880337219466531,0.7389427081073352,7.321661998132586,6.361791044776119,6.6222345132743365,517,1,75,0.5,0.5,0.5,stochastic,stochastic,stochastic,0.01
2139,1688,1798,0.6620605232153288,0.6882498679147265,0.7383572445157502,7.318373071528752,6.354265402843602,6.640155728587319,518,1,75,0.5,0.5,0.5,stochastic,stochastic,stochastic,0.01
2110,1702,1813,0.664325711230084,0.6882157644881884,0.740918665010781,7.424644549763033,6.198002350176263,6.502482073910645,519,1,75,0.5,0.5,0.5,stochastic,stochastic,stochastic,0.01
2060,1728,1837,0.6658396071839975,0.6875230976063073,0.7404654742766208,7.523300970873787,6.092013888888889,6.530212302667392,520,1,75,0.5,0.5,0.5,stochastic,stochastic,stochastic,0.01
2035,1737,1853,0.6665720577747435,0.6867975816067518,0.7434261937366019,7.63980343980344,6.179620034542315,6.645979492714517,521,1,75,0.5,0.5,0.5,stochastic,stochastic,stochastic,0.01
1989,1793,1843,0.6692883058253358,0.6863479596928846,0.7423848260293141,7.5942684766214175,6.157278304517568,6.666304937601736,522,1,75,0.5,0.5,0.5,stochastic,stochastic,stochastic,0.01
1935,1851,1839,0.6705030704189162,0.6854463268744637,0.743295638544244,7.56795865633075,6.237709346299297,6.842849374660141,523,1,75,0.5,0.5,0.5,stochastic,stochastic,stochastic,0.01
1938,1849,1838,0.6722343878599083,0.6866728849294277,0.7433777843889747,7.356037151702786,6.331530557057869,6.849836779107726,524,1,75,0.5,0.5,0.5,stochastic,stochastic,stochastic,0.01
1944,1839,1842,0.6741521145017096,0.6878618002199367,0.7442066294806864,7.301954732510288,6.318651441000544,6.851248642779588,525,1,75,0.5,0.5,0.5,stochastic,stochastic,stochastic,0.01
1946,1850,1829,0.6760441830505288,0.6892713335468365,0.7434137709460747,7.190133607399795,6.418918918918919,6.934937124111537,526,1,75,0.5,0.5,0.5,stochastic,stochastic,stochastic,0.01
1964,1858,1803,0.6762903347567939,0.6911608692885614,0.7445306639498503,7.10030549898167,6.57427341227126,6.993344425956739,527,1,75,0.5,0.5,0.5,stochastic,stochastic,stochastic,0.01
1934,1885,1806,0.6771763775781308,0.6944619700177035,0.744361550273099,7.080661840744571,6.56763925729443,6.998338870431894,528,1,75,0.5,0.5,0.5,stochastic,stochastic,stochastic,0.01
1915,1874,1836,0.6788941834131303,0.697221169262479,0.7445663712068644,6.972845953002611,6.5373532550693705,6.886710239651416,529,1,75,0.5,0.5,0.5,stochastic,stochastic,stochastic,0.01
1921,1851,1853,0.6788562629362215,0.7001016690742279,0.7470249516195336,6.9297241020301925,6.64559697460832,6.875337290879655,530,1,75,0.5,0.5,0.5,stochastic,stochastic,stochastic,0.01
1938,1820,1867,0.6804614633798142,0.704408826483592,0.7468510153348796,6.96078431372549,6.748351648351648,6.8275307980717725,531,1,75,0.5,0.5,0.5,stochastic,stochastic,stochastic,0.01
2005,1802,1818,0.6827431630961931,0.7068848965944037,0.747827134968278,7.000498753117207,6.90566037735849,6.86963696369637,532,1,75,0.5,0.5,0.5,stochastic,stochastic,stochastic,0.01
2022,1748,1855,0.6837889349123222,0.7077155233593417,0.7506679187430882,7.025717111770525,6.799771167048055,6.635040431266846,533,1,75,0.5,0.5,0.5,stochastic,stochastic,stochastic,0.01
2083,1703,1839,0.6853987127916941,0.7092371060693929,0.7520880636981977,7.0326452232357175,6.804462712859659,6.534529635671561,534,1,75,0.5,0.5,0.5,stochastic,stochastic,stochastic,0.01
2090,1700,1835,0.6858593209645392,0.7111037872567489,0.7563172970747277,7.101435406698565,6.618823529411765,6.425613079019073,535,1,75,0.5,0.5,0.5,stochastic,stochastic,stochastic,0.01
2076,1684,1865,0.6854000169952965,0.7112509671036253,0.7593436845014886,7.183526011560693,6.5,6.387131367292225,536,1,75,0.5,0.5,0.5,stochastic,stochastic,stochastic,0.01
2068,1668,1889,0.6854387345170406,0.7121444911792155,0.7592982081252225,7.27852998065764,6.3261390887290165,6.351508734780307,537,1,75,0.5,0.5,0.5,stochastic,stochastic,stochastic,0.01
2055,1658,1912,0.6862312673146361,0.7135679202783191,0.7608399814193787,7.327493917274939,6.196622436670688,6.458158995815899,538,1,75,0.5,0.5,0.5,stochastic,stochastic,stochastic,0.01
2066,1595,1964,0.6857010998343335,0.7152101014704876,0.762068171462665,7.498063891577928,6.3090909090909095,6.482179226069246,539,1,75,0.5,0.5,0.5,stochastic,stochastic,stochastic,0.01
2054,1564,2007,0.68434369923183,0.7160692980738314,0.7626301559480635,7.699610516066212,6.283248081841432,6.623318385650224,540,1,75,0.5,0.5,0.5,stochastic,stochastic,stochastic,0.01
2066,1565,1994,0.684453082431095,0.7180558959437854,0.7623715706491528,7.810745401742498,6.2255591054313095,6.724674022066199,541,1,75,0.5,0.5,0.5,stochastic,stochastic,stochastic,0.01
2101,1558,1966,0.6832850096074403,0.719347713753864,0.7634045062594713,7.831984769157544,6.2779204107830555,6.859104781281791,542,1,75,0.5,0.5,0.5,stochastic,stochastic,stochastic,0.01
2112,1540,1973,0.6839604741927608,0.7204034159260179,0.7644257222881421,7.87405303030303,6.248051948051948,6.957932083122149,543,1,75,0.5,0.5,0.5,stochastic,stochastic,stochastic,0.01
2105,1547,1973,0.682737677929945,0.7223365676814476,0.7663168294861127,7.909738717339668,6.0277957336780865,7.066903193106944,544,1,75,0.5,0.5,0.5,stochastic,stochastic,stochastic,0.01
2062,1616,1947,0.6849516901699212,0.7256984737890878,0.7654630258221895,7.867119301648884,5.8638613861386135,7.228043143297381,545,1,75,0.5,0.5,0.5,stochastic,stochastic,stochastic,0.01
2057,1660,1908,0.6843059249691803,0.7265949168794424,0.7648093323879159,7.73407875546913,5.791566265060241,7.340146750524109,546,1,75,0.5,0.5,0.5,stochastic,stochastic,stochastic,0.01
2046,1700,1879,0.6851773352194589,0.7261927937818189,0.767181713751893,7.661290322580645,5.7552941176470584,7.409792442788717,547,1,75,0.5,0.5,0.5,stochastic,stochastic,stochastic,0.01
2044,1733,1848,0.6862131184817789,0.7267256151429956,0.7671778015083331,7.596868884540117,5.867282169648009,7.561688311688312,548,1,75,0.5,0.5,0.5,stochastic,stochastic,stochastic,0.01
2045,1773,1807,0.6858373999699173,0.7276506438071753,0.7698251888930107,7.420537897310513,5.874788494077834,7.522966242390702,549,1,75,0.5,0.5,0.5,stochastic,stochastic,stochastic,0.01
2065,1785,1775,0.6849154988623788,0.7265522194209827,0.7699711053275403,7.3825665859564165,5.929411764705883,7.436056338028169,550,1,75,0.5,0.5,0.5,stochastic,stochastic,stochastic,0.01
2060,1826,1739,0.684787182001568,0.7261462776683587,0.7696768970786286,7.27621359223301,6.019167579408543,7.345600920069005,551,1,75,0.5,0.5,0.5,stochastic,stochastic,stochastic,0.01
2023,1855,1747,0.6847782506741864,0.7260211010491907,0.7707000299016808,7.307464162135442,6.077628032345014,7.333142530051517,552,1,75,0.5,0.5,0.5,stochastic,stochastic,stochastic,0.01
1973,1911,1741,0.6840361555410325,0.7297029873998436,0.7708654187582586,7.197161682716676,6.096807953950811,7.203905801263642,553,1,75,0.5,0.5,0.5,stochastic,stochastic,stochastic,0.01
1973,1886,1766,0.6829459093934647,0.7299979556030789,0.7717351229586629,7.219969589457679,6.228525980911983,6.925821064552661,554,1,75,0.5,0.5,0.5,stochastic,stochastic,stochastic,0.01
1906,1866,1853,0.683262767069507,0.7301735507858316,0.7731049286879501,7.2371458551941235,6.14898177920686,6.617377226119806,555,1,75,0.5,0.5,0.5,stochastic,stochastic,stochastic,0.01
1912,1843,1870,0.6839587996530886,0.7320257786057256,0.7722596438922164,7.213912133891213,6.249050461204558,6.5540106951871655,556,1,75,0.5,0.5,0.5,stochastic,stochastic,stochastic,0.01
1901,1801,1923,0.6860343515329311,0.7327996787931008,0.7727652781166713,7.153077327722252,6.228761799000555,6.477379095163807,557,1,75,0.5,0.5,0.5,stochastic,stochastic,stochastic,0.01
1916,1806,1903,0.6869436413588709,0.7325377213584596,0.7716240151609468,6.974425887265136,6.3172757475083055,6.506043089858119,558,1,75,0.5,0.5,0.5,stochastic,stochastic,stochastic,0.01
1948,1786,1891,0.6890743592566252,0.7335669056263401,0.7729939875870697,6.857289527720739,6.387458006718925,6.451612903225806,559,1,75,0.5,0.5,0.5,stochastic,stochastic,stochastic,0.01
1945,1770,1910,0.6920545394950988,0.7338799164549279,0.7726752770447306,6.739331619537275,6.31638418079096,6.318324607329843,560,1,75,0.5,0.5,0.5,stochastic,stochastic,stochastic,0.01
1938,1786,1901,0.6919857896887686,0.7353797448959597,0.772451641029064,6.680598555211558,6.2793952967525195,6.367701209889532,561,1,75,0.5,0.5,0.5,stochastic,stochastic,stochastic,0.01
1910,1797,1918,0.6941709142729726,0.7348324159246523,0.7734122513175666,6.765445026178011,6.3149693934335005,6.515641293013556,562,1,75,0.5,0.5,0.5,stochastic,stochastic,stochastic,0.01
1914,1728,1983,0.6971568966977832,0.7368125046263393,0.7730225071997971,6.8808777429467085,6.236689814814815,6.409984871406959,563,1,75,0.5,0.5,0.5,stochastic,stochastic,stochastic,0.01
1896,1733,1996,0.6980225207648424,0.7363675750959106,0.7725406052200423,6.927742616033755,6.1777264858626655,6.544088176352705,564,1,75,0.5,0.5,0.5,stochastic,stochastic,stochastic,0.01
1884,1702,2039,0.6984604799880849,0.7382453862044731,0.774795909294392,6.939490445859873,6.129259694477086,6.509563511525258,565,1,75,0.5,0.5,0.5,stochastic,stochastic,stochastic,0.01
1896,1666,2063,0.6992194559952307,0.7351307937738373,0.7789937212519328,6.8275316455696204,6.172869147659064,6.499272903538536,566,1,75,0.5,0.5,0.5,stochastic,stochastic,stochastic,0.01
1876,1678,2071,0.6973844467149153,0.7368961715538586,0.7837763183156077,6.9445628997867805,6.205005959475566,6.764847899565427,567,1,75,0.5,0.5,0.5,stochastic,stochastic,stochastic,0.01
1842,1699,2084,0.6971004735813146,0.7356084668961305,0.7871427232389864,7.03257328990228,6.143613890523838,6.8963531669865645,568,1,75,0.5,0.5,0.5,stochastic,stochastic,stochastic,0.01
1852,1688,2085,0.6969377869954684,0.7351520344602193,0.7895413423115025,7.052375809935205,6.191943127962086,7.084892086330935,569,1,75,0.5,0.5,0.5,stochastic,stochastic,stochastic,0.01
1812,1692,2121,0.6984364770793834,0.7346775223586213,0.7920953934679171,7.0987858719646795,6.039598108747045,7.093352192362094,570,1,75,0.5,0.5,0.5,stochastic,stochastic,stochastic,0.01
1809,1696,2120,0.6989316009077712,0.7331800775194702,0.7920400559957074,6.9126589275843005,5.9799528301886795,7.0726415094339625,571,1,75,0.5,0.5,0.5,stochastic,stochastic,stochastic,0.01
1828,1702,2095,0.6983426741080888,0.7335751828921335,0.7952256465397014,6.806345733041575,5.942420681551116,7.156085918854416,572,1,75,0.5,0.5,0.5,stochastic,stochastic,stochastic,0.01
1839,1712,2074,0.6991325302640483,0.7314420215657066,0.7957871237106601,6.715606307775965,5.926985981308412,7.215043394406943,573,1,75,0.5,0.5,0.5,stochastic,stochastic,stochastic,0.01
1836,1721,2068,0.7010044932174782,0.7295989752358395,0.7948441731360669,6.7064270152505445,6.017431725740848,7.292553191489362,574,1,75,0.5,0.5,0.5,stochastic,stochastic,stochastic,0.01
1850,1737,2038,0.6999836661681572,0.7302722646447122,0.7962224442788968,6.526486486486487,6.010938399539436,7.357212953876349,575,1,75,0.5,0.5,0.5,stochastic,stochastic,stochastic,0.01
1852,1726,2047,0.6989671317677294,0.729821840655317,0.7967354853118899,6.5,5.9791425260718425,7.19980459208598,576,1,75,0.5,0.5,0.5,stochastic,stochastic,stochastic,0.01
1832,1752,2041,0.7011392034799724,0.7325999912990443,0.7969336561466533,6.359170305676856,5.863013698630137,7.248897599216071,577,1,75,0.5,0.5,0.5,stochastic,stochastic,stochastic,0.01
1825,1734,2066,0.7012733789904052,0.7356038065628737,0.797823733890255,6.278904109589041,5.8321799307958475,7.106001936108422,578,1,75,0.5,0.5,0.5,stochastic,stochastic,stochastic,0.01
1795,1733,2097,0.7013938793995372,0.736680528102675,0.8016370682900448,6.233426183844011,5.734564339296019,7.06342393896042,579,1,75,0.5,0.5,0.5,stochastic,stochastic,stochastic,0.01
1799,1707,2119,0.7016157863118088,0.7378594556952458,0.8039802021859388,6.167315175097277,5.676625659050966,6.986314299197735,580,1,75,0.5,0.5,0.5,stochastic,stochastic,stochastic,0.01
1782,1716,2127,0.6989827780057675,0.7389593061811497,0.8082430265974524,6.140852974186307,5.677738927738928,7.044663845792195,581,1,75,0.5,0.5,0.5,stochastic,stochastic,stochastic,0.01
1827,1658,2140,0.6986663475464173,0.7375105973396541,0.8092817450508226,6.135741652983032,5.77503015681544,6.974299065420561,582,1,75,0.5,0.5,0.5,stochastic,stochastic,stochastic,0.01
1826,1664,2135,0.6991354571544987,0.7380577209999141,0.8125145775380918,6.096933187294633,5.733173076923077,6.936299765807963,583,1,75,0.5,0.5,0.5,stochastic,stochastic,stochastic,0.01
1857,1625,2143,0.6961678320621856,0.7392472763605266,0.8125564154322719,6.091545503500269,5.769230769230769,6.915072328511433,584,1,75,0.5,0.5,0.5,stochastic,stochastic,stochastic,0.01
1961,1582,2082,0.6960310696001751,0.738320203787979,0.8142143495878921,5.885262621111678,5.830594184576485,6.814121037463977,585,1,75,0.5,0.5,0.5,stochastic,stochastic,stochastic,0.01
2018,1557,2050,0.6975522943948608,0.7381423172894995,0.8132813539430684,6.026263627353815,5.896596017983301,6.950731707317074,586,1,75,0.5,0.5,0.5,stochastic,stochastic,stochastic,0.01
2076,1541,2008,0.6985461895041527,0.7387778496039703,0.8128075539959108,6.15606936416185,5.962362102530824,7.03784860557769,587,1,75,0.5,0.5,0.5,stochastic,stochastic,stochastic,0.01
2156,1478,1991,0.6982290994140582,0.7388840332980292,0.8119692576293547,6.224953617810761,5.941136671177267,6.865896534404822,588,1,75,0.5,0.5,0.5,stochastic,stochastic,stochastic,0.01
2220,1437,1968,0.7006008803492666,0.7376591643207305,0.8074400234619502,6.382432432432433,5.955462769659012,6.804369918699187,589,1,75,0.5,0.5,0.5,stochastic,stochastic,stochastic,0.01
2286,1411,1928,0.7031551913428541,0.7380758665837326,0.8100259913620145,6.438757655293088,5.891566265060241,6.688278008298755,590,1,75,0.5,0.5,0.5,stochastic,stochastic,stochastic,0.01
2344,1403,1878,0.7060716052680743,0.7386934602264432,0.8083107957059429,6.507679180887372,5.781895937277263,6.6501597444089455,591,1,75,0.5,0.5,0.5,stochastic,stochastic,stochastic,0.01
2404,1391,1830,0.707373644135805,0.7392391792439279,0.8081064082875783,6.664309484193011,5.7203450754852625,6.565027322404371,592,1,75,0.5,0.5,0.5,stochastic,stochastic,stochastic,0.01
2481,1386,1758,0.7078475703301043,0.7384797794889931,0.8119160598701886,6.782748891575977,5.7063492063492065,6.4300341296928325,593,1,75,0.5,0.5,0.5,stochastic,stochastic,stochastic,0.01
2536,1352,1737,0.7090642403653254,0.7361618488355833,0.8110828914254093,6.829652996845426,5.511094674556213,6.233160621761658,594,1,75,0.5,0.5,0.5,stochastic,stochastic,stochastic,0.01
2549,1394,1682,0.7083732508037441,0.735413191370378,0.8123276168169097,7.089446841898784,5.366571018651363,6.29667063020214,595,1,75,0.5,0.5,0.5,stochastic,stochastic,stochastic,0.01
2528,1493,1604,0.7091699790709557,0.7360841439049498,0.8161939450702562,7.2638449367088604,5.168117883456128,6.38715710723192,596,1,75,0.5,0.5,0.5,stochastic,stochastic,stochastic,0.01
2443,1612,1570,0.7090039825953696,0.7352827812238433,0.8161809561876366,7.446582071223905,4.972084367245658,6.39108280254777,597,1,75,0.5,0.5,0.5,stochastic,stochastic,stochastic,0.01
2338,1717,1570,0.7094474046755039,0.7354275484915493,0.8185201967478406,7.7395209580838324,4.986022131624927,6.486624203821656,598,1,75,0.5,0.5,0.5,stochastic,stochastic,stochastic,0.01
2273,1808,1544,0.7096079009262497,0.7353455033161576,0.8208866011314365,7.861416630004399,4.944137168141593,6.542098445595855,599,1,75,0.5,0.5,0.5,stochastic,stochastic,stochastic,0.01
2271,1864,1490,0.710207188794542,0.7342954333335003,0.8232011271889703,7.741963892558345,5.016094420600858,6.360402684563758,600,1,75,0.5,0.5,0.5,stochastic,stochastic,stochastic,0.01
2201,1949,1475,0.7119756710087793,0.735149802373173,0.8229349696403413,7.730577010449796,5.16213442791175,6.345762711864407,601,1,75,0.5,0.5,0.5,stochastic,stochastic,stochastic,0.01
2142,2052,1431,0.7132902549489024,0.736861859231828,0.8241494683649478,7.686741363211952,5.337719298245614,6.3256464011180995,602,1,75,0.5,0.5,0.5,stochastic,stochastic,stochastic,0.01
2087,2163,1375,0.717470078088361,0.7394271304029756,0.8235347738847256,7.561092477240058,5.471104946833102,6.251636363636363,603,1,75,0.5,0.5,0.5,stochastic,stochastic,stochastic,0.01
2004,2196,1425,0.719647725543357,0.7393957888421825,0.8213145825927736,7.547405189620759,5.692167577413479,5.986666666666666,604,1,75,0.5,0.5,0.5,stochastic,stochastic,stochastic,0.01
1941,2237,1447,0.7243774195715897,0.7425270510488743,0.820489323925325,7.446676970633694,5.9074653553866785,5.865238424326192,605,1,75,0.5,0.5,0.5,stochastic,stochastic,stochastic,0.01
1823,2280,1522,0.7267471698757025,0.7431484549935217,0.8179099572126147,7.470104223806912,6.030263157894737,5.796977660972405,606,1,75,0.5,0.5,0.5,stochastic,stochastic,stochastic,0.01
1725,2288,1612,0.7306260974608987,0.7443596353076215,0.8153771827466157,7.391304347826087,6.118006993006993,5.6035980148883375,607,1,75,0.5,0.5,0.5,stochastic,stochastic,stochastic,0.01
1609,2305,1711,0.7305492067802939,0.7455827577532416,0.816629121529363,7.229956494717215,6.169197396963123,5.573933372296902,608,1,75,0.5,0.5,0.5,stochastic,stochastic,stochastic,0.01
1543,2260,1822,0.7296644563797943,0.7480300864809823,0.8125568896005875,7.092676604018147,6.365044247787611,5.508232711306257,609,1,75,0.5,0.5,0.5,stochastic,stochastic,stochastic,0.01
1462,2209,1954,0.729462318758236,0.7499166418876722,0.809887014628984,6.843365253077975,6.417836124943413,5.488229273285568,610,1,75,0.5,0.5,0.5,stochastic,stochastic,stochastic,0.01
1441,2119,2065,0.7325259394279648,0.752383695595075,0.808369856394564,6.582928521859819,6.559226050023596,5.584019370460048,611,1,75,0.5,0.5,0.5,stochastic,stochastic,stochastic,0.01
1395,2063,2167,0.7363297865534392,0.7530545422791084,0.8045846282113516,6.362007168458781,6.603490063015027,5.659437009690817,612,1,75,0.5,0.5,0.5,stochastic,stochastic,stochastic,0.01
1370,1942,2313,0.738572019931423,0.7521098521959544,0.8033721327381087,6.090510948905109,6.5798146240988675,5.704712494595763,613,1,75,0.5,0.5,0.5,stochastic,stochastic,stochastic,0.01
1400,1792,2433,0.7426908910480227,0.7536204094581513,0.8039966747858559,5.923571428571429,6.640625,5.784217016029593,614,1,75,0.5,0.5,0.5,stochastic,stochastic,stochastic,0.01
1456,1680,2489,0.7467007885071041,0.7555006937444402,0.8037752561956695,5.68956043956044,6.835119047619048,6.028123744475693,615,1,75,0.5,0.5,0.5,stochastic,stochastic,stochastic,0.01
1558,1590,2477,0.7549725779863886,0.7560581904960457,0.8023023178969249,5.496790757381258,6.907547169811321,6.255954784012919,616,1,75,0.5,0.5,0.5,stochastic,stochastic,stochastic,0.01
1648,1535,2442,0.7553111208360738,0.7568120708458536,0.8029550916712804,5.433859223300971,6.871661237785016,6.481162981162981,617,1,75,0.5,0.5,0.5,stochastic,stochastic,stochastic,0.01
1759,1432,2434,0.7550256615946948,0.7548543260221934,0.8031725011306248,5.476407049459921,6.865921787709497,6.749794576828267,618,1,75,0.5,0.5,0.5,stochastic,stochastic,stochastic,0.01
1874,1373,2378,0.7547471549986094,0.7520598593647975,0.8010429568508641,5.548559231590182,6.786598689002185,6.971404541631623,619,1,75,0.5,0.5,0.5,stochastic,stochastic,stochastic,0.01
1954,1326,2345,0.7543371702751064,0.7529303726925177,0.8006108117308849,5.618730808597748,6.509049773755656,7.1381663113006395,620,1,75,0.5,0.5,0.5,stochastic,stochastic,stochastic,0.01
2065,1297,2263,0.7519693271861089,0.7513408200821661,0.7995423563719265,5.685230024213075,6.282960678488821,7.358373840035351,621,1,75,0.5,0.5,0.5,stochastic,stochastic,stochastic,0.01
2136,1292,2197,0.7492654862962351,0.7517103204518901,0.8001620013366084,5.8632958801498125,5.942724458204334,7.551206190259444,622,1,75,0.5,0.5,0.5,stochastic,stochastic,stochastic,0.01
2210,1354,2061,0.7456210263299209,0.750429361450712,0.8000084987042902,5.855656108597285,5.646971935007386,7.725376031052887,623,1,75,0.5,0.5,0.5,stochastic,stochastic,stochastic,0.01
2264,1409,1952,0.7428808574391749,0.7529788796711729,0.8006959581085196,6.006625441696113,5.455642299503194,7.907274590163935,624,1,75,0.5,0.5,0.5,stochastic,stochastic,stochastic,0.01
2339,1511,1775,0.7414787835326225,0.7540964651855186,0.8016396169462707,5.960239418554938,5.321641297154202,8.056901408450704,625,1,75,0.5,0.5,0.5,stochastic,stochastic,stochastic,0.01
2381,1623,1621,0.7398845796614291,0.7562810264547254,0.8046219956064751,6.0445191096178075,5.269254467036353,8.171499074645281,626,1,75,0.5,0.5,0.5,stochastic,stochastic,stochastic,0.01
2387,1682,1556,0.7408419410869609,0.7574957606383019,0.8068746758774376,6.202764976958525,5.253269916765755,8.044987146529563,627,1,75,0.5,0.5,0.5,stochastic,stochastic,stochastic,0.01
2444,1697,1484,0.7411244570116848,0.7578161651811816,0.8103993964992678,6.375204582651391,5.351208014142604,7.85377358490566,628,1,75,0.5,0.5,0.5,stochastic,stochastic,stochastic,0.01
2476,1752,1397,0.7418123089238706,0.7595431983725763,0.8162517900531938,6.489095315024232,5.536529680365297,7.674302075876879,629,1,75,0.5,0.5,0.5,stochastic,stochastic,stochastic,0.01
2429,1855,1341,0.7420489248958778,0.7602936025694195,0.8190683015399093,6.673116508851379,5.564420485175202,7.526472781506339,630,1,75,0.5,0.5,0.5,stochastic,stochastic,stochastic,0.01
2413,1879,1333,0.7455525329290668,0.761776196147725,0.8224375883305816,6.9249896394529635,5.70569451836083,7.1605401350337585,631,1,75,0.5,0.5,0.5,stochastic,stochastic,stochastic,0.01
2348,1954,1323,0.7449602070639542,0.7646201375847246,0.8307166577998569,7.112010221465076,5.778403275332651,6.894179894179894,632,1,75,0.5,0.5,0.5,stochastic,stochastic,stochastic,0.01
2267,1982,1376,0.7457770548158592,0.7664330630830747,0.8330008619053083,7.375385972651081,5.857214934409687,6.350290697674419,633,1,75,0.5,0.5,0.5,stochastic,stochastic,stochastic,0.01
2182,2005,1438,0.7463045997179536,0.7678302102732277,0.8333615799944459,7.560494958753437,5.885286783042394,5.9082058414464536,634,1,75,0.5,0.5,0.5,stochastic,stochastic,stochastic,0.01
2108,2036,1481,0.7477715332231923,0.7713078620465008,0.8317149728415086,7.588235294117647,5.805992141453831,5.663740715732613,635,1,75,0.5,0.5,0.5,stochastic,stochastic,stochastic,0.01
2008,2076,1541,0.7485591989553099,0.7749958310227214,0.8316699267816445,7.614043824701195,5.7991329479768785,5.539909149902661,636,1,75,0.5,0.5,0.5,stochastic,stochastic,stochastic,0.01
1962,2085,1578,0.7557546306621542,0.7752989203927441,0.8282968079748396,7.521916411824669,5.925659472422062,5.341571609632446,637,1,75,0.5,0.5,0.5,stochastic,stochastic,stochastic,0.01
1892,2131,1602,0.7594888274898993,0.7754475506982916,0.8216014524901871,7.547040169133193,5.974190520882215,5.371410736579276,638,1,75,0.5,0.5,0.5,stochastic,stochastic,stochastic,0.01
1834,2116,1675,0.7608495656350517,0.7757317541394527,0.8204401551348088,7.424209378407852,5.947542533081285,5.224477611940299,639,1,75,0.5,0.5,0.5,stochastic,stochastic,stochastic,0.01
1765,2096,1764,0.7632408146220696,0.7762751817320793,0.8195904585814981,7.342209631728045,5.954675572519084,5.198979591836735,640,1,75,0.5,0.5,0.5,stochastic,stochastic,stochastic,0.01
1746,2065,1814,0.7677819155214032,0.7774169068909138,0.8175840140524891,7.218213058419244,6.065375302663438,5.333517089305403,641,1,75,0.5,0.5,0.5,stochastic,stochastic,stochastic,0.01
1739,2041,1845,0.7727139449271301,0.7769582498869088,0.8186727390988057,7.174238067855089,6.146496815286624,5.394037940379404,642,1,75,0.5,0.5,0.5,stochastic,stochastic,stochastic,0.01
1708,2008,1909,0.7784257505348906,0.7766925339113777,0.8190134655396318,7.044496487119438,6.194223107569721,5.457307490832897,643,1,75,0.5,0.5,0.5,stochastic,stochastic,stochastic,0.01
1690,1971,1964,0.7829353411731803,0.7755242818991742,0.8183857449499746,6.92603550295858,6.159817351598173,5.5870672097759675,644,1,75,0.5,0.5,0.5,stochastic,stochastic,stochastic,0.01
1667,1920,2038,0.7869487610185405,0.7748812354867346,0.8164257115671323,6.82003599280144,6.117708333333334,5.636898920510304,645,1,75,0.5,0.5,0.5,stochastic,stochastic,stochastic,0.01
1674,1853,2098,0.7899189588769645,0.7731664639204489,0.8135848463250206,6.623655913978495,6.117107393416082,5.773117254528122,646,1,75,0.5,0.5,0.5,stochastic,stochastic,stochastic,0.01
1672,1813,2140,0.7937907842627471,0.7718632209496826,0.810713808057743,6.5753588516746415,6.087699944842802,5.895327102803738,647,1,75,0.5,0.5,0.5,stochastic,stochastic,stochastic,0.01
1706,1784,2135,0.7988571458583654,0.7713289319676027,0.8088242290986326,6.321219226260258,6.143497757847534,6.065105386416862,648,1,75,0.5,0.5,0.5,stochastic,stochastic,stochastic,0.01
1700,1728,2197,0.8014965888732808,0.7733701354585198,0.8080770131636416,6.294705882352941,6.0561342592592595,6.13928083750569,649,1,75,0.5,0.5,0.5,stochastic,stochastic,stochastic,0.01
1745,1666,2214,0.8039053241417681,0.7743280332583939,0.8076925104359326,6.174785100286533,5.948979591836735,6.1833785004516715,650,1,75,0.5,0.5,0.5,stochastic,stochastic,stochastic,0.01
1780,1683,2162,0.8084025626818356,0.7797727591678584,0.804268680734605,6.042134831460674,5.992869875222817,6.4865864939870495,651,1,75,0.5,0.5,0.5,stochastic,stochastic,stochastic,0.01
1824,1689,2112,0.8098613766870559,0.7835135627118703,0.8028188258780717,5.888706140350878,6.066903493191237,6.730113636363637,652,1,75,0.5,0.5,0.5,stochastic,stochastic,stochastic,0.01
1873,1659,2093,0.8101453980561333,0.7881333699933271,0.8041416175331971,5.759209823812066,6.026522001205546,6.694696607740086,653,1,75,0.5,0.5,0.5,stochastic,stochastic,stochastic,0.01
1973,1592,2060,0.8059260499490073,0.7946283285878002,0.8054112031391186,5.675620881905727,6.013819095477387,6.6087378640776695,654,1,75,0.5,0.5,0.5,stochastic,stochastic,stochastic,0.01
2074,1567,1984,0.803777795675668,0.8002582151871532,0.8081063687108926,5.683220829315332,5.943841735800893,6.57258064516129,655,1,75,0.5,0.5,0.5,stochastic,stochastic,stochastic,0.01
2098,1598,1929,0.800263548394046,0.8040229489404892,0.811790943446954,5.69256434699714,5.831038798498122,6.63867288750648,656,1,75,0.5,0.5,0.5,stochastic,stochastic,stochastic,0.01
2140,1577,1908,0.7975092070690102,0.8081749435659329,0.8184588418868124,5.778971962616822,5.706404565630945,6.611111111111111,657,1,75,0.5,0.5,0.5,stochastic,stochastic,stochastic,0.01
2185,1544,1896,0.7947898148408964,0.8138159411774527,0.8265311069961641,5.88604118993135,5.619818652849741,6.381329113924051,658,1,75,0.5,0.5,0.5,stochastic,stochastic,stochastic,0.01
2256,1524,1845,0.793317237886965,0.8140937473138966,0.8324376660497953,5.954343971631205,5.509186351706036,6.358265582655827,659,1,75,0.5,0.5,0.5,stochastic,stochastic,stochastic,0.01
2332,1526,1767,0.792600016811124,0.814655077018651,0.8386379044063104,6.0977701543739276,5.402359108781127,6.269949066213922,660,1,75,0.5,0.5,0.5,stochastic,stochastic,stochastic,0.01
2395,1511,1719,0.791399560719256,0.8177724072454574,0.8465132053894737,6.292275574112735,5.524156187954997,6.205933682373473,661,1,75,0.5,0.5,0.5,stochastic,stochastic,stochastic,0.01
2431,1539,1655,0.7908990104723562,0.8163155853778105,0.852163193300745,6.472233648704237,5.549057829759584,6.253172205438067,662,1,75,0.5,0.5,0.5,stochastic,stochastic,stochastic,0.01
2444,1596,1585,0.790949605538077,0.8130794240237572,0.8584763802566548,6.607610474631751,5.582706766917293,6.255520504731861,663,1,75,0.5,0.5,0.5,stochastic,stochastic,stochastic,0.01
2391,1671,1563,0.7894657823911008,0.8107352211880268,0.8627303582874297,6.854035968214136,5.566128067025733,6.379398592450416,664,1,75,0.5,0.5,0.5,stochastic,stochastic,stochastic,0.01
2416,1694,1515,0.7900779656646151,0.808400794769263,0.8641268878089794,6.841059602649007,5.533648170011807,6.186138613861386,665,1,75,0.5,0.5,0.5,stochastic,stochastic,stochastic,0.01
2388,1742,1495,0.7913479071564512,0.8058196730641352,0.8642752532441066,7.034757118927973,5.47646383467279,6.05752508361204,666,1,75,0.5,0.5,0.5,stochastic,stochastic,stochastic,0.01
2379,1783,1463,0.7932301215313572,0.8026541790696949,0.8645574351635772,7.175283732660782,5.456533931575995,5.909090909090909,667,1,75,0.5,0.5,0.5,stochastic,stochastic,stochastic,0.01
2339,1861,1425,0.7962198949931717,0.7983413621584516,0.8630817325966187,7.119281744335186,5.3788285867813,5.76140350877193,668,1,75,0.5,0.5,0.5,stochastic,stochastic,stochastic,0.01
2286,1898,1441,0.7979705442799389,0.7975938658057553,0.8599422475029112,7.26246719160105,5.450474183350896,5.6106870229007635,669,1,75,0.5,0.5,0.5,stochastic,stochastic,stochastic,0.01
2206,1997,1422,0.8000064405422083,0.7943871519977812,0.8568695138231044,7.372166817769719,5.438657986980471,5.461322081575246,670,1,75,0.5,0.5,0.5,stochastic,stochastic,stochastic,0.01
2118,2081,1426,0.8034105209183663,0.7905754874069579,0.8571270025060616,7.419735599622285,5.544930321960596,5.405329593267882,671,1,75,0.5,0.5,0.5,stochastic,stochastic,stochastic,0.01
2041,2148,1436,0.8084656991073857,0.786967709967227,0.8565455369887324,7.430671239588437,5.709962756052142,5.3655988857938715,672,1,75,0.5,0.5,0.5,stochastic,stochastic,stochastic,0.01
1949,2209,1467,0.8155117774074991,0.7863050304093608,0.8557753293767487,7.391482811698307,5.785875961973744,5.325153374233129,673,1,75,0.5,0.5,0.5,stochastic,stochastic,stochastic,0.01
1886,2232,1507,0.8198383601639286,0.786062593883935,0.8558090320721274,7.477730646871686,6.041218637992832,5.456536164565362,674,1,75,0.5,0.5,0.5,stochastic,stochastic,stochastic,0.01
1785,2303,1537,0.8217676094132144,0.7866547070226845,0.8566750052384567,7.502521008403361,6.18454190186713,5.504229017566688,675,1,75,0.5,0.5,0.5,stochastic,stochastic,stochastic,0.01
1723,2338,1564,0.8278405293159902,0.7877788912148658,0.8567084817920495,7.32501450957632,6.367835757057314,5.45460358056266,676,1,75,0.5,0.5,0.5,stochastic,stochastic,stochastic,0.01
1681,2311,1633,0.8366326991813935,0.7893723703671882,0.8561171656194586,7.033908387864367,6.461704889658157,5.344151867728108,677,1,75,0.5,0.5,0.5,stochastic,stochastic,stochastic,0.01
1646,2317,1662,0.8415098997416677,0.7911618053426845,0.8530630401413215,6.750303766707169,6.598187311178248,5.306859205776173,678,1,75,0.5,0.5,0.5,stochastic,stochastic,stochastic,0.01
1593,2292,1740,0.8473156185393381,0.7943523967899362,0.8521551606333337,6.4086629001883235,6.6688481675392675,5.12816091954023,679,1,75,0.5,0.5,0.5,stochastic,stochastic,stochastic,0.01
1563,2233,1829,0.8500144176016124,0.7956603176525195,0.8512435062046818,6.2380038387715935,6.886251679355127,5.084745762711864,680,1,75,0.5,0.5,0.5,stochastic,stochastic,stochastic,0.01
1507,2224,1894,0.8519697603029943,0.7985455498539779,0.8486479701237925,5.904445919044459,6.971223021582734,5.192713833157339,681,1,75,0.5,0.5,0.5,stochastic,stochastic,stochastic,0.01
1497,2179,1949,0.8559793529809909,0.8006388294762226,0.8477087143560338,5.684702738810955,7.087654887563103,5.251410979989738,682,1,75,0.5,0.5,0.5,stochastic,stochastic,stochastic,0.01
1503,2120,2002,0.8563471564607216,0.8034861729304051,0.8470204748550332,5.476380572188956,7.179716981132075,5.393606393606394,683,1,75,0.5,0.5,0.5,stochastic,stochastic,stochastic,0.01
1567,2000,2058,0.8575215461982,0.8048971742492733,0.8478659359017658,5.413529036375239,7.4,5.457240038872692,684,1,75,0.5,0.5,0.5,stochastic,stochastic,stochastic,0.01
1604,1890,2131,0.8579482097844301,0.8078901863240974,0.8507611063881153,5.327930174563591,7.494708994708994,5.4706710464570625,685,1,75,0.5,0.5,0.5,stochastic,stochastic,stochastic,0.01
1686,1791,2148,0.8571626218445837,0.808671557500458,0.8507340749313617,5.334519572953736,7.542713567839196,5.646182495344506,686,1,75,0.5,0.5,0.5,stochastic,stochastic,stochastic,0.01
1775,1726,2124,0.8520620351468512,0.8110975840782676,0.8507151803110853,5.3087323943661975,7.44611819235226,5.869585687382298,687,1,75,0.5,0.5,0.5,stochastic,stochastic,stochastic,0.01
1872,1683,2070,0.8508608071877717,0.8115486591505943,0.848134898670087,5.246260683760684,7.308972073677956,6.006763285024155,688,1,75,0.5,0.5,0.5,stochastic,stochastic,stochastic,0.01
1955,1649,2021,0.8503011760709825,0.8152632844867354,0.8476910262185098,5.18618925831202,7.092177077016373,6.01583374567046,689,1,75,0.5,0.5,0.5,stochastic,stochastic,stochastic,0.01
2050,1617,1958,0.8490133832208102,0.8172520996656442,0.8478882486781717,5.194146341463415,6.85899814471243,5.941266598569969,690,1,75,0.5,0.5,0.5,stochastic,stochastic,stochastic,0.01
2103,1601,1921,0.845953623648156,0.8186282347148819,0.8498663246247615,5.280551592962435,6.467207995003123,5.947423217074441,691,1,75,0.5,0.5,0.5,stochastic,stochastic,stochastic,0.01
2156,1611,1858,0.8438296347757728,0.8200546673608153,0.8504139693616363,5.4230055658627085,6.082557417752948,5.946716899892357,692,1,75,0.5,0.5,0.5,stochastic,stochastic,stochastic,0.01
2208,1620,1797,0.8413871269566876,0.8235186110649507,0.8523159118568404,5.533514492753623,5.857407407407408,5.924874791318865,693,1,75,0.5,0.5,0.5,stochastic,stochastic,stochastic,0.01
2223,1664,1738,0.8397946253461024,0.8247422284865243,0.8526826771630552,5.693207377417904,5.612980769230769,6.008630609896433,694,1,75,0.5,0.5,0.5,stochastic,stochastic,stochastic,0.01
2209,1754,1662,0.8373266230584501,0.8250585927676339,0.8552624300592708,5.813037573562698,5.403078677309008,5.9675090252707585,695,1,75,0.5,0.5,0.5,stochastic,stochastic,stochastic,0.01
2200,1838,1587,0.8339075568973522,0.8280340298931073,0.8575761207138999,5.909545454545454,5.38683351468988,5.994328922495274,696,1,75,0.5,0.5,0.5,stochastic,stochastic,stochastic,0.01
2122,1918,1585,0.8310703912181633,0.830004672368538,0.857923203351017,6.0,5.259645464025026,5.897791798107256,697,1,75,0.5,0.5,0.5,stochastic,stochastic,stochastic,0.01
2116,1941,1568,0.8313335798649675,0.8306310377603665,0.8603727007833752,6.105387523629489,5.3426069036579085,5.8520408163265305,698,1,75,0.5,0.5,0.5,stochastic,stochastic,stochastic,0.01
2095,1971,1559,0.8320830032738398,0.8295892645211632,0.865221784286655,6.193794749403342,5.4454591577879246,5.677998717126363,699,1,75,0.5,0.5,0.5,stochastic,stochastic,stochastic,0.01
2073,1974,1578,0.8319822815478273,0.8268434548865918,0.8695241847811357,6.188133140376267,5.527355623100304,5.400506970849176,700,1,75,0.5,0.5,0.5,stochastic,stochastic,stochastic,0.01
2088,1925,1612,0.834257918006361,0.8255560098072826,0.8722864563001752,6.251915708812261,5.610909090909091,5.181761786600497,701,1,75,0.5,0.5,0.5,stochastic,stochastic,stochastic,0.01
2066,1923,1636,0.8377216471520778,0.8208945347986574,0.8741635797563297,6.3746369796708615,5.691107644305772,5.097799511002445,702,1,75,0.5,0.5,0.5,stochastic,stochastic,stochastic,0.01
2020,1945,1660,0.8417000550810941,0.8189659591438728,0.8769718998549892,6.30049504950495,5.615938303341903,4.955421686746988,703,1,75,0.5,0.5,0.5,stochastic,stochastic,stochastic,0.01
1957,1986,1682,0.8442907974550927,0.8155848743257755,0.878162028364698,6.248339294839039,5.554380664652568,4.982758620689655,704,1,75,0.5,0.5,0.5,stochastic,stochastic,stochastic,0.01
1872,2024,1729,0.8460781730941485,0.8142020700878506,0.8780783075103253,6.260683760683761,5.601284584980237,5.110468478889532,705,1,75,0.5,0.5,0.5,stochastic,stochastic,stochastic,0.01
1843,2043,1739,0.8518734952041268,0.8164594082290609,0.8741292978632762,6.143787303309821,5.563387175721977,5.2944220816561245,706,1,75,0.5,0.5,0.5,stochastic,stochastic,stochastic,0.01
1847,2040,1738,0.8571675070355584,0.8143410313156707,0.8725862502621232,6.07958852192745,5.712254901960784,5.352704257767549,707,1,75,0.5,0.5,0.5,stochastic,stochastic,stochastic,0.01
1817,2103,1705,0.8646032462203075,0.8145004925320666,0.8686948219966125,5.859108420473308,5.745601521635758,5.433431085043988,708,1,75,0.5,0.5,0.5,stochastic,stochastic,stochastic,0.01
1798,2118,1709,0.8733157346823922,0.8134502433605314,0.8679301625272856,5.74972191323693,5.9423984891406985,5.486249268578116,709,1,75,0.5,0.5,0.5,stochastic,stochastic,stochastic,0.01
1842,2117,1666,0.8797324225633465,0.8143216880280814,0.8669382638557082,5.549945711183496,6.060935285781767,5.44297719087635,710,1,75,0.5,0.5,0.5,stochastic,stochastic,stochastic,0.01
1899,2076,1650,0.8848656470091519,0.8157304764703154,0.8654152788721705,5.513954713006846,6.181599229287091,5.293939393939394,711,1,75,0.5,0.5,0.5,stochastic,stochastic,stochastic,0.01
1927,2058,1640,0.8874435184411461,0.8205330952722896,0.8636500470759615,5.532952776336274,6.260932944606414,5.173780487804878,712,1,75,0.5,0.5,0.5,stochastic,stochastic,stochastic,0.01
1944,2033,1648,0.8898231379368251,0.8231241613625635,0.8615798608777457,5.612654320987654,6.292179045745204,5.077669902912621,713,1,75,0.5,0.5,0.5,stochastic,stochastic,stochastic,0.01
1938,2013,1674,0.8914135634600331,0.8244914768691703,0.8642993754706387,5.62280701754386,6.268256333830104,5.03584229390681,714,1,75,0.5,0.5,0.5,stochastic,stochastic,stochastic,0.01
1926,1977,1722,0.8910974693962083,0.8270108722502953,0.8640673832046266,5.802180685358255,6.2008093070308545,5.015098722415796,715,1,75,0.5,0.5,0.5,stochastic,stochastic,stochastic,0.01
1869,1955,1801,0.8914166777279615,0.8299560165448708,0.8643343138653302,5.990904226859283,6.121739130434783,5.012215435868962,716,1,75,0.5,0.5,0.5,stochastic,stochastic,stochastic,0.01
1817,1985,1823,0.8904404182103588,0.8313305086675934,0.8682720622203323,6.029719317556411,5.973803526448362,5.05924300603401,717,1,75,0.5,0.5,0.5,stochastic,stochastic,stochastic,0.01
1773,1970,1882,0.8856324544460599,0.833360575673805,0.8719644416643434,6.0033840947546535,5.85989847715736,5.072263549415515,718,1,75,0.5,0.5,0.5,stochastic,stochastic,stochastic,0.01
1783,1982,1860,0.8838638221418215,0.8316922756535735,0.8714706856715292,5.851934941110488,5.760343087790111,5.210752688172043,719,1,75,0.5,0.5,0.5,stochastic,stochastic,stochastic,0.01
1800,1994,1831,0.8795702983781863,0.8327599318647398,0.8735552497875579,5.728888888888889,5.7216649949849545,5.267613326051338,720,1,75,0.5,0.5,0.5,stochastic,stochastic,stochastic,0.01
1811,2005,1809,0.8767769130170544,0.8326649109238765,0.8750498175547053,5.581998895637769,5.733665835411471,5.349917081260365,721,1,75,0.5,0.5,0.5,stochastic,stochastic,stochastic,0.01
1831,2023,1771,0.8708354063284468,0.8330212169175992,0.8761100872745887,5.519388312397597,5.823529411764706,5.348955392433654,722,1,75,0.5,0.5,0.5,stochastic,stochastic,stochastic,0.01
1839,2013,1773,0.8693894334464042,0.8321095781086628,0.8790189254793126,5.419793365959761,5.8405365126676605,5.265651438240271,723,1,75,0.5,0.5,0.5,stochastic,stochastic,stochastic,0.01
1809,2029,1787,0.8675373228073273,0.8315673791932839,0.880381235804979,5.442233278054173,5.858058156727452,5.30106323447118,724,1,75,0.5,0.5,0.5,stochastic,stochastic,stochastic,0.01
1772,2039,1814,0.8679197279937586,0.8331561024126118,0.8819371343568276,5.474604966139955,5.829328102010789,5.2982359426681365,725,1,75,0.5,0.5,0.5,stochastic,stochastic,stochastic,0.01
1781,2003,1841,0.8664593620896415,0.8284991186350579,0.8821039340748384,5.4587310499719255,5.837244133799301,5.265616512764802,726,1,75,0.5,0.5,0.5,stochastic,stochastic,stochastic,0.01
1787,1976,1862,0.8623739899946228,0.8279722398837928,0.8808532493549972,5.487968662562954,5.840080971659919,5.313641245972073,727,1,75,0.5,0.5,0.5,stochastic,stochastic,stochastic,0.01
1781,1971,1873,0.8649021349624013,0.8251090785642236,0.881106750826241,5.4548006737787755,5.685438863521055,5.327282434596904,728,1,75,0.5,0.5,0.5,stochastic,stochastic,stochastic,0.01
1837,1955,1833,0.8624298730640678,0.8240991860022623,0.8812978223290199,5.434948285247686,5.721227621483376,5.3442444080741955,729,1,75,0.5,0.5,0.5,stochastic,stochastic,stochastic,0.01
1828,1960,1837,0.8652503567185258,0.8248156700800522,0.8824314993703873,5.469365426695842,5.655102040816327,5.307566684812194,730,1,75,0.5,0.5,0.5,stochastic,stochastic,stochastic,0.01
1814,2006,1805,0.8672184029586727,0.8242315663047464,0.8820290495887966,5.406284454244763,5.663010967098704,5.34016620498615,731,1,75,0.5,0.5,0.5,stochastic,stochastic,stochastic,0.01
1802,1995,1828,0.870072199550788,0.8250767294617253,0.8811615804023313,5.382352941176471,5.665664160401002,5.262035010940919,732,1,75,0.5,0.5,0.5,stochastic,stochastic,stochastic,0.01
1809,2018,1798,0.8768835847896571,0.8297684648391576,0.8832411385547355,5.353233830845771,5.686818632309217,5.257508342602892,733,1,75,0.5,0.5,0.5,stochastic,stochastic,stochastic,0.01
1799,2065,1761,0.8834395079750312,0.8337355141046772,0.8838390395262138,5.269038354641467,5.676513317191283,5.3645655877342415,734,1,75,0.5,0.5,0.5,stochastic,stochastic,stochastic,0.01
1798,2102,1725,0.8862746132725462,0.8373375178133491,0.8865285079539739,5.2808676307007785,5.762607040913416,5.48231884057971,735,1,75,0.5,0.5,0.5,stochastic,stochastic,stochastic,0.01
1756,2121,1748,0.8878505747212575,0.8402693555662971,0.8865535044074662,5.418564920273348,5.757190004714757,5.473112128146453,736,1,75,0.5,0.5,0.5,stochastic,stochastic,stochastic,0.01
1768,2074,1783,0.8895091090807892,0.8437488545645101,0.8876965277177844,5.509049773755656,5.988910318225651,5.3550196298373525,737,1,75,0.5,0.5,0.5,stochastic,stochastic,stochastic,0.01
1792,2065,1768,0.8916256985483927,0.8455004755476139,0.88856422190597,5.518415178571429,6.158353510895884,5.423076923076923,738,1,75,0.5,0.5,0.5,stochastic,stochastic,stochastic,0.01
1856,2023,1746,0.8934572242700436,0.8453411158131738,0.8890894455784584,5.395474137931035,6.268413247652002,5.225085910652921,739,1,75,0.5,0.5,0.5,stochastic,stochastic,stochastic,0.01
1888,1961,1776,0.8963791596091762,0.8451633516530155,0.8880347300157088,5.447033898305085,6.299847016828149,5.128941441441442,740,1,75,0.5,0.5,0.5,stochastic,stochastic,stochastic,0.01
1908,1904,1813,0.8967152655755978,0.8444627093114633,0.8889679720863746,5.467505241090147,6.248949579831932,4.959735245449531,741,1,75,0.5,0.5,0.5,stochastic,stochastic,stochastic,0.01
1904,1850,1871,0.896076399791195,0.8435978944510487,0.8874469107096957,5.528886554621849,6.118918918918919,4.873329770176376,742,1,75,0.5,0.5,0.5,stochastic,stochastic,stochastic,0.01
1922,1796,1907,0.8984574560639039,0.8415060501499981,0.8869597959393539,5.433922996878252,5.91815144766147,4.768746722600944,743,1,75,0.5,0.5,0.5,stochastic,stochastic,stochastic,0.01
1934,1755,1936,0.8995337547059536,0.8411559259974968,0.8870436988067334,5.512926577042399,5.876353276353276,4.920971074380165,744,1,75,0.5,0.5,0.5,stochastic,stochastic,stochastic,0.01
1940,1738,1947,0.900545523303494,0.8384781655496484,0.8896413071622572,5.528350515463917,5.639815880322209,5.040575243965074,745,1,75,0.5,0.5,0.5,stochastic,stochastic,stochastic,0.01
1965,1693,1967,0.8992698973767991,0.8376002149657512,0.8924935530634773,5.558778625954199,5.524512699350266,5.084900864260295,746,1,75,0.5,0.5,0.5,stochastic,stochastic,stochastic,0.01
2020,1682,1923,0.8975658770765083,0.83865798495711,0.8965627827820115,5.625247524752475,5.5225921521997625,5.275611024440978,747,1,75,0.5,0.5,0.5,stochastic,stochastic,stochastic,0.01
2031,1725,1869,0.8993864055626901,0.8376270212997979,0.8973952443617911,5.581486952240276,5.343768115942029,5.470840021401819,748,1,75,0.5,0.5,0.5,stochastic,stochastic,stochastic,0.01
2012,1746,1867,0.8994734021418044,0.8369645221503965,0.899457338819015,5.60934393638171,5.198739977090493,5.632029994643814,749,1,75,0.5,0.5,0.5,stochastic,stochastic,stochastic,0.01
2033,1746,1846,0.8996224542616142,0.8416810657568802,0.9029624266957392,5.625184456468274,5.115693012600229,5.678764897074756,750,1,75,0.5,0.5,0.5,stochastic,stochastic,stochastic,0.01
2045,1806,1774,0.9005603654407085,0.8439627165815472,0.9051716496854355,5.615158924205379,5.115725359911407,5.851183765501691,751,1,75,0.5,0.5,0.5,stochastic,stochastic,stochastic,0.01
2033,1873,1719,0.900701656481519,0.8467294539587163,0.9041125193880017,5.6714215445154945,5.099305926321409,5.938917975567191,752,1,75,0.5,0.5,0.5,stochastic,stochastic,stochastic,0.01
2039,1950,1636,0.8995346116229525,0.8459569863851544,0.9034236784392584,5.649828347229034,5.222564102564102,6.013447432762836,753,1,75,0.5,0.5,0.5,stochastic,stochastic,stochastic,0.01
2046,2008,1571,0.8985707650166131,0.8484185849147207,0.9002245280848966,5.72336265884653,5.354581673306773,5.8828771483131765,754,1,75,0.5,0.5,0.5,stochastic,stochastic,stochastic,0.01
2008,2035,1582,0.8979298418456418,0.8502547839897208,0.8974663244663577,5.865537848605578,5.577395577395578,5.7332490518331225,755,1,75,0.5,0.5,0.5,stochastic,stochastic,stochastic,0.01
2030,2053,1542,0.8975889545706859,0.850455413465212,0.8950210139428747,5.8187192118226605,5.729663906478325,5.544747081712062,756,1,75,0.5,0.5,0.5,stochastic,stochastic,stochastic,0.01
1972,2088,1565,0.89716542209307,0.8506169057987619,0.8943815952512535,5.951825557809331,5.800287356321839,5.302236421725239,757,1,75,0.5,0.5,0.5,stochastic,stochastic,stochastic,0.01
1938,2034,1653,0.8980056458415553,0.8524264421987503,0.8945358038743358,6.085139318885449,5.856440511307768,5.0133091349062315,758,1,75,0.5,0.5,0.5,stochastic,stochastic,stochastic,0.01
1927,1958,1740,0.8973731851026209,0.8535350218112812,0.8941399002834061,6.210690192008303,5.930541368743616,4.954597701149425,759,1,75,0.5,0.5,0.5,stochastic,stochastic,stochastic,0.01
1923,1885,1817,0.8977190746870122,0.8542863711149651,0.8938551772596558,6.335933437337493,6.013262599469496,4.910291689598239,760,1,75,0.5,0.5,0.5,stochastic,stochastic,stochastic,0.01
1928,1844,1853,0.8965850120414791,0.8539468299073475,0.8925906056563362,6.438278008298755,6.040130151843818,4.983810037776578,761,1,75,0.5,0.5,0.5,stochastic,stochastic,stochastic,0.01
1908,1833,1884,0.8952534081207533,0.8560045150707872,0.8920577636542102,6.385744234800838,5.879432624113475,5.072717622080679,762,1,75,0.5,0.5,0.5,stochastic,stochastic,stochastic,0.01
1869,1807,1949,0.8949034805882339,0.856576349268557,0.8905283030963639,6.352594970572499,5.6923076923076925,5.180605438686506,763,1,75,0.5,0.5,0.5,stochastic,stochastic,stochastic,0.01
1848,1796,1981,0.8946679790772164,0.8568716103188793,0.8899265445613813,6.336038961038961,5.544543429844098,5.267036850075719,764,1,75,0.5,0.5,0.5,stochastic,stochastic,stochastic,0.01
1853,1774,1998,0.8930979242557949,0.854829204753696,0.8890370457711231,6.339449541284404,5.443066516347238,5.387387387387387,765,1,75,0.5,0.5,0.5,stochastic,stochastic,stochastic,0.01
1847,1766,2012,0.8912245359170333,0.8525675866843012,0.8890424830297451,6.304818624796968,5.31766704416761,5.49403578528827,766,1,75,0.5,0.5,0.5,stochastic,stochastic,stochastic,0.01
1825,1737,2063,0.8892270835568411,0.8496558400797919,0.8891466360514583,6.303013698630137,5.195164075993092,5.524478914202618,767,1,75,0.5,0.5,0.5,stochastic,stochastic,stochastic,0.01
1838,1745,2042,0.8899529791440849,0.8471825300702597,0.8887261272602787,6.076169749727965,5.122636103151862,5.634182174338884,768,1,75,0.5,0.5,0.5,stochastic,stochastic,stochastic,0.01
1878,1775,1972,0.8918576741226478,0.8466747453522296,0.8892890242076094,5.7838125665601705,5.006197183098592,5.765720081135902,769,1,75,0.5,0.5,0.5,stochastic,stochastic,stochastic,0.01
1888,1795,1942,0.8943977737204895,0.8452550348162925,0.8900482460395092,5.505296610169491,4.878551532033426,5.7471678681771365,770,1,75,0.5,0.5,0.5,stochastic,stochastic,stochastic,0.01
1881,1857,1887,0.8989398597641307,0.8459261240861294,0.8941306800174761,5.284954811270601,4.868066774367259,5.72284048754637,771,1,75,0.5,0.5,0.5,stochastic,stochastic,stochastic,0.01
1902,1927,1796,0.9010337072876067,0.8442380017498263,0.8970703145238791,5.129863301787592,4.887908666320706,5.6625835189309575,772,1,75,0.5,0.5,0.5,stochastic,stochastic,stochastic,0.01
1959,1926,1740,0.9029934352093374,0.8445662729855523,0.8993525846034639,5.061255742725881,5.013499480789201,5.535057471264368,773,1,75,0.5,0.5,0.5,stochastic,stochastic,stochastic,0.01
1968,1918,1739,0.9060067850454074,0.8441409406928269,0.901366875604842,5.157520325203252,5.119916579770594,5.378953421506613,774,1,75,0.5,0.5,0.5,stochastic,stochastic,stochastic,0.01
1886,1917,1822,0.9075226855242176,0.8436057602068076,0.903558952601677,5.323966065747614,5.0761606677099635,5.283754116355653,775,1,75,0.5,0.5,0.5,stochastic,stochastic,stochastic,0.01
1845,1904,1876,0.9078153869462185,0.8413419674087814,0.905244924891376,5.313821138211382,5.073529411764706,5.175373134328358,776,1,75,0.5,0.5,0.5,stochastic,stochastic,stochastic,0.01
1814,1978,1833,0.9074017658533576,0.8400961751530183,0.9054331396965852,5.211686879823595,5.112740141557128,5.290234588106928,777,1,75,0.5,0.5,0.5,stochastic,stochastic,stochastic,0.01
1859,1943,1823,0.9076445339488641,0.8393726915834088,0.906367316475448,5.208714362560516,5.273288728769943,5.256719692814043,778,1,75,0.5,0.5,0.5,stochastic,stochastic,stochastic,0.01
1861,1924,1840,0.9087311954312975,0.8373137503317638,0.9064788687009313,5.231058570660935,5.3180873180873185,5.223913043478261,779,1,75,0.5,0.5,0.5,stochastic,stochastic,stochastic,0.01
1907,1937,1781,0.912281010823672,0.8391277481140074,0.9078955294888066,5.105925537493445,5.277749096541043,5.158338012352611,780,1,75,0.5,0.5,0.5,stochastic,stochastic,stochastic,0.01
1911,1933,1781,0.9157132873394571,0.8414838138345014,0.908597169008787,5.134484563055992,5.2659079151577854,5.135878719820326,781,1,75,0.5,0.5,0.5,stochastic,stochastic,stochastic,0.01
1903,1943,1779,0.9170380918567628,0.8434567009118716,0.9089623605330911,5.078297425118234,5.254760679361811,5.16301292861158,782,1,75,0.5,0.5,0.5,stochastic,stochastic,stochastic,0.01
1873,1976,1776,0.9158833378705392,0.8468529715158046,0.9096209802323968,5.098772023491724,5.204453441295547,5.143018018018018,783,1,75,0.5,0.5,0.5,stochastic,stochastic,stochastic,0.01
1834,1964,1827,0.9148579762949218,0.849324498274365,0.9097596839843826,5.191384950926936,5.316191446028514,5.082101806239737,784,1,75,0.5,0.5,0.5,stochastic,stochastic,stochastic,0.01
1821,1940,1864,0.9138200546477087,0.8527256427187014,0.9103088257751383,5.193300384404173,5.401030927835052,5.064377682403434,785,1,75,0.5,0.5,0.5,stochastic,stochastic,stochastic,0.01
1860,1899,1866,0.910047383649303,0.857275752538436,0.9087646350105817,5.205913978494624,5.393891521853607,5.07556270096463,786,1,75,0.5,0.5,0.5,stochastic,stochastic,stochastic,0.01
1877,1872,1876,0.9083599796366906,0.8592102057621172,0.9095885854713441,5.323388385721897,5.488247863247863,5.158848614072495,787,1,75,0.5,0.5,0.5,stochastic,stochastic,stochastic,0.01
1926,1883,1816,0.9108321836081728,0.8619655578282839,0.912377949192366,5.235202492211838,5.43441317047265,5.245594713656388,788,1,75,0.5,0.5,0.5,stochastic,stochastic,stochastic,0.01
1983,1823,1819,0.9097781591978149,0.863996246701078,0.9109664035577241,5.274331820474029,5.503565551289084,5.166025288620121,789,1,75,0.5,0.5,0.5,stochastic,stochastic,stochastic,0.01
2031,1791,1803,0.9094333590765888,0.8653640806623374,0.911585326755971,5.170851797144264,5.393076493579006,5.1630615640599,790,1,75,0.5,0.5,0.5,stochastic,stochastic,stochastic,0.01
2057,1813,1755,0.9109363386438907,0.86463389120523,0.9133449426178345,5.214876033057851,5.303364589078875,5.164672364672365,791,1,75,0.5,0.5,0.5,stochastic,stochastic,stochastic,0.01
2107,1768,1750,0.9109926489292027,0.8663016733777309,0.9133254725281538,5.229235880398671,5.243212669683258,5.039428571428571,792,1,75,0.5,0.5,0.5,stochastic,stochastic,stochastic,0.01
2170,1716,1739,0.9122806589567323,0.8663647978916882,0.9133431499339666,5.266359447004608,5.146270396270396,4.850488786659,793,1,75,0.5,0.5,0.5,stochastic,stochastic,stochastic,0.01
2221,1703,1701,0.9136381884368574,0.8653884414811477,0.9134519262960814,5.347591175146331,5.115091015854374,4.830099941211052,794,1,75,0.5,0.5,0.5,stochastic,stochastic,stochastic,0.01
2282,1671,1672,0.9137908597066013,0.8657518115076512,0.9132206064060504,5.520595968448729,5.055655296229802,4.787679425837321,795,1,75,0.5,0.5,0.5,stochastic,stochastic,stochastic,0.01
2245,1682,1698,0.9147368509078336,0.8667515087271326,0.9125604732547841,5.702004454342984,4.900118906064209,4.666077738515901,796,1,75,0.5,0.5,0.5,stochastic,stochastic,stochastic,0.01
2200,1715,1710,0.9151626813802064,0.8655196792958204,0.9122313568229626,5.900909090909091,4.81865889212828,4.707602339181286,797,1,75,0.5,0.5,0.5,stochastic,stochastic,stochastic,0.01
2135,1747,1743,0.9169709512277635,0.8654735848238133,0.9114309342402421,5.998594847775176,4.697195191757298,4.710843373493976,798,1,75,0.5,0.5,0.5,stochastic,stochastic,stochastic,0.01
2080,1843,1702,0.918099239109882,0.8673827227361456,0.9106185808499438,6.048076923076923,4.68909386869235,4.843713278495887,799,1,75,0.5,0.5,0.5,stochastic,stochastic,stochastic,0.01
2064,1915,1646,0.9171587532836216,0.8675061788777159,0.9109588283752337,5.924903100775194,4.675195822454308,4.929526123936816,800,1,75,0.5,0.5,0.5,stochastic,stochastic,stochastic,0.01
2008,1945,1672,0.9168310648655377,0.8661147281057363,0.9098902087568049,5.915338645418327,4.76401028277635,4.855861244019139,801,1,75,0.5,0.5,0.5,stochastic,stochastic,stochastic,0.01
1967,2009,1649,0.9182471754388917,0.8669408991253242,0.9113905204989632,5.739196746314184,4.7869586859133895,4.822316555488174,802,1,75,0.5,0.5,0.5,stochastic,stochastic,stochastic,0.01
1879,2063,1683,0.9200895821745831,0.8669538978090855,0.9143818627494038,5.647684938797233,4.852641783809985,4.7730243612596555,803,1,75,0.5,0.5,0.5,stochastic,stochastic,stochastic,0.01
1853,2035,1737,0.9213874861215176,0.8629905950369223,0.9165681580066651,5.557474365893146,4.995085995085995,4.708693149107657,804,1,75,0.5,0.5,0.5,stochastic,stochastic,stochastic,0.01
1863,1978,1784,0.9209556724898206,0.8614194914148235,0.9179690468222595,5.491680085882985,5.175935288169868,4.679932735426009,805,1,75,0.5,0.5,0.5,stochastic,stochastic,stochastic,0.01
1879,1925,1821,0.9229660506480376,0.8593799240511852,0.916773303494635,5.425758382118148,5.292987012987013,4.724327292696321,806,1,75,0.5,0.5,0.5,stochastic,stochastic,stochastic,0.01
1936,1902,1787,0.9234819336426802,0.8587600411265464,0.9162089172211786,5.317665289256198,5.531019978969506,4.764969222160045,807,1,75,0.5,0.5,0.5,stochastic,stochastic,stochastic,0.01
1961,1853,1811,0.923877303385702,0.8592294053664803,0.9170500398260163,5.34829168791433,5.548300053966541,4.676974047487576,808,1,75,0.5,0.5,0.5,stochastic,stochastic,stochastic,0.01
1998,1832,1795,0.923963821311221,0.8606067134772765,0.9163174634610898,5.438938938938939,5.574235807860262,4.781058495821727,809,1,75,0.5,0.5,0.5,stochastic,stochastic,stochastic,0.01
1991,1842,1792,0.9233195985646157,0.8606061697208451,0.9167184008822513,5.422400803616274,5.44299674267101,4.901227678571429,810,1,75,0.5,0.5,0.5,stochastic,stochastic,stochastic,0.01
2012,1813,1800,0.9232798185009614,0.8630577587787904,0.9173402160160928,5.33051689860835,5.337562051847766,4.86,811,1,75,0.5,0.5,0.5,stochastic,stochastic,stochastic,0.01
1967,1847,1811,0.9237468988912864,0.8619331108833675,0.9159952195074386,5.479918657854601,5.258798050893341,4.9718387631143015,812,1,75,0.5,0.5,0.5,stochastic,stochastic,stochastic,0.01
1994,1903,1728,0.9247327314813268,0.8633679994519207,0.9159953156730596,5.430290872617854,5.320021019442985,5.154513888888889,813,1,75,0.5,0.5,0.5,stochastic,stochastic,stochastic,0.01
2016,1904,1705,0.9233431777134352,0.8657512357242498,0.9139559295907207,5.3561507936507935,5.194852941176471,5.095601173020528,814,1,75,0.5,0.5,0.5,stochastic,stochastic,stochastic,0.01
2029,1939,1657,0.9237865465247149,0.8639828709400409,0.911943353777541,5.2449482503696405,5.15368746776689,5.036210018105009,815,1,75,0.5,0.5,0.5,stochastic,stochastic,stochastic,0.01
1998,1985,1642,0.9237459152827655,0.8636506207305193,0.9135284005145271,5.33983983983984,5.153652392947103,4.956151035322777,816,1,75,0.5,0.5,0.5,stochastic,stochastic,stochastic,0.01
1990,2007,1628,0.9227487796884689,0.8643065255046459,0.9137607683170584,5.402512562814071,5.229696063776781,4.885749385749386,817,1,75,0.5,0.5,0.5,stochastic,stochastic,stochastic,0.01
1945,2025,1655,0.9224440420747492,0.8641702782581121,0.9137481624446925,5.5609254498714655,5.208888888888889,4.862235649546828,818,1,75,0.5,0.5,0.5,stochastic,stochastic,stochastic,0.01
1885,2055,1685,0.9221784336987211,0.8634061981664635,0.9121020575224044,5.572413793103448,5.17956204379562,4.747181008902077,819,1,75,0.5,0.5,0.5,stochastic,stochastic,stochastic,0.01
1856,2099,1670,0.9231406101613431,0.8626363641007295,0.9123963636653847,5.604525862068965,5.359218675559791,4.769461077844311,820,1,75,0.5,0.5,0.5,stochastic,stochastic,stochastic,0.01
1863,2076,1686,0.9229631513178529,0.8628354098322456,0.9112181939313263,5.603864734299517,5.471098265895954,4.797153024911032,821,1,75,0.5,0.5,0.5,stochastic,stochastic,stochastic,0.01
1800,2089,1736,0.9217265108278624,0.8636333615820344,0.9105626400721003,5.671666666666667,5.439444710387745,4.891129032258065,822,1,75,0.5,0.5,0.5,stochastic,stochastic,stochastic,0.01
1723,2052,1850,0.9229339113034264,0.8638499501773604,0.9108184629804668,5.7608821822402785,5.4376218323586745,4.847027027027027,823,1,75,0.5,0.5,0.5,stochastic,stochastic,stochastic,0.01
1698,1988,1939,0.9236458251612698,0.8657941458453471,0.9114139576142215,5.730270906949352,5.477867203219316,4.814337287261475,824,1,75,0.5,0.5,0.5,stochastic,stochastic,stochastic,0.01
1731,1919,1975,0.9250903422000423,0.8655575035482187,0.9132864261724928,5.529751588677065,5.491401771756123,4.84253164556962,825,1,75,0.5,0.5,0.5,stochastic,stochastic,stochastic,0.01
1783,1854,1988,0.9255825122068426,0.8642197501929794,0.9124855463987223,5.305664610207516,5.510787486515642,4.906438631790745,826,1,75,0.5,0.5,0.5,stochastic,stochastic,stochastic,0.01
1859,1800,1966,0.9287303336635032,0.8652111651380628,0.9136868725944041,5.07154384077461,5.5183333333333335,4.936419125127162,827,1,75,0.5,0.5,0.5,stochastic,stochastic,stochastic,0.01
1929,1744,1952,0.9289313672225419,0.8639254910322026,0.9147714870306946,5.061171591498185,5.489678899082569,4.972336065573771,828,1,75,0.5,0.5,0.5,stochastic,stochastic,stochastic,0.01
1990,1720,1915,0.9296788101518413,0.863603969022544,0.916407859569876,4.979396984924623,5.338372093023255,5.004177545691906,829,1,75,0.5,0.5,0.5,stochastic,stochastic,stochastic,0.01
2049,1719,1857,0.9296833774840085,0.8627320555680036,0.9178025732532389,4.980478282088824,5.234438627108784,5.031771674744211,830,1,75,0.5,0.5,0.5,stochastic,stochastic,stochastic,0.01
2049,1767,1809,0.9287114132726135,0.8629028631183128,0.9211958598197642,5.095656417764763,5.139784946236559,5.130458817025981,831,1,75,0.5,0.5,0.5,stochastic,stochastic,stochastic,0.01
2048,1762,1815,0.9282822640856323,0.8647061789403225,0.9224958081383555,5.20166015625,5.062429057888763,5.127823691460055,832,1,75,0.5,0.5,0.5,stochastic,stochastic,stochastic,0.01
2051,1756,1818,0.9270343546257862,0.8683711711427738,0.9238158566150108,5.270599707459776,4.958997722095672,5.015951595159516,833,1,75,0.5,0.5,0.5,stochastic,stochastic,stochastic,0.01
2046,1777,1802,0.9279395185008242,0.8708379186285438,0.9248114465593346,5.318181818181818,4.826111423747889,4.985016648168702,834,1,75,0.5,0.5,0.5,stochastic,stochastic,stochastic,0.01
2057,1815,1753,0.928912677856089,0.8713591408527834,0.9264866299096606,5.290714632960622,4.771900826446281,4.925841414717627,835,1,75,0.5,0.5,0.5,stochastic,stochastic,stochastic,0.01
2052,1876,1697,0.9298263537782928,0.8722170920666582,0.9282914384480169,5.322612085769981,4.797441364605544,4.984678845020625,836,1,75,0.5,0.5,0.5,stochastic,stochastic,stochastic,0.01
1994,1934,1697,0.9288410946355082,0.8733039081981856,0.9297580174055368,5.424272818455366,4.868148914167528,4.979375368296995,837,1,75,0.5,0.5,0.5,stochastic,stochastic,stochastic,0.01
1957,1992,1676,0.9283220033248335,0.8734426704766391,0.9304238296472911,5.484414920797138,4.930220883534137,5.0035799522673035,838,1,75,0.5,0.5,0.5,stochastic,stochastic,stochastic,0.01
1929,2034,1662,0.927306561989345,0.8736140813467742,0.9297583406704285,5.48315189217211,5.0506391347099315,4.944043321299639,839,1,75,0.5,0.5,0.5,stochastic,stochastic,stochastic,0.01
1926,2059,1640,0.9273870497832019,0.8728688874142151,0.9277222566446329,5.354620976116303,5.082564351627004,4.839024390243902,840,1,75,0.5,0.5,0.5,stochastic,stochastic,stochastic,0.01
1937,2063,1625,0.928820625692521,0.8718804294341173,0.9270431731964074,5.36654620547238,5.211827435773146,4.787076923076923,841,1,75,0.5,0.5,0.5,stochastic,stochastic,stochastic,0.01
1972,2053,1600,0.9288173577291211,0.8745534995137181,0.9263493769660363,5.365111561866126,5.3468095470043835,4.593125,842,1,75,0.5,0.5,0.5,stochastic,stochastic,stochastic,0.01
1960,2069,1596,0.9286040270633359,0.8730835585127076,0.9244408557847558,5.298469387755102,5.402609956500725,4.597744360902255,843,1,75,0.5,0.5,0.5,stochastic,stochastic,stochastic,0.01
1962,2060,1603,0.9294838695098547,0.8721319456364023,0.9244850660395467,5.304791029561672,5.464563106796117,4.522145976294448,844,1,75,0.5,0.5,0.5,stochastic,stochastic,stochastic,0.01
1974,2072,1579,0.930613555708652,0.8718225326579885,0.9249315685673308,5.301925025329281,5.517374517374518,4.547815072830906,845,1,75,0.5,0.5,0.5,stochastic,stochastic,stochastic,0.01
1999,2025,1601,0.9312707027890214,0.8721390914272903,0.9262181840851885,5.336168084042021,5.544691358024691,4.398500936914428,846,1,75,0.5,0.5,0.5,stochastic,stochastic,stochastic,0.01
2023,2004,1598,0.9332370698243274,0.8732906061452452,0.9281458794289985,5.274345032130499,5.589321357285429,4.294117647058823,847,1,75,0.5,0.5,0.5,stochastic,stochastic,stochastic,0.01
1992,1997,1636,0.9336262146583587,0.8757192901830757,0.9284316259349378,5.301204819277109,5.450676014021032,4.247555012224939,848,1,75,0.5,0.5,0.5,stochastic,stochastic,stochastic,0.01
1969,2006,1650,0.9344623816786121,0.8766772639736694,0.9285867017807893,5.366683595733875,5.3245264207377865,4.275757575757575,849,1,75,0.5,0.5,0.5,stochastic,stochastic,stochastic,0.01
1917,2036,1672,0.9361698036940144,0.8771161944269456,0.9288567512454219,5.387063119457486,5.278978388998035,4.330143540669856,850,1,75,0.5,0.5,0.5,stochastic,stochastic,stochastic,0.01
1814,2048,1763,0.9370381374684522,0.8800521272802766,0.9291516368724204,5.47574421168688,5.1845703125,4.3851389676687464,851,1,75,0.5,0.5,0.5,stochastic,stochastic,stochastic,0.01
1746,2029,1850,0.9385402758080668,0.8805449124077483,0.9286501505492941,5.550973654066437,5.184327254805323,4.494594594594594,852,1,75,0.5,0.5,0.5,stochastic,stochastic,stochastic,0.01
1718,2029,1878,0.9386910974993555,0.8816671428518681,0.9276514058659995,5.49708963911525,5.217348447511089,4.6309904153354635,853,1,75,0.5,0.5,0.5,stochastic,stochastic,stochastic,0.01
1665,2028,1932,0.9386577087767303,0.8815398375604545,0.9267167611631101,5.456456456456457,5.200197238658777,4.761904761904762,854,1,75,0.5,0.5,0.5,stochastic,stochastic,stochastic,0.01
1677,1974,1974,0.9389599434751618,0.883169664844778,0.9270578316726613,5.306499701848539,5.246200607902735,4.875886524822695,855,1,75,0.5,0.5,0.5,stochastic,stochastic,stochastic,0.01
1663,1956,2006,0.938483057080134,0.8827440665079872,0.9261662940532317,5.128683102826217,5.2413087934560325,5.043868394815553,856,1,75,0.5,0.5,0.5,stochastic,stochastic,stochastic,0.01
1701,1912,2012,0.9394809038544024,0.8832115742553736,0.9243435044274292,4.900646678424456,5.201359832635983,5.114314115308151,857,1,75,0.5,0.5,0.5,stochastic,stochastic,stochastic,0.01
1723,1882,2020,0.9397276516695889,0.8792213533827704,0.9256508386561473,4.7405687753917585,5.318278427205101,5.189108910891089,858,1,75,0.5,0.5,0.5,stochastic,stochastic,stochastic,0.01
1820,1825,1980,0.9380717463559956,0.8772313873026739,0.9257501289720625,4.52967032967033,5.353972602739726,5.154545454545454,859,1,75,0.5,0.5,0.5,stochastic,stochastic,stochastic,0.01
1908,1761,1956,0.9382966528002744,0.8762246730441351,0.9237613937390077,4.6079664570230605,5.385008517887564,5.162576687116564,860,1,75,0.5,0.5,0.5,stochastic,stochastic,stochastic,0.01
1945,1758,1922,0.9391054697842598,0.8767843143326358,0.9236969598422766,4.659640102827764,5.346985210466439,5.204474505723205,861,1,75,0.5,0.5,0.5,stochastic,stochastic,stochastic,0.01
2036,1731,1858,0.9394007763310919,0.875767603488699,0.922080186165999,4.7092337917485265,5.375505488157135,5.30032292787944,862,1,75,0.5,0.5,0.5,stochastic,stochastic,stochastic,0.01
2022,1787,1816,0.9388872940438211,0.8762506063031935,0.9224653970993043,4.842235410484669,5.331281477336318,5.332599118942731,863,1,75,0.5,0.5,0.5,stochastic,stochastic,stochastic,0.01
2046,1808,1771,0.9388151172807511,0.8782521726960775,0.9200270845161185,4.9232649071358745,5.316924778761062,5.339920948616601,864,1,75,0.5,0.5,0.5,stochastic,stochastic,stochastic,0.01
1983,1896,1746,0.9370873170413873,0.8810466666753543,0.9190644752058124,5.092284417549168,5.234177215189874,5.439862542955327,865,1,75,0.5,0.5,0.5,stochastic,stochastic,stochastic,0.01
1957,1972,1696,0.9364743173442468,0.88573006252128,0.9178909518977529,5.142054164537558,5.1526369168357,5.4799528301886795,866,1,75,0.5,0.5,0.5,stochastic,stochastic,stochastic,0.01
1855,2059,1711,0.9358283113414039,0.8906122263014492,0.9171209924972384,5.203234501347709,4.980573093734823,5.4354178842782,867,1,75,0.5,0.5,0.5,stochastic,stochastic,stochastic,0.01
1801,2107,1717,0.9342054139392654,0.8933964367683557,0.9173589711039108,5.313714602998334,4.947793070716659,5.458357600465929,868,1,75,0.5,0.5,0.5,stochastic,stochastic,stochastic,0.01
1730,2168,1727,0.9329929853361817,0.8962006969127667,0.9188315455186286,5.228323699421965,5.000461254612546,5.453966415749855,869,1,75,0.5,0.5,0.5,stochastic,stochastic,stochastic,0.01
1677,2210,1738,0.9312461566784263,0.8976364860796368,0.9203690594335072,5.1288014311270125,5.068778280542986,5.4919447640966625,870,1,75,0.5,0.5,0.5,stochastic,stochastic,stochastic,0.01
1651,2227,1747,0.930826749683201,0.8977843148074538,0.9229776918834901,5.058146577831617,5.2586439155815,5.468231253577562,871,1,75,0.5,0.5,0.5,stochastic,stochastic,stochastic,0.01
1640,2206,1779,0.931292509541993,0.8973956739355481,0.924406617968863,5.014024390243902,5.426563916591115,5.304665542439573,872,1,75,0.5,0.5,0.5,stochastic,stochastic,stochastic,0.01
1672,2087,1866,0.9314690517663717,0.8972067987926032,0.9268621563708326,5.089114832535885,5.724005749880211,5.092175777063237,873,1,75,0.5,0.5,0.5,stochastic,stochastic,stochastic,0.01
1711,1996,1918,0.9311155009260689,0.8967621914229911,0.9275137286017808,5.150789012273524,5.80561122244489,5.059436913451512,874,1,75,0.5,0.5,0.5,stochastic,stochastic,stochastic,0.01
1689,1956,1980,0.9299428925870528,0.898278237069724,0.9273997040957952,5.0740082889283595,5.774539877300613,5.0621212121212125,875,1,75,0.5,0.5,0.5,stochastic,stochastic,stochastic,0.01
1705,1889,2031,0.9285907979172561,0.897648650335921,0.9278264680011751,4.987096774193549,5.698782424563261,5.002954209748892,876,1,75,0.5,0.5,0.5,stochastic,stochastic,stochastic,0.01
1739,1806,2080,0.9275159459260298,0.8970516278155023,0.9292470271769844,4.966647498562392,5.6207087486157254,5.046153846153846,877,1,75,0.5,0.5,0.5,stochastic,stochastic,stochastic,0.01
1834,1704,2087,0.9277231544862307,0.8933412809341658,0.9290598655622873,4.9449291166848415,5.586267605633803,4.968854815524677,878,1,75,0.5,0.5,0.5,stochastic,stochastic,stochastic,0.01
1939,1665,2021,0.9282826445408086,0.8915506759665748,0.9289776513736815,4.793708096957195,5.476876876876877,4.990598713508164,879,1,75,0.5,0.5,0.5,stochastic,stochastic,stochastic,0.01
2007,1634,1984,0.9298279360438667,0.891728331724618,0.9284357521431863,4.910313901345291,5.329253365973072,5.113911290322581,880,1,75,0.5,0.5,0.5,stochastic,stochastic,stochastic,0.01
2068,1648,1909,0.9307923410516991,0.8924098285555977,0.9260867804550108,5.026595744680851,5.245752427184466,5.280251440544788,881,1,75,0.5,0.5,0.5,stochastic,stochastic,stochastic,0.01
2116,1661,1848,0.9314425524212387,0.8922988701655912,0.9251659573878352,5.072778827977316,5.086092715231788,5.221861471861472,882,1,75,0.5,0.5,0.5,stochastic,stochastic,stochastic,0.01
2140,1692,1793,0.9322984566634758,0.89354070671968,0.9231654073271716,5.142523364485982,4.857565011820331,5.205242610150585,883,1,75,0.5,0.5,0.5,stochastic,stochastic,stochastic,0.01
2151,1719,1755,0.934470256825452,0.8923724721628364,0.9236559118115268,5.185030218503022,4.73065735892961,5.192022792022792,884,1,75,0.5,0.5,0.5,stochastic,stochastic,stochastic,0.01
2169,1738,1718,0.9363516650641952,0.8893346834134555,0.9205477253468081,5.2139234670355,4.609321058688147,5.091385331781141,885,1,75,0.5,0.5,0.5,stochastic,stochastic,stochastic,0.01
2184,1769,1672,0.9381313886528589,0.8897968885542192,0.9194909510871231,5.321428571428571,4.638778971170153,5.026315789473684,886,1,75,0.5,0.5,0.5,stochastic,stochastic,stochastic,0.01
2170,1808,1647,0.9388837088710286,0.8901325502926563,0.917967416668665,5.442857142857143,4.611725663716814,5.032179720704311,887,1,75,0.5,0.5,0.5,stochastic,stochastic,stochastic,0.01
2135,1858,1632,0.940240903323566,0.8890461240987751,0.9193488743088213,5.57423887587822,4.616792249730893,4.9754901960784315,888,1,75,0.5,0.5,0.5,stochastic,stochastic,stochastic,0.01
2058,1939,1628,0.9419510111736329,0.8888271976464652,0.920087410383311,5.670553935860059,4.563176895306859,4.816339066339066,889,1,75,0.5,0.5,0.5,stochastic,stochastic,stochastic,0.01
1971,1997,1657,0.9419447286920422,0.8891060274204897,0.9195160834794978,5.600710299340436,4.600400600901352,4.708509354254677,890,1,75,0.5,0.5,0.5,stochastic,stochastic,stochastic,0.01
1837,2075,1713,0.9424303712054513,0.8917393599448392,0.9213220073958226,5.593358737071312,4.621204819277108,4.724460011675423,891,1,75,0.5,0.5,0.5,stochastic,stochastic,stochastic,0.01
1765,2096,1764,0.9423044123554011,0.8911771734068517,0.9222563075323797,5.661756373937677,4.800572519083969,4.750566893424036,892,1,75,0.5,0.5,0.5,stochastic,stochastic,stochastic,0.01
1703,2104,1818,0.941831100707214,0.8911659308927083,0.9234544102291206,5.517322372284204,5.000950570342205,4.7805280528052805,893,1,75,0.5,0.5,0.5,stochastic,stochastic,stochastic,0.01
1714,2037,1874,0.940188936385615,0.892319769775687,0.9252196420220989,5.414819136522754,5.1620029455081005,4.756136606189968,894,1,75,0.5,0.5,0.5,stochastic,stochastic,stochastic,0.01
1697,1979,1949,0.9390305031963266,0.8943425781008892,0.9271161074299459,5.244549204478491,5.248610409297625,4.728578758337609,895,1,75,0.5,0.5,0.5,stochastic,stochastic,stochastic,0.01
1712,1912,2001,0.9389334927678178,0.8959223618350541,0.9277573746072991,4.989485981308412,5.309100418410042,4.7521239380309845,896,1,75,0.5,0.5,0.5,stochastic,stochastic,stochastic,0.01
1782,1859,1984,0.9391859781505141,0.896978030840911,0.9286771346400208,4.859708193041526,5.380311995696611,4.810483870967742,897,1,75,0.5,0.5,0.5,stochastic,stochastic,stochastic,0.01
1859,1771,1995,0.9399045007666694,0.8979256577571608,0.9286495967345018,4.818181818181818,5.388481084133258,4.7859649122807015,898,1,75,0.5,0.5,0.5,stochastic,stochastic,stochastic,0.01
1903,1725,1997,0.9396317203817603,0.8999294111749984,0.928242832685263,4.820283762480294,5.24,4.821732598898348,899,1,75,0.5,0.5,0.5,stochastic,stochastic,stochastic,0.01
1978,1675,1972,0.9383312873209871,0.9025309086347043,0.9290147587049844,4.759352881698685,5.174328358208955,4.854462474645031,900,1,75,0.5,0.5,0.5,stochastic,stochastic,stochastic,0.01
2026,1633,1966,0.9386088419046982,0.9045568787833435,0.9299520985425165,4.76258637709773,5.064298836497245,4.887589013224822,901,1,75,0.5,0.5,0.5,stochastic,stochastic,stochastic,0.01
2095,1634,1896,0.9363248970727192,0.90470088735198,0.9310900425516517,4.7522673031026255,4.935740514075888,4.972573839662447,902,1,75,0.5,0.5,0.5,stochastic,stochastic,stochastic,0.01
2142,1630,1853,0.9337514636076654,0.9041293251357464,0.9316676240659361,4.80672268907563,4.867484662576687,5.017269293038316,903,1,75,0.5,0.5,0.5,stochastic,stochastic,stochastic,0.01
2225,1660,1740,0.9329064718843529,0.9031142600912823,0.9315658140170148,4.7941573033707865,4.77289156626506,5.05,904,1,75,0.5,0.5,0.5,stochastic,stochastic,stochastic,0.01
2299,1669,1657,0.9318934389178002,0.9026614884771763,0.930959123433169,4.936494127881688,4.750149790293589,4.997585998792999,905,1,75,0.5,0.5,0.5,stochastic,stochastic,stochastic,0.01
2347,1739,1539,0.9310275502702116,0.9001314180055742,0.9305743738475354,5.109501491265445,4.809660724554342,4.874593892137752,906,1,75,0.5,0.5,0.5,stochastic,stochastic,stochastic,0.01
2352,1770,1503,0.9308088085036151,0.8979770645308679,0.931600483757505,5.295068027210885,4.856497175141243,4.795741849634065,907,1,75,0.5,0.5,0.5,stochastic,stochastic,stochastic,0.01
2323,1836,1466,0.9300758363202949,0.8977331358851055,0.9330140652710851,5.43908738699957,4.829520697167756,4.752387448840382,908,1,75,0.5,0.5,0.5,stochastic,stochastic,stochastic,0.01
2263,1948,1414,0.9302022192620373,0.8975650723249415,0.9359769183826828,5.560318161732214,4.79517453798768,4.669731258840169,909,1,75,0.5,0.5,0.5,stochastic,stochastic,stochastic,0.01
2178,2006,1441,0.9315808827036196,0.8981411764652334,0.938016535672254,5.706152433425161,4.761216350947159,4.503122831367106,910,1,75,0.5,0.5,0.5,stochastic,stochastic,stochastic,0.01
2040,2111,1474,0.9326548028801736,0.89932843811141,0.9393632224329354,5.796568627450981,4.686878256750355,4.386024423337856,911,1,75,0.5,0.5,0.5,stochastic,stochastic,stochastic,0.01
1876,2223,1526,0.9347826368857522,0.9002265443066195,0.939398122929722,5.792110874200427,4.617633828160144,4.359764089121887,912,1,75,0.5,0.5,0.5,stochastic,stochastic,stochastic,0.01
1737,2345,1543,0.9385265403518691,0.8999622308549389,0.940650704754965,5.620610247553253,4.680170575692964,4.417368762151653,913,1,75,0.5,0.5,0.5,stochastic,stochastic,stochastic,0.01
1650,2364,1611,0.9422089296106572,0.901587972797856,0.9404831446694656,5.52,4.802453468697124,4.31967721911856,914,1,75,0.5,0.5,0.5,stochastic,stochastic,stochastic,0.01
1577,2327,1721,0.9441529212628802,0.901414233871898,0.9412796956883118,5.365250475586556,4.9819510098839705,4.249273678094132,915,1,75,0.5,0.5,0.5,stochastic,stochastic,stochastic,0.01
1516,2237,1872,0.946581195447244,0.9035048896695136,0.9413946502345663,5.308047493403694,5.177469825659365,4.293269230769231,916,1,75,0.5,0.5,0.5,stochastic,stochastic,stochastic,0.01
1533,2103,1989,0.9483826549648282,0.9028827304829443,0.9414016172683963,5.0939334637964775,5.3785068949120305,4.295625942684766,917,1,75,0.5,0.5,0.5,stochastic,stochastic,stochastic,0.01
1541,1982,2102,0.9486664419449589,0.9038716364632041,0.9422658947006428,5.018170019467878,5.469727547931383,4.364890580399619,918,1,75,0.5,0.5,0.5,stochastic,stochastic,stochastic,0.01
1619,1830,2176,0.9493133608278277,0.9042652629208384,0.9421097173533937,4.9697344039530575,5.683060109289618,4.525275735294118,919,1,75,0.5,0.5,0.5,stochastic,stochastic,stochastic,0.01
1645,1771,2209,0.9486982038744962,0.9060497753306386,0.9420944579120473,4.774468085106383,5.660643704121965,4.741511996378452,920,1,75,0.5,0.5,0.5,stochastic,stochastic,stochastic,0.01
1661,1687,2277,0.9483328914210023,0.9087611080281254,0.9419034756376171,4.67730282962071,5.5103734439834025,4.880983750548968,921,1,75,0.5,0.5,0.5,stochastic,stochastic,stochastic,0.01
1754,1609,2262,0.9479837087307542,0.9105818894591272,0.9410635919200206,4.656214367160775,5.410192666252331,5.047745358090186,922,1,75,0.5,0.5,0.5,stochastic,stochastic,stochastic,0.01
1832,1565,2228,0.9460766555952501,0.9125307210899453,0.9411471740362105,4.559497816593886,5.115654952076677,5.171005385996409,923,1,75,0.5,0.5,0.5,stochastic,stochastic,stochastic,0.01
1922,1556,2147,0.9450039632868188,0.9144951271897522,0.9412186142623349,4.577523413111343,5.0218508997429305,5.331159757801584,924,1,75,0.5,0.5,0.5,stochastic,stochastic,stochastic,0.01
2002,1582,2041,0.9436553897081096,0.9151850543142797,0.941214910750434,4.556943056943057,4.821744627054361,5.400293973542381,925,1,75,0.5,0.5,0.5,stochastic,stochastic,stochastic,0.01
2022,1642,1961,0.9424027966524853,0.9167104992628401,0.9420454520743813,4.632047477744807,4.688185140073082,5.489036206017338,926,1,75,0.5,0.5,0.5,stochastic,stochastic,stochastic,0.01
2046,1691,1888,0.9421847326592642,0.9157465583755665,0.9424956592932102,4.705278592375366,4.579538734476641,5.484110169491525,927,1,75,0.5,0.5,0.5,stochastic,stochastic,stochastic,0.01
2057,1756,1812,0.9420477900317804,0.9162929171124146,0.9418936403192375,4.732134175984443,4.575170842824601,5.4657836644591615,928,1,75,0.5,0.5,0.5,stochastic,stochastic,stochastic,0.01
2077,1786,1762,0.9411845971435289,0.9144007151902108,0.9415006158862269,4.827154549831488,4.558790593505039,5.321793416572077,929,1,75,0.5,0.5,0.5,stochastic,stochastic,stochastic,0.01
2128,1796,1701,0.9390677415886683,0.9130272352296745,0.9429188014650247,4.921522556390977,4.639198218262806,5.21575543797766,930,1,75,0.5,0.5,0.5,stochastic,stochastic,stochastic,0.01
2151,1838,1636,0.9385598878559783,0.9104974801547845,0.9427058311776223,4.99674569967457,4.7018498367791075,5.200488997555012,931,1,75,0.5,0.5,0.5,stochastic,stochastic,stochastic,0.01
2146,1846,1633,0.9379621048016398,0.9110765414152643,0.9443447761319639,5.175209692451071,4.702058504875406,4.925290875688916,932,1,75,0.5,0.5,0.5,stochastic,stochastic,stochastic,0.01
2091,1864,1670,0.9382602722758469,0.9102335854969783,0.9438923958208979,5.31037780966045,4.689377682403434,4.769461077844311,933,1,75,0.5,0.5,0.5,stochastic,stochastic,stochastic,0.01
2035,1925,1665,0.9382677845250665,0.9101922568363544,0.9443761897985943,5.370515970515971,4.687792207792207,4.624024024024024,934,1,75,0.5,0.5,0.5,stochastic,stochastic,stochastic,0.01
1969,1978,1678,0.9390958848609888,0.9090239142347235,0.945561279234193,5.485017775520569,4.773003033367037,4.627532777115614,935,1,75,0.5,0.5,0.5,stochastic,stochastic,stochastic,0.01
1851,2003,1771,0.9397030893312787,0.910757944109595,0.9447116998277258,5.5569962182604,4.694957563654518,4.564088085827216,936,1,75,0.5,0.5,0.5,stochastic,stochastic,stochastic,0.01
1726,2060,1839,0.9405420191381401,0.911733955920863,0.9459034967279566,5.594438006952491,4.598543689320389,4.664491571506254,937,1,75,0.5,0.5,0.5,stochastic,stochastic,stochastic,0.01
1631,2072,1922,0.9406608689900896,0.9113642239963488,0.9450306598363817,5.453096259963213,4.604247104247104,4.681581685744017,938,1,75,0.5,0.5,0.5,stochastic,stochastic,stochastic,0.01
1557,2120,1948,0.9418254494398939,0.9123648814967188,0.9456108687192323,5.095054592164419,4.699528301886793,4.792607802874743,939,1,75,0.5,0.5,0.5,stochastic,stochastic,stochastic,0.01
1584,2056,1985,0.9448510177909876,0.9134663686059453,0.946766270912518,4.727904040404041,4.811770428015564,4.781360201511335,940,1,75,0.5,0.5,0.5,stochastic,stochastic,stochastic,0.01
1665,1980,1980,0.9471726278318098,0.9147807984436003,0.94744765966961,4.485285285285285,5.025252525252525,4.835858585858586,941,1,75,0.5,0.5,0.5,stochastic,stochastic,stochastic,0.01
1738,1904,1983,0.9483842067061389,0.9153746718779435,0.9476794517109753,4.433256616800921,5.239495798319328,4.930408472012103,942,1,75,0.5,0.5,0.5,stochastic,stochastic,stochastic,0.01
1813,1814,1998,0.9491123271259987,0.9152817110427636,0.9479958403793846,4.45945945945946,5.379272326350606,4.90990990990991,943,1,75,0.5,0.5,0.5,stochastic,stochastic,stochastic,0.01
1875,1747,2003,0.9503881176048222,0.9143520205143483,0.9482057141777895,4.5408,5.552947910704064,4.977034448327509,944,1,75,0.5,0.5,0.5,stochastic,stochastic,stochastic,0.01
1997,1691,1937,0.9491014235813329,0.9147120952170691,0.9488299293061033,4.547821732598899,5.599645180366647,5.021166752710377,945,1,75,0.5,0.5,0.5,stochastic,stochastic,stochastic,0.01
2065,1667,1893,0.9481509018167987,0.9154260144189936,0.9485228082856749,4.726876513317191,5.4751049790041995,5.0433174854727945,946,1,75,0.5,0.5,0.5,stochastic,stochastic,stochastic,0.01
2110,1630,1885,0.9469443387145641,0.9153776690029035,0.9484491486951493,4.901421800947867,5.528220858895706,5.076923076923077,947,1,75,0.5,0.5,0.5,stochastic,stochastic,stochastic,0.01
2150,1660,1815,0.9462038862662381,0.9163974634340498,0.9475507516799927,5.026046511627907,5.367469879518072,5.093112947658402,948,1,75,0.5,0.5,0.5,stochastic,stochastic,stochastic,0.01
2143,1726,1756,0.9458791169345875,0.9154979051194976,0.9468483647766575,5.095660289314046,5.012746234067207,5.003986332574032,949,1,75,0.5,0.5,0.5,stochastic,stochastic,stochastic,0.01
2205,1773,1647,0.9460132065851214,0.9152080644369968,0.9460162105495575,5.057142857142857,4.822335025380711,4.981177899210686,950,1,75,0.5,0.5,0.5,stochastic,stochastic,stochastic,0.01
2218,1877,1530,0.9449926582978425,0.9145948803424664,0.9458481398274167,5.0653742110009015,4.738412360149174,5.030718954248366,951,1,75,0.5,0.5,0.5,stochastic,stochastic,stochastic,0.01
2143,2003,1479,0.9439176379159889,0.9130532515235652,0.9453455218449203,5.164255716285581,4.677983025461807,5.027045300878973,952,1,75,0.5,0.5,0.5,stochastic,stochastic,stochastic,0.01
2054,2102,1469,0.943697958296688,0.9125394377406807,0.9466339525558565,5.324245374878286,4.702188392007612,4.921715452688904,953,1,75,0.5,0.5,0.5,stochastic,stochastic,stochastic,0.01
1997,2184,1444,0.9434235898541213,0.9097264878766184,0.9464579283465672,5.43264897346019,4.88919413919414,4.849030470914127,954,1,75,0.5,0.5,0.5,stochastic,stochastic,stochastic,0.01
1955,2160,1510,0.9433759378654959,0.9066028418009041,0.9466098449240821,5.535038363171355,4.989351851851852,4.632450331125828,955,1,75,0.5,0.5,0.5,stochastic,stochastic,stochastic,0.01
1914,2179,1532,0.9426572120275791,0.9053686512978658,0.9482468928546093,5.567920585161964,5.146856356126664,4.5835509138381205,956,1,75,0.5,0.5,0.5,stochastic,stochastic,stochastic,0.01
1788,2198,1639,0.9429399860013526,0.9042275048281004,0.9513918034606081,5.6375838926174495,5.195177434030938,4.570469798657718,957,1,75,0.5,0.5,0.5,stochastic,stochastic,stochastic,0.01
1735,2171,1719,0.9429509989197089,0.9041379574190276,0.952788778630368,5.656484149855908,5.358820819898664,4.493891797556719,958,1,75,0.5,0.5,0.5,stochastic,stochastic,stochastic,0.01
1675,2125,1825,0.9427901459723783,0.9038827959896264,0.9532237461242061,5.597014925373134,5.435294117647059,4.500821917808219,959,1,75,0.5,0.5,0.5,stochastic,stochastic,stochastic,0.01
1622,2076,1927,0.9427542001457958,0.9032607079217089,0.9530267565828713,5.668310727496918,5.5,4.570835495588998,960,1,75,0.5,0.5,0.5,stochastic,stochastic,stochastic,0.01
1575,2059,1991,0.9409344301291016,0.9046960255355935,0.9528383064438238,5.525079365079365,5.516755706653715,4.760421898543446,961,1,75,0.5,0.5,0.5,stochastic,stochastic,stochastic,0.01
1497,2067,2061,0.9399889743372699,0.9066553221457282,0.9525139834192721,5.283233132932532,5.419932268988873,4.835031538088306,962,1,75,0.5,0.5,0.5,stochastic,stochastic,stochastic,0.01
1500,2033,2092,0.9384794245886551,0.9101139222746991,0.9530849785843656,4.996,5.367437284800787,4.90057361376673,963,1,75,0.5,0.5,0.5,stochastic,stochastic,stochastic,0.01
1580,1895,2150,0.9364504750478172,0.9123942579295895,0.9525215852791046,4.6556962025316455,5.5108179419525065,4.889302325581395,964,1,75,0.5,0.5,0.5,stochastic,stochastic,stochastic,0.01
1653,1829,2143,0.9357564905629054,0.9138946322922376,0.9529496375461923,4.477918935269208,5.528704209950793,4.9752683154456365,965,1,75,0.5,0.5,0.5,stochastic,stochastic,stochastic,0.01
1740,1712,2173,0.9343431039963285,0.9153300031856224,0.9530867452935605,4.445977011494253,5.429322429906542,4.973768982972849,966,1,75,0.5,0.5,0.5,stochastic,stochastic,stochastic,0.01
1825,1615,2185,0.9337835833138145,0.9165893989356073,0.9539741510423833,4.503013698630137,5.373993808049535,5.0279176201373,967,1,75,0.5,0.5,0.5,stochastic,stochastic,stochastic,0.01
1880,1568,2177,0.9328993640658193,0.9169625409500815,0.953728950984829,4.640425531914894,5.225765306122449,5.142397795130914,968,1,75,0.5,0.5,0.5,stochastic,stochastic,stochastic,0.01
1944,1543,2138,0.9338490798914699,0.9174742539137823,0.9531852373565591,4.6949588477366255,5.066104990278678,5.229186155285313,969,1,75,0.5,0.5,0.5,stochastic,stochastic,stochastic,0.01
1993,1521,2111,0.9321235489820474,0.9202286829783457,0.9519407035901802,4.841445057701957,4.922419460881,5.262908574135481,970,1,75,0.5,0.5,0.5,stochastic,stochastic,stochastic,0.01
2000,1534,2091,0.9317044148830165,0.9246282510536933,0.9514820792734427,5.047,4.846805736636245,5.4289813486370155,971,1,75,0.5,0.5,0.5,stochastic,stochastic,stochastic,0.01
2071,1545,2009,0.9319449447600751,0.9257950849187975,0.9501222281918488,5.097054563013037,4.825889967637541,5.551020408163265,972,1,75,0.5,0.5,0.5,stochastic,stochastic,stochastic,0.01
2120,1609,1896,0.9318593419579405,0.926568452619126,0.9487924969558038,5.121698113207547,4.752641392169049,5.761075949367089,973,1,75,0.5,0.5,0.5,stochastic,stochastic,stochastic,0.01
2159,1653,1813,0.9317881045304536,0.9276810727554311,0.9488126780505332,5.2751273737841595,4.750151240169389,5.90457804743519,974,1,75,0.5,0.5,0.5,stochastic,stochastic,stochastic,0.01
2132,1750,1743,0.9315590891460129,0.9285507256972183,0.9487072871921269,5.315666041275797,4.669142857142857,5.910499139414802,975,1,75,0.5,0.5,0.5,stochastic,stochastic,stochastic,0.01
2134,1853,1638,0.9309276054793844,0.9275902928171448,0.9493306411917714,5.3013120899718835,4.702104695089044,5.934065934065934,976,1,75,0.5,0.5,0.5,stochastic,stochastic,stochastic,0.01
2131,1916,1578,0.9312100826453852,0.9274251311105257,0.9486866834124998,5.300797747536368,4.743736951983299,5.669835234474018,977,1,75,0.5,0.5,0.5,stochastic,stochastic,stochastic,0.01
2133,1960,1532,0.9301225229379866,0.9274556344162123,0.9487625697094838,5.285513361462729,4.827551020408163,5.388381201044386,978,1,75,0.5,0.5,0.5,stochastic,stochastic,stochastic,0.01
2116,2015,1494,0.9312037593405237,0.9273412158264018,0.9482001489803458,5.267485822306238,4.895781637717121,5.132530120481928,979,1,75,0.5,0.5,0.5,stochastic,stochastic,stochastic,0.01
2138,2048,1439,0.9316608985162297,0.926602880065087,0.9463661136360783,5.246492048643592,4.99853515625,4.82765809589993,980,1,75,0.5,0.5,0.5,stochastic,stochastic,stochastic,0.01
2140,2053,1432,0.933975909405707,0.9269713051647491,0.9471381670692296,5.371495327102804,5.190452995616171,4.613826815642458,981,1,75,0.5,0.5,0.5,stochastic,stochastic,stochastic,0.01
2116,2091,1418,0.934964909048783,0.9274790069628454,0.9477371458742685,5.489603024574669,5.357245337159254,4.535260930888575,982,1,75,0.5,0.5,0.5,stochastic,stochastic,stochastic,0.01
2060,2145,1420,0.9353854605045604,0.9291925843820665,0.9491528981334942,5.6640776699029125,5.482983682983683,4.48169014084507,983,1,75,0.5,0.5,0.5,stochastic,stochastic,stochastic,0.01
1995,2213,1417,0.9366987022910052,0.9303072491425601,0.9499999458932864,5.750877192982456,5.501129688206055,4.3585038814396615,984,1,75,0.5,0.5,0.5,stochastic,stochastic,stochastic,0.01
1933,2250,1442,0.9386208526214939,0.9309425752975122,0.9519565033804875,5.7589239524055875,5.520888888888889,4.259361997226075,985,1,75,0.5,0.5,0.5,stochastic,stochastic,stochastic,0.01
1816,2276,1533,0.9417635249358474,0.9304789744712977,0.9530948604042069,5.796806167400881,5.555360281195079,4.217221135029354,986,1,75,0.5,0.5,0.5,stochastic,stochastic,stochastic,0.01
1769,2238,1618,0.9436817134707368,0.9313017896520625,0.9532282249153736,5.819106840022612,5.684986595174263,4.149567367119901,987,1,75,0.5,0.5,0.5,stochastic,stochastic,stochastic,0.01
1700,2178,1747,0.9449096932426164,0.9290724007959624,0.9537168987183509,5.79235294117647,5.693755739210284,4.139668002289639,988,1,75,0.5,0.5,0.5,stochastic,stochastic,stochastic,0.01
1606,2141,1878,0.9460461011696384,0.9280042412694156,0.9552485437682269,5.7210460772104605,5.601588042970574,4.228966986155484,989,1,75,0.5,0.5,0.5,stochastic,stochastic,stochastic,0.01
1592,2078,1955,0.9457986147685268,0.927395523198826,0.9562327058745569,5.5458542713567835,5.593840230991338,4.284398976982097,990,1,75,0.5,0.5,0.5,stochastic,stochastic,stochastic,0.01
1541,1974,2110,0.9454590891459989,0.9273796339321541,0.9558691615103491,5.580791693705386,5.413373860182371,4.390047393364929,991,1,75,0.5,0.5,0.5,stochastic,stochastic,stochastic,0.01
1555,1936,2134,0.9439952975592082,0.9267296344295585,0.9553200677801048,5.237942122186495,5.380165289256198,4.593720712277413,992,1,75,0.5,0.5,0.5,stochastic,stochastic,stochastic,0.01
1552,1855,2218,0.9424546862975959,0.9258602304248351,0.9549765723177757,5.07409793814433,5.33800539083558,4.714156898106403,993,1,75,0.5,0.5,0.5,stochastic,stochastic,stochastic,0.01
1561,1808,2256,0.9396452935518854,0.9242069556179929,0.9544070669554383,4.852658552210122,5.293694690265487,4.9822695035460995,994,1,75,0.5,0.5,0.5,stochastic,stochastic,stochastic,0.01
1675,1764,2186,0.9363196139601797,0.9242773651410356,0.9542983926106858,4.543880597014925,5.349206349206349,5.220494053064959,995,1,75,0.5,0.5,0.5,stochastic,stochastic,stochastic,0.01
1752,1716,2157,0.9347095759804914,0.923464878725485,0.9533868375112655,4.5228310502283104,5.473193473193473,5.498840982846546,996,1,75,0.5,0.5,0.5,stochastic,stochastic,stochastic,0.01
1868,1670,2087,0.933397789494851,0.9241033023888479,0.9533954255705203,4.539079229122056,5.5568862275449105,5.657882127455678,997,1,75,0.5,0.5,0.5,stochastic,stochastic,stochastic,0.01
1951,1669,2005,0.9312099770184624,0.9244419039772395,0.953929063966165,4.583290620194772,5.584182144997004,5.779052369077307,998,1,75,0.5,0.5,0.5,stochastic,stochastic,stochastic,0.01
2017,1603,2005,0.9289226914344914,0.9247606306998992,0.9533279876322512,4.80466038671294,5.618839675608235,5.7905236907730675,999,1,75,0.5,0.5,0.5,stochastic,stochastic,stochastic,0.01
1859,1882,1884,0.5,0.5,0.5,0.0,0.0,0.0,0,2,75,0.5,0.5,0.5,stochastic,stochastic,stochastic,0.01
1822,1906,1897,0.5000074711966065,0.5000795120327896,0.4999542237455239,1.0,1.0,1.0,1,2,75,0.5,0.5,0.5,stochastic,stochastic,stochastic,0.01
1820,1874,1931,0.5002712779200079,0.4999770014283213,0.500015998183252,1.8543956043956045,1.8612593383137674,1.845675815639565,2,2,75,0.5,0.5,0.5,stochastic,stochastic,stochastic,0.01
1844,1840,1941,0.5002513020194623,0.5000891371419778,0.5000513839906514,2.5970715835141,2.6211956521739133,2.5862957238536834,3,2,75,0.5,0.5,0.5,stochastic,stochastic,stochastic,0.01
1867,1843,1915,0.5000650340512973,0.5001837523418774,0.5001080153450341,3.22710230316015,3.253391209983722,3.2412532637075717,4,2,75,0.5,0.5,0.5,stochastic,stochastic,stochastic,0.01
1847,1892,1886,0.5001227248576728,0.5004837344965116,0.5001089224099723,3.7736870600974552,3.7563424947145876,3.823435843054083,5,2,75,0.5,0.5,0.5,stochastic,stochastic,stochastic,0.01
1827,1902,1896,0.4999870206658808,0.5006924841394519,0.500013972714096,4.256704980842912,4.260778128286015,4.3391350210970465,6,2,75,0.5,0.5,0.5,stochastic,stochastic,stochastic,0.01
1826,1952,1847,0.49996271865928665,0.5007726160460806,0.5001477844780714,4.666484118291347,4.698258196721311,4.833784515430428,7,2,75,0.5,0.5,0.5,stochastic,stochastic,stochastic,0.01
1788,1985,1852,0.49993588364502944,0.500529797384963,0.49980011380479256,5.056487695749441,5.080100755667506,5.221922246220302,8,2,75,0.5,0.5,0.5,stochastic,stochastic,stochastic,0.01
1748,1942,1935,0.49980177302681983,0.5003538306440999,0.499836491488065,5.47025171624714,5.470133882595262,5.455297157622739,9,2,75,0.5,0.5,0.5,stochastic,stochastic,stochastic,0.01
1720,1937,1968,0.5000445995308052,0.5004745501191413,0.4997723895488155,5.794186046511628,5.799173980382034,5.7560975609756095,10,2,75,0.5,0.5,0.5,stochastic,stochastic,stochastic,0.01
1704,1944,1977,0.5000649861250395,0.5004941729007689,0.499694102411501,5.90669014084507,6.087448559670782,6.043500252908447,11,2,75,0.5,0.5,0.5,stochastic,stochastic,stochastic,0.01
1725,1930,1970,0.5002379003229956,0.5007334529592598,0.499551135568595,6.081159420289855,6.347150259067358,6.296446700507614,12,2,75,0.5,0.5,0.5,stochastic,stochastic,stochastic,0.01
1705,1903,2017,0.5002572297483346,0.5006641388571067,0.4996321865774239,6.269208211143695,6.576458223857068,6.471492315319781,13,2,75,0.5,0.5,0.5,stochastic,stochastic,stochastic,0.01
1721,1866,2038,0.5003762549558523,0.5010516291497759,0.49974697283092867,6.423590935502615,6.795819935691318,6.633954857703631,14,2,75,0.5,0.5,0.5,stochastic,stochastic,stochastic,0.01
1723,1857,2045,0.5005575180644286,0.5015382175414285,0.4994230403830318,6.529889727219965,6.9283791060850834,6.836674816625917,15,2,75,0.5,0.5,0.5,stochastic,stochastic,stochastic,0.01
1774,1808,2043,0.5003601557369152,0.5013385302190985,0.4991058992384675,6.661217587373168,7.104535398230088,6.938325991189427,16,2,75,0.5,0.5,0.5,stochastic,stochastic,stochastic,0.01
1810,1780,2035,0.5006346132048848,0.5011913603022756,0.49912636861949183,6.686187845303867,7.2674157303370785,7.045208845208845,17,2,75,0.5,0.5,0.5,stochastic,stochastic,stochastic,0.01
1811,1750,2064,0.5005865621790044,0.5014526915128393,0.4990254528931855,6.9116510215350635,7.349142857142857,7.176356589147287,18,2,75,0.5,0.5,0.5,stochastic,stochastic,stochastic,0.01
1830,1700,2095,0.5008203767068031,0.5012932744530515,0.49890539345192847,7.057923497267759,7.45235294117647,7.2496420047732695,19,2,75,0.5,0.5,0.5,stochastic,stochastic,stochastic,0.01
1865,1683,2077,0.5007885797471061,0.5010460110517284,0.49867153619660276,7.055227882037533,7.46524064171123,7.424169475204622,20,2,75,0.5,0.5,0.5,stochastic,stochastic,stochastic,0.01
1916,1627,2082,0.5008561353334456,0.5014043120442061,0.49845043756778945,7.159707724425887,7.544560540872772,7.465417867435159,21,2,75,0.5,0.5,0.5,stochastic,stochastic,stochastic,0.01
1931,1600,2094,0.5012259926239065,0.5013434307419581,0.49844412346435224,7.41998964267219,7.63,7.686723973256925,22,2,75,0.5,0.5,0.5,stochastic,stochastic,stochastic,0.01
1970,1566,2089,0.5015679935413356,0.501873303956663,0.4983929554798053,7.531979695431472,7.669859514687101,7.802297750119674,23,2,75,0.5,0.5,0.5,stochastic,stochastic,stochastic,0.01
1997,1554,2074,0.5014488666533565,0.5024981246107709,0.4988451769539552,7.627441161742614,7.481981981981982,7.89778206364513,24,2,75,0.5,0.5,0.5,stochastic,stochastic,stochastic,0.01
2030,1543,2052,0.5011670373660906,0.5030641217783572,0.49897253062666796,7.758620689655173,7.4692158133506155,8.15009746588694,25,2,75,0.5,0.5,0.5,stochastic,stochastic,stochastic,0.01
2032,1585,2008,0.5012052271380445,0.5035980355028614,0.4989366863475767,7.71751968503937,7.377287066246057,8.272908366533864,26,2,75,0.5,0.5,0.5,stochastic,stochastic,stochastic,0.01
2093,1577,1955,0.5016575700204903,0.5042916546443873,0.4992128687389568,7.814142379359771,7.350665821179454,8.448593350383632,27,2,75,0.5,0.5,0.5,stochastic,stochastic,stochastic,0.01
2145,1588,1892,0.5015718917473085,0.5048776353791838,0.49984451779519545,7.872261072261073,7.32808564231738,8.521141649048626,28,2,75,0.5,0.5,0.5,stochastic,stochastic,stochastic,0.01
2209,1606,1810,0.5012657506600877,0.5051010874064028,0.5002167026152952,7.9416025350837485,7.259028642590287,8.639226519337017,29,2,75,0.5,0.5,0.5,stochastic,stochastic,stochastic,0.01
2236,1636,1753,0.5016608824411707,0.5055544236566217,0.5003357064072452,8.009391771019677,7.349022004889975,8.65373645179692,30,2,75,0.5,0.5,0.5,stochastic,stochastic,stochastic,0.01
2235,1712,1678,0.5016178024397965,0.5063258097204227,0.5004188074978612,8.098881431767337,7.283294392523365,8.695470798569726,31,2,75,0.5,0.5,0.5,stochastic,stochastic,stochastic,0.01
2221,1764,1640,0.5017686658124476,0.5069350126993397,0.5000935802180434,8.167492120666367,7.173469387755102,8.5,32,2,75,0.5,0.5,0.5,stochastic,stochastic,stochastic,0.01
2214,1813,1598,0.5018831013499181,0.5076920880592449,0.5002931480277679,8.346883468834688,7.349145063430778,8.609511889862327,33,2,75,0.5,0.5,0.5,stochastic,stochastic,stochastic,0.01
2168,1868,1589,0.5015143427048606,0.5074804910110665,0.5008140420940068,8.459870848708487,7.39186295503212,8.520453115166772,34,2,75,0.5,0.5,0.5,stochastic,stochastic,stochastic,0.01
2140,1909,1576,0.501830565461065,0.5077664864181713,0.5008794006246587,8.627570093457944,7.545311681508643,8.560913705583756,35,2,75,0.5,0.5,0.5,stochastic,stochastic,stochastic,0.01
2104,1933,1588,0.5014575662344641,0.5076772227253099,0.5006631437308898,8.778041825095057,7.726849456802897,8.44080604534005,36,2,75,0.5,0.5,0.5,stochastic,stochastic,stochastic,0.01
2049,1980,1596,0.5010906771594587,0.5078044490672509,0.5007041094088882,8.968765251342118,7.637878787878788,8.30952380952381,37,2,75,0.5,0.5,0.5,stochastic,stochastic,stochastic,0.01
2038,2001,1586,0.5011840279158588,0.5074954800362783,0.5006523027739704,8.959273797841021,7.791104447776112,8.259773013871374,38,2,75,0.5,0.5,0.5,stochastic,stochastic,stochastic,0.01
1992,2032,1601,0.5011376816377205,0.5076515265352125,0.5008602897196014,9.132028112449799,7.8671259842519685,8.106183635227982,39,2,75,0.5,0.5,0.5,stochastic,stochastic,stochastic,0.01
1929,2062,1634,0.5015509352366971,0.5077923371172082,0.5011222829072219,9.226542249870398,7.887972841901067,8.05079559363525,40,2,75,0.5,0.5,0.5,stochastic,stochastic,stochastic,0.01
1904,2073,1648,0.5014360467171297,0.5081866914788782,0.5011457809312919,9.288340336134453,8.022190062711047,7.905339805825243,41,2,75,0.5,0.5,0.5,stochastic,stochastic,stochastic,0.01
1880,2145,1600,0.5013765086235418,0.5083409947819126,0.5008838421642242,9.207446808510639,8.116083916083916,7.894375,42,2,75,0.5,0.5,0.5,stochastic,stochastic,stochastic,0.01
1840,2142,1643,0.5017543286252126,0.5083754323480018,0.5010362893106735,9.266847826086957,8.296918767507004,7.7102860620815585,43,2,75,0.5,0.5,0.5,stochastic,stochastic,stochastic,0.01
1825,2136,1664,0.5025494525086357,0.5083119398327081,0.5016870149798603,9.344109589041096,8.478464419475655,7.626802884615385,44,2,75,0.5,0.5,0.5,stochastic,stochastic,stochastic,0.01
1757,2163,1705,0.5024315798782581,0.5085528775390445,0.5015427494265327,9.37279453614115,8.482200647249192,7.603519061583578,45,2,75,0.5,0.5,0.5,stochastic,stochastic,stochastic,0.01
1742,2151,1732,0.5024661602856123,0.5092237601049869,0.5022289864130115,9.274397244546499,8.515574151557415,7.552540415704388,46,2,75,0.5,0.5,0.5,stochastic,stochastic,stochastic,0.01
1702,2154,1769,0.5025616501470198,0.5092531023102569,0.5029731844661348,9.08930669800235,8.513927576601672,7.459016393442623,47,2,75,0.5,0.5,0.5,stochastic,stochastic,stochastic,0.01
1665,2138,1822,0.5029238382837314,0.5091161624843118,0.503666742396061,9.11951951951952,8.645930776426567,7.469813391877058,48,2,75,0.5,0.5,0.5,stochastic,stochastic,stochastic,0.01
1608,2131,1886,0.5039950177667673,0.5093918543390509,0.5028788696193358,9.123756218905474,8.777099953073675,7.564687168610816,49,2,75,0.5,0.5,0.5,stochastic,stochastic,stochastic,0.01
1565,2140,1920,0.5047332251729959,0.51035343041858,0.5031554620141441,8.85111821086262,8.739719626168224,7.611458333333333,50,2,75,0.5,0.5,0.5,stochastic,stochastic,stochastic,0.01
1540,2109,1976,0.5056624883563924,0.5110453988107161,0.5034266275052801,8.75,8.632053105737317,7.632085020242915,51,2,75,0.5,0.5,0.5,stochastic,stochastic,stochastic,0.01
1529,2040,2056,0.5065035957874913,0.5112080086018814,0.5035700295705495,8.500981033355133,8.662254901960784,7.558365758754864,52,2,75,0.5,0.5,0.5,stochastic,stochastic,stochastic,0.01
1490,2007,2128,0.5066812443579177,0.5115144037426201,0.5033729358943555,8.480536912751678,8.598405580468361,7.717575187969925,53,2,75,0.5,0.5,0.5,stochastic,stochastic,stochastic,0.01
1488,1970,2167,0.5073750984918607,0.5117302330576319,0.5032348033769596,8.196236559139784,8.590862944162437,7.742501153668666,54,2,75,0.5,0.5,0.5,stochastic,stochastic,stochastic,0.01
1499,1917,2209,0.5071693794857887,0.5120622696968693,0.5034701107493498,8.080053368912608,8.660406885758999,7.828881846989588,55,2,75,0.5,0.5,0.5,stochastic,stochastic,stochastic,0.01
1524,1870,2231,0.5066515536405612,0.5124835112791143,0.5035943127173964,7.950787401574803,8.66951871657754,7.949350067234424,56,2,75,0.5,0.5,0.5,stochastic,stochastic,stochastic,0.01
1562,1821,2242,0.5070906143330387,0.5128245999455087,0.5030321135866977,7.772087067861715,8.747940691927512,8.086975914362176,57,2,75,0.5,0.5,0.5,stochastic,stochastic,stochastic,0.01
1608,1754,2263,0.5066483046874629,0.5135411565045788,0.5033120920719067,7.788557213930348,8.814709236031927,8.157313300927973,58,2,75,0.5,0.5,0.5,stochastic,stochastic,stochastic,0.01
1646,1716,2263,0.5069000534547641,0.5138856179305752,0.5038092626913802,7.649453219927096,8.677156177156178,8.219178082191782,59,2,75,0.5,0.5,0.5,stochastic,stochastic,stochastic,0.01
1717,1645,2263,0.506968016001892,0.513851047751288,0.5034904605605915,7.514851485148514,8.745288753799391,8.21034025629695,60,2,75,0.5,0.5,0.5,stochastic,stochastic,stochastic,0.01
1779,1609,2237,0.507606448951256,0.5144691764549009,0.503298157707516,7.4227093872962335,8.793660658794282,8.389807778274475,61,2,75,0.5,0.5,0.5,stochastic,stochastic,stochastic,0.01
1811,1591,2223,0.5082103555463923,0.5143983454333347,0.5029898931037217,7.426283821093318,8.724701445631679,8.490778227620332,62,2,75,0.5,0.5,0.5,stochastic,stochastic,stochastic,0.01
1840,1623,2162,0.5085673014954559,0.5142990868266507,0.5031992798485154,7.3570652173913045,8.571780653111523,8.629047178538391,63,2,75,0.5,0.5,0.5,stochastic,stochastic,stochastic,0.01
1831,1647,2147,0.5086222912709455,0.5144065128899364,0.5035474178905183,7.3762971054068815,8.482695810564662,8.736376339077783,64,2,75,0.5,0.5,0.5,stochastic,stochastic,stochastic,0.01
1843,1672,2110,0.5088436449873687,0.5143350416101938,0.5039690925308495,7.446554530656538,8.347488038277511,8.955450236966824,65,2,75,0.5,0.5,0.5,stochastic,stochastic,stochastic,0.01
1884,1659,2082,0.5094572780706424,0.5147669578349147,0.504150299016549,7.4723991507431,8.382157926461725,9.112391930835734,66,2,75,0.5,0.5,0.5,stochastic,stochastic,stochastic,0.01
1931,1662,2032,0.5104861473375425,0.514534655791884,0.5037702241337688,7.417918177110305,8.288808664259928,9.167322834645669,67,2,75,0.5,0.5,0.5,stochastic,stochastic,stochastic,0.01
1971,1673,1981,0.510713981978747,0.5145209730757255,0.5038278506850769,7.52105530187722,8.211595935445308,9.296819787985866,68,2,75,0.5,0.5,0.5,stochastic,stochastic,stochastic,0.01
2004,1675,1946,0.5109637790938525,0.5137773598507955,0.5039132400252384,7.4960079840319365,8.088955223880596,9.133093525179856,69,2,75,0.5,0.5,0.5,stochastic,stochastic,stochastic,0.01
2051,1686,1888,0.5114335948249551,0.5130545305161757,0.5038418388005673,7.538761579717211,8.072953736654805,9.134533898305085,70,2,75,0.5,0.5,0.5,stochastic,stochastic,stochastic,0.01
2072,1680,1873,0.5117371101341494,0.5134265737644063,0.5039264247857641,7.666988416988417,7.96547619047619,8.98291510945008,71,2,75,0.5,0.5,0.5,stochastic,stochastic,stochastic,0.01
2111,1672,1842,0.5114730481857511,0.5134214647828128,0.5043492279718126,7.820464234959735,7.9605263157894735,9.026058631921824,72,2,75,0.5,0.5,0.5,stochastic,stochastic,stochastic,0.01
2132,1716,1777,0.5110779767185027,0.5138647395915545,0.5050371299939644,7.896341463414634,7.9475524475524475,9.055711873944851,73,2,75,0.5,0.5,0.5,stochastic,stochastic,stochastic,0.01
2166,1755,1704,0.5113504372375277,0.514045201125811,0.5045533543731963,8.060018467220683,8.015384615384615,9.208920187793428,74,2,75,0.5,0.5,0.5,stochastic,stochastic,stochastic,0.01
2156,1756,1713,0.5116004930396497,0.5138230897994692,0.5046264506093631,8.34369202226345,7.899772209567198,9.053706946876824,75,2,75,0.5,0.5,0.5,stochastic,stochastic,stochastic,0.01
2185,1729,1711,0.5118860550518304,0.5136065415127946,0.5048900795518908,8.531350114416476,7.9421631000578365,8.810052600818235,76,2,75,0.5,0.5,0.5,stochastic,stochastic,stochastic,0.01
2197,1761,1667,0.512803300732698,0.5133382266274451,0.5048013120862118,8.5553026854802,7.985235661555934,8.805638872225554,77,2,75,0.5,0.5,0.5,stochastic,stochastic,stochastic,0.01
2169,1815,1641,0.5130566563587473,0.512490773897275,0.505331692495992,8.761180267404335,7.965840220385675,8.928092626447288,78,2,75,0.5,0.5,0.5,stochastic,stochastic,stochastic,0.01
2115,1876,1634,0.5134798482766568,0.5132677113414763,0.504940709834159,8.967848699763593,7.862473347547974,8.85985312117503,79,2,75,0.5,0.5,0.5,stochastic,stochastic,stochastic,0.01
2109,1899,1617,0.5137926372043731,0.5131598581474165,0.5063323792004419,9.039355144618302,7.874144286466561,8.677798392084107,80,2,75,0.5,0.5,0.5,stochastic,stochastic,stochastic,0.01
2097,1935,1593,0.5138115713641667,0.5133188353719261,0.5063140779683377,9.010491177873153,7.879586563307494,8.632140615191462,81,2,75,0.5,0.5,0.5,stochastic,stochastic,stochastic,0.01
2064,2002,1559,0.5140129517632798,0.5145795479447126,0.5073609290446,9.057170542635658,7.912087912087912,8.527261064785119,82,2,75,0.5,0.5,0.5,stochastic,stochastic,stochastic,0.01
2003,2038,1584,0.5142794754630705,0.5159954193003895,0.5086032237950132,9.141787319021468,7.880765456329735,8.39520202020202,83,2,75,0.5,0.5,0.5,stochastic,stochastic,stochastic,0.01
1952,2091,1582,0.5147750457269368,0.5168550476288845,0.5087701651219388,9.315061475409836,7.997608799617408,8.419089759797725,84,2,75,0.5,0.5,0.5,stochastic,stochastic,stochastic,0.01
1911,2113,1601,0.5147781028437858,0.517504319642325,0.5089687604576542,9.330193615907902,8.077141504969237,8.22361024359775,85,2,75,0.5,0.5,0.5,stochastic,stochastic,stochastic,0.01
1859,2148,1618,0.515063026304003,0.5181972533127269,0.5092670496086107,9.171597633136095,8.078677839851025,8.024721878862794,86,2,75,0.5,0.5,0.5,stochastic,stochastic,stochastic,0.01
1822,2160,1643,0.5152130686878521,0.5180165851423045,0.5092693162611357,9.245334796926455,8.241203703703704,7.997565429093123,87,2,75,0.5,0.5,0.5,stochastic,stochastic,stochastic,0.01
1740,2187,1698,0.5156052291498799,0.5186727274596074,0.510682230166916,9.35287356321839,8.268404206675811,7.946407538280329,88,2,75,0.5,0.5,0.5,stochastic,stochastic,stochastic,0.01
1692,2180,1753,0.5156871117515024,0.518346905319746,0.510685384838282,9.436170212765957,8.453211009174312,7.9794637763833425,89,2,75,0.5,0.5,0.5,stochastic,stochastic,stochastic,0.01
1660,2187,1778,0.5161854921478731,0.5181539743711132,0.5109956655493797,9.445180722891566,8.62962962962963,8.061304836895388,90,2,75,0.5,0.5,0.5,stochastic,stochastic,stochastic,0.01
1616,2184,1825,0.5158414174192053,0.5182330399361276,0.5113891256858395,9.429455445544555,8.743131868131869,8.162191780821917,91,2,75,0.5,0.5,0.5,stochastic,stochastic,stochastic,0.01
1572,2199,1854,0.5173338758569765,0.5185927723887056,0.511763394759085,9.37849872773537,8.955434288312869,8.336569579288026,92,2,75,0.5,0.5,0.5,stochastic,stochastic,stochastic,0.01
1519,2164,1942,0.5176178897738876,0.5191833530985204,0.5133863878406306,9.514812376563528,9.141866913123845,8.423274974253347,93,2,75,0.5,0.5,0.5,stochastic,stochastic,stochastic,0.01
1504,2109,2012,0.5171303780025969,0.5200917762696785,0.5137063151654258,9.382313829787234,9.262209577999052,8.418986083499005,94,2,75,0.5,0.5,0.5,stochastic,stochastic,stochastic,0.01
1481,2063,2081,0.5168904808629523,0.5206645206240795,0.5140252001795337,9.226198514517218,9.217159476490547,8.441614608361364,95,2,75,0.5,0.5,0.5,stochastic,stochastic,stochastic,0.01
1436,2078,2111,0.5169845837477018,0.5215410552593353,0.5138307159467973,9.008356545961004,9.14725697786333,8.521080056845097,96,2,75,0.5,0.5,0.5,stochastic,stochastic,stochastic,0.01
1435,2052,2138,0.5172870953082942,0.5216178816899733,0.5145531096518436,8.767247386759582,9.237816764132553,8.53601496725912,97,2,75,0.5,0.5,0.5,stochastic,stochastic,stochastic,0.01
1433,1985,2207,0.5179117388062328,0.5217599912329024,0.51514980811226,8.469644103279833,9.212594458438288,8.516085183507023,98,2,75,0.5,0.5,0.5,stochastic,stochastic,stochastic,0.01
1477,1947,2201,0.5189819754986952,0.5221353490374192,0.5153986855011513,8.068381855111713,9.3954802259887,8.671058609722854,99,2,75,0.5,0.5,0.5,stochastic,stochastic,stochastic,0.01
1492,1898,2235,0.5199245414571876,0.5236887370266703,0.515735589381726,7.8974530831099194,9.514752370916755,8.754809843400448,100,2,75,0.5,0.5,0.5,stochastic,stochastic,stochastic,0.01
1526,1810,2289,0.5200187356914331,0.5242844986498414,0.5173984365379988,7.834862385321101,9.63646408839779,8.687199650502404,101,2,75,0.5,0.5,0.5,stochastic,stochastic,stochastic,0.01
1602,1722,2301,0.5203403131199591,0.5248113439269503,0.5181663981782841,7.556179775280899,9.618466898954704,8.667970447631465,102,2,75,0.5,0.5,0.5,stochastic,stochastic,stochastic,0.01
1677,1675,2273,0.5210579627728145,0.5252742149700278,0.5186298860255618,7.372093023255814,9.587462686567164,8.785745710514739,103,2,75,0.5,0.5,0.5,stochastic,stochastic,stochastic,0.01
1741,1638,2246,0.5219450345597655,0.5259006698066,0.5190271098770535,7.22400919012062,9.505494505494505,8.897150489759573,104,2,75,0.5,0.5,0.5,stochastic,stochastic,stochastic,0.01
1849,1570,2206,0.5222561681879174,0.5260035467119554,0.5190497503625189,7.250946457544619,9.50828025477707,8.820036264732547,105,2,75,0.5,0.5,0.5,stochastic,stochastic,stochastic,0.01
1910,1517,2198,0.5227530809924186,0.5261916753747308,0.5193199097198944,7.356020942408377,9.458141067897165,8.894904458598726,106,2,75,0.5,0.5,0.5,stochastic,stochastic,stochastic,0.01
2025,1482,2118,0.5236528341917724,0.526515878767147,0.5194606653848969,7.490864197530864,9.42037786774629,8.944759206798867,107,2,75,0.5,0.5,0.5,stochastic,stochastic,stochastic,0.01
2111,1442,2072,0.5248686391120182,0.5264528618193768,0.5195362112430283,7.660824253908101,9.455617198335645,9.063223938223938,108,2,75,0.5,0.5,0.5,stochastic,stochastic,stochastic,0.01
2158,1454,2013,0.5255577426319694,0.5267770254995741,0.5196004969554522,7.760889712696942,9.18019257221458,9.089915548931943,109,2,75,0.5,0.5,0.5,stochastic,stochastic,stochastic,0.01
2185,1460,1980,0.524645633279554,0.5266771125262956,0.5190494625596207,8.032951945080091,8.86917808219178,9.10909090909091,110,2,75,0.5,0.5,0.5,stochastic,stochastic,stochastic,0.01
2227,1424,1974,0.5249173024742181,0.5272226721984533,0.5192443862108597,8.277054333183655,8.757022471910112,9.056737588652481,111,2,75,0.5,0.5,0.5,stochastic,stochastic,stochastic,0.01
2226,1437,1962,0.5254979727037346,0.5277901524814074,0.519098108396603,8.495058400718777,8.419624217118997,9.058103975535168,112,2,75,0.5,0.5,0.5,stochastic,stochastic,stochastic,0.01
2259,1446,1920,0.5252786747458277,0.5263195632186047,0.5194985616225639,8.578131916777336,8.219917012448132,9.039583333333333,113,2,75,0.5,0.5,0.5,stochastic,stochastic,stochastic,0.01
2326,1453,1846,0.5250932414745456,0.5255377624437703,0.5192284854492712,8.739466895958728,8.141775636613902,9.23076923076923,114,2,75,0.5,0.5,0.5,stochastic,stochastic,stochastic,0.01
2336,1482,1807,0.5247738237088971,0.5249503687895256,0.5194617914476363,8.957191780821917,7.97165991902834,9.250138350857775,115,2,75,0.5,0.5,0.5,stochastic,stochastic,stochastic,0.01
2369,1505,1751,0.5252564513942121,0.5250362050712554,0.5185259967690179,9.170536091177713,7.887707641196013,9.288406624785837,116,2,75,0.5,0.5,0.5,stochastic,stochastic,stochastic,0.01
2411,1545,1669,0.5261895608622568,0.5241054283761499,0.5180660454738931,9.228535877229366,7.917152103559871,9.348112642300778,117,2,75,0.5,0.5,0.5,stochastic,stochastic,stochastic,0.01
2441,1552,1632,0.526830098401334,0.5234169314537918,0.518196962162784,9.468660385088079,8.01159793814433,9.288602941176471,118,2,75,0.5,0.5,0.5,stochastic,stochastic,stochastic,0.01
2463,1594,1568,0.5273911951752353,0.5231645319418868,0.5175793696845068,9.552172147787251,7.887076537013802,9.455994897959183,119,2,75,0.5,0.5,0.5,stochastic,stochastic,stochastic,0.01
2473,1660,1492,0.5279683388176727,0.5229162939433208,0.5170315699462732,9.732713303679741,7.740361445783132,9.368632707774799,120,2,75,0.5,0.5,0.5,stochastic,stochastic,stochastic,0.01
2444,1711,1470,0.5279015664590552,0.523287531120266,0.5178179854373213,9.938216039279869,7.616014026884863,9.15986394557823,121,2,75,0.5,0.5,0.5,stochastic,stochastic,stochastic,0.01
2394,1784,1447,0.5287386449810183,0.5228232913333037,0.5185947162647846,10.015037593984962,7.584641255605381,9.032480995162405,122,2,75,0.5,0.5,0.5,stochastic,stochastic,stochastic,0.01
2332,1834,1459,0.5292611768983889,0.5241059268871568,0.5196881164500257,10.226843910806174,7.564340239912759,8.775188485263879,123,2,75,0.5,0.5,0.5,stochastic,stochastic,stochastic,0.01
2265,1914,1446,0.5295787483229585,0.523127874877524,0.5195318833586039,10.322295805739515,7.611807732497388,8.724066390041493,124,2,75,0.5,0.5,0.5,stochastic,stochastic,stochastic,0.01
2213,1968,1444,0.5302430041715148,0.5226061752088164,0.5195347407007012,10.439674649796656,7.741361788617886,8.608725761772853,125,2,75,0.5,0.5,0.5,stochastic,stochastic,stochastic,0.01
2172,2029,1424,0.5310806973270189,0.5228359258144665,0.5203262250954286,10.437384898710865,7.850172498767866,8.472612359550562,126,2,75,0.5,0.5,0.5,stochastic,stochastic,stochastic,0.01
2091,2067,1467,0.5312329985639979,0.5231863789910399,0.52105265164574,10.53897656623625,7.887760038703435,8.34560327198364,127,2,75,0.5,0.5,0.5,stochastic,stochastic,stochastic,0.01
2033,2128,1464,0.5312788678786626,0.5226321611490223,0.5214583972102168,10.665027053615347,7.99765037593985,8.425546448087431,128,2,75,0.5,0.5,0.5,stochastic,stochastic,stochastic,0.01
1961,2199,1465,0.5314781789657345,0.523673374538163,0.5218421355661981,10.704232534421214,8.088221919054115,8.392491467576791,129,2,75,0.5,0.5,0.5,stochastic,stochastic,stochastic,0.01
1860,2281,1484,0.5314537265332325,0.5241766398076909,0.5224713098105673,10.683870967741935,8.19596668128014,8.348382749326145,130,2,75,0.5,0.5,0.5,stochastic,stochastic,stochastic,0.01
1796,2332,1497,0.5312581897318033,0.5237198040478768,0.5224365647559894,10.507238307349667,8.367066895368783,8.260521042084168,131,2,75,0.5,0.5,0.5,stochastic,stochastic,stochastic,0.01
1714,2391,1520,0.5306297835281295,0.5237637232457867,0.5228731805191974,10.463827304550758,8.551652028439984,8.133552631578947,132,2,75,0.5,0.5,0.5,stochastic,stochastic,stochastic,0.01
1642,2400,1583,0.5298808250950842,0.5243959356267692,0.5227895925286129,10.518879415347138,8.729583333333334,8.085912823752368,133,2,75,0.5,0.5,0.5,stochastic,stochastic,stochastic,0.01
1573,2424,1628,0.5296744881425087,0.5246839758098317,0.522895774367383,10.395422759059123,8.833333333333334,8.04914004914005,134,2,75,0.5,0.5,0.5,stochastic,stochastic,stochastic,0.01
1516,2453,1656,0.5295165844220425,0.5246844144708159,0.5235241269201143,10.195250659630608,9.02282918874847,8.033816425120772,135,2,75,0.5,0.5,0.5,stochastic,stochastic,stochastic,0.01
1469,2436,1720,0.5285615682717936,0.5251798311868041,0.5249164873869281,10.110959836623554,9.170361247947454,7.8895348837209305,136,2,75,0.5,0.5,0.5,stochastic,stochastic,stochastic,0.01
1397,2447,1781,0.5283874971187045,0.5261715186803144,0.5246707115322746,9.948460987831066,9.34981610134859,7.950589556428972,137,2,75,0.5,0.5,0.5,stochastic,stochastic,stochastic,0.01
1386,2406,1833,0.5278057661513934,0.5266787676744633,0.5254060445891441,9.796536796536797,9.636741479634248,7.903436988543372,138,2,75,0.5,0.5,0.5,stochastic,stochastic,stochastic,0.01
1379,2367,1879,0.528475750313408,0.5280033970069259,0.527084942567974,9.369108049311095,9.857203210815378,7.896221394358702,139,2,75,0.5,0.5,0.5,stochastic,stochastic,stochastic,0.01
1397,2293,1935,0.5291011492480181,0.528404957682288,0.5277017594496208,9.054402290622763,10.154819014391627,7.859948320413436,140,2,75,0.5,0.5,0.5,stochastic,stochastic,stochastic,0.01
1377,2232,2016,0.5289164402517679,0.5289101124893735,0.5282221385443431,8.931735657225854,10.165322580645162,7.879960317460317,141,2,75,0.5,0.5,0.5,stochastic,stochastic,stochastic,0.01
1385,2172,2068,0.5294182224495441,0.5297337480029016,0.5289680630589346,8.486642599277978,10.345303867403315,7.952127659574468,142,2,75,0.5,0.5,0.5,stochastic,stochastic,stochastic,0.01
1376,2137,2112,0.529873068687383,0.5302178303774485,0.5296755099016236,8.13953488372093,10.474029012634535,8.063446969696969,143,2,75,0.5,0.5,0.5,stochastic,stochastic,stochastic,0.01
1396,2061,2168,0.531205883422739,0.5312894410086845,0.529849281594162,8.012893982808023,10.633187772925764,8.105627306273062,144,2,75,0.5,0.5,0.5,stochastic,stochastic,stochastic,0.01
1430,2015,2180,0.5314620063662289,0.5322847694315376,0.5299828190771368,7.8076923076923075,10.615880893300249,8.245871559633027,145,2,75,0.5,0.5,0.5,stochastic,stochastic,stochastic,0.01
1475,1933,2217,0.5317283123033388,0.5320949649597958,0.5305443011691399,7.56542372881356,10.710812209001553,8.33062697338746,146,2,75,0.5,0.5,0.5,stochastic,stochastic,stochastic,0.01
1533,1862,2230,0.5324073602233237,0.5327946348316391,0.5309461363696089,7.362035225048924,10.80343716433942,8.372197309417041,147,2,75,0.5,0.5,0.5,stochastic,stochastic,stochastic,0.01
1591,1794,2240,0.5318385674641577,0.5336029343416425,0.5309286745070503,7.4016341923318665,10.831103678929766,8.482142857142858,148,2,75,0.5,0.5,0.5,stochastic,stochastic,stochastic,0.01
1668,1676,2281,0.5319358519133907,0.5348629915500687,0.5306166363490192,7.386091127098322,10.887231503579953,8.360368259535292,149,2,75,0.5,0.5,0.5,stochastic,stochastic,stochastic,0.01
1768,1604,2253,0.5323288840214192,0.5356969411817323,0.5310205571409576,7.4338235294117645,10.748753117206983,8.413226808699513,150,2,75,0.5,0.5,0.5,stochastic,stochastic,stochastic,0.01
1808,1539,2278,0.5332191749446672,0.5376712869131143,0.5312989795301979,7.475663716814159,10.423651721897336,8.527655838454784,151,2,75,0.5,0.5,0.5,stochastic,stochastic,stochastic,0.01
1876,1492,2257,0.5333148948756662,0.537590760751037,0.5310046873875038,7.494669509594883,10.142761394101877,8.63579973416039,152,2,75,0.5,0.5,0.5,stochastic,stochastic,stochastic,0.01
1933,1465,2227,0.5342445580983152,0.5378149800995379,0.5306876738478891,7.678737713398862,9.766552901023891,8.697350696003593,153,2,75,0.5,0.5,0.5,stochastic,stochastic,stochastic,0.01
1973,1470,2182,0.5349219977837605,0.5389544315906426,0.5311603806414907,7.7663456664977195,9.348299319727891,8.89000916590284,154,2,75,0.5,0.5,0.5,stochastic,stochastic,stochastic,0.01
1987,1469,2169,0.5362914152503208,0.5392060616015982,0.5316018864905607,7.834423754403623,8.82641252552757,9.005993545412633,155,2,75,0.5,0.5,0.5,stochastic,stochastic,stochastic,0.01
2060,1417,2148,0.538041571559672,0.5389062029923051,0.5325141667995091,7.875242718446602,8.620324629498942,8.935754189944134,156,2,75,0.5,0.5,0.5,stochastic,stochastic,stochastic,0.01
2110,1409,2106,0.539437947230803,0.538390991011886,0.5335712107205433,7.946445497630331,8.422285308729595,9.006172839506172,157,2,75,0.5,0.5,0.5,stochastic,stochastic,stochastic,0.01
2194,1417,2014,0.540486523333761,0.5377132087416273,0.5334596347117956,7.988605287146764,8.274523641496119,9.239324726911619,158,2,75,0.5,0.5,0.5,stochastic,stochastic,stochastic,0.01
2260,1416,1949,0.5410145359685853,0.5374610462884305,0.5343596598566535,8.142920353982301,8.221045197740112,9.36326321190354,159,2,75,0.5,0.5,0.5,stochastic,stochastic,stochastic,0.01
2285,1449,1891,0.5425920810993136,0.5376992029783619,0.5351356188204086,8.221006564551422,7.962042788129745,9.319407720782655,160,2,75,0.5,0.5,0.5,stochastic,stochastic,stochastic,0.01
2327,1509,1789,0.5440011598787439,0.5367443647835545,0.5365699694226671,8.340782122905027,7.770709078860173,9.493012856344327,161,2,75,0.5,0.5,0.5,stochastic,stochastic,stochastic,0.01
2357,1549,1719,0.5447960208908371,0.5338679380839059,0.5381875690467844,8.433177768349596,7.566171723692705,9.489819662594531,162,2,75,0.5,0.5,0.5,stochastic,stochastic,stochastic,0.01
2384,1584,1657,0.5462956011498543,0.5325318259957312,0.5402624209311288,8.47231543624161,7.546085858585859,9.395292697646349,163,2,75,0.5,0.5,0.5,stochastic,stochastic,stochastic,0.01
2376,1627,1622,0.5478706482460459,0.530239254019857,0.5434498441607845,8.526094276094277,7.373693915181315,9.300246609124537,164,2,75,0.5,0.5,0.5,stochastic,stochastic,stochastic,0.01
2405,1668,1552,0.5486101619684474,0.5283711916443921,0.5443979130267758,8.584615384615384,7.4310551558753,9.24291237113402,165,2,75,0.5,0.5,0.5,stochastic,stochastic,stochastic,0.01
2406,1705,1514,0.5499175259150356,0.5267450541825011,0.5464248996719482,8.670822942643392,7.544281524926686,9.0667107001321,166,2,75,0.5,0.5,0.5,stochastic,stochastic,stochastic,0.01
2390,1737,1498,0.5505943770265604,0.5256243290925736,0.5470529689591265,8.847698744769874,7.563039723661485,8.790387182910548,167,2,75,0.5,0.5,0.5,stochastic,stochastic,stochastic,0.01
2382,1741,1502,0.5503086986804048,0.5242450616819182,0.5484108009546579,9.02015113350126,7.623779437105112,8.631824234354195,168,2,75,0.5,0.5,0.5,stochastic,stochastic,stochastic,0.01
2347,1788,1490,0.5500853610685149,0.5238818639623859,0.5492790011564107,9.105240732850447,7.470357941834452,8.336241610738256,169,2,75,0.5,0.5,0.5,stochastic,stochastic,stochastic,0.01
2347,1799,1479,0.5498561981372405,0.5241785360360685,0.5507066541699709,9.298253089049851,7.599221789883268,8.139283299526706,170,2,75,0.5,0.5,0.5,stochastic,stochastic,stochastic,0.01
2339,1812,1474,0.5500142312921358,0.5238147313554623,0.5528756825998541,9.533133817870885,7.64514348785872,7.888738127544098,171,2,75,0.5,0.5,0.5,stochastic,stochastic,stochastic,0.01
2311,1833,1481,0.5492007522038919,0.5241592137936292,0.5554466074423992,9.675465166594547,7.653573376977632,7.571910871033086,172,2,75,0.5,0.5,0.5,stochastic,stochastic,stochastic,0.01
2271,1841,1513,0.5489066000700258,0.525601087788712,0.5577098139959297,9.808454425363276,7.664312873438349,7.373430270984798,173,2,75,0.5,0.5,0.5,stochastic,stochastic,stochastic,0.01
2255,1849,1521,0.5481178685960606,0.5261556031017225,0.5597589246555348,9.880709534368071,7.6771227690643595,7.226824457593688,174,2,75,0.5,0.5,0.5,stochastic,stochastic,stochastic,0.01
2230,1881,1514,0.54700785929832,0.5265632114425767,0.5621182241861044,9.973094170403588,7.670388091440723,7.155878467635403,175,2,75,0.5,0.5,0.5,stochastic,stochastic,stochastic,0.01
2177,1905,1543,0.5459719016582134,0.5282114623737822,0.5629354953827281,10.024804777216353,7.667191601049868,7.083603370058328,176,2,75,0.5,0.5,0.5,stochastic,stochastic,stochastic,0.01
2150,1932,1543,0.5445445123881575,0.5301813231985772,0.5638538297756682,10.053953488372093,7.682712215320911,7.062864549578743,177,2,75,0.5,0.5,0.5,stochastic,stochastic,stochastic,0.01
2093,1994,1538,0.5432696006978317,0.5322783359854644,0.5642511298588399,10.20831342570473,7.702607823470411,7.249024707412223,178,2,75,0.5,0.5,0.5,stochastic,stochastic,stochastic,0.01
2055,2013,1557,0.5420612129752763,0.5330187693853538,0.56601589491483,10.372749391727494,7.831097863884749,7.29543994861914,179,2,75,0.5,0.5,0.5,stochastic,stochastic,stochastic,0.01
2030,2022,1573,0.5416486851529028,0.5328326508676383,0.5663953674444145,10.338423645320198,8.008902077151335,7.274634456452638,180,2,75,0.5,0.5,0.5,stochastic,stochastic,stochastic,0.01
1990,2041,1594,0.5409295691630497,0.5342165745193881,0.5673627090492259,10.414572864321608,8.085252327290544,7.31555834378921,181,2,75,0.5,0.5,0.5,stochastic,stochastic,stochastic,0.01
1989,2041,1595,0.5403832271695174,0.5333270014824365,0.5674316803509741,10.40221216691805,8.394414502694758,7.481504702194357,182,2,75,0.5,0.5,0.5,stochastic,stochastic,stochastic,0.01
1943,2061,1621,0.5396140700615474,0.5359555521685947,0.5670467104044594,10.370046320123521,8.461426491994178,7.537322640345466,183,2,75,0.5,0.5,0.5,stochastic,stochastic,stochastic,0.01
1925,2102,1598,0.5392014365132224,0.536387673807242,0.5669448026934963,10.155324675324675,8.538058991436728,7.72090112640801,184,2,75,0.5,0.5,0.5,stochastic,stochastic,stochastic,0.01
1888,2114,1623,0.5392936551855003,0.5378084308686967,0.56727151572896,10.139300847457626,8.555818353831599,7.69747381392483,185,2,75,0.5,0.5,0.5,stochastic,stochastic,stochastic,0.01
1851,2146,1628,0.5400366683752162,0.5388220689926321,0.5674658902823614,10.033495407887628,8.639794967381174,7.778255528255528,186,2,75,0.5,0.5,0.5,stochastic,stochastic,stochastic,0.01
1839,2181,1605,0.54257062249849,0.5394709122547694,0.5666549127496927,9.8194671016857,8.690508940852819,7.859190031152648,187,2,75,0.5,0.5,0.5,stochastic,stochastic,stochastic,0.01
1835,2180,1610,0.543319774256157,0.5404758017069922,0.5661127212092496,9.689373297002724,8.855045871559634,7.863354037267081,188,2,75,0.5,0.5,0.5,stochastic,stochastic,stochastic,0.01
1804,2164,1657,0.5455077455835614,0.5408717350631105,0.565826919155313,9.528270509977826,8.95841035120148,7.6898008449004225,189,2,75,0.5,0.5,0.5,stochastic,stochastic,stochastic,0.01
1752,2176,1697,0.5464874522999577,0.5429904136208549,0.5656403122627897,9.335616438356164,8.9296875,7.660577489687684,190,2,75,0.5,0.5,0.5,stochastic,stochastic,stochastic,0.01
1746,2126,1753,0.5482696536715447,0.5441234828220495,0.5644484391470351,9.186712485681557,8.990592662276576,7.495151169423845,191,2,75,0.5,0.5,0.5,stochastic,stochastic,stochastic,0.01
1703,2101,1821,0.5504765450815979,0.5444358311734828,0.5634957421817052,8.826776277157956,8.782008567348882,7.3311367380560135,192,2,75,0.5,0.5,0.5,stochastic,stochastic,stochastic,0.01
1708,2035,1882,0.5508513667049871,0.5459788121110681,0.5633707410729967,8.710187353629976,8.845208845208845,7.294367693942614,193,2,75,0.5,0.5,0.5,stochastic,stochastic,stochastic,0.01
1714,2001,1910,0.5514158841340605,0.5469091005161624,0.5627038819073522,8.439906651108519,8.801099450274863,7.327225130890052,194,2,75,0.5,0.5,0.5,stochastic,stochastic,stochastic,0.01
1737,1972,1916,0.5531468230628925,0.5467387043032631,0.5625724561520078,8.33160621761658,8.720588235294118,7.348643006263048,195,2,75,0.5,0.5,0.5,stochastic,stochastic,stochastic,0.01
1744,1935,1946,0.5536292701703659,0.5449662968551106,0.5627956463105334,8.176032110091743,8.731266149870802,7.3175745118191164,196,2,75,0.5,0.5,0.5,stochastic,stochastic,stochastic,0.01
1742,1882,2001,0.5550275984206465,0.5444909441697926,0.5646590718747373,7.977037887485649,8.519659936238044,7.133933033483259,197,2,75,0.5,0.5,0.5,stochastic,stochastic,stochastic,0.01
1757,1831,2037,0.5555831116161951,0.544468035027724,0.5648471463193788,7.854297097324986,8.336428181321683,7.163966617574865,198,2,75,0.5,0.5,0.5,stochastic,stochastic,stochastic,0.01
1773,1766,2086,0.5561598163624065,0.5436876709436407,0.5666814563778303,7.838691483361534,8.191959229898075,7.151486097794822,199,2,75,0.5,0.5,0.5,stochastic,stochastic,stochastic,0.01
1790,1711,2124,0.5561460002731219,0.5430164749142079,0.5685500668638854,7.868715083798882,8.064874342489771,7.232580037664784,200,2,75,0.5,0.5,0.5,stochastic,stochastic,stochastic,0.01
1773,1715,2137,0.5551014732240311,0.5427835559455125,0.5691665513752762,7.955442752397067,7.872303206997085,7.376696303228825,201,2,75,0.5,0.5,0.5,stochastic,stochastic,stochastic,0.01
1784,1700,2141,0.5556820359203919,0.5427304119677602,0.5694535594012694,7.959641255605381,7.784705882352942,7.584306398879028,202,2,75,0.5,0.5,0.5,stochastic,stochastic,stochastic,0.01
1831,1662,2132,0.554859851859501,0.541697481662925,0.5707795704122731,7.922992900054615,7.864620938628159,7.804409005628518,203,2,75,0.5,0.5,0.5,stochastic,stochastic,stochastic,0.01
1850,1683,2092,0.5549070629077686,0.5413261327153642,0.5713451667665774,7.931351351351351,7.7967914438502675,8.060707456978967,204,2,75,0.5,0.5,0.5,stochastic,stochastic,stochastic,0.01
1892,1701,2032,0.5551914069174501,0.5415786451239423,0.5714985667602765,7.821353065539112,7.854791299235743,8.235728346456693,205,2,75,0.5,0.5,0.5,stochastic,stochastic,stochastic,0.01
1894,1728,2003,0.5547513472381793,0.5395375711194705,0.5722408512804438,7.795142555438226,7.89525462962963,8.425861208187719,206,2,75,0.5,0.5,0.5,stochastic,stochastic,stochastic,0.01
1918,1742,1965,0.5548975454248719,0.5397429886624902,0.5723357695390708,7.808654848800834,7.8817451205510904,8.577608142493638,207,2,75,0.5,0.5,0.5,stochastic,stochastic,stochastic,0.01
1949,1752,1924,0.5539698152886022,0.5389698259848126,0.5733754261958383,7.867624422780914,7.929223744292237,8.624740124740125,208,2,75,0.5,0.5,0.5,stochastic,stochastic,stochastic,0.01
1988,1751,1886,0.5549732784443739,0.5398530777752987,0.5736800033019321,7.861167002012072,7.962307252998286,8.601272534464474,209,2,75,0.5,0.5,0.5,stochastic,stochastic,stochastic,0.01
1990,1775,1860,0.5565792083117505,0.5425797292513799,0.5742318601920319,7.895979899497488,7.916619718309859,8.583870967741936,210,2,75,0.5,0.5,0.5,stochastic,stochastic,stochastic,0.01
2016,1781,1828,0.5568835649668207,0.5430078294318863,0.5736135778876003,7.930555555555555,7.910162829870859,8.595733041575492,211,2,75,0.5,0.5,0.5,stochastic,stochastic,stochastic,0.01
2061,1792,1772,0.5576325470802788,0.5432187388014108,0.5736016304650198,8.03299369238234,8.029017857142858,8.698081264108351,212,2,75,0.5,0.5,0.5,stochastic,stochastic,stochastic,0.01
2090,1848,1687,0.5575942996328792,0.5431130406256761,0.5727861393421763,8.020095693779904,8.077922077922079,8.736218138707764,213,2,75,0.5,0.5,0.5,stochastic,stochastic,stochastic,0.01
2100,1931,1594,0.5581818287934469,0.543468564909408,0.5730093963731853,7.972857142857142,8.080269290523045,8.755332496863238,214,2,75,0.5,0.5,0.5,stochastic,stochastic,stochastic,0.01
2131,1919,1575,0.55837963475877,0.5430793766961343,0.572751165960969,8.044110746128577,8.205315268368942,8.493968253968253,215,2,75,0.5,0.5,0.5,stochastic,stochastic,stochastic,0.01
2119,1925,1581,0.5588036815226486,0.5434112056689675,0.5733298883965712,8.110429447852761,8.193246753246754,8.180265654648956,216,2,75,0.5,0.5,0.5,stochastic,stochastic,stochastic,0.01
2108,1950,1567,0.5589260190272816,0.5437274744514583,0.5748253278472163,8.227703984819735,8.24102564102564,8.105296745373325,217,2,75,0.5,0.5,0.5,stochastic,stochastic,stochastic,0.01
2116,1955,1554,0.5578893987574484,0.544181024219282,0.5756853265752216,8.342627599243857,8.320204603580562,8.00965250965251,218,2,75,0.5,0.5,0.5,stochastic,stochastic,stochastic,0.01
2120,1964,1541,0.5577981620591583,0.543888402975332,0.5771939803773424,8.383962264150943,8.293279022403258,7.720960415314731,219,2,75,0.5,0.5,0.5,stochastic,stochastic,stochastic,0.01
2047,2017,1561,0.5587352083331424,0.544645567267368,0.5780458834178139,8.557401074743527,8.103619236489836,7.527866752081999,220,2,75,0.5,0.5,0.5,stochastic,stochastic,stochastic,0.01
2009,2037,1579,0.5588256001357955,0.544634843210163,0.5790704087029024,8.626182180189149,8.046637211585665,7.386953768207726,221,2,75,0.5,0.5,0.5,stochastic,stochastic,stochastic,0.01
1946,2063,1616,0.5595643069456728,0.5438815159816226,0.5815438121796077,8.73535457348407,7.903053805138148,7.1844059405940595,222,2,75,0.5,0.5,0.5,stochastic,stochastic,stochastic,0.01
1894,2073,1658,0.5603792514612824,0.5427913175042554,0.5815761275511323,8.784054910242872,7.79401833092137,7.059107358262968,223,2,75,0.5,0.5,0.5,stochastic,stochastic,stochastic,0.01
1843,2076,1706,0.5611564148226822,0.5430581390834276,0.5816055319094384,8.903960933260988,7.810211946050097,7.035756154747949,224,2,75,0.5,0.5,0.5,stochastic,stochastic,stochastic,0.01
1764,2108,1753,0.5616881160977143,0.5426680231126364,0.5819034374787213,8.895124716553289,7.762333965844403,7.012549914432402,225,2,75,0.5,0.5,0.5,stochastic,stochastic,stochastic,0.01
1725,2103,1797,0.5618554651719944,0.5432632209180025,0.5818732843203744,8.849855072463768,7.794579172610557,7.022259321090707,226,2,75,0.5,0.5,0.5,stochastic,stochastic,stochastic,0.01
1676,2106,1843,0.5622633919239574,0.5435967636053273,0.5815038665998856,8.77326968973747,7.886039886039886,7.142159522517634,227,2,75,0.5,0.5,0.5,stochastic,stochastic,stochastic,0.01
1614,2125,1886,0.5646900096399354,0.5455115219527207,0.5806904556074399,8.6635687732342,7.834823529411764,7.22322375397667,228,2,75,0.5,0.5,0.5,stochastic,stochastic,stochastic,0.01
1613,2094,1918,0.566944333771808,0.545606652428441,0.5805597673022245,8.533787972721637,8.088825214899714,7.36339937434828,229,2,75,0.5,0.5,0.5,stochastic,stochastic,stochastic,0.01
1590,2069,1966,0.5687103903154488,0.5456698861648598,0.5811188552844279,8.49937106918239,8.174480425326244,7.408443540183113,230,2,75,0.5,0.5,0.5,stochastic,stochastic,stochastic,0.01
1548,2042,2035,0.5694158901396229,0.5462665764056845,0.5816122043304384,8.506459948320414,8.237022526934378,7.45995085995086,231,2,75,0.5,0.5,0.5,stochastic,stochastic,stochastic,0.01
1576,1982,2067,0.5707751333749078,0.5455095849499478,0.5809252793525802,8.39530456852792,8.474268415741674,7.5244315432994675,232,2,75,0.5,0.5,0.5,stochastic,stochastic,stochastic,0.01
1605,1896,2124,0.5730593273401506,0.5461628435453837,0.5808467588408849,8.183177570093457,8.648206751054852,7.572033898305085,233,2,75,0.5,0.5,0.5,stochastic,stochastic,stochastic,0.01
1624,1837,2164,0.5743872776519763,0.5460778543609579,0.5811489545794921,8.02832512315271,8.667936853565596,7.673752310536044,234,2,75,0.5,0.5,0.5,stochastic,stochastic,stochastic,0.01
1673,1774,2178,0.5768019459698747,0.5463915437944336,0.5808801339912657,7.811117752540347,8.7423900789177,7.801652892561983,235,2,75,0.5,0.5,0.5,stochastic,stochastic,stochastic,0.01
1735,1712,2178,0.5778169077910867,0.546327234964316,0.5800542694644771,7.732564841498559,8.721378504672897,7.874196510560147,236,2,75,0.5,0.5,0.5,stochastic,stochastic,stochastic,0.01
1820,1691,2114,0.5789194023928533,0.5478742479539429,0.5788305068084341,7.5516483516483515,8.690124186871673,8.010879848628193,237,2,75,0.5,0.5,0.5,stochastic,stochastic,stochastic,0.01
1838,1687,2100,0.5795036958179092,0.5488429248177084,0.577217281773128,7.581610446137105,8.513337285121517,8.050952380952381,238,2,75,0.5,0.5,0.5,stochastic,stochastic,stochastic,0.01
1907,1607,2111,0.5791910034464033,0.5499840365422043,0.5759082785856489,7.586261143156791,8.455507156191661,7.99336807200379,239,2,75,0.5,0.5,0.5,stochastic,stochastic,stochastic,0.01
1962,1578,2085,0.5775394356555551,0.55062604911662,0.5752466992033874,7.684505606523955,8.46958174904943,8.141007194244605,240,2,75,0.5,0.5,0.5,stochastic,stochastic,stochastic,0.01
2006,1544,2075,0.5775880804951831,0.5516953946712398,0.5753855327641673,7.822532402791625,8.297279792746114,8.140240963855423,241,2,75,0.5,0.5,0.5,stochastic,stochastic,stochastic,0.01
2033,1504,2088,0.5769369474011734,0.554278339095858,0.5769531559021556,8.062469257255287,8.10372340425532,8.249521072796934,242,2,75,0.5,0.5,0.5,stochastic,stochastic,stochastic,0.01
1999,1502,2124,0.5767339597956019,0.5555828552371084,0.5772076181959525,8.263631815907955,7.736351531291612,8.281073446327683,243,2,75,0.5,0.5,0.5,stochastic,stochastic,stochastic,0.01
2007,1462,2156,0.5761886424433258,0.5576388124184464,0.5775422485469419,8.434479322371699,7.471272229822161,8.366419294990724,244,2,75,0.5,0.5,0.5,stochastic,stochastic,stochastic,0.01
1985,1459,2181,0.5755710648931636,0.5593549676432582,0.5787226188932757,8.495717884130983,7.239204934886909,8.442457588262265,245,2,75,0.5,0.5,0.5,stochastic,stochastic,stochastic,0.01
2009,1446,2170,0.5740988546520596,0.561308755095012,0.5801504445945099,8.449975111996018,7.008298755186722,8.54700460829493,246,2,75,0.5,0.5,0.5,stochastic,stochastic,stochastic,0.01
2026,1471,2128,0.5729935433562389,0.5630814171515248,0.580357396452752,8.451135241855873,6.873555404486743,8.760338345864662,247,2,75,0.5,0.5,0.5,stochastic,stochastic,stochastic,0.01
2066,1477,2082,0.5731364303960911,0.5643350676220276,0.5807348744854238,8.277347531461762,6.685172647257955,8.760326609029779,248,2,75,0.5,0.5,0.5,stochastic,stochastic,stochastic,0.01
2077,1554,1994,0.5732264091819256,0.5647733220765347,0.5824724925332453,8.039480019258546,6.5933075933075935,8.954864593781345,249,2,75,0.5,0.5,0.5,stochastic,stochastic,stochastic,0.01
2092,1606,1927,0.571591602535317,0.5627487587461528,0.5843832709189838,7.875717017208413,6.447696139476961,8.989102231447847,250,2,75,0.5,0.5,0.5,stochastic,stochastic,stochastic,0.01
2093,1680,1852,0.5708602699998312,0.5606674443808527,0.5854416501140728,7.797419971333015,6.548214285714286,9.147408207343412,251,2,75,0.5,0.5,0.5,stochastic,stochastic,stochastic,0.01
2102,1750,1773,0.5710225785922673,0.560511925550794,0.5862025561348472,7.86964795432921,6.6497142857142855,9.293288212069937,252,2,75,0.5,0.5,0.5,stochastic,stochastic,stochastic,0.01
2139,1794,1692,0.5717703545965351,0.5605635679179126,0.5865291042724474,7.653108929406264,6.8193979933110365,9.16725768321513,253,2,75,0.5,0.5,0.5,stochastic,stochastic,stochastic,0.01
2147,1835,1643,0.5728296907435146,0.5592559679695823,0.5867200261690242,7.658127619934793,6.94550408719346,8.962872793670115,254,2,75,0.5,0.5,0.5,stochastic,stochastic,stochastic,0.01
2131,1898,1596,0.5739078570550603,0.5592601094910047,0.586618991867619,7.736743312998592,7.103793466807166,8.844611528822055,255,2,75,0.5,0.5,0.5,stochastic,stochastic,stochastic,0.01
2131,1900,1594,0.5755985616825384,0.5578971273445539,0.5872664078624671,7.905208822149226,7.286842105263158,8.685069008782936,256,2,75,0.5,0.5,0.5,stochastic,stochastic,stochastic,0.01
2146,1910,1569,0.5768466535196112,0.5576377787679768,0.5882812257278802,7.9850885368126745,7.481675392670157,8.31230082855322,257,2,75,0.5,0.5,0.5,stochastic,stochastic,stochastic,0.01
2146,1933,1546,0.5784010792394316,0.5581027506505726,0.5893549636132863,8.07735321528425,7.503879979306777,8.120957309184993,258,2,75,0.5,0.5,0.5,stochastic,stochastic,stochastic,0.01
2100,1980,1545,0.5785620148113683,0.5565090651221614,0.5901053783126866,8.283333333333333,7.574747474747475,7.963754045307444,259,2,75,0.5,0.5,0.5,stochastic,stochastic,stochastic,0.01
2063,1999,1563,0.5796510975888461,0.5581314990243866,0.5916526342780754,8.315075133301018,7.6838419209604805,7.781829814459373,260,2,75,0.5,0.5,0.5,stochastic,stochastic,stochastic,0.01
2020,2015,1590,0.5797266130248026,0.5597184808430343,0.5929687890586653,8.507425742574258,7.755831265508685,7.624528301886793,261,2,75,0.5,0.5,0.5,stochastic,stochastic,stochastic,0.01
1974,2057,1594,0.5815029497922608,0.562099178715446,0.5951926353622584,8.57548125633232,7.7559552746718525,7.361355081555835,262,2,75,0.5,0.5,0.5,stochastic,stochastic,stochastic,0.01
1933,2087,1605,0.5821308099319183,0.5638601189875233,0.5975352099041376,8.558199689601656,7.818878773358889,7.383177570093458,263,2,75,0.5,0.5,0.5,stochastic,stochastic,stochastic,0.01
1880,2118,1627,0.5836227241305945,0.5651338668148509,0.5978654885869773,8.663829787234043,7.834749763928234,7.306084818684695,264,2,75,0.5,0.5,0.5,stochastic,stochastic,stochastic,0.01
1809,2148,1668,0.586507771976195,0.5662581716335355,0.5968857885479347,8.662797125483692,7.748137802607077,7.189448441247002,265,2,75,0.5,0.5,0.5,stochastic,stochastic,stochastic,0.01
1761,2190,1674,0.5875520915126952,0.5671494809992341,0.5976889436732766,8.569562748438388,7.818264840182648,7.306451612903226,266,2,75,0.5,0.5,0.5,stochastic,stochastic,stochastic,0.01
1700,2176,1749,0.5892729886348328,0.568861394313748,0.5976268584662094,8.601176470588236,7.937040441176471,7.253859348198971,267,2,75,0.5,0.5,0.5,stochastic,stochastic,stochastic,0.01
1642,2176,1807,0.5892975761276293,0.5701891707102563,0.5966175871533638,8.49878197320341,7.9416360294117645,7.228555617044826,268,2,75,0.5,0.5,0.5,stochastic,stochastic,stochastic,0.01
1626,2164,1835,0.5896073667821279,0.5721258838403541,0.5975459859371238,8.420049200492006,8.059611829944547,7.128610354223433,269,2,75,0.5,0.5,0.5,stochastic,stochastic,stochastic,0.01
1600,2145,1880,0.5888742884390527,0.5735104034479426,0.5970490696495492,8.305625,8.191608391608392,7.117021276595745,270,2,75,0.5,0.5,0.5,stochastic,stochastic,stochastic,0.01
1556,2111,1958,0.5878935621162098,0.5748360965597084,0.5961847679525903,7.966580976863753,8.179535765040265,6.985699693564862,271,2,75,0.5,0.5,0.5,stochastic,stochastic,stochastic,0.01
1561,2051,2013,0.5849051448306314,0.5760373026738048,0.5951063964326251,7.664317745035234,8.21404193076548,6.833084947839046,272,2,75,0.5,0.5,0.5,stochastic,stochastic,stochastic,0.01
1537,2002,2086,0.5832647635740649,0.5776878188229515,0.594917211969267,7.598568640208198,8.291708291708291,6.9069990412272295,273,2,75,0.5,0.5,0.5,stochastic,stochastic,stochastic,0.01
1549,1940,2136,0.5827883918416862,0.5788918551351956,0.5939973135434393,7.3350548741123305,8.310309278350516,6.9040262172284645,274,2,75,0.5,0.5,0.5,stochastic,stochastic,stochastic,0.01
1557,1873,2195,0.5830953241197339,0.5796024689003977,0.5932375092314277,7.311496467565831,8.376401494927924,7.016856492027335,275,2,75,0.5,0.5,0.5,stochastic,stochastic,stochastic,0.01
1588,1805,2232,0.5806984883178193,0.5783891165802683,0.5919305249531149,7.2707808564231735,8.442659279778393,7.141129032258065,276,2,75,0.5,0.5,0.5,stochastic,stochastic,stochastic,0.01
1626,1756,2243,0.5773964823937575,0.5784358736092343,0.5914032070401023,7.267527675276753,8.565489749430524,7.344181899242087,277,2,75,0.5,0.5,0.5,stochastic,stochastic,stochastic,0.01
1665,1691,2269,0.576494054786766,0.5762488554829295,0.5899696228081691,7.243243243243243,8.570668243642816,7.436315557514323,278,2,75,0.5,0.5,0.5,stochastic,stochastic,stochastic,0.01
1718,1636,2271,0.5770724608248237,0.5751511212861865,0.5913929753141629,7.346332945285216,8.700488997555013,7.7217084984588285,279,2,75,0.5,0.5,0.5,stochastic,stochastic,stochastic,0.01
1779,1606,2240,0.5755105227608697,0.5746350674686946,0.5918218112103334,7.348510399100618,8.712951432129515,7.974553571428571,280,2,75,0.5,0.5,0.5,stochastic,stochastic,stochastic,0.01
1858,1559,2208,0.5746906184747486,0.5737784300849834,0.5917365520048039,7.390742734122712,8.794740218088519,8.166213768115941,281,2,75,0.5,0.5,0.5,stochastic,stochastic,stochastic,0.01
1933,1545,2147,0.5749363261028042,0.5743472743025773,0.5917951925170888,7.41386445938955,8.57799352750809,8.225896599906847,282,2,75,0.5,0.5,0.5,stochastic,stochastic,stochastic,0.01
1978,1531,2116,0.573579400603327,0.5756873933604066,0.5913584657548889,7.483316481294237,8.436316133246244,8.334593572778829,283,2,75,0.5,0.5,0.5,stochastic,stochastic,stochastic,0.01
2035,1492,2098,0.5724975129231575,0.5744826588091476,0.591689666679544,7.532186732186732,8.28083109919571,8.40371782650143,284,2,75,0.5,0.5,0.5,stochastic,stochastic,stochastic,0.01
2088,1489,2048,0.5713066907329784,0.5727943165907868,0.5917146317862094,7.631704980842912,8.157152451309603,8.5205078125,285,2,75,0.5,0.5,0.5,stochastic,stochastic,stochastic,0.01
2155,1491,1979,0.5714664416174379,0.5732271267971516,0.5918690289651003,7.729002320185615,8.085177733065057,8.708943911066195,286,2,75,0.5,0.5,0.5,stochastic,stochastic,stochastic,0.01
2212,1493,1920,0.5731127462195845,0.572783879676596,0.5937314418304788,7.857142857142857,8.067649028801071,8.770833333333334,287,2,75,0.5,0.5,0.5,stochastic,stochastic,stochastic,0.01
2241,1502,1882,0.5735695665053429,0.5737045855937741,0.5949471648102916,7.9879518072289155,7.86884154460719,8.826780021253985,288,2,75,0.5,0.5,0.5,stochastic,stochastic,stochastic,0.01
2258,1521,1846,0.5737817796780956,0.5734768077768624,0.594978049840481,8.12754650132861,7.671926364234056,8.834236186348862,289,2,75,0.5,0.5,0.5,stochastic,stochastic,stochastic,0.01
2277,1557,1791,0.5743718213050314,0.5758123645250856,0.5959470599511894,8.204655248133509,7.440590879897238,8.79676158570631,290,2,75,0.5,0.5,0.5,stochastic,stochastic,stochastic,0.01
2260,1596,1769,0.5737225692917887,0.5749842438152394,0.5965236098919136,8.435840707964601,7.265664160401003,8.851893725268514,291,2,75,0.5,0.5,0.5,stochastic,stochastic,stochastic,0.01
2215,1684,1726,0.5741703158072082,0.5758324805886395,0.5985250971700447,8.572911963882618,7.103325415676959,8.94090382387022,292,2,75,0.5,0.5,0.5,stochastic,stochastic,stochastic,0.01
2188,1744,1693,0.5747247790392837,0.578969758099736,0.6009169717744569,8.647623400365632,6.9375,8.73479031305375,293,2,75,0.5,0.5,0.5,stochastic,stochastic,stochastic,0.01
2143,1818,1664,0.5751524726304156,0.5816026433943937,0.6018494527443933,8.735417638824078,6.892189218921892,8.904447115384615,294,2,75,0.5,0.5,0.5,stochastic,stochastic,stochastic,0.01
2114,1898,1613,0.5760882215844025,0.5840276995330426,0.6021702284048953,8.765846736045411,6.919915700737619,9.008059516429014,295,2,75,0.5,0.5,0.5,stochastic,stochastic,stochastic,0.01
2048,1997,1580,0.5762730800678795,0.5835766474445935,0.6050474645792984,8.83984375,6.99699549323986,9.024050632911392,296,2,75,0.5,0.5,0.5,stochastic,stochastic,stochastic,0.01
1975,2053,1597,0.5771990795111133,0.5854762522453433,0.6067129729663192,8.936708860759493,7.0677057963955185,8.901064495929868,297,2,75,0.5,0.5,0.5,stochastic,stochastic,stochastic,0.01
1950,2082,1593,0.5773518355219995,0.5860574872396758,0.6079513908956307,8.912307692307692,7.155139289145053,8.697426239799121,298,2,75,0.5,0.5,0.5,stochastic,stochastic,stochastic,0.01
1908,2112,1605,0.5751681088143474,0.5877196731749278,0.6098049813036265,8.866352201257861,7.244791666666667,8.21993769470405,299,2,75,0.5,0.5,0.5,stochastic,stochastic,stochastic,0.01
1872,2115,1638,0.5757107717332702,0.5880048236112391,0.6114642640371452,8.803418803418804,7.333806146572104,7.782051282051282,300,2,75,0.5,0.5,0.5,stochastic,stochastic,stochastic,0.01
1818,2138,1669,0.5750425250640637,0.5898723671963293,0.6132347142550444,8.868536853685368,7.384939195509823,7.677651288196524,301,2,75,0.5,0.5,0.5,stochastic,stochastic,stochastic,0.01
1803,2069,1753,0.576445412335594,0.59161093719487,0.6152263012552573,8.798114254021076,7.379410343160948,7.220193953223046,302,2,75,0.5,0.5,0.5,stochastic,stochastic,stochastic,0.01
1756,2069,1800,0.5779730690342489,0.5944650045061668,0.6145709174033109,8.862186788154897,7.448525857902368,7.1594444444444445,303,2,75,0.5,0.5,0.5,stochastic,stochastic,stochastic,0.01
1712,2075,1838,0.5809710448776592,0.5967371516379332,0.6158996533588285,8.811915887850468,7.506506024096385,7.049510337323177,304,2,75,0.5,0.5,0.5,stochastic,stochastic,stochastic,0.01
1681,2027,1917,0.5832371296367237,0.5981967119430726,0.6176562168131475,8.719214753123142,7.463246176615688,6.863849765258216,305,2,75,0.5,0.5,0.5,stochastic,stochastic,stochastic,0.01
1664,1990,1971,0.5858564021569965,0.6003736294837775,0.6168503708716723,8.35516826923077,7.493969849246231,6.831557584982242,306,2,75,0.5,0.5,0.5,stochastic,stochastic,stochastic,0.01
1638,1978,2009,0.5869496182767651,0.6006588388138646,0.6170975006497643,8.183150183150182,7.607684529828109,6.8909905425584865,307,2,75,0.5,0.5,0.5,stochastic,stochastic,stochastic,0.01
1645,1962,2018,0.5880080264313978,0.6017403121458484,0.6171102168788957,7.838905775075988,7.629459734964322,6.992566897918731,308,2,75,0.5,0.5,0.5,stochastic,stochastic,stochastic,0.01
1683,1935,2007,0.5906560454911248,0.6023112411789948,0.617825545519643,7.57397504456328,7.575710594315246,7.032386646736422,309,2,75,0.5,0.5,0.5,stochastic,stochastic,stochastic,0.01
1706,1906,2013,0.590957468841944,0.6035933301589942,0.617912440790384,7.523446658851114,7.667366211962224,7.126179831097864,310,2,75,0.5,0.5,0.5,stochastic,stochastic,stochastic,0.01
1717,1858,2050,0.5928304878503169,0.6032502704225484,0.6173244709571115,7.382644146767618,7.811625403659849,7.218536585365854,311,2,75,0.5,0.5,0.5,stochastic,stochastic,stochastic,0.01
1741,1835,2049,0.5934050817875343,0.6033366939097361,0.6164723199138655,7.343480758184951,7.788010899182561,7.226451927769643,312,2,75,0.5,0.5,0.5,stochastic,stochastic,stochastic,0.01
1733,1809,2083,0.5938778712332285,0.6038871431818349,0.6165261320158216,7.347951529140219,7.737423991155334,7.379260681709074,313,2,75,0.5,0.5,0.5,stochastic,stochastic,stochastic,0.01
1726,1763,2136,0.5957338727890856,0.6062616868600977,0.616990502028638,7.360950173812283,7.732841747022121,7.487359550561798,314,2,75,0.5,0.5,0.5,stochastic,stochastic,stochastic,0.01
1749,1734,2142,0.5966359385280193,0.6078008774697339,0.616315698172343,7.385363064608348,7.794694348327567,7.631652661064426,315,2,75,0.5,0.5,0.5,stochastic,stochastic,stochastic,0.01
1759,1722,2144,0.5968631791408965,0.608553170561027,0.6156620710657313,7.3973848777714615,7.811265969802555,7.86660447761194,316,2,75,0.5,0.5,0.5,stochastic,stochastic,stochastic,0.01
1795,1676,2154,0.5972445969530756,0.6093583974292258,0.6154456307196146,7.376044568245125,7.878281622911694,7.908077994428969,317,2,75,0.5,0.5,0.5,stochastic,stochastic,stochastic,0.01
1818,1646,2161,0.5974264391475993,0.6104384761123791,0.6153655876708055,7.333883388338834,7.79404617253949,7.93984266543267,318,2,75,0.5,0.5,0.5,stochastic,stochastic,stochastic,0.01
1888,1569,2168,0.59749691867261,0.6110726630777948,0.6140819664503493,7.330508474576271,7.683237731038878,7.936346863468635,319,2,75,0.5,0.5,0.5,stochastic,stochastic,stochastic,0.01
1917,1553,2155,0.5988374149064075,0.6132730152590294,0.6141726093823341,7.353677621283255,7.577591757887959,8.078886310904872,320,2,75,0.5,0.5,0.5,stochastic,stochastic,stochastic,0.01
1936,1581,2108,0.5985729545304002,0.6112340106045817,0.6141556555340081,7.362086776859504,7.325743200506009,8.238140417457306,321,2,75,0.5,0.5,0.5,stochastic,stochastic,stochastic,0.01
1976,1585,2064,0.5987620773582844,0.6101960954180424,0.6156310777612062,7.348178137651822,7.231545741324921,8.279069767441861,322,2,75,0.5,0.5,0.5,stochastic,stochastic,stochastic,0.01
1991,1646,1988,0.5994413820985187,0.6108655062574153,0.6145162536061346,7.296835760924159,7.120291616038882,8.439637826961771,323,2,75,0.5,0.5,0.5,stochastic,stochastic,stochastic,0.01
2015,1677,1933,0.5988891094484294,0.610373390957303,0.6135375364422287,7.455583126550868,7.145497912939773,8.51008794619762,324,2,75,0.5,0.5,0.5,stochastic,stochastic,stochastic,0.01
2022,1726,1877,0.5994550890332659,0.6109182703465725,0.6135956902139619,7.486152324431256,7.07531865585168,8.537559936068194,325,2,75,0.5,0.5,0.5,stochastic,stochastic,stochastic,0.01
2068,1745,1812,0.5995042780281341,0.6115403482887413,0.6138065944322559,7.538684719535784,7.293409742120343,8.675496688741722,326,2,75,0.5,0.5,0.5,stochastic,stochastic,stochastic,0.01
2094,1755,1776,0.6001021882999529,0.6106191321299612,0.6145623081953935,7.638490926456543,7.317948717948718,8.626126126126126,327,2,75,0.5,0.5,0.5,stochastic,stochastic,stochastic,0.01
2132,1781,1712,0.6003483793622746,0.610487063676214,0.6152221460560423,7.7143527204502815,7.463222908478383,8.574766355140186,328,2,75,0.5,0.5,0.5,stochastic,stochastic,stochastic,0.01
2175,1803,1647,0.5989160784761801,0.6090968759433053,0.6146293378912923,7.793103448275862,7.622850804215197,8.28415300546448,329,2,75,0.5,0.5,0.5,stochastic,stochastic,stochastic,0.01
2166,1865,1594,0.5995026528222899,0.6091619624715888,0.6177645190547691,8.010156971375809,7.605898123324397,8.233375156838143,330,2,75,0.5,0.5,0.5,stochastic,stochastic,stochastic,0.01
2151,1870,1604,0.5986255759885187,0.607707621596066,0.6201543833958497,8.172942817294281,7.681283422459893,8.036159600997506,331,2,75,0.5,0.5,0.5,stochastic,stochastic,stochastic,0.01
2170,1886,1569,0.6012503694846699,0.6068094070137166,0.6216427036171438,8.190783410138248,7.8197242841993635,7.808795411089866,332,2,75,0.5,0.5,0.5,stochastic,stochastic,stochastic,0.01
2182,1920,1523,0.601774734838131,0.606320542420903,0.6216892760255428,8.341429880843263,7.928645833333333,7.72225869993434,333,2,75,0.5,0.5,0.5,stochastic,stochastic,stochastic,0.01
2138,1951,1536,0.6022415596071998,0.6061358758292547,0.6207678906417405,8.608044901777362,7.848795489492568,7.619140625,334,2,75,0.5,0.5,0.5,stochastic,stochastic,stochastic,0.01
2106,1975,1544,0.6018983532135688,0.6034509472442816,0.6207247698226842,8.720797720797721,7.836455696202532,7.437823834196891,335,2,75,0.5,0.5,0.5,stochastic,stochastic,stochastic,0.01
2023,2014,1588,0.6016485357189603,0.6026467958926993,0.6198352663552353,8.849233811171528,7.757696127110228,7.287153652392947,336,2,75,0.5,0.5,0.5,stochastic,stochastic,stochastic,0.01
2000,1999,1626,0.600791899422341,0.6013267022723419,0.6197576707100401,8.831,7.809904952476238,7.164821648216482,337,2,75,0.5,0.5,0.5,stochastic,stochastic,stochastic,0.01
1939,2033,1653,0.6000879243340836,0.5997801458139573,0.6194394530220327,8.913357400722022,7.809149040826365,7.163339382940109,338,2,75,0.5,0.5,0.5,stochastic,stochastic,stochastic,0.01
1927,2033,1665,0.5988043584525288,0.6001282654502461,0.6182463864363705,8.879086663207058,7.8061977373339895,7.112912912912913,339,2,75,0.5,0.5,0.5,stochastic,stochastic,stochastic,0.01
1888,2062,1675,0.5982630189314492,0.5987894673562036,0.6204839604685068,8.948093220338983,7.82007759456838,7.181492537313432,340,2,75,0.5,0.5,0.5,stochastic,stochastic,stochastic,0.01
1872,2053,1700,0.5983023919944886,0.5976268425930312,0.6190836175134109,8.994123931623932,7.990745250852411,7.15,341,2,75,0.5,0.5,0.5,stochastic,stochastic,stochastic,0.01
1830,2065,1730,0.5986473826061489,0.597058240208279,0.6213556077616225,8.792896174863388,7.965133171912833,7.104046242774566,342,2,75,0.5,0.5,0.5,stochastic,stochastic,stochastic,0.01
1805,2076,1744,0.5992911803154077,0.5991879547218253,0.6233929005799618,8.690304709141275,8.096339113680154,7.136467889908257,343,2,75,0.5,0.5,0.5,stochastic,stochastic,stochastic,0.01
1800,2051,1774,0.6000996441605758,0.6014270784300366,0.6236859706326365,8.553333333333333,8.208678693320332,7.076662908680947,344,2,75,0.5,0.5,0.5,stochastic,stochastic,stochastic,0.01
1806,2016,1803,0.6008885931801563,0.6021092215839106,0.6227761025165832,8.534883720930232,8.393353174603174,7.158069883527454,345,2,75,0.5,0.5,0.5,stochastic,stochastic,stochastic,0.01
1818,1979,1828,0.6018525725280106,0.6041256142988002,0.6250640180501374,8.479647964796479,8.427488630621527,7.179431072210066,346,2,75,0.5,0.5,0.5,stochastic,stochastic,stochastic,0.01
1805,1954,1866,0.6031695102130188,0.6056986489976995,0.6262602176679338,8.463711911357342,8.419651995905834,7.116827438370847,347,2,75,0.5,0.5,0.5,stochastic,stochastic,stochastic,0.01
1799,1956,1870,0.6036999369543831,0.605636934745376,0.6290770407977951,8.485825458588105,8.551124744376278,7.260427807486631,348,2,75,0.5,0.5,0.5,stochastic,stochastic,stochastic,0.01
1777,1964,1884,0.6053348414788589,0.6098997956992503,0.6310360554743816,8.395047833427125,8.410386965376782,7.305732484076433,349,2,75,0.5,0.5,0.5,stochastic,stochastic,stochastic,0.01
1760,1979,1886,0.6069625145918106,0.6113329708135851,0.6339634715624459,8.541477272727272,8.433552299140981,7.4077412513255565,350,2,75,0.5,0.5,0.5,stochastic,stochastic,stochastic,0.01
1722,1946,1957,0.6098311337944772,0.6137119889054454,0.6378112653026727,8.538327526132404,8.424460431654676,7.310168625447113,351,2,75,0.5,0.5,0.5,stochastic,stochastic,stochastic,0.01
1739,1909,1977,0.6119753535802243,0.6168136301314227,0.6391978812405646,8.497412305922944,8.427972760607648,7.308548305513404,352,2,75,0.5,0.5,0.5,stochastic,stochastic,stochastic,0.01
1739,1900,1986,0.6158452528504139,0.6197918520330231,0.6410349224489257,8.2691201840138,8.268947368421053,7.267371601208459,353,2,75,0.5,0.5,0.5,stochastic,stochastic,stochastic,0.01
1732,1868,2025,0.6175382280728869,0.6227449194701535,0.6420212707799662,8.136836027713626,8.135974304068522,7.265185185185185,354,2,75,0.5,0.5,0.5,stochastic,stochastic,stochastic,0.01
1757,1808,2060,0.6213089701345306,0.6242594210700632,0.6442727106041427,7.881616391576551,8.074115044247788,7.226699029126213,355,2,75,0.5,0.5,0.5,stochastic,stochastic,stochastic,0.01
1759,1784,2082,0.6224572002283059,0.6254636585282322,0.6463640636241839,7.877202956225128,7.942825112107624,7.27521613832853,356,2,75,0.5,0.5,0.5,stochastic,stochastic,stochastic,0.01
1786,1732,2107,0.6242575217985139,0.626632993657897,0.6476156904757363,7.612541993281075,7.793879907621247,7.193165638348362,357,2,75,0.5,0.5,0.5,stochastic,stochastic,stochastic,0.01
1814,1671,2140,0.6258311847005608,0.6282716430988988,0.648539649617196,7.497243660418963,7.723518850987433,7.23411214953271,358,2,75,0.5,0.5,0.5,stochastic,stochastic,stochastic,0.01
1847,1666,2112,0.6246122814529926,0.6276736586022571,0.647853894682479,7.320519761775853,7.4777911164465785,7.368371212121212,359,2,75,0.5,0.5,0.5,stochastic,stochastic,stochastic,0.01
1883,1656,2086,0.6270564066280852,0.6266121969038136,0.6481503035773885,7.193839617631439,7.438405797101449,7.548418024928092,360,2,75,0.5,0.5,0.5,stochastic,stochastic,stochastic,0.01
1969,1661,1995,0.6261830319885614,0.6275290834255364,0.6477982557236117,6.966988318943626,7.361228175797712,7.705764411027569,361,2,75,0.5,0.5,0.5,stochastic,stochastic,stochastic,0.01
2002,1703,1920,0.6273971071254686,0.6267210815221215,0.6469256468084026,6.842157842157842,7.229594832648268,7.7546875,362,2,75,0.5,0.5,0.5,stochastic,stochastic,stochastic,0.01
2038,1688,1899,0.628094204241765,0.6258373641608067,0.6463188663906916,6.872423945044161,7.443127962085308,7.866245392311743,363,2,75,0.5,0.5,0.5,stochastic,stochastic,stochastic,0.01
2094,1669,1862,0.627253716051462,0.6246598714907048,0.6462798529624615,6.881566380133715,7.353505092869982,7.802900107411386,364,2,75,0.5,0.5,0.5,stochastic,stochastic,stochastic,0.01
2143,1681,1801,0.6274329333815192,0.6251099783752295,0.6446233377278823,7.005599626691554,7.377156454491375,7.838423098278734,365,2,75,0.5,0.5,0.5,stochastic,stochastic,stochastic,0.01
2185,1698,1742,0.6280190068310566,0.6260052555306695,0.6433889119307827,7.150572082379862,7.4075382803298,7.901836969001148,366,2,75,0.5,0.5,0.5,stochastic,stochastic,stochastic,0.01
2216,1732,1677,0.6294833196928128,0.6256479916149535,0.6395711822254121,7.257220216606498,7.391454965357967,7.831246273106738,367,2,75,0.5,0.5,0.5,stochastic,stochastic,stochastic,0.01
2221,1780,1624,0.6306556031087203,0.6271943674343758,0.6361039295280708,7.314723097703737,7.191011235955056,7.527093596059113,368,2,75,0.5,0.5,0.5,stochastic,stochastic,stochastic,0.01
2203,1844,1578,0.6310082186617992,0.6292635624456298,0.6349819706032106,7.3508851566046305,7.283080260303688,7.402408111533587,369,2,75,0.5,0.5,0.5,stochastic,stochastic,stochastic,0.01
2152,1894,1579,0.6310934159238754,0.6297030504283315,0.6336630421545987,7.492565055762082,7.242872228088701,7.30145661811273,370,2,75,0.5,0.5,0.5,stochastic,stochastic,stochastic,0.01
2110,1927,1588,0.6321136932778197,0.6308848183420055,0.6333925385529118,7.624644549763033,7.251167618059159,7.0585642317380355,371,2,75,0.5,0.5,0.5,stochastic,stochastic,stochastic,0.01
2028,1973,1624,0.6316001115382117,0.6336891837567893,0.6359521586305368,7.772189349112426,7.239229599594526,6.946428571428571,372,2,75,0.5,0.5,0.5,stochastic,stochastic,stochastic,0.01
1965,2002,1658,0.6320574599544698,0.6361505209763337,0.636539301993437,7.81323155216285,7.175324675324675,6.89686369119421,373,2,75,0.5,0.5,0.5,stochastic,stochastic,stochastic,0.01
1900,2031,1694,0.6321879714439743,0.6377478993620613,0.6365026466658109,7.95,7.177744953225012,6.8323494687131054,374,2,75,0.5,0.5,0.5,stochastic,stochastic,stochastic,0.01
1881,1988,1756,0.6323755533572261,0.6365645318414777,0.6400064744346262,8.042530568846358,7.298289738430584,6.740888382687927,375,2,75,0.5,0.5,0.5,stochastic,stochastic,stochastic,0.01
1826,2000,1799,0.6314560670669844,0.6387412152564192,0.6409826677946252,8.068455640744798,7.2585,6.6675931072818235,376,2,75,0.5,0.5,0.5,stochastic,stochastic,stochastic,0.01
1763,1991,1871,0.631760812345243,0.6380181081289727,0.6411768504901908,8.102098695405559,7.247112004018081,6.646178514163549,377,2,75,0.5,0.5,0.5,stochastic,stochastic,stochastic,0.01
1739,1993,1893,0.6324779477161712,0.6388645781488571,0.6442337854380606,8.021851638872915,7.268439538384345,6.751716851558373,378,2,75,0.5,0.5,0.5,stochastic,stochastic,stochastic,0.01
1744,1947,1934,0.6342561487841079,0.6386348071189958,0.6491832926330706,7.9942660550458715,7.373908577298407,6.754912099276112,379,2,75,0.5,0.5,0.5,stochastic,stochastic,stochastic,0.01
1730,1911,1984,0.6369450761777952,0.6366552056606927,0.6539859282080003,7.94393063583815,7.424908424908425,6.801411290322581,380,2,75,0.5,0.5,0.5,stochastic,stochastic,stochastic,0.01
1743,1898,1984,0.6370129497489301,0.6354402390397641,0.6553629325675687,7.755020080321285,7.532665964172813,6.941532258064516,381,2,75,0.5,0.5,0.5,stochastic,stochastic,stochastic,0.01
1775,1877,1973,0.638272691403932,0.6344309930223327,0.656462630049512,7.416338028169014,7.65423548215237,7.040547389761784,382,2,75,0.5,0.5,0.5,stochastic,stochastic,stochastic,0.01
1768,1868,1989,0.6394384489467013,0.635656021506267,0.6584584274991213,7.416289592760181,7.693254817987152,7.115635997988939,383,2,75,0.5,0.5,0.5,stochastic,stochastic,stochastic,0.01
1747,1882,1996,0.64054760621292,0.6371816119893516,0.6588295481145534,7.3537492844876935,7.676939426142401,7.181362725450902,384,2,75,0.5,0.5,0.5,stochastic,stochastic,stochastic,0.01
1748,1838,2039,0.6408509647880757,0.6382435694031203,0.659827167736386,7.334096109839817,7.747007616974972,7.29573320255027,385,2,75,0.5,0.5,0.5,stochastic,stochastic,stochastic,0.01
1738,1838,2049,0.6411353404899978,0.6389120872117144,0.6620851797955136,7.159378596087457,7.681175190424375,7.304050756466569,386,2,75,0.5,0.5,0.5,stochastic,stochastic,stochastic,0.01
1746,1847,2032,0.6407000628276142,0.6399440343590952,0.6621764756992309,6.963344788087056,7.693557119653492,7.378444881889764,387,2,75,0.5,0.5,0.5,stochastic,stochastic,stochastic,0.01
1759,1849,2017,0.6383973433173826,0.6410538153089644,0.6615143860606627,6.728823194997157,7.701460248783126,7.408031730292514,388,2,75,0.5,0.5,0.5,stochastic,stochastic,stochastic,0.01
1752,1826,2047,0.6374277248163258,0.6434588594173409,0.6586990308096724,6.617009132420091,7.604052573932092,7.4611626770884225,389,2,75,0.5,0.5,0.5,stochastic,stochastic,stochastic,0.01
1827,1781,2017,0.6360672136624085,0.6456712032706255,0.6572108799428926,6.573617952928298,7.683323975294778,7.4957858205255326,390,2,75,0.5,0.5,0.5,stochastic,stochastic,stochastic,0.01
1871,1754,2000,0.6374603530835856,0.6470568760201902,0.6564378688642428,6.554783538214858,7.493728620296465,7.3985,391,2,75,0.5,0.5,0.5,stochastic,stochastic,stochastic,0.01
1931,1745,1949,0.6372006698448676,0.6498939400755853,0.6551317016972074,6.525116519937856,7.4710601719197705,7.484864032837352,392,2,75,0.5,0.5,0.5,stochastic,stochastic,stochastic,0.01
1932,1760,1933,0.636684790788432,0.6497407167702363,0.6547479646220735,6.754658385093168,7.464772727272727,7.499741334712882,393,2,75,0.5,0.5,0.5,stochastic,stochastic,stochastic,0.01
1985,1738,1902,0.6379725288067608,0.650716203044799,0.6528792565078156,6.848362720403022,7.5811277330264675,7.54521556256572,394,2,75,0.5,0.5,0.5,stochastic,stochastic,stochastic,0.01
1964,1724,1937,0.6387995515538382,0.6517112574482257,0.6501127091959471,7.039205702647658,7.513921113689095,7.454827052142488,395,2,75,0.5,0.5,0.5,stochastic,stochastic,stochastic,0.01
1951,1723,1951,0.6377338678430168,0.6529697339459395,0.6489579147497699,7.11840082009226,7.4735925710969235,7.381855458739108,396,2,75,0.5,0.5,0.5,stochastic,stochastic,stochastic,0.01
1944,1771,1910,0.6402274240992957,0.6555229906724618,0.6472198307830059,7.171810699588478,7.293054771315641,7.4089005235602095,397,2,75,0.5,0.5,0.5,stochastic,stochastic,stochastic,0.01
1926,1780,1919,0.6423406367228157,0.6580899263667384,0.6449745369500812,7.287642782969886,7.167977528089888,7.467952058363731,398,2,75,0.5,0.5,0.5,stochastic,stochastic,stochastic,0.01
1896,1807,1922,0.643799380862192,0.6600620056955133,0.6445099803249468,7.389767932489452,7.0647482014388485,7.515088449531738,399,2,75,0.5,0.5,0.5,stochastic,stochastic,stochastic,0.01
1917,1801,1907,0.6467308312980568,0.6619311783708886,0.645497306842391,7.406885758998435,7.10105496946141,7.626638699528055,400,2,75,0.5,0.5,0.5,stochastic,stochastic,stochastic,0.01
1943,1816,1866,0.6483438692394239,0.6629494246676894,0.6476138095678546,7.423571796191457,7.0368942731277535,7.617363344051447,401,2,75,0.5,0.5,0.5,stochastic,stochastic,stochastic,0.01
1946,1822,1857,0.6512665746975504,0.6653848378386926,0.6486395734497352,7.432168550873587,6.989571899012074,7.609046849757673,402,2,75,0.5,0.5,0.5,stochastic,stochastic,stochastic,0.01
1935,1804,1886,0.6538035470662453,0.6671516378523946,0.650406895645867,7.609819121447028,6.873059866962306,7.5593849416755035,403,2,75,0.5,0.5,0.5,stochastic,stochastic,stochastic,0.01
1955,1794,1876,0.6563359516100269,0.6686153258221186,0.6510372663373352,7.6,7.028428093645485,7.539445628997868,404,2,75,0.5,0.5,0.5,stochastic,stochastic,stochastic,0.01
1984,1787,1854,0.6600657549369662,0.6688566095030654,0.6525168341730155,7.611895161290323,7.0727476217123675,7.467637540453074,405,2,75,0.5,0.5,0.5,stochastic,stochastic,stochastic,0.01
2008,1783,1834,0.6628998728135399,0.668883970764989,0.6549732497336423,7.459163346613546,7.030846887268648,7.3505997818974915,406,2,75,0.5,0.5,0.5,stochastic,stochastic,stochastic,0.01
2007,1775,1843,0.6652496333369755,0.672397204970766,0.6584831235595097,7.473841554559043,6.992112676056338,7.14758545849159,407,2,75,0.5,0.5,0.5,stochastic,stochastic,stochastic,0.01
1975,1757,1893,0.6664949369704989,0.6707363753038442,0.6629543702944463,7.575696202531645,7.002276607854297,7.096671949286846,408,2,75,0.5,0.5,0.5,stochastic,stochastic,stochastic,0.01
1989,1730,1906,0.6676799539387299,0.6679827943546593,0.6652121303974161,7.50729009552539,7.005202312138728,6.977439664218259,409,2,75,0.5,0.5,0.5,stochastic,stochastic,stochastic,0.01
2038,1700,1887,0.6672721531448493,0.6663438718613268,0.667624492777317,7.433758586849852,6.95764705882353,6.910969793322734,410,2,75,0.5,0.5,0.5,stochastic,stochastic,stochastic,0.01
1997,1770,1858,0.667092920167846,0.665926951696558,0.6686825228121066,7.4877315973960945,6.752542372881356,7.041442411194833,411,2,75,0.5,0.5,0.5,stochastic,stochastic,stochastic,0.01
1970,1792,1863,0.6657446411576555,0.665093110196093,0.6703719235658634,7.527411167512691,6.638392857142857,7.032742887815352,412,2,75,0.5,0.5,0.5,stochastic,stochastic,stochastic,0.01
1972,1794,1859,0.6662312570842772,0.6662999849748313,0.6730950022094918,7.517748478701826,6.578595317725752,6.931145777299624,413,2,75,0.5,0.5,0.5,stochastic,stochastic,stochastic,0.01
1967,1809,1849,0.6662847403878588,0.665655050951117,0.6757934187933199,7.546517539400102,6.545605306799336,6.967009194159004,414,2,75,0.5,0.5,0.5,stochastic,stochastic,stochastic,0.01
1949,1835,1841,0.6662554706247578,0.6653337816261409,0.6780654398352209,7.537198563365829,6.498637602179836,7.079847908745247,415,2,75,0.5,0.5,0.5,stochastic,stochastic,stochastic,0.01
1876,1865,1884,0.6666595410914188,0.6641766507505497,0.6806533870134105,7.568763326226013,6.454691689008043,7.038747346072187,416,2,75,0.5,0.5,0.5,stochastic,stochastic,stochastic,0.01
1906,1859,1860,0.6665541721800099,0.6648622810798689,0.6806790048908103,7.387722980062959,6.408284023668639,6.954301075268817,417,2,75,0.5,0.5,0.5,stochastic,stochastic,stochastic,0.01
1912,1890,1823,0.6652226974101754,0.6636916936284574,0.681680442974899,7.305962343096234,6.488359788359788,7.019747668678003,418,2,75,0.5,0.5,0.5,stochastic,stochastic,stochastic,0.01
1961,1877,1787,0.6646382218871452,0.6636232356857629,0.6797567359241755,7.147373788883223,6.671283963771977,6.91606043648573,419,2,75,0.5,0.5,0.5,stochastic,stochastic,stochastic,0.01
1979,1894,1752,0.6620548204881667,0.6627027002010766,0.6780124364897788,7.221829206670035,6.772439281942978,7.00513698630137,420,2,75,0.5,0.5,0.5,stochastic,stochastic,stochastic,0.01
2002,1905,1718,0.6580421566118624,0.663422809060895,0.678487626337066,7.112387612387613,6.754855643044619,6.818975552968568,421,2,75,0.5,0.5,0.5,stochastic,stochastic,stochastic,0.01
2001,1917,1707,0.655981397133107,0.6650996214531284,0.6783784452555411,7.0344827586206895,6.728742827334377,6.735207967193907,422,2,75,0.5,0.5,0.5,stochastic,stochastic,stochastic,0.01
2002,1908,1715,0.6536916089342366,0.6662888952306215,0.6786049917134632,7.0294705294705295,6.772012578616352,6.595918367346939,423,2,75,0.5,0.5,0.5,stochastic,stochastic,stochastic,0.01
1965,1931,1729,0.6541081420826738,0.6680787200991376,0.6785381623312075,7.020356234096692,6.702226825479026,6.522845575477154,424,2,75,0.5,0.5,0.5,stochastic,stochastic,stochastic,0.01
1940,1918,1767,0.6551777067555933,0.6685779163430313,0.6800017197210151,7.024226804123711,6.650677789363921,6.259196378041879,425,2,75,0.5,0.5,0.5,stochastic,stochastic,stochastic,0.01
1899,1940,1786,0.6561698893694254,0.6700313407614843,0.677771896002263,7.045813586097946,6.580927835051546,6.3152295632698765,426,2,75,0.5,0.5,0.5,stochastic,stochastic,stochastic,0.01
1862,1973,1790,0.6555560176731715,0.6714283344792719,0.6753724731513743,6.907089151450053,6.5646224024328435,6.278770949720671,427,2,75,0.5,0.5,0.5,stochastic,stochastic,stochastic,0.01
1793,2031,1801,0.6538865141551131,0.6722046038244229,0.674005329247855,6.910764082543223,6.492368291482029,6.385896724042198,428,2,75,0.5,0.5,0.5,stochastic,stochastic,stochastic,0.01
1769,2013,1843,0.6538220775782564,0.6723795129196573,0.6737715807512645,6.959299039005088,6.623944361649279,6.3364080303852415,429,2,75,0.5,0.5,0.5,stochastic,stochastic,stochastic,0.01
1741,1997,1887,0.656310257630921,0.6731889328544869,0.6739760680472036,6.892590465249857,6.744116174261392,6.208267090620032,430,2,75,0.5,0.5,0.5,stochastic,stochastic,stochastic,0.01
1718,1953,1954,0.6595642538405546,0.6729554507991109,0.6749291770631661,6.891734575087311,6.842293906810036,6.159160696008188,431,2,75,0.5,0.5,0.5,stochastic,stochastic,stochastic,0.01
1733,1889,2003,0.6600707855878525,0.6730480150870455,0.6754752472146623,6.9099826889786495,6.921122286924299,6.174238642036944,432,2,75,0.5,0.5,0.5,stochastic,stochastic,stochastic,0.01
1693,1886,2046,0.664593309141075,0.6744921863789812,0.6782443270730545,6.911990549320732,6.882290562036055,6.256598240469208,433,2,75,0.5,0.5,0.5,stochastic,stochastic,stochastic,0.01
1707,1823,2095,0.6681469051206504,0.6761543447849131,0.679678228759684,6.8002343292325715,6.867800329127811,6.316945107398568,434,2,75,0.5,0.5,0.5,stochastic,stochastic,stochastic,0.01
1733,1813,2079,0.6714514052049922,0.6806206092092449,0.6799065241452481,6.622042700519331,6.775510204081633,6.36026936026936,435,2,75,0.5,0.5,0.5,stochastic,stochastic,stochastic,0.01
1712,1787,2126,0.6740894317372572,0.6810069869400364,0.6814688520191514,6.678154205607477,6.782316731952994,6.469896519285042,436,2,75,0.5,0.5,0.5,stochastic,stochastic,stochastic,0.01
1726,1760,2139,0.6789147748473853,0.6811823786779336,0.6827443149063305,6.6031286210892235,6.815340909090909,6.638616175783076,437,2,75,0.5,0.5,0.5,stochastic,stochastic,stochastic,0.01
1804,1701,2120,0.6801215233804476,0.6818288120061711,0.6840648129216306,6.475055432372505,6.883009994121105,6.702358490566038,438,2,75,0.5,0.5,0.5,stochastic,stochastic,stochastic,0.01
1833,1668,2124,0.6833180949353479,0.680799853014245,0.686778591732854,6.515002727768685,6.866906474820144,6.836629001883239,439,2,75,0.5,0.5,0.5,stochastic,stochastic,stochastic,0.01
1877,1640,2108,0.6824794256473674,0.6787459826518066,0.6851742859966639,6.519978689397975,6.84329268292683,6.9814990512333965,440,2,75,0.5,0.5,0.5,stochastic,stochastic,stochastic,0.01
1931,1646,2048,0.6829760610645386,0.675907648609264,0.6866733056888688,6.537027446918695,6.822600243013365,7.14453125,441,2,75,0.5,0.5,0.5,stochastic,stochastic,stochastic,0.01
1949,1622,2054,0.6844899928607966,0.6765293938889532,0.6862453238435348,6.62955361723961,6.881627620221948,7.181110029211295,442,2,75,0.5,0.5,0.5,stochastic,stochastic,stochastic,0.01
2000,1595,2030,0.6850961566246088,0.6762787292775927,0.6881203490448048,6.6845,6.8438871473354235,7.239408866995074,443,2,75,0.5,0.5,0.5,stochastic,stochastic,stochastic,0.01
2043,1569,2013,0.6852357017534372,0.6766181201920006,0.688109598749742,6.81057268722467,6.8368387507966855,7.235469448584203,444,2,75,0.5,0.5,0.5,stochastic,stochastic,stochastic,0.01
2091,1603,1931,0.6813141602010959,0.6777890707907565,0.6898290262990084,6.8302247728359635,6.866500311915159,7.394096323148628,445,2,75,0.5,0.5,0.5,stochastic,stochastic,stochastic,0.01
2130,1628,1867,0.6810968991797179,0.6776740239233607,0.6895272090243304,6.873708920187793,6.923218673218673,7.470808784145688,446,2,75,0.5,0.5,0.5,stochastic,stochastic,stochastic,0.01
2206,1574,1845,0.6813432148245897,0.6792542649063062,0.6913527653204262,6.879873073436084,7.027954256670903,7.23739837398374,447,2,75,0.5,0.5,0.5,stochastic,stochastic,stochastic,0.01
2278,1534,1813,0.6820468490315511,0.6801573824351252,0.6923878941847063,6.9657594381036,7.02477183833116,7.008273579702151,448,2,75,0.5,0.5,0.5,stochastic,stochastic,stochastic,0.01
2318,1539,1768,0.6838123911091443,0.6811797989750055,0.6955713701099843,7.075927523727351,6.955165692007797,7.01131221719457,449,2,75,0.5,0.5,0.5,stochastic,stochastic,stochastic,0.01
2337,1535,1753,0.6846944650327506,0.6808753827759044,0.6970820271713078,7.2721437740693196,6.778501628664495,6.922418710781518,450,2,75,0.5,0.5,0.5,stochastic,stochastic,stochastic,0.01
2367,1537,1721,0.6852121446004316,0.6832381178358948,0.695858144406627,7.4583861427967895,6.649967469095641,6.971528181289948,451,2,75,0.5,0.5,0.5,stochastic,stochastic,stochastic,0.01
2388,1575,1662,0.6856562377280863,0.6865249014588869,0.6959525481123434,7.659547738693467,6.56,6.904933814681107,452,2,75,0.5,0.5,0.5,stochastic,stochastic,stochastic,0.01
2366,1622,1637,0.6863522564540677,0.6870040863384843,0.6953679846886781,7.835587489433643,6.577065351418002,6.811240073304826,453,2,75,0.5,0.5,0.5,stochastic,stochastic,stochastic,0.01
2345,1633,1647,0.6863247709920043,0.688783783846672,0.6954872956305256,8.072921108742005,6.499081445192896,6.725561627200971,454,2,75,0.5,0.5,0.5,stochastic,stochastic,stochastic,0.01
2313,1690,1622,0.686474108190584,0.6888799941630614,0.6933319047354083,8.268050151318635,6.420710059171598,6.803329223181258,455,2,75,0.5,0.5,0.5,stochastic,stochastic,stochastic,0.01
2273,1760,1592,0.6863983464761227,0.6903967028212702,0.6941842165883207,8.462384513858337,6.3,6.913944723618091,456,2,75,0.5,0.5,0.5,stochastic,stochastic,stochastic,0.01
2240,1840,1545,0.687598097530635,0.6892898395449315,0.6912558630732579,8.452232142857143,6.354347826086957,7.033656957928803,457,2,75,0.5,0.5,0.5,stochastic,stochastic,stochastic,0.01
2233,1869,1523,0.6893665589446469,0.6898786548864454,0.6904860494613686,8.554411106135245,6.449438202247191,7.095206828627709,458,2,75,0.5,0.5,0.5,stochastic,stochastic,stochastic,0.01
2189,1918,1518,0.6916553298793029,0.6875510813469438,0.6893184103422966,8.698492462311558,6.477059436913452,7.123847167325428,459,2,75,0.5,0.5,0.5,stochastic,stochastic,stochastic,0.01
2115,1965,1545,0.6899370878051614,0.6890515052795032,0.6908763438153265,8.818439716312056,6.568956743002545,7.260194174757282,460,2,75,0.5,0.5,0.5,stochastic,stochastic,stochastic,0.01
2035,2046,1544,0.6910838729520627,0.6881069907331702,0.691523757489707,8.81081081081081,6.622678396871946,7.276554404145077,461,2,75,0.5,0.5,0.5,stochastic,stochastic,stochastic,0.01
1961,2092,1572,0.6907286495410845,0.6858390325074945,0.6924688755581357,8.816420193778685,6.623804971319312,7.256997455470738,462,2,75,0.5,0.5,0.5,stochastic,stochastic,stochastic,0.01
1904,2133,1588,0.6915300309007167,0.6848228286644386,0.6934624752073507,8.601365546218487,6.620253164556962,7.100755667506297,463,2,75,0.5,0.5,0.5,stochastic,stochastic,stochastic,0.01
1837,2196,1592,0.6928858728122589,0.6854679653178297,0.6931013849368521,8.29940119760479,6.754098360655738,7.025125628140704,464,2,75,0.5,0.5,0.5,stochastic,stochastic,stochastic,0.01
1766,2232,1627,0.6923412212366488,0.6861386887709395,0.6939493670336943,8.267836919592298,6.897401433691757,7.074984634296251,465,2,75,0.5,0.5,0.5,stochastic,stochastic,stochastic,0.01
1703,2225,1697,0.6901927271924329,0.6865743007630561,0.6937120249150645,8.300645918966529,7.08314606741573,7.001178550383029,466,2,75,0.5,0.5,0.5,stochastic,stochastic,stochastic,0.01
1661,2179,1785,0.690690848149657,0.6859634689388472,0.6939744668791654,8.279951836243226,7.2386415787058285,6.880112044817928,467,2,75,0.5,0.5,0.5,stochastic,stochastic,stochastic,0.01
1634,2132,1859,0.6889128379097554,0.6884807894605347,0.6950919131812374,8.171358629130967,7.395403377110695,6.65680473372781,468,2,75,0.5,0.5,0.5,stochastic,stochastic,stochastic,0.01
1626,2075,1924,0.6886196719854841,0.6902415248830917,0.6949667746602612,8.170356703567036,7.558072289156627,6.67047817047817,469,2,75,0.5,0.5,0.5,stochastic,stochastic,stochastic,0.01
1622,2011,1992,0.68672428770765,0.6896253433129182,0.6947318837487663,7.990135635018496,7.722028841372452,6.603915662650603,470,2,75,0.5,0.5,0.5,stochastic,stochastic,stochastic,0.01
1595,1962,2068,0.6866661092697514,0.691778241592598,0.6941283496074393,7.896551724137931,7.710499490316004,6.629110251450677,471,2,75,0.5,0.5,0.5,stochastic,stochastic,stochastic,0.01
1617,1882,2126,0.685250696841026,0.6903717565219787,0.6925795151648444,7.670377241805813,7.731668437832093,6.615239887111947,472,2,75,0.5,0.5,0.5,stochastic,stochastic,stochastic,0.01
1588,1802,2235,0.6864344985526566,0.6920884766849217,0.6931064029656462,7.6775818639798485,7.5793562708102105,6.693959731543624,473,2,75,0.5,0.5,0.5,stochastic,stochastic,stochastic,0.01
1622,1705,2298,0.6847778960225921,0.6918097922791532,0.6936351042605476,7.55980271270037,7.617595307917888,6.739773716275022,474,2,75,0.5,0.5,0.5,stochastic,stochastic,stochastic,0.01
1685,1665,2275,0.6819506454943254,0.6940031590552314,0.6953947703205495,7.327596439169139,7.554954954954955,6.965274725274726,475,2,75,0.5,0.5,0.5,stochastic,stochastic,stochastic,0.01
1750,1579,2296,0.6807450098605792,0.694103944707062,0.6955341006007176,6.946857142857143,7.469284357188093,6.9782229965156795,476,2,75,0.5,0.5,0.5,stochastic,stochastic,stochastic,0.01
1840,1532,2253,0.6817620868972234,0.6932214114738011,0.695073437068147,6.8875,7.460182767624021,7.16023080337328,477,2,75,0.5,0.5,0.5,stochastic,stochastic,stochastic,0.01
1884,1530,2211,0.6833599748564759,0.695704815132251,0.6952242821023277,6.820063694267516,7.301960784313725,7.419719583898688,478,2,75,0.5,0.5,0.5,stochastic,stochastic,stochastic,0.01
1959,1503,2163,0.6881177510562658,0.6957636710213365,0.6953008204553481,6.691168963757019,7.23020625415835,7.549237170596394,479,2,75,0.5,0.5,0.5,stochastic,stochastic,stochastic,0.01
2035,1484,2106,0.690589523002305,0.696911780565817,0.6965019736815251,6.6132678132678135,7.103099730458221,7.518993352326686,480,2,75,0.5,0.5,0.5,stochastic,stochastic,stochastic,0.01
2084,1495,2046,0.6962952016157434,0.6989796709175929,0.6993219829029323,6.571497120921305,7.092307692307692,7.774193548387097,481,2,75,0.5,0.5,0.5,stochastic,stochastic,stochastic,0.01
2164,1521,1940,0.6991630208829007,0.7025583892735191,0.6996933975542806,6.545286506469501,7.022353714661407,7.86701030927835,482,2,75,0.5,0.5,0.5,stochastic,stochastic,stochastic,0.01
2201,1589,1835,0.7038343129521474,0.7051841532345431,0.6999079459330271,6.507950931394821,6.943360604153556,7.899727520435968,483,2,75,0.5,0.5,0.5,stochastic,stochastic,stochastic,0.01
2211,1625,1789,0.7066903801917965,0.7064041424352725,0.7026646637176734,6.703301673450927,6.849230769230769,7.754052543320291,484,2,75,0.5,0.5,0.5,stochastic,stochastic,stochastic,0.01
2219,1667,1739,0.7070385716121201,0.70844432686706,0.7030216153567014,6.7728706624605675,6.721655668866227,7.598044853364002,485,2,75,0.5,0.5,0.5,stochastic,stochastic,stochastic,0.01
2223,1704,1698,0.7058950005432181,0.7143308614655884,0.7052837536342071,6.890238416554206,6.639084507042254,7.399882214369847,486,2,75,0.5,0.5,0.5,stochastic,stochastic,stochastic,0.01
2226,1746,1653,0.7076242657088412,0.7161992023132634,0.706432248808659,7.026504941599281,6.628293241695304,7.409558378705384,487,2,75,0.5,0.5,0.5,stochastic,stochastic,stochastic,0.01
2195,1783,1647,0.7070133473010776,0.7198809066433421,0.7086485360076095,7.0842824601366745,6.352215367358385,7.130540376442016,488,2,75,0.5,0.5,0.5,stochastic,stochastic,stochastic,0.01
2155,1845,1625,0.7082103150139608,0.721475486580577,0.7089772098641404,7.186078886310905,6.284552845528455,6.983384615384615,489,2,75,0.5,0.5,0.5,stochastic,stochastic,stochastic,0.01
2134,1895,1596,0.709093414799734,0.7256811158703041,0.7119293992734211,7.281630740393627,6.242744063324539,6.9185463659147866,490,2,75,0.5,0.5,0.5,stochastic,stochastic,stochastic,0.01
2085,1962,1578,0.7108435133383889,0.7268888130781763,0.7125007026076294,7.358752997601918,6.228848114169215,6.746514575411914,491,2,75,0.5,0.5,0.5,stochastic,stochastic,stochastic,0.01
2064,2010,1551,0.7114599719492862,0.725163876244791,0.7140879604983238,7.2853682170542635,6.216915422885572,6.576402321083172,492,2,75,0.5,0.5,0.5,stochastic,stochastic,stochastic,0.01
1972,2078,1575,0.7109500140366901,0.7250172062055315,0.7146162254621433,7.301724137931035,6.164100096246391,6.47047619047619,493,2,75,0.5,0.5,0.5,stochastic,stochastic,stochastic,0.01
1906,2147,1572,0.7098497887227593,0.7230905804979306,0.7166987711665098,7.2602308499475345,6.169538891476479,6.396310432569974,494,2,75,0.5,0.5,0.5,stochastic,stochastic,stochastic,0.01
1881,2128,1616,0.709226250249602,0.7222041064860975,0.716141966797617,7.169059011164275,6.278665413533835,6.165222772277228,495,2,75,0.5,0.5,0.5,stochastic,stochastic,stochastic,0.01
1801,2188,1636,0.7090703459570008,0.721246848643457,0.7179146187857768,7.138256524153248,6.320383912248629,6.18643031784841,496,2,75,0.5,0.5,0.5,stochastic,stochastic,stochastic,0.01
1733,2216,1676,0.7073017977016299,0.7212043444307097,0.7184701127308658,7.196191575302943,6.421028880866426,6.152147971360382,497,2,75,0.5,0.5,0.5,stochastic,stochastic,stochastic,0.01
1657,2243,1725,0.7040052378438573,0.7217094840161549,0.7162717685295313,7.165359082679541,6.437360677663843,6.057391304347826,498,2,75,0.5,0.5,0.5,stochastic,stochastic,stochastic,0.01
1610,2249,1766,0.703141831143787,0.7217488257089665,0.7160053405030178,7.085093167701864,6.7065362383281455,6.060022650056625,499,2,75,0.5,0.5,0.5,stochastic,stochastic,stochastic,0.01
1593,2205,1827,0.7015358228906741,0.7229506547569459,0.7149591580148527,6.951035781544256,6.869387755102041,6.0519978106185,500,2,75,0.5,0.5,0.5,stochastic,stochastic,stochastic,0.01
1558,2130,1937,0.7050285956105258,0.7246556780266353,0.7153245976753869,6.902439024390244,7.056338028169014,5.97986577181208,501,2,75,0.5,0.5,0.5,stochastic,stochastic,stochastic,0.01
1482,2112,2031,0.7057614845219533,0.7248807952150093,0.7152020800583384,6.9035087719298245,7.161931818181818,6.129985228951256,502,2,75,0.5,0.5,0.5,stochastic,stochastic,stochastic,0.01
1503,2025,2097,0.7067787626806868,0.7288538175601524,0.7132635600134997,6.786427145708583,7.377283950617284,6.229852169766333,503,2,75,0.5,0.5,0.5,stochastic,stochastic,stochastic,0.01
1499,1969,2157,0.706301875221503,0.733971069164687,0.7125526139300142,6.625750500333556,7.425596749619096,6.3699582753824755,504,2,75,0.5,0.5,0.5,stochastic,stochastic,stochastic,0.01
1527,1933,2165,0.7060331469882942,0.7362752379050981,0.7121242984498627,6.487229862475442,7.543197102948784,6.631408775981524,505,2,75,0.5,0.5,0.5,stochastic,stochastic,stochastic,0.01
1582,1867,2176,0.7072465574177934,0.7388942681600481,0.7123071451930715,6.29456384323641,7.659346545259775,6.687040441176471,506,2,75,0.5,0.5,0.5,stochastic,stochastic,stochastic,0.01
1631,1776,2218,0.7096547425775284,0.7433490545644929,0.7140228853898684,6.267320662170447,7.803490990990991,6.780883678990081,507,2,75,0.5,0.5,0.5,stochastic,stochastic,stochastic,0.01
1648,1714,2263,0.7082183669707257,0.7468665733092401,0.7140031274393954,6.320995145631068,7.7211201866977826,6.805567830313743,508,2,75,0.5,0.5,0.5,stochastic,stochastic,stochastic,0.01
1749,1640,2236,0.706181113345441,0.7517484140359554,0.7127656043513187,6.357918810748999,7.696341463414634,6.8604651162790695,509,2,75,0.5,0.5,0.5,stochastic,stochastic,stochastic,0.01
1852,1569,2204,0.7054276292291445,0.7520027972108309,0.7111656251765711,6.346112311015119,7.662205226258764,7.004990925589837,510,2,75,0.5,0.5,0.5,stochastic,stochastic,stochastic,0.01
1928,1524,2173,0.7079405659361724,0.7533955445193166,0.7116018533433873,6.364107883817427,7.554461942257218,6.945236999539807,511,2,75,0.5,0.5,0.5,stochastic,stochastic,stochastic,0.01
1958,1479,2188,0.7056840596373646,0.7532509502674404,0.7125145312177357,6.4974463738508685,7.291413116970927,7.004113345521024,512,2,75,0.5,0.5,0.5,stochastic,stochastic,stochastic,0.01
2004,1491,2130,0.7069384587740565,0.7515818168268615,0.712728803699778,6.462075848303393,6.884641180415828,7.02018779342723,513,2,75,0.5,0.5,0.5,stochastic,stochastic,stochastic,0.01
2019,1487,2119,0.705526560541475,0.745851206978571,0.7117054085246071,6.628528974739971,6.670477471418964,7.096271826333176,514,2,75,0.5,0.5,0.5,stochastic,stochastic,stochastic,0.01
2118,1477,2030,0.7078892916732155,0.745866308452124,0.710526056924639,6.6779981114258735,6.577522004062288,7.218226600985222,515,2,75,0.5,0.5,0.5,stochastic,stochastic,stochastic,0.01
2173,1479,1973,0.7113680711405838,0.7458388356755684,0.7093708159685971,6.789231477220433,6.481406355645706,7.247845919918905,516,2,75,0.5,0.5,0.5,stochastic,stochastic,stochastic,0.01
2243,1516,1866,0.7163839077272135,0.745686167324705,0.7106559813103667,6.884975479268836,6.447229551451187,7.495176848874598,517,2,75,0.5,0.5,0.5,stochastic,stochastic,stochastic,0.01
2335,1546,1744,0.7181857116319463,0.746940654889933,0.7128686128406829,6.907922912205567,6.298188874514877,7.567087155963303,518,2,75,0.5,0.5,0.5,stochastic,stochastic,stochastic,0.01
2353,1665,1607,0.7213630792428005,0.7518446063764754,0.7123668585839883,6.956651083722907,6.170570570570571,7.5924082140634725,519,2,75,0.5,0.5,0.5,stochastic,stochastic,stochastic,0.01
2325,1757,1543,0.7252929005234295,0.7539444639642483,0.7150616612660776,7.033548387096774,6.0182128628343765,7.526895657809462,520,2,75,0.5,0.5,0.5,stochastic,stochastic,stochastic,0.01
2308,1837,1480,0.727772709503112,0.7532859116181325,0.7187540232622671,7.109185441941075,5.953728905824714,7.2472972972972975,521,2,75,0.5,0.5,0.5,stochastic,stochastic,stochastic,0.01
2264,1923,1438,0.7299156280064407,0.7548050517181903,0.7227482540896487,7.230565371024735,6.016120644825793,7.05076495132128,522,2,75,0.5,0.5,0.5,stochastic,stochastic,stochastic,0.01
2174,2012,1439,0.730701326542976,0.7559081416918619,0.7260223393109465,7.313247470101196,6.009940357852883,6.887421820708825,523,2,75,0.5,0.5,0.5,stochastic,stochastic,stochastic,0.01
2078,2134,1413,0.7315139963625514,0.7589907096340007,0.7278946091474089,7.314725697786333,6.071696344892221,6.7876857749469215,524,2,75,0.5,0.5,0.5,stochastic,stochastic,stochastic,0.01
2004,2225,1396,0.7349594087973159,0.7612940590038029,0.729778317927385,7.362275449101796,6.225168539325843,6.7743553008595985,525,2,75,0.5,0.5,0.5,stochastic,stochastic,stochastic,0.01
1911,2303,1411,0.7354055205175103,0.7618527758133955,0.730831962709429,7.423338566195709,6.287451150673035,6.657689581856839,526,2,75,0.5,0.5,0.5,stochastic,stochastic,stochastic,0.01
1821,2364,1440,0.7362777304985508,0.7593471235813912,0.7309751480079942,7.306425041186161,6.366328257191201,6.291666666666667,527,2,75,0.5,0.5,0.5,stochastic,stochastic,stochastic,0.01
1739,2411,1475,0.739766391162381,0.7580590804432635,0.7321704475284987,7.173663024726855,6.485690584819577,6.087457627118644,528,2,75,0.5,0.5,0.5,stochastic,stochastic,stochastic,0.01
1694,2394,1537,0.7389605541538152,0.7582261192507098,0.7324361611915807,7.244982290436836,6.697159565580618,5.869225764476252,529,2,75,0.5,0.5,0.5,stochastic,stochastic,stochastic,0.01
1631,2406,1588,0.7447868325272475,0.759468573238092,0.731299340229322,7.125076640098099,6.859933499584373,5.753148614609572,530,2,75,0.5,0.5,0.5,stochastic,stochastic,stochastic,0.01
1570,2416,1639,0.747428697391598,0.7597463113291386,0.731483862661976,6.893630573248408,6.9155629139072845,5.723611958511287,531,2,75,0.5,0.5,0.5,stochastic,stochastic,stochastic,0.01
1519,2404,1702,0.7473959675150208,0.759475163505612,0.733196001036196,6.7261356155365375,7.0519966722129785,5.6574618096357225,532,2,75,0.5,0.5,0.5,stochastic,stochastic,stochastic,0.01
1449,2392,1784,0.7471707350128901,0.7611182653302402,0.7348788751026994,6.478951000690131,7.254598662207358,5.663116591928251,533,2,75,0.5,0.5,0.5,stochastic,stochastic,stochastic,0.01
1405,2332,1888,0.7480302510678352,0.7638336035828244,0.73504026483815,6.286120996441281,7.398370497427101,5.634004237288136,534,2,75,0.5,0.5,0.5,stochastic,stochastic,stochastic,0.01
1372,2290,1963,0.7485180874718727,0.767156786233561,0.7359626190143038,6.064868804664723,7.432314410480349,5.651044319918492,535,2,75,0.5,0.5,0.5,stochastic,stochastic,stochastic,0.01
1358,2250,2017,0.7515993642167269,0.7720663837430292,0.7364166382459323,5.846833578792341,7.455111111111111,5.713435795736242,536,2,75,0.5,0.5,0.5,stochastic,stochastic,stochastic,0.01
1366,2111,2148,0.7524985116595159,0.7774968003728184,0.7371346278687142,5.739385065885798,7.511132164850782,5.621973929236499,537,2,75,0.5,0.5,0.5,stochastic,stochastic,stochastic,0.01
1381,2013,2231,0.7524950635391413,0.7817595457185172,0.7373249548242153,5.606806661839247,7.595131644311972,5.716270730614075,538,2,75,0.5,0.5,0.5,stochastic,stochastic,stochastic,0.01
1419,1915,2291,0.7526735068952268,0.7837431772657261,0.7373798852733444,5.575757575757576,7.73733681462141,5.875163683980794,539,2,75,0.5,0.5,0.5,stochastic,stochastic,stochastic,0.01
1449,1853,2323,0.7554206370906814,0.7874765516708082,0.7365708838162527,5.478260869565218,7.67620075553157,5.969866551872578,540,2,75,0.5,0.5,0.5,stochastic,stochastic,stochastic,0.01
1516,1776,2333,0.7589154390150825,0.7897482371275091,0.7372654701209868,5.4762532981530345,7.724662162162162,6.184740677239605,541,2,75,0.5,0.5,0.5,stochastic,stochastic,stochastic,0.01
1607,1669,2349,0.7628979415798646,0.791327827331937,0.7364236577676948,5.4673304293715,7.599161174355902,6.274584929757344,542,2,75,0.5,0.5,0.5,stochastic,stochastic,stochastic,0.01
1730,1576,2319,0.7631600867088594,0.7945809275691801,0.7351146742799304,5.452023121387283,7.598984771573604,6.395429064251832,543,2,75,0.5,0.5,0.5,stochastic,stochastic,stochastic,0.01
1838,1484,2303,0.7632141672651525,0.7959917630672675,0.7357431892113153,5.484766050054407,7.482479784366577,6.476335214937039,544,2,75,0.5,0.5,0.5,stochastic,stochastic,stochastic,0.01
1940,1423,2262,0.7621031498964908,0.7985435893101249,0.7358417285472447,5.50360824742268,7.090653548840478,6.607869142351901,545,2,75,0.5,0.5,0.5,stochastic,stochastic,stochastic,0.01
1980,1370,2275,0.7608458616877958,0.7982772260127733,0.7362215693717543,5.693434343434343,6.841605839416059,6.7446153846153845,546,2,75,0.5,0.5,0.5,stochastic,stochastic,stochastic,0.01
2028,1426,2171,0.7606668141250639,0.799740766591681,0.7363152344492501,5.737179487179487,6.543478260869565,7.105481345002303,547,2,75,0.5,0.5,0.5,stochastic,stochastic,stochastic,0.01
2106,1430,2089,0.7604405916907684,0.8014271897339257,0.7345274931489625,5.845204178537512,6.298601398601399,7.2943992340832935,548,2,75,0.5,0.5,0.5,stochastic,stochastic,stochastic,0.01
2169,1476,1980,0.759442982165405,0.8027318217954097,0.7349565081634126,5.9695712309820195,6.14769647696477,7.408585858585859,549,2,75,0.5,0.5,0.5,stochastic,stochastic,stochastic,0.01
2162,1574,1889,0.7583454792062779,0.8046155480069871,0.7348836757144769,6.07631822386679,5.869123252858958,7.510852302805717,550,2,75,0.5,0.5,0.5,stochastic,stochastic,stochastic,0.01
2168,1609,1848,0.7586715930439303,0.8067694348685218,0.7348254320520081,6.180811808118081,5.725295214418893,7.515151515151516,551,2,75,0.5,0.5,0.5,stochastic,stochastic,stochastic,0.01
2200,1660,1765,0.7591277769406661,0.8061767654284012,0.7381311454397006,6.185909090909091,5.724096385542168,7.388101983002833,552,2,75,0.5,0.5,0.5,stochastic,stochastic,stochastic,0.01
2202,1764,1659,0.7598775668074297,0.8053097065012168,0.7404855289284749,6.229336966394187,5.540249433106576,7.455696202531645,553,2,75,0.5,0.5,0.5,stochastic,stochastic,stochastic,0.01
2195,1808,1622,0.7616559307539883,0.8071683376786796,0.7443239433963271,6.370842824601366,5.558075221238938,7.284217016029593,554,2,75,0.5,0.5,0.5,stochastic,stochastic,stochastic,0.01
2166,1857,1602,0.7628610932162418,0.8067687049497494,0.7479918148541266,6.4976915974145895,5.548196015078083,6.963795255930087,555,2,75,0.5,0.5,0.5,stochastic,stochastic,stochastic,0.01
2131,1916,1578,0.7639026583957524,0.8057825878485004,0.7517582837551113,6.5495072735804785,5.54384133611691,6.73637515842839,556,2,75,0.5,0.5,0.5,stochastic,stochastic,stochastic,0.01
2062,1964,1599,0.7617021451434145,0.804825822198868,0.7534362429318032,6.688651794374394,5.527494908350305,6.575984990619137,557,2,75,0.5,0.5,0.5,stochastic,stochastic,stochastic,0.01
1938,2076,1611,0.7597583621791393,0.8009930973626803,0.7551829710986582,6.767285861713106,5.446050096339114,6.450031036623216,558,2,75,0.5,0.5,0.5,stochastic,stochastic,stochastic,0.01
1889,2069,1667,0.756870964070375,0.7994531503119632,0.7569305601349182,6.82212811011117,5.50120831319478,6.197360527894421,559,2,75,0.5,0.5,0.5,stochastic,stochastic,stochastic,0.01
1815,2115,1695,0.7558860150904799,0.7988980557866651,0.7579657177796886,6.90137741046832,5.610401891252955,6.053097345132743,560,2,75,0.5,0.5,0.5,stochastic,stochastic,stochastic,0.01
1749,2163,1713,0.7573916973126193,0.797549142287877,0.7584580009155522,6.9599771297884505,5.7799352750809065,6.1646234676007,561,2,75,0.5,0.5,0.5,stochastic,stochastic,stochastic,0.01
1725,2172,1728,0.7605460101062533,0.7976204318658621,0.7605386876592578,6.797101449275362,5.894106813996316,6.107060185185185,562,2,75,0.5,0.5,0.5,stochastic,stochastic,stochastic,0.01
1674,2223,1728,0.7646445821763227,0.7985217050943456,0.7622420562392835,6.542413381123058,6.042285200179937,6.014467592592593,563,2,75,0.5,0.5,0.5,stochastic,stochastic,stochastic,0.01
1660,2223,1742,0.7687767982472549,0.7973138775214861,0.7620113539178581,6.2536144578313255,6.1201079622132255,5.80654420206659,564,2,75,0.5,0.5,0.5,stochastic,stochastic,stochastic,0.01
1636,2235,1754,0.7736783452610801,0.7978889085009543,0.761449723646759,6.131418092909535,6.337807606263982,5.82497149372862,565,2,75,0.5,0.5,0.5,stochastic,stochastic,stochastic,0.01
1577,2220,1828,0.7756931903277285,0.7983933991428644,0.7601587221981334,6.025998731769182,6.538288288288288,5.910284463894967,566,2,75,0.5,0.5,0.5,stochastic,stochastic,stochastic,0.01
1556,2191,1878,0.7769847283661543,0.7995837796680398,0.7575131353828174,6.004498714652956,6.773162939297125,5.974973375931842,567,2,75,0.5,0.5,0.5,stochastic,stochastic,stochastic,0.01
1556,2136,1933,0.7782210793274618,0.8021089056522346,0.7568646871265775,5.89974293059126,7.018258426966292,6.063631660631144,568,2,75,0.5,0.5,0.5,stochastic,stochastic,stochastic,0.01
1585,2081,1959,0.777732914090354,0.8024793823001662,0.7564944099266301,5.759621451104101,7.156174915905814,6.0464522715671265,569,2,75,0.5,0.5,0.5,stochastic,stochastic,stochastic,0.01
1620,2041,1964,0.7765092023790581,0.8010896902442188,0.7544087144900216,5.602469135802469,7.237628613424792,6.069246435845214,570,2,75,0.5,0.5,0.5,stochastic,stochastic,stochastic,0.01
1604,2053,1968,0.7751119911984836,0.8002327287028186,0.7540625804620805,5.512468827930174,7.2537749634680955,6.177337398373984,571,2,75,0.5,0.5,0.5,stochastic,stochastic,stochastic,0.01
1601,1975,2049,0.7753815824689606,0.8013598679240566,0.7532858824674413,5.587133041848844,7.3144303797468355,6.15568570034163,572,2,75,0.5,0.5,0.5,stochastic,stochastic,stochastic,0.01
1635,1909,2081,0.7759377187572902,0.8008581350805382,0.7543111414075628,5.568807339449541,7.26925091671032,6.176357520422874,573,2,75,0.5,0.5,0.5,stochastic,stochastic,stochastic,0.01
1668,1815,2142,0.7769178477908228,0.8007766580566544,0.7525052947473766,5.644484412470024,7.215426997245179,6.150326797385621,574,2,75,0.5,0.5,0.5,stochastic,stochastic,stochastic,0.01
1689,1741,2195,0.7747855787491128,0.8017950379482898,0.7543242469793588,5.743635287152161,6.939689833429064,6.142141230068337,575,2,75,0.5,0.5,0.5,stochastic,stochastic,stochastic,0.01
1750,1667,2208,0.7758453189136327,0.8053513104373459,0.7536674485312785,5.820571428571428,6.848230353929214,6.227807971014493,576,2,75,0.5,0.5,0.5,stochastic,stochastic,stochastic,0.01
1804,1610,2211,0.7792275816370113,0.8068952381024908,0.7519668857412359,5.762195121951219,6.514285714285714,6.297150610583446,577,2,75,0.5,0.5,0.5,stochastic,stochastic,stochastic,0.01
1874,1566,2185,0.780607251207189,0.8111859382983966,0.751010166635452,5.7913553895410885,6.242656449553001,6.31395881006865,578,2,75,0.5,0.5,0.5,stochastic,stochastic,stochastic,0.01
1892,1561,2172,0.7806853519262651,0.814368865186934,0.7502295284778355,5.9778012684989426,6.087764253683536,6.581031307550645,579,2,75,0.5,0.5,0.5,stochastic,stochastic,stochastic,0.01
1960,1546,2119,0.7797785808460012,0.8168822552598229,0.7522979198110963,5.932142857142857,5.999353169469599,6.663992449268523,580,2,75,0.5,0.5,0.5,stochastic,stochastic,stochastic,0.01
2003,1551,2071,0.7796357412492763,0.8194322743484503,0.7524667006136895,5.920119820269596,5.748549323017408,6.815548044422984,581,2,75,0.5,0.5,0.5,stochastic,stochastic,stochastic,0.01
2003,1592,2030,0.7808179859872536,0.821717221411031,0.7526189564283562,5.958062905641538,5.585427135678392,6.973891625615764,582,2,75,0.5,0.5,0.5,stochastic,stochastic,stochastic,0.01
2027,1655,1943,0.7847227977499728,0.8246445172333744,0.7546755268059238,5.911692155895412,5.5589123867069485,7.106536284096758,583,2,75,0.5,0.5,0.5,stochastic,stochastic,stochastic,0.01
2083,1681,1861,0.7863181170518047,0.8233873409752722,0.7573475747029499,5.791646663466155,5.569898869720404,7.103170338527673,584,2,75,0.5,0.5,0.5,stochastic,stochastic,stochastic,0.01
2148,1693,1784,0.7908972053954442,0.8239393132513662,0.75854640240514,5.739292364990689,5.506202008269344,6.9624439461883405,585,2,75,0.5,0.5,0.5,stochastic,stochastic,stochastic,0.01
2151,1775,1699,0.794031189854242,0.8225852918239067,0.7609841085684954,5.793119479311948,5.485070422535212,6.916421424367275,586,2,75,0.5,0.5,0.5,stochastic,stochastic,stochastic,0.01
2142,1823,1660,0.7965555215785559,0.8223764478839691,0.7630147867580589,5.921568627450981,5.56335710367526,6.683734939759036,587,2,75,0.5,0.5,0.5,stochastic,stochastic,stochastic,0.01
2113,1841,1671,0.7999341892391633,0.8227569645317666,0.7659907608153012,6.018457169900615,5.53720803910918,6.353081986834231,588,2,75,0.5,0.5,0.5,stochastic,stochastic,stochastic,0.01
2076,1853,1696,0.8013026914261601,0.8217926858534664,0.7686185968971608,6.223988439306359,5.564490016189962,6.199292452830188,589,2,75,0.5,0.5,0.5,stochastic,stochastic,stochastic,0.01
1988,1900,1737,0.8031252577668854,0.8199139585754608,0.7692191046620134,6.381790744466801,5.523157894736842,6.071387449625791,590,2,75,0.5,0.5,0.5,stochastic,stochastic,stochastic,0.01
1956,1918,1751,0.8030669966390163,0.817893945166635,0.7717070722791887,6.397239263803681,5.59541188738269,5.877784123358081,591,2,75,0.5,0.5,0.5,stochastic,stochastic,stochastic,0.01
1901,1961,1763,0.8014244254163161,0.8135215673178696,0.772496766019618,6.3703314045239345,5.5940846506884245,5.815087918321043,592,2,75,0.5,0.5,0.5,stochastic,stochastic,stochastic,0.01
1909,1966,1750,0.800761119893299,0.8112772294742822,0.7739548452336487,6.350445259298062,5.612919633774161,5.824,593,2,75,0.5,0.5,0.5,stochastic,stochastic,stochastic,0.01
1847,1997,1781,0.7990917218989001,0.8091899316062399,0.7749638651550381,6.505143475906876,5.640460691036555,5.8736664795058955,594,2,75,0.5,0.5,0.5,stochastic,stochastic,stochastic,0.01
1841,2017,1767,0.7967658955826138,0.8087536808773956,0.7760281163653283,6.47582835415535,5.75805651958354,5.908885116015846,595,2,75,0.5,0.5,0.5,stochastic,stochastic,stochastic,0.01
1761,2085,1779,0.7959928883860373,0.808314892038894,0.7769943835561732,6.505394662123793,5.779856115107914,5.938167509836987,596,2,75,0.5,0.5,0.5,stochastic,stochastic,stochastic,0.01
1689,2137,1799,0.7928287225982471,0.8084483883583521,0.7783702670306357,6.481349911190053,5.868039307440337,6.043913285158421,597,2,75,0.5,0.5,0.5,stochastic,stochastic,stochastic,0.01
1663,2147,1815,0.7915628365494762,0.8090260836743731,0.7812403128461338,6.313289236319903,6.062412668840242,5.93168044077135,598,2,75,0.5,0.5,0.5,stochastic,stochastic,stochastic,0.01
1650,2134,1841,0.7901216223095421,0.8079981389707309,0.7822525339437801,6.216363636363637,6.194470477975632,5.911461162411733,599,2,75,0.5,0.5,0.5,stochastic,stochastic,stochastic,0.01
1643,2112,1870,0.7891992678810494,0.81025167342174,0.7811616761838575,6.138161898965308,6.296875,5.9459893048128345,600,2,75,0.5,0.5,0.5,stochastic,stochastic,stochastic,0.01
1582,2139,1904,0.7891975167209473,0.8129424369495236,0.7808330887054515,5.998103666245259,6.301542776998597,5.929096638655462,601,2,75,0.5,0.5,0.5,stochastic,stochastic,stochastic,0.01
1501,2156,1968,0.7912019835540556,0.8138206849673417,0.77965234607915,5.900066622251832,6.369666048237477,6.029471544715447,602,2,75,0.5,0.5,0.5,stochastic,stochastic,stochastic,0.01
1465,2112,2048,0.7935681421478535,0.8148027889864956,0.7789826634359193,5.835494880546075,6.467329545454546,6.10546875,603,2,75,0.5,0.5,0.5,stochastic,stochastic,stochastic,0.01
1439,2058,2128,0.7965781120135907,0.8155449542580873,0.7794231035073482,5.683113273106324,6.574829931972789,6.137218045112782,604,2,75,0.5,0.5,0.5,stochastic,stochastic,stochastic,0.01
1485,1994,2146,0.7953099257329478,0.8153716461669297,0.7786331502043871,5.451178451178452,6.732698094282848,6.204566635601118,605,2,75,0.5,0.5,0.5,stochastic,stochastic,stochastic,0.01
1491,1973,2161,0.7975279145645283,0.819639509659252,0.7784018339983987,5.425217974513749,6.706538266599088,6.313280888477557,606,2,75,0.5,0.5,0.5,stochastic,stochastic,stochastic,0.01
1547,1937,2141,0.7997418158307004,0.8244768616478663,0.776983172701818,5.239819004524887,6.703149199793495,6.3236805231200375,607,2,75,0.5,0.5,0.5,stochastic,stochastic,stochastic,0.01
1566,1845,2214,0.8012596979419796,0.8268618410235619,0.7780170123481426,5.272030651340996,6.780487804878049,6.296296296296297,608,2,75,0.5,0.5,0.5,stochastic,stochastic,stochastic,0.01
1645,1781,2199,0.8017404684043583,0.8292449702902137,0.7783149737609238,5.251671732522796,6.889387984278495,6.408822191905411,609,2,75,0.5,0.5,0.5,stochastic,stochastic,stochastic,0.01
1715,1717,2193,0.8033035386429411,0.8324946361264433,0.7794871477313753,5.297959183673469,6.896913220733838,6.4277245782033745,610,2,75,0.5,0.5,0.5,stochastic,stochastic,stochastic,0.01
1733,1696,2196,0.8036589954200555,0.8352995708595594,0.7813977796282321,5.3369878822850545,6.732900943396227,6.489526411657559,611,2,75,0.5,0.5,0.5,stochastic,stochastic,stochastic,0.01
1749,1706,2170,0.8047687098741075,0.8373922321933123,0.7811977501107586,5.3379073756432245,6.579132473622509,6.531797235023041,612,2,75,0.5,0.5,0.5,stochastic,stochastic,stochastic,0.01
1751,1720,2154,0.8039037832543545,0.838978825347828,0.7820119389847328,5.411193603655054,6.424418604651163,6.698700092850511,613,2,75,0.5,0.5,0.5,stochastic,stochastic,stochastic,0.01
1777,1731,2117,0.8057778649999522,0.8436268590322857,0.7836019024548851,5.375351716375914,6.302137492778741,6.751062824752007,614,2,75,0.5,0.5,0.5,stochastic,stochastic,stochastic,0.01
1800,1777,2048,0.8077552045917873,0.842915124352565,0.7854238382906528,5.362777777777778,6.254924029262803,6.84814453125,615,2,75,0.5,0.5,0.5,stochastic,stochastic,stochastic,0.01
1799,1775,2051,0.8070679940458114,0.8429845749129685,0.7851984383798181,5.3763201778765985,6.147605633802817,6.81618722574354,616,2,75,0.5,0.5,0.5,stochastic,stochastic,stochastic,0.01
1831,1783,2011,0.811446694445636,0.8431086075757735,0.7853121755340935,5.363189513926816,6.186763881099271,6.842366981601193,617,2,75,0.5,0.5,0.5,stochastic,stochastic,stochastic,0.01
1831,1796,1998,0.8154406377904111,0.8450174251651307,0.7855793327719942,5.34407427635172,6.033407572383074,6.784784784784785,618,2,75,0.5,0.5,0.5,stochastic,stochastic,stochastic,0.01
1868,1767,1990,0.8179616395533202,0.8438286005724255,0.7864771651743996,5.312633832976445,5.879456706281833,6.560301507537688,619,2,75,0.5,0.5,0.5,stochastic,stochastic,stochastic,0.01
1876,1810,1939,0.8179263755190187,0.8421433204043105,0.7873800440310882,5.279317697228145,5.769613259668509,6.554925219185147,620,2,75,0.5,0.5,0.5,stochastic,stochastic,stochastic,0.01
1917,1793,1915,0.8213400800768111,0.8421144938399927,0.7879463378143261,5.258737610850287,5.716675962074735,6.254830287206266,621,2,75,0.5,0.5,0.5,stochastic,stochastic,stochastic,0.01
1860,1787,1978,0.8192739262238292,0.8369164939516803,0.7882395068949786,5.38494623655914,5.526580861779519,6.199191102123357,622,2,75,0.5,0.5,0.5,stochastic,stochastic,stochastic,0.01
1873,1767,1985,0.8194962140249769,0.8331247174390322,0.788783126221265,5.397223705285638,5.512733446519524,6.10831234256927,623,2,75,0.5,0.5,0.5,stochastic,stochastic,stochastic,0.01
1848,1794,1983,0.817143427270189,0.8296559522964343,0.7894339433904012,5.437229437229437,5.493868450390189,6.052950075642965,624,2,75,0.5,0.5,0.5,stochastic,stochastic,stochastic,0.01
1851,1736,2038,0.8158012870648422,0.8276220345195178,0.7891596551733283,5.5991356023770935,5.469470046082949,5.960745829244357,625,2,75,0.5,0.5,0.5,stochastic,stochastic,stochastic,0.01
1837,1747,2041,0.8156477338494551,0.8260334387362669,0.790762373982137,5.641262928688079,5.458500286204923,6.0450759431651155,626,2,75,0.5,0.5,0.5,stochastic,stochastic,stochastic,0.01
1803,1761,2061,0.81534438242842,0.822805014243705,0.7897829238790595,5.695507487520799,5.4162407722884724,6.0276564774381365,627,2,75,0.5,0.5,0.5,stochastic,stochastic,stochastic,0.01
1815,1771,2039,0.8140622885906843,0.820665715423991,0.7905741563545078,5.6793388429752065,5.542631281761716,6.103482099068171,628,2,75,0.5,0.5,0.5,stochastic,stochastic,stochastic,0.01
1838,1779,2008,0.8151974017824553,0.8200598093290599,0.789382943708944,5.5609357997823725,5.540753232152895,6.205677290836653,629,2,75,0.5,0.5,0.5,stochastic,stochastic,stochastic,0.01
1840,1819,1966,0.8186944884173085,0.8212158128604297,0.7877004007632432,5.4103260869565215,5.505222649807586,6.256358087487284,630,2,75,0.5,0.5,0.5,stochastic,stochastic,stochastic,0.01
1858,1841,1926,0.820229110584668,0.8202052092652071,0.7881477862247708,5.242734122712594,5.535035306898425,6.196780893042575,631,2,75,0.5,0.5,0.5,stochastic,stochastic,stochastic,0.01
1889,1850,1886,0.8196800943515564,0.822666602526216,0.7881671460956018,5.192694547379566,5.616216216216216,6.056733828207848,632,2,75,0.5,0.5,0.5,stochastic,stochastic,stochastic,0.01
1831,1885,1909,0.8197464787448161,0.8266955495794046,0.788425899796761,5.320589841616603,5.592572944297082,6.0995285489785225,633,2,75,0.5,0.5,0.5,stochastic,stochastic,stochastic,0.01
1836,1876,1913,0.8184217098728185,0.830245022751239,0.7892550363414221,5.379084967320262,5.70042643923241,6.043387349712494,634,2,75,0.5,0.5,0.5,stochastic,stochastic,stochastic,0.01
1849,1835,1941,0.8183799886044416,0.8344014941867156,0.7901148922355477,5.393726338561384,5.698092643051771,5.828954147346728,635,2,75,0.5,0.5,0.5,stochastic,stochastic,stochastic,0.01
1857,1826,1942,0.8188497448527308,0.8397467021941643,0.7912881498654686,5.394722670974691,5.597480832420591,5.761585993820804,636,2,75,0.5,0.5,0.5,stochastic,stochastic,stochastic,0.01
1857,1850,1918,0.8223368925890346,0.8422926748757958,0.7910622248659869,5.372644049542273,5.544864864864865,5.740875912408759,637,2,75,0.5,0.5,0.5,stochastic,stochastic,stochastic,0.01
1854,1841,1930,0.8218941900947696,0.8450576912302019,0.7917547186371444,5.386192017259979,5.556762629005975,5.758549222797927,638,2,75,0.5,0.5,0.5,stochastic,stochastic,stochastic,0.01
1869,1846,1910,0.8211318016797073,0.8484360215243315,0.7913833000478045,5.368111289459604,5.517876489707476,5.839267015706806,639,2,75,0.5,0.5,0.5,stochastic,stochastic,stochastic,0.01
1823,1887,1915,0.8209542929490193,0.8482036652585239,0.7910254382706072,5.430608886450905,5.49655537890832,5.918537859007833,640,2,75,0.5,0.5,0.5,stochastic,stochastic,stochastic,0.01
1795,1927,1903,0.8185890893252027,0.8454240266119994,0.7897510532251376,5.433983286908078,5.499740529320187,5.896479243300052,641,2,75,0.5,0.5,0.5,stochastic,stochastic,stochastic,0.01
1819,1906,1900,0.8192840045546856,0.8426750160923367,0.7904451425536404,5.444200109950522,5.565057712486883,5.796842105263158,642,2,75,0.5,0.5,0.5,stochastic,stochastic,stochastic,0.01
1818,1899,1908,0.821136290389958,0.8394063961074592,0.7920504816704388,5.51045104510451,5.660874144286467,5.817085953878407,643,2,75,0.5,0.5,0.5,stochastic,stochastic,stochastic,0.01
1841,1872,1912,0.8236219158315131,0.836563134175914,0.7932646601373115,5.502444323737099,5.713675213675214,5.790271966527197,644,2,75,0.5,0.5,0.5,stochastic,stochastic,stochastic,0.01
1794,1906,1925,0.8243877946302057,0.8351424947607504,0.7954952069085844,5.573021181716834,5.626442812172088,5.833766233766234,645,2,75,0.5,0.5,0.5,stochastic,stochastic,stochastic,0.01
1773,1917,1935,0.826893121078154,0.8356228131917105,0.7969796830668558,5.485617597292724,5.509650495565989,5.749354005167959,646,2,75,0.5,0.5,0.5,stochastic,stochastic,stochastic,0.01
1716,1944,1965,0.8250975616239554,0.8348153850787752,0.7977840224027178,5.553613053613054,5.478395061728395,5.792366412213741,647,2,75,0.5,0.5,0.5,stochastic,stochastic,stochastic,0.01
1679,1927,2019,0.8236702147687995,0.833611931016414,0.8005569594785841,5.51697438951757,5.4058121432278154,5.707280832095097,648,2,75,0.5,0.5,0.5,stochastic,stochastic,stochastic,0.01
1682,1903,2040,0.823637996922336,0.8349839886215833,0.8003655217720256,5.397146254458978,5.4792433000525484,5.648529411764706,649,2,75,0.5,0.5,0.5,stochastic,stochastic,stochastic,0.01
1686,1899,2040,0.8228902373776129,0.8324433496721191,0.8010821098267815,5.313167259786477,5.513428120063191,5.75,650,2,75,0.5,0.5,0.5,stochastic,stochastic,stochastic,0.01
1695,1903,2027,0.8248943303536633,0.8314784339320961,0.8009872707370049,5.218879056047197,5.554387808723069,5.800197335964479,651,2,75,0.5,0.5,0.5,stochastic,stochastic,stochastic,0.01
1692,1935,1998,0.8272153992914314,0.8308201592706244,0.8031942019823383,5.107565011820331,5.609819121447028,5.932932932932933,652,2,75,0.5,0.5,0.5,stochastic,stochastic,stochastic,0.01
1747,1929,1949,0.830456608573283,0.8293339000225314,0.8032878944218397,4.990269032627361,5.650077760497667,5.974345818368394,653,2,75,0.5,0.5,0.5,stochastic,stochastic,stochastic,0.01
1769,1910,1946,0.8325946918696829,0.8295278365036451,0.802757230176568,4.958733747880158,5.615706806282723,5.909558067831449,654,2,75,0.5,0.5,0.5,stochastic,stochastic,stochastic,0.01
1816,1821,1988,0.8327626087655315,0.8324815208976956,0.805282078108278,5.056718061674009,5.784733662822625,5.792756539235413,655,2,75,0.5,0.5,0.5,stochastic,stochastic,stochastic,0.01
1901,1739,1985,0.8342060645279514,0.833608101144406,0.8055240857290658,5.085218306154656,5.813686026451984,5.750629722921914,656,2,75,0.5,0.5,0.5,stochastic,stochastic,stochastic,0.01
1973,1676,1976,0.836374294799742,0.8353282034931666,0.8073208859746681,5.262037506335529,5.906921241050119,5.774797570850202,657,2,75,0.5,0.5,0.5,stochastic,stochastic,stochastic,0.01
1996,1655,1974,0.8372711552579732,0.8364734102754174,0.8095001660556456,5.422845691382766,5.816918429003021,5.67629179331307,658,2,75,0.5,0.5,0.5,stochastic,stochastic,stochastic,0.01
2057,1599,1969,0.8405493760480577,0.8337221660927752,0.8080722414342283,5.467185221195916,5.713570981863665,5.596241747079736,659,2,75,0.5,0.5,0.5,stochastic,stochastic,stochastic,0.01
2112,1599,1914,0.8388433868768003,0.8367466751861414,0.8079948931415607,5.480113636363637,5.563477173233271,5.549111807732498,660,2,75,0.5,0.5,0.5,stochastic,stochastic,stochastic,0.01
2152,1617,1856,0.8383202415262337,0.8419547197129593,0.8061997652353164,5.598513011152416,5.458256029684601,5.658943965517241,661,2,75,0.5,0.5,0.5,stochastic,stochastic,stochastic,0.01
2175,1656,1794,0.8376417237901413,0.8461322393438042,0.805280879147696,5.676781609195403,5.355676328502415,5.720178372352286,662,2,75,0.5,0.5,0.5,stochastic,stochastic,stochastic,0.01
2165,1750,1710,0.834674413254211,0.8524515981600863,0.8043926567519434,5.677136258660508,5.2,5.802923976608187,663,2,75,0.5,0.5,0.5,stochastic,stochastic,stochastic,0.01
2167,1877,1581,0.8335597591311039,0.8552001569481117,0.8055226923317034,5.581449007844947,5.078849227490677,5.817204301075269,664,2,75,0.5,0.5,0.5,stochastic,stochastic,stochastic,0.01
2116,1958,1551,0.8328737303146798,0.8580752558938752,0.8063070099100788,5.69281663516068,5.048008171603677,5.701482914248872,665,2,75,0.5,0.5,0.5,stochastic,stochastic,stochastic,0.01
2013,2081,1531,0.8341800476484683,0.8587043540375037,0.807073724929282,5.743169398907104,4.996155694377703,5.566949706074461,666,2,75,0.5,0.5,0.5,stochastic,stochastic,stochastic,0.01
1961,2126,1538,0.835872781761497,0.8577719024423419,0.8059833536663822,5.868434472208057,5.1679209783631235,5.475292587776333,667,2,75,0.5,0.5,0.5,stochastic,stochastic,stochastic,0.01
1946,2169,1510,0.8351057630057623,0.8574426382895501,0.8071945822401648,5.8663926002055495,5.360534808667588,5.329801324503311,668,2,75,0.5,0.5,0.5,stochastic,stochastic,stochastic,0.01
1864,2283,1478,0.8355636664810046,0.8586476423861923,0.8089607513595551,5.813304721030043,5.443276390713973,5.187415426251691,669,2,75,0.5,0.5,0.5,stochastic,stochastic,stochastic,0.01
1752,2355,1518,0.8388278315945584,0.8576728282626799,0.8111484607789248,5.715182648401827,5.525265392781316,4.961791831357049,670,2,75,0.5,0.5,0.5,stochastic,stochastic,stochastic,0.01
1637,2370,1618,0.8391313649843138,0.8571479808317163,0.8149730221197943,5.699450213805743,5.548101265822785,4.788009888751545,671,2,75,0.5,0.5,0.5,stochastic,stochastic,stochastic,0.01
1543,2351,1731,0.839380010464611,0.8566420559755514,0.8180506186116907,5.774465327284511,5.732454274776691,4.825534373194685,672,2,75,0.5,0.5,0.5,stochastic,stochastic,stochastic,0.01
1420,2349,1856,0.8398772929897308,0.8560173721199412,0.8199887569557651,5.666901408450705,5.759472115793955,4.836745689655173,673,2,75,0.5,0.5,0.5,stochastic,stochastic,stochastic,0.01
1350,2290,1985,0.8421962294758184,0.8556827691269887,0.8206991783316885,5.5377777777777775,5.848471615720524,4.862468513853904,674,2,75,0.5,0.5,0.5,stochastic,stochastic,stochastic,0.01
1299,2224,2102,0.842213640406151,0.8521548268406259,0.8224391488041022,5.2994611239414935,5.963129496402877,4.945290199809705,675,2,75,0.5,0.5,0.5,stochastic,stochastic,stochastic,0.01
1255,2145,2225,0.8450818260476275,0.8509146131721188,0.8221696824321271,5.11792828685259,6.115617715617716,5.133033707865168,676,2,75,0.5,0.5,0.5,stochastic,stochastic,stochastic,0.01
1249,2081,2295,0.8482144208108042,0.8481189044216515,0.8231565018193864,4.755804643714972,6.203267659778953,5.3237472766884535,677,2,75,0.5,0.5,0.5,stochastic,stochastic,stochastic,0.01
1302,1999,2324,0.847913634321989,0.8450384854265961,0.8223484623247241,4.486943164362519,6.334667333666833,5.465576592082616,678,2,75,0.5,0.5,0.5,stochastic,stochastic,stochastic,0.01
1370,1876,2379,0.8493546863543835,0.8445933692555881,0.8204311994325277,4.420437956204379,6.595415778251599,5.646069777217318,679,2,75,0.5,0.5,0.5,stochastic,stochastic,stochastic,0.01
1461,1791,2373,0.8498780588622873,0.8466291904991332,0.8201126545019035,4.347022587268994,6.815745393634841,5.837758112094395,680,2,75,0.5,0.5,0.5,stochastic,stochastic,stochastic,0.01
1533,1719,2373,0.8498791746721606,0.8485153217603304,0.8196973052739361,4.400521852576647,6.855730075625363,6.012220817530552,681,2,75,0.5,0.5,0.5,stochastic,stochastic,stochastic,0.01
1654,1617,2354,0.8495486289702077,0.8486660185957439,0.8181871654912095,4.469770253929867,6.879406307977736,6.146134239592183,682,2,75,0.5,0.5,0.5,stochastic,stochastic,stochastic,0.01
1757,1537,2331,0.8500446834773308,0.8505520536952597,0.8164196871111782,4.626636311895276,6.722836694860117,6.243672243672243,683,2,75,0.5,0.5,0.5,stochastic,stochastic,stochastic,0.01
1872,1506,2247,0.8475006244792488,0.852633971322582,0.813592557850669,4.686965811965812,6.630146082337317,6.355140186915888,684,2,75,0.5,0.5,0.5,stochastic,stochastic,stochastic,0.01
1917,1524,2184,0.8441727901470449,0.8539667083059903,0.8106966601698471,4.828377673448096,6.336614173228346,6.502747252747253,685,2,75,0.5,0.5,0.5,stochastic,stochastic,stochastic,0.01
1948,1539,2138,0.8418753774913318,0.860656404931271,0.8074197466111342,5.000513347022587,6.094217024041585,6.591206735266605,686,2,75,0.5,0.5,0.5,stochastic,stochastic,stochastic,0.01
1967,1537,2121,0.8387406844359536,0.8662859894699635,0.8057904492862443,5.110320284697509,5.821080026024723,6.572371522866573,687,2,75,0.5,0.5,0.5,stochastic,stochastic,stochastic,0.01
1967,1584,2074,0.8373232309054649,0.8688949306622724,0.8056479864409042,5.265887137773259,5.464015151515151,6.671166827386692,688,2,75,0.5,0.5,0.5,stochastic,stochastic,stochastic,0.01
1988,1621,2016,0.8375352633462083,0.8723856364417929,0.8046938058926559,5.352112676056338,5.332510795805058,6.751984126984127,689,2,75,0.5,0.5,0.5,stochastic,stochastic,stochastic,0.01
1961,1673,1991,0.8369584194840658,0.8772573016329297,0.8048030305125816,5.415604283528812,5.077106993424985,6.733802109492717,690,2,75,0.5,0.5,0.5,stochastic,stochastic,stochastic,0.01
2011,1708,1906,0.8388235722046343,0.8787680026114564,0.80298856131057,5.4490303331675785,5.1083138173302105,6.854144805876181,691,2,75,0.5,0.5,0.5,stochastic,stochastic,stochastic,0.01
2035,1777,1813,0.8411672113739279,0.8770465123831566,0.8016074127620285,5.54054054054054,5.191333708497468,7.006618863761721,692,2,75,0.5,0.5,0.5,stochastic,stochastic,stochastic,0.01
1998,1861,1766,0.8465696831395775,0.8781036241061473,0.801439573748175,5.5475475475475475,5.1418592154755505,6.947904869762175,693,2,75,0.5,0.5,0.5,stochastic,stochastic,stochastic,0.01
2006,1912,1707,0.8500824459100839,0.8771426324305442,0.8001676297898547,5.610667996011964,5.2175732217573225,6.9244288224956065,694,2,75,0.5,0.5,0.5,stochastic,stochastic,stochastic,0.01
1998,1962,1665,0.854000192643211,0.8759888849519684,0.8007716203573264,5.644644644644645,5.386850152905199,6.734534534534535,695,2,75,0.5,0.5,0.5,stochastic,stochastic,stochastic,0.01
1940,2033,1652,0.8563037899690003,0.873624210591514,0.8023009920585682,5.793814432989691,5.515494343334973,6.561138014527845,696,2,75,0.5,0.5,0.5,stochastic,stochastic,stochastic,0.01
1876,2081,1668,0.8618648360689849,0.873102013873806,0.8044961373076623,5.801172707889126,5.606439211917348,6.290767386091127,697,2,75,0.5,0.5,0.5,stochastic,stochastic,stochastic,0.01
1808,2088,1729,0.8649177226860724,0.8742612574081164,0.8077704393430617,5.813606194690266,5.580459770114943,5.980913823019086,698,2,75,0.5,0.5,0.5,stochastic,stochastic,stochastic,0.01
1733,2111,1781,0.8685534595393857,0.8733321189128512,0.8111468824184234,5.791113675706867,5.635717669351019,5.85120718697361,699,2,75,0.5,0.5,0.5,stochastic,stochastic,stochastic,0.01
1656,2090,1879,0.8700455600983513,0.8719290478219265,0.8164577324862309,5.815821256038648,5.662679425837321,5.674827035657264,700,2,75,0.5,0.5,0.5,stochastic,stochastic,stochastic,0.01
1637,2059,1929,0.8716117840831369,0.8736894475504309,0.8172454571110103,5.74160048869884,5.733851384167071,5.539139450492483,701,2,75,0.5,0.5,0.5,stochastic,stochastic,stochastic,0.01
1591,2046,1988,0.8708070661478572,0.8726542779634127,0.8213388358781848,5.814582023884349,5.738514173998045,5.548289738430584,702,2,75,0.5,0.5,0.5,stochastic,stochastic,stochastic,0.01
1539,2033,2053,0.8709550763560931,0.8704766379771176,0.8222841412347376,5.7102014294996755,5.787014264633546,5.5825621042377005,703,2,75,0.5,0.5,0.5,stochastic,stochastic,stochastic,0.01
1542,1983,2100,0.8698097777673753,0.8679465141170046,0.8254165011123977,5.738651102464332,5.898134140191629,5.693809523809524,704,2,75,0.5,0.5,0.5,stochastic,stochastic,stochastic,0.01
1545,1929,2151,0.8679631509090504,0.8674688668509432,0.8267022582942847,5.651779935275081,5.959564541213064,5.8447233844723385,705,2,75,0.5,0.5,0.5,stochastic,stochastic,stochastic,0.01
1564,1899,2162,0.8663009754164597,0.86660735509657,0.8300665177283092,5.576726342710997,6.022643496577146,5.956984273820536,706,2,75,0.5,0.5,0.5,stochastic,stochastic,stochastic,0.01
1586,1867,2172,0.8647472257050554,0.8666513473178223,0.8306074357511506,5.397225725094578,6.025709694697375,6.011970534069982,707,2,75,0.5,0.5,0.5,stochastic,stochastic,stochastic,0.01
1641,1871,2113,0.864663776740389,0.8676850805000031,0.8331581610102066,5.266301035953687,5.99946552645644,6.111689540937056,708,2,75,0.5,0.5,0.5,stochastic,stochastic,stochastic,0.01
1705,1824,2096,0.8630987380612254,0.8672280685094216,0.8338077140229165,5.201759530791789,6.048793859649122,6.155057251908397,709,2,75,0.5,0.5,0.5,stochastic,stochastic,stochastic,0.01
1721,1798,2106,0.8637100081549385,0.8688162290930359,0.8330589178989647,5.258570598489251,5.943826473859844,6.154320987654321,710,2,75,0.5,0.5,0.5,stochastic,stochastic,stochastic,0.01
1793,1710,2122,0.8630523020726331,0.8704392629023789,0.8324495941476837,5.28053541550474,5.909356725146199,6.122997172478794,711,2,75,0.5,0.5,0.5,stochastic,stochastic,stochastic,0.01
1844,1695,2086,0.863581657711091,0.8702886257370043,0.8311907702235461,5.218004338394794,5.84070796460177,6.135666347075743,712,2,75,0.5,0.5,0.5,stochastic,stochastic,stochastic,0.01
1914,1677,2034,0.861778691537785,0.8695746611809642,0.8287502625025529,5.27324973876698,5.902206320810972,6.145526057030482,713,2,75,0.5,0.5,0.5,stochastic,stochastic,stochastic,0.01
1976,1706,1943,0.8591072193379488,0.869706728836184,0.8237781630058416,5.297570850202429,5.810082063305979,6.288214101904272,714,2,75,0.5,0.5,0.5,stochastic,stochastic,stochastic,0.01
2027,1724,1874,0.857763897408953,0.8705925906225613,0.8221826038031445,5.345337937839171,5.736078886310905,6.3569903948772675,715,2,75,0.5,0.5,0.5,stochastic,stochastic,stochastic,0.01
2037,1758,1830,0.8569679722919898,0.8708363559935365,0.8182138719097413,5.503681885125184,5.671786120591581,6.334972677595628,716,2,75,0.5,0.5,0.5,stochastic,stochastic,stochastic,0.01
2014,1809,1802,0.854866126818953,0.8729240708472259,0.8149696397771283,5.570506454816286,5.56661138750691,6.27746947835738,717,2,75,0.5,0.5,0.5,stochastic,stochastic,stochastic,0.01
1982,1879,1764,0.8548243757623487,0.8756031212569828,0.8123187811173408,5.717961654894046,5.601383714741884,6.297052154195011,718,2,75,0.5,0.5,0.5,stochastic,stochastic,stochastic,0.01
1948,1947,1730,0.8553944327928686,0.8790645325301598,0.8092420921676629,5.810574948665297,5.669234720082177,6.306936416184971,719,2,75,0.5,0.5,0.5,stochastic,stochastic,stochastic,0.01
1899,2015,1711,0.8544457298969982,0.8832234756169788,0.8058524186460523,5.860979462875197,5.7106699751861045,6.329047340736412,720,2,75,0.5,0.5,0.5,stochastic,stochastic,stochastic,0.01
1872,2050,1703,0.8549583880395528,0.8846113335996603,0.8041085163298564,5.928418803418803,5.751219512195122,6.215502055196712,721,2,75,0.5,0.5,0.5,stochastic,stochastic,stochastic,0.01
1803,2101,1721,0.8544928606660152,0.8868651849306224,0.8031812787641923,5.93732667775929,5.7034745359352685,6.115630447414294,722,2,75,0.5,0.5,0.5,stochastic,stochastic,stochastic,0.01
1720,2181,1724,0.8536598309008769,0.8898087425038799,0.8033708009201961,6.026744186046511,5.693259972489684,6.191995359628771,723,2,75,0.5,0.5,0.5,stochastic,stochastic,stochastic,0.01
1660,2191,1774,0.8562076971345292,0.8926405536086535,0.8053040072837155,5.9716867469879515,5.7608397991784575,6.047914317925592,724,2,75,0.5,0.5,0.5,stochastic,stochastic,stochastic,0.01
1586,2236,1803,0.8585143622054585,0.8921518088149212,0.8069616035610093,5.866960907944515,5.853756708407871,6.051026067665003,725,2,75,0.5,0.5,0.5,stochastic,stochastic,stochastic,0.01
1566,2263,1796,0.8622694387836014,0.8924991192286537,0.8103170984715533,5.6513409961685825,5.9801148917366325,5.897550111358575,726,2,75,0.5,0.5,0.5,stochastic,stochastic,stochastic,0.01
1478,2279,1868,0.8655081175211862,0.8930607619519215,0.8128722597082456,5.612990527740189,6.047389205792014,5.816916488222698,727,2,75,0.5,0.5,0.5,stochastic,stochastic,stochastic,0.01
1453,2251,1921,0.8678936763752939,0.8933704158282473,0.8165015410682377,5.421885753613214,6.162594402487783,5.654346694429984,728,2,75,0.5,0.5,0.5,stochastic,stochastic,stochastic,0.01
1418,2208,1999,0.8687673054908691,0.8931055706901011,0.8195242398783071,5.291255289139634,6.320199275362318,5.661330665332667,729,2,75,0.5,0.5,0.5,stochastic,stochastic,stochastic,0.01
1388,2148,2089,0.8698702307070828,0.8915693695464687,0.8230592840032349,5.159942363112392,6.526070763500931,5.675442795595979,730,2,75,0.5,0.5,0.5,stochastic,stochastic,stochastic,0.01
1365,2039,2221,0.871132628757016,0.8913294850401065,0.8253767703077692,5.084981684981685,6.623344776851398,5.635749662314272,731,2,75,0.5,0.5,0.5,stochastic,stochastic,stochastic,0.01
1407,1878,2340,0.8704191459982608,0.8893190935037829,0.8272241611211718,5.098791755508174,6.794994675186368,5.770940170940171,732,2,75,0.5,0.5,0.5,stochastic,stochastic,stochastic,0.01
1447,1742,2436,0.8682158858147357,0.8867734464040733,0.829186803104466,5.09053213545266,6.7835820895522385,5.888752052545156,733,2,75,0.5,0.5,0.5,stochastic,stochastic,stochastic,0.01
1486,1650,2489,0.8687785329911889,0.883705108308814,0.8305893485036044,5.128532974427995,6.7296969696969695,6.095620731217356,734,2,75,0.5,0.5,0.5,stochastic,stochastic,stochastic,0.01
1556,1574,2495,0.8657172802342592,0.8829640898902839,0.8322019251600702,5.030848329048843,6.606099110546379,6.278957915831663,735,2,75,0.5,0.5,0.5,stochastic,stochastic,stochastic,0.01
1633,1514,2478,0.8641939514623672,0.8823706509442889,0.8320350305874354,5.076546233925291,6.50330250990753,6.588377723970944,736,2,75,0.5,0.5,0.5,stochastic,stochastic,stochastic,0.01
1682,1519,2424,0.859938492103691,0.8837107455824238,0.832702642368032,5.122473246135553,6.336405529953917,6.898927392739274,737,2,75,0.5,0.5,0.5,stochastic,stochastic,stochastic,0.01
1736,1501,2388,0.8574727740911049,0.8850982156174413,0.8334597013074797,5.101958525345622,5.920719520319786,7.056113902847571,738,2,75,0.5,0.5,0.5,stochastic,stochastic,stochastic,0.01
1773,1500,2352,0.8547523652414654,0.8856873583570064,0.8337401226039861,5.164128595600677,5.834,7.258928571428571,739,2,75,0.5,0.5,0.5,stochastic,stochastic,stochastic,0.01
1839,1501,2285,0.8517008294600711,0.887750607054819,0.833867778057309,5.202283849918434,5.741505662891406,7.4179431072210065,740,2,75,0.5,0.5,0.5,stochastic,stochastic,stochastic,0.01
1921,1498,2206,0.8487968659329175,0.8916928369610899,0.8343615574735672,5.244664237376367,5.712950600801068,7.495920217588395,741,2,75,0.5,0.5,0.5,stochastic,stochastic,stochastic,0.01
1938,1510,2177,0.8478624770388806,0.8967722949103831,0.8359230925466493,5.312693498452012,5.491390728476821,7.561322921451539,742,2,75,0.5,0.5,0.5,stochastic,stochastic,stochastic,0.01
1942,1528,2155,0.8477626935711315,0.9009627014074177,0.8348714593349686,5.4093717816683835,5.426047120418848,7.5781902552204174,743,2,75,0.5,0.5,0.5,stochastic,stochastic,stochastic,0.01
1969,1530,2126,0.8493890653801925,0.9051277662272886,0.8353849740764299,5.475368207211782,5.26078431372549,7.516462841015993,744,2,75,0.5,0.5,0.5,stochastic,stochastic,stochastic,0.01
2026,1546,2053,0.8520759769187302,0.9078018820217653,0.8346503028444141,5.4363277393879565,5.257438551099612,7.534339990258159,745,2,75,0.5,0.5,0.5,stochastic,stochastic,stochastic,0.01
2006,1595,2024,0.8519786043023311,0.9091250832543133,0.833495625489218,5.440179461615155,5.137931034482759,7.394268774703558,746,2,75,0.5,0.5,0.5,stochastic,stochastic,stochastic,0.01
2018,1669,1938,0.8511097764256098,0.9116860479716552,0.8339629184043605,5.452428146679881,5.061713600958658,7.402992776057792,747,2,75,0.5,0.5,0.5,stochastic,stochastic,stochastic,0.01
2069,1699,1857,0.8530598981214377,0.913749939847281,0.8334116219526024,5.433059449009183,5.060035314891112,7.074313408723748,748,2,75,0.5,0.5,0.5,stochastic,stochastic,stochastic,0.01
2108,1726,1791,0.8529430179413102,0.9157874064142514,0.8312875147702623,5.422201138519924,4.9820393974507535,6.597431602456728,749,2,75,0.5,0.5,0.5,stochastic,stochastic,stochastic,0.01
2079,1787,1759,0.8546554200878594,0.9176139903128895,0.8282298804024927,5.4603174603174605,4.936205931729155,6.1733939738487775,750,2,75,0.5,0.5,0.5,stochastic,stochastic,stochastic,0.01
1992,1874,1759,0.8563977875730497,0.9179544315129935,0.827355051640343,5.484437751004016,4.863927427961579,6.022171688459352,751,2,75,0.5,0.5,0.5,stochastic,stochastic,stochastic,0.01
1953,1931,1741,0.8596677463693974,0.9170377430395926,0.8257663800320376,5.500256016385048,4.866390471258415,5.793796668581275,752,2,75,0.5,0.5,0.5,stochastic,stochastic,stochastic,0.01
1885,1997,1743,0.8626510201435831,0.9164917753313198,0.8271441009718882,5.6042440318302384,4.895343014521782,5.6517498565691335,753,2,75,0.5,0.5,0.5,stochastic,stochastic,stochastic,0.01
1830,2012,1783,0.8668615878401218,0.9171811267749407,0.8303909986817145,5.722404371584699,5.023359840954274,5.60964666292765,754,2,75,0.5,0.5,0.5,stochastic,stochastic,stochastic,0.01
1767,2040,1818,0.871919139363909,0.9171720521972139,0.8334945774802136,5.807017543859649,5.047549019607843,5.531903190319032,755,2,75,0.5,0.5,0.5,stochastic,stochastic,stochastic,0.01
1710,2040,1875,0.8752546648706043,0.9158684012973701,0.8372874819818812,5.767251461988304,5.12156862745098,5.467733333333333,756,2,75,0.5,0.5,0.5,stochastic,stochastic,stochastic,0.01
1646,2069,1910,0.8747697594374263,0.914575463149013,0.8392850965291716,5.738153098420413,5.177863702271629,5.545026178010471,757,2,75,0.5,0.5,0.5,stochastic,stochastic,stochastic,0.01
1557,2073,1995,0.8786726204858524,0.9124812472384937,0.8417400123095174,5.622992935131664,5.2392667631452,5.542355889724311,758,2,75,0.5,0.5,0.5,stochastic,stochastic,stochastic,0.01
1487,2108,2030,0.8815401784153544,0.9124303933403887,0.8436450325213634,5.498318762609281,5.324952561669829,5.680295566502463,759,2,75,0.5,0.5,0.5,stochastic,stochastic,stochastic,0.01
1436,2108,2081,0.8827273194383174,0.9114983837305367,0.8464669078350594,5.192896935933148,5.30977229601518,5.634310427679001,760,2,75,0.5,0.5,0.5,stochastic,stochastic,stochastic,0.01
1428,2033,2164,0.8823099349661105,0.9101822140954882,0.8472599449432601,5.1267507002801125,5.588293162813576,5.611829944547135,761,2,75,0.5,0.5,0.5,stochastic,stochastic,stochastic,0.01
1502,1939,2184,0.8853337691042535,0.9093207231328176,0.8478102546836142,4.858189081225033,5.752449716348633,5.656135531135531,762,2,75,0.5,0.5,0.5,stochastic,stochastic,stochastic,0.01
1538,1878,2209,0.8861815032694323,0.9074760711810379,0.8485160974733865,4.810793237971391,5.945686900958466,5.815753734721594,763,2,75,0.5,0.5,0.5,stochastic,stochastic,stochastic,0.01
1639,1754,2232,0.8870867575502647,0.9070250008179435,0.8483395299732617,4.794386821232459,6.0672748004561,5.782258064516129,764,2,75,0.5,0.5,0.5,stochastic,stochastic,stochastic,0.01
1765,1660,2200,0.8893091243810376,0.9055919836582741,0.8480630776364755,4.819263456090652,6.124698795180723,5.745909090909091,765,2,75,0.5,0.5,0.5,stochastic,stochastic,stochastic,0.01
1857,1606,2162,0.8898178251980128,0.9043028663251627,0.8465701696472925,4.855681206246635,6.089041095890411,5.848751156336725,766,2,75,0.5,0.5,0.5,stochastic,stochastic,stochastic,0.01
1952,1564,2109,0.8916828113920732,0.9049824383085843,0.8472278008612193,4.910860655737705,5.985294117647059,5.8473210052157425,767,2,75,0.5,0.5,0.5,stochastic,stochastic,stochastic,0.01
1983,1607,2035,0.8911188318926996,0.9050809494781384,0.8486595182340325,5.052950075642965,5.886745488487866,6.002948402948403,768,2,75,0.5,0.5,0.5,stochastic,stochastic,stochastic,0.01
2062,1590,1973,0.8872841953223563,0.9079568613594555,0.8490668244854784,5.136760426770126,5.777358490566038,6.075012671059301,769,2,75,0.5,0.5,0.5,stochastic,stochastic,stochastic,0.01
2092,1593,1940,0.8840827252127573,0.9102975327908328,0.8488919054034725,5.23565965583174,5.5655994978028875,6.038144329896907,770,2,75,0.5,0.5,0.5,stochastic,stochastic,stochastic,0.01
2092,1645,1888,0.8826491056204799,0.9100944022300285,0.8502452729217429,5.403441682600382,5.34224924012158,6.077860169491525,771,2,75,0.5,0.5,0.5,stochastic,stochastic,stochastic,0.01
2123,1692,1810,0.8806961888646874,0.9108146370206361,0.8512512127483592,5.40650023551578,5.223404255319149,6.038121546961326,772,2,75,0.5,0.5,0.5,stochastic,stochastic,stochastic,0.01
2073,1817,1735,0.8769363777143636,0.9126652981494116,0.8500605220418235,5.472744814278823,5.05998899284535,6.056484149855907,773,2,75,0.5,0.5,0.5,stochastic,stochastic,stochastic,0.01
2020,1916,1689,0.8727219115998862,0.9149591124710675,0.8517698973567297,5.627227722772277,5.009394572025053,6.019538188277087,774,2,75,0.5,0.5,0.5,stochastic,stochastic,stochastic,0.01
1993,1960,1672,0.8710203675042527,0.916462591728874,0.8536087173627419,5.684395383843452,5.064795918367347,5.758971291866029,775,2,75,0.5,0.5,0.5,stochastic,stochastic,stochastic,0.01
1944,1989,1692,0.8689791626754182,0.9165003880180899,0.8530069916182244,5.688271604938271,5.115133232780291,5.5189125295508275,776,2,75,0.5,0.5,0.5,stochastic,stochastic,stochastic,0.01
1906,2023,1696,0.8656247637331527,0.9165723837166052,0.855810498231708,5.743441762854145,5.279782501235789,5.509433962264151,777,2,75,0.5,0.5,0.5,stochastic,stochastic,stochastic,0.01
1857,2033,1735,0.8626309198985439,0.9183312191857848,0.8584768930469487,5.8185245018847604,5.335956714215445,5.398270893371758,778,2,75,0.5,0.5,0.5,stochastic,stochastic,stochastic,0.01
1783,2052,1790,0.8600006178549499,0.9188764979810536,0.8615609145456773,5.905215928210881,5.45906432748538,5.304469273743017,779,2,75,0.5,0.5,0.5,stochastic,stochastic,stochastic,0.01
1730,1994,1901,0.8583189125259111,0.9190022012715393,0.8623399234871254,5.972832369942196,5.478936810431294,5.270910047343503,780,2,75,0.5,0.5,0.5,stochastic,stochastic,stochastic,0.01
1710,1992,1923,0.8595787086219777,0.9189487183104886,0.8622670166187203,5.832163742690058,5.532630522088353,5.296931877275091,781,2,75,0.5,0.5,0.5,stochastic,stochastic,stochastic,0.01
1691,1969,1965,0.860099481466925,0.9195859149855632,0.8602339731981363,5.813128326434063,5.6094464195022855,5.329262086513995,782,2,75,0.5,0.5,0.5,stochastic,stochastic,stochastic,0.01
1691,1909,2025,0.8604318465015205,0.9221992833302333,0.859513400066944,5.755174452986399,5.733368255631221,5.342222222222222,783,2,75,0.5,0.5,0.5,stochastic,stochastic,stochastic,0.01
1663,1875,2087,0.8606929944251486,0.9227903823011449,0.8577045459962902,5.750450992182802,5.716266666666667,5.4101581217057975,784,2,75,0.5,0.5,0.5,stochastic,stochastic,stochastic,0.01
1669,1813,2143,0.861138588093874,0.9213360612300244,0.857338331245565,5.793289394847214,5.7335907335907335,5.416705552963136,785,2,75,0.5,0.5,0.5,stochastic,stochastic,stochastic,0.01
1699,1775,2151,0.86282452819785,0.9207506374303668,0.8568720782546527,5.587992937021777,5.730140845070422,5.504416550441655,786,2,75,0.5,0.5,0.5,stochastic,stochastic,stochastic,0.01
1719,1757,2149,0.8669172516072069,0.9201460116940768,0.8580850748088812,5.509598603839441,5.744450768355151,5.668217775709633,787,2,75,0.5,0.5,0.5,stochastic,stochastic,stochastic,0.01
1751,1730,2144,0.8711917139319478,0.9185546725061232,0.8584615102258683,5.3894917190177045,5.724277456647399,5.740205223880597,788,2,75,0.5,0.5,0.5,stochastic,stochastic,stochastic,0.01
1782,1713,2130,0.8772413315776658,0.9178938978274107,0.8589461955732776,5.234006734006734,5.610040863981319,5.83755868544601,789,2,75,0.5,0.5,0.5,stochastic,stochastic,stochastic,0.01
1832,1765,2028,0.8810083095355927,0.9160029032978696,0.8601393831191266,5.110262008733624,5.54957507082153,5.990631163708087,790,2,75,0.5,0.5,0.5,stochastic,stochastic,stochastic,0.01
1873,1762,1990,0.8833995836664134,0.9145731470910186,0.861519663144235,5.1046449546182595,5.485811577752554,6.010552763819096,791,2,75,0.5,0.5,0.5,stochastic,stochastic,stochastic,0.01
1921,1759,1945,0.8874570953312418,0.9120608215345789,0.8638951566262095,5.15929203539823,5.4792495736213755,6.011311053984576,792,2,75,0.5,0.5,0.5,stochastic,stochastic,stochastic,0.01
1946,1755,1924,0.88855266813062,0.9105435369704008,0.8641548482819693,5.236382322713258,5.503703703703704,6.019230769230769,793,2,75,0.5,0.5,0.5,stochastic,stochastic,stochastic,0.01
1964,1836,1825,0.8918112796241826,0.908407886312213,0.8654182684149517,5.130346232179226,5.44553376906318,6.055890410958904,794,2,75,0.5,0.5,0.5,stochastic,stochastic,stochastic,0.01
1999,1849,1777,0.892876379866002,0.9082264439484976,0.868295540869392,5.092046023011505,5.4748512709572745,5.977490151941474,795,2,75,0.5,0.5,0.5,stochastic,stochastic,stochastic,0.01
1995,1885,1745,0.8909563421306356,0.9069797219811419,0.8717893606955679,5.196491228070175,5.411671087533157,5.8085959885386815,796,2,75,0.5,0.5,0.5,stochastic,stochastic,stochastic,0.01
1967,1899,1759,0.8865354544073725,0.9064211991298357,0.8748370103025899,5.356888662938485,5.442338072669826,5.6634451392836835,797,2,75,0.5,0.5,0.5,stochastic,stochastic,stochastic,0.01
1958,1876,1791,0.8855897155612935,0.9066893553700938,0.8768965413228236,5.415730337078652,5.396055437100213,5.305415968732552,798,2,75,0.5,0.5,0.5,stochastic,stochastic,stochastic,0.01
1938,1864,1823,0.8845207296028198,0.9074073217020041,0.8782655926424426,5.479876160990712,5.421673819742489,5.189248491497532,799,2,75,0.5,0.5,0.5,stochastic,stochastic,stochastic,0.01
1945,1905,1775,0.8820283303988384,0.9091567490336038,0.8806709586486512,5.355269922879177,5.4346456692913385,5.1092957746478875,800,2,75,0.5,0.5,0.5,stochastic,stochastic,stochastic,0.01
1878,1955,1792,0.8798042603990377,0.9105205595760711,0.8850312871512082,5.509052183173589,5.334015345268543,5.176897321428571,801,2,75,0.5,0.5,0.5,stochastic,stochastic,stochastic,0.01
1794,1991,1840,0.8788524271288116,0.9133789578321404,0.8867997078478946,5.525083612040134,5.249121044701155,5.139673913043478,802,2,75,0.5,0.5,0.5,stochastic,stochastic,stochastic,0.01
1776,2014,1835,0.878380386686269,0.9165942926539414,0.8857899274099688,5.461711711711712,5.354518371400198,5.23433242506812,803,2,75,0.5,0.5,0.5,stochastic,stochastic,stochastic,0.01
1757,2009,1859,0.8801495019756469,0.9182939977069277,0.8852879165772635,5.381900967558338,5.326530612244898,5.150618612157074,804,2,75,0.5,0.5,0.5,stochastic,stochastic,stochastic,0.01
1755,2045,1825,0.8824284627092375,0.920560991158155,0.8852786650821829,5.284330484330484,5.28117359413203,5.192876712328767,805,2,75,0.5,0.5,0.5,stochastic,stochastic,stochastic,0.01
1794,2033,1798,0.8841246978684443,0.9224385725659496,0.883531194219058,5.141025641025641,5.330054107230693,5.117352614015573,806,2,75,0.5,0.5,0.5,stochastic,stochastic,stochastic,0.01
1806,2036,1783,0.8891985483193995,0.9227461181900524,0.8832122375337381,5.157807308970099,5.476424361493124,5.115535614133483,807,2,75,0.5,0.5,0.5,stochastic,stochastic,stochastic,0.01
1824,1986,1815,0.8938862789626935,0.9219943675784584,0.8836610354793704,5.0964912280701755,5.628902316213495,4.9845730027548205,808,2,75,0.5,0.5,0.5,stochastic,stochastic,stochastic,0.01
1869,1918,1838,0.8956628019226699,0.9220823762788855,0.8834262811349176,5.198501872659176,5.817518248175182,4.956474428726877,809,2,75,0.5,0.5,0.5,stochastic,stochastic,stochastic,0.01
1873,1881,1871,0.8989183697391989,0.9215006911679265,0.8865682368209522,5.1377469300587295,5.749069643806486,4.89524318546232,810,2,75,0.5,0.5,0.5,stochastic,stochastic,stochastic,0.01
1866,1884,1875,0.9010592179628983,0.9213703522957777,0.8870295236560082,5.247052518756699,5.704883227176221,4.973866666666667,811,2,75,0.5,0.5,0.5,stochastic,stochastic,stochastic,0.01
1877,1858,1890,0.9021729144906583,0.9203464803411324,0.8873026499321542,5.272775705913692,5.730355220667384,4.949735449735449,812,2,75,0.5,0.5,0.5,stochastic,stochastic,stochastic,0.01
1875,1803,1947,0.9028595421328748,0.9180246181617355,0.8879710241265416,5.3792,5.688851913477538,4.961479198767335,813,2,75,0.5,0.5,0.5,stochastic,stochastic,stochastic,0.01
1836,1790,1999,0.9011521040884104,0.9167566904538426,0.8874775922900305,5.484204793028322,5.444134078212291,5.099049524762381,814,2,75,0.5,0.5,0.5,stochastic,stochastic,stochastic,0.01
1829,1795,2001,0.8957750995938256,0.916055808665085,0.8886240242032145,5.496992892290869,5.305849582172702,5.213393303348326,815,2,75,0.5,0.5,0.5,stochastic,stochastic,stochastic,0.01
1793,1832,2000,0.8942635662457292,0.9154619357290106,0.8900839435703173,5.519799219185722,5.188318777292577,5.363,816,2,75,0.5,0.5,0.5,stochastic,stochastic,stochastic,0.01
1755,1797,2073,0.8920494717732697,0.9135348281467365,0.8923641570691987,5.442165242165242,5.0506399554813575,5.382537385431742,817,2,75,0.5,0.5,0.5,stochastic,stochastic,stochastic,0.01
1743,1804,2078,0.8888896005900601,0.9134717552458341,0.8916529120819018,5.461847389558233,5.072062084257206,5.5529355149181905,818,2,75,0.5,0.5,0.5,stochastic,stochastic,stochastic,0.01
1724,1843,2058,0.8854909760987366,0.9127709492374352,0.8931578662627702,5.418793503480279,5.015735214324471,5.681729834791059,819,2,75,0.5,0.5,0.5,stochastic,stochastic,stochastic,0.01
1712,1906,2007,0.8809334689979672,0.9118625036515104,0.8925345621056736,5.322429906542056,4.971143756558237,5.876432486297957,820,2,75,0.5,0.5,0.5,stochastic,stochastic,stochastic,0.01
1676,1956,1993,0.8788678239879488,0.9123205584756102,0.8931157974399458,5.156324582338902,5.051635991820041,5.978926241846462,821,2,75,0.5,0.5,0.5,stochastic,stochastic,stochastic,0.01
1677,1967,1981,0.8755349160702903,0.9132717609679931,0.8917853029367384,5.086463923673226,5.157600406710727,6.071176173649672,822,2,75,0.5,0.5,0.5,stochastic,stochastic,stochastic,0.01
1667,1940,2018,0.8722211637458795,0.9134107611115306,0.8939204375281289,5.069586082783443,5.246907216494845,5.982160555004955,823,2,75,0.5,0.5,0.5,stochastic,stochastic,stochastic,0.01
1668,1881,2076,0.8720535760971126,0.913020600496781,0.8950308142021406,5.017985611510792,5.359383306751727,5.920038535645472,824,2,75,0.5,0.5,0.5,stochastic,stochastic,stochastic,0.01
1736,1805,2084,0.8753363735797518,0.9120053095161603,0.8961775710949591,4.884216589861751,5.484210526315789,5.75911708253359,825,2,75,0.5,0.5,0.5,stochastic,stochastic,stochastic,0.01
1735,1774,2116,0.8767758076773418,0.9147683550465141,0.8978352142112772,4.861095100864553,5.398534385569334,5.65359168241966,826,2,75,0.5,0.5,0.5,stochastic,stochastic,stochastic,0.01
1749,1751,2125,0.8799839677104636,0.9149965318472634,0.9000030016420631,4.7941680960548885,5.368360936607653,5.568470588235294,827,2,75,0.5,0.5,0.5,stochastic,stochastic,stochastic,0.01
1772,1686,2167,0.8830234122273086,0.916801468443046,0.9006782907060166,4.803611738148984,5.327995255041518,5.49746192893401,828,2,75,0.5,0.5,0.5,stochastic,stochastic,stochastic,0.01
1856,1618,2151,0.8864039856902433,0.9197681643354243,0.90221110902619,4.794719827586207,5.356613102595797,5.527661552766156,829,2,75,0.5,0.5,0.5,stochastic,stochastic,stochastic,0.01
1897,1640,2088,0.8911846980173871,0.9238356312424704,0.9027591184446643,4.7380073800738005,5.217682926829268,5.624521072796935,830,2,75,0.5,0.5,0.5,stochastic,stochastic,stochastic,0.01
1936,1616,2073,0.8931402065626156,0.9254780829476389,0.9040315177356752,4.746900826446281,5.0625,5.634828750602991,831,2,75,0.5,0.5,0.5,stochastic,stochastic,stochastic,0.01
1967,1645,2013,0.8962847788793845,0.9294636511536128,0.9063431713485662,4.803762074224708,4.874164133738602,5.722305017386985,832,2,75,0.5,0.5,0.5,stochastic,stochastic,stochastic,0.01
2039,1646,1940,0.8997765436708596,0.9300171595225813,0.9075227915092777,4.840117704757234,4.7964763061968405,5.67319587628866,833,2,75,0.5,0.5,0.5,stochastic,stochastic,stochastic,0.01
2105,1667,1853,0.9028446530357974,0.9314773110418089,0.9092553096434438,4.893586698337292,4.790041991601679,5.562331354560173,834,2,75,0.5,0.5,0.5,stochastic,stochastic,stochastic,0.01
2091,1713,1821,0.9057288844361775,0.9327878141807953,0.9090251234921382,4.96987087517934,4.765323992994746,5.497528830313015,835,2,75,0.5,0.5,0.5,stochastic,stochastic,stochastic,0.01
2132,1697,1796,0.9095162182526467,0.9329707421157656,0.9094390245288316,5.048780487804878,4.8626988803771365,5.419821826280623,836,2,75,0.5,0.5,0.5,stochastic,stochastic,stochastic,0.01
2148,1714,1763,0.9106381682826832,0.9311018775840171,0.9116569403036332,5.184357541899441,4.941656942823804,5.375496313102666,837,2,75,0.5,0.5,0.5,stochastic,stochastic,stochastic,0.01
2130,1752,1743,0.9101485193216754,0.930874068914129,0.913325709746689,5.310328638497652,4.8755707762557075,5.272518646012622,838,2,75,0.5,0.5,0.5,stochastic,stochastic,stochastic,0.01
2099,1779,1747,0.9094617927070097,0.9306771039796472,0.9158931611639906,5.483087184373511,4.8825182686902755,5.246708643388667,839,2,75,0.5,0.5,0.5,stochastic,stochastic,stochastic,0.01
2043,1860,1722,0.9074919904334172,0.9296760295543898,0.914835737416029,5.5575134605971614,4.866129032258065,5.33623693379791,840,2,75,0.5,0.5,0.5,stochastic,stochastic,stochastic,0.01
1967,1924,1734,0.9075016820526003,0.9295788472788291,0.9145951004792257,5.682257244534824,4.883575883575884,5.303921568627451,841,2,75,0.5,0.5,0.5,stochastic,stochastic,stochastic,0.01
1888,2024,1713,0.9032656311287516,0.9300614424867705,0.913596906842221,5.666843220338983,4.922430830039525,5.466433158201985,842,2,75,0.5,0.5,0.5,stochastic,stochastic,stochastic,0.01
1856,2067,1702,0.8999869480900202,0.9309129704825911,0.9122559958465913,5.580818965517241,5.010643444605709,5.472972972972973,843,2,75,0.5,0.5,0.5,stochastic,stochastic,stochastic,0.01
1777,2099,1749,0.8959605429339385,0.9312800956955911,0.9106206384867755,5.546426561620709,5.092424964268699,5.449399656946826,844,2,75,0.5,0.5,0.5,stochastic,stochastic,stochastic,0.01
1742,2077,1806,0.8918020952228825,0.930953803389271,0.910111245476273,5.540757749712974,5.295137217140106,5.377076411960133,845,2,75,0.5,0.5,0.5,stochastic,stochastic,stochastic,0.01
1710,2029,1886,0.8903560201160298,0.93110933471362,0.9100640963922034,5.502339181286549,5.3804829965500245,5.250265111346765,846,2,75,0.5,0.5,0.5,stochastic,stochastic,stochastic,0.01
1715,1961,1949,0.8875127663198681,0.9330206861592277,0.9108332213607848,5.3055393586005835,5.36460989291178,5.066700872242175,847,2,75,0.5,0.5,0.5,stochastic,stochastic,stochastic,0.01
1719,1901,2005,0.8875285532394781,0.9327012820433432,0.9112688697349383,5.2547993019197206,5.4155707522356655,4.946633416458853,848,2,75,0.5,0.5,0.5,stochastic,stochastic,stochastic,0.01
1735,1826,2064,0.8867106393754286,0.9321692807545344,0.9111127707584018,5.1585014409221905,5.412924424972617,4.957848837209302,849,2,75,0.5,0.5,0.5,stochastic,stochastic,stochastic,0.01
1775,1762,2088,0.887373727536261,0.9314475444392545,0.9113333155412701,5.170704225352113,5.422247446083995,5.021551724137931,850,2,75,0.5,0.5,0.5,stochastic,stochastic,stochastic,0.01
1812,1711,2102,0.8893554607719683,0.9310321864802782,0.9115563152160544,5.113134657836644,5.350087668030391,5.046146527117031,851,2,75,0.5,0.5,0.5,stochastic,stochastic,stochastic,0.01
1860,1643,2122,0.8899304005615604,0.9310893536728666,0.9118205298632984,5.046236559139785,5.27145465611686,5.098491988689915,852,2,75,0.5,0.5,0.5,stochastic,stochastic,stochastic,0.01
1904,1654,2067,0.8932659841683088,0.932205339870522,0.9119769212690625,5.017331932773109,5.133615477629988,5.262215771649734,853,2,75,0.5,0.5,0.5,stochastic,stochastic,stochastic,0.01
1971,1626,2028,0.8962199216298105,0.9316034240616963,0.9110926750103082,4.9771689497716896,5.01230012300123,5.3629191321499015,854,2,75,0.5,0.5,0.5,stochastic,stochastic,stochastic,0.01
2056,1641,1928,0.8986113913933295,0.9325328169292897,0.9103577981254223,4.921206225680934,4.961608775137112,5.443983402489627,855,2,75,0.5,0.5,0.5,stochastic,stochastic,stochastic,0.01
2095,1651,1879,0.900924067619876,0.9330618503573048,0.9106268965834908,4.864439140811456,4.826165960024228,5.368813198509845,856,2,75,0.5,0.5,0.5,stochastic,stochastic,stochastic,0.01
2162,1682,1781,0.903469248364941,0.9344757938937205,0.9102722122315343,4.885291396854764,4.767538644470868,5.340258281864121,857,2,75,0.5,0.5,0.5,stochastic,stochastic,stochastic,0.01
2184,1698,1743,0.9049486844614951,0.9368466679360876,0.9100717552733498,4.951465201465202,4.7037691401648996,5.236947791164659,858,2,75,0.5,0.5,0.5,stochastic,stochastic,stochastic,0.01
2236,1725,1664,0.9038757344963672,0.9375032101442053,0.9081203402806364,5.077817531305904,4.6921739130434785,5.147836538461538,859,2,75,0.5,0.5,0.5,stochastic,stochastic,stochastic,0.01
2207,1783,1635,0.9050490444464561,0.9382544724518476,0.9058689082978744,5.230629814227458,4.6236679753224905,4.96697247706422,860,2,75,0.5,0.5,0.5,stochastic,stochastic,stochastic,0.01
2162,1872,1591,0.9056173445041683,0.9383524889993567,0.9073695854808664,5.419981498612396,4.579594017094017,4.937774984286612,861,2,75,0.5,0.5,0.5,stochastic,stochastic,stochastic,0.01
2061,1966,1598,0.9089976653121387,0.9374804499226178,0.9073725766754644,5.471130519165453,4.546795523906409,4.8986232790988735,862,2,75,0.5,0.5,0.5,stochastic,stochastic,stochastic,0.01
2030,1988,1607,0.9113994649313938,0.9366503025531836,0.9052861264840457,5.567487684729064,4.625251509054326,4.808338518979465,863,2,75,0.5,0.5,0.5,stochastic,stochastic,stochastic,0.01
1937,2059,1629,0.912996909447033,0.934432905411486,0.9062510228886796,5.566855962829117,4.637688198154444,4.85512584407612,864,2,75,0.5,0.5,0.5,stochastic,stochastic,stochastic,0.01
1857,2151,1617,0.9139091740585706,0.9325924025237294,0.906113162225268,5.406569736133549,4.635518363551836,4.79282622139765,865,2,75,0.5,0.5,0.5,stochastic,stochastic,stochastic,0.01
1798,2174,1653,0.9129939529825448,0.930623425003008,0.9060187164519465,5.346496106785317,4.75114995400184,4.635813672111313,866,2,75,0.5,0.5,0.5,stochastic,stochastic,stochastic,0.01
1691,2180,1754,0.9106472208472569,0.9295396449334913,0.9064660833352677,5.441159077468953,4.86651376146789,4.604903078677309,867,2,75,0.5,0.5,0.5,stochastic,stochastic,stochastic,0.01
1599,2192,1834,0.911899894137654,0.9279577392231888,0.9071977587971535,5.472795497185741,4.949361313868613,4.637949836423119,868,2,75,0.5,0.5,0.5,stochastic,stochastic,stochastic,0.01
1553,2163,1909,0.9112718582378316,0.9272498987007611,0.9077490531745763,5.28783000643915,5.028201571890892,4.689889994761655,869,2,75,0.5,0.5,0.5,stochastic,stochastic,stochastic,0.01
1568,2093,1964,0.9115149594894637,0.9267516218005538,0.9085486504010425,4.994260204081633,5.193979933110368,4.624745417515275,870,2,75,0.5,0.5,0.5,stochastic,stochastic,stochastic,0.01
1589,2034,2002,0.910183688423391,0.9250198369085607,0.9094115842631783,4.771554436752675,5.296951819075713,4.619380619380619,871,2,75,0.5,0.5,0.5,stochastic,stochastic,stochastic,0.01
1600,1936,2089,0.9129868991406309,0.9242579244052914,0.9091206676233671,4.73125,5.416838842975206,4.643370033508856,872,2,75,0.5,0.5,0.5,stochastic,stochastic,stochastic,0.01
1649,1820,2156,0.9123014112996551,0.9231833679672128,0.908927118294613,4.802304426925409,5.463736263736264,4.751855287569573,873,2,75,0.5,0.5,0.5,stochastic,stochastic,stochastic,0.01
1715,1702,2208,0.913104549203122,0.9226638802316656,0.9091243335972096,4.756268221574344,5.4618096357226795,4.836503623188406,874,2,75,0.5,0.5,0.5,stochastic,stochastic,stochastic,0.01
1810,1613,2202,0.9141700989286412,0.9219739856406666,0.9101974566802269,4.693922651933701,5.437693738375698,4.971389645776567,875,2,75,0.5,0.5,0.5,stochastic,stochastic,stochastic,0.01
1907,1576,2142,0.9150090545687521,0.9220565780499074,0.9080243015944146,4.6738332459360254,5.3293147208121825,5.1493930905695615,876,2,75,0.5,0.5,0.5,stochastic,stochastic,stochastic,0.01
1987,1575,2063,0.9147196684627553,0.9229882462735088,0.9084301357991276,4.687468545546049,5.098412698412698,5.262724188075618,877,2,75,0.5,0.5,0.5,stochastic,stochastic,stochastic,0.01
2061,1596,1968,0.9170253063916983,0.9239932011286287,0.9099905284538505,4.7137311984473556,5.050125313283208,5.334857723577236,878,2,75,0.5,0.5,0.5,stochastic,stochastic,stochastic,0.01
2167,1591,1867,0.9182074832055869,0.9275326803819112,0.9100075323752784,4.8158744808491,4.953488372093023,5.388323513658276,879,2,75,0.5,0.5,0.5,stochastic,stochastic,stochastic,0.01
2271,1591,1763,0.9194194847603778,0.9288469348588673,0.9101572369708486,4.855129898723029,4.920175989943432,5.24276800907544,880,2,75,0.5,0.5,0.5,stochastic,stochastic,stochastic,0.01
2304,1694,1627,0.9206199587934232,0.9307747809289596,0.9090222562351054,4.876736111111111,4.834120425029516,5.238475722188076,881,2,75,0.5,0.5,0.5,stochastic,stochastic,stochastic,0.01
2308,1736,1581,0.921949547488844,0.9330155909760613,0.908780769135236,5.0528596187175046,4.780529953917051,5.053763440860215,882,2,75,0.5,0.5,0.5,stochastic,stochastic,stochastic,0.01
2274,1839,1512,0.9215057967532615,0.9339796507787621,0.9110119479382681,5.1948109058927,4.66557911908646,5.0436507936507935,883,2,75,0.5,0.5,0.5,stochastic,stochastic,stochastic,0.01
2202,1927,1496,0.9215176753481186,0.9360690497536157,0.9132641572421609,5.338328792007266,4.676699532952776,5.002005347593583,884,2,75,0.5,0.5,0.5,stochastic,stochastic,stochastic,0.01
2157,2000,1468,0.9211587524686993,0.9381174687102536,0.9141923953004834,5.449698655540102,4.661,4.87874659400545,885,2,75,0.5,0.5,0.5,stochastic,stochastic,stochastic,0.01
2061,2083,1481,0.9210905330179311,0.9390414789627575,0.9153823546472789,5.581756428918001,4.701872299567931,4.7508440243079,886,2,75,0.5,0.5,0.5,stochastic,stochastic,stochastic,0.01
1983,2183,1459,0.9210684047281228,0.9393854869685411,0.9181718800271376,5.654059505799294,4.801191021530005,4.665524331734065,887,2,75,0.5,0.5,0.5,stochastic,stochastic,stochastic,0.01
1935,2237,1453,0.9206395719933174,0.9395365412641888,0.9203938683524437,5.607751937984496,4.938310236924452,4.602890571231934,888,2,75,0.5,0.5,0.5,stochastic,stochastic,stochastic,0.01
1786,2324,1515,0.9222175227033617,0.9401142293304443,0.9226802288587926,5.74468085106383,5.067125645438899,4.623102310231023,889,2,75,0.5,0.5,0.5,stochastic,stochastic,stochastic,0.01
1659,2330,1636,0.9228077429902013,0.9400586832706851,0.9217506650311607,5.743821579264617,5.205150214592274,4.486552567237164,890,2,75,0.5,0.5,0.5,stochastic,stochastic,stochastic,0.01
1576,2311,1738,0.9232455357716021,0.9399965952578029,0.921924502471258,5.623730964467005,5.350064906966681,4.442462600690448,891,2,75,0.5,0.5,0.5,stochastic,stochastic,stochastic,0.01
1538,2232,1855,0.9233050116026129,0.939979961148779,0.919941791512734,5.611833550065019,5.572132616487456,4.477628032345013,892,2,75,0.5,0.5,0.5,stochastic,stochastic,stochastic,0.01
1550,2118,1957,0.9249043089607658,0.9389849890612786,0.9183600867231668,5.255483870967742,5.614730878186969,4.494123658661216,893,2,75,0.5,0.5,0.5,stochastic,stochastic,stochastic,0.01
1534,2075,2016,0.9250247259488399,0.9381357176107816,0.9179352371315306,4.991525423728813,5.660722891566265,4.599702380952381,894,2,75,0.5,0.5,0.5,stochastic,stochastic,stochastic,0.01
1506,2022,2097,0.9247680124120513,0.937325946887675,0.9177729778298016,4.746347941567065,5.56973293768546,4.684787792083929,895,2,75,0.5,0.5,0.5,stochastic,stochastic,stochastic,0.01
1503,1936,2186,0.9264948030346374,0.9364708844835383,0.9183165694300389,4.726546906187624,5.5764462809917354,4.790484903934126,896,2,75,0.5,0.5,0.5,stochastic,stochastic,stochastic,0.01
1513,1866,2246,0.9266845766508632,0.9351601932900996,0.9179351200600807,4.679444811632518,5.580921757770632,4.964381121994657,897,2,75,0.5,0.5,0.5,stochastic,stochastic,stochastic,0.01
1515,1845,2265,0.9284772542509253,0.9341684481906626,0.9199034420691717,4.652805280528053,5.4986449864498645,5.147461368653421,898,2,75,0.5,0.5,0.5,stochastic,stochastic,stochastic,0.01
1539,1819,2267,0.9309534447087012,0.9348123109176076,0.9209207528736894,4.521767381416504,5.476085761407367,5.310542567269519,899,2,75,0.5,0.5,0.5,stochastic,stochastic,stochastic,0.01
1587,1702,2336,0.9335553873353535,0.93546990466647,0.9215159384205253,4.538122243226213,5.405405405405405,5.390410958904109,900,2,75,0.5,0.5,0.5,stochastic,stochastic,stochastic,0.01
1685,1585,2355,0.9358409289177428,0.9344706079745541,0.922226788671642,4.53353115727003,5.407570977917981,5.488322717622081,901,2,75,0.5,0.5,0.5,stochastic,stochastic,stochastic,0.01
1829,1546,2250,0.9368150645756429,0.933691132551475,0.9241266879587284,4.393657736468016,5.247736093143597,5.616,902,2,75,0.5,0.5,0.5,stochastic,stochastic,stochastic,0.01
1924,1517,2184,0.9389699913265712,0.935031399968474,0.926012756674791,4.495322245322245,5.122610415293342,5.711538461538462,903,2,75,0.5,0.5,0.5,stochastic,stochastic,stochastic,0.01
2081,1468,2076,0.9406129610265245,0.9355186370665914,0.9269071505553174,4.504084574723691,5.05858310626703,5.60019267822736,904,2,75,0.5,0.5,0.5,stochastic,stochastic,stochastic,0.01
2208,1469,1948,0.9412577640796153,0.9372623059144571,0.9264972363662494,4.484148550724638,4.781484002722941,5.548767967145791,905,2,75,0.5,0.5,0.5,stochastic,stochastic,stochastic,0.01
2250,1544,1831,0.9426917541280458,0.9378650395073836,0.9274457445647206,4.595555555555555,4.5317357512953365,5.6013107591480065,906,2,75,0.5,0.5,0.5,stochastic,stochastic,stochastic,0.01
2309,1616,1700,0.9432487132732927,0.9394383329982434,0.9278404586166838,4.665223040277176,4.52289603960396,5.563529411764706,907,2,75,0.5,0.5,0.5,stochastic,stochastic,stochastic,0.01
2382,1704,1539,0.9433572852624864,0.9401138579718363,0.927882424134057,4.797229219143577,4.545774647887324,5.547108512020793,908,2,75,0.5,0.5,0.5,stochastic,stochastic,stochastic,0.01
2361,1803,1461,0.9424736258024933,0.939360549703786,0.9280717905052276,5.052520118593816,4.631170271769274,5.433949349760438,909,2,75,0.5,0.5,0.5,stochastic,stochastic,stochastic,0.01
2311,1857,1457,0.9411731406523596,0.9402624402433771,0.9261773502276754,5.3362180874080485,4.712977921378568,5.188743994509266,910,2,75,0.5,0.5,0.5,stochastic,stochastic,stochastic,0.01
2242,1974,1409,0.9399955293782912,0.9408536848519763,0.9239780405254026,5.488403211418376,4.694022289766971,4.908445706174592,911,2,75,0.5,0.5,0.5,stochastic,stochastic,stochastic,0.01
2138,2085,1402,0.9383746162755532,0.9414345349935296,0.9231864547559012,5.599625818521983,4.722781774580335,4.567047075606276,912,2,75,0.5,0.5,0.5,stochastic,stochastic,stochastic,0.01
1980,2207,1438,0.9369047784016905,0.9409509635865754,0.9229216826304482,5.705555555555556,4.6900770276393295,4.480528511821975,913,2,75,0.5,0.5,0.5,stochastic,stochastic,stochastic,0.01
1821,2311,1493,0.9363237221210561,0.9391407364084895,0.9209324156950901,5.745194947830862,4.6555603634790135,4.318821165438714,914,2,75,0.5,0.5,0.5,stochastic,stochastic,stochastic,0.01
1742,2336,1547,0.9343806961849203,0.9386011811079569,0.9198137547797257,5.680252583237658,4.774828767123288,4.206205559146736,915,2,75,0.5,0.5,0.5,stochastic,stochastic,stochastic,0.01
1657,2374,1594,0.9353367134033787,0.9377647325436341,0.9205903987454214,5.649366324683163,4.931760741364785,4.20138017565872,916,2,75,0.5,0.5,0.5,stochastic,stochastic,stochastic,0.01
1590,2370,1665,0.9359494897198524,0.9369295471167803,0.9207873106428276,5.370440251572327,5.070042194092827,4.184984984984985,917,2,75,0.5,0.5,0.5,stochastic,stochastic,stochastic,0.01
1495,2347,1783,0.9336292761803789,0.9371544443283152,0.9213101819139659,5.212709030100334,5.204090328078398,4.146382501402131,918,2,75,0.5,0.5,0.5,stochastic,stochastic,stochastic,0.01
1455,2283,1887,0.9343757112795142,0.9358549392627041,0.9209715425665251,5.040549828178694,5.368374945247481,4.210916799152093,919,2,75,0.5,0.5,0.5,stochastic,stochastic,stochastic,0.01
1436,2156,2033,0.936996032968995,0.9350956893251502,0.9201988902440816,4.995125348189415,5.554267161410019,4.325135268076734,920,2,75,0.5,0.5,0.5,stochastic,stochastic,stochastic,0.01
1476,2062,2087,0.9360916639543787,0.9346752134360541,0.9196809529471502,4.888888888888889,5.752182347235694,4.482510781025395,921,2,75,0.5,0.5,0.5,stochastic,stochastic,stochastic,0.01
1525,1960,2140,0.9380199965509501,0.9344588369420136,0.9195413627605001,4.779672131147541,5.8887755102040815,4.591121495327103,922,2,75,0.5,0.5,0.5,stochastic,stochastic,stochastic,0.01
1587,1815,2223,0.9395126110093474,0.9349036218220503,0.9190388585589808,4.794580970384373,6.003856749311295,4.699955015744489,923,2,75,0.5,0.5,0.5,stochastic,stochastic,stochastic,0.01
1654,1674,2297,0.9397779265471153,0.9354217608915065,0.9190590183135391,4.851874244256348,5.951612903225806,4.78667827601219,924,2,75,0.5,0.5,0.5,stochastic,stochastic,stochastic,0.01
1721,1581,2323,0.9411532866288228,0.9363849797138496,0.918238468174101,4.869262056943637,5.734977862112587,4.837709857942316,925,2,75,0.5,0.5,0.5,stochastic,stochastic,stochastic,0.01
1830,1457,2338,0.9410964528433411,0.9360178233424323,0.9172337184610949,4.8748633879781424,5.487989018531229,4.9431137724550895,926,2,75,0.5,0.5,0.5,stochastic,stochastic,stochastic,0.01
1898,1422,2305,0.9411504589515657,0.9374927065626132,0.9167301521634663,4.898314014752371,5.237693389592124,5.200867678958785,927,2,75,0.5,0.5,0.5,stochastic,stochastic,stochastic,0.01
2013,1392,2220,0.9413834714678623,0.9371307024887475,0.9150788385166113,4.882762046696473,4.897270114942529,5.386486486486486,928,2,75,0.5,0.5,0.5,stochastic,stochastic,stochastic,0.01
2097,1446,2082,0.9406253192693768,0.9381074827600466,0.9144859943913404,4.742489270386266,4.544951590594744,5.5566762728146015,929,2,75,0.5,0.5,0.5,stochastic,stochastic,stochastic,0.01
2197,1479,1949,0.9397703933679544,0.938503889401675,0.9145544736357996,4.741920801092399,4.491548343475321,5.592098512057466,930,2,75,0.5,0.5,0.5,stochastic,stochastic,stochastic,0.01
2195,1576,1854,0.9387994017027481,0.9395821367697699,0.9151125384025252,4.8118451025056945,4.4219543147208125,5.611111111111111,931,2,75,0.5,0.5,0.5,stochastic,stochastic,stochastic,0.01
2233,1594,1798,0.9382494102240772,0.9413695026650174,0.9150226772258823,4.892969099865652,4.4485570890840656,5.523915461624027,932,2,75,0.5,0.5,0.5,stochastic,stochastic,stochastic,0.01
2245,1652,1728,0.9388213611298593,0.9424548193762491,0.9145327168618709,4.961692650334076,4.461259079903147,5.455439814814815,933,2,75,0.5,0.5,0.5,stochastic,stochastic,stochastic,0.01
2240,1714,1671,0.9401678815681391,0.9434998796912877,0.914489763637038,5.029464285714286,4.407234539089848,5.390185517654099,934,2,75,0.5,0.5,0.5,stochastic,stochastic,stochastic,0.01
2184,1796,1645,0.9412370378373249,0.9443141037311332,0.913394201827518,5.1726190476190474,4.37305122494432,5.265045592705167,935,2,75,0.5,0.5,0.5,stochastic,stochastic,stochastic,0.01
2116,1927,1582,0.942320823256935,0.9439305524247118,0.9149681911110551,5.19234404536862,4.429683445770628,5.240202275600506,936,2,75,0.5,0.5,0.5,stochastic,stochastic,stochastic,0.01
1977,2053,1595,0.9417734432714436,0.9446437655807772,0.9171000163152655,5.2200303490136575,4.4320506575742815,5.0664576802507835,937,2,75,0.5,0.5,0.5,stochastic,stochastic,stochastic,0.01
1948,2103,1574,0.9428336232487531,0.9435927822175741,0.9178748680056364,5.175564681724846,4.593913456966239,4.89707750952986,938,2,75,0.5,0.5,0.5,stochastic,stochastic,stochastic,0.01
1914,2148,1563,0.9434948077143038,0.9436894461213574,0.9207822171882512,5.1191222570532915,4.786778398510242,4.715291106845809,939,2,75,0.5,0.5,0.5,stochastic,stochastic,stochastic,0.01
1855,2193,1577,0.9435778444803672,0.9409952308113942,0.9240402478827152,5.128840970350404,4.930232558139535,4.586556753329106,940,2,75,0.5,0.5,0.5,stochastic,stochastic,stochastic,0.01
1772,2240,1613,0.9437376143307089,0.9389865804465671,0.9251470558535874,5.082957110609481,5.048214285714286,4.490390576565406,941,2,75,0.5,0.5,0.5,stochastic,stochastic,stochastic,0.01
1732,2203,1690,0.9434514386607266,0.9375174445759109,0.9257063041613572,5.022517321016166,5.186109850204267,4.359171597633136,942,2,75,0.5,0.5,0.5,stochastic,stochastic,stochastic,0.01
1652,2225,1748,0.943747692529028,0.9363378541158098,0.9254046259268142,5.081719128329298,5.251235955056179,4.450228832951945,943,2,75,0.5,0.5,0.5,stochastic,stochastic,stochastic,0.01
1593,2219,1813,0.9434724891327444,0.9354586931981631,0.9254815595367129,5.067168863779033,5.277602523659306,4.448428019856591,944,2,75,0.5,0.5,0.5,stochastic,stochastic,stochastic,0.01
1578,2166,1881,0.9464569130943323,0.9364257914134674,0.9252305913974306,4.965779467680608,5.33056325023084,4.454013822434875,945,2,75,0.5,0.5,0.5,stochastic,stochastic,stochastic,0.01
1544,2130,1951,0.9481003730350902,0.9363968713897506,0.9245009088955352,4.7182642487046635,5.281220657276996,4.459764223475141,946,2,75,0.5,0.5,0.5,stochastic,stochastic,stochastic,0.01
1551,2053,2021,0.9495630799813496,0.9362645824708798,0.9231405852662901,4.578336557059961,5.305406721870433,4.485403265710045,947,2,75,0.5,0.5,0.5,stochastic,stochastic,stochastic,0.01
1606,1932,2087,0.9498136226745093,0.9381571312542956,0.9229021459060167,4.529887920298879,5.467908902691511,4.570675610924773,948,2,75,0.5,0.5,0.5,stochastic,stochastic,stochastic,0.01
1640,1864,2121,0.9505326589345026,0.9383938443761033,0.9227610490254001,4.461585365853659,5.402896995708154,4.7161716171617165,949,2,75,0.5,0.5,0.5,stochastic,stochastic,stochastic,0.01
1685,1766,2174,0.9499477255721422,0.939362072571173,0.9216204037191816,4.481899109792285,5.407701019252548,4.792548298068077,950,2,75,0.5,0.5,0.5,stochastic,stochastic,stochastic,0.01
1738,1629,2258,0.9490277730702119,0.9407950627254353,0.920793315490312,4.571921749136939,5.316758747697974,4.821080602302923,951,2,75,0.5,0.5,0.5,stochastic,stochastic,stochastic,0.01
1772,1579,2274,0.9476521892219358,0.941246426659864,0.9209479669087766,4.56941309255079,5.157061431285624,4.885224274406332,952,2,75,0.5,0.5,0.5,stochastic,stochastic,stochastic,0.01
1858,1522,2245,0.9471241695621184,0.9408704004604453,0.9217976006854464,4.6264800861141016,5.055847568988174,5.012026726057907,953,2,75,0.5,0.5,0.5,stochastic,stochastic,stochastic,0.01
1933,1486,2206,0.9462749191564315,0.9394901574695415,0.9220054829963616,4.588722193481635,4.829744279946164,5.101087941976428,954,2,75,0.5,0.5,0.5,stochastic,stochastic,stochastic,0.01
1973,1489,2163,0.945080487953202,0.9404785520786998,0.9221199537178079,4.659908768373036,4.646742780389523,5.349514563106796,955,2,75,0.5,0.5,0.5,stochastic,stochastic,stochastic,0.01
2040,1507,2078,0.9445510355724659,0.9410429464204642,0.9229079494913184,4.701470588235294,4.4963503649635035,5.479307025986525,956,2,75,0.5,0.5,0.5,stochastic,stochastic,stochastic,0.01
2092,1585,1948,0.9442583692375808,0.9419057295333004,0.9229528147530094,4.655353728489484,4.44794952681388,5.694558521560575,957,2,75,0.5,0.5,0.5,stochastic,stochastic,stochastic,0.01
2103,1646,1876,0.9436710600642614,0.943277563509206,0.9223444302221754,4.724203518782692,4.386998784933171,5.719616204690832,958,2,75,0.5,0.5,0.5,stochastic,stochastic,stochastic,0.01
2187,1675,1763,0.9433521399628176,0.9435150360410864,0.9246806018695768,4.7604023776863285,4.450746268656716,5.635847986386841,959,2,75,0.5,0.5,0.5,stochastic,stochastic,stochastic,0.01
2239,1765,1621,0.9444188853959942,0.9436619572868551,0.9253056871497161,4.789191603394372,4.535977337110482,5.597779148673658,960,2,75,0.5,0.5,0.5,stochastic,stochastic,stochastic,0.01
2242,1877,1506,0.9425974490653972,0.9439351753324272,0.9262092809197893,4.902319357716324,4.52477357485349,5.47011952191235,961,2,75,0.5,0.5,0.5,stochastic,stochastic,stochastic,0.01
2162,1985,1478,0.9412607752950823,0.944822691998659,0.9276857711422477,5.049491211840888,4.626700251889169,5.198240866035182,962,2,75,0.5,0.5,0.5,stochastic,stochastic,stochastic,0.01
2138,2035,1452,0.9400914050961902,0.9447074206830126,0.9309454579024585,5.105706267539757,4.68009828009828,4.87603305785124,963,2,75,0.5,0.5,0.5,stochastic,stochastic,stochastic,0.01
2070,2062,1493,0.9379955756761211,0.9428951136503768,0.9336504934117633,5.231884057971015,4.803103782735208,4.583389149363697,964,2,75,0.5,0.5,0.5,stochastic,stochastic,stochastic,0.01
1999,2057,1569,0.9369423020186117,0.94233347275214,0.9346613684710974,5.40520260130065,4.833252309188138,4.435946462715105,965,2,75,0.5,0.5,0.5,stochastic,stochastic,stochastic,0.01
1918,2089,1618,0.9357576416007886,0.9401371518614149,0.9364600873064123,5.514598540145985,4.850646242221158,4.349814585908529,966,2,75,0.5,0.5,0.5,stochastic,stochastic,stochastic,0.01
1786,2090,1749,0.9332222426313906,0.9394961613838545,0.9366712868789022,5.6226203807390815,4.737799043062201,4.292166952544311,967,2,75,0.5,0.5,0.5,stochastic,stochastic,stochastic,0.01
1686,2145,1794,0.9324896925279814,0.9397672511455012,0.9362557258171695,5.593119810201661,4.798135198135198,4.507803790412486,968,2,75,0.5,0.5,0.5,stochastic,stochastic,stochastic,0.01
1595,2132,1898,0.9316985374494757,0.939738279297199,0.9358999340744164,5.619435736677116,4.929643527204503,4.563751317175975,969,2,75,0.5,0.5,0.5,stochastic,stochastic,stochastic,0.01
1569,2118,1938,0.9335924168528588,0.940629463544653,0.9343270356195307,5.425111536010197,5.0604343720491025,4.724458204334366,970,2,75,0.5,0.5,0.5,stochastic,stochastic,stochastic,0.01
1525,2045,2055,0.9344298288495457,0.9404721108594642,0.9311939480426664,5.28,5.205378973105135,4.77712895377129,971,2,75,0.5,0.5,0.5,stochastic,stochastic,stochastic,0.01
1571,1989,2065,0.9357668247784672,0.940718522736527,0.9282296066530751,4.9567154678548695,5.322775263951734,4.950605326876513,972,2,75,0.5,0.5,0.5,stochastic,stochastic,stochastic,0.01
1621,1941,2063,0.9372697489202029,0.9411209508581353,0.925996013915596,4.778531770512029,5.410613086038125,5.0785264178381,973,2,75,0.5,0.5,0.5,stochastic,stochastic,stochastic,0.01
1671,1842,2112,0.9391913489337099,0.9424029361659415,0.9234351859225417,4.784560143626571,5.46471226927253,5.057765151515151,974,2,75,0.5,0.5,0.5,stochastic,stochastic,stochastic,0.01
1727,1794,2104,0.9397655286042097,0.9406446412027349,0.9207677034155538,4.7504342790967,5.493868450390189,5.1677756653992395,975,2,75,0.5,0.5,0.5,stochastic,stochastic,stochastic,0.01
1727,1785,2113,0.9415699101771836,0.9398138867031739,0.9197693735869833,4.823972206137811,5.515406162464986,5.322763842877426,976,2,75,0.5,0.5,0.5,stochastic,stochastic,stochastic,0.01
1757,1710,2158,0.9422143737524814,0.9408981724233889,0.9200314743540976,4.848605577689243,5.587719298245614,5.294717330861909,977,2,75,0.5,0.5,0.5,stochastic,stochastic,stochastic,0.01
1767,1703,2155,0.9424597772836507,0.9414776958556275,0.9198702944339976,4.793435200905489,5.405167351732238,5.378190255220417,978,2,75,0.5,0.5,0.5,stochastic,stochastic,stochastic,0.01
1796,1685,2144,0.9422776203226505,0.941618496350054,0.9187449819788329,4.830178173719377,5.325222551928784,5.576492537313433,979,2,75,0.5,0.5,0.5,stochastic,stochastic,stochastic,0.01
1900,1696,2029,0.941881152792514,0.9406691767506239,0.9194862296960079,4.75,5.341981132075472,5.649088220798423,980,2,75,0.5,0.5,0.5,stochastic,stochastic,stochastic,0.01
1947,1740,1938,0.9405908670946275,0.9408755491896782,0.9187643026146581,4.77914740626605,5.291954022988506,5.698142414860681,981,2,75,0.5,0.5,0.5,stochastic,stochastic,stochastic,0.01
2021,1733,1871,0.9404575404307897,0.9405632952577964,0.9189214905567743,4.8490846115784265,5.289671090594345,5.692677712453234,982,2,75,0.5,0.5,0.5,stochastic,stochastic,stochastic,0.01
2081,1716,1828,0.9391293179696639,0.9414514536645333,0.9184796442893536,4.885151369533878,5.2540792540792545,5.585886214442013,983,2,75,0.5,0.5,0.5,stochastic,stochastic,stochastic,0.01
2071,1787,1767,0.9382479726566978,0.9419670009709691,0.9178455261498645,4.894736842105263,5.077783995523223,5.611205432937182,984,2,75,0.5,0.5,0.5,stochastic,stochastic,stochastic,0.01
2005,1889,1731,0.9363215225921143,0.9424577283838932,0.9175444249226599,4.954114713216957,4.861302276336686,5.658578856152513,985,2,75,0.5,0.5,0.5,stochastic,stochastic,stochastic,0.01
1946,1978,1701,0.934367396245574,0.9434044860844053,0.9182189853151886,5.049845837615622,4.805864509605662,5.605526161081716,986,2,75,0.5,0.5,0.5,stochastic,stochastic,stochastic,0.01
1934,2029,1662,0.9338004997263705,0.9433132047440316,0.9212065126440846,5.0594622543950365,4.855593888615081,5.41395908543923,987,2,75,0.5,0.5,0.5,stochastic,stochastic,stochastic,0.01
1838,2131,1656,0.9323797714047486,0.9435206116976773,0.9234729686615928,5.101741022850925,4.875645236977944,5.292270531400966,988,2,75,0.5,0.5,0.5,stochastic,stochastic,stochastic,0.01
1768,2159,1698,0.9330224176776412,0.9427979968441504,0.9255667360609771,5.149321266968326,4.9129226493747105,5.095995288574794,989,2,75,0.5,0.5,0.5,stochastic,stochastic,stochastic,0.01
1717,2188,1720,0.9326434347029912,0.9425236738735743,0.9271932382069193,5.092603377984857,5.005484460694698,4.999418604651162,990,2,75,0.5,0.5,0.5,stochastic,stochastic,stochastic,0.01
1713,2154,1758,0.9334328021003437,0.943061794198113,0.9279889050019532,5.028604786923526,5.049210770659239,4.872582480091013,991,2,75,0.5,0.5,0.5,stochastic,stochastic,stochastic,0.01
1680,2127,1818,0.9335005293738011,0.9424683625891893,0.9283573700387894,5.042261904761904,5.075693464974142,4.77007700770077,992,2,75,0.5,0.5,0.5,stochastic,stochastic,stochastic,0.01
1655,2106,1864,0.9351495537138815,0.9414197909646763,0.9281705282699504,4.966767371601208,5.151946818613485,4.763948497854077,993,2,75,0.5,0.5,0.5,stochastic,stochastic,stochastic,0.01
1628,2067,1930,0.9363717718113778,0.9412225844754761,0.9299586552334693,4.899262899262899,5.27866473149492,4.762176165803109,994,2,75,0.5,0.5,0.5,stochastic,stochastic,stochastic,0.01
1648,2008,1969,0.9368145063866766,0.9403639936804564,0.9308943923675307,4.764563106796117,5.370517928286852,4.764347384459116,995,2,75,0.5,0.5,0.5,stochastic,stochastic,stochastic,0.01
1626,1935,2064,0.936552006301669,0.9407930257998244,0.9304692857521952,4.877613776137761,5.435142118863049,4.862887596899225,996,2,75,0.5,0.5,0.5,stochastic,stochastic,stochastic,0.01
1679,1824,2122,0.9366093468769501,0.9408302542996295,0.9287908563134488,4.942823108993449,5.5652412280701755,4.927426955702168,997,2,75,0.5,0.5,0.5,stochastic,stochastic,stochastic,0.01
1744,1778,2103,0.9371778125992013,0.9417525185701043,0.9273669410230497,4.944954128440367,5.589988751406074,5.040893961008083,998,2,75,0.5,0.5,0.5,stochastic,stochastic,stochastic,0.01
1772,1710,2143,0.9378573665168515,0.9417060426275027,0.927048950338233,4.969525959367946,5.522222222222222,5.166122258516099,999,2,75,0.5,0.5,0.5,stochastic,stochastic,stochastic,0.01
1893,1886,1846,0.5,0.5,0.5,0.0,0.0,0.0,0,3,75,0.5,0.5,0.5,stochastic,stochastic,stochastic,0.01
1885,1889,1851,0.4999422217905771,0.5000863197708245,0.49992941027810245,1.0,1.0,1.0,1,3,75,0.5,0.5,0.5,stochastic,stochastic,stochastic,0.01
1897,1886,1842,0.49998991412008154,0.49994688926771574,0.499622153205485,1.8508170795993675,1.85949098621421,1.8561346362649294,2,3,75,0.5,0.5,0.5,stochastic,stochastic,stochastic,0.01
1882,1912,1831,0.4999486515069951,0.49989215432326384,0.4995993912377643,2.605738575982997,2.606171548117155,2.6100491534680503,3,3,75,0.5,0.5,0.5,stochastic,stochastic,stochastic,0.01
1867,1891,1867,0.5000539943687244,0.4999317447890455,0.49955751029747186,3.2747723620782003,3.2675832892649392,3.228709159078736,4,3,75,0.5,0.5,0.5,stochastic,stochastic,stochastic,0.01
1844,1878,1903,0.5002283374193837,0.49998653267855786,0.49943260124032374,3.8454446854663775,3.824813631522897,3.7530215449290596,5,3,75,0.5,0.5,0.5,stochastic,stochastic,stochastic,0.01
1848,1856,1921,0.5003479212159477,0.4999442750036091,0.4993952705924131,4.311147186147186,4.311422413793103,4.232170744403956,6,3,75,0.5,0.5,0.5,stochastic,stochastic,stochastic,0.01
1851,1857,1917,0.5002080200685619,0.49998510498158893,0.4996596269573985,4.7709346299297675,4.789983844911147,4.694835680751174,7,3,75,0.5,0.5,0.5,stochastic,stochastic,stochastic,0.01
1840,1851,1934,0.5002975374116118,0.49993356770911546,0.4997597254172653,5.172282608695652,5.165316045380875,5.074457083764219,8,3,75,0.5,0.5,0.5,stochastic,stochastic,stochastic,0.01
1862,1832,1931,0.5003469119495101,0.49989041270477796,0.49976420088315593,5.451664876476906,5.471615720524017,5.403935784567581,9,3,75,0.5,0.5,0.5,stochastic,stochastic,stochastic,0.01
1901,1812,1912,0.5002015388574342,0.4998650415465842,0.49947109795679284,5.766438716465019,5.8487858719646795,5.751569037656904,10,3,75,0.5,0.5,0.5,stochastic,stochastic,stochastic,0.01
1930,1812,1883,0.5003975252865654,0.5000165736532266,0.4998189873811647,5.958031088082902,6.066777041942605,6.047265002655338,11,3,75,0.5,0.5,0.5,stochastic,stochastic,stochastic,0.01
1946,1806,1873,0.5005342128888375,0.49986593620882375,0.4996795952835736,6.253854059609456,6.277408637873754,6.349172450613988,12,3,75,0.5,0.5,0.5,stochastic,stochastic,stochastic,0.01
1938,1831,1856,0.5007314988396945,0.5000597376012106,0.49961850972396493,6.514963880288958,6.412889131622064,6.660560344827586,13,3,75,0.5,0.5,0.5,stochastic,stochastic,stochastic,0.01
1951,1846,1828,0.5003965531775242,0.5001825717602855,0.4993786959393064,6.680676576114813,6.633261105092091,6.924507658643326,14,3,75,0.5,0.5,0.5,stochastic,stochastic,stochastic,0.01
1943,1809,1873,0.5004441150242126,0.5001888412436267,0.499316264263985,6.962943901183737,6.82089552238806,7.04805125467165,15,3,75,0.5,0.5,0.5,stochastic,stochastic,stochastic,0.01
1967,1816,1842,0.5004421656261483,0.5002997865216556,0.49964479933485434,7.120488052872394,6.9801762114537445,7.285016286644951,16,3,75,0.5,0.5,0.5,stochastic,stochastic,stochastic,0.01
1956,1770,1899,0.500535540384495,0.5001194350709816,0.4997978737451035,7.399284253578732,7.070056497175141,7.324381253291206,17,3,75,0.5,0.5,0.5,stochastic,stochastic,stochastic,0.01
1922,1813,1890,0.5005948326202082,0.5002331188469228,0.49995706229766784,7.488553590010405,7.070601213458357,7.431746031746032,18,3,75,0.5,0.5,0.5,stochastic,stochastic,stochastic,0.01
1956,1802,1867,0.5005301625306983,0.5002202892496544,0.5000985490047599,7.542944785276074,7.2386237513873475,7.545259775040171,19,3,75,0.5,0.5,0.5,stochastic,stochastic,stochastic,0.01
1936,1823,1866,0.5003320806877677,0.5004314281759461,0.5003955205031685,7.651342975206612,7.312122874382886,7.544480171489818,20,3,75,0.5,0.5,0.5,stochastic,stochastic,stochastic,0.01
1980,1794,1851,0.5002013297949499,0.5004795209415455,0.5006480696948888,7.657575757575757,7.476588628762542,7.613722312263642,21,3,75,0.5,0.5,0.5,stochastic,stochastic,stochastic,0.01
1986,1827,1812,0.5001773022267291,0.5005273689410564,0.5007508281003344,7.7734138972809665,7.523262178434592,7.816777041942605,22,3,75,0.5,0.5,0.5,stochastic,stochastic,stochastic,0.01
2029,1839,1757,0.4999549390553337,0.5007471479008664,0.5006425863210059,7.764908822079843,7.623164763458401,7.845759817871372,23,3,75,0.5,0.5,0.5,stochastic,stochastic,stochastic,0.01
2022,1864,1739,0.49979606379280167,0.5010029630908687,0.501388489983196,7.969337289812067,7.635729613733906,7.861989649223692,24,3,75,0.5,0.5,0.5,stochastic,stochastic,stochastic,0.01
2030,1877,1718,0.5002476583109245,0.5013392407090401,0.5010542216421873,7.966995073891626,7.700586041555674,7.876018626309662,25,3,75,0.5,0.5,0.5,stochastic,stochastic,stochastic,0.01
2029,1904,1692,0.5007262089559738,0.5015310351487116,0.5014721296364616,8.030064070970921,7.716386554621849,7.847517730496454,26,3,75,0.5,0.5,0.5,stochastic,stochastic,stochastic,0.01
2000,1948,1677,0.5010848971476616,0.5017180572763069,0.5014362761912144,8.183,7.731519507186858,7.928443649373882,27,3,75,0.5,0.5,0.5,stochastic,stochastic,stochastic,0.01
2002,1962,1661,0.5017535849733917,0.5020091352817532,0.5008222042418509,8.17032967032967,7.771151885830785,7.776038531005418,28,3,75,0.5,0.5,0.5,stochastic,stochastic,stochastic,0.01
1966,2001,1658,0.5021145134906253,0.50225519596525,0.5008603987674336,8.344862665310275,7.846576711644178,7.727985524728589,29,3,75,0.5,0.5,0.5,stochastic,stochastic,stochastic,0.01
1953,1990,1682,0.5025793806386201,0.5023840565141295,0.5004918394194204,8.329749103942651,7.8673366834170855,7.548156956004756,30,3,75,0.5,0.5,0.5,stochastic,stochastic,stochastic,0.01
1919,2034,1672,0.5030093133400791,0.5023477097499309,0.5002748376772594,8.298593017196456,7.933628318584071,7.447966507177034,31,3,75,0.5,0.5,0.5,stochastic,stochastic,stochastic,0.01
1891,2037,1697,0.5030810674128414,0.5025695421109203,0.49992434325875357,8.409307244843998,7.932744231713304,7.457277548615203,32,3,75,0.5,0.5,0.5,stochastic,stochastic,stochastic,0.01
1854,2054,1717,0.5027536907261336,0.5023723241337195,0.5001469247110333,8.433117583603021,7.834469328140214,7.418171228887594,33,3,75,0.5,0.5,0.5,stochastic,stochastic,stochastic,0.01
1828,2058,1739,0.5024942918554393,0.502337692851626,0.5000517314128314,8.528993435448578,7.882896015549076,7.35365152386429,34,3,75,0.5,0.5,0.5,stochastic,stochastic,stochastic,0.01
1786,2079,1760,0.5032584119596102,0.5024585225301945,0.49996379452652157,8.56047032474804,7.9413179413179416,7.389772727272727,35,3,75,0.5,0.5,0.5,stochastic,stochastic,stochastic,0.01
1762,2146,1717,0.5029281540026486,0.5024032864686768,0.4996167140774686,8.278093076049943,7.988350419384902,7.511939429237041,36,3,75,0.5,0.5,0.5,stochastic,stochastic,stochastic,0.01
1732,2144,1749,0.5026838909355456,0.5022659553072159,0.5002216691554177,8.381639722863742,8.050839552238806,7.537449971412236,37,3,75,0.5,0.5,0.5,stochastic,stochastic,stochastic,0.01
1690,2140,1795,0.5021263683738627,0.5026845367541053,0.5003799073357523,8.558579881656804,8.136915887850467,7.555431754874652,38,3,75,0.5,0.5,0.5,stochastic,stochastic,stochastic,0.01
1663,2133,1829,0.5023854155150458,0.502552562718199,0.5007953668631168,8.486470234515934,8.176277543366151,7.5746309458720615,39,3,75,0.5,0.5,0.5,stochastic,stochastic,stochastic,0.01
1632,2134,1859,0.5019854578706554,0.5028182078944965,0.5010386012032328,8.439950980392156,8.227272727272727,7.598171059709522,40,3,75,0.5,0.5,0.5,stochastic,stochastic,stochastic,0.01
1595,2130,1900,0.5016374889489384,0.5023611439308734,0.5008854527247842,8.386833855799374,8.31737089201878,7.77,41,3,75,0.5,0.5,0.5,stochastic,stochastic,stochastic,0.01
1585,2107,1933,0.5015267156520248,0.5021131663086262,0.5008644360792676,8.317350157728706,8.434266729947794,7.824624935333678,42,3,75,0.5,0.5,0.5,stochastic,stochastic,stochastic,0.01
1605,2112,1908,0.5017525065309147,0.501862195807973,0.5012199729489776,8.018068535825545,8.553503787878787,7.884171907756813,43,3,75,0.5,0.5,0.5,stochastic,stochastic,stochastic,0.01
1614,2105,1906,0.5019514879792327,0.5019417265116427,0.5014815593489916,8.008674101610904,8.800950118764845,8.15529905561385,44,3,75,0.5,0.5,0.5,stochastic,stochastic,stochastic,0.01
1675,2055,1895,0.5020459538870582,0.5019421817668245,0.501613449955237,7.891343283582089,9.096350364963504,8.217414248021107,45,3,75,0.5,0.5,0.5,stochastic,stochastic,stochastic,0.01
1694,2036,1895,0.5020190723656959,0.5019986493165598,0.5020830965239739,7.7715466351829985,9.163555992141454,8.203693931398417,46,3,75,0.5,0.5,0.5,stochastic,stochastic,stochastic,0.01
1767,1972,1886,0.5019849642684672,0.5020879562524119,0.5021076320582143,7.684210526315789,9.439148073022313,8.15270413573701,47,3,75,0.5,0.5,0.5,stochastic,stochastic,stochastic,0.01
1811,1935,1879,0.5024989326516023,0.5020969654238397,0.5024326966561433,7.63390392048592,9.668217054263566,8.268227780734433,48,3,75,0.5,0.5,0.5,stochastic,stochastic,stochastic,0.01
1849,1902,1874,0.5026413332732328,0.5026016134103707,0.5027575201844513,7.677663601946999,9.698738170347003,8.114727854855923,49,3,75,0.5,0.5,0.5,stochastic,stochastic,stochastic,0.01
1850,1856,1919,0.5026431582098372,0.5036469661518435,0.50300901897039,7.903783783783783,9.714978448275861,8.092756644085462,50,3,75,0.5,0.5,0.5,stochastic,stochastic,stochastic,0.01
1868,1832,1925,0.5028565528022659,0.5045304756902679,0.5036545755240497,7.998394004282655,9.667576419213974,8.087792207792209,51,3,75,0.5,0.5,0.5,stochastic,stochastic,stochastic,0.01
1905,1781,1939,0.5031909237468101,0.5054598110091348,0.5042921179729558,8.094488188976378,9.71420550252667,8.114492006188756,52,3,75,0.5,0.5,0.5,stochastic,stochastic,stochastic,0.01
1922,1757,1946,0.5035792413261374,0.5061660616967465,0.5046678064174842,8.092091571279918,9.508252703471827,8.083247687564235,53,3,75,0.5,0.5,0.5,stochastic,stochastic,stochastic,0.01
1943,1746,1936,0.5038762127637141,0.5068564241244893,0.5053051925747061,8.212557900154401,9.354524627720505,8.135847107438016,54,3,75,0.5,0.5,0.5,stochastic,stochastic,stochastic,0.01
1962,1744,1919,0.504154092578575,0.5068709306602789,0.5056294425753677,8.319062181447503,9.201261467889909,8.101094319958312,55,3,75,0.5,0.5,0.5,stochastic,stochastic,stochastic,0.01
1942,1747,1936,0.5046887892399371,0.5073520056638688,0.505857452077578,8.405252317198764,8.963938179736692,8.150826446280991,56,3,75,0.5,0.5,0.5,stochastic,stochastic,stochastic,0.01
1910,1767,1948,0.505315502144567,0.5090156853886644,0.5057619958741887,8.467015706806283,8.774193548387096,8.229979466119097,57,3,75,0.5,0.5,0.5,stochastic,stochastic,stochastic,0.01
1892,1777,1956,0.5056789714484391,0.5095997972655695,0.50560143932919,8.635306553911205,8.706809229037704,8.349182004089979,58,3,75,0.5,0.5,0.5,stochastic,stochastic,stochastic,0.01
1876,1794,1955,0.5062539322221429,0.5106861678633315,0.5052258182380674,8.720682302771856,8.647157190635452,8.489002557544756,59,3,75,0.5,0.5,0.5,stochastic,stochastic,stochastic,0.01
1861,1831,1933,0.5061482070859168,0.5117877173755749,0.5049409989247283,8.631380977968833,8.548334243582742,8.617175375064667,60,3,75,0.5,0.5,0.5,stochastic,stochastic,stochastic,0.01
1836,1874,1915,0.5072707084710485,0.5130041401728217,0.5041417488758939,8.592047930283224,8.458911419423693,8.712271540469974,61,3,75,0.5,0.5,0.5,stochastic,stochastic,stochastic,0.01
1770,1927,1928,0.5077688396397607,0.5130155363062207,0.5040065626774077,8.501129943502825,8.292682926829269,8.851141078838173,62,3,75,0.5,0.5,0.5,stochastic,stochastic,stochastic,0.01
1742,1940,1943,0.5089741355255266,0.5139990714267495,0.5039343830727521,8.427669345579794,8.244845360824742,8.855378281008749,63,3,75,0.5,0.5,0.5,stochastic,stochastic,stochastic,0.01
1713,1951,1961,0.5093453813905092,0.5139123198776281,0.5033358481996586,8.297139521307647,8.237314197847258,8.88781234064253,64,3,75,0.5,0.5,0.5,stochastic,stochastic,stochastic,0.01
1703,1972,1950,0.5106970196130315,0.5137123937267857,0.5027518472120787,8.039929536112743,8.13894523326572,8.814358974358974,65,3,75,0.5,0.5,0.5,stochastic,stochastic,stochastic,0.01
1689,1966,1970,0.5118747175720291,0.5135424978346541,0.5021170611864868,8.039076376554174,8.230925737538149,8.692893401015228,66,3,75,0.5,0.5,0.5,stochastic,stochastic,stochastic,0.01
1661,1957,2007,0.5124304344158764,0.5134308357002851,0.5016181721326908,8.075857916917519,8.204394481349004,8.676631788739412,67,3,75,0.5,0.5,0.5,stochastic,stochastic,stochastic,0.01
1677,1938,2010,0.5132260156083785,0.513724468993223,0.5018696329251683,7.744186046511628,8.192466460268317,8.632835820895522,68,3,75,0.5,0.5,0.5,stochastic,stochastic,stochastic,0.01
1719,1926,1980,0.513488172452035,0.5137195134660848,0.5015506496928843,7.737056428155904,8.269989615784008,8.6010101010101,69,3,75,0.5,0.5,0.5,stochastic,stochastic,stochastic,0.01
1734,1917,1974,0.5144537057780375,0.5138596491580301,0.5015348924819288,7.66955017301038,8.359937402190923,8.55724417426545,70,3,75,0.5,0.5,0.5,stochastic,stochastic,stochastic,0.01
1744,1905,1976,0.5143955858101785,0.5138040766417132,0.5012055399435087,7.758600917431193,8.430971128608924,8.607287449392713,71,3,75,0.5,0.5,0.5,stochastic,stochastic,stochastic,0.01
1715,1929,1981,0.5143309819529559,0.5135754537713139,0.5013635544843497,7.7486880466472305,8.35769828926905,8.65522463402322,72,3,75,0.5,0.5,0.5,stochastic,stochastic,stochastic,0.01
1730,1921,1974,0.5139247867665753,0.5123457120366415,0.5014421626833588,7.860693641618497,8.561166059344092,8.71985815602837,73,3,75,0.5,0.5,0.5,stochastic,stochastic,stochastic,0.01
1726,1923,1976,0.5140112538894661,0.5116749121618567,0.5011131918402834,7.8522595596755504,8.4934997399896,8.742914979757085,74,3,75,0.5,0.5,0.5,stochastic,stochastic,stochastic,0.01
1704,1948,1973,0.5136705412360506,0.5101659079030737,0.5011627602207565,8.049882629107982,8.578542094455852,8.772427774961987,75,3,75,0.5,0.5,0.5,stochastic,stochastic,stochastic,0.01
1709,1922,1994,0.5132419589327152,0.5094477782639008,0.5011709010169976,8.10942071386776,8.63579604578564,8.745737211634905,76,3,75,0.5,0.5,0.5,stochastic,stochastic,stochastic,0.01
1716,1902,2007,0.5133079976667725,0.5088557179288522,0.5014618897106276,8.125291375291376,8.725026288117771,8.75186846038864,77,3,75,0.5,0.5,0.5,stochastic,stochastic,stochastic,0.01
1721,1895,2009,0.5130124779759786,0.5078143209175016,0.501657505086095,8.00813480534573,8.751451187335093,8.793927327028372,78,3,75,0.5,0.5,0.5,stochastic,stochastic,stochastic,0.01
1733,1871,2021,0.5118174589162816,0.5067037656334107,0.5015110106191429,8.10732833237161,8.791020844468198,8.869866402770905,79,3,75,0.5,0.5,0.5,stochastic,stochastic,stochastic,0.01
1782,1858,1985,0.5112125869175732,0.506591572444093,0.5017340845702392,8.01010101010101,8.838536060279871,8.902770780856423,80,3,75,0.5,0.5,0.5,stochastic,stochastic,stochastic,0.01
1816,1831,1978,0.5106111289258197,0.5059233008582943,0.5023824195712663,7.979074889867841,8.898416166029492,8.933265925176947,81,3,75,0.5,0.5,0.5,stochastic,stochastic,stochastic,0.01
1810,1835,1980,0.5101052586915301,0.5055113584677265,0.5020679554767081,8.06574585635359,8.748773841961853,8.983838383838384,82,3,75,0.5,0.5,0.5,stochastic,stochastic,stochastic,0.01
1846,1809,1970,0.5102348362633092,0.5045665541477908,0.5030718802881678,8.015709642470206,8.807628524046434,8.919796954314721,83,3,75,0.5,0.5,0.5,stochastic,stochastic,stochastic,0.01
1849,1819,1957,0.5105441947782842,0.5041966456969994,0.5033871822332356,8.107625743645213,8.872457394172622,9.091977516607052,84,3,75,0.5,0.5,0.5,stochastic,stochastic,stochastic,0.01
1879,1842,1904,0.510783043228807,0.5041760913412398,0.5040178343652021,8.128259712613092,8.99728555917481,9.305147058823529,85,3,75,0.5,0.5,0.5,stochastic,stochastic,stochastic,0.01
1899,1841,1885,0.5112016306021817,0.504370386155758,0.5051426026682391,8.068983675618746,9.040738728951657,9.306100795755968,86,3,75,0.5,0.5,0.5,stochastic,stochastic,stochastic,0.01
1911,1842,1872,0.511779474172729,0.5047704384172728,0.5064374651629312,8.09105180533752,9.039087947882736,9.190705128205128,87,3,75,0.5,0.5,0.5,stochastic,stochastic,stochastic,0.01
1919,1838,1868,0.5116561559445203,0.505455079658727,0.5073844963143622,8.120896300156332,8.963003264417846,9.175053533190578,88,3,75,0.5,0.5,0.5,stochastic,stochastic,stochastic,0.01
1908,1848,1869,0.5119245315560645,0.5061639496354796,0.5085520920553602,8.296121593291405,8.868506493506494,9.165329052969502,89,3,75,0.5,0.5,0.5,stochastic,stochastic,stochastic,0.01
1908,1871,1846,0.5120869453681433,0.5072401487958964,0.5101408906413628,8.39727463312369,8.94655264564404,9.251895991332612,90,3,75,0.5,0.5,0.5,stochastic,stochastic,stochastic,0.01
1912,1879,1834,0.5120802093337135,0.5076894107547094,0.5106423862998998,8.580543933054393,9.00691857370942,9.28135223555071,91,3,75,0.5,0.5,0.5,stochastic,stochastic,stochastic,0.01
1924,1891,1810,0.5127441698298614,0.5079921324956742,0.5108311075450563,8.616424116424117,9.13008989952406,9.342541436464089,92,3,75,0.5,0.5,0.5,stochastic,stochastic,stochastic,0.01
1934,1910,1781,0.5137007554566085,0.5078791928324943,0.5117547272055676,8.678386763185108,9.069633507853403,9.28186412128018,93,3,75,0.5,0.5,0.5,stochastic,stochastic,stochastic,0.01
1898,1957,1770,0.513709222560157,0.5087750018002173,0.5119166370026449,8.843519494204426,9.035769034236075,9.363276836158192,94,3,75,0.5,0.5,0.5,stochastic,stochastic,stochastic,0.01
1877,1992,1756,0.5140397562214413,0.5097064141227652,0.5124598040191708,8.768247202983485,9.036646586345382,9.159453302961275,95,3,75,0.5,0.5,0.5,stochastic,stochastic,stochastic,0.01
1863,2009,1753,0.5141428651024872,0.5105797488028069,0.5127191569308747,8.648416532474503,8.977600796416127,9.042783799201368,96,3,75,0.5,0.5,0.5,stochastic,stochastic,stochastic,0.01
1857,2037,1731,0.5143928213693028,0.5116084848909949,0.5131261843773616,8.68066774367259,9.003436426116838,9.039283651068747,97,3,75,0.5,0.5,0.5,stochastic,stochastic,stochastic,0.01
1863,2041,1721,0.5147115078976433,0.5132827217027148,0.513873429133995,8.652173913043478,9.004409603135718,8.899477048227775,98,3,75,0.5,0.5,0.5,stochastic,stochastic,stochastic,0.01
1805,2084,1736,0.515403743616393,0.5147571881343102,0.5144174251327859,8.804432132963989,8.939539347408829,8.886520737327189,99,3,75,0.5,0.5,0.5,stochastic,stochastic,stochastic,0.01
1785,2059,1781,0.5163287479721264,0.5160722168833283,0.5140682290449042,8.969747899159664,8.930063137445362,8.686131386861314,100,3,75,0.5,0.5,0.5,stochastic,stochastic,stochastic,0.01
1754,2040,1831,0.5172722068631369,0.5173562200363925,0.5137351430706179,9.153363740022805,9.03921568627451,8.530857454942653,101,3,75,0.5,0.5,0.5,stochastic,stochastic,stochastic,0.01
1747,2021,1857,0.5193250379460915,0.5187346003167524,0.5137061215060305,9.102461362335433,9.11083621969322,8.383414108777599,102,3,75,0.5,0.5,0.5,stochastic,stochastic,stochastic,0.01
1724,2033,1868,0.5201488712125844,0.5188134884235875,0.5138413603711548,9.051044083526682,9.109198229217904,8.397751605995717,103,3,75,0.5,0.5,0.5,stochastic,stochastic,stochastic,0.01
1719,2019,1887,0.5209284523902961,0.5199546344247172,0.5124210573096504,9.022687609075044,9.128281327389796,8.296767355590886,104,3,75,0.5,0.5,0.5,stochastic,stochastic,stochastic,0.01
1707,1986,1932,0.5217959440242526,0.5206129518409872,0.5113064412102913,8.875219683655535,9.164149043303121,8.197722567287785,105,3,75,0.5,0.5,0.5,stochastic,stochastic,stochastic,0.01
1679,1969,1977,0.5227229130876017,0.5213655538741201,0.5113205264720945,8.7921381774866,9.209751142712037,8.333839150227618,106,3,75,0.5,0.5,0.5,stochastic,stochastic,stochastic,0.01
1676,1959,1990,0.5224601407134518,0.5224067282433913,0.5099042612904683,8.752983293556087,9.257784583971414,8.417587939698493,107,3,75,0.5,0.5,0.5,stochastic,stochastic,stochastic,0.01
1656,1919,2050,0.5223052010424855,0.523248210912397,0.5095874253094729,8.745772946859903,9.087024491922877,8.422926829268294,108,3,75,0.5,0.5,0.5,stochastic,stochastic,stochastic,0.01
1649,1913,2063,0.5228854446010532,0.5238812908461031,0.5096685881725753,8.516676773802304,9.05906952430737,8.595249636451769,109,3,75,0.5,0.5,0.5,stochastic,stochastic,stochastic,0.01
1635,1905,2085,0.5236617900814915,0.5242269734337452,0.5099528989334712,8.374923547400611,9.014698162729658,8.728537170263788,110,3,75,0.5,0.5,0.5,stochastic,stochastic,stochastic,0.01
1650,1876,2099,0.5238311027970717,0.5239964596261064,0.5102161437068373,8.201212121212121,8.982942430703625,8.692234397332063,111,3,75,0.5,0.5,0.5,stochastic,stochastic,stochastic,0.01
1670,1815,2140,0.5241092959613485,0.5242448351643683,0.5103539040088539,8.224550898203592,8.965289256198346,8.68411214953271,112,3,75,0.5,0.5,0.5,stochastic,stochastic,stochastic,0.01
1676,1791,2158,0.524177755213406,0.5241578079415982,0.5110491403237626,8.239856801909308,8.930206588498045,8.724745134383689,113,3,75,0.5,0.5,0.5,stochastic,stochastic,stochastic,0.01
1702,1761,2162,0.5237135388426754,0.5247841394774586,0.511278881494657,8.163337250293772,8.955706984667803,8.747918593894543,114,3,75,0.5,0.5,0.5,stochastic,stochastic,stochastic,0.01
1739,1732,2154,0.5230710738751191,0.5236983768720189,0.5118089912502833,8.039102932719954,8.83256351039261,8.802692664809657,115,3,75,0.5,0.5,0.5,stochastic,stochastic,stochastic,0.01
1772,1735,2118,0.5227330843700454,0.5238184127922895,0.5126709237235617,7.975169300225733,8.797694524495677,8.920207743153918,116,3,75,0.5,0.5,0.5,stochastic,stochastic,stochastic,0.01
1791,1701,2133,0.5217475830888025,0.5253880929232543,0.5142565139236669,7.995533221663875,8.620811287477954,8.96249413970933,117,3,75,0.5,0.5,0.5,stochastic,stochastic,stochastic,0.01
1844,1661,2120,0.5218346194798872,0.5255327922251068,0.5156730781027216,7.970173535791757,8.741119807344973,9.091981132075471,118,3,75,0.5,0.5,0.5,stochastic,stochastic,stochastic,0.01
1886,1642,2097,0.5203779169870143,0.52509036444692,0.5167552757493601,8.019618239660657,8.65468940316687,9.140200286123033,119,3,75,0.5,0.5,0.5,stochastic,stochastic,stochastic,0.01
1926,1647,2052,0.5201784528057465,0.5257587518369252,0.518127730500142,7.960020768431983,8.411050394656952,9.162280701754385,120,3,75,0.5,0.5,0.5,stochastic,stochastic,stochastic,0.01
1949,1643,2033,0.5197580595514857,0.525956101616777,0.5193278220291433,7.984094407388405,8.183810103469263,9.204131824889327,121,3,75,0.5,0.5,0.5,stochastic,stochastic,stochastic,0.01
1974,1672,1979,0.5194258526210607,0.5260186764490646,0.5207021670965014,7.9660587639311045,8.138157894736842,9.291056088933805,122,3,75,0.5,0.5,0.5,stochastic,stochastic,stochastic,0.01
1998,1680,1947,0.5196606519916033,0.5255373842748594,0.5222148090273943,8.005505505505505,8.11845238095238,9.237801746276322,123,3,75,0.5,0.5,0.5,stochastic,stochastic,stochastic,0.01
2064,1682,1879,0.5196026469921844,0.5251733365799238,0.5235831184234699,8.0,8.145065398335316,9.3448642895157,124,3,75,0.5,0.5,0.5,stochastic,stochastic,stochastic,0.01
2072,1698,1855,0.5200330791111659,0.5250013739433683,0.5234744370897639,8.152027027027026,8.0,9.364420485175202,125,3,75,0.5,0.5,0.5,stochastic,stochastic,stochastic,0.01
2092,1723,1810,0.5203270587797015,0.5244060166729865,0.5242416626827351,8.250478011472275,7.909460243760882,9.418232044198895,126,3,75,0.5,0.5,0.5,stochastic,stochastic,stochastic,0.01
2067,1775,1783,0.5199951623902749,0.5245202916289211,0.5252717358222597,8.416545718432511,7.72056338028169,9.334268087492989,127,3,75,0.5,0.5,0.5,stochastic,stochastic,stochastic,0.01
2037,1826,1762,0.5200876105677928,0.5235652996135598,0.525172366926073,8.620029455081001,7.707557502738226,9.30817253121453,128,3,75,0.5,0.5,0.5,stochastic,stochastic,stochastic,0.01
2024,1845,1756,0.52157692612831,0.5238330463071293,0.5248709831970108,8.795948616600791,7.8325203252032525,9.3001138952164,129,3,75,0.5,0.5,0.5,stochastic,stochastic,stochastic,0.01
2005,1839,1781,0.5223737033237087,0.5244257420685446,0.5255142844275428,9.129675810473815,7.87058183795541,9.215609208309939,130,3,75,0.5,0.5,0.5,stochastic,stochastic,stochastic,0.01
2024,1857,1744,0.5238878905940877,0.5254791022363773,0.5242387225597034,9.072628458498023,7.993537964458804,9.239678899082568,131,3,75,0.5,0.5,0.5,stochastic,stochastic,stochastic,0.01
2015,1868,1742,0.525437831536172,0.5257854050882849,0.5227034720331157,9.117617866004963,8.179871520342612,9.138920780711825,132,3,75,0.5,0.5,0.5,stochastic,stochastic,stochastic,0.01
2041,1835,1749,0.5269809126149675,0.5267199941368212,0.5216367992017846,9.230279274865262,8.35367847411444,9.001143510577473,133,3,75,0.5,0.5,0.5,stochastic,stochastic,stochastic,0.01
2032,1861,1732,0.5288192759622969,0.5259870171353563,0.5211732033346808,9.243110236220472,8.367544331004837,8.965357967667437,134,3,75,0.5,0.5,0.5,stochastic,stochastic,stochastic,0.01
2015,1901,1709,0.5299672169970513,0.5255141235563674,0.5211820869562466,9.167741935483871,8.367175170962652,8.96255119953189,135,3,75,0.5,0.5,0.5,stochastic,stochastic,stochastic,0.01
2012,1903,1710,0.5313517969814658,0.5253367284730805,0.5218240574228561,9.149602385685885,8.444561219127694,8.841520467836258,136,3,75,0.5,0.5,0.5,stochastic,stochastic,stochastic,0.01
2040,1894,1691,0.5310471835877664,0.525005131438835,0.5208350786317919,9.077941176470588,8.541710665258712,8.752217622708457,137,3,75,0.5,0.5,0.5,stochastic,stochastic,stochastic,0.01
2019,1886,1720,0.5309467871798781,0.5247819028141244,0.5205256189003843,9.22387320455671,8.668080593849417,8.832558139534884,138,3,75,0.5,0.5,0.5,stochastic,stochastic,stochastic,0.01
1985,1913,1727,0.5308207743882095,0.5234919326272237,0.5190765224306383,9.316372795969773,8.577626764244641,8.935147654892878,139,3,75,0.5,0.5,0.5,stochastic,stochastic,stochastic,0.01
1954,1970,1701,0.5300707992800265,0.5241778453507768,0.5177945570122978,9.242067553735927,8.488832487309645,8.915343915343914,140,3,75,0.5,0.5,0.5,stochastic,stochastic,stochastic,0.01
1926,2026,1673,0.530848061727265,0.5245653492281976,0.5175071183164781,8.995327102803738,8.419052319842054,8.853556485355648,141,3,75,0.5,0.5,0.5,stochastic,stochastic,stochastic,0.01
1919,2061,1645,0.5313418221559921,0.524981389627797,0.5164314354822276,8.916102136529442,8.378457059679768,8.882674772036474,142,3,75,0.5,0.5,0.5,stochastic,stochastic,stochastic,0.01
1880,2105,1640,0.5313799421679491,0.5250136566344563,0.5167655110338243,8.86063829787234,8.329216152019002,8.729878048780488,143,3,75,0.5,0.5,0.5,stochastic,stochastic,stochastic,0.01
1858,2088,1679,0.5318575612111439,0.5258077987599461,0.5200406327067446,8.791711517761033,8.345306513409962,8.479452054794521,144,3,75,0.5,0.5,0.5,stochastic,stochastic,stochastic,0.01
1826,2094,1705,0.5323614805928996,0.5260425228684837,0.5214585004916967,8.754107338444689,8.279847182425979,8.360703812316716,145,3,75,0.5,0.5,0.5,stochastic,stochastic,stochastic,0.01
1801,2108,1716,0.5327575013028983,0.52686493807532,0.5230594949470246,8.716268739589117,8.441176470588236,8.203962703962704,146,3,75,0.5,0.5,0.5,stochastic,stochastic,stochastic,0.01
1727,2178,1720,0.5327616188275553,0.5275072361289233,0.5244709125179351,8.645628257093225,8.346648301193756,8.230813953488372,147,3,75,0.5,0.5,0.5,stochastic,stochastic,stochastic,0.01
1699,2207,1719,0.5333158834965782,0.5284245946026777,0.5255775165205268,8.57504414361389,8.401903035795197,8.212332751599767,148,3,75,0.5,0.5,0.5,stochastic,stochastic,stochastic,0.01
1659,2231,1735,0.5337760269341153,0.52931483070665,0.5263298182642978,8.425557564798071,8.406992380098611,8.190778097982708,149,3,75,0.5,0.5,0.5,stochastic,stochastic,stochastic,0.01
1629,2242,1754,0.5358040778014398,0.529948673498706,0.5280563228281979,8.395334561080418,8.420160570918823,8.12884834663626,150,3,75,0.5,0.5,0.5,stochastic,stochastic,stochastic,0.01
1585,2276,1764,0.5372319275672123,0.5308348984224301,0.5283535911331033,8.135015772870663,8.467486818980667,8.133219954648526,151,3,75,0.5,0.5,0.5,stochastic,stochastic,stochastic,0.01
1544,2294,1787,0.5388549054233375,0.5317851510805646,0.529443710490544,7.907383419689119,8.571490845684394,8.099048684946839,152,3,75,0.5,0.5,0.5,stochastic,stochastic,stochastic,0.01
1552,2221,1852,0.5387013320796042,0.531534346515325,0.5316900808272341,7.862113402061856,8.793336334984241,7.9605831533477325,153,3,75,0.5,0.5,0.5,stochastic,stochastic,stochastic,0.01
1571,2182,1872,0.539688372218788,0.5314067907073793,0.5329675264580362,7.8033099936346275,8.958295142071494,7.961004273504273,154,3,75,0.5,0.5,0.5,stochastic,stochastic,stochastic,0.01
1594,2148,1883,0.5404406208410776,0.531687124844109,0.5340021249584309,7.726474278544542,9.215549348230912,7.9644184811471055,155,3,75,0.5,0.5,0.5,stochastic,stochastic,stochastic,0.01
1610,2117,1898,0.5410051820064996,0.531876182852268,0.5340489836010205,7.640993788819876,9.4515824279641,7.96522655426765,156,3,75,0.5,0.5,0.5,stochastic,stochastic,stochastic,0.01
1629,2052,1944,0.5405261739930264,0.5315953799939189,0.533870911769048,7.61755678330264,9.538986354775828,7.8431069958847734,157,3,75,0.5,0.5,0.5,stochastic,stochastic,stochastic,0.01
1687,1974,1964,0.5403548000980911,0.5311968310631148,0.534500580183321,7.539419087136929,9.623100303951368,7.704684317718941,158,3,75,0.5,0.5,0.5,stochastic,stochastic,stochastic,0.01
1763,1884,1978,0.5409666074491559,0.5313241571820041,0.5360284956924961,7.58990357345434,9.72452229299363,7.613245702730031,159,3,75,0.5,0.5,0.5,stochastic,stochastic,stochastic,0.01
1781,1837,2007,0.5407687430661199,0.5302371838908314,0.5373591971666746,7.6777091521617065,9.749591725639629,7.506228201295466,160,3,75,0.5,0.5,0.5,stochastic,stochastic,stochastic,0.01
1797,1814,2014,0.5395880192385836,0.5300180884945451,0.5370665276005112,7.791318864774625,9.608048511576627,7.592353525322741,161,3,75,0.5,0.5,0.5,stochastic,stochastic,stochastic,0.01
1848,1759,2018,0.5390978176969888,0.5295378261073086,0.5368505443417728,7.810064935064935,9.640704945992042,7.56788899900892,162,3,75,0.5,0.5,0.5,stochastic,stochastic,stochastic,0.01
1890,1733,2002,0.5381205739836351,0.5296285053574453,0.5373703661829945,7.905291005291005,9.623773802654357,7.617882117882118,163,3,75,0.5,0.5,0.5,stochastic,stochastic,stochastic,0.01
1896,1711,2018,0.5386575045268258,0.5303054083673018,0.5373506525544176,8.048523206751055,9.50438340151958,7.742319127849356,164,3,75,0.5,0.5,0.5,stochastic,stochastic,stochastic,0.01
1934,1692,1999,0.5371857526655686,0.5310806823171634,0.5379038212409403,8.107549120992761,9.381796690307329,7.777888944472236,165,3,75,0.5,0.5,0.5,stochastic,stochastic,stochastic,0.01
1952,1689,1984,0.5364798701245557,0.5316402960868204,0.5375956231468326,8.179815573770492,9.1101243339254,7.957157258064516,166,3,75,0.5,0.5,0.5,stochastic,stochastic,stochastic,0.01
1964,1682,1979,0.5360000475467174,0.5313617697666965,0.5378475926043982,8.301425661914461,8.935790725326992,8.131379484588177,167,3,75,0.5,0.5,0.5,stochastic,stochastic,stochastic,0.01
1956,1679,1990,0.5357687383099033,0.5315112068468354,0.5377971883317576,8.462678936605316,8.783204288266825,8.414070351758793,168,3,75,0.5,0.5,0.5,stochastic,stochastic,stochastic,0.01
1942,1708,1975,0.5347876955708422,0.5320967977011934,0.5367899038011419,8.554067971163748,8.649297423887587,8.646075949367088,169,3,75,0.5,0.5,0.5,stochastic,stochastic,stochastic,0.01
1959,1712,1954,0.5348591565634566,0.5322291517693885,0.5364112456022075,8.588055130168453,8.603971962616823,8.876663254861821,170,3,75,0.5,0.5,0.5,stochastic,stochastic,stochastic,0.01
2002,1715,1908,0.5349557340155563,0.5320807108277116,0.5355533127760277,8.494505494505495,8.571428571428571,8.951781970649895,171,3,75,0.5,0.5,0.5,stochastic,stochastic,stochastic,0.01
1993,1770,1862,0.5345185421102476,0.5320567545923783,0.5353754477769727,8.50627195183141,8.289265536723164,9.053168635875403,172,3,75,0.5,0.5,0.5,stochastic,stochastic,stochastic,0.01
1979,1789,1857,0.535278965930362,0.5327767581309729,0.5363360209178455,8.52854977261243,8.186696478479597,9.115239633817986,173,3,75,0.5,0.5,0.5,stochastic,stochastic,stochastic,0.01
1998,1821,1806,0.5363347926179222,0.5335462819028148,0.5368361338869101,8.518518518518519,8.170785282811641,9.156146179401993,174,3,75,0.5,0.5,0.5,stochastic,stochastic,stochastic,0.01
1993,1849,1783,0.5359106419264349,0.5346020424925351,0.5381773931314676,8.606121424987457,8.233098972417523,9.266965787997757,175,3,75,0.5,0.5,0.5,stochastic,stochastic,stochastic,0.01
2019,1872,1734,0.5361738380249886,0.5345997868698419,0.5384715198387648,8.554234769687964,8.2991452991453,9.227797001153403,176,3,75,0.5,0.5,0.5,stochastic,stochastic,stochastic,0.01
2057,1889,1679,0.5366923527478356,0.536360684379473,0.5387200651877689,8.438988818667964,8.45367919534145,9.17033948779035,177,3,75,0.5,0.5,0.5,stochastic,stochastic,stochastic,0.01
2054,1916,1655,0.5377487938520249,0.5367914022878364,0.5400179747128885,8.445472249269718,8.41544885177453,9.06404833836858,178,3,75,0.5,0.5,0.5,stochastic,stochastic,stochastic,0.01
2091,1901,1633,0.5384891814318155,0.5363065612003214,0.5406396134383262,8.399808703969393,8.600736454497634,8.92651561543172,179,3,75,0.5,0.5,0.5,stochastic,stochastic,stochastic,0.01
2087,1930,1608,0.5405014685595008,0.5366969317954573,0.5414368844070834,8.448969813128894,8.506217616580312,8.824004975124378,180,3,75,0.5,0.5,0.5,stochastic,stochastic,stochastic,0.01
2066,1961,1598,0.5395791035375389,0.5373445487112003,0.5415545971416017,8.515004840271056,8.580826109127996,8.617021276595745,181,3,75,0.5,0.5,0.5,stochastic,stochastic,stochastic,0.01
2042,1968,1615,0.539886703662384,0.5385801188449522,0.542496337198932,8.645445641527914,8.554369918699187,8.563467492260061,182,3,75,0.5,0.5,0.5,stochastic,stochastic,stochastic,0.01
1995,1976,1654,0.5413121974760703,0.5386469634844009,0.5429327664574675,8.78295739348371,8.56072874493927,8.357315598548972,183,3,75,0.5,0.5,0.5,stochastic,stochastic,stochastic,0.01
1986,1997,1642,0.5414824549024623,0.5390059443020273,0.5428681821379931,8.798590130916415,8.679519278918377,8.226552984165652,184,3,75,0.5,0.5,0.5,stochastic,stochastic,stochastic,0.01
1976,2007,1642,0.5414711445176834,0.5397224799893593,0.5426703791753171,8.80668016194332,8.838565022421525,8.21863580998782,185,3,75,0.5,0.5,0.5,stochastic,stochastic,stochastic,0.01
1889,2021,1715,0.5407313374862058,0.5395288476548517,0.542592889657127,9.099523557437799,8.642751113310242,8.166180758017493,186,3,75,0.5,0.5,0.5,stochastic,stochastic,stochastic,0.01
1841,2035,1749,0.541792792423142,0.5400603175270388,0.5422271785054243,9.179793590439978,8.576904176904177,8.049742710120068,187,3,75,0.5,0.5,0.5,stochastic,stochastic,stochastic,0.01
1809,2010,1806,0.5418446496570781,0.5393763634459386,0.5422152401163629,9.190160309563295,8.536318407960199,7.9186046511627906,188,3,75,0.5,0.5,0.5,stochastic,stochastic,stochastic,0.01
1809,1989,1827,0.5434195990486178,0.5395479152782,0.5423251485504863,9.092868988391377,8.506787330316742,7.917898193760263,189,3,75,0.5,0.5,0.5,stochastic,stochastic,stochastic,0.01
1759,1996,1870,0.5433879859660582,0.5397691924200338,0.5416959928652972,9.18533257532689,8.453907815631263,7.933155080213904,190,3,75,0.5,0.5,0.5,stochastic,stochastic,stochastic,0.01
1754,2004,1867,0.5428130586999262,0.5396947757847388,0.5416818221488878,9.152223489167618,8.602295409181636,8.031065881092662,191,3,75,0.5,0.5,0.5,stochastic,stochastic,stochastic,0.01
1734,1985,1906,0.5414486496582278,0.5401338233998725,0.5425334950747931,9.121107266435986,8.588413098236776,7.945960125918154,192,3,75,0.5,0.5,0.5,stochastic,stochastic,stochastic,0.01
1753,1932,1940,0.5405696246705793,0.540895879250839,0.5425407290802916,9.10154021677125,8.744824016563147,7.920103092783505,193,3,75,0.5,0.5,0.5,stochastic,stochastic,stochastic,0.01
1748,1918,1959,0.5387345071097286,0.5411640488516385,0.5431040574133524,9.034324942791763,8.678310740354537,8.025012761613068,194,3,75,0.5,0.5,0.5,stochastic,stochastic,stochastic,0.01
1745,1891,1989,0.5377046582062438,0.5419156697541504,0.5441690342548233,8.730659025787965,8.846641988365944,7.941679235796883,195,3,75,0.5,0.5,0.5,stochastic,stochastic,stochastic,0.01
1779,1879,1967,0.5388067263597358,0.5423327156464384,0.5441557840872683,8.544125913434513,8.815327301756254,8.09608540925267,196,3,75,0.5,0.5,0.5,stochastic,stochastic,stochastic,0.01
1820,1856,1949,0.5371145079255581,0.5419057168254217,0.545281647953261,8.423076923076923,8.77532327586207,8.109286813750641,197,3,75,0.5,0.5,0.5,stochastic,stochastic,stochastic,0.01
1827,1854,1944,0.538117650649784,0.5413215521039427,0.5465718617972098,8.26984126984127,8.733549083063647,8.128600823045268,198,3,75,0.5,0.5,0.5,stochastic,stochastic,stochastic,0.01
1870,1821,1934,0.5391589101362907,0.5424514179731211,0.548735944817893,8.067914438502674,8.676002196595277,7.960186142709411,199,3,75,0.5,0.5,0.5,stochastic,stochastic,stochastic,0.01
1865,1825,1935,0.5389637671563867,0.5432187424984164,0.5487744094564226,8.048257372654156,8.565479452054795,8.019121447028423,200,3,75,0.5,0.5,0.5,stochastic,stochastic,stochastic,0.01
1875,1806,1944,0.5402675453421626,0.5424126547584023,0.5487461412246131,8.1216,8.529346622369879,7.99537037037037,201,3,75,0.5,0.5,0.5,stochastic,stochastic,stochastic,0.01
1864,1822,1939,0.5425963601845487,0.5429057523932299,0.5495300593470417,8.186158798283262,8.4390779363337,7.996389891696751,202,3,75,0.5,0.5,0.5,stochastic,stochastic,stochastic,0.01
1890,1804,1931,0.5431888101326393,0.5429600693246187,0.5500258193907622,8.084656084656086,8.380266075388027,8.019678922837908,203,3,75,0.5,0.5,0.5,stochastic,stochastic,stochastic,0.01
1915,1774,1936,0.5437064183111034,0.5426502690940829,0.5501001855736873,8.207310704960836,8.474069898534385,8.116735537190083,204,3,75,0.5,0.5,0.5,stochastic,stochastic,stochastic,0.01
1895,1797,1933,0.5450242276253899,0.5434394251707947,0.5509092651736114,8.288654353562006,8.454646633277685,8.245732022762546,205,3,75,0.5,0.5,0.5,stochastic,stochastic,stochastic,0.01
1894,1787,1944,0.547062524076539,0.5440284673922421,0.5520073512754975,8.222808870116156,8.33575825405708,8.191872427983538,206,3,75,0.5,0.5,0.5,stochastic,stochastic,stochastic,0.01
1870,1800,1955,0.546474010498572,0.5461503940944621,0.5530522494816891,8.404812834224598,8.299444444444445,8.301790281329923,207,3,75,0.5,0.5,0.5,stochastic,stochastic,stochastic,0.01
1851,1795,1979,0.5470100931422123,0.5478867559586478,0.5534779933035172,8.464613722312263,8.122005571030641,8.380495199595755,208,3,75,0.5,0.5,0.5,stochastic,stochastic,stochastic,0.01
1822,1814,1989,0.5469508717968339,0.5494417616011031,0.5545146928808755,8.40450054884742,7.987320837927233,8.461035696329814,209,3,75,0.5,0.5,0.5,stochastic,stochastic,stochastic,0.01
1836,1810,1979,0.5466623677580049,0.5504336447614817,0.5556067724055274,8.361655773420479,8.091160220994475,8.418393127842345,210,3,75,0.5,0.5,0.5,stochastic,stochastic,stochastic,0.01
1811,1807,2007,0.5489552127080892,0.5504159318992805,0.5562140106493826,8.34621755935947,7.997786386275595,8.495266567015445,211,3,75,0.5,0.5,0.5,stochastic,stochastic,stochastic,0.01
1791,1833,2001,0.5490148650844902,0.5503445066905096,0.5560818626670992,8.128419877163596,7.911620294599018,8.641179410294853,212,3,75,0.5,0.5,0.5,stochastic,stochastic,stochastic,0.01
1746,1850,2029,0.5472159938641536,0.5521286604851395,0.5567325787432742,8.189576174112256,7.845405405405406,8.75850172498768,213,3,75,0.5,0.5,0.5,stochastic,stochastic,stochastic,0.01
1744,1854,2027,0.5459528998362965,0.5531588196243628,0.5579388779691532,8.207568807339449,7.913160733549083,8.934385791810557,214,3,75,0.5,0.5,0.5,stochastic,stochastic,stochastic,0.01
1723,1881,2021,0.5456737409341145,0.5540607917060153,0.5579881481175082,8.207196749854905,7.8580542264752795,9.045027214250371,215,3,75,0.5,0.5,0.5,stochastic,stochastic,stochastic,0.01
1714,1888,2023,0.5451456001151047,0.55567324517167,0.5581946128960109,8.222287047841307,7.981461864406779,9.045477014335146,216,3,75,0.5,0.5,0.5,stochastic,stochastic,stochastic,0.01
1751,1864,2010,0.5438711574820817,0.5562481379471238,0.5577002779427366,8.093089663049685,8.028969957081545,8.990547263681592,217,3,75,0.5,0.5,0.5,stochastic,stochastic,stochastic,0.01
1764,1829,2032,0.5440140228235542,0.5566709751596409,0.5584033947087218,8.011337868480725,7.973209404045927,8.84251968503937,218,3,75,0.5,0.5,0.5,stochastic,stochastic,stochastic,0.01
1775,1795,2055,0.5441423986673806,0.556619329205446,0.5580481289265342,7.9870422535211265,8.082451253481894,8.829683698296837,219,3,75,0.5,0.5,0.5,stochastic,stochastic,stochastic,0.01
1825,1784,2016,0.5443372883345682,0.5568499505308802,0.5574956933891074,7.793972602739726,8.102017937219731,8.746031746031745,220,3,75,0.5,0.5,0.5,stochastic,stochastic,stochastic,0.01
1856,1738,2031,0.5440185027896917,0.5578027978053851,0.5566861642761838,7.654094827586207,7.974683544303797,8.489906450024618,221,3,75,0.5,0.5,0.5,stochastic,stochastic,stochastic,0.01
1886,1729,2010,0.5451294471055246,0.5576671524335528,0.5556048515239796,7.685577942735949,8.008097165991902,8.504477611940299,222,3,75,0.5,0.5,0.5,stochastic,stochastic,stochastic,0.01
1931,1700,1994,0.5460744045166095,0.557340762760808,0.5546203197087441,7.626618332470223,7.92235294117647,8.486960882647944,223,3,75,0.5,0.5,0.5,stochastic,stochastic,stochastic,0.01
1959,1693,1973,0.5462719600536167,0.5574427438430781,0.5538622385757265,7.723328228688106,7.84111045481394,8.473390775468829,224,3,75,0.5,0.5,0.5,stochastic,stochastic,stochastic,0.01
1986,1680,1959,0.5470497803851322,0.5561564974638025,0.5525972381017762,7.685297079556898,7.8,8.420622766717713,225,3,75,0.5,0.5,0.5,stochastic,stochastic,stochastic,0.01
2036,1694,1895,0.5473134348928417,0.5562121291582193,0.5506831129087553,7.671414538310413,7.714285714285714,8.384696569920845,226,3,75,0.5,0.5,0.5,stochastic,stochastic,stochastic,0.01
2057,1690,1878,0.547288424312924,0.5565252757943805,0.5507608363696439,7.910549343704424,7.796449704142012,8.40468583599574,227,3,75,0.5,0.5,0.5,stochastic,stochastic,stochastic,0.01
2070,1701,1854,0.5486268512598762,0.5562234100497196,0.551069480202625,8.057971014492754,7.944738389182834,8.46116504854369,228,3,75,0.5,0.5,0.5,stochastic,stochastic,stochastic,0.01
2119,1669,1837,0.5506395214742883,0.5551816431999103,0.5503081438585072,8.16658801321378,8.040143798681845,8.378878606423516,229,3,75,0.5,0.5,0.5,stochastic,stochastic,stochastic,0.01
2110,1707,1808,0.5512096648242557,0.554835769726516,0.5515350128453789,8.333649289099526,7.9203280609256,8.35453539823009,230,3,75,0.5,0.5,0.5,stochastic,stochastic,stochastic,0.01
2122,1721,1782,0.5518081595123103,0.5542650871463357,0.551566933567081,8.390197926484449,7.924462521789657,8.276094276094277,231,3,75,0.5,0.5,0.5,stochastic,stochastic,stochastic,0.01
2104,1770,1751,0.5516915271204181,0.55508689847726,0.5519785325168858,8.409695817490494,7.728813559322034,8.240434037692747,232,3,75,0.5,0.5,0.5,stochastic,stochastic,stochastic,0.01
2063,1813,1749,0.5526165988235235,0.5540980033071283,0.5526383743336386,8.539505574406205,7.672917815774959,8.28587764436821,233,3,75,0.5,0.5,0.5,stochastic,stochastic,stochastic,0.01
2026,1843,1756,0.553504610163233,0.5535226327297047,0.5540479694451562,8.54639684106614,7.548019533369506,8.238041002277905,234,3,75,0.5,0.5,0.5,stochastic,stochastic,stochastic,0.01
2009,1857,1759,0.5531702629953474,0.5534511462741089,0.5540783804468291,8.58337481333997,7.579429186860528,8.235361000568505,235,3,75,0.5,0.5,0.5,stochastic,stochastic,stochastic,0.01
1982,1901,1742,0.5521264958580581,0.5537389142989465,0.5546308625437535,8.549949545913218,7.597580220936349,8.26865671641791,236,3,75,0.5,0.5,0.5,stochastic,stochastic,stochastic,0.01
2000,1903,1722,0.5515159402960844,0.5534640373165611,0.5562103781987886,8.436,7.662112454019969,8.17247386759582,237,3,75,0.5,0.5,0.5,stochastic,stochastic,stochastic,0.01
2041,1911,1673,0.5503193897490377,0.5539817392113213,0.5576655876779196,8.366976972072514,7.818419675562533,7.943813508667065,238,3,75,0.5,0.5,0.5,stochastic,stochastic,stochastic,0.01
2035,1906,1684,0.5491127972805481,0.5542638265106109,0.5571229154377881,8.45995085995086,7.942287513116474,7.905581947743468,239,3,75,0.5,0.5,0.5,stochastic,stochastic,stochastic,0.01
2039,1924,1662,0.5478596536378557,0.5547310900395187,0.5578663506160337,8.513487003433056,7.986486486486487,7.842358604091456,240,3,75,0.5,0.5,0.5,stochastic,stochastic,stochastic,0.01
2013,1927,1685,0.5481645055372766,0.5551182383693224,0.5587802985134215,8.48186785891704,7.988064348728594,7.68486646884273,241,3,75,0.5,0.5,0.5,stochastic,stochastic,stochastic,0.01
1976,1972,1677,0.548650737364036,0.5560759443880449,0.5595854431525424,8.59919028340081,7.959432048681542,7.725700655933214,242,3,75,0.5,0.5,0.5,stochastic,stochastic,stochastic,0.01
1935,2006,1684,0.5494511851006397,0.5568775343130007,0.5587988527889227,8.545219638242894,7.818045862412761,7.6229216152019,243,3,75,0.5,0.5,0.5,stochastic,stochastic,stochastic,0.01
1906,2015,1704,0.5497308302925215,0.5577469590258057,0.559984754556337,8.673137460650578,7.826799007444169,7.543427230046948,244,3,75,0.5,0.5,0.5,stochastic,stochastic,stochastic,0.01
1877,2022,1726,0.5507165410438015,0.5587097780319857,0.5610596358555866,8.761854022376133,7.899109792284866,7.563151796060255,245,3,75,0.5,0.5,0.5,stochastic,stochastic,stochastic,0.01
1848,2010,1767,0.5530490706645963,0.5601771929621262,0.5631513380179903,8.661796536796537,7.895522388059701,7.498585172608942,246,3,75,0.5,0.5,0.5,stochastic,stochastic,stochastic,0.01
1802,2010,1813,0.554362453493604,0.5614826146406116,0.5636731971224435,8.488901220865705,7.821393034825871,7.1897407611693325,247,3,75,0.5,0.5,0.5,stochastic,stochastic,stochastic,0.01
1775,1988,1862,0.555550057477399,0.561199949931112,0.5644380707318619,8.540845070422534,7.880281690140845,7.254027926960258,248,3,75,0.5,0.5,0.5,stochastic,stochastic,stochastic,0.01
1738,1965,1922,0.5580933605588203,0.562413913785709,0.5642996180000571,8.532796317606444,7.776590330788804,7.249219562955255,249,3,75,0.5,0.5,0.5,stochastic,stochastic,stochastic,0.01
1724,1942,1959,0.5604506007861846,0.5625972637734614,0.566603199684352,8.541763341067286,7.739958805355304,7.198570699336396,250,3,75,0.5,0.5,0.5,stochastic,stochastic,stochastic,0.01
1683,1980,1962,0.5643806521174638,0.5637402861854163,0.5686850035403779,8.38799762329174,7.648484848484848,7.315494393476045,251,3,75,0.5,0.5,0.5,stochastic,stochastic,stochastic,0.01
1694,1970,1961,0.5666385053890606,0.5643809291573758,0.5686879251873186,8.14344746162928,7.768020304568528,7.4431412544620095,252,3,75,0.5,0.5,0.5,stochastic,stochastic,stochastic,0.01
1704,1998,1923,0.5666366941734423,0.5639771587320923,0.5691970662277542,7.857981220657277,7.84984984984985,7.660946437857515,253,3,75,0.5,0.5,0.5,stochastic,stochastic,stochastic,0.01
1725,1993,1907,0.5687884851383723,0.5639229393437499,0.5708203277792243,7.690434782608696,7.9453085800301055,7.748820136339801,254,3,75,0.5,0.5,0.5,stochastic,stochastic,stochastic,0.01
1710,1999,1916,0.5706880103088292,0.5638075108206848,0.5697368411522027,7.531578947368421,7.993496748374187,7.882567849686848,255,3,75,0.5,0.5,0.5,stochastic,stochastic,stochastic,0.01
1723,1973,1929,0.5704102996975547,0.5627293278048144,0.5686977452584121,7.479396401625072,8.128231120121642,7.8875064800414725,256,3,75,0.5,0.5,0.5,stochastic,stochastic,stochastic,0.01
1736,1980,1909,0.5701755923629522,0.561156356331608,0.568756634464485,7.355990783410138,8.175757575757576,7.976427448926139,257,3,75,0.5,0.5,0.5,stochastic,stochastic,stochastic,0.01
1771,1955,1899,0.5697423374101603,0.5617907914213802,0.5696628825524476,7.281761716544326,8.31457800511509,8.050552922590837,258,3,75,0.5,0.5,0.5,stochastic,stochastic,stochastic,0.01
1799,1923,1903,0.5688006108552558,0.5624377083515861,0.5702740419511226,7.221234018899389,8.380655226209049,7.9180241723594325,259,3,75,0.5,0.5,0.5,stochastic,stochastic,stochastic,0.01
1820,1891,1914,0.5684279505872633,0.5613563181047547,0.5712381405340882,7.3780219780219785,8.568482284505553,7.8991640543364685,260,3,75,0.5,0.5,0.5,stochastic,stochastic,stochastic,0.01
1854,1909,1862,0.5680584903349166,0.5606760470362105,0.5730243482870409,7.277238403451996,8.609219486642221,7.945220193340494,261,3,75,0.5,0.5,0.5,stochastic,stochastic,stochastic,0.01
1840,1894,1891,0.567141605746801,0.5607861927086337,0.5735770464524149,7.439673913043478,8.695353748680041,7.900052882072977,262,3,75,0.5,0.5,0.5,stochastic,stochastic,stochastic,0.01
1838,1852,1935,0.5668517287170656,0.5609862910327591,0.5744875877246741,7.609357997823722,8.789416846652268,7.801033591731266,263,3,75,0.5,0.5,0.5,stochastic,stochastic,stochastic,0.01
1860,1815,1950,0.5677795961527526,0.559656933898143,0.5752667120059614,7.640860215053763,8.794490358126723,7.8076923076923075,264,3,75,0.5,0.5,0.5,stochastic,stochastic,stochastic,0.01
1843,1836,1946,0.5661833020121336,0.5591661017648827,0.5761184898668937,7.69886055344547,8.655228758169935,7.877183967112025,265,3,75,0.5,0.5,0.5,stochastic,stochastic,stochastic,0.01
1816,1837,1972,0.564701564277785,0.5570979277797988,0.5767477899016541,7.784691629955947,8.470332063146435,7.854462474645031,266,3,75,0.5,0.5,0.5,stochastic,stochastic,stochastic,0.01
1780,1847,1998,0.5627513440045526,0.5568368426697118,0.5769256949816214,7.777528089887641,8.300487276664862,7.881381381381382,267,3,75,0.5,0.5,0.5,stochastic,stochastic,stochastic,0.01
1814,1836,1975,0.5617087999530439,0.5564281795370034,0.5792284385773372,7.775082690187431,8.314270152505447,8.010126582278481,268,3,75,0.5,0.5,0.5,stochastic,stochastic,stochastic,0.01
1838,1863,1924,0.561496527957846,0.556994536909139,0.5792790753358813,7.647986942328618,8.18035426731079,8.033783783783784,269,3,75,0.5,0.5,0.5,stochastic,stochastic,stochastic,0.01
1842,1861,1922,0.5610285088485393,0.5565766427337769,0.5802690434179167,7.774701411509229,8.120902740462117,8.123829344432883,270,3,75,0.5,0.5,0.5,stochastic,stochastic,stochastic,0.01
1823,1843,1959,0.5598879959617598,0.557606280451524,0.5802993827732881,7.85792649478881,8.10255018990776,8.103624298111281,271,3,75,0.5,0.5,0.5,stochastic,stochastic,stochastic,0.01
1844,1844,1937,0.5595306782445822,0.558982188137172,0.5808026872278824,7.724511930585683,8.164859002169198,8.121837893649975,272,3,75,0.5,0.5,0.5,stochastic,stochastic,stochastic,0.01
1903,1839,1883,0.5596068900548612,0.5601861867398553,0.5809922791036939,7.588018917498686,8.154431756389341,8.143919277748275,273,3,75,0.5,0.5,0.5,stochastic,stochastic,stochastic,0.01
1930,1859,1836,0.5591492259305391,0.561842600486734,0.5817037596248749,7.550777202072539,8.124798278644432,8.122004357298476,274,3,75,0.5,0.5,0.5,stochastic,stochastic,stochastic,0.01
1960,1876,1789,0.5597301780533104,0.5625493927495142,0.5825735803366988,7.4714285714285715,8.122601279317697,8.059809949692566,275,3,75,0.5,0.5,0.5,stochastic,stochastic,stochastic,0.01
1968,1865,1792,0.561535252771626,0.5645758109134955,0.583529285325827,7.620426829268292,8.099195710455763,8.080915178571429,276,3,75,0.5,0.5,0.5,stochastic,stochastic,stochastic,0.01
1954,1887,1784,0.5615877218512205,0.5661004688283147,0.584140323534589,7.741555783009212,8.100158982511923,8.074551569506726,277,3,75,0.5,0.5,0.5,stochastic,stochastic,stochastic,0.01
1977,1889,1759,0.5635774668330791,0.5674630905850007,0.5848516816395604,7.791603439554881,8.19057702488089,7.945992040932348,278,3,75,0.5,0.5,0.5,stochastic,stochastic,stochastic,0.01
1989,1904,1732,0.5643604869480902,0.5691299466556259,0.585490895445428,7.726495726495727,8.103991596638656,7.963048498845265,279,3,75,0.5,0.5,0.5,stochastic,stochastic,stochastic,0.01
1982,1916,1727,0.5662725069857854,0.5702972905261616,0.5856824986618537,7.789101917255298,8.103862212943632,8.0011580775912,280,3,75,0.5,0.5,0.5,stochastic,stochastic,stochastic,0.01
1944,1920,1761,0.5679484145222787,0.5715783300977525,0.5858014347748138,7.8693415637860085,8.0234375,7.960817717206133,281,3,75,0.5,0.5,0.5,stochastic,stochastic,stochastic,0.01
1911,1922,1792,0.5681446016974186,0.5729298029616415,0.5856721025433148,8.053898482469911,8.014568158168574,8.016183035714286,282,3,75,0.5,0.5,0.5,stochastic,stochastic,stochastic,0.01
1853,1944,1828,0.5707124891008573,0.5726653532776846,0.5862289227386615,8.29897463572585,8.030349794238683,8.007658643326039,283,3,75,0.5,0.5,0.5,stochastic,stochastic,stochastic,0.01
1815,1948,1862,0.5712544003379464,0.5733842595400325,0.5868421383970045,8.4,7.934804928131417,8.061761546723952,284,3,75,0.5,0.5,0.5,stochastic,stochastic,stochastic,0.01
1790,1939,1896,0.5722178592679631,0.5722636178201976,0.5865889796442395,8.359217877094972,7.907168643630738,7.931962025316456,285,3,75,0.5,0.5,0.5,stochastic,stochastic,stochastic,0.01
1774,1909,1942,0.5732180269948818,0.5720952042430442,0.5893044915821579,8.358511837655017,7.837611314824516,7.840885684860968,286,3,75,0.5,0.5,0.5,stochastic,stochastic,stochastic,0.01
1749,1877,1999,0.5756977663916674,0.5709371445528233,0.590549510984052,8.365351629502573,7.899840170484816,7.785392696348174,287,3,75,0.5,0.5,0.5,stochastic,stochastic,stochastic,0.01
1723,1834,2068,0.5783432165763415,0.5708487436531184,0.5902441809937128,8.239117817759722,7.743184296619411,7.744197292069632,288,3,75,0.5,0.5,0.5,stochastic,stochastic,stochastic,0.01
1744,1799,2082,0.5823273380823942,0.5694377709688114,0.5895783595220481,8.132454128440367,7.818788215675375,7.81940441882805,289,3,75,0.5,0.5,0.5,stochastic,stochastic,stochastic,0.01
1760,1784,2081,0.5859548921148143,0.5675025997664784,0.5913948987744533,8.00625,7.799887892376682,7.779432964920711,290,3,75,0.5,0.5,0.5,stochastic,stochastic,stochastic,0.01
1787,1748,2090,0.5911703612276977,0.5644295667650747,0.5924047366443221,7.87465025181869,7.872997711670481,7.727751196172249,291,3,75,0.5,0.5,0.5,stochastic,stochastic,stochastic,0.01
1809,1725,2091,0.594067492862217,0.5642473041037401,0.5925610174646299,7.778883360972913,7.855652173913043,7.851267336202774,292,3,75,0.5,0.5,0.5,stochastic,stochastic,stochastic,0.01
1833,1680,2112,0.5962783551348084,0.5642559515238734,0.5932317114518153,7.843426077468631,7.933333333333334,7.800189393939394,293,3,75,0.5,0.5,0.5,stochastic,stochastic,stochastic,0.01
1849,1660,2116,0.5996841350303034,0.564971750673525,0.592145608525007,7.717685235262304,7.836746987951807,7.792060491493384,294,3,75,0.5,0.5,0.5,stochastic,stochastic,stochastic,0.01
1886,1616,2123,0.6022548778876531,0.5652371261455537,0.5923033848142408,7.689289501590668,7.875,7.824776260009421,295,3,75,0.5,0.5,0.5,stochastic,stochastic,stochastic,0.01
1956,1597,2072,0.6031056746684125,0.5671893982802587,0.5926583977056314,7.616564417177914,7.93613024420789,7.968629343629344,296,3,75,0.5,0.5,0.5,stochastic,stochastic,stochastic,0.01
1982,1595,2048,0.6028143741678003,0.5687529255272984,0.5930748422851904,7.683148335015137,7.8,7.9833984375,297,3,75,0.5,0.5,0.5,stochastic,stochastic,stochastic,0.01
1977,1609,2039,0.6028313805476472,0.5711017602315392,0.5943518143996297,7.814871016691957,7.679303915475451,8.063756743501717,298,3,75,0.5,0.5,0.5,stochastic,stochastic,stochastic,0.01
1960,1651,2014,0.6007772343216318,0.5728747114096054,0.5946503159552115,7.9,7.615990308903695,8.219463753723932,299,3,75,0.5,0.5,0.5,stochastic,stochastic,stochastic,0.01
1983,1687,1955,0.6021220694155468,0.5752865623745488,0.5944566067830247,7.94553706505295,7.551867219917012,8.406649616368286,300,3,75,0.5,0.5,0.5,stochastic,stochastic,stochastic,0.01
1976,1722,1927,0.6003312795482657,0.5763782627486141,0.5938913659278107,7.967105263157895,7.5371660859465734,8.463414634146341,301,3,75,0.5,0.5,0.5,stochastic,stochastic,stochastic,0.01
1976,1766,1883,0.5971436656554118,0.5783615215877677,0.5943509674376866,8.004048582995951,7.5271800679501695,8.542219861922463,302,3,75,0.5,0.5,0.5,stochastic,stochastic,stochastic,0.01
1955,1807,1863,0.5965996695606662,0.578722988633053,0.5941902803045188,8.055754475703324,7.496402877697841,8.666129898013956,303,3,75,0.5,0.5,0.5,stochastic,stochastic,stochastic,0.01
1965,1806,1854,0.5960972079822895,0.578759406233724,0.5952685882357088,8.187277353689568,7.5083056478405314,8.696871628910463,304,3,75,0.5,0.5,0.5,stochastic,stochastic,stochastic,0.01
1920,1865,1840,0.5937767134238674,0.579702651350614,0.5945957090165769,8.3765625,7.542091152815013,8.885326086956521,305,3,75,0.5,0.5,0.5,stochastic,stochastic,stochastic,0.01
1907,1890,1828,0.5910358349585557,0.5783179859752515,0.5925875593726028,8.538542212899843,7.658201058201058,8.98522975929978,306,3,75,0.5,0.5,0.5,stochastic,stochastic,stochastic,0.01
1868,1941,1816,0.5889022668271637,0.5786984016527024,0.592946427860378,8.6017130620985,7.687789799072643,9.058920704845814,307,3,75,0.5,0.5,0.5,stochastic,stochastic,stochastic,0.01
1858,1987,1780,0.5901049194362908,0.5789933543515059,0.5926822983512425,8.726587728740581,7.8681429290387515,9.197191011235955,308,3,75,0.5,0.5,0.5,stochastic,stochastic,stochastic,0.01
1851,2011,1763,0.5883786724995314,0.5785695116147035,0.5924583081346791,8.728254997298757,8.017901541521631,9.189449801474758,309,3,75,0.5,0.5,0.5,stochastic,stochastic,stochastic,0.01
1824,2017,1784,0.586320220726711,0.5779196909522416,0.591665603895952,8.737938596491228,8.183936539414972,9.141255605381167,310,3,75,0.5,0.5,0.5,stochastic,stochastic,stochastic,0.01
1805,2014,1806,0.585654756775961,0.5762022834737969,0.5897278210175869,8.766204986149585,8.277557100297914,9.078073089700997,311,3,75,0.5,0.5,0.5,stochastic,stochastic,stochastic,0.01
1818,2005,1802,0.5851356507677034,0.575822920265447,0.5893183017036518,8.635313531353136,8.412468827930175,8.80188679245283,312,3,75,0.5,0.5,0.5,stochastic,stochastic,stochastic,0.01
1812,2000,1813,0.5832971966835873,0.574630069454243,0.5896934755173409,8.581677704194261,8.4835,8.77495863210149,313,3,75,0.5,0.5,0.5,stochastic,stochastic,stochastic,0.01
1778,1982,1865,0.5809288678346245,0.574365395967682,0.5899539262382812,8.531496062992126,8.5343087790111,8.684718498659517,314,3,75,0.5,0.5,0.5,stochastic,stochastic,stochastic,0.01
1767,1960,1898,0.5784042900393349,0.5741356647552189,0.5910085202538954,8.57328805885682,8.641836734693877,8.508429926238145,315,3,75,0.5,0.5,0.5,stochastic,stochastic,stochastic,0.01
1783,1918,1924,0.5783341027965615,0.573267947587227,0.5916485355124839,8.479528883903534,8.754431699687174,8.374740124740125,316,3,75,0.5,0.5,0.5,stochastic,stochastic,stochastic,0.01
1781,1933,1911,0.5778110025450378,0.573429938547253,0.590904000939446,8.33464345873105,8.913605794102432,8.41548927263213,317,3,75,0.5,0.5,0.5,stochastic,stochastic,stochastic,0.01
1767,1928,1930,0.5762392214478098,0.5739550646648944,0.5917332102575144,8.381437464629315,8.900414937759336,8.491709844559585,318,3,75,0.5,0.5,0.5,stochastic,stochastic,stochastic,0.01
1776,1915,1934,0.5756431973692758,0.5748101028225151,0.5918235979608097,8.364864864864865,8.956657963446474,8.387797311271974,319,3,75,0.5,0.5,0.5,stochastic,stochastic,stochastic,0.01
1782,1891,1952,0.5774565750248076,0.5756938571470783,0.5917618402882421,8.42648709315376,9.089370703331571,8.480020491803279,320,3,75,0.5,0.5,0.5,stochastic,stochastic,stochastic,0.01
1794,1834,1997,0.576940341138461,0.5764826389260853,0.5913066340264086,8.566332218506131,9.284078516902945,8.349023535302955,321,3,75,0.5,0.5,0.5,stochastic,stochastic,stochastic,0.01
1806,1836,1983,0.5755996895578228,0.5766990898561887,0.5920159095349571,8.692137320044298,9.494553376906318,8.504286434694906,322,3,75,0.5,0.5,0.5,stochastic,stochastic,stochastic,0.01
1804,1848,1973,0.5743920582044287,0.5778139931914348,0.5921807618572957,8.752217294900221,9.628246753246753,8.522554485554993,323,3,75,0.5,0.5,0.5,stochastic,stochastic,stochastic,0.01
1827,1836,1962,0.574351291212659,0.5782942340343433,0.5915357364281354,8.74712643678161,9.72549019607843,8.463812436289501,324,3,75,0.5,0.5,0.5,stochastic,stochastic,stochastic,0.01
1831,1854,1940,0.5740996058570663,0.5788558324386781,0.5919959376786325,8.741671217913709,9.725458468176916,8.665463917525773,325,3,75,0.5,0.5,0.5,stochastic,stochastic,stochastic,0.01
1810,1868,1947,0.5738107693958232,0.5804683132812803,0.5900928362320217,8.872375690607734,9.774625267665954,8.865434001027221,326,3,75,0.5,0.5,0.5,stochastic,stochastic,stochastic,0.01
1809,1872,1944,0.5741313993430863,0.581496224661721,0.5906736785532511,8.740187949143174,9.681623931623932,8.857510288065845,327,3,75,0.5,0.5,0.5,stochastic,stochastic,stochastic,0.01
1811,1859,1955,0.5739696240029893,0.5819126190222743,0.5899493842705905,8.702374378796245,9.700376546530393,8.89769820971867,328,3,75,0.5,0.5,0.5,stochastic,stochastic,stochastic,0.01
1822,1864,1939,0.5751929521420067,0.5824653589331223,0.5907595274855064,8.513721185510429,9.751609442060087,8.931407942238268,329,3,75,0.5,0.5,0.5,stochastic,stochastic,stochastic,0.01
1776,1840,2009,0.5759557892700016,0.5849993520773923,0.5911448910117741,8.636824324324325,9.505978260869565,8.833748133399702,330,3,75,0.5,0.5,0.5,stochastic,stochastic,stochastic,0.01
1790,1818,2017,0.575869462291235,0.5859735311914076,0.5934584487519597,8.544692737430168,9.497249724972498,8.859196826970749,331,3,75,0.5,0.5,0.5,stochastic,stochastic,stochastic,0.01
1788,1798,2039,0.5759181128159835,0.5875190649075673,0.5955615683846821,8.37304250559284,9.251946607341491,8.650318783717509,332,3,75,0.5,0.5,0.5,stochastic,stochastic,stochastic,0.01
1775,1796,2054,0.5763638329368547,0.5896683329469041,0.5976225117906313,8.258591549295774,8.929287305122495,8.7078870496592,333,3,75,0.5,0.5,0.5,stochastic,stochastic,stochastic,0.01
1764,1780,2081,0.5795396544806001,0.5896036816103014,0.5995251641925224,8.202947845804989,8.844943820224719,8.716482460355598,334,3,75,0.5,0.5,0.5,stochastic,stochastic,stochastic,0.01
1733,1781,2111,0.5788210495515502,0.5900164422411364,0.6002593209648899,8.178880553952684,8.574396406513195,8.722406442444338,335,3,75,0.5,0.5,0.5,stochastic,stochastic,stochastic,0.01
1779,1738,2108,0.5797186834865465,0.5886322973868939,0.602007031941419,8.024732996065206,8.380322209436134,8.649430740037952,336,3,75,0.5,0.5,0.5,stochastic,stochastic,stochastic,0.01
1765,1759,2101,0.5814826664120906,0.5897071965884401,0.6030616044109326,7.8634560906515585,8.183627060830018,8.739647786768206,337,3,75,0.5,0.5,0.5,stochastic,stochastic,stochastic,0.01
1757,1767,2101,0.5827766992683906,0.5898179866968454,0.6028506172381375,7.833807626636312,7.963214487832484,8.769157544026655,338,3,75,0.5,0.5,0.5,stochastic,stochastic,stochastic,0.01
1768,1740,2117,0.5838374607541008,0.5894064778169695,0.6027073938883151,7.882918552036199,7.787931034482758,8.874822862541333,339,3,75,0.5,0.5,0.5,stochastic,stochastic,stochastic,0.01
1772,1730,2123,0.5861805636173572,0.5909925508072464,0.6020664909703244,7.663656884875847,7.657803468208092,8.932642487046632,340,3,75,0.5,0.5,0.5,stochastic,stochastic,stochastic,0.01
1763,1741,2121,0.5888395401605939,0.5899979704930217,0.6010689916657435,7.567214974475326,7.592762780011488,8.962753418198963,341,3,75,0.5,0.5,0.5,stochastic,stochastic,stochastic,0.01
1792,1720,2113,0.5904370956207473,0.5904534823884717,0.5994154682364805,7.426339285714286,7.565116279069767,8.981069569332702,342,3,75,0.5,0.5,0.5,stochastic,stochastic,stochastic,0.01
1803,1697,2125,0.5930473832136132,0.5903679991515005,0.5998352820458487,7.3682750970604545,7.447259870359458,8.958588235294117,343,3,75,0.5,0.5,0.5,stochastic,stochastic,stochastic,0.01
1934,1607,2084,0.5955836989744182,0.5901260565731083,0.5981531338002007,7.247156153050672,7.5308027380211575,8.916986564299425,344,3,75,0.5,0.5,0.5,stochastic,stochastic,stochastic,0.01
1980,1584,2061,0.5980581939570276,0.588991825231139,0.5989889014946458,7.255050505050505,7.459595959595959,8.9437166424066,345,3,75,0.5,0.5,0.5,stochastic,stochastic,stochastic,0.01
2007,1613,2005,0.600533891356381,0.5890398456441894,0.5988918589379107,7.256103637269557,7.445753254804711,9.081296758104738,346,3,75,0.5,0.5,0.5,stochastic,stochastic,stochastic,0.01
2067,1605,1953,0.6038137709905423,0.5899233825072849,0.5997150880691543,7.215771649733914,7.4697819314641745,9.116743471582181,347,3,75,0.5,0.5,0.5,stochastic,stochastic,stochastic,0.01
2100,1579,1946,0.6049180588048594,0.5898951624914446,0.6003995306120296,7.414761904761905,7.430018999366688,8.99486125385406,348,3,75,0.5,0.5,0.5,stochastic,stochastic,stochastic,0.01
2150,1575,1900,0.6061750304837953,0.5886017890352845,0.6020918084410568,7.507441860465116,7.374603174603174,8.881052631578948,349,3,75,0.5,0.5,0.5,stochastic,stochastic,stochastic,0.01
2171,1585,1869,0.6068767914984615,0.5870960430461635,0.6034788054015777,7.539382772915707,7.301577287066246,8.705189941144997,350,3,75,0.5,0.5,0.5,stochastic,stochastic,stochastic,0.01
2210,1565,1850,0.6065948772619133,0.5867195948353603,0.6043367483402752,7.765158371040724,7.237060702875399,8.571891891891893,351,3,75,0.5,0.5,0.5,stochastic,stochastic,stochastic,0.01
2212,1553,1860,0.606796505680411,0.5844282673436237,0.6062197264663937,8.015822784810126,7.244687701223438,8.440860215053764,352,3,75,0.5,0.5,0.5,stochastic,stochastic,stochastic,0.01
2226,1532,1867,0.6036846482397982,0.583970798022663,0.6093378333332803,8.297843665768195,7.263054830287206,8.25923942153187,353,3,75,0.5,0.5,0.5,stochastic,stochastic,stochastic,0.01
2242,1517,1866,0.6014345461277408,0.5830079626469229,0.6113277270284445,8.386262265834077,7.154911008569545,8.056270096463022,354,3,75,0.5,0.5,0.5,stochastic,stochastic,stochastic,0.01
2248,1532,1845,0.5988791327920339,0.584700156394171,0.6139757159896574,8.562722419928825,7.065274151436031,8.084010840108402,355,3,75,0.5,0.5,0.5,stochastic,stochastic,stochastic,0.01
2269,1559,1797,0.5980887286978064,0.5844961374632303,0.6154699837012837,8.594535037461437,6.971776779987171,8.003895381190874,356,3,75,0.5,0.5,0.5,stochastic,stochastic,stochastic,0.01
2336,1596,1693,0.5962568744568183,0.5874222307499711,0.6163406918975558,8.548373287671232,6.921679197994988,7.945067926757235,357,3,75,0.5,0.5,0.5,stochastic,stochastic,stochastic,0.01
2324,1621,1680,0.5931626536840338,0.5876992436888557,0.6199746567152401,8.626075731497417,6.8229487970388645,7.889285714285714,358,3,75,0.5,0.5,0.5,stochastic,stochastic,stochastic,0.01
2281,1717,1627,0.5908130889669344,0.5904315685309329,0.6217315213501108,8.714598860149058,6.7251019219569015,8.035648432698217,359,3,75,0.5,0.5,0.5,stochastic,stochastic,stochastic,0.01
2268,1772,1585,0.5882527982854063,0.5906993634952963,0.6221174401716201,8.705908289241622,6.77765237020316,7.953943217665615,360,3,75,0.5,0.5,0.5,stochastic,stochastic,stochastic,0.01
2200,1876,1549,0.5875651849243866,0.5909079484981441,0.6209978143334491,8.731818181818182,6.765991471215352,8.10458360232408,361,3,75,0.5,0.5,0.5,stochastic,stochastic,stochastic,0.01
2138,1966,1521,0.5873637837372739,0.5911557962331536,0.6229687915611927,8.786248830682881,6.82146490335707,8.161735700197239,362,3,75,0.5,0.5,0.5,stochastic,stochastic,stochastic,0.01
2087,2022,1516,0.5868099507619369,0.5918733786337207,0.6224065349620751,8.77144226161955,6.893175074183977,7.942612137203167,363,3,75,0.5,0.5,0.5,stochastic,stochastic,stochastic,0.01
2066,2037,1522,0.5871534650608426,0.591312537006878,0.6221016277184376,8.72942884801549,7.054000981836033,7.7299605781865965,364,3,75,0.5,0.5,0.5,stochastic,stochastic,stochastic,0.01
2004,2066,1555,0.5893125698391841,0.5917610750878806,0.6199123865280793,8.828343313373253,7.191190706679574,7.74983922829582,365,3,75,0.5,0.5,0.5,stochastic,stochastic,stochastic,0.01
1955,2102,1568,0.5908768174217773,0.5926640909743311,0.6168240024504437,8.79386189258312,7.355375832540438,7.596938775510204,366,3,75,0.5,0.5,0.5,stochastic,stochastic,stochastic,0.01
1905,2105,1615,0.5932235583516086,0.5937607892487683,0.6149333318729309,8.725984251968503,7.446080760095012,7.348606811145511,367,3,75,0.5,0.5,0.5,stochastic,stochastic,stochastic,0.01
1865,2156,1604,0.5954644434442297,0.5941735284179765,0.6123857701162675,8.569436997319034,7.49443413729128,7.220698254364089,368,3,75,0.5,0.5,0.5,stochastic,stochastic,stochastic,0.01
1825,2163,1637,0.597930180242662,0.5955351096125304,0.6089388754317699,8.36,7.498381877022654,6.996945632254123,369,3,75,0.5,0.5,0.5,stochastic,stochastic,stochastic,0.01
1787,2171,1667,0.6001018320677174,0.5962306760509626,0.6079894863113144,8.217683268047006,7.595578074619991,6.916616676664667,370,3,75,0.5,0.5,0.5,stochastic,stochastic,stochastic,0.01
1749,2154,1722,0.6022128080513115,0.5966414484670806,0.6077876177127075,8.05889079473985,7.700092850510678,6.831591173054588,371,3,75,0.5,0.5,0.5,stochastic,stochastic,stochastic,0.01
1704,2146,1775,0.6042476003114199,0.5986927312209114,0.6085334946173666,8.02406103286385,7.751164958061509,6.8461971830985915,372,3,75,0.5,0.5,0.5,stochastic,stochastic,stochastic,0.01
1715,2129,1781,0.6051848257887747,0.5999901732950004,0.6089953974156346,7.921865889212828,7.915453264443401,6.914093206064009,373,3,75,0.5,0.5,0.5,stochastic,stochastic,stochastic,0.01
1688,2102,1835,0.6063680325140378,0.6007643545687203,0.6083905480238542,7.938388625592417,7.941008563273074,6.93841961852861,374,3,75,0.5,0.5,0.5,stochastic,stochastic,stochastic,0.01
1672,2062,1891,0.60791287519514,0.6013872929152292,0.6089844294665469,7.973684210526316,8.135790494665374,6.9894235854045474,375,3,75,0.5,0.5,0.5,stochastic,stochastic,stochastic,0.01
1658,2006,1961,0.6093326775235828,0.6033208766215473,0.6111308860837515,8.115802171290712,8.352941176470589,7.070882202957675,376,3,75,0.5,0.5,0.5,stochastic,stochastic,stochastic,0.01
1654,1976,1995,0.6125694048507255,0.6050236676571548,0.6125307040617468,8.175332527206772,8.47165991902834,7.28421052631579,377,3,75,0.5,0.5,0.5,stochastic,stochastic,stochastic,0.01
1691,1890,2044,0.613229333151271,0.6061793755290068,0.6133327113720479,8.049083382613839,8.568783068783068,7.214774951076321,378,3,75,0.5,0.5,0.5,stochastic,stochastic,stochastic,0.01
1734,1795,2096,0.6142704528645089,0.6080297412102991,0.614842583150499,7.918108419838523,8.519220055710306,7.174141221374046,379,3,75,0.5,0.5,0.5,stochastic,stochastic,stochastic,0.01
1784,1739,2102,0.6159235864139951,0.6095084649031517,0.6167409323673825,7.800448430493273,8.445083381253594,7.237392959086584,380,3,75,0.5,0.5,0.5,stochastic,stochastic,stochastic,0.01
1843,1698,2084,0.6170957598914808,0.6090013292158248,0.6184945397618038,7.583830710797613,8.36866902237927,7.336852207293666,381,3,75,0.5,0.5,0.5,stochastic,stochastic,stochastic,0.01
1861,1710,2054,0.6179297184608907,0.6082058675980063,0.6203013059291326,7.507791509940892,8.243859649122808,7.475657254138267,382,3,75,0.5,0.5,0.5,stochastic,stochastic,stochastic,0.01
1926,1727,1972,0.6200334601943788,0.6079054108556902,0.6233173989962856,7.268431983385255,8.197452229299364,7.5791075050709935,383,3,75,0.5,0.5,0.5,stochastic,stochastic,stochastic,0.01
1947,1759,1919,0.6201184941029031,0.6087640288808179,0.6246196596468314,7.2357473035439135,8.05230244457078,7.586242834809797,384,3,75,0.5,0.5,0.5,stochastic,stochastic,stochastic,0.01
1945,1770,1910,0.6222435518869405,0.6084964441533769,0.6263780391220547,7.230848329048843,7.925423728813559,7.593717277486911,385,3,75,0.5,0.5,0.5,stochastic,stochastic,stochastic,0.01
1936,1809,1880,0.6215674278798244,0.606612893648098,0.6282789362487563,7.242768595041323,7.762299613045882,7.701595744680851,386,3,75,0.5,0.5,0.5,stochastic,stochastic,stochastic,0.01
1946,1807,1872,0.621969321322439,0.6067086578626354,0.6304378190355057,7.305755395683454,7.552850027670171,7.678418803418803,387,3,75,0.5,0.5,0.5,stochastic,stochastic,stochastic,0.01
1953,1857,1815,0.6227953012399425,0.6069917763928111,0.6322736539289427,7.183819764464926,7.463112547119009,7.755371900826447,388,3,75,0.5,0.5,0.5,stochastic,stochastic,stochastic,0.01
1962,1860,1803,0.6247676930621149,0.6074916993855977,0.6325236518850709,7.151885830784913,7.381720430107527,7.659456461453134,389,3,75,0.5,0.5,0.5,stochastic,stochastic,stochastic,0.01
1946,1865,1814,0.6258025666609055,0.6091198457811365,0.6342632248578621,7.221993833504625,7.375871313672922,7.570562293274532,390,3,75,0.5,0.5,0.5,stochastic,stochastic,stochastic,0.01
1900,1901,1824,0.6252670749579877,0.6090606070024035,0.6352750264101102,7.266315789473684,7.291951604418727,7.594298245614035,391,3,75,0.5,0.5,0.5,stochastic,stochastic,stochastic,0.01
1899,1869,1857,0.623897592542383,0.61024551106358,0.635932509120285,7.390205371248025,7.3632958801498125,7.498115239633818,392,3,75,0.5,0.5,0.5,stochastic,stochastic,stochastic,0.01
1857,1884,1884,0.6234664894041387,0.6111074741108132,0.6363271460161499,7.498115239633818,7.2399150743099785,7.393312101910828,393,3,75,0.5,0.5,0.5,stochastic,stochastic,stochastic,0.01
1860,1831,1934,0.6258989740341563,0.6101224552693228,0.6366837538703614,7.551612903225807,7.221736755871109,7.240434332988625,394,3,75,0.5,0.5,0.5,stochastic,stochastic,stochastic,0.01
1900,1791,1934,0.628334184311699,0.6110825937386773,0.6371869001726556,7.4936842105263155,7.221105527638191,7.109617373319545,395,3,75,0.5,0.5,0.5,stochastic,stochastic,stochastic,0.01
1871,1849,1905,0.6300970547339093,0.6104891606190265,0.6369570681916709,7.376269374665954,7.14656571119524,7.172178477690289,396,3,75,0.5,0.5,0.5,stochastic,stochastic,stochastic,0.01
1857,1857,1911,0.6320812355785899,0.6124154182848041,0.6354334670060647,7.457727517501346,7.16693591814755,7.152276295133438,397,3,75,0.5,0.5,0.5,stochastic,stochastic,stochastic,0.01
1835,1855,1935,0.6322111009083583,0.6123399699622547,0.6352685156233406,7.550953678474114,7.013477088948787,7.264082687338501,398,3,75,0.5,0.5,0.5,stochastic,stochastic,stochastic,0.01
1831,1810,1984,0.6341055121882967,0.6151109210103104,0.6358439242611936,7.745494265428728,7.094475138121547,7.346270161290323,399,3,75,0.5,0.5,0.5,stochastic,stochastic,stochastic,0.01
1839,1800,1986,0.6356983985022726,0.6176755276160768,0.6344372280098708,7.751495377922784,7.098888888888889,7.508559919436053,400,3,75,0.5,0.5,0.5,stochastic,stochastic,stochastic,0.01
1830,1858,1937,0.6367274379591974,0.6201213809451495,0.63342614707719,7.6524590163934425,7.094725511302475,7.740320082601961,401,3,75,0.5,0.5,0.5,stochastic,stochastic,stochastic,0.01
1807,1891,1927,0.6384993311128244,0.6223819645680634,0.6302233730265315,7.5788599889319315,7.220518244315177,7.788790866632071,402,3,75,0.5,0.5,0.5,stochastic,stochastic,stochastic,0.01
1829,1923,1873,0.639384415807244,0.623050252314241,0.6290276521410464,7.381082558775287,7.197087883515341,7.761879337960491,403,3,75,0.5,0.5,0.5,stochastic,stochastic,stochastic,0.01
1856,1923,1846,0.6379455606594415,0.6233054250439177,0.6261602649434331,7.28125,7.360374414976599,7.73510292524377,404,3,75,0.5,0.5,0.5,stochastic,stochastic,stochastic,0.01
1888,1895,1842,0.6376955736801238,0.6227919214431019,0.6239178521432158,7.216631355932203,7.460158311345646,7.530401737242128,405,3,75,0.5,0.5,0.5,stochastic,stochastic,stochastic,0.01
1885,1872,1868,0.6399570606187873,0.6237574992584696,0.6215503199494462,7.298143236074271,7.507478632478633,7.365096359743041,406,3,75,0.5,0.5,0.5,stochastic,stochastic,stochastic,0.01
1919,1846,1860,0.6382662742256149,0.6234639600161188,0.61980997638129,7.223553934340803,7.57204767063922,7.2924731182795695,407,3,75,0.5,0.5,0.5,stochastic,stochastic,stochastic,0.01
1898,1822,1905,0.6371928015016081,0.6242263132496776,0.6177880206908448,7.2592202318229715,7.490120746432492,7.240944881889764,408,3,75,0.5,0.5,0.5,stochastic,stochastic,stochastic,0.01
1886,1806,1933,0.6367222515377962,0.6252316840718278,0.6149412527116589,7.374867444326617,7.4878183831672205,7.233833419555095,409,3,75,0.5,0.5,0.5,stochastic,stochastic,stochastic,0.01
1847,1821,1957,0.6363629807117842,0.6250457020805458,0.6125274744339009,7.423389279913373,7.28226249313564,7.208482370975983,410,3,75,0.5,0.5,0.5,stochastic,stochastic,stochastic,0.01
1825,1801,1999,0.6374015695513862,0.6257878505770176,0.6113909291321704,7.531506849315068,7.234869516935036,7.2341170585292645,411,3,75,0.5,0.5,0.5,stochastic,stochastic,stochastic,0.01
1868,1758,1999,0.6396963801477302,0.6246387050294032,0.6095892022991746,7.467344753747323,7.131968145620022,7.2666333166583295,412,3,75,0.5,0.5,0.5,stochastic,stochastic,stochastic,0.01
1881,1749,1995,0.639806453590959,0.6268095103086275,0.6082059108956391,7.413078149920255,7.05431675242996,7.282706766917293,413,3,75,0.5,0.5,0.5,stochastic,stochastic,stochastic,0.01
1832,1816,1977,0.6407445082392427,0.6277653774210942,0.6072263818550963,7.383733624454148,6.9460352422907485,7.484066767830045,414,3,75,0.5,0.5,0.5,stochastic,stochastic,stochastic,0.01
1811,1820,1994,0.6412166350850149,0.6288263452786745,0.6070096987336789,7.4268360022087245,6.891208791208792,7.5406218655967905,415,3,75,0.5,0.5,0.5,stochastic,stochastic,stochastic,0.01
1817,1822,1986,0.6399016422379326,0.6311114790446143,0.6080895198702744,7.325811777655476,6.862788144895719,7.595166163141994,416,3,75,0.5,0.5,0.5,stochastic,stochastic,stochastic,0.01
1789,1837,1999,0.6375127121645985,0.6319232441787753,0.6086677964443067,7.313024035774175,6.792052259118128,7.632816408204102,417,3,75,0.5,0.5,0.5,stochastic,stochastic,stochastic,0.01
1766,1829,2030,0.6370234259621022,0.6320251255841525,0.6102756192638695,7.133635334088336,6.745215965008201,7.661083743842364,418,3,75,0.5,0.5,0.5,stochastic,stochastic,stochastic,0.01
1820,1807,1998,0.6371472619795513,0.6328736657973305,0.611724774383485,6.9532967032967035,6.776978417266187,7.707707707707708,419,3,75,0.5,0.5,0.5,stochastic,stochastic,stochastic,0.01
1879,1803,1943,0.6380256172144538,0.6347575557330477,0.6115024262757432,6.875465673230441,6.960621186910704,7.89963973237262,420,3,75,0.5,0.5,0.5,stochastic,stochastic,stochastic,0.01
1951,1771,1903,0.6377415954149301,0.6350003938285126,0.6124799295758949,6.894925679138903,7.079616036137775,7.880189174986863,421,3,75,0.5,0.5,0.5,stochastic,stochastic,stochastic,0.01
1956,1820,1849,0.6389390550773161,0.6377083947978451,0.6150001926553765,6.8440695296523515,6.9884615384615385,7.968631692806922,422,3,75,0.5,0.5,0.5,stochastic,stochastic,stochastic,0.01
2012,1843,1770,0.6397425841627393,0.6371195886609394,0.6172156864433396,6.727634194831014,7.077048290830168,7.967231638418079,423,3,75,0.5,0.5,0.5,stochastic,stochastic,stochastic,0.01
2060,1848,1717,0.6400885039681263,0.6377094605207622,0.6203284032534812,6.844660194174757,7.1504329004329,7.841584158415841,424,3,75,0.5,0.5,0.5,stochastic,stochastic,stochastic,0.01
2126,1873,1626,0.6406817151697723,0.6391474969102195,0.6244824417868199,6.90310442144873,7.271756540309664,7.605166051660516,425,3,75,0.5,0.5,0.5,stochastic,stochastic,stochastic,0.01
2127,1904,1594,0.6432713678868227,0.6408706726270156,0.626874008632322,6.985895627644569,7.305147058823529,7.477415307402761,426,3,75,0.5,0.5,0.5,stochastic,stochastic,stochastic,0.01
2128,1906,1591,0.6435561587258507,0.6417676272509379,0.6313134997140338,7.1757518796992485,7.46694648478489,7.225015713387807,427,3,75,0.5,0.5,0.5,stochastic,stochastic,stochastic,0.01
2119,1906,1600,0.6443309578164994,0.6420747926678599,0.6357123167337443,7.267579046720151,7.465897166841553,6.939375,428,3,75,0.5,0.5,0.5,stochastic,stochastic,stochastic,0.01
2092,1896,1637,0.6444633133767932,0.6438318415025278,0.6392850207551632,7.3580305927342256,7.3354430379746836,6.797189981673793,429,3,75,0.5,0.5,0.5,stochastic,stochastic,stochastic,0.01
2054,1948,1623,0.645048787963475,0.6447133920502073,0.6416041046751664,7.505842259006816,7.334188911704312,6.651263093037585,430,3,75,0.5,0.5,0.5,stochastic,stochastic,stochastic,0.01
2024,2003,1598,0.6464683186724849,0.6472083389601976,0.6456339644451435,7.45306324110672,7.242136794807788,6.774092615769712,431,3,75,0.5,0.5,0.5,stochastic,stochastic,stochastic,0.01
2005,2045,1575,0.6475495525288202,0.6478011750681899,0.6467745320753557,7.360099750623442,7.186308068459658,6.621587301587302,432,3,75,0.5,0.5,0.5,stochastic,stochastic,stochastic,0.01
2021,2050,1554,0.6488132609972582,0.6497905111949748,0.6472846500093774,7.300841167738743,7.122439024390244,6.44980694980695,433,3,75,0.5,0.5,0.5,stochastic,stochastic,stochastic,0.01
1957,2072,1596,0.6500964457194349,0.6495069766257906,0.6471010633396754,7.42360756259581,7.082046332046332,6.267543859649122,434,3,75,0.5,0.5,0.5,stochastic,stochastic,stochastic,0.01
1900,2122,1603,0.653594226394763,0.6497699487131275,0.6432878242134132,7.526315789473684,7.021677662582469,6.306924516531503,435,3,75,0.5,0.5,0.5,stochastic,stochastic,stochastic,0.01
1840,2191,1594,0.6540953409847062,0.6489350025124038,0.6407432782581393,7.492934782608696,7.083979917845732,6.4818067754077795,436,3,75,0.5,0.5,0.5,stochastic,stochastic,stochastic,0.01
1790,2201,1634,0.6566692198441534,0.6485466995593762,0.6400490357338567,7.629608938547486,7.197637437528396,6.5177478580171355,437,3,75,0.5,0.5,0.5,stochastic,stochastic,stochastic,0.01
1742,2225,1658,0.6552440677497751,0.6489674434942366,0.6391431113366028,7.645235361653272,7.257977528089888,6.542219541616405,438,3,75,0.5,0.5,0.5,stochastic,stochastic,stochastic,0.01
1660,2290,1675,0.6569641440132469,0.6494308728336727,0.6345131657447398,7.654819277108434,7.395196506550218,6.760597014925374,439,3,75,0.5,0.5,0.5,stochastic,stochastic,stochastic,0.01
1683,2267,1675,0.6583433548481038,0.6491673452995187,0.6314756229686187,7.64468211527035,7.55138950154389,6.763582089552239,440,3,75,0.5,0.5,0.5,stochastic,stochastic,stochastic,0.01
1652,2278,1695,0.6601670136333354,0.6497210708131191,0.6282617810903752,7.5,7.677348551360843,6.705014749262537,441,3,75,0.5,0.5,0.5,stochastic,stochastic,stochastic,0.01
1581,2346,1698,0.6606718426212639,0.6484670476798422,0.6266721214012035,7.41808981657179,7.835890878090367,6.900471142520613,442,3,75,0.5,0.5,0.5,stochastic,stochastic,stochastic,0.01
1521,2364,1740,0.6617310688764626,0.6477284529203844,0.6260875739761711,7.338593030900723,8.011421319796954,6.989080459770115,443,3,75,0.5,0.5,0.5,stochastic,stochastic,stochastic,0.01
1524,2323,1778,0.6631942027375004,0.6464446530439342,0.6241358138047459,7.270341207349081,8.26517434352131,6.995500562429696,444,3,75,0.5,0.5,0.5,stochastic,stochastic,stochastic,0.01
1533,2261,1831,0.6593671226574547,0.6435790888388914,0.6247995055957455,7.260273972602739,8.438301636444052,6.870562534134353,445,3,75,0.5,0.5,0.5,stochastic,stochastic,stochastic,0.01
1487,2217,1921,0.6596711548353286,0.6422647292588047,0.62525551802782,7.238735709482179,8.511953089760938,6.807912545549193,446,3,75,0.5,0.5,0.5,stochastic,stochastic,stochastic,0.01
1466,2146,2013,0.659139951820418,0.6401395664306931,0.6283449662898426,7.226466575716235,8.606244175209692,6.778936910084451,447,3,75,0.5,0.5,0.5,stochastic,stochastic,stochastic,0.01
1502,2079,2044,0.6588257100378798,0.6378053948924562,0.6295180168871574,7.18508655126498,8.717652717652717,6.898238747553816,448,3,75,0.5,0.5,0.5,stochastic,stochastic,stochastic,0.01
1514,2020,2091,0.6581860626349466,0.6369325601042837,0.6294443255271317,7.16116248348745,8.763861386138613,6.98804399808704,449,3,75,0.5,0.5,0.5,stochastic,stochastic,stochastic,0.01
1562,1925,2138,0.6565861198519949,0.6361898528019275,0.6316341809633311,7.085147247119078,8.892987012987012,6.9303086997193635,450,3,75,0.5,0.5,0.5,stochastic,stochastic,stochastic,0.01
1586,1842,2197,0.6566396496895249,0.6362593650906998,0.6337526609780816,7.068095838587642,8.87785016286645,6.889849795175239,451,3,75,0.5,0.5,0.5,stochastic,stochastic,stochastic,0.01
1633,1787,2205,0.6583099540529971,0.6371171749265118,0.6354340338685888,6.941212492345376,8.883603805260213,6.952834467120182,452,3,75,0.5,0.5,0.5,stochastic,stochastic,stochastic,0.01
1700,1682,2243,0.65805214825575,0.63797424872555,0.6387641532204711,6.706470588235294,8.734244946492272,6.938475256353098,453,3,75,0.5,0.5,0.5,stochastic,stochastic,stochastic,0.01
1763,1597,2265,0.6587351779209559,0.6404991571356491,0.639355296766263,6.796369824163358,8.572323105823418,7.098013245033113,454,3,75,0.5,0.5,0.5,stochastic,stochastic,stochastic,0.01
1837,1556,2232,0.657709039868092,0.6440215890077565,0.6413073900037819,6.832335329341317,8.396529562982005,7.344534050179211,455,3,75,0.5,0.5,0.5,stochastic,stochastic,stochastic,0.01
1904,1495,2226,0.6586672789751234,0.6490116433934568,0.6428897585252752,6.9033613445378155,8.106354515050167,7.493261455525606,456,3,75,0.5,0.5,0.5,stochastic,stochastic,stochastic,0.01
1974,1445,2206,0.6587120879701989,0.6504595218826832,0.6432281230120358,7.0121580547112465,7.889965397923875,7.665004533091569,457,3,75,0.5,0.5,0.5,stochastic,stochastic,stochastic,0.01
2061,1431,2133,0.6576978162566444,0.6519638981260337,0.6457249843181467,6.9524502668607475,7.556953179594689,7.720581340834506,458,3,75,0.5,0.5,0.5,stochastic,stochastic,stochastic,0.01
2125,1414,2086,0.6596841771002201,0.6548202061767434,0.6475913375874198,6.994823529411764,7.206506364922206,7.75503355704698,459,3,75,0.5,0.5,0.5,stochastic,stochastic,stochastic,0.01
2185,1446,1994,0.6619622501779295,0.6571544431955778,0.6467013451054219,7.074141876430206,7.01521438450899,7.964894684052156,460,3,75,0.5,0.5,0.5,stochastic,stochastic,stochastic,0.01
2238,1463,1924,0.6631512885122381,0.6574288041677268,0.6470528483713288,7.205540661304736,6.933697881066302,7.97972972972973,461,3,75,0.5,0.5,0.5,stochastic,stochastic,stochastic,0.01
2249,1504,1872,0.6633551514043026,0.6597701167182475,0.6471155087240207,7.383726100489106,6.7626329787234045,7.9631410256410255,462,3,75,0.5,0.5,0.5,stochastic,stochastic,stochastic,0.01
2254,1550,1821,0.6648722023460185,0.661004676037168,0.6487634892658295,7.486690328305235,6.480645161290322,7.8764415156507415,463,3,75,0.5,0.5,0.5,stochastic,stochastic,stochastic,0.01
2289,1605,1731,0.6658120609625279,0.6634631017640171,0.6491210412161288,7.538663171690694,6.4230529595015575,7.795493934142114,464,3,75,0.5,0.5,0.5,stochastic,stochastic,stochastic,0.01
2326,1626,1673,0.6683085618496334,0.6660162616343228,0.6486569515919296,7.6543422184006875,6.381918819188192,7.687985654512851,465,3,75,0.5,0.5,0.5,stochastic,stochastic,stochastic,0.01
2306,1722,1597,0.6688525837293501,0.666766202267641,0.6508788568590417,7.663920208152645,6.191056910569106,7.58609893550407,466,3,75,0.5,0.5,0.5,stochastic,stochastic,stochastic,0.01
2311,1811,1503,0.6691005040530454,0.6678877188138623,0.6528350224471711,7.747728256166162,6.173384870237438,7.57684630738523,467,3,75,0.5,0.5,0.5,stochastic,stochastic,stochastic,0.01
2277,1880,1468,0.670278286489001,0.6677627644789415,0.6557231684337397,7.9187527448397015,6.19468085106383,7.435286103542234,468,3,75,0.5,0.5,0.5,stochastic,stochastic,stochastic,0.01
2232,1973,1420,0.6731736840959485,0.6691513456409786,0.6555024823884233,8.044802867383513,6.251393816523061,7.388028169014085,469,3,75,0.5,0.5,0.5,stochastic,stochastic,stochastic,0.01
2133,2055,1437,0.6738743156894454,0.6690861324791642,0.6596707507275977,8.134083450539146,6.267153284671533,7.146833681280445,470,3,75,0.5,0.5,0.5,stochastic,stochastic,stochastic,0.01
2067,2142,1416,0.6745217739446041,0.6685318357423495,0.6609667427420942,8.184325108853411,6.395891690009337,6.983050847457627,471,3,75,0.5,0.5,0.5,stochastic,stochastic,stochastic,0.01
1991,2230,1404,0.6774643456396224,0.6673910938105995,0.6636825922894871,8.162230035158212,6.540807174887893,6.826923076923077,472,3,75,0.5,0.5,0.5,stochastic,stochastic,stochastic,0.01
1892,2317,1416,0.679020951268802,0.6688586846987242,0.6640902718185036,8.189217758985201,6.640051791109193,6.754237288135593,473,3,75,0.5,0.5,0.5,stochastic,stochastic,stochastic,0.01
1809,2434,1382,0.6819637970963517,0.6696018850375588,0.6633905556353491,8.018242122719734,6.74404272801972,6.846599131693198,474,3,75,0.5,0.5,0.5,stochastic,stochastic,stochastic,0.01
1734,2485,1406,0.6832640883688242,0.6705531468204803,0.6639277510949493,7.9855824682814305,6.94486921529175,6.723328591749644,475,3,75,0.5,0.5,0.5,stochastic,stochastic,stochastic,0.01
1654,2533,1438,0.6866473349583279,0.6698144378265923,0.6640227372086097,7.8748488512696495,7.1287011448874855,6.654381084840056,476,3,75,0.5,0.5,0.5,stochastic,stochastic,stochastic,0.01
1564,2597,1464,0.6891358985521081,0.6709964589758535,0.6653610457453096,7.748721227621483,7.307662687716596,6.554644808743169,477,3,75,0.5,0.5,0.5,stochastic,stochastic,stochastic,0.01
1482,2611,1532,0.6908417278009483,0.6727349534953264,0.6670686210681958,7.58029689608637,7.513596323247798,6.412532637075718,478,3,75,0.5,0.5,0.5,stochastic,stochastic,stochastic,0.01
1414,2584,1627,0.692640920816716,0.6728907101514117,0.6702407511988513,7.427864214992928,7.708204334365325,6.125384142593731,479,3,75,0.5,0.5,0.5,stochastic,stochastic,stochastic,0.01
1353,2536,1736,0.6946701338638436,0.6743461840596708,0.6727849228202828,7.339985218033998,7.986593059936909,6.133064516129032,480,3,75,0.5,0.5,0.5,stochastic,stochastic,stochastic,0.01
1322,2508,1795,0.6954783856351869,0.6764739034595951,0.6743149793749494,7.154311649016641,8.247208931419458,6.124233983286908,481,3,75,0.5,0.5,0.5,stochastic,stochastic,stochastic,0.01
1257,2487,1881,0.6947895019455572,0.6781467475273116,0.6753173506769398,7.092283214001591,8.398069963811821,6.211057947900053,482,3,75,0.5,0.5,0.5,stochastic,stochastic,stochastic,0.01
1213,2399,2013,0.6958214322045421,0.6789767479473119,0.6763061101122659,6.92085737840066,8.463109629012088,6.194237456532538,483,3,75,0.5,0.5,0.5,stochastic,stochastic,stochastic,0.01
1210,2278,2137,0.6953236434185258,0.6793462260071108,0.6792684737719386,6.642148760330579,8.562774363476734,6.175011698642957,484,3,75,0.5,0.5,0.5,stochastic,stochastic,stochastic,0.01
1223,2132,2270,0.6955125624034454,0.6783844967531875,0.6813927330301857,6.583810302534751,8.772045028142589,6.290308370044053,485,3,75,0.5,0.5,0.5,stochastic,stochastic,stochastic,0.01
1242,2018,2365,0.6974947628862344,0.6774958951117462,0.6795550212054746,6.443639291465378,8.753221010901884,6.4837209302325585,486,3,75,0.5,0.5,0.5,stochastic,stochastic,stochastic,0.01
1287,1919,2419,0.6980499240182141,0.6784100892975653,0.678334386478035,6.031080031080031,8.68108389786347,6.646548160396859,487,3,75,0.5,0.5,0.5,stochastic,stochastic,stochastic,0.01
1354,1791,2480,0.6994893513612102,0.6780874984649332,0.6781884702839072,5.912850812407681,8.745393634840871,6.821774193548387,488,3,75,0.5,0.5,0.5,stochastic,stochastic,stochastic,0.01
1427,1677,2521,0.7019068145638543,0.6779403847899643,0.6777645731309115,5.800981079187106,8.665474060822898,6.990876636255454,489,3,75,0.5,0.5,0.5,stochastic,stochastic,stochastic,0.01
1502,1600,2523,0.7013394178876644,0.6784499665852651,0.6784492449582027,5.770972037283622,8.67,7.16884661117717,490,3,75,0.5,0.5,0.5,stochastic,stochastic,stochastic,0.01
1612,1468,2545,0.7031750683912703,0.678212468439977,0.6780489468897632,5.8318858560794045,8.638964577656676,7.396463654223969,491,3,75,0.5,0.5,0.5,stochastic,stochastic,stochastic,0.01
1720,1410,2495,0.7034558347511574,0.6778569109501172,0.6762293518505884,5.809302325581395,8.353900709219857,7.603206412825651,492,3,75,0.5,0.5,0.5,stochastic,stochastic,stochastic,0.01
1842,1371,2412,0.7042400957465264,0.6777777604390587,0.6763892997653227,5.754071661237785,7.9569657184536835,7.814262023217247,493,3,75,0.5,0.5,0.5,stochastic,stochastic,stochastic,0.01
1913,1344,2368,0.7045110852634328,0.6775226235266901,0.6757064356104139,5.89231573444851,7.654017857142857,8.084881756756756,494,3,75,0.5,0.5,0.5,stochastic,stochastic,stochastic,0.01
1995,1337,2293,0.7045426022015886,0.6810167872096855,0.6748813591972062,5.965413533834586,7.253552729992521,8.217618839947667,495,3,75,0.5,0.5,0.5,stochastic,stochastic,stochastic,0.01
2115,1349,2161,0.7057204555536035,0.6827186518348943,0.6738966958823889,6.006619385342789,7.055596738324685,8.406293382693198,496,3,75,0.5,0.5,0.5,stochastic,stochastic,stochastic,0.01
2183,1345,2097,0.7065825726041208,0.6820496777438507,0.6737918186403686,6.190105359596885,6.70631970260223,8.493562231759658,497,3,75,0.5,0.5,0.5,stochastic,stochastic,stochastic,0.01
2269,1364,1992,0.707159621255285,0.685442809442528,0.6739902406192071,6.3261348611723225,6.305718475073314,8.622991967871487,498,3,75,0.5,0.5,0.5,stochastic,stochastic,stochastic,0.01
2375,1396,1854,0.7066675704446198,0.6895335918915798,0.6739132393073181,6.447157894736842,6.25,8.708198489751888,499,3,75,0.5,0.5,0.5,stochastic,stochastic,stochastic,0.01
2431,1408,1786,0.7073263049028192,0.689997939773961,0.6741977626135596,6.684903331962156,6.174005681818182,8.738521836506159,500,3,75,0.5,0.5,0.5,stochastic,stochastic,stochastic,0.01
2471,1469,1685,0.707055309294967,0.6890064624090247,0.6751826422904985,6.877782274382841,6.044928522804629,8.821958456973293,501,3,75,0.5,0.5,0.5,stochastic,stochastic,stochastic,0.01
2458,1549,1618,0.7074936686980399,0.6854212050739248,0.674721482984973,7.045565500406835,5.934151065203357,8.703337453646476,502,3,75,0.5,0.5,0.5,stochastic,stochastic,stochastic,0.01
2460,1620,1545,0.7079544704849368,0.682900463818508,0.6754304822920596,7.222357723577236,5.938271604938271,8.432362459546926,503,3,75,0.5,0.5,0.5,stochastic,stochastic,stochastic,0.01
2417,1723,1485,0.7090335958184446,0.6852064835200363,0.6782693083867465,7.46793545717832,5.955890887986071,8.42020202020202,504,3,75,0.5,0.5,0.5,stochastic,stochastic,stochastic,0.01
2346,1817,1462,0.7105530835843724,0.68127936485957,0.681455824589453,7.6705029838022165,5.941111722619703,8.242134062927496,505,3,75,0.5,0.5,0.5,stochastic,stochastic,stochastic,0.01
2316,1894,1415,0.7126589224250548,0.678879635061521,0.6835875633439769,7.737478411053541,6.040654699049631,7.9731448763250885,506,3,75,0.5,0.5,0.5,stochastic,stochastic,stochastic,0.01
2268,1998,1359,0.7174514806707614,0.676805607855067,0.6871652833751737,7.806878306878307,6.163663663663663,7.724797645327446,507,3,75,0.5,0.5,0.5,stochastic,stochastic,stochastic,0.01
2179,2087,1359,0.720026828885934,0.6764929491109152,0.691136826621536,7.970169802661771,6.31528509822712,7.555555555555555,508,3,75,0.5,0.5,0.5,stochastic,stochastic,stochastic,0.01
2074,2195,1356,0.7221770598577892,0.6771554917331619,0.6968050413065188,8.047733847637415,6.35626423690205,7.283923303834809,509,3,75,0.5,0.5,0.5,stochastic,stochastic,stochastic,0.01
1988,2275,1362,0.7244223257535471,0.6771025735637042,0.701388258681398,8.175050301810865,6.593406593406593,7.0881057268722465,510,3,75,0.5,0.5,0.5,stochastic,stochastic,stochastic,0.01
1908,2319,1398,0.7247338038601076,0.6768834809307029,0.7070352175673512,8.20649895178197,6.815437688658904,6.868383404864091,511,3,75,0.5,0.5,0.5,stochastic,stochastic,stochastic,0.01
1802,2388,1435,0.7254688743407498,0.6776979006857824,0.7093211317406631,8.310765815760266,6.973618090452261,6.83205574912892,512,3,75,0.5,0.5,0.5,stochastic,stochastic,stochastic,0.01
1720,2417,1488,0.7249412377019107,0.6782987574087843,0.7111247488102008,8.456395348837209,7.184526272238312,6.721102150537634,513,3,75,0.5,0.5,0.5,stochastic,stochastic,stochastic,0.01
1643,2468,1514,0.727658286377633,0.6794366007327479,0.7144650846412183,8.267194157029824,7.304700162074554,6.655878467635403,514,3,75,0.5,0.5,0.5,stochastic,stochastic,stochastic,0.01
1583,2471,1571,0.7294641493509776,0.6795245288204196,0.716671456673205,8.027163613392293,7.486038041278834,6.4366645448758755,515,3,75,0.5,0.5,0.5,stochastic,stochastic,stochastic,0.01
1564,2430,1631,0.7305211823361463,0.6787593018968106,0.7201108634927349,7.851023017902813,7.724279835390947,6.269160024524831,516,3,75,0.5,0.5,0.5,stochastic,stochastic,stochastic,0.01
1539,2376,1710,0.7277200530167498,0.6813558688330215,0.723649176884792,7.679012345679013,7.88510101010101,6.091228070175439,517,3,75,0.5,0.5,0.5,stochastic,stochastic,stochastic,0.01
1524,2352,1749,0.72954821179607,0.6828097243760017,0.7227267960949534,7.595800524934384,8.078231292517007,6.1629502572898796,518,3,75,0.5,0.5,0.5,stochastic,stochastic,stochastic,0.01
1532,2296,1797,0.7280892897420088,0.6838964904397064,0.724266812511548,7.364882506527415,8.241289198606271,6.150250417362271,519,3,75,0.5,0.5,0.5,stochastic,stochastic,stochastic,0.01
1518,2263,1844,0.725214474772612,0.6854360542976854,0.7246059955045471,7.216732542819499,8.266018559434379,6.168112798264642,520,3,75,0.5,0.5,0.5,stochastic,stochastic,stochastic,0.01
1477,2232,1916,0.7250669602061617,0.6845266565207143,0.725070359770057,7.125930941096818,8.307347670250897,6.304279749478079,521,3,75,0.5,0.5,0.5,stochastic,stochastic,stochastic,0.01
1469,2180,1976,0.7206340147456877,0.6864056573921073,0.7243508829778114,7.049012933968686,8.397706422018349,6.433198380566802,522,3,75,0.5,0.5,0.5,stochastic,stochastic,stochastic,0.01
1464,2144,2017,0.7165269423880557,0.6882090669963741,0.722580206246442,6.883879781420765,8.435167910447761,6.472979672781358,523,3,75,0.5,0.5,0.5,stochastic,stochastic,stochastic,0.01
1524,2034,2067,0.7158111663709253,0.6878686292501489,0.7237168090701915,6.582677165354331,8.422320550639135,6.324141267537494,524,3,75,0.5,0.5,0.5,stochastic,stochastic,stochastic,0.01
1583,1927,2115,0.7146392966685491,0.6881768975925336,0.7237506271017015,6.274794693619709,8.483134405812143,6.208983451536643,525,3,75,0.5,0.5,0.5,stochastic,stochastic,stochastic,0.01
1601,1854,2170,0.7162815178707463,0.6895899306438698,0.7244236815369394,6.1605246720799505,8.435275080906148,6.326267281105991,526,3,75,0.5,0.5,0.5,stochastic,stochastic,stochastic,0.01
1693,1699,2233,0.7172258357544781,0.6901222918569089,0.7241117793160917,6.109864146485529,8.387875220718069,6.2369010300044785,527,3,75,0.5,0.5,0.5,stochastic,stochastic,stochastic,0.01
1789,1598,2238,0.7188501224925986,0.6895236861372303,0.7262510504770808,6.119619899385131,8.304130162703379,6.268543342269884,528,3,75,0.5,0.5,0.5,stochastic,stochastic,stochastic,0.01
1869,1537,2219,0.7226608942963318,0.6898097028895411,0.7253053176573877,6.112894596040664,7.975927130774235,6.4398377647589005,529,3,75,0.5,0.5,0.5,stochastic,stochastic,stochastic,0.01
1915,1518,2192,0.7227378677940213,0.6933285882159668,0.7248678798279092,6.195300261096606,7.463768115942029,6.601733576642336,530,3,75,0.5,0.5,0.5,stochastic,stochastic,stochastic,0.01
2017,1506,2102,0.7244590608707205,0.6952832893474316,0.72266500778754,6.202776400594943,7.084329349269589,6.814462416745957,531,3,75,0.5,0.5,0.5,stochastic,stochastic,stochastic,0.01
2056,1536,2033,0.7250786070386099,0.6995559941989749,0.7222336058441597,6.301556420233463,6.733723958333333,6.996556812592228,532,3,75,0.5,0.5,0.5,stochastic,stochastic,stochastic,0.01
2071,1572,1982,0.725447611660413,0.704047295305157,0.7233073368746482,6.416706904876871,6.489821882951654,7.194248234106962,533,3,75,0.5,0.5,0.5,stochastic,stochastic,stochastic,0.01
2066,1627,1932,0.7260472108545122,0.7082063863185335,0.7247080844714665,6.558567279767667,6.304240934234788,7.327639751552795,534,3,75,0.5,0.5,0.5,stochastic,stochastic,stochastic,0.01
2057,1656,1912,0.729540130863265,0.71270061438129,0.728492848817752,6.586290714632961,6.053743961352657,7.292364016736402,535,3,75,0.5,0.5,0.5,stochastic,stochastic,stochastic,0.01
2042,1730,1853,0.7332224736892597,0.7140602317693283,0.7313224615273515,6.538197845249755,5.946242774566474,7.374527792768483,536,3,75,0.5,0.5,0.5,stochastic,stochastic,stochastic,0.01
2012,1842,1771,0.7350864484007328,0.7170753091392158,0.7324391987385769,6.569582504970179,5.837676438653637,7.428571428571429,537,3,75,0.5,0.5,0.5,stochastic,stochastic,stochastic,0.01
1991,1954,1680,0.7407277584611932,0.7174096616055317,0.7353281389239301,6.502260170768458,5.839815762538382,7.422023809523809,538,3,75,0.5,0.5,0.5,stochastic,stochastic,stochastic,0.01
1992,2014,1619,0.7442462492625564,0.7205745740225432,0.7404326038110199,6.484939759036145,6.008937437934459,7.287831995058678,539,3,75,0.5,0.5,0.5,stochastic,stochastic,stochastic,0.01
2005,2067,1553,0.7488192147437248,0.7221173014517772,0.7428532013660519,6.244887780548629,6.161103047895501,6.98518995492595,540,3,75,0.5,0.5,0.5,stochastic,stochastic,stochastic,0.01
1954,2107,1564,0.7515222360320205,0.7234037250884581,0.746412919127913,6.325486182190379,6.317513051732321,6.739769820971867,541,3,75,0.5,0.5,0.5,stochastic,stochastic,stochastic,0.01
1937,2104,1584,0.7564757618049459,0.7248019001273557,0.7492044758214486,6.304594734124936,6.441539923954372,6.327651515151516,542,3,75,0.5,0.5,0.5,stochastic,stochastic,stochastic,0.01
1912,2093,1620,0.7583430618617539,0.7252294548675223,0.7533938576819539,6.312761506276151,6.4696607740086005,6.022222222222222,543,3,75,0.5,0.5,0.5,stochastic,stochastic,stochastic,0.01
1869,2088,1668,0.7579625189770373,0.7245395101984902,0.7555587893386713,6.372926698769396,6.548371647509579,5.748201438848921,544,3,75,0.5,0.5,0.5,stochastic,stochastic,stochastic,0.01
1818,2073,1734,0.7595226920616854,0.723594004183996,0.7566369761481972,6.414191419141914,6.488181379643029,5.540945790080738,545,3,75,0.5,0.5,0.5,stochastic,stochastic,stochastic,0.01
1786,2065,1774,0.7596176195613148,0.7238302615643927,0.7561298254965049,6.3908174692049275,6.531234866828087,5.444757609921083,546,3,75,0.5,0.5,0.5,stochastic,stochastic,stochastic,0.01
1789,2059,1777,0.7603292389658163,0.7243964189797366,0.7572758514778029,6.375069871436557,6.629431762991744,5.51266178953292,547,3,75,0.5,0.5,0.5,stochastic,stochastic,stochastic,0.01
1760,2041,1824,0.7626766292430112,0.7221232838881094,0.7609136615667572,6.318181818181818,6.562469377756002,5.504385964912281,548,3,75,0.5,0.5,0.5,stochastic,stochastic,stochastic,0.01
1775,1995,1855,0.7639192811869792,0.7202251156532511,0.761659422044817,6.303098591549296,6.585964912280701,5.549865229110512,549,3,75,0.5,0.5,0.5,stochastic,stochastic,stochastic,0.01
1760,1980,1885,0.7622438449683132,0.7183032973006734,0.7622974778546502,6.3784090909090905,6.513636363636364,5.623342175066313,550,3,75,0.5,0.5,0.5,stochastic,stochastic,stochastic,0.01
1748,1985,1892,0.7646265020622377,0.7192000619053688,0.7628071216020262,6.279176201372998,6.441309823677582,5.734143763213531,551,3,75,0.5,0.5,0.5,stochastic,stochastic,stochastic,0.01
1740,1980,1905,0.7629303305070203,0.7178092830717714,0.7628445827533608,6.205172413793103,6.49949494949495,5.913910761154856,552,3,75,0.5,0.5,0.5,stochastic,stochastic,stochastic,0.01
1790,1933,1902,0.7652708575757332,0.7170833762549208,0.7662375974783731,6.14413407821229,6.583548887739266,5.9705573080967405,553,3,75,0.5,0.5,0.5,stochastic,stochastic,stochastic,0.01
1798,1916,1911,0.7650510669892723,0.7137778550433254,0.7689023054008014,6.019466073414906,6.579853862212944,5.991627420198848,554,3,75,0.5,0.5,0.5,stochastic,stochastic,stochastic,0.01
1864,1859,1902,0.7660131117503282,0.7135648934250828,0.7726992825825758,5.940450643776824,6.6998386229155455,5.996845425867508,555,3,75,0.5,0.5,0.5,stochastic,stochastic,stochastic,0.01
1889,1868,1868,0.7628926955051285,0.7140119801371677,0.7749242493669709,5.888830068819481,6.671841541755889,6.111884368308351,556,3,75,0.5,0.5,0.5,stochastic,stochastic,stochastic,0.01
1926,1847,1852,0.7610272563532715,0.7172236801991648,0.7795472947955469,5.9953271028037385,6.66323768272875,6.1414686825053995,557,3,75,0.5,0.5,0.5,stochastic,stochastic,stochastic,0.01
1965,1870,1790,0.7621891480694961,0.7205371456027228,0.7806041535321507,6.008142493638677,6.766310160427808,6.29608938547486,558,3,75,0.5,0.5,0.5,stochastic,stochastic,stochastic,0.01
1953,1900,1772,0.7609823205822016,0.7237459556973981,0.7816876550053035,6.105990783410138,6.676315789473684,6.392212189616253,559,3,75,0.5,0.5,0.5,stochastic,stochastic,stochastic,0.01
1966,1918,1741,0.7603084491487869,0.7267968763892036,0.7815226151709126,6.015259409969481,6.669968717413973,6.342331993107409,560,3,75,0.5,0.5,0.5,stochastic,stochastic,stochastic,0.01
1961,1944,1720,0.7584665586105392,0.7285012425883283,0.7820328935670502,6.0780214176440595,6.566872427983539,6.449418604651163,561,3,75,0.5,0.5,0.5,stochastic,stochastic,stochastic,0.01
2005,1929,1691,0.758486766130298,0.7320428099745979,0.7814381916272388,6.126683291770574,6.613789528252981,6.391484328799527,562,3,75,0.5,0.5,0.5,stochastic,stochastic,stochastic,0.01
2031,1930,1664,0.7584297787287043,0.7354606586906001,0.7822423128824926,6.145741014278681,6.630569948186529,6.367788461538462,563,3,75,0.5,0.5,0.5,stochastic,stochastic,stochastic,0.01
2029,1973,1623,0.7597163175488948,0.7419324896201612,0.781248804318795,6.116313454903893,6.508362899138368,6.406654343807763,564,3,75,0.5,0.5,0.5,stochastic,stochastic,stochastic,0.01
1976,2040,1609,0.7594060865082184,0.7486849334194224,0.780101598854751,6.083502024291498,6.402450980392157,6.298321939092604,565,3,75,0.5,0.5,0.5,stochastic,stochastic,stochastic,0.01
1932,2084,1609,0.7594916575967293,0.7529058042118018,0.7785675626088902,6.201863354037267,6.378598848368522,6.170913610938471,566,3,75,0.5,0.5,0.5,stochastic,stochastic,stochastic,0.01
1864,2126,1635,0.761593733213152,0.7565252800600928,0.7799894075791786,6.289163090128755,6.402634054562559,6.144954128440367,567,3,75,0.5,0.5,0.5,stochastic,stochastic,stochastic,0.01
1806,2162,1657,0.7611092764316163,0.759151376010584,0.7797752204543189,6.232558139534884,6.4315448658649395,5.980687990343995,568,3,75,0.5,0.5,0.5,stochastic,stochastic,stochastic,0.01
1739,2190,1696,0.760540949323391,0.7592257502378953,0.7795129253234235,6.259919493962047,6.465296803652968,6.03066037735849,569,3,75,0.5,0.5,0.5,stochastic,stochastic,stochastic,0.01
1702,2145,1778,0.760160958938413,0.7627397457073454,0.7775169465471856,6.404230317273796,6.612587412587413,5.853205849268841,570,3,75,0.5,0.5,0.5,stochastic,stochastic,stochastic,0.01
1659,2086,1880,0.7610891231585981,0.7628219107594103,0.7760989320658984,6.520192887281495,6.600191754554171,5.721808510638298,571,3,75,0.5,0.5,0.5,stochastic,stochastic,stochastic,0.01
1679,1987,1959,0.7609584175512573,0.7644357851113865,0.7742287960234097,6.488981536628946,6.7221942627076,5.709545686574783,572,3,75,0.5,0.5,0.5,stochastic,stochastic,stochastic,0.01
1701,1902,2022,0.7603509075927215,0.7649599083976706,0.771538780002342,6.58259847148736,6.76813880126183,5.669139465875371,573,3,75,0.5,0.5,0.5,stochastic,stochastic,stochastic,0.01
1718,1828,2079,0.7589564516890063,0.763962884379869,0.7696756559318209,6.5977881257275905,6.677242888402626,5.807599807599807,574,3,75,0.5,0.5,0.5,stochastic,stochastic,stochastic,0.01
1782,1715,2128,0.7588586954944804,0.7647761915698318,0.770435540173864,6.547138047138047,6.726530612244898,5.798402255639098,575,3,75,0.5,0.5,0.5,stochastic,stochastic,stochastic,0.01
1854,1649,2122,0.7588002903996026,0.7637275696776151,0.7729797091096186,6.529665587918015,6.856276531231049,6.005655042412818,576,3,75,0.5,0.5,0.5,stochastic,stochastic,stochastic,0.01
1853,1633,2139,0.7579129981376665,0.7612566701474989,0.7733909239176731,6.649757150566649,6.785058175137784,6.31369798971482,577,3,75,0.5,0.5,0.5,stochastic,stochastic,stochastic,0.01
1848,1636,2141,0.7576971409797084,0.7566824416786126,0.7734606917308273,6.667748917748917,6.504278728606357,6.541335824381131,578,3,75,0.5,0.5,0.5,stochastic,stochastic,stochastic,0.01
1831,1633,2161,0.7577899281276345,0.7523866070390279,0.7723484931701335,6.737848170398689,6.338028169014085,6.777417862100879,579,3,75,0.5,0.5,0.5,stochastic,stochastic,stochastic,0.01
1858,1625,2142,0.7580586076538695,0.7527843066193374,0.7727550750791669,6.6367061356297095,6.140307692307692,6.92436974789916,580,3,75,0.5,0.5,0.5,stochastic,stochastic,stochastic,0.01
1865,1649,2111,0.7599924023621057,0.7525531357619083,0.7727039724906859,6.583914209115282,6.107944208611279,7.166271909047845,581,3,75,0.5,0.5,0.5,stochastic,stochastic,stochastic,0.01
1898,1660,2067,0.7605143100118569,0.7534771839155399,0.773780283495469,6.500526870389884,6.11566265060241,7.353652636671504,582,3,75,0.5,0.5,0.5,stochastic,stochastic,stochastic,0.01
1935,1613,2077,0.7626398245214516,0.7530838918138643,0.7751582206554897,6.498708010335918,6.153130812151271,7.40346653827636,583,3,75,0.5,0.5,0.5,stochastic,stochastic,stochastic,0.01
1911,1612,2102,0.7627377419001485,0.7512713216518708,0.7771119437690425,6.574045002616431,5.930521091811414,7.480494766888677,584,3,75,0.5,0.5,0.5,stochastic,stochastic,stochastic,0.01
1928,1603,2094,0.7632439067962313,0.7529750502238287,0.7809296549692283,6.441908713692946,5.830941983780412,7.414517669531996,585,3,75,0.5,0.5,0.5,stochastic,stochastic,stochastic,0.01
1941,1628,2056,0.7648375108733183,0.7534902772546378,0.7842162550918071,6.419886656362699,5.801597051597051,7.559338521400778,586,3,75,0.5,0.5,0.5,stochastic,stochastic,stochastic,0.01
1967,1634,2024,0.7670351373326527,0.7539803286600487,0.7873253144829697,6.335536349771226,5.752141982864137,7.574604743083004,587,3,75,0.5,0.5,0.5,stochastic,stochastic,stochastic,0.01
1975,1675,1975,0.767015722728898,0.7548269507074181,0.7884612963006704,6.343291139240506,5.7701492537313435,7.552405063291139,588,3,75,0.5,0.5,0.5,stochastic,stochastic,stochastic,0.01
2011,1687,1927,0.7687055576836829,0.7573768174083775,0.7905257258457976,6.259075087021382,5.73325429756965,7.568240788790867,589,3,75,0.5,0.5,0.5,stochastic,stochastic,stochastic,0.01
2086,1675,1864,0.7712903689273215,0.7592929678245168,0.7935125692973723,6.278044103547459,5.727164179104477,7.522532188841201,590,3,75,0.5,0.5,0.5,stochastic,stochastic,stochastic,0.01
2141,1691,1793,0.7724878827036653,0.762452753753111,0.7961496664555368,6.197104156936011,5.706682436428149,7.290574456218628,591,3,75,0.5,0.5,0.5,stochastic,stochastic,stochastic,0.01
2134,1742,1749,0.7716246001392927,0.7649274014219496,0.7980338594345314,6.2975632614807875,5.698622273249139,7.057747284162378,592,3,75,0.5,0.5,0.5,stochastic,stochastic,stochastic,0.01
2085,1787,1753,0.7704019636374922,0.769116071769567,0.7969309743476015,6.4618705035971225,5.647453833240067,6.817455790074159,593,3,75,0.5,0.5,0.5,stochastic,stochastic,stochastic,0.01
2052,1821,1752,0.7694164380971154,0.7705041596618887,0.7969563410068072,6.576998050682262,5.674903898956617,6.615296803652968,594,3,75,0.5,0.5,0.5,stochastic,stochastic,stochastic,0.01
2044,1829,1752,0.7691452234367702,0.7699859306577116,0.7951071541893328,6.538160469667319,5.6391470749043195,6.324771689497717,595,3,75,0.5,0.5,0.5,stochastic,stochastic,stochastic,0.01
2000,1857,1768,0.7672896014985406,0.7687689763722073,0.7942678862101391,6.6125,5.644588045234249,6.147058823529412,596,3,75,0.5,0.5,0.5,stochastic,stochastic,stochastic,0.01
1992,1871,1762,0.7657319000024525,0.7660384944317811,0.7945732302713973,6.626506024096385,5.676643506146446,6.1577752553916,597,3,75,0.5,0.5,0.5,stochastic,stochastic,stochastic,0.01
1985,1892,1748,0.7638214020033892,0.7664988223328059,0.7959414406901556,6.708312342569269,5.7854122621564485,6.172768878718536,598,3,75,0.5,0.5,0.5,stochastic,stochastic,stochastic,0.01
1988,1874,1763,0.7631538710015825,0.7677279058381039,0.797246874231188,6.591046277665996,5.830309498399147,6.064095292115712,599,3,75,0.5,0.5,0.5,stochastic,stochastic,stochastic,0.01
2007,1862,1756,0.7621098838075218,0.7664694449633058,0.7985618807811569,6.554559043348281,5.922663802363051,6.055239179954442,600,3,75,0.5,0.5,0.5,stochastic,stochastic,stochastic,0.01
1974,1893,1758,0.762947658210373,0.7622483689195558,0.7999092444237736,6.623100303951368,5.9355520338087695,6.008532423208191,601,3,75,0.5,0.5,0.5,stochastic,stochastic,stochastic,0.01
1911,1949,1765,0.7628459649703987,0.7611329120341237,0.7991032955717673,6.66771323914181,5.920472036942021,6.0980169971671385,602,3,75,0.5,0.5,0.5,stochastic,stochastic,stochastic,0.01
1863,1946,1816,0.7613101078659588,0.7586236419290431,0.8001591092456017,6.656468062265164,5.844295991778006,6.044603524229075,603,3,75,0.5,0.5,0.5,stochastic,stochastic,stochastic,0.01
1841,1978,1806,0.7628748561749329,0.7592564499655573,0.8018894453814235,6.610537751222162,5.874620829120324,6.078626799557032,604,3,75,0.5,0.5,0.5,stochastic,stochastic,stochastic,0.01
1836,2046,1743,0.7621205898359972,0.7598264948344113,0.801791065632244,6.3088235294117645,5.91446725317693,6.038439472174412,605,3,75,0.5,0.5,0.5,stochastic,stochastic,stochastic,0.01
1840,2076,1709,0.7594417842177817,0.7596697793933079,0.7995166532179299,6.135869565217392,5.955684007707129,5.986541837331773,606,3,75,0.5,0.5,0.5,stochastic,stochastic,stochastic,0.01
1827,2088,1710,0.7619206690737221,0.7610825623859404,0.7986641853938293,5.9655172413793105,5.973180076628353,5.863157894736842,607,3,75,0.5,0.5,0.5,stochastic,stochastic,stochastic,0.01
1812,2096,1717,0.7608975072267542,0.7636050292121616,0.7987702118455844,5.828366445916115,6.061545801526718,5.7233546884100175,608,3,75,0.5,0.5,0.5,stochastic,stochastic,stochastic,0.01
1844,2033,1748,0.7593357164033527,0.7655677805001446,0.8008733399624763,5.744577006507592,6.141170683718642,5.630434782608695,609,3,75,0.5,0.5,0.5,stochastic,stochastic,stochastic,0.01
1879,2015,1731,0.7594174462770351,0.7683892942383256,0.7996148896823676,5.640766365087813,6.1424317617866,5.409012131715771,610,3,75,0.5,0.5,0.5,stochastic,stochastic,stochastic,0.01
1899,1982,1744,0.7577629643175574,0.770487551834157,0.7994131872459829,5.630331753554502,6.200302724520686,5.35091743119266,611,3,75,0.5,0.5,0.5,stochastic,stochastic,stochastic,0.01
1898,1943,1784,0.760686775344558,0.7722337825942823,0.8033068836546207,5.709167544783983,6.2665980442614515,5.269618834080718,612,3,75,0.5,0.5,0.5,stochastic,stochastic,stochastic,0.01
1906,1868,1851,0.760116351093379,0.7716937761264298,0.805609600500761,5.882476390346275,6.322269807280514,5.209076175040519,613,3,75,0.5,0.5,0.5,stochastic,stochastic,stochastic,0.01
1910,1860,1855,0.7606152721230006,0.7710624623112576,0.8067360721968734,5.967015706806283,6.19247311827957,5.198382749326146,614,3,75,0.5,0.5,0.5,stochastic,stochastic,stochastic,0.01
1853,1876,1896,0.759833486731424,0.7710930066299677,0.8083950822487874,6.02266594711279,6.073560767590618,5.27795358649789,615,3,75,0.5,0.5,0.5,stochastic,stochastic,stochastic,0.01
1819,1837,1969,0.7571117513728882,0.7680912888738585,0.8103057114517406,6.14238592633315,6.00870985302123,5.27729812087354,616,3,75,0.5,0.5,0.5,stochastic,stochastic,stochastic,0.01
1780,1810,2035,0.7587328771632337,0.7691935081585894,0.8111244665279178,6.152247191011236,5.797790055248619,5.4211302211302215,617,3,75,0.5,0.5,0.5,stochastic,stochastic,stochastic,0.01
1752,1793,2080,0.7607664609788849,0.7688373587004526,0.8128581312876065,6.157534246575342,5.672615727830451,5.599519230769231,618,3,75,0.5,0.5,0.5,stochastic,stochastic,stochastic,0.01
1749,1804,2072,0.7658052386103561,0.7674747119227842,0.8144848568353289,5.889651229273871,5.53769401330377,5.667953667953668,619,3,75,0.5,0.5,0.5,stochastic,stochastic,stochastic,0.01
1829,1770,2026,0.7674471046624943,0.7688426892706538,0.8153557403344178,5.733734281027884,5.545762711864406,5.764560710760119,620,3,75,0.5,0.5,0.5,stochastic,stochastic,stochastic,0.01
1915,1740,1970,0.7693882558607078,0.7681618875575885,0.8148898403923021,5.506527415143603,5.584482758620689,5.8076142131979696,621,3,75,0.5,0.5,0.5,stochastic,stochastic,stochastic,0.01
1989,1724,1912,0.7698414704543115,0.7692365668757164,0.8147782009055855,5.528406234288587,5.669953596287703,5.912133891213389,622,3,75,0.5,0.5,0.5,stochastic,stochastic,stochastic,0.01
2055,1733,1837,0.770914553374301,0.7712557686299937,0.8148657780922614,5.43941605839416,5.670513560300058,5.968426782798041,623,3,75,0.5,0.5,0.5,stochastic,stochastic,stochastic,0.01
2133,1733,1759,0.7718700888920026,0.771261669850288,0.8147891046622902,5.329582747304267,5.683208309290248,5.8470722001137005,624,3,75,0.5,0.5,0.5,stochastic,stochastic,stochastic,0.01
2150,1756,1719,0.7710411686109864,0.7709782055091297,0.8155881546407288,5.422325581395349,5.743166287015946,5.780104712041885,625,3,75,0.5,0.5,0.5,stochastic,stochastic,stochastic,0.01
2154,1773,1698,0.7681943240271278,0.7741154766296022,0.8165689597367325,5.590064995357475,5.755781161872532,5.65017667844523,626,3,75,0.5,0.5,0.5,stochastic,stochastic,stochastic,0.01
2174,1766,1685,0.7667891541481121,0.7756466823001429,0.8163882764636834,5.706531738730451,5.747451868629671,5.467062314540059,627,3,75,0.5,0.5,0.5,stochastic,stochastic,stochastic,0.01
2110,1813,1702,0.7662958354907581,0.7770414440136667,0.8162478657004896,5.987677725118483,5.663541092112521,5.554054054054054,628,3,75,0.5,0.5,0.5,stochastic,stochastic,stochastic,0.01
2108,1798,1719,0.7662561951337159,0.7807510113548342,0.8169340787766358,6.205882352941177,5.597886540600667,5.461314717859221,629,3,75,0.5,0.5,0.5,stochastic,stochastic,stochastic,0.01
2050,1797,1778,0.7637778248396451,0.7839822149329958,0.8195379409879232,6.441463414634146,5.401224262659989,5.480877390326209,630,3,75,0.5,0.5,0.5,stochastic,stochastic,stochastic,0.01
2002,1831,1792,0.760631882069995,0.7848091305808065,0.8200059933030233,6.520979020979021,5.388312397596941,5.558035714285714,631,3,75,0.5,0.5,0.5,stochastic,stochastic,stochastic,0.01
1916,1876,1833,0.7584985540023943,0.7891286551430152,0.8211586844907617,6.652922755741128,5.306503198294243,5.659574468085107,632,3,75,0.5,0.5,0.5,stochastic,stochastic,stochastic,0.01
1882,1893,1850,0.7575318276554215,0.7883228109982825,0.8207105848531225,6.79489904357067,5.475435816164818,5.720540540540541,633,3,75,0.5,0.5,0.5,stochastic,stochastic,stochastic,0.01
1857,1876,1892,0.757899360990524,0.7866208976102318,0.8225527847217858,6.778675282714055,5.622601279317697,5.726215644820296,634,3,75,0.5,0.5,0.5,stochastic,stochastic,stochastic,0.01
1811,1855,1959,0.7581285421194318,0.786885687775277,0.8230182732274944,6.683048039757041,5.6727762803234505,5.786115364982134,635,3,75,0.5,0.5,0.5,stochastic,stochastic,stochastic,0.01
1805,1858,1962,0.7617009724271857,0.787976907335135,0.824367577203737,6.531855955678671,5.689989235737352,5.92354740061162,636,3,75,0.5,0.5,0.5,stochastic,stochastic,stochastic,0.01
1845,1781,1999,0.7640376822955794,0.786473397152271,0.8243637543704007,6.415718157181572,5.845592363840539,5.993496748374187,637,3,75,0.5,0.5,0.5,stochastic,stochastic,stochastic,0.01
1884,1726,2015,0.7684999762501877,0.7844683711369949,0.8246924946446412,6.334925690021231,5.9351100811123985,5.995533498759305,638,3,75,0.5,0.5,0.5,stochastic,stochastic,stochastic,0.01
1864,1720,2041,0.7719722650143978,0.7848254793460269,0.8268735271890584,6.329935622317596,5.834883720930232,6.06859382655561,639,3,75,0.5,0.5,0.5,stochastic,stochastic,stochastic,0.01
1899,1700,2026,0.7719729704588035,0.7836196357897137,0.8289682426431076,6.167456556082149,5.785882352941177,6.081441263573544,640,3,75,0.5,0.5,0.5,stochastic,stochastic,stochastic,0.01
1921,1701,2003,0.7744037862061234,0.782744167983007,0.8313470814475484,5.947423217074441,5.747207524985303,6.0873689465801295,641,3,75,0.5,0.5,0.5,stochastic,stochastic,stochastic,0.01
1936,1716,1973,0.7765676263859862,0.7831791209998193,0.8335574310155356,5.880165289256198,5.716783216783217,6.115053218449062,642,3,75,0.5,0.5,0.5,stochastic,stochastic,stochastic,0.01
1992,1687,1946,0.7782243531047587,0.7810847407509559,0.8354355573690003,5.893574297188755,5.742738589211618,6.085817060637204,643,3,75,0.5,0.5,0.5,stochastic,stochastic,stochastic,0.01
2010,1675,1940,0.7781083389935922,0.783869258665304,0.8390568208156386,5.905970149253731,5.701492537313433,5.889175257731959,644,3,75,0.5,0.5,0.5,stochastic,stochastic,stochastic,0.01
2021,1700,1904,0.7770438443800941,0.7871751213889951,0.8424921295261231,5.936665017318159,5.655294117647059,5.930147058823529,645,3,75,0.5,0.5,0.5,stochastic,stochastic,stochastic,0.01
2061,1692,1872,0.777722269978894,0.7925341039097531,0.8450528104318183,6.000485201358564,5.642434988179669,5.911324786324786,646,3,75,0.5,0.5,0.5,stochastic,stochastic,stochastic,0.01
2082,1710,1833,0.7791148705640207,0.7967729695343032,0.8457871718132408,6.0350624399615755,5.5701754385964914,5.863066012002182,647,3,75,0.5,0.5,0.5,stochastic,stochastic,stochastic,0.01
2071,1692,1862,0.7784301833112991,0.7983828438747743,0.8451853853073966,6.051665861902462,5.398936170212766,5.674543501611171,648,3,75,0.5,0.5,0.5,stochastic,stochastic,stochastic,0.01
2002,1747,1876,0.7767753785272365,0.8031463976069573,0.8448032523140453,6.151848151848152,5.21751574127075,5.688166311300639,649,3,75,0.5,0.5,0.5,stochastic,stochastic,stochastic,0.01
1949,1820,1856,0.7785612127749184,0.8045601040461209,0.8435913496297115,6.061570035915854,5.184065934065934,5.745150862068965,650,3,75,0.5,0.5,0.5,stochastic,stochastic,stochastic,0.01
1945,1829,1851,0.7795382213378664,0.8044720122057563,0.8383389605050038,6.050899742930591,5.343357025697102,5.78011885467315,651,3,75,0.5,0.5,0.5,stochastic,stochastic,stochastic,0.01
1976,1883,1766,0.7811920642159881,0.8051580280710962,0.8365733961237933,5.883097165991903,5.528412108337759,5.863533408833522,652,3,75,0.5,0.5,0.5,stochastic,stochastic,stochastic,0.01
1971,1853,1801,0.7828758760132616,0.8028674458076156,0.8359190344766436,5.865043125317098,5.638424177010253,5.7623542476402,653,3,75,0.5,0.5,0.5,stochastic,stochastic,stochastic,0.01
2019,1812,1794,0.7828760011413246,0.8021520028460213,0.8341092098009644,5.9098563645369,5.800772626931567,5.702341137123746,654,3,75,0.5,0.5,0.5,stochastic,stochastic,stochastic,0.01
2086,1750,1789,0.7822693964245063,0.8008271151499924,0.8309186394104283,5.925215723873442,6.019428571428572,5.676355505869201,655,3,75,0.5,0.5,0.5,stochastic,stochastic,stochastic,0.01
2170,1708,1747,0.7835248054014422,0.8006911399768786,0.8298044764046353,5.985714285714286,6.194964871194379,5.563823697767601,656,3,75,0.5,0.5,0.5,stochastic,stochastic,stochastic,0.01
2189,1687,1749,0.7827574152652789,0.8043039351906272,0.8275654037149318,6.075833714024669,6.179016004742146,5.515151515151516,657,3,75,0.5,0.5,0.5,stochastic,stochastic,stochastic,0.01
2190,1686,1749,0.7847292953496497,0.8042522830664282,0.8271864211715206,6.302283105022831,6.138196915776987,5.546026300743282,658,3,75,0.5,0.5,0.5,stochastic,stochastic,stochastic,0.01
2168,1710,1747,0.7836122744658681,0.8050844312770287,0.8265811353095264,6.4142066420664205,5.964912280701754,5.571837435603892,659,3,75,0.5,0.5,0.5,stochastic,stochastic,stochastic,0.01
2132,1752,1741,0.7837272697008922,0.8078037083838435,0.8276732417212618,6.508911819887429,5.77796803652968,5.659391154508903,660,3,75,0.5,0.5,0.5,stochastic,stochastic,stochastic,0.01
2069,1824,1732,0.7829921542125993,0.8078868718179222,0.8283161770791119,6.664088931851135,5.462719298245614,5.637990762124711,661,3,75,0.5,0.5,0.5,stochastic,stochastic,stochastic,0.01
1972,1893,1760,0.7802058470975024,0.8107551980494694,0.8293609749558105,6.755070993914807,5.305863708399366,5.6909090909090905,662,3,75,0.5,0.5,0.5,stochastic,stochastic,stochastic,0.01
1903,1914,1808,0.7805133567386162,0.8118155407261787,0.8303315482194935,6.746190225959012,5.312434691745037,5.702986725663717,663,3,75,0.5,0.5,0.5,stochastic,stochastic,stochastic,0.01
1862,1964,1799,0.7808544331603926,0.8109614542438626,0.8304115440783709,6.616004296455424,5.375763747454175,5.902723735408561,664,3,75,0.5,0.5,0.5,stochastic,stochastic,stochastic,0.01
1793,1987,1845,0.7816657514011712,0.8105280496114144,0.8315524299919538,6.645844952593419,5.4167086059386005,5.939837398373983,665,3,75,0.5,0.5,0.5,stochastic,stochastic,stochastic,0.01
1709,2021,1895,0.7820211575095752,0.8102412057544917,0.8350825537999125,6.712697483908719,5.5160811479465615,6.056992084432718,666,3,75,0.5,0.5,0.5,stochastic,stochastic,stochastic,0.01
1710,2024,1891,0.7851743957605668,0.8109743278234771,0.8378467483798537,6.457309941520468,5.681818181818182,6.1893178212585935,667,3,75,0.5,0.5,0.5,stochastic,stochastic,stochastic,0.01
1685,2055,1885,0.7854628623601503,0.8097925501300969,0.8416208542048367,6.190504451038576,5.731873479318735,6.222811671087533,668,3,75,0.5,0.5,0.5,stochastic,stochastic,stochastic,0.01
1680,2079,1866,0.7869847040153847,0.8099135880103672,0.8459329586599896,5.904166666666667,5.875420875420875,6.30010718113612,669,3,75,0.5,0.5,0.5,stochastic,stochastic,stochastic,0.01
1674,2046,1905,0.788521827776262,0.8104040800038305,0.8502960051813921,5.731780167264038,5.947214076246334,6.103412073490814,670,3,75,0.5,0.5,0.5,stochastic,stochastic,stochastic,0.01
1667,1966,1992,0.7912012655134141,0.8081789438040641,0.8529217136282474,5.7120575884823035,6.0539165818921665,5.996485943775101,671,3,75,0.5,0.5,0.5,stochastic,stochastic,stochastic,0.01
1673,1886,2066,0.794784042407028,0.8066466687473667,0.8559672305105214,5.601912731619844,6.096500530222693,5.9351403678606,672,3,75,0.5,0.5,0.5,stochastic,stochastic,stochastic,0.01
1684,1849,2092,0.7969353508461334,0.8074856625161332,0.857256638669137,5.536817102137767,6.11790156841536,5.945028680688337,673,3,75,0.5,0.5,0.5,stochastic,stochastic,stochastic,0.01
1680,1843,2102,0.7971424804020937,0.8090233425715797,0.8594103457427968,5.588690476190476,6.106890938686924,6.031398667935299,674,3,75,0.5,0.5,0.5,stochastic,stochastic,stochastic,0.01
1705,1802,2118,0.7967115412428568,0.8080817552516062,0.860520082324889,5.653958944281525,6.1187569367369585,6.085930122757318,675,3,75,0.5,0.5,0.5,stochastic,stochastic,stochastic,0.01
1735,1756,2134,0.7959392425163047,0.8089502881458185,0.8610353212202166,5.614409221902017,6.10250569476082,6.139175257731959,676,3,75,0.5,0.5,0.5,stochastic,stochastic,stochastic,0.01
1766,1733,2126,0.7928611928017412,0.8119747592567348,0.8599083088138324,5.636466591166478,6.1182919792267745,6.201317027281279,677,3,75,0.5,0.5,0.5,stochastic,stochastic,stochastic,0.01
1799,1725,2101,0.7940570926475572,0.8149471992988085,0.859351104534259,5.5225125069483045,5.965217391304348,6.298429319371728,678,3,75,0.5,0.5,0.5,stochastic,stochastic,stochastic,0.01
1862,1664,2099,0.7931155608149012,0.8200018895543061,0.8572525898109774,5.468313641245972,5.942908653846154,6.176750833730348,679,3,75,0.5,0.5,0.5,stochastic,stochastic,stochastic,0.01
1888,1693,2044,0.794599008529784,0.8272484805236139,0.8552118256741311,5.429555084745763,5.857649143532192,6.330724070450098,680,3,75,0.5,0.5,0.5,stochastic,stochastic,stochastic,0.01
1937,1622,2066,0.7961040320440663,0.8309764700509658,0.8537941149282624,5.392359318533815,5.778051787916153,6.0759922555663115,681,3,75,0.5,0.5,0.5,stochastic,stochastic,stochastic,0.01
2095,1572,1958,0.7987183920379606,0.8343676928599546,0.8488775442829641,5.328400954653938,5.783078880407125,5.954034729315628,682,3,75,0.5,0.5,0.5,stochastic,stochastic,stochastic,0.01
2127,1553,1945,0.7989713732880904,0.8396172325559108,0.8485995158506807,5.40197461212976,5.632968448164842,5.903341902313625,683,3,75,0.5,0.5,0.5,stochastic,stochastic,stochastic,0.01
2188,1560,1877,0.8008288545768242,0.8440146520455711,0.8465698436333823,5.473948811700183,5.529487179487179,5.841236014917421,684,3,75,0.5,0.5,0.5,stochastic,stochastic,stochastic,0.01
2200,1567,1858,0.8008979583291539,0.8496055390444965,0.8444943805464411,5.696363636363636,5.343331206126356,5.7621097954790095,685,3,75,0.5,0.5,0.5,stochastic,stochastic,stochastic,0.01
2216,1611,1798,0.803596945772278,0.8521853514787199,0.8446877580853963,5.865974729241877,5.100558659217877,5.75083426028921,686,3,75,0.5,0.5,0.5,stochastic,stochastic,stochastic,0.01
2185,1703,1737,0.8060207878204765,0.8498019658353263,0.8418312559069022,6.032494279176201,5.0340575455079275,5.805411629245826,687,3,75,0.5,0.5,0.5,stochastic,stochastic,stochastic,0.01
2180,1761,1684,0.8074404359831959,0.8455661220641585,0.8414198182270077,6.1821100917431195,5.102782509937535,5.922209026128266,688,3,75,0.5,0.5,0.5,stochastic,stochastic,stochastic,0.01
2141,1850,1634,0.8095285445190158,0.846504043444266,0.841476474543114,6.276973376926669,5.066486486486487,5.940024479804162,689,3,75,0.5,0.5,0.5,stochastic,stochastic,stochastic,0.01
2089,1940,1596,0.8091768020032264,0.845070442020584,0.8410689450988655,6.360938247965533,5.14639175257732,6.032581453634085,690,3,75,0.5,0.5,0.5,stochastic,stochastic,stochastic,0.01
1997,2017,1611,0.8109197896541672,0.8448833686153842,0.844766895183826,6.413119679519279,5.192364898363906,5.957169459962756,691,3,75,0.5,0.5,0.5,stochastic,stochastic,stochastic,0.01
1953,2076,1596,0.8116986193439506,0.8448199980545351,0.8479750932010663,6.390168970814132,5.3376685934489405,5.904761904761905,692,3,75,0.5,0.5,0.5,stochastic,stochastic,stochastic,0.01
1953,2063,1609,0.8123061385620236,0.8402804365467181,0.8538257428886208,6.23399897593446,5.524963645176927,5.722187694220012,693,3,75,0.5,0.5,0.5,stochastic,stochastic,stochastic,0.01
1969,2074,1582,0.8141912239155947,0.8434375269002177,0.854677573849759,6.056881665820213,5.652362584378014,5.581542351453856,694,3,75,0.5,0.5,0.5,stochastic,stochastic,stochastic,0.01
1936,2080,1609,0.816794435595174,0.8440810503887928,0.8597888289041831,6.06404958677686,5.776923076923077,5.440646364201367,695,3,75,0.5,0.5,0.5,stochastic,stochastic,stochastic,0.01
1893,2041,1691,0.8225130435297251,0.8454910294990774,0.8615953562500169,6.0528262017960905,5.8569328760411565,5.1916026020106445,696,3,75,0.5,0.5,0.5,stochastic,stochastic,stochastic,0.01
1859,2030,1736,0.8214748101541245,0.8495552263259342,0.8603777914297215,6.083378160301237,5.935960591133005,5.058179723502304,697,3,75,0.5,0.5,0.5,stochastic,stochastic,stochastic,0.01
1829,1937,1859,0.8224464915395374,0.8515716578983814,0.8649650220489253,6.190267905959541,6.085699535363965,4.99677245831092,698,3,75,0.5,0.5,0.5,stochastic,stochastic,stochastic,0.01
1786,1896,1943,0.8216132172378282,0.8547943065114548,0.8687786362249638,6.262597984322508,6.102848101265823,5.094184251158003,699,3,75,0.5,0.5,0.5,stochastic,stochastic,stochastic,0.01
1743,1819,2063,0.823406488546371,0.8575216038086173,0.8708821857306069,6.306368330464716,6.017042330951072,5.088705768298595,700,3,75,0.5,0.5,0.5,stochastic,stochastic,stochastic,0.01
1752,1741,2132,0.8231671837426359,0.8566174211437153,0.8716941520811042,6.25,5.936817920735209,5.183395872420262,701,3,75,0.5,0.5,0.5,stochastic,stochastic,stochastic,0.01
1702,1759,2164,0.8205169125366444,0.8608954885408407,0.8729867460456014,6.262044653349001,5.747583854462763,5.36090573012939,702,3,75,0.5,0.5,0.5,stochastic,stochastic,stochastic,0.01
1713,1708,2204,0.8201376838693841,0.8629937475102384,0.8724254676475561,6.169293636894338,5.752927400468384,5.589382940108893,703,3,75,0.5,0.5,0.5,stochastic,stochastic,stochastic,0.01
1694,1695,2236,0.8198519556598369,0.8664095006025027,0.8728552150424389,6.172963400236127,5.5669616519174046,5.84391771019678,704,3,75,0.5,0.5,0.5,stochastic,stochastic,stochastic,0.01
1764,1651,2210,0.8206827199335811,0.8678169993622432,0.8739289251539588,6.051587301587301,5.61114476075106,6.11131221719457,705,3,75,0.5,0.5,0.5,stochastic,stochastic,stochastic,0.01
1761,1622,2242,0.8218886985984841,0.8697221694844591,0.8720221147351683,6.032935831913686,5.572749691738594,6.300624442462087,706,3,75,0.5,0.5,0.5,stochastic,stochastic,stochastic,0.01
1776,1598,2251,0.8236704348599864,0.8720341374016884,0.8702223250316994,5.948761261261262,5.494367959949938,6.539315859617948,707,3,75,0.5,0.5,0.5,stochastic,stochastic,stochastic,0.01
1835,1570,2220,0.8222156931479483,0.8758723441677816,0.8665994903884949,5.8223433242506815,5.473248407643312,6.598198198198198,708,3,75,0.5,0.5,0.5,stochastic,stochastic,stochastic,0.01
1853,1556,2216,0.8234026533607678,0.8778369216759683,0.8655473755785558,5.796546141392337,5.446658097686376,6.702617328519856,709,3,75,0.5,0.5,0.5,stochastic,stochastic,stochastic,0.01
1927,1528,2170,0.8250532446489077,0.8781000372176484,0.8649864956630937,5.7623248572911265,5.472513089005235,6.877419354838709,710,3,75,0.5,0.5,0.5,stochastic,stochastic,stochastic,0.01
2019,1493,2113,0.8264548044735109,0.8769438826191651,0.8636109167615044,5.703318474492323,5.408573342263899,6.857548509228585,711,3,75,0.5,0.5,0.5,stochastic,stochastic,stochastic,0.01
2096,1513,2016,0.8298869487914058,0.8765260418484112,0.863817460923359,5.614980916030534,5.316589557171183,6.846230158730159,712,3,75,0.5,0.5,0.5,stochastic,stochastic,stochastic,0.01
2168,1488,1969,0.8320276133334562,0.8735371075007845,0.8646625374657901,5.603782287822878,5.101478494623656,6.568816658202133,713,3,75,0.5,0.5,0.5,stochastic,stochastic,stochastic,0.01
2221,1534,1870,0.8332743640360682,0.8736999051385447,0.8644973947751509,5.628095452498874,4.966753585397653,6.395187165775401,714,3,75,0.5,0.5,0.5,stochastic,stochastic,stochastic,0.01
2196,1591,1838,0.8350732892337378,0.8707962782382891,0.8657747930332227,5.715391621129326,4.86926461345066,6.1311207834602826,715,3,75,0.5,0.5,0.5,stochastic,stochastic,stochastic,0.01
2167,1626,1832,0.8367303888057448,0.8729657058908584,0.8657922653763636,5.793724042455007,4.72939729397294,6.006004366812227,716,3,75,0.5,0.5,0.5,stochastic,stochastic,stochastic,0.01
2174,1658,1793,0.8402514890248974,0.872116153633026,0.8657141616444723,5.80128794848206,4.754523522316044,5.817624093697713,717,3,75,0.5,0.5,0.5,stochastic,stochastic,stochastic,0.01
2175,1709,1741,0.843281876465983,0.8709202457332361,0.8682571628331059,5.810574712643678,4.729081334113516,5.7162550258472145,718,3,75,0.5,0.5,0.5,stochastic,stochastic,stochastic,0.01
2115,1789,1721,0.8445562840883868,0.870737303403446,0.8680067271739857,5.879432624113475,4.641140301844606,5.6397443346891345,719,3,75,0.5,0.5,0.5,stochastic,stochastic,stochastic,0.01
2043,1858,1724,0.8461024641795555,0.8693676926732219,0.8679755964181844,5.9402838962310325,4.603336921420882,5.629350348027843,720,3,75,0.5,0.5,0.5,stochastic,stochastic,stochastic,0.01
2020,1924,1681,0.8469287675909516,0.8692576818116504,0.8658098148565649,5.939108910891089,4.756237006237006,5.556811421772754,721,3,75,0.5,0.5,0.5,stochastic,stochastic,stochastic,0.01
1974,1974,1677,0.846694246540086,0.8690786940705512,0.8643799464453695,6.042553191489362,4.882978723404255,5.5163983303518185,722,3,75,0.5,0.5,0.5,stochastic,stochastic,stochastic,0.01
1942,2008,1675,0.8450855546703206,0.8726191841882779,0.8638012665303713,6.01081359423275,5.028884462151394,5.506865671641791,723,3,75,0.5,0.5,0.5,stochastic,stochastic,stochastic,0.01
1862,2071,1692,0.8444963386856011,0.8723038478753926,0.8625792487778589,6.061761546723953,5.091260260743602,5.407210401891253,724,3,75,0.5,0.5,0.5,stochastic,stochastic,stochastic,0.01
1808,2083,1734,0.8444605983326262,0.8751819923577036,0.8622089256315149,5.966261061946903,5.180028804608737,5.197231833910035,725,3,75,0.5,0.5,0.5,stochastic,stochastic,stochastic,0.01
1788,2056,1781,0.8443364304900315,0.8773666798158526,0.8608927939022777,6.074384787472035,5.321011673151751,5.136440202133633,726,3,75,0.5,0.5,0.5,stochastic,stochastic,stochastic,0.01
1824,2040,1761,0.8436160152670403,0.8767962274452852,0.859132766585127,5.8569078947368425,5.545098039215686,5.1323111868256674,727,3,75,0.5,0.5,0.5,stochastic,stochastic,stochastic,0.01
1806,1996,1823,0.8429069746172724,0.8768689282862288,0.8580810046729839,5.832779623477298,5.625250501002004,5.074602303894679,728,3,75,0.5,0.5,0.5,stochastic,stochastic,stochastic,0.01
1777,1961,1887,0.8436548363641908,0.8770765680165714,0.8560022553795252,5.791783905458638,5.581845996940337,5.023317435082141,729,3,75,0.5,0.5,0.5,stochastic,stochastic,stochastic,0.01
1770,1897,1958,0.8469165158894483,0.8738914524306606,0.8574235184115084,5.692655367231638,5.585134422772799,4.970888661899898,730,3,75,0.5,0.5,0.5,stochastic,stochastic,stochastic,0.01
1720,1885,2020,0.847210313953176,0.8731255600117315,0.860005444394799,5.680813953488372,5.637665782493369,5.100990099009901,731,3,75,0.5,0.5,0.5,stochastic,stochastic,stochastic,0.01
1770,1752,2103,0.8471466921017448,0.8727422389863319,0.8603645880202102,5.6745762711864405,5.7437214611872145,5.066096053257252,732,3,75,0.5,0.5,0.5,stochastic,stochastic,stochastic,0.01
1766,1697,2162,0.8472848936663823,0.8730556903106221,0.8620544971765185,5.652321630804077,5.731879787860931,5.1586493987049025,733,3,75,0.5,0.5,0.5,stochastic,stochastic,stochastic,0.01
1808,1636,2181,0.848732693605745,0.8718806459279527,0.8622686140848767,5.508296460176991,5.66320293398533,5.318661164603393,734,3,75,0.5,0.5,0.5,stochastic,stochastic,stochastic,0.01
1813,1654,2158,0.8524155283497304,0.8728533954133106,0.8620856423232464,5.4120242691671265,5.414752116082225,5.529657089898054,735,3,75,0.5,0.5,0.5,stochastic,stochastic,stochastic,0.01
1854,1612,2159,0.8541505171506343,0.8742089833025222,0.8634980370869,5.410463861920173,5.301488833746898,5.641037517369153,736,3,75,0.5,0.5,0.5,stochastic,stochastic,stochastic,0.01
1920,1561,2144,0.8545308377888297,0.8760238068192832,0.8625477537516236,5.393229166666667,5.303651505445227,5.763059701492537,737,3,75,0.5,0.5,0.5,stochastic,stochastic,stochastic,0.01
2035,1504,2086,0.8578196407115952,0.8788174640631994,0.8629962310570256,5.301719901719902,5.273271276595745,5.812559923298179,738,3,75,0.5,0.5,0.5,stochastic,stochastic,stochastic,0.01
2088,1521,2016,0.8595501649045458,0.8801366742149049,0.8616225718706678,5.303639846743295,5.118343195266272,5.852678571428571,739,3,75,0.5,0.5,0.5,stochastic,stochastic,stochastic,0.01
2126,1577,1922,0.8594823854749111,0.8819872557563908,0.8622608881691554,5.390404515522107,4.936588459099556,5.980228928199792,740,3,75,0.5,0.5,0.5,stochastic,stochastic,stochastic,0.01
2165,1621,1839,0.8609159446278047,0.8842049218721975,0.862341761477766,5.364896073903003,4.87045033929673,5.9994562262098965,741,3,75,0.5,0.5,0.5,stochastic,stochastic,stochastic,0.01
2164,1678,1783,0.8616032327958988,0.8874962394896974,0.8640180555067618,5.508780036968576,4.845053635280095,6.03421200224341,742,3,75,0.5,0.5,0.5,stochastic,stochastic,stochastic,0.01
2161,1752,1712,0.8643192239113414,0.8892554665215245,0.8637815890951089,5.612679315131883,4.906963470319635,6.054906542056075,743,3,75,0.5,0.5,0.5,stochastic,stochastic,stochastic,0.01
2176,1806,1643,0.8647063029579176,0.8912306076174599,0.8633108922098446,5.719209558823529,4.925802879291251,5.950091296409008,744,3,75,0.5,0.5,0.5,stochastic,stochastic,stochastic,0.01
2119,1867,1639,0.8654444962328316,0.8929510481828503,0.8623137277071422,5.876828692779613,4.952865559721478,5.962172056131788,745,3,75,0.5,0.5,0.5,stochastic,stochastic,stochastic,0.01
2068,1942,1615,0.8661326162604155,0.8925794557163456,0.8606716909283687,5.951644100580271,4.905767250257466,5.701547987616099,746,3,75,0.5,0.5,0.5,stochastic,stochastic,stochastic,0.01
1978,2012,1635,0.8670050445382818,0.8907380783805732,0.8594400524627119,5.978766430738119,4.891650099403578,5.460550458715597,747,3,75,0.5,0.5,0.5,stochastic,stochastic,stochastic,0.01
1834,2142,1649,0.8645516168663453,0.8892476563721329,0.857961448083907,5.945474372955289,4.879084967320262,5.369314736203759,748,3,75,0.5,0.5,0.5,stochastic,stochastic,stochastic,0.01
1727,2169,1729,0.8638991391629202,0.8868665338480312,0.8587668332218806,5.869716270990156,4.899492853849701,5.2105263157894735,749,3,75,0.5,0.5,0.5,stochastic,stochastic,stochastic,0.01
1623,2189,1813,0.8647420926105533,0.8857761356999562,0.8601238426851237,5.688847812692544,4.999086340794883,5.140099282956426,750,3,75,0.5,0.5,0.5,stochastic,stochastic,stochastic,0.01
1547,2244,1834,0.8643892441692259,0.8842414257459296,0.8622758165110914,5.529411764705882,5.180035650623886,5.257360959651036,751,3,75,0.5,0.5,0.5,stochastic,stochastic,stochastic,0.01
1522,2199,1904,0.8667202425834515,0.8837338033968718,0.864142887495509,5.350197109067017,5.334697589813552,5.179621848739496,752,3,75,0.5,0.5,0.5,stochastic,stochastic,stochastic,0.01
1508,2116,2001,0.8678285477231625,0.8845482811352845,0.8673416479716318,5.210875331564987,5.56710775047259,5.138430784607696,753,3,75,0.5,0.5,0.5,stochastic,stochastic,stochastic,0.01
1546,2057,2022,0.8716213373998943,0.8825976737348086,0.8692271247903971,4.987063389391979,5.783179387457462,5.159742828882295,754,3,75,0.5,0.5,0.5,stochastic,stochastic,stochastic,0.01
1623,1950,2052,0.8756063208250008,0.8795962622198165,0.8719236817562604,4.944547134935305,6.064615384615385,5.196393762183236,755,3,75,0.5,0.5,0.5,stochastic,stochastic,stochastic,0.01
1723,1866,2036,0.8797732488383876,0.8782215458961097,0.8757746560784003,4.900174114915845,6.305466237942122,5.259823182711198,756,3,75,0.5,0.5,0.5,stochastic,stochastic,stochastic,0.01
1829,1780,2016,0.8807728608103003,0.8762795658137946,0.8777326722161184,4.905412793876435,6.3640449438202245,5.284722222222222,757,3,75,0.5,0.5,0.5,stochastic,stochastic,stochastic,0.01
1929,1684,2012,0.8833762564865879,0.8771151479223068,0.8802246898304815,4.962674961119752,6.456650831353919,5.298210735586481,758,3,75,0.5,0.5,0.5,stochastic,stochastic,stochastic,0.01
2022,1635,1968,0.8851455731554297,0.8805714700156508,0.8837127299541377,5.051928783382789,6.482568807339449,5.346544715447155,759,3,75,0.5,0.5,0.5,stochastic,stochastic,stochastic,0.01
2069,1641,1915,0.8851439685265964,0.883309119674802,0.8871592355046047,5.166747220879652,6.335161486898233,5.481462140992167,760,3,75,0.5,0.5,0.5,stochastic,stochastic,stochastic,0.01
2061,1630,1934,0.8838967431279839,0.887516406468949,0.8899727232483556,5.344492964580301,6.007361963190184,5.479834539813857,761,3,75,0.5,0.5,0.5,stochastic,stochastic,stochastic,0.01
2062,1671,1892,0.8819765756814891,0.8926873549094941,0.8915493167584106,5.498545101842871,5.783363255535607,5.608879492600423,762,3,75,0.5,0.5,0.5,stochastic,stochastic,stochastic,0.01
2085,1683,1857,0.8822894233242037,0.8963764138619645,0.8908379694062023,5.5256594724220625,5.598930481283422,5.611739364566505,763,3,75,0.5,0.5,0.5,stochastic,stochastic,stochastic,0.01
2051,1695,1879,0.8800105558987956,0.899857868408378,0.8894434536991508,5.72549975621648,5.40117994100295,5.785524215007983,764,3,75,0.5,0.5,0.5,stochastic,stochastic,stochastic,0.01
2056,1764,1805,0.8792998119124094,0.9023792719881262,0.8870701610245705,5.695038910505836,5.375283446712018,5.820498614958448,765,3,75,0.5,0.5,0.5,stochastic,stochastic,stochastic,0.01
2000,1838,1787,0.8783555463920775,0.9037313167593694,0.8844426281809816,5.7535,5.258433079434168,5.815892557358702,766,3,75,0.5,0.5,0.5,stochastic,stochastic,stochastic,0.01
1984,1849,1792,0.8770797980905817,0.9054008739854491,0.8823948063814251,5.705645161290323,5.210924824229314,5.712053571428571,767,3,75,0.5,0.5,0.5,stochastic,stochastic,stochastic,0.01
1949,1887,1789,0.8771355526986929,0.9050379148491698,0.8789039535988612,5.695741405849153,5.195548489666137,5.616545556176635,768,3,75,0.5,0.5,0.5,stochastic,stochastic,stochastic,0.01
1926,1906,1793,0.8760952415665448,0.9053737990436931,0.8769938077457828,5.585669781931464,5.167366211962224,5.436698271054099,769,3,75,0.5,0.5,0.5,stochastic,stochastic,stochastic,0.01
1922,1951,1752,0.8768850410827922,0.9060830221010127,0.8742471786589391,5.485431841831425,5.1312147616606865,5.3521689497716896,770,3,75,0.5,0.5,0.5,stochastic,stochastic,stochastic,0.01
1884,1944,1797,0.876578457255535,0.9078379323091088,0.875270199138327,5.5376857749469215,5.174382716049383,5.247634947134112,771,3,75,0.5,0.5,0.5,stochastic,stochastic,stochastic,0.01
1938,1907,1780,0.8760878888498719,0.9067971771624723,0.872865100453186,5.3808049535603715,5.199265862611432,5.147752808988764,772,3,75,0.5,0.5,0.5,stochastic,stochastic,stochastic,0.01
1919,1901,1805,0.8764922591528879,0.906958271761092,0.8739935793859629,5.418968212610735,5.238295633876907,5.063157894736842,773,3,75,0.5,0.5,0.5,stochastic,stochastic,stochastic,0.01
1927,1870,1828,0.8783460160131413,0.9063175528223886,0.8747774231785839,5.439024390243903,5.281283422459893,5.0153172866520785,774,3,75,0.5,0.5,0.5,stochastic,stochastic,stochastic,0.01
1867,1898,1860,0.8809493393194964,0.9056494904290361,0.8745371662782442,5.657204070701661,5.226554267650158,5.1,775,3,75,0.5,0.5,0.5,stochastic,stochastic,stochastic,0.01
1892,1914,1819,0.8806996207135865,0.9052604457656866,0.8758215710429064,5.517441860465116,5.324973876698015,5.134139637163276,776,3,75,0.5,0.5,0.5,stochastic,stochastic,stochastic,0.01
1895,1892,1838,0.8815049177017384,0.904734284710787,0.8785986400323018,5.463852242744063,5.415433403805497,5.1071817192600655,777,3,75,0.5,0.5,0.5,stochastic,stochastic,stochastic,0.01
1905,1854,1866,0.8808045402500413,0.9031669367290441,0.8792164187240223,5.387926509186352,5.378640776699029,5.067524115755627,778,3,75,0.5,0.5,0.5,stochastic,stochastic,stochastic,0.01
1912,1853,1860,0.8801667053213766,0.9012746244323014,0.8804382566203179,5.380753138075314,5.317862924986509,5.061290322580645,779,3,75,0.5,0.5,0.5,stochastic,stochastic,stochastic,0.01
1939,1874,1812,0.8808184447551719,0.9015396682546597,0.8807721229146459,5.368231046931408,5.362860192102454,5.188189845474613,780,3,75,0.5,0.5,0.5,stochastic,stochastic,stochastic,0.01
1973,1840,1812,0.8810430053272019,0.9015849197049948,0.8810087274569663,5.373035985808413,5.407608695652174,5.188189845474613,781,3,75,0.5,0.5,0.5,stochastic,stochastic,stochastic,0.01
1941,1891,1793,0.8828123368352486,0.9012039363642285,0.8822764582117653,5.361669242658423,5.291380222104706,5.219185722253207,782,3,75,0.5,0.5,0.5,stochastic,stochastic,stochastic,0.01
1906,1934,1785,0.8839312289123072,0.902761042569564,0.8833180249055066,5.4097586568730325,5.2445708376421925,5.192717086834734,783,3,75,0.5,0.5,0.5,stochastic,stochastic,stochastic,0.01
1883,1974,1768,0.8854915271256746,0.9017668243427795,0.8832702375584377,5.302177376526819,5.27710233029382,5.132352941176471,784,3,75,0.5,0.5,0.5,stochastic,stochastic,stochastic,0.01
1871,1993,1761,0.8857228814781596,0.9043093847613007,0.8837897823305311,5.252271512560128,5.273958855995986,5.0914253265190235,785,3,75,0.5,0.5,0.5,stochastic,stochastic,stochastic,0.01
1811,2004,1810,0.886441386507436,0.906121752692877,0.8825171747286438,5.21314191054666,5.177644710578842,4.983425414364641,786,3,75,0.5,0.5,0.5,stochastic,stochastic,stochastic,0.01
1817,1968,1840,0.8881489682244178,0.9052335561719924,0.8818555319694714,5.208035222894882,5.219512195121951,4.919021739130435,787,3,75,0.5,0.5,0.5,stochastic,stochastic,stochastic,0.01
1782,1961,1882,0.887353658543365,0.9075169767940315,0.8830478807108483,5.172278338945006,5.245792962774095,4.997874601487779,788,3,75,0.5,0.5,0.5,stochastic,stochastic,stochastic,0.01
1752,1933,1940,0.8871632860018569,0.9096416373278366,0.8831827323804989,5.053082191780822,5.106052767718572,4.903608247422681,789,3,75,0.5,0.5,0.5,stochastic,stochastic,stochastic,0.01
1749,1907,1969,0.8887772125489888,0.9103657857560045,0.8833468421001597,4.942824471126358,5.179863660199266,4.915185373285932,790,3,75,0.5,0.5,0.5,stochastic,stochastic,stochastic,0.01
1801,1864,1960,0.8889672619723136,0.9103562046117077,0.8838699636655246,4.920044419766796,5.159334763948498,4.941326530612245,791,3,75,0.5,0.5,0.5,stochastic,stochastic,stochastic,0.01
1820,1874,1931,0.8872156148335916,0.9103106456246541,0.8838965340198947,4.935714285714286,5.14034151547492,4.9787674779906785,792,3,75,0.5,0.5,0.5,stochastic,stochastic,stochastic,0.01
1895,1833,1897,0.8880276357414836,0.9108738197373084,0.8807359988651761,4.956728232189974,5.238952536824877,5.074327886136004,793,3,75,0.5,0.5,0.5,stochastic,stochastic,stochastic,0.01
1909,1843,1873,0.8895638122694763,0.9112613448656277,0.8793654304942456,5.019381875327396,5.196961475854585,5.06086492258409,794,3,75,0.5,0.5,0.5,stochastic,stochastic,stochastic,0.01
1885,1897,1843,0.8904478911298406,0.913300214107746,0.8789971002431745,4.977718832891247,5.032156035846072,5.111231687466088,795,3,75,0.5,0.5,0.5,stochastic,stochastic,stochastic,0.01
1828,1915,1882,0.8919975317058689,0.9135527557227605,0.8798410082219688,5.088621444201313,5.089295039164491,5.165781083953242,796,3,75,0.5,0.5,0.5,stochastic,stochastic,stochastic,0.01
1813,1899,1913,0.8916191238396355,0.9155743550019991,0.8814811518629602,5.212906784335356,5.151132174828858,5.237323575535807,797,3,75,0.5,0.5,0.5,stochastic,stochastic,stochastic,0.01
1817,1913,1895,0.892178362520251,0.9170340029269213,0.8831624003492929,5.1645569620253164,5.116570831155253,5.308179419525066,798,3,75,0.5,0.5,0.5,stochastic,stochastic,stochastic,0.01
1762,1971,1892,0.8918079011428905,0.9185542323292883,0.8853707229635227,5.195800227014756,5.128361237950279,5.427061310782241,799,3,75,0.5,0.5,0.5,stochastic,stochastic,stochastic,0.01
1741,1909,1975,0.8901687999848712,0.9180786701593256,0.8867956088115792,5.299253302699598,5.178627553693033,5.325063291139241,800,3,75,0.5,0.5,0.5,stochastic,stochastic,stochastic,0.01
1713,1923,1989,0.8908911358969637,0.918901731260289,0.8887432688970839,5.181552831290134,5.164326573062922,5.333836098541981,801,3,75,0.5,0.5,0.5,stochastic,stochastic,stochastic,0.01
1704,1881,2040,0.8904634035905312,0.9179770734803829,0.8907653903883243,5.039319248826291,5.177033492822966,5.309313725490196,802,3,75,0.5,0.5,0.5,stochastic,stochastic,stochastic,0.01
1718,1881,2026,0.8906788266285187,0.9183650850267702,0.8903138835544451,4.967986030267753,5.189261031366295,5.366238894373149,803,3,75,0.5,0.5,0.5,stochastic,stochastic,stochastic,0.01
1718,1863,2044,0.8894707111796719,0.9187742646290492,0.8928995789768538,4.925494761350407,5.190552871712292,5.408512720156556,804,3,75,0.5,0.5,0.5,stochastic,stochastic,stochastic,0.01
1754,1857,2014,0.8887297643234588,0.9194698425207377,0.8937633565083721,4.8968072976054735,5.2218632202477115,5.59433962264151,805,3,75,0.5,0.5,0.5,stochastic,stochastic,stochastic,0.01
1761,1853,2011,0.8890274187067916,0.9182537541700729,0.895548109247259,4.7904599659284495,5.157042633567189,5.5957235206365,806,3,75,0.5,0.5,0.5,stochastic,stochastic,stochastic,0.01
1823,1841,1961,0.8908952733012702,0.9188921704678026,0.8975730267711296,4.710367526055951,5.202607278652906,5.545639979602244,807,3,75,0.5,0.5,0.5,stochastic,stochastic,stochastic,0.01
1902,1797,1926,0.8920220770673748,0.9196516888681158,0.8975431402390387,4.735015772870662,5.159154145798553,5.404984423676012,808,3,75,0.5,0.5,0.5,stochastic,stochastic,stochastic,0.01
1941,1803,1881,0.8927943211324119,0.9217829223251433,0.8995448068134896,4.754765584750129,5.179700499168053,5.351940457203615,809,3,75,0.5,0.5,0.5,stochastic,stochastic,stochastic,0.01
1893,1846,1886,0.8922821252820123,0.9231982462625984,0.8994712943502052,4.818806127839409,5.031960996749729,5.365853658536586,810,3,75,0.5,0.5,0.5,stochastic,stochastic,stochastic,0.01
1823,1893,1909,0.8909196745917197,0.9240961972658708,0.8976076357443245,5.001097092704334,4.9846804014791335,5.3080146673651125,811,3,75,0.5,0.5,0.5,stochastic,stochastic,stochastic,0.01
1820,1912,1893,0.8915119991942776,0.9233349606963005,0.8960273424440338,4.992307692307692,4.995292887029288,5.24405705229794,812,3,75,0.5,0.5,0.5,stochastic,stochastic,stochastic,0.01
1777,1911,1937,0.891409212169556,0.9237064777235439,0.8970522978394083,5.111986494091165,5.084249084249084,5.20340733092411,813,3,75,0.5,0.5,0.5,stochastic,stochastic,stochastic,0.01
1755,1917,1953,0.8905958876370696,0.9232150190201652,0.8964839650150466,5.082051282051282,5.011997913406364,5.204813108038914,814,3,75,0.5,0.5,0.5,stochastic,stochastic,stochastic,0.01
1723,1883,2019,0.8941307355067063,0.9223626148966948,0.8968661650622158,5.116656993615787,5.045140732873075,5.184249628528975,815,3,75,0.5,0.5,0.5,stochastic,stochastic,stochastic,0.01
1751,1844,2030,0.8958032466480167,0.9221963088787162,0.8977714090273526,5.03483723586522,5.122017353579175,5.125615763546798,816,3,75,0.5,0.5,0.5,stochastic,stochastic,stochastic,0.01
1770,1775,2080,0.8956357612941243,0.9229184024340327,0.8991967327372309,5.0214689265536725,5.114366197183099,5.037019230769231,817,3,75,0.5,0.5,0.5,stochastic,stochastic,stochastic,0.01
1801,1772,2052,0.8960219991922198,0.9235294098575353,0.8984559294925769,4.98223209328151,5.140519187358916,5.063352826510721,818,3,75,0.5,0.5,0.5,stochastic,stochastic,stochastic,0.01
1846,1728,2051,0.8939582482441919,0.9219153260894553,0.8969281848640273,4.988624052004334,5.1342592592592595,5.231594344222331,819,3,75,0.5,0.5,0.5,stochastic,stochastic,stochastic,0.01
1857,1692,2076,0.8942868481985047,0.9211857226771595,0.8974565057650832,5.049003769520732,5.09692671394799,5.245664739884393,820,3,75,0.5,0.5,0.5,stochastic,stochastic,stochastic,0.01
1885,1671,2069,0.8944846545151235,0.9241295829912601,0.8978874239237592,4.972944297082228,5.007779772591262,5.335911068148865,821,3,75,0.5,0.5,0.5,stochastic,stochastic,stochastic,0.01
1960,1635,2030,0.8950936422755316,0.9258080408487113,0.8964957158795553,4.9918367346938775,5.027522935779817,5.470443349753695,822,3,75,0.5,0.5,0.5,stochastic,stochastic,stochastic,0.01
1992,1606,2027,0.8988701425863934,0.9278133404896661,0.8954163848973032,5.162650602409639,4.993773349937734,5.609274790330538,823,3,75,0.5,0.5,0.5,stochastic,stochastic,stochastic,0.01
2021,1600,2004,0.9002666575752241,0.9273073497281281,0.89238952109467,5.259277585353785,4.984375,5.682634730538922,824,3,75,0.5,0.5,0.5,stochastic,stochastic,stochastic,0.01
2069,1558,1998,0.9015466660173821,0.9270992786172856,0.8908096091850032,5.362977283711938,4.961489088575096,5.6541541541541545,825,3,75,0.5,0.5,0.5,stochastic,stochastic,stochastic,0.01
2107,1550,1968,0.9032853682449482,0.9259965280746749,0.8902724827706648,5.577123872804936,4.994193548387097,5.875508130081301,826,3,75,0.5,0.5,0.5,stochastic,stochastic,stochastic,0.01
2060,1623,1942,0.9043956429101483,0.9258409854562636,0.8911655507337425,5.666504854368932,4.824399260628466,5.957260556127704,827,3,75,0.5,0.5,0.5,stochastic,stochastic,stochastic,0.01
2028,1713,1884,0.9056780464605696,0.926283628539845,0.8935035643850282,5.78353057199211,4.753648569760654,6.001061571125265,828,3,75,0.5,0.5,0.5,stochastic,stochastic,stochastic,0.01
2012,1762,1851,0.9073427618411416,0.925440566434429,0.8956298404668697,5.68986083499006,4.619182746878547,5.869800108049703,829,3,75,0.5,0.5,0.5,stochastic,stochastic,stochastic,0.01
2021,1813,1791,0.9088148487941085,0.9247074227722838,0.8980888883390135,5.545274616526472,4.628792057363486,5.679508654383026,830,3,75,0.5,0.5,0.5,stochastic,stochastic,stochastic,0.01
1997,1889,1739,0.9089494495589288,0.9216714575611565,0.8994154851270074,5.406609914872308,4.58284806776072,5.539390454284072,831,3,75,0.5,0.5,0.5,stochastic,stochastic,stochastic,0.01
1962,2004,1659,0.9092381259778378,0.9195376519419971,0.9013843767690543,5.284913353720693,4.632734530938124,5.4948764315852925,832,3,75,0.5,0.5,0.5,stochastic,stochastic,stochastic,0.01
1912,2095,1618,0.9091636618095906,0.9168572262354759,0.9043221100186825,5.275627615062762,4.810023866348448,5.42459826946848,833,3,75,0.5,0.5,0.5,stochastic,stochastic,stochastic,0.01
1821,2171,1633,0.9077103210100033,0.9165687085137187,0.9083616757272638,5.228995057660626,4.883924458774758,5.262706674831598,834,3,75,0.5,0.5,0.5,stochastic,stochastic,stochastic,0.01
1777,2221,1627,0.9054422962779629,0.9159074687646549,0.9103510531294869,5.191896454698931,5.108059432687979,5.159188690842041,835,3,75,0.5,0.5,0.5,stochastic,stochastic,stochastic,0.01
1724,2190,1711,0.9027333942074902,0.9147089261846207,0.9112942685309415,5.3242459396751745,5.288584474885845,4.977790765634132,836,3,75,0.5,0.5,0.5,stochastic,stochastic,stochastic,0.01
1696,2168,1761,0.9010655852759798,0.9135168900114383,0.9097401346035139,5.194575471698113,5.459409594095941,4.825099375354912,837,3,75,0.5,0.5,0.5,stochastic,stochastic,stochastic,0.01
1669,2095,1861,0.9009952201250903,0.9111128432588855,0.9101304546999762,5.192330736968245,5.5966587112171835,4.737238044062332,838,3,75,0.5,0.5,0.5,stochastic,stochastic,stochastic,0.01
1677,1993,1955,0.9002500551195369,0.9115921515624629,0.9103986723211948,5.290399522957663,5.768188660311089,4.745268542199488,839,3,75,0.5,0.5,0.5,stochastic,stochastic,stochastic,0.01
1627,1963,2035,0.8991679152638578,0.9093614161895949,0.9082996661433591,5.4757221880762135,5.781966377992868,4.922358722358722,840,3,75,0.5,0.5,0.5,stochastic,stochastic,stochastic,0.01
1544,1911,2170,0.8978566546004202,0.9116343108519634,0.9067957348735796,5.676813471502591,5.787022501308216,5.11520737327189,841,3,75,0.5,0.5,0.5,stochastic,stochastic,stochastic,0.01
1511,1857,2257,0.8988184093588704,0.9103862620541209,0.9049585798394403,5.625413633355394,5.725363489499192,5.27159946832078,842,3,75,0.5,0.5,0.5,stochastic,stochastic,stochastic,0.01
1488,1801,2336,0.9014645035566556,0.9104043426752488,0.903324925662843,5.57997311827957,5.781232648528595,5.476455479452055,843,3,75,0.5,0.5,0.5,stochastic,stochastic,stochastic,0.01
1509,1712,2404,0.9043053950054236,0.9095907882422327,0.9018029843613542,5.477799867461895,5.667640186915888,5.631863560732113,844,3,75,0.5,0.5,0.5,stochastic,stochastic,stochastic,0.01
1604,1601,2420,0.9066142207516782,0.9087137351022923,0.9000086036443371,5.3254364089775565,5.737039350405996,5.804545454545455,845,3,75,0.5,0.5,0.5,stochastic,stochastic,stochastic,0.01
1669,1531,2425,0.9083132123746299,0.9079002001424394,0.8989803507782885,5.213900539245057,5.613324624428478,5.965360824742268,846,3,75,0.5,0.5,0.5,stochastic,stochastic,stochastic,0.01
1796,1510,2319,0.9079783804007188,0.9057564434575719,0.897393848423551,5.010579064587973,5.543046357615894,6.090987494609745,847,3,75,0.5,0.5,0.5,stochastic,stochastic,stochastic,0.01
1888,1499,2238,0.9078930722328189,0.9057391435919151,0.8979890072633775,4.970338983050848,5.444963308872581,6.315907059874888,848,3,75,0.5,0.5,0.5,stochastic,stochastic,stochastic,0.01
1935,1545,2145,0.9086175904748339,0.9090870430149028,0.8973988093939254,4.948320413436693,5.3462783171521036,6.551981351981352,849,3,75,0.5,0.5,0.5,stochastic,stochastic,stochastic,0.01
2013,1583,2029,0.9071377296486952,0.9117497143358616,0.8982525217087591,4.930948832588177,5.329753632343651,6.669295219319862,850,3,75,0.5,0.5,0.5,stochastic,stochastic,stochastic,0.01
2095,1610,1920,0.9079775551414121,0.9135447028206461,0.8997861020300448,4.9436754176610975,5.290062111801242,6.549479166666667,851,3,75,0.5,0.5,0.5,stochastic,stochastic,stochastic,0.01
2131,1660,1834,0.9084219063644026,0.9162599280015203,0.9002185579754793,5.065227592679493,5.212048192771085,6.546346782988004,852,3,75,0.5,0.5,0.5,stochastic,stochastic,stochastic,0.01
2108,1693,1824,0.9077745163308124,0.914766952556006,0.9014191108055624,5.254743833017078,5.163024217365623,6.245614035087719,853,3,75,0.5,0.5,0.5,stochastic,stochastic,stochastic,0.01
2104,1681,1840,0.9068254898631191,0.9152115306656058,0.9023932504888937,5.482414448669202,5.146936347412255,6.198369565217392,854,3,75,0.5,0.5,0.5,stochastic,stochastic,stochastic,0.01
2122,1690,1813,0.9058320556661741,0.91708121098884,0.9020257138833743,5.569745523091423,5.136094674556213,6.094870380584666,855,3,75,0.5,0.5,0.5,stochastic,stochastic,stochastic,0.01
2123,1707,1795,0.9076689824574683,0.9175626569036713,0.9037990962153015,5.694300518134715,5.0726420620972466,5.86016713091922,856,3,75,0.5,0.5,0.5,stochastic,stochastic,stochastic,0.01
2156,1678,1791,0.908745084965737,0.917087214523136,0.904776081428835,5.894248608534323,5.061382598331347,5.60748185371301,857,3,75,0.5,0.5,0.5,stochastic,stochastic,stochastic,0.01
2137,1724,1764,0.9105353057221339,0.9149180451829756,0.9056163062734829,5.997660271408517,4.860788863109049,5.520975056689342,858,3,75,0.5,0.5,0.5,stochastic,stochastic,stochastic,0.01
2108,1821,1696,0.9114185387285442,0.9140815949155054,0.9061396099640318,6.039848197343454,4.817682591982427,5.411556603773585,859,3,75,0.5,0.5,0.5,stochastic,stochastic,stochastic,0.01
2057,1893,1675,0.9106458625971801,0.9119105007469833,0.9048288954063203,6.099173553719008,4.852086634970946,5.362985074626866,860,3,75,0.5,0.5,0.5,stochastic,stochastic,stochastic,0.01
2059,1891,1675,0.9111599781019307,0.9091248295253375,0.9051332556060532,6.12821758135017,4.989952406134321,5.307462686567164,861,3,75,0.5,0.5,0.5,stochastic,stochastic,stochastic,0.01
1972,1939,1714,0.9127644492986671,0.9071026416304218,0.9065842359430327,6.13894523326572,5.0660134089736975,5.341306884480747,862,3,75,0.5,0.5,0.5,stochastic,stochastic,stochastic,0.01
1930,2005,1690,0.9148587153737519,0.9055295063300197,0.9080241991694534,6.023316062176166,5.140648379052369,5.449112426035503,863,3,75,0.5,0.5,0.5,stochastic,stochastic,stochastic,0.01
1907,1986,1732,0.9153530103012533,0.9043204161273665,0.9088009586653965,5.97115888830624,5.263343403826788,5.338337182448037,864,3,75,0.5,0.5,0.5,stochastic,stochastic,stochastic,0.01
1900,1942,1783,0.9157066828257456,0.9031467186695489,0.910083082118407,5.927368421052631,5.355303810504634,5.237240605720696,865,3,75,0.5,0.5,0.5,stochastic,stochastic,stochastic,0.01
1913,1953,1759,0.9159271325162301,0.9014099285499327,0.9099875597376982,5.860951385258756,5.43573988735279,5.288231949971575,866,3,75,0.5,0.5,0.5,stochastic,stochastic,stochastic,0.01
1876,1963,1786,0.9161198095117751,0.9011046597886119,0.9104700422975489,5.815031982942431,5.494651044319919,5.151175811870101,867,3,75,0.5,0.5,0.5,stochastic,stochastic,stochastic,0.01
1844,1923,1858,0.9164665824028215,0.8986093883733088,0.91042852910407,5.855748373101952,5.577223088923557,5.085037674919268,868,3,75,0.5,0.5,0.5,stochastic,stochastic,stochastic,0.01
1817,1885,1923,0.9175243322566898,0.8969332006522767,0.9110008680049576,5.93010456796918,5.635543766578249,5.121684867394696,869,3,75,0.5,0.5,0.5,stochastic,stochastic,stochastic,0.01
1813,1898,1914,0.9183337095759705,0.8966697900437598,0.9102415603393846,5.854936569222284,5.585353003161222,5.241379310344827,870,3,75,0.5,0.5,0.5,stochastic,stochastic,stochastic,0.01
1756,1932,1937,0.9171116352618849,0.897871893407174,0.9094062660947302,5.788154897494305,5.4824016563147,5.277749096541043,871,3,75,0.5,0.5,0.5,stochastic,stochastic,stochastic,0.01
1751,1946,1928,0.9164151445365027,0.8988174050648977,0.9107090579675208,5.505425471159337,5.468653648509764,5.24896265560166,872,3,75,0.5,0.5,0.5,stochastic,stochastic,stochastic,0.01
1743,1932,1950,0.9167461438714843,0.9008511167452447,0.9123538061601842,5.424555364314401,5.4601449275362315,5.294358974358975,873,3,75,0.5,0.5,0.5,stochastic,stochastic,stochastic,0.01
1756,1899,1970,0.9174459189422692,0.9010942169331828,0.9137537349368584,5.417425968109339,5.511848341232228,5.324365482233502,874,3,75,0.5,0.5,0.5,stochastic,stochastic,stochastic,0.01
1752,1876,1997,0.9177056046868185,0.8993032898138582,0.9133696995751845,5.234589041095891,5.4418976545842215,5.28743114672008,875,3,75,0.5,0.5,0.5,stochastic,stochastic,stochastic,0.01
1796,1855,1974,0.9155838491656245,0.8997386289801752,0.9126611816263465,5.106347438752784,5.458760107816712,5.312563323201621,876,3,75,0.5,0.5,0.5,stochastic,stochastic,stochastic,0.01
1855,1794,1976,0.9161827794790063,0.9017451318803932,0.913076979796316,5.081401617250674,5.503344481605351,5.237348178137652,877,3,75,0.5,0.5,0.5,stochastic,stochastic,stochastic,0.01
1913,1753,1959,0.9153814291160439,0.9012856055644377,0.9144645213175099,5.169890224777836,5.5459212778094695,5.31138335885656,878,3,75,0.5,0.5,0.5,stochastic,stochastic,stochastic,0.01
1965,1750,1910,0.9136850926482294,0.9029239248121143,0.9153637760207808,5.143002544529262,5.548571428571429,5.341884816753927,879,3,75,0.5,0.5,0.5,stochastic,stochastic,stochastic,0.01
2005,1721,1899,0.9124946511325753,0.9056879393919216,0.9155992294063943,5.23640897755611,5.488669378268448,5.319641916798315,880,3,75,0.5,0.5,0.5,stochastic,stochastic,stochastic,0.01
1997,1708,1920,0.913672395990953,0.9061677276859686,0.91680473419418,5.290435653480221,5.296838407494145,5.2703125,881,3,75,0.5,0.5,0.5,stochastic,stochastic,stochastic,0.01
2019,1682,1924,0.9117574660387819,0.9098372488797651,0.9180481725640843,5.311045071817731,5.158145065398335,5.156444906444906,882,3,75,0.5,0.5,0.5,stochastic,stochastic,stochastic,0.01
1995,1694,1936,0.9112184568730907,0.91909451561206,0.9177601470362213,5.33734335839599,4.92443919716647,5.1022727272727275,883,3,75,0.5,0.5,0.5,stochastic,stochastic,stochastic,0.01
1993,1706,1926,0.9118068510522078,0.9202923353877589,0.9199963530234615,5.325639739086804,4.82883939038687,5.173416407061267,884,3,75,0.5,0.5,0.5,stochastic,stochastic,stochastic,0.01
1992,1757,1876,0.9106004267789869,0.9195613974138486,0.9214893426080609,5.3278112449799195,4.712009106431418,5.301172707889126,885,3,75,0.5,0.5,0.5,stochastic,stochastic,stochastic,0.01
2041,1783,1801,0.9112618327886776,0.9228573606319985,0.9220467730518199,5.16609505144537,4.744812114413909,5.245419211549139,886,3,75,0.5,0.5,0.5,stochastic,stochastic,stochastic,0.01
2011,1839,1775,0.9111756949649994,0.9236741621718345,0.9234082548103167,5.107906514172054,4.699293094072866,5.260845070422535,887,3,75,0.5,0.5,0.5,stochastic,stochastic,stochastic,0.01
1988,1861,1776,0.9126189008981505,0.923254813550151,0.9240943916438353,5.195674044265593,4.724879097259538,5.294481981981982,888,3,75,0.5,0.5,0.5,stochastic,stochastic,stochastic,0.01
1999,1866,1760,0.91422920020382,0.9230640277269204,0.923689853573882,5.245622811405703,4.844051446945338,5.227840909090909,889,3,75,0.5,0.5,0.5,stochastic,stochastic,stochastic,0.01
2009,1886,1730,0.9156862778974448,0.9220010028021118,0.9231753178800743,5.319561971129915,4.9761399787910925,5.227745664739884,890,3,75,0.5,0.5,0.5,stochastic,stochastic,stochastic,0.01
1996,1901,1728,0.9181106547147607,0.9230571246716184,0.9222097858738678,5.354709418837675,4.979484481851657,5.177662037037037,891,3,75,0.5,0.5,0.5,stochastic,stochastic,stochastic,0.01
2005,1943,1677,0.9206663614605289,0.9213459392729794,0.9218618232432048,5.426932668329177,5.072053525476068,5.177101967799643,892,3,75,0.5,0.5,0.5,stochastic,stochastic,stochastic,0.01
1953,1990,1682,0.9213674128769357,0.9209389553298268,0.9219672159896709,5.551971326164875,5.130653266331659,5.0386444708680145,893,3,75,0.5,0.5,0.5,stochastic,stochastic,stochastic,0.01
1873,2027,1725,0.9220771515988401,0.9194373524341336,0.9205591670233307,5.6091831286705816,5.090281203749384,5.021449275362319,894,3,75,0.5,0.5,0.5,stochastic,stochastic,stochastic,0.01
1788,2019,1818,0.922753946745707,0.9173699117928161,0.9204279410939844,5.666666666666667,5.125804853888064,5.005500550055006,895,3,75,0.5,0.5,0.5,stochastic,stochastic,stochastic,0.01
1711,2030,1884,0.9228656949099141,0.916605056047309,0.9207803174498158,5.5850379894798365,5.103940886699507,5.0217622080679405,896,3,75,0.5,0.5,0.5,stochastic,stochastic,stochastic,0.01
1661,2008,1956,0.9243294587641906,0.9169460265015981,0.9211103506104817,5.51896447922938,5.143426294820717,5.0,897,3,75,0.5,0.5,0.5,stochastic,stochastic,stochastic,0.01
1650,1992,1983,0.9250624913388354,0.9146302610831787,0.9201820684263279,5.377575757575758,5.165160642570281,5.055975794251134,898,3,75,0.5,0.5,0.5,stochastic,stochastic,stochastic,0.01
1626,1956,2043,0.9248450066173484,0.9154723267882494,0.9193658844614577,5.30750307503075,5.285276073619632,5.1629955947136565,899,3,75,0.5,0.5,0.5,stochastic,stochastic,stochastic,0.01
1663,1848,2114,0.9259005964468772,0.9158711220218189,0.9196709239061475,5.18340348767288,5.382575757575758,5.193945127719962,900,3,75,0.5,0.5,0.5,stochastic,stochastic,stochastic,0.01
1725,1725,2175,0.9261941975473861,0.9157761609306047,0.9199256521736976,5.122898550724638,5.518840579710145,5.198620689655172,901,3,75,0.5,0.5,0.5,stochastic,stochastic,stochastic,0.01
1783,1608,2234,0.926297740444247,0.9181363101423132,0.91980837612271,5.131800336511498,5.470149253731344,5.189346463742167,902,3,75,0.5,0.5,0.5,stochastic,stochastic,stochastic,0.01
1863,1531,2231,0.9265257647196973,0.9199614507025587,0.9201114722704564,5.111111111111111,5.451338994121489,5.258180188256388,903,3,75,0.5,0.5,0.5,stochastic,stochastic,stochastic,0.01
1966,1453,2206,0.9257120669340213,0.921766631715829,0.9205726020660414,5.203458799593083,5.301445285615967,5.339075249320036,904,3,75,0.5,0.5,0.5,stochastic,stochastic,stochastic,0.01
2033,1448,2144,0.9250016085194126,0.9215119182750983,0.9196876053124188,5.298081652729956,5.209254143646409,5.513992537313433,905,3,75,0.5,0.5,0.5,stochastic,stochastic,stochastic,0.01
2126,1428,2071,0.9245766250666023,0.920772992459534,0.9205788927070667,5.373941674506114,5.018207282913165,5.646547561564462,906,3,75,0.5,0.5,0.5,stochastic,stochastic,stochastic,0.01
2159,1501,1965,0.9246318490101391,0.9197214811800078,0.9196792350002656,5.432144511347846,4.924050632911392,5.763867684478371,907,3,75,0.5,0.5,0.5,stochastic,stochastic,stochastic,0.01
2141,1591,1893,0.9225030315125464,0.9194299944006279,0.9187033588118937,5.402615600186828,4.712759270898806,5.8462757527733755,908,3,75,0.5,0.5,0.5,stochastic,stochastic,stochastic,0.01
2116,1634,1875,0.9229502664206591,0.9193994449519641,0.9171666888990835,5.44234404536862,4.52203182374541,5.7776,909,3,75,0.5,0.5,0.5,stochastic,stochastic,stochastic,0.01
2107,1657,1861,0.9236268683725609,0.918908560008143,0.9165352644404573,5.526815377313716,4.503319251659626,5.727028479312198,910,3,75,0.5,0.5,0.5,stochastic,stochastic,stochastic,0.01
2159,1673,1793,0.9238702363321836,0.9186116157974787,0.915507673845386,5.412227883279296,4.514644351464435,5.6614612381483544,911,3,75,0.5,0.5,0.5,stochastic,stochastic,stochastic,0.01
2128,1786,1711,0.9250052668516601,0.9199239678389814,0.9133021896145389,5.297462406015038,4.505599104143337,5.717124488603156,912,3,75,0.5,0.5,0.5,stochastic,stochastic,stochastic,0.01
2138,1854,1633,0.9250570760061315,0.919697180091887,0.9143256725413765,5.270813844714687,4.668824163969795,5.661971830985915,913,3,75,0.5,0.5,0.5,stochastic,stochastic,stochastic,0.01
2172,1881,1572,0.9254002085965494,0.9199212176941716,0.9134317408390165,5.3402394106813995,4.803827751196172,5.576972010178117,914,3,75,0.5,0.5,0.5,stochastic,stochastic,stochastic,0.01
2082,1960,1583,0.9259692799731729,0.9222946137553779,0.9138242123582859,5.453890489913545,4.889795918367347,5.571699305116867,915,3,75,0.5,0.5,0.5,stochastic,stochastic,stochastic,0.01
1993,2035,1597,0.92504647033385,0.9244918983615734,0.9153717545023199,5.493226292022078,4.9095823095823095,5.310582341891045,916,3,75,0.5,0.5,0.5,stochastic,stochastic,stochastic,0.01
1881,2109,1635,0.9248916905585907,0.9256856744019791,0.9142488393989467,5.618819776714513,4.896159317211949,5.180428134556575,917,3,75,0.5,0.5,0.5,stochastic,stochastic,stochastic,0.01
1768,2168,1689,0.9249917852708996,0.9247007070762104,0.9142295152178905,5.632918552036199,4.925276752767528,5.12907045589106,918,3,75,0.5,0.5,0.5,stochastic,stochastic,stochastic,0.01
1679,2174,1772,0.9229193514769,0.9256686632304606,0.9158645571281221,5.637284097677189,4.991260349586017,4.985891647855531,919,3,75,0.5,0.5,0.5,stochastic,stochastic,stochastic,0.01
1557,2188,1880,0.9231231714530027,0.926455552514747,0.9176254233987197,5.667951188182402,4.9913162705667276,4.896808510638298,920,3,75,0.5,0.5,0.5,stochastic,stochastic,stochastic,0.01
1484,2176,1965,0.921895080179338,0.9280796962181644,0.9189996974864325,5.453504043126685,5.087775735294118,4.80763358778626,921,3,75,0.5,0.5,0.5,stochastic,stochastic,stochastic,0.01
1425,2122,2078,0.9206642728624623,0.9283293786782466,0.9207045317248416,5.085614035087719,5.242224316682375,4.754090471607315,922,3,75,0.5,0.5,0.5,stochastic,stochastic,stochastic,0.01
1404,2020,2201,0.9221956550413345,0.9297138582787161,0.9222820762865603,4.903846153846154,5.362376237623763,4.819627442071786,923,3,75,0.5,0.5,0.5,stochastic,stochastic,stochastic,0.01
1414,1958,2253,0.9232623013144017,0.9308812448951314,0.9223823603727458,4.589108910891089,5.484167517875383,4.996893031513538,924,3,75,0.5,0.5,0.5,stochastic,stochastic,stochastic,0.01
1479,1858,2288,0.9228165926356612,0.9316812455720215,0.922898394975878,4.444219066937119,5.627556512378902,5.0747377622377625,925,3,75,0.5,0.5,0.5,stochastic,stochastic,stochastic,0.01
1576,1763,2286,0.9227300094416214,0.9325564669630413,0.9235231604197683,4.293147208121828,5.638116846284742,5.213473315835521,926,3,75,0.5,0.5,0.5,stochastic,stochastic,stochastic,0.01
1686,1662,2277,0.9236098692911766,0.9335152452890343,0.9244975953187924,4.263938315539739,5.548134777376655,5.271409749670619,927,3,75,0.5,0.5,0.5,stochastic,stochastic,stochastic,0.01
1756,1566,2303,0.92344059906497,0.9339970198714443,0.9232902584362687,4.3929384965831435,5.576628352490421,5.427268779852366,928,3,75,0.5,0.5,0.5,stochastic,stochastic,stochastic,0.01
1850,1470,2305,0.9234532247737794,0.933986414871112,0.923753420391283,4.497837837837838,5.469387755102041,5.517136659436009,929,3,75,0.5,0.5,0.5,stochastic,stochastic,stochastic,0.01
1921,1395,2309,0.9244993021831213,0.9324968077349679,0.9236444172763122,4.633524206142634,5.187813620071685,5.708964919878736,930,3,75,0.5,0.5,0.5,stochastic,stochastic,stochastic,0.01
2040,1373,2212,0.925072360697806,0.9324537723314669,0.9230896647893686,4.715196078431372,5.010196649672251,5.916817359855335,931,3,75,0.5,0.5,0.5,stochastic,stochastic,stochastic,0.01
2071,1444,2110,0.9263020964205253,0.9325314905533697,0.9227099491646842,4.799613713182038,4.734764542936288,6.097156398104265,932,3,75,0.5,0.5,0.5,stochastic,stochastic,stochastic,0.01
2113,1478,2034,0.9264437371058463,0.9321313470264955,0.9214364524512826,4.90108849976337,4.68403247631935,6.291543756145526,933,3,75,0.5,0.5,0.5,stochastic,stochastic,stochastic,0.01
2172,1520,1933,0.9276623728961527,0.9325190087150826,0.9203975371699901,4.974217311233886,4.6,6.345059493016037,934,3,75,0.5,0.5,0.5,stochastic,stochastic,stochastic,0.01
2247,1559,1819,0.9284180531560438,0.9315961885457547,0.9206244046120733,4.980863373386738,4.655548428479794,6.34304562946674,935,3,75,0.5,0.5,0.5,stochastic,stochastic,stochastic,0.01
2291,1658,1676,0.928207286493618,0.9337675249241919,0.9214843473771458,4.956350938454824,4.582026537997588,6.336515513126492,936,3,75,0.5,0.5,0.5,stochastic,stochastic,stochastic,0.01
2271,1731,1623,0.9290062408025698,0.9343023640778477,0.9235000953201362,5.066490532804932,4.489312536106297,5.9772027110289585,937,3,75,0.5,0.5,0.5,stochastic,stochastic,stochastic,0.01
2232,1836,1557,0.9275240298312246,0.9342402771654239,0.9261258257512278,5.117383512544803,4.47276688453159,5.596017983301221,938,3,75,0.5,0.5,0.5,stochastic,stochastic,stochastic,0.01
2144,1923,1558,0.9266308627136148,0.9355163809561267,0.9277366025204707,5.299440298507463,4.428497139885596,5.317073170731708,939,3,75,0.5,0.5,0.5,stochastic,stochastic,stochastic,0.01
2029,2020,1576,0.9246378441281778,0.9351470583528284,0.9283561828948835,5.395268605224248,4.432178217821782,5.126903553299492,940,3,75,0.5,0.5,0.5,stochastic,stochastic,stochastic,0.01
1943,2095,1587,0.9226426382826171,0.9358219687404629,0.9296603807747333,5.458054554812146,4.542720763723151,4.987397605545054,941,3,75,0.5,0.5,0.5,stochastic,stochastic,stochastic,0.01
1791,2203,1631,0.9218352088630052,0.9375373087242965,0.9287926003991943,5.486320491345617,4.504766227871085,4.859595340282036,942,3,75,0.5,0.5,0.5,stochastic,stochastic,stochastic,0.01
1730,2205,1690,0.9216217703819055,0.93774440784491,0.9279184568568088,5.30635838150289,4.6453514739229025,4.727810650887574,943,3,75,0.5,0.5,0.5,stochastic,stochastic,stochastic,0.01
1710,2194,1721,0.922806812655008,0.9393336315442692,0.9291499781074924,5.170175438596491,4.731540565177758,4.57699012202208,944,3,75,0.5,0.5,0.5,stochastic,stochastic,stochastic,0.01
1660,2172,1793,0.9246452791083751,0.9386226239032188,0.9304392263716442,5.113855421686747,4.905156537753223,4.524261015058561,945,3,75,0.5,0.5,0.5,stochastic,stochastic,stochastic,0.01
1622,2141,1862,0.9252011353182358,0.9379980801600825,0.9294649631392276,4.9469790382244145,5.056515646893975,4.495703544575725,946,3,75,0.5,0.5,0.5,stochastic,stochastic,stochastic,0.01
1620,2090,1915,0.9271083242598214,0.9369946933713157,0.9295722991145002,4.773456790123457,5.1617224880382775,4.539947780678851,947,3,75,0.5,0.5,0.5,stochastic,stochastic,stochastic,0.01
1598,2061,1966,0.9317216640631776,0.9373998012353132,0.9299260018584696,4.735919899874844,5.254730713245997,4.655645981688708,948,3,75,0.5,0.5,0.5,stochastic,stochastic,stochastic,0.01
1628,1973,2024,0.9332219364739921,0.937114000723068,0.930204770894903,4.717444717444717,5.42067916877851,4.705039525691699,949,3,75,0.5,0.5,0.5,stochastic,stochastic,stochastic,0.01
1733,1834,2058,0.9327499218184266,0.9368431308441448,0.9304111703216823,4.645701096364686,5.452017448200654,4.661321671525753,950,3,75,0.5,0.5,0.5,stochastic,stochastic,stochastic,0.01
1784,1789,2052,0.9331787493747393,0.936520330446212,0.9306367014499932,4.651345291479821,5.389603130240357,4.843567251461988,951,3,75,0.5,0.5,0.5,stochastic,stochastic,stochastic,0.01
1801,1731,2093,0.9327444580253395,0.936455592412871,0.9303445343251372,4.771793448084398,5.398035817446563,4.935977066411849,952,3,75,0.5,0.5,0.5,stochastic,stochastic,stochastic,0.01
1847,1683,2095,0.9310721163047508,0.9368303388371299,0.9301310365586583,4.825663237682729,5.326797385620915,4.994272076372315,953,3,75,0.5,0.5,0.5,stochastic,stochastic,stochastic,0.01
1880,1637,2108,0.9301162754245944,0.9360621993301016,0.9293586443144369,4.754255319148936,5.098961514966402,5.042220113851992,954,3,75,0.5,0.5,0.5,stochastic,stochastic,stochastic,0.01
1902,1611,2112,0.9302918612028026,0.936262408931681,0.929320260237503,4.811251314405888,4.860955927995034,5.177556818181818,955,3,75,0.5,0.5,0.5,stochastic,stochastic,stochastic,0.01
1941,1624,2060,0.9297586251035934,0.9373215792938174,0.928833129111585,4.8268933539412675,4.766625615763547,5.2975728155339805,956,3,75,0.5,0.5,0.5,stochastic,stochastic,stochastic,0.01
1941,1643,2041,0.9297761620381033,0.9406731901334621,0.9277032784096594,4.8938691396187535,4.651856360316494,5.312101910828026,957,3,75,0.5,0.5,0.5,stochastic,stochastic,stochastic,0.01
1995,1633,1997,0.9301961853740777,0.9428841460427071,0.9254406883319656,4.88421052631579,4.589712186160441,5.325988983475213,958,3,75,0.5,0.5,0.5,stochastic,stochastic,stochastic,0.01
2049,1654,1922,0.9299863543721189,0.9417082018019611,0.923945836715593,4.924353343094192,4.5997581620314385,5.427679500520291,959,3,75,0.5,0.5,0.5,stochastic,stochastic,stochastic,0.01
2094,1714,1817,0.9300633128420851,0.941209388036679,0.9227557259026841,4.928844317096466,4.632438739789965,5.536598789212989,960,3,75,0.5,0.5,0.5,stochastic,stochastic,stochastic,0.01
2123,1795,1707,0.9300121136293668,0.9395081586288841,0.9219913170761009,5.00423928403203,4.73816155988858,5.62331575864089,961,3,75,0.5,0.5,0.5,stochastic,stochastic,stochastic,0.01
2094,1881,1650,0.9295402319899514,0.9388479026118516,0.9201830134936543,5.0573065902578795,4.796916533758639,5.533333333333333,962,3,75,0.5,0.5,0.5,stochastic,stochastic,stochastic,0.01
2025,1946,1654,0.9291462466280367,0.9402625832493698,0.9205660495964502,5.192098765432099,4.819630010277493,5.392986698911729,963,3,75,0.5,0.5,0.5,stochastic,stochastic,stochastic,0.01
2017,1965,1643,0.928531879939549,0.9393597941904821,0.9214173044914659,5.15865146256817,4.8254452926208655,5.2288496652465,964,3,75,0.5,0.5,0.5,stochastic,stochastic,stochastic,0.01
2016,1925,1684,0.9291180537530516,0.939509690022633,0.922603844290008,5.340773809523809,4.936623376623377,4.905581947743468,965,3,75,0.5,0.5,0.5,stochastic,stochastic,stochastic,0.01
2012,1918,1695,0.9292580296808514,0.9385775839973081,0.9232338674702661,5.4463220675944335,4.973409801876955,4.710914454277286,966,3,75,0.5,0.5,0.5,stochastic,stochastic,stochastic,0.01
1993,1930,1702,0.930266813404229,0.9368170512045633,0.9249190344569046,5.488208730556949,5.01139896373057,4.662162162162162,967,3,75,0.5,0.5,0.5,stochastic,stochastic,stochastic,0.01
1960,1989,1676,0.9312544059464508,0.9359566222645705,0.9236723632141,5.46530612244898,4.941679235796883,4.6682577565632455,968,3,75,0.5,0.5,0.5,stochastic,stochastic,stochastic,0.01
1964,2012,1649,0.9331435479751237,0.9356399786042974,0.9223909522476376,5.40122199592668,4.929423459244533,4.574287446937538,969,3,75,0.5,0.5,0.5,stochastic,stochastic,stochastic,0.01
1932,2023,1670,0.9347917204348525,0.9356462990690358,0.9229475248466832,5.349896480331263,4.893227879387049,4.567065868263473,970,3,75,0.5,0.5,0.5,stochastic,stochastic,stochastic,0.01
1834,2073,1718,0.9364677841346533,0.9355359378025178,0.9233631309876285,5.500545256270447,4.959479015918958,4.691501746216531,971,3,75,0.5,0.5,0.5,stochastic,stochastic,stochastic,0.01
1704,2178,1743,0.9398418018087754,0.9366010762457238,0.9232641435348218,5.45481220657277,5.017906336088155,4.800917957544463,972,3,75,0.5,0.5,0.5,stochastic,stochastic,stochastic,0.01
1642,2197,1786,0.9434250303468823,0.9377228524699041,0.9237481114918766,5.328867235079172,5.107874374146563,4.760918253079507,973,3,75,0.5,0.5,0.5,stochastic,stochastic,stochastic,0.01
1612,2168,1845,0.9462103379383624,0.9379597769189587,0.9233761485055761,5.284119106699752,5.276752767527675,4.777777777777778,974,3,75,0.5,0.5,0.5,stochastic,stochastic,stochastic,0.01
1581,2120,1924,0.9483941136075893,0.9378439912278275,0.9243307680268069,5.1233396584440225,5.252830188679245,4.711538461538462,975,3,75,0.5,0.5,0.5,stochastic,stochastic,stochastic,0.01
1512,2082,2031,0.9467407651286063,0.9361481153316763,0.9246540347904509,4.983465608465608,5.22478386167147,4.7203348104382075,976,3,75,0.5,0.5,0.5,stochastic,stochastic,stochastic,0.01
1501,1970,2154,0.944850506000898,0.9332979948118573,0.9250137282320945,4.861425716189207,5.282233502538071,4.764623955431754,977,3,75,0.5,0.5,0.5,stochastic,stochastic,stochastic,0.01
1544,1869,2212,0.9444906263668764,0.9303315594816554,0.9248294606086753,4.794689119170984,5.41091492776886,4.89376130198915,978,3,75,0.5,0.5,0.5,stochastic,stochastic,stochastic,0.01
1549,1853,2223,0.94360327572639,0.9286225989996318,0.9245923003754158,4.597805035506779,5.255261737722612,4.918578497525866,979,3,75,0.5,0.5,0.5,stochastic,stochastic,stochastic,0.01
1591,1767,2267,0.9430695194775307,0.9262980927232063,0.9243307935694973,4.614079195474544,5.205432937181664,5.007940008822232,980,3,75,0.5,0.5,0.5,stochastic,stochastic,stochastic,0.01
1597,1734,2294,0.9428014962316459,0.9246315613799464,0.9249642747930839,4.664370695053225,5.171280276816609,5.128596338273757,981,3,75,0.5,0.5,0.5,stochastic,stochastic,stochastic,0.01
1647,1690,2288,0.9421541964076258,0.9247014943334073,0.9243598620910246,4.681845780206436,5.220710059171598,5.345716783216783,982,3,75,0.5,0.5,0.5,stochastic,stochastic,stochastic,0.01
1682,1636,2307,0.93870277350963,0.9253711618862267,0.9247757428710106,4.673008323424495,5.1222493887530565,5.5093194625054185,983,3,75,0.5,0.5,0.5,stochastic,stochastic,stochastic,0.01
1758,1585,2282,0.9367250505281735,0.9254845530358586,0.9245310423776137,4.575654152445962,5.139432176656151,5.611744084136722,984,3,75,0.5,0.5,0.5,stochastic,stochastic,stochastic,0.01
1830,1569,2226,0.9352293104818474,0.9268889029457392,0.9240421626845314,4.533879781420765,5.0630975143403445,5.755166217430368,985,3,75,0.5,0.5,0.5,stochastic,stochastic,stochastic,0.01
1962,1495,2168,0.9345875565033186,0.930164187389011,0.9244439582187793,4.522426095820591,5.030769230769231,5.742158671586716,986,3,75,0.5,0.5,0.5,stochastic,stochastic,stochastic,0.01
2057,1455,2113,0.9336837764222841,0.9335618777484451,0.9223700535778289,4.599416626154594,4.9470790378006875,5.734973970657832,987,3,75,0.5,0.5,0.5,stochastic,stochastic,stochastic,0.01
2109,1500,2016,0.9337049256512137,0.9368249794151396,0.9226902394873348,4.594120436225699,4.718,5.821428571428571,988,3,75,0.5,0.5,0.5,stochastic,stochastic,stochastic,0.01
2228,1528,1869,0.9337292329516415,0.938916827569725,0.9234648380085543,4.666965888689408,4.6636125654450264,5.768325307651151,989,3,75,0.5,0.5,0.5,stochastic,stochastic,stochastic,0.01
2298,1567,1760,0.9340388176274749,0.9400186094000939,0.9229459742736135,4.831157528285465,4.598596043395022,5.6454545454545455,990,3,75,0.5,0.5,0.5,stochastic,stochastic,stochastic,0.01
2329,1624,1672,0.9352073489978037,0.9404977035873237,0.9219217405749939,5.0055817947617,4.556034482758621,5.572966507177034,991,3,75,0.5,0.5,0.5,stochastic,stochastic,stochastic,0.01
2328,1705,1592,0.9360607559596179,0.9398151455466807,0.9213431915259217,5.171391752577319,4.548973607038123,5.509422110552764,992,3,75,0.5,0.5,0.5,stochastic,stochastic,stochastic,0.01
2323,1776,1526,0.9371122571987941,0.940467332432925,0.9230700832832036,5.250107619457598,4.559121621621622,5.296854521625164,993,3,75,0.5,0.5,0.5,stochastic,stochastic,stochastic,0.01
2228,1874,1523,0.9363406255839262,0.9401351539906901,0.9229914934463271,5.349640933572711,4.473852721451441,5.103086014445174,994,3,75,0.5,0.5,0.5,stochastic,stochastic,stochastic,0.01
2153,1946,1526,0.9355418710198159,0.940095219217034,0.9227883781481717,5.491407338597306,4.4958890030832475,4.9495412844036695,995,3,75,0.5,0.5,0.5,stochastic,stochastic,stochastic,0.01
2146,2002,1477,0.9347133816149534,0.9410555686021201,0.9208460041431518,5.369524697110904,4.565434565434566,4.816519972918077,996,3,75,0.5,0.5,0.5,stochastic,stochastic,stochastic,0.01
2058,2113,1454,0.9339068622599044,0.9412758492706533,0.9183739439668958,5.4368318756073855,4.577378135352579,4.678129298486932,997,3,75,0.5,0.5,0.5,stochastic,stochastic,stochastic,0.01
1988,2190,1447,0.9331621961566936,0.9407331846311955,0.9176890335131574,5.520120724346077,4.726940639269406,4.5286800276434,998,3,75,0.5,0.5,0.5,stochastic,stochastic,stochastic,0.01
1895,2216,1514,0.9332264036008602,0.9393799885738793,0.9160375984597011,5.681794195250659,4.844314079422382,4.433949801849406,999,3,75,0.5,0.5,0.5,stochastic,stochastic,stochastic,0.01
